read_id	length	mean_Q
ERR13927576.1	1551	14.7015
ERR13927576.2	710	14.2563
ERR13927576.3	284	13.7465
ERR13927576.4	1584	14.2361
ERR13927576.5	347	17.7233
ERR13927576.6	686	13.7289
ERR13927576.7	1349	14.6642
ERR13927576.8	1559	15.8570
ERR13927576.9	362	14.2652
ERR13927576.10	345	14.3565
ERR13927576.11	1545	14.1353
ERR13927576.12	1547	14.1713
ERR13927576.13	271	15.1218
ERR13927576.14	1186	14.0481
ERR13927576.15	203	15.7488
ERR13927576.16	289	12.6609
ERR13927576.17	1058	14.5095
ERR13927576.18	1574	14.5642
ERR13927576.19	1542	15.6770
ERR13927576.20	1634	14.9823
ERR13927576.21	425	12.9929
ERR13927576.22	1544	15.3109
ERR13927576.23	1559	14.2842
ERR13927576.24	1570	14.9280
ERR13927576.25	657	16.0000
ERR13927576.26	1561	15.0980
ERR13927576.27	210	14.5000
ERR13927576.28	1602	16.9338
ERR13927576.29	301	13.9302
ERR13927576.30	1563	15.0416
ERR13927576.31	1470	14.3082
ERR13927576.32	1578	15.1952
ERR13927576.33	1548	14.5291
ERR13927576.34	1624	16.2974
ERR13927576.35	211	14.3460
ERR13927576.36	192	11.5417
ERR13927576.37	1577	15.3094
ERR13927576.38	327	13.7278
ERR13927576.39	1565	14.3067
ERR13927576.40	554	13.3484
ERR13927576.41	288	12.6806
ERR13927576.42	589	14.3616
ERR13927576.43	1564	15.7609
ERR13927576.44	244	16.0820
ERR13927576.45	1569	14.6310
ERR13927576.46	1572	14.7869
ERR13927576.47	1561	15.7559
ERR13927576.48	224	15.1875
ERR13927576.49	1537	14.4541
ERR13927576.50	695	15.1957
ERR13927576.51	874	13.4073
ERR13927576.52	1543	14.8691
ERR13927576.53	1611	14.6543
ERR13927576.54	1540	13.7994
ERR13927576.55	1534	14.4218
ERR13927576.56	1096	14.0228
ERR13927576.57	1510	16.1391
ERR13927576.58	887	14.8771
ERR13927576.59	1597	15.5391
ERR13927576.60	1604	14.0667
ERR13927576.61	1555	15.3048
ERR13927576.62	1594	15.6186
ERR13927576.63	1540	13.6584
ERR13927576.64	1565	14.6147
ERR13927576.65	1542	15.2905
ERR13927576.66	1553	13.6297
ERR13927576.67	1588	14.5856
ERR13927576.68	357	14.8263
ERR13927576.69	224	17.1384
ERR13927576.70	1601	16.3960
ERR13927576.71	1573	15.5912
ERR13927576.72	1584	16.4609
ERR13927576.73	1553	13.9775
ERR13927576.74	386	12.2150
ERR13927576.75	1566	14.5121
ERR13927576.76	814	15.1978
ERR13927576.77	1560	13.5385
ERR13927576.78	206	12.8398
ERR13927576.79	338	15.5473
ERR13927576.80	200	14.7000
ERR13927576.81	1554	15.6673
ERR13927576.82	240	14.7667
ERR13927576.83	1543	15.2391
ERR13927576.84	1534	13.9407
ERR13927576.85	1574	15.1169
ERR13927576.86	1543	15.9099
ERR13927576.87	1563	14.4792
ERR13927576.88	1556	14.1767
ERR13927576.89	1581	15.0835
ERR13927576.90	1618	14.9592
ERR13927576.91	1550	15.9865
ERR13927576.92	1546	14.1475
ERR13927576.93	1555	15.2244
ERR13927576.94	1558	15.2683
ERR13927576.95	803	15.9215
ERR13927576.96	190	13.2632
ERR13927576.97	267	15.4906
ERR13927576.98	1530	14.6052
ERR13927576.99	1605	14.0156
ERR13927576.100	1554	14.8752
ERR13927576.101	1535	17.2521
ERR13927576.102	1560	15.3622
ERR13927576.103	1572	13.8003
ERR13927576.104	1576	16.2760
ERR13927576.105	1605	13.9115
ERR13927576.106	1568	14.6945
ERR13927576.107	209	11.7608
ERR13927576.108	1577	13.5948
ERR13927576.109	1542	13.9961
ERR13927576.110	287	14.6655
ERR13927576.111	1559	14.3759
ERR13927576.112	172	12.9593
ERR13927576.113	1606	13.8892
ERR13927576.114	1547	14.3316
ERR13927576.115	248	13.1250
ERR13927576.116	1567	14.0549
ERR13927576.117	1580	15.0595
ERR13927576.118	1568	16.6154
ERR13927576.119	205	14.0537
ERR13927576.120	235	15.2723
ERR13927576.121	1590	15.4346
ERR13927576.122	1562	13.9898
ERR13927576.123	1556	14.5861
ERR13927576.124	233	13.2189
ERR13927576.125	1566	14.4968
ERR13927576.126	170	9.9176
ERR13927576.127	1576	15.7208
ERR13927576.128	274	15.0912
ERR13927576.129	1582	13.9659
ERR13927576.130	1565	15.1776
ERR13927576.131	1571	14.9472
ERR13927576.132	1527	14.2128
ERR13927576.133	1580	15.3614
ERR13927576.134	1540	14.0656
ERR13927576.135	264	16.6780
ERR13927576.136	1545	16.8356
ERR13927576.137	1595	15.3674
ERR13927576.138	863	15.4797
ERR13927576.139	1551	16.9665
ERR13927576.140	1533	16.4436
ERR13927576.141	1563	16.3301
ERR13927576.142	1541	14.7618
ERR13927576.143	1518	14.4341
ERR13927576.144	1588	16.2286
ERR13927576.145	1586	16.4199
ERR13927576.146	1582	16.2611
ERR13927576.147	1538	14.2594
ERR13927576.148	1557	16.1580
ERR13927576.149	1566	14.9994
ERR13927576.150	1532	16.5757
ERR13927576.151	1479	14.9452
ERR13927576.152	1538	16.1723
ERR13927576.153	1558	15.9281
ERR13927576.154	1529	16.1779
ERR13927576.155	1590	16.0522
ERR13927576.156	1551	15.9877
ERR13927576.157	1527	15.4316
ERR13927576.158	1565	16.3476
ERR13927576.159	1537	14.7814
ERR13927576.160	1542	14.7601
ERR13927576.161	1487	15.0437
ERR13927576.162	1548	14.5194
ERR13927576.163	1567	16.5271
ERR13927576.164	1594	16.6863
ERR13927576.165	1565	15.1169
ERR13927576.166	1601	16.0912
ERR13927576.167	329	16.5805
ERR13927576.168	1572	17.3410
ERR13927576.169	1495	15.1445
ERR13927576.170	1529	15.7521
ERR13927576.171	1533	14.7906
ERR13927576.172	1532	15.9243
ERR13927576.173	1572	14.5560
ERR13927576.174	1566	15.2056
ERR13927576.175	1505	15.3090
ERR13927576.176	1424	15.0204
ERR13927576.177	1552	14.2403
ERR13927576.178	1510	14.6821
ERR13927576.179	144	8.5278
ERR13927576.180	1507	14.1228
ERR13927576.181	1595	15.4997
ERR13927576.182	1473	14.5234
ERR13927576.183	257	12.1479
ERR13927576.184	1548	15.3656
ERR13927576.185	1579	17.6523
ERR13927576.186	1536	15.8281
ERR13927576.187	1552	14.1495
ERR13927576.188	1569	16.3595
ERR13927576.189	1540	14.7903
ERR13927576.190	1561	16.3914
ERR13927576.191	1552	15.8821
ERR13927576.192	1567	17.5424
ERR13927576.193	1354	14.6950
ERR13927576.194	278	14.7194
ERR13927576.195	1567	16.4244
ERR13927576.196	1555	13.9524
ERR13927576.197	1478	15.1759
ERR13927576.198	1534	14.4922
ERR13927576.199	1558	14.3498
ERR13927576.200	1533	17.5284
ERR13927576.201	1556	16.1523
ERR13927576.202	1546	15.6669
ERR13927576.203	1521	14.5036
ERR13927576.204	1532	15.7813
ERR13927576.205	1498	16.7984
ERR13927576.206	1511	16.0841
ERR13927576.207	1564	17.0921
ERR13927576.208	1548	15.1266
ERR13927576.209	308	11.7955
ERR13927576.210	1519	15.0145
ERR13927576.211	2221	15.7987
ERR13927576.212	1581	15.3238
ERR13927576.213	1548	14.9244
ERR13927576.214	1549	15.2544
ERR13927576.215	1526	14.3637
ERR13927576.216	1574	15.8704
ERR13927576.217	1531	15.9092
ERR13927576.218	1552	14.5715
ERR13927576.219	1486	16.7059
ERR13927576.220	1533	15.0665
ERR13927576.221	1503	15.9015
ERR13927576.222	1511	14.5533
ERR13927576.223	1510	15.5616
ERR13927576.224	1586	14.8670
ERR13927576.225	1567	14.0753
ERR13927576.226	1556	14.2526
ERR13927576.227	1544	14.2746
ERR13927576.228	1538	16.1541
ERR13927576.229	1541	15.4302
ERR13927576.230	1599	15.9231
ERR13927576.231	1492	14.2580
ERR13927576.232	1572	15.1966
ERR13927576.233	1529	16.1066
ERR13927576.234	1250	16.0496
ERR13927576.235	1505	15.6505
ERR13927576.236	263	13.0684
ERR13927576.237	1095	14.5671
ERR13927576.238	1560	15.5526
ERR13927576.239	1543	15.4076
ERR13927576.240	1594	15.5602
ERR13927576.241	1543	16.2327
ERR13927576.242	1541	16.0201
ERR13927576.243	1551	15.7917
ERR13927576.244	1553	15.8030
ERR13927576.245	1454	16.1616
ERR13927576.246	177	10.7119
ERR13927576.247	1509	14.8681
ERR13927576.248	1516	14.7434
ERR13927576.249	231	12.3377
ERR13927576.250	1542	15.2665
ERR13927576.251	1545	15.6298
ERR13927576.252	1547	14.7912
ERR13927576.253	538	15.0520
ERR13927576.254	1541	14.9312
ERR13927576.255	1466	14.9018
ERR13927576.256	1589	15.5865
ERR13927576.257	1526	15.9961
ERR13927576.258	1548	16.0362
ERR13927576.259	1073	15.8117
ERR13927576.260	587	13.6201
ERR13927576.261	1530	15.8732
ERR13927576.262	353	14.6091
ERR13927576.263	1531	15.1221
ERR13927576.264	1553	14.8719
ERR13927576.265	1572	14.9975
ERR13927576.266	1587	15.0271
ERR13927576.267	1555	16.5910
ERR13927576.268	365	13.6795
ERR13927576.269	1298	15.4060
ERR13927576.270	168	13.7619
ERR13927576.271	1525	14.5220
ERR13927576.272	1525	14.9751
ERR13927576.273	1554	16.4562
ERR13927576.274	1575	16.6273
ERR13927576.275	1526	15.2811
ERR13927576.276	1545	16.9437
ERR13927576.277	1553	13.7444
ERR13927576.278	1184	14.8285
ERR13927576.279	1527	15.3294
ERR13927576.280	1554	15.3938
ERR13927576.281	1547	16.6884
ERR13927576.282	1496	15.6791
ERR13927576.283	1563	15.8221
ERR13927576.284	1558	16.0077
ERR13927576.285	1463	13.8195
ERR13927576.286	1554	15.1068
ERR13927576.287	1546	16.3034
ERR13927576.288	1521	15.2571
ERR13927576.289	324	14.9074
ERR13927576.290	200	14.5100
ERR13927576.291	1548	15.4561
ERR13927576.292	1549	16.7682
ERR13927576.293	129	9.6434
ERR13927576.294	1553	14.6182
ERR13927576.295	173	11.2832
ERR13927576.296	1136	16.1180
ERR13927576.297	1572	16.6788
ERR13927576.298	1431	14.9888
ERR13927576.299	1492	15.7661
ERR13927576.300	1542	13.3755
ERR13927576.301	1559	15.0590
ERR13927576.302	1541	15.4841
ERR13927576.303	226	14.6327
ERR13927576.304	1559	16.1655
ERR13927576.305	1534	16.1819
ERR13927576.306	1524	14.4934
ERR13927576.307	402	14.5871
ERR13927576.308	1524	15.6444
ERR13927576.309	1558	15.5193
ERR13927576.310	1502	14.5220
ERR13927576.311	1707	16.6110
ERR13927576.312	1541	14.9468
ERR13927576.313	1525	14.9469
ERR13927576.314	363	12.9091
ERR13927576.315	1522	15.9474
ERR13927576.316	1551	15.6957
ERR13927576.317	1537	15.1607
ERR13927576.318	1540	15.2825
ERR13927576.319	1529	16.1550
ERR13927576.320	416	14.2404
ERR13927576.321	1470	16.0524
ERR13927576.322	1441	15.5475
ERR13927576.323	1561	16.3876
ERR13927576.324	1592	16.0201
ERR13927576.325	1529	14.5245
ERR13927576.326	1556	16.1035
ERR13927576.327	1512	16.1858
ERR13927576.328	1537	16.0078
ERR13927576.329	1568	15.5032
ERR13927576.330	1542	15.0636
ERR13927576.331	1573	15.7680
ERR13927576.332	1546	15.6669
ERR13927576.333	1538	15.3875
ERR13927576.334	1433	14.9798
ERR13927576.335	1569	15.6278
ERR13927576.336	1553	17.2589
ERR13927576.337	246	15.1463
ERR13927576.338	1568	15.2379
ERR13927576.339	221	12.2217
ERR13927576.340	1529	14.7489
ERR13927576.341	1563	15.7223
ERR13927576.342	1533	16.0111
ERR13927576.343	1553	15.7193
ERR13927576.344	1573	16.0178
ERR13927576.345	1523	16.8575
ERR13927576.346	1498	16.8525
ERR13927576.347	1494	14.5636
ERR13927576.348	2408	14.8796
ERR13927576.349	1538	16.6664
ERR13927576.350	1563	16.9392
ERR13927576.351	1448	15.4151
ERR13927576.352	1594	15.0307
ERR13927576.353	1541	16.6022
ERR13927576.354	1552	15.3241
ERR13927576.355	1468	14.9019
ERR13927576.356	1554	17.1615
ERR13927576.357	1555	15.3068
ERR13927576.358	1479	14.2549
ERR13927576.359	1555	13.8437
ERR13927576.360	1536	15.7839
ERR13927576.361	1580	16.0044
ERR13927576.362	1574	16.1938
ERR13927576.363	1380	14.7449
ERR13927576.364	1474	14.5638
ERR13927576.365	1560	16.6000
ERR13927576.366	1596	17.6623
ERR13927576.367	1521	17.1236
ERR13927576.368	1873	15.8185
ERR13927576.369	1492	14.2942
ERR13927576.370	1518	15.2938
ERR13927576.371	1487	15.6389
ERR13927576.372	1535	16.6059
ERR13927576.373	202	13.0149
ERR13927576.374	1580	16.5791
ERR13927576.375	1562	16.0077
ERR13927576.376	1593	16.3208
ERR13927576.377	1559	16.8480
ERR13927576.378	1555	15.2707
ERR13927576.379	1561	16.5432
ERR13927576.380	1564	14.0390
ERR13927576.381	1495	15.0602
ERR13927576.382	1559	16.4606
ERR13927576.383	1555	15.4662
ERR13927576.384	1558	17.0738
ERR13927576.385	1512	14.8995
ERR13927576.386	1615	14.0372
ERR13927576.387	1012	14.7757
ERR13927576.388	1524	16.3911
ERR13927576.389	1575	15.7156
ERR13927576.390	1529	16.2734
ERR13927576.391	1526	14.5767
ERR13927576.392	1576	14.6345
ERR13927576.393	2915	15.9194
ERR13927576.394	994	15.5543
ERR13927576.395	664	14.1431
ERR13927576.396	151	12.7285
ERR13927576.397	1551	16.0213
ERR13927576.398	1499	15.4470
ERR13927576.399	1508	13.7208
ERR13927576.400	1534	16.3801
ERR13927576.401	1529	15.8685
ERR13927576.402	1565	15.1335
ERR13927576.403	1510	15.8020
ERR13927576.404	1574	14.8418
ERR13927576.405	1558	16.1098
ERR13927576.406	1594	18.0289
ERR13927576.407	1505	15.2485
ERR13927576.408	1564	14.4942
ERR13927576.409	1555	14.3723
ERR13927576.410	1531	15.9040
ERR13927576.411	1550	14.3148
ERR13927576.412	1533	16.0196
ERR13927576.413	1548	15.0975
ERR13927576.414	1537	16.1457
ERR13927576.415	1547	14.9922
ERR13927576.416	1581	15.9734
ERR13927576.417	1480	14.1459
ERR13927576.418	1532	17.0131
ERR13927576.419	1543	14.9780
ERR13927576.420	1562	16.6204
ERR13927576.421	1564	15.1899
ERR13927576.422	1517	16.1417
ERR13927576.423	1571	14.8415
ERR13927576.424	1511	15.4275
ERR13927576.425	593	13.5784
ERR13927576.426	1571	14.6480
ERR13927576.427	1549	15.1343
ERR13927576.428	1537	15.6155
ERR13927576.429	1503	15.1311
ERR13927576.430	1561	15.1851
ERR13927576.431	1562	15.8688
ERR13927576.432	1486	14.5410
ERR13927576.433	1566	15.8819
ERR13927576.434	1518	16.2628
ERR13927576.435	1526	15.7988
ERR13927576.436	1633	16.4231
ERR13927576.437	1558	15.5411
ERR13927576.438	1561	14.9859
ERR13927576.439	1543	16.9715
ERR13927576.440	1594	16.2139
ERR13927576.441	1552	15.7403
ERR13927576.442	1546	14.7290
ERR13927576.443	1569	16.6240
ERR13927576.444	1119	13.6282
ERR13927576.445	1541	16.2836
ERR13927576.446	1566	15.4847
ERR13927576.447	186	14.0000
ERR13927576.448	1656	15.4028
ERR13927576.449	998	16.3186
ERR13927576.450	1493	14.8875
ERR13927576.451	1538	14.2334
ERR13927576.452	1497	15.5230
ERR13927576.453	1517	16.1905
ERR13927576.454	1555	15.1363
ERR13927576.455	1539	15.8915
ERR13927576.456	758	14.2916
ERR13927576.457	1486	15.0619
ERR13927576.458	1444	16.1974
ERR13927576.459	1567	15.0804
ERR13927576.460	1539	15.8707
ERR13927576.461	1549	15.6327
ERR13927576.462	1561	16.9193
ERR13927576.463	1539	16.9701
ERR13927576.464	1520	16.0336
ERR13927576.465	1532	16.5385
ERR13927576.466	1581	15.3707
ERR13927576.467	1460	16.1377
ERR13927576.468	1539	16.2703
ERR13927576.469	1557	15.8317
ERR13927576.470	1545	17.9786
ERR13927576.471	1520	15.5566
ERR13927576.472	1561	15.8911
ERR13927576.473	1600	14.6500
ERR13927576.474	1533	15.2029
ERR13927576.475	1556	14.8728
ERR13927576.476	1525	14.8689
ERR13927576.477	1579	16.4313
ERR13927576.478	1527	15.5252
ERR13927576.479	1556	15.0790
ERR13927576.480	1606	15.7597
ERR13927576.481	1545	13.8401
ERR13927576.482	1493	14.8654
ERR13927576.483	1528	15.1675
ERR13927576.484	1558	15.6033
ERR13927576.485	1518	15.4677
ERR13927576.486	1515	15.8172
ERR13927576.487	1429	13.8223
ERR13927576.488	1511	14.1966
ERR13927576.489	1529	14.5455
ERR13927576.490	1540	14.7481
ERR13927576.491	1531	15.5709
ERR13927576.492	1565	15.6339
ERR13927576.493	1521	16.4569
ERR13927576.494	1554	16.0508
ERR13927576.495	183	13.6120
ERR13927576.496	1577	15.5992
ERR13927576.497	1546	16.0019
ERR13927576.498	1501	15.0633
ERR13927576.499	1530	13.8719
ERR13927576.500	1567	14.8111
ERR13927576.501	1545	15.9663
ERR13927576.502	1564	15.1535
ERR13927576.503	1554	15.1995
ERR13927576.504	1587	16.1500
ERR13927576.505	192	13.7708
ERR13927576.506	1539	16.3411
ERR13927576.507	1530	13.7719
ERR13927576.508	1579	14.1507
ERR13927576.509	1560	15.2365
ERR13927576.510	1525	15.8669
ERR13927576.511	1552	16.7829
ERR13927576.512	1537	16.3806
ERR13927576.513	1554	14.9994
ERR13927576.514	1518	13.4802
ERR13927576.515	1565	16.0696
ERR13927576.516	1556	14.8901
ERR13927576.517	1495	15.0716
ERR13927576.518	1533	15.4051
ERR13927576.519	1509	15.9390
ERR13927576.520	1551	14.5835
ERR13927576.521	1567	15.1914
ERR13927576.522	1537	17.0709
ERR13927576.523	354	12.8249
ERR13927576.524	1566	16.0958
ERR13927576.525	1813	17.8616
ERR13927576.526	838	15.4594
ERR13927576.527	474	14.0464
ERR13927576.528	1524	14.1207
ERR13927576.529	1474	14.1242
ERR13927576.530	1491	16.2803
ERR13927576.531	1490	15.9685
ERR13927576.532	1557	15.6352
ERR13927576.533	1544	15.0667
ERR13927576.534	1517	15.7963
ERR13927576.535	1599	16.5147
ERR13927576.536	386	17.4119
ERR13927576.537	1525	15.0230
ERR13927576.538	1574	15.1004
ERR13927576.539	1515	15.4132
ERR13927576.540	241	13.0415
ERR13927576.541	1463	16.3137
ERR13927576.542	338	14.4290
ERR13927576.543	1558	15.6893
ERR13927576.544	1543	15.1990
ERR13927576.545	1552	16.3325
ERR13927576.546	1548	13.9063
ERR13927576.547	1523	14.7085
ERR13927576.548	1552	16.8170
ERR13927576.549	1458	15.9321
ERR13927576.550	1544	14.8990
ERR13927576.551	1563	16.7505
ERR13927576.552	1546	14.1624
ERR13927576.553	224	14.5134
ERR13927576.554	1138	14.3172
ERR13927576.555	1601	14.2367
ERR13927576.556	1563	14.3218
ERR13927576.557	1376	14.6025
ERR13927576.558	1525	15.8787
ERR13927576.559	1556	14.8014
ERR13927576.560	1529	15.4513
ERR13927576.561	1536	15.2383
ERR13927576.562	1537	14.1230
ERR13927576.563	172	10.2907
ERR13927576.564	1561	13.7803
ERR13927576.565	1504	15.9628
ERR13927576.566	1543	15.0123
ERR13927576.567	1552	15.3151
ERR13927576.568	1534	16.5476
ERR13927576.569	1525	14.8977
ERR13927576.570	1525	14.5718
ERR13927576.571	1503	16.0872
ERR13927576.572	207	12.1739
ERR13927576.573	1559	15.3515
ERR13927576.574	1472	16.9844
ERR13927576.575	627	13.4530
ERR13927576.576	1599	14.6429
ERR13927576.577	1522	15.3035
ERR13927576.578	1495	14.5819
ERR13927576.579	1527	13.9902
ERR13927576.580	1519	15.5510
ERR13927576.581	1659	16.3309
ERR13927576.582	1512	14.8214
ERR13927576.583	1559	15.6325
ERR13927576.584	1575	15.8940
ERR13927576.585	1532	14.8016
ERR13927576.586	1559	13.7094
ERR13927576.587	1570	14.3624
ERR13927576.588	1484	14.5216
ERR13927576.589	1558	15.5225
ERR13927576.590	1522	14.6879
ERR13927576.591	1598	16.5788
ERR13927576.592	1569	14.5437
ERR13927576.593	1519	15.3081
ERR13927576.594	1534	14.2803
ERR13927576.595	345	14.9333
ERR13927576.596	1522	13.7595
ERR13927576.597	202	16.3614
ERR13927576.598	1507	15.7319
ERR13927576.599	1517	14.7627
ERR13927576.600	1525	14.3266
ERR13927576.601	1572	13.9453
ERR13927576.602	1566	15.1858
ERR13927576.603	1558	14.5995
ERR13927576.604	1507	16.2296
ERR13927576.605	1566	14.3001
ERR13927576.606	267	11.8315
ERR13927576.607	1569	14.5768
ERR13927576.608	1570	14.3803
ERR13927576.609	1465	14.7481
ERR13927576.610	201	15.5323
ERR13927576.611	1568	14.4770
ERR13927576.612	1531	14.1881
ERR13927576.613	1521	14.2544
ERR13927576.614	1142	13.5604
ERR13927576.615	1551	15.3366
ERR13927576.616	1552	16.0432
ERR13927576.617	1558	14.1958
ERR13927576.618	1578	15.1242
ERR13927576.619	1552	16.8827
ERR13927576.620	1603	14.5128
ERR13927576.621	1338	13.7601
ERR13927576.622	1486	14.3634
ERR13927576.623	1570	15.7592
ERR13927576.624	1550	16.3258
ERR13927576.625	1557	16.1567
ERR13927576.626	1528	14.4535
ERR13927576.627	1531	14.7400
ERR13927576.628	1556	14.9871
ERR13927576.629	1558	14.6078
ERR13927576.630	1542	15.0778
ERR13927576.631	1538	15.2386
ERR13927576.632	1564	14.6522
ERR13927576.633	1535	15.4886
ERR13927576.634	178	14.3315
ERR13927576.635	1491	14.9792
ERR13927576.636	1557	14.1593
ERR13927576.637	1480	14.4946
ERR13927576.638	1565	14.9042
ERR13927576.639	1544	14.5706
ERR13927576.640	1581	15.6243
ERR13927576.641	1515	14.0950
ERR13927576.642	1578	17.4924
ERR13927576.643	1558	13.7991
ERR13927576.644	1551	14.4320
ERR13927576.645	1546	14.1682
ERR13927576.646	1543	15.1316
ERR13927576.647	1533	15.5369
ERR13927576.648	1513	14.5724
ERR13927576.649	1506	13.5219
ERR13927576.650	1448	18.0062
ERR13927576.651	216	15.8148
ERR13927576.652	1521	14.8849
ERR13927576.653	1555	14.8161
ERR13927576.654	1560	15.0808
ERR13927576.655	1498	15.3952
ERR13927576.656	1011	14.8338
ERR13927576.657	1549	15.4939
ERR13927576.658	1558	14.5141
ERR13927576.659	1553	14.7985
ERR13927576.660	1621	15.6903
ERR13927576.661	1524	14.8510
ERR13927576.662	1565	15.4096
ERR13927576.663	1536	15.5456
ERR13927576.664	1562	15.0198
ERR13927576.665	546	14.1685
ERR13927576.666	1546	15.3312
ERR13927576.667	230	15.2739
ERR13927576.668	1588	17.4591
ERR13927576.669	1545	14.4673
ERR13927576.670	1553	14.2279
ERR13927576.671	1518	14.4921
ERR13927576.672	1568	16.5261
ERR13927576.673	1548	15.0258
ERR13927576.674	1495	16.8776
ERR13927576.675	1562	15.0992
ERR13927576.676	207	15.4879
ERR13927576.677	1570	15.2115
ERR13927576.678	790	15.4962
ERR13927576.679	208	14.8221
ERR13927576.680	1631	14.5518
ERR13927576.681	379	13.3509
ERR13927576.682	1556	15.2166
ERR13927576.683	1444	15.2597
ERR13927576.684	1520	14.7204
ERR13927576.685	1589	15.4386
ERR13927576.686	265	15.0264
ERR13927576.687	1518	15.2009
ERR13927576.688	163	16.5092
ERR13927576.689	1497	15.6707
ERR13927576.690	1534	14.9850
ERR13927576.691	1578	15.4594
ERR13927576.692	1605	14.9857
ERR13927576.693	1541	15.1765
ERR13927576.694	1545	14.2466
ERR13927576.695	548	13.4380
ERR13927576.696	1591	14.5456
ERR13927576.697	1532	15.9086
ERR13927576.698	1593	13.6020
ERR13927576.699	1516	14.5323
ERR13927576.700	235	14.5106
ERR13927576.701	1565	16.3220
ERR13927576.702	1522	15.6419
ERR13927576.703	217	15.4194
ERR13927576.704	178	11.4045
ERR13927576.705	1574	14.8520
ERR13927576.706	1552	15.2068
ERR13927576.707	1556	16.7095
ERR13927576.708	1554	14.8874
ERR13927576.709	1540	13.7883
ERR13927576.710	1586	15.5750
ERR13927576.711	1601	14.5978
ERR13927576.712	1614	14.5688
ERR13927576.713	1551	15.3959
ERR13927576.714	1558	14.2259
ERR13927576.715	1531	14.7929
ERR13927576.716	1561	14.7053
ERR13927576.717	1655	16.6030
ERR13927576.718	1758	18.3732
ERR13927576.719	207	13.3140
ERR13927576.720	1519	15.4036
ERR13927576.721	1487	15.2091
ERR13927576.722	1609	14.2486
ERR13927576.723	1521	14.6049
ERR13927576.724	1557	14.5273
ERR13927576.725	1582	16.4153
ERR13927576.726	1620	15.4994
ERR13927576.727	1430	15.1063
ERR13927576.728	1548	14.0762
ERR13927576.729	1574	16.0476
ERR13927576.730	1581	15.8963
ERR13927576.731	1567	15.7179
ERR13927576.732	213	13.6854
ERR13927576.733	1506	15.1202
ERR13927576.734	1569	14.4003
ERR13927576.735	1591	15.0974
ERR13927576.736	1535	14.8684
ERR13927576.737	1571	16.3800
ERR13927576.738	458	15.0153
ERR13927576.739	1581	15.4535
ERR13927576.740	1563	16.9328
ERR13927576.741	1556	15.5283
ERR13927576.742	1585	14.6107
ERR13927576.743	1539	14.6894
ERR13927576.744	1525	15.0059
ERR13927576.745	1485	15.2956
ERR13927576.746	1568	14.2054
ERR13927576.747	1421	15.5419
ERR13927576.748	226	13.4513
ERR13927576.749	1558	14.8556
ERR13927576.750	1578	15.1812
ERR13927576.751	1577	14.2524
ERR13927576.752	1578	14.5684
ERR13927576.753	1706	14.9121
ERR13927576.754	1578	14.9651
ERR13927576.755	1484	14.2123
ERR13927576.756	1568	15.7149
ERR13927576.757	1520	14.7132
ERR13927576.758	1537	13.1679
ERR13927576.759	1554	15.1113
ERR13927576.760	1537	13.9226
ERR13927576.761	1548	15.0801
ERR13927576.762	1553	15.8023
ERR13927576.763	1528	16.9863
ERR13927576.764	219	13.8174
ERR13927576.765	1555	14.1518
ERR13927576.766	1540	15.2571
ERR13927576.767	1607	15.8289
ERR13927576.768	1524	13.8530
ERR13927576.769	926	15.2819
ERR13927576.770	1503	14.1284
ERR13927576.771	1529	14.6965
ERR13927576.772	1566	15.1513
ERR13927576.773	1531	14.7688
ERR13927576.774	1592	16.0565
ERR13927576.775	1558	14.0456
ERR13927576.776	388	13.5052
ERR13927576.777	1552	14.8808
ERR13927576.778	1501	15.8708
ERR13927576.779	2807	14.6787
ERR13927576.780	442	15.2805
ERR13927576.781	1563	15.5029
ERR13927576.782	1537	14.4652
ERR13927576.783	1139	15.6102
ERR13927576.784	1590	16.5459
ERR13927576.785	1555	15.9248
ERR13927576.786	1542	14.2944
ERR13927576.787	1522	15.2418
ERR13927576.788	1531	14.5460
ERR13927576.789	1582	15.0936
ERR13927576.790	1573	13.9282
ERR13927576.791	267	12.7903
ERR13927576.792	1588	16.0334
ERR13927576.793	1545	14.1074
ERR13927576.794	1519	13.8446
ERR13927576.795	1536	14.2337
ERR13927576.796	1555	14.6141
ERR13927576.797	1613	14.6131
ERR13927576.798	1564	15.8274
ERR13927576.799	1589	13.8842
ERR13927576.800	1515	14.7729
ERR13927576.801	1502	16.1917
ERR13927576.802	1578	13.5824
ERR13927576.803	1551	16.0406
ERR13927576.804	1567	15.8564
ERR13927576.805	1547	15.1784
ERR13927576.806	1556	14.0090
ERR13927576.807	1488	15.7755
ERR13927576.808	1535	13.8834
ERR13927576.809	1545	15.7133
ERR13927576.810	1296	15.0116
ERR13927576.811	756	13.8677
ERR13927576.812	1521	14.9428
ERR13927576.813	1526	15.1481
ERR13927576.814	1541	15.7093
ERR13927576.815	1591	14.4544
ERR13927576.816	1578	15.6844
ERR13927576.817	1567	15.9324
ERR13927576.818	1542	14.0940
ERR13927576.819	1525	14.5869
ERR13927576.820	1576	14.9765
ERR13927576.821	1563	14.7511
ERR13927576.822	1544	14.4585
ERR13927576.823	1478	14.3336
ERR13927576.824	1499	14.3269
ERR13927576.825	1677	15.2636
ERR13927576.826	1536	15.8457
ERR13927576.827	368	13.0054
ERR13927576.828	1567	15.3510
ERR13927576.829	1542	15.6680
ERR13927576.830	305	13.6656
ERR13927576.831	1549	16.1930
ERR13927576.832	847	14.2798
ERR13927576.833	1580	14.2665
ERR13927576.834	1555	14.1029
ERR13927576.835	1518	13.7879
ERR13927576.836	1521	15.1243
ERR13927576.837	1529	15.3499
ERR13927576.838	1568	14.6492
ERR13927576.839	1545	15.2641
ERR13927576.840	1529	14.7992
ERR13927576.841	1563	14.8554
ERR13927576.842	1522	14.6426
ERR13927576.843	1540	16.4416
ERR13927576.844	1527	13.8140
ERR13927576.845	1537	15.5133
ERR13927576.846	1562	14.6850
ERR13927576.847	1510	14.3377
ERR13927576.848	1545	14.5139
ERR13927576.849	1541	14.8189
ERR13927576.850	1466	13.9475
ERR13927576.851	1532	14.5561
ERR13927576.852	1551	15.2785
ERR13927576.853	1579	15.4370
ERR13927576.854	1530	14.7046
ERR13927576.855	1536	16.6530
ERR13927576.856	211	14.2844
ERR13927576.857	1530	14.2477
ERR13927576.858	466	12.7661
ERR13927576.859	1558	14.9294
ERR13927576.860	1539	16.6212
ERR13927576.861	251	13.1434
ERR13927576.862	1524	15.2900
ERR13927576.863	1579	15.0551
ERR13927576.864	1574	15.4536
ERR13927576.865	1474	16.1269
ERR13927576.866	231	10.9957
ERR13927576.867	1559	13.7678
ERR13927576.868	1609	15.2039
ERR13927576.869	1539	15.0266
ERR13927576.870	1589	13.9868
ERR13927576.871	1564	17.8440
ERR13927576.872	1560	15.3186
ERR13927576.873	1606	15.4471
ERR13927576.874	1578	15.1331
ERR13927576.875	1580	16.0994
ERR13927576.876	1537	14.8569
ERR13927576.877	1566	14.9355
ERR13927576.878	548	14.0529
ERR13927576.879	1516	13.7764
ERR13927576.880	1554	15.3526
ERR13927576.881	1545	15.1903
ERR13927576.882	1503	14.4498
ERR13927576.883	1559	14.8063
ERR13927576.884	252	12.2183
ERR13927576.885	1521	14.6614
ERR13927576.886	1782	17.5135
ERR13927576.887	1550	15.1787
ERR13927576.888	1577	15.8649
ERR13927576.889	1566	15.9029
ERR13927576.890	323	13.1146
ERR13927576.891	1538	16.3518
ERR13927576.892	1590	15.2195
ERR13927576.893	1558	14.5565
ERR13927576.894	1563	16.1510
ERR13927576.895	1563	15.7806
ERR13927576.896	1530	14.1778
ERR13927576.897	1533	15.0007
ERR13927576.898	1515	14.4607
ERR13927576.899	1618	14.8776
ERR13927576.900	1546	14.8021
ERR13927576.901	1554	15.0959
ERR13927576.902	891	16.3064
ERR13927576.903	1531	15.0888
ERR13927576.904	1494	15.3066
ERR13927576.905	1533	14.6177
ERR13927576.906	1550	15.7652
ERR13927576.907	1645	15.7070
ERR13927576.908	1546	15.8001
ERR13927576.909	190	10.2947
ERR13927576.910	1553	15.0380
ERR13927576.911	1536	15.8477
ERR13927576.912	1501	14.8241
ERR13927576.913	1521	15.5819
ERR13927576.914	1528	13.7107
ERR13927576.915	1478	15.0514
ERR13927576.916	1559	14.7800
ERR13927576.917	1556	15.9627
ERR13927576.918	1510	14.6464
ERR13927576.919	1574	15.1029
ERR13927576.920	1486	15.9892
ERR13927576.921	1498	15.6789
ERR13927576.922	1550	13.8910
ERR13927576.923	1520	15.9362
ERR13927576.924	1565	13.8217
ERR13927576.925	1527	14.3510
ERR13927576.926	1535	14.6645
ERR13927576.927	1537	14.4229
ERR13927576.928	1536	15.8359
ERR13927576.929	1480	14.6939
ERR13927576.930	750	18.0427
ERR13927576.931	1550	15.9484
ERR13927576.932	1543	15.5917
ERR13927576.933	1552	15.1991
ERR13927576.934	1607	15.2097
ERR13927576.935	1544	13.8944
ERR13927576.936	1531	15.6688
ERR13927576.937	1511	15.7134
ERR13927576.938	1533	14.6915
ERR13927576.939	451	14.0044
ERR13927576.940	1489	13.9872
ERR13927576.941	1477	14.6960
ERR13927576.942	1524	16.8917
ERR13927576.943	1509	14.9689
ERR13927576.944	1541	16.8449
ERR13927576.945	189	13.8307
ERR13927576.946	1543	14.2022
ERR13927576.947	1557	14.4188
ERR13927576.948	1573	15.6243
ERR13927576.949	1561	15.0077
ERR13927576.950	1576	16.4232
ERR13927576.951	1535	15.2788
ERR13927576.952	1525	13.8590
ERR13927576.953	1536	15.6849
ERR13927576.954	1538	14.6203
ERR13927576.955	1545	14.8744
ERR13927576.956	1556	15.5527
ERR13927576.957	1521	14.9126
ERR13927576.958	1540	15.9494
ERR13927576.959	1519	14.4615
ERR13927576.960	1498	17.5033
ERR13927576.961	1538	14.6352
ERR13927576.962	1567	15.7990
ERR13927576.963	1518	14.9980
ERR13927576.964	1555	15.9865
ERR13927576.965	1539	14.3957
ERR13927576.966	1648	17.0109
ERR13927576.967	1544	16.3588
ERR13927576.968	184	12.1413
ERR13927576.969	1571	14.3921
ERR13927576.970	1548	17.0568
ERR13927576.971	1553	14.5763
ERR13927576.972	1561	14.5625
ERR13927576.973	1532	15.6795
ERR13927576.974	1540	14.5792
ERR13927576.975	1536	16.3125
ERR13927576.976	1555	16.5164
ERR13927576.977	1605	14.0012
ERR13927576.978	1531	16.5487
ERR13927576.979	1545	17.3903
ERR13927576.980	1540	14.8136
ERR13927576.981	1563	16.0921
ERR13927576.982	1522	14.1222
ERR13927576.983	1521	13.8133
ERR13927576.984	1564	14.5927
ERR13927576.985	1418	14.1079
ERR13927576.986	1547	14.9457
ERR13927576.987	1531	14.1626
ERR13927576.988	1550	16.5381
ERR13927576.989	1542	15.0798
ERR13927576.990	1552	14.9762
ERR13927576.991	1596	16.5163
ERR13927576.992	1553	15.1867
ERR13927576.993	1544	14.4210
ERR13927576.994	1514	16.4445
ERR13927576.995	1530	14.5137
ERR13927576.996	1573	15.8837
ERR13927576.997	1570	15.8299
ERR13927576.998	205	15.9220
ERR13927576.999	1546	14.9308
ERR13927576.1000	1539	14.1124
ERR13927576.1001	208	15.3077
ERR13927576.1002	858	15.2156
ERR13927576.1003	1530	13.6562
ERR13927576.1004	1545	14.5942
ERR13927576.1005	195	9.9641
ERR13927576.1006	1542	14.5713
ERR13927576.1007	1586	13.5202
ERR13927576.1008	1568	15.4171
ERR13927576.1009	1544	17.2785
ERR13927576.1010	1464	14.7391
ERR13927576.1011	224	12.1607
ERR13927576.1012	201	13.8557
ERR13927576.1013	1561	15.5061
ERR13927576.1014	1557	13.9994
ERR13927576.1015	1610	14.8646
ERR13927576.1016	1554	13.9916
ERR13927576.1017	544	13.4596
ERR13927576.1018	1565	14.8633
ERR13927576.1019	1602	14.4675
ERR13927576.1020	1561	15.8129
ERR13927576.1021	1544	14.7280
ERR13927576.1022	1655	15.6616
ERR13927576.1023	1561	13.7002
ERR13927576.1024	1059	14.0312
ERR13927576.1025	1545	15.2330
ERR13927576.1026	1560	16.2288
ERR13927576.1027	1575	14.2032
ERR13927576.1028	199	15.1357
ERR13927576.1029	214	15.5374
ERR13927576.1030	1564	15.7647
ERR13927576.1031	1551	14.5029
ERR13927576.1032	1551	14.9929
ERR13927576.1033	1513	14.0694
ERR13927576.1034	1534	15.9472
ERR13927576.1035	1548	15.1537
ERR13927576.1036	1613	14.7396
ERR13927576.1037	1571	14.5379
ERR13927576.1038	1568	15.2691
ERR13927576.1039	1551	15.2173
ERR13927576.1040	1542	15.2639
ERR13927576.1041	1547	17.5055
ERR13927576.1042	1604	14.4981
ERR13927576.1043	1560	16.1609
ERR13927576.1044	318	13.9686
ERR13927576.1045	1560	14.4436
ERR13927576.1046	231	12.9351
ERR13927576.1047	1587	14.5961
ERR13927576.1048	2285	17.4578
ERR13927576.1049	1573	15.9650
ERR13927576.1050	1529	13.9555
ERR13927576.1051	1551	15.4629
ERR13927576.1052	1548	14.6693
ERR13927576.1053	1534	15.1304
ERR13927576.1054	1573	16.7788
ERR13927576.1055	695	14.2043
ERR13927576.1056	1572	15.8760
ERR13927576.1057	1598	16.5707
ERR13927576.1058	1595	15.2451
ERR13927576.1059	215	13.8233
ERR13927576.1060	195	13.4821
ERR13927576.1061	1601	14.3348
ERR13927576.1062	1563	15.0467
ERR13927576.1063	1609	14.0976
ERR13927576.1064	1539	14.8973
ERR13927576.1065	1580	15.0582
ERR13927576.1066	1550	14.3587
ERR13927576.1067	1611	15.6307
ERR13927576.1068	1534	15.1017
ERR13927576.1069	1543	14.5781
ERR13927576.1070	1225	14.3633
ERR13927576.1071	209	16.3254
ERR13927576.1072	1586	13.9105
ERR13927576.1073	228	13.0965
ERR13927576.1074	1602	16.1248
ERR13927576.1075	1564	15.2590
ERR13927576.1076	1578	14.8878
ERR13927576.1077	1584	15.6124
ERR13927576.1078	1500	15.4773
ERR13927576.1079	1565	15.4435
ERR13927576.1080	1564	15.0825
ERR13927576.1081	1555	15.1987
ERR13927576.1082	1523	14.7925
ERR13927576.1083	1492	14.1783
ERR13927576.1084	1505	15.1169
ERR13927576.1085	1453	16.1989
ERR13927576.1086	1552	15.5670
ERR13927576.1087	1588	16.9005
ERR13927576.1088	1540	14.4688
ERR13927576.1089	1476	13.9885
ERR13927576.1090	1523	17.6907
ERR13927576.1091	1492	14.8365
ERR13927576.1092	1581	16.5547
ERR13927576.1093	1571	15.7104
ERR13927576.1094	1562	15.0858
ERR13927576.1095	1520	15.1868
ERR13927576.1096	1548	15.3895
ERR13927576.1097	1697	18.2758
ERR13927576.1098	1517	14.8695
ERR13927576.1099	1608	16.2531
ERR13927576.1100	1512	15.8631
ERR13927576.1101	1540	14.3013
ERR13927576.1102	1727	20.8715
ERR13927576.1103	1560	14.3538
ERR13927576.1104	1554	15.9485
ERR13927576.1105	1576	14.3280
ERR13927576.1106	1553	15.2833
ERR13927576.1107	1632	16.5227
ERR13927576.1108	1554	16.1236
ERR13927576.1109	1543	15.2469
ERR13927576.1110	1540	14.9039
ERR13927576.1111	1547	15.0194
ERR13927576.1112	1546	16.0705
ERR13927576.1113	1500	15.4340
ERR13927576.1114	1514	16.4082
ERR13927576.1115	1547	15.9186
ERR13927576.1116	1517	15.0191
ERR13927576.1117	483	13.5217
ERR13927576.1118	1489	14.7139
ERR13927576.1119	1517	14.7838
ERR13927576.1120	1512	15.3889
ERR13927576.1121	1564	15.1739
ERR13927576.1122	1590	15.3786
ERR13927576.1123	750	14.6053
ERR13927576.1124	286	17.3636
ERR13927576.1125	1549	14.8186
ERR13927576.1126	1564	14.8184
ERR13927576.1127	1574	14.7484
ERR13927576.1128	186	14.2688
ERR13927576.1129	1606	15.0965
ERR13927576.1130	1556	14.8201
ERR13927576.1131	1526	16.4155
ERR13927576.1132	1560	14.3904
ERR13927576.1133	1540	16.0474
ERR13927576.1134	1628	15.6339
ERR13927576.1135	809	14.0865
ERR13927576.1136	1567	16.7632
ERR13927576.1137	1541	15.1311
ERR13927576.1138	1578	15.0583
ERR13927576.1139	1610	14.1404
ERR13927576.1140	1527	15.9116
ERR13927576.1141	1574	15.0229
ERR13927576.1142	1542	15.5058
ERR13927576.1143	1588	15.4956
ERR13927576.1144	1576	14.5184
ERR13927576.1145	1543	14.6222
ERR13927576.1146	1550	15.1942
ERR13927576.1147	1527	14.6045
ERR13927576.1148	1563	15.5886
ERR13927576.1149	1560	16.7314
ERR13927576.1150	1589	14.7174
ERR13927576.1151	202	13.5248
ERR13927576.1152	1559	16.4266
ERR13927576.1153	1585	15.6492
ERR13927576.1154	1556	13.6819
ERR13927576.1155	1540	15.4721
ERR13927576.1156	1555	14.4611
ERR13927576.1157	433	15.3464
ERR13927576.1158	1573	15.7552
ERR13927576.1159	1517	16.2755
ERR13927576.1160	1557	15.7887
ERR13927576.1161	174	14.3563
ERR13927576.1162	1517	14.6065
ERR13927576.1163	1552	15.6856
ERR13927576.1164	3098	14.8057
ERR13927576.1165	1540	17.7955
ERR13927576.1166	1584	15.0972
ERR13927576.1167	1520	14.1849
ERR13927576.1168	302	12.9470
ERR13927576.1169	1572	15.2398
ERR13927576.1170	1534	13.9433
ERR13927576.1171	1561	13.9872
ERR13927576.1172	1553	15.0818
ERR13927576.1173	1613	14.6882
ERR13927576.1174	1551	14.1451
ERR13927576.1175	1622	16.0580
ERR13927576.1176	1556	15.0212
ERR13927576.1177	1498	17.9980
ERR13927576.1178	1554	15.1808
ERR13927576.1179	1572	15.2385
ERR13927576.1180	1549	15.2227
ERR13927576.1181	1542	15.2983
ERR13927576.1182	1583	14.8932
ERR13927576.1183	226	13.6150
ERR13927576.1184	1573	14.9822
ERR13927576.1185	1583	15.7896
ERR13927576.1186	1600	16.2263
ERR13927576.1187	280	15.4857
ERR13927576.1188	1545	15.5605
ERR13927576.1189	189	15.1376
ERR13927576.1190	1550	14.8071
ERR13927576.1191	217	14.2120
ERR13927576.1192	1580	15.2013
ERR13927576.1193	179	11.0838
ERR13927576.1194	1606	15.6806
ERR13927576.1195	1520	16.6605
ERR13927576.1196	1546	13.9560
ERR13927576.1197	202	13.1634
ERR13927576.1198	1543	16.4660
ERR13927576.1199	1554	15.1976
ERR13927576.1200	212	11.3774
ERR13927576.1201	1560	16.1372
ERR13927576.1202	1580	13.9310
ERR13927576.1203	1571	14.7638
ERR13927576.1204	263	13.5437
ERR13927576.1205	1564	16.3696
ERR13927576.1206	1561	15.7816
ERR13927576.1207	1559	17.4201
ERR13927576.1208	1604	15.2743
ERR13927576.1209	1554	15.1416
ERR13927576.1210	1534	13.7106
ERR13927576.1211	1591	14.1565
ERR13927576.1212	1527	14.1441
ERR13927576.1213	1589	14.7829
ERR13927576.1214	210	12.8667
ERR13927576.1215	1588	15.0372
ERR13927576.1216	1525	16.8610
ERR13927576.1217	1509	15.6017
ERR13927576.1218	1581	16.7862
ERR13927576.1219	1494	14.2296
ERR13927576.1220	1549	16.2479
ERR13927576.1221	1526	15.7497
ERR13927576.1222	1565	15.8249
ERR13927576.1223	1537	15.3715
ERR13927576.1224	1561	15.6951
ERR13927576.1225	1636	16.4847
ERR13927576.1226	1576	16.1796
ERR13927576.1227	1739	16.1737
ERR13927576.1228	173	16.3931
ERR13927576.1229	524	14.7385
ERR13927576.1230	1584	16.1755
ERR13927576.1231	1500	13.8180
ERR13927576.1232	1582	15.3748
ERR13927576.1233	1539	15.3509
ERR13927576.1234	209	11.9187
ERR13927576.1235	1516	15.0580
ERR13927576.1236	359	14.8134
ERR13927576.1237	1563	15.0595
ERR13927576.1238	1555	14.4064
ERR13927576.1239	1575	15.1803
ERR13927576.1240	1552	15.0026
ERR13927576.1241	1545	16.5638
ERR13927576.1242	1578	15.0196
ERR13927576.1243	1558	14.5603
ERR13927576.1244	1539	15.0494
ERR13927576.1245	1526	14.7280
ERR13927576.1246	1548	14.5607
ERR13927576.1247	1556	15.4955
ERR13927576.1248	1575	16.2463
ERR13927576.1249	842	15.8040
ERR13927576.1250	1574	16.6804
ERR13927576.1251	1516	16.4485
ERR13927576.1252	1511	14.4725
ERR13927576.1253	1550	15.0374
ERR13927576.1254	1559	15.5933
ERR13927576.1255	1566	15.5051
ERR13927576.1256	1571	15.3584
ERR13927576.1257	1542	14.4799
ERR13927576.1258	1598	14.8060
ERR13927576.1259	244	15.2418
ERR13927576.1260	1564	17.3267
ERR13927576.1261	356	18.3708
ERR13927576.1262	1585	15.0688
ERR13927576.1263	1528	14.2709
ERR13927576.1264	1604	14.3304
ERR13927576.1265	1599	16.9287
ERR13927576.1266	1568	15.0657
ERR13927576.1267	1575	15.2292
ERR13927576.1268	1460	13.8075
ERR13927576.1269	1570	15.5662
ERR13927576.1270	1546	15.1016
ERR13927576.1271	1545	16.2550
ERR13927576.1272	1576	14.9740
ERR13927576.1273	1556	15.2114
ERR13927576.1274	1558	15.2798
ERR13927576.1275	1549	14.3370
ERR13927576.1276	1574	14.8952
ERR13927576.1277	1569	14.1810
ERR13927576.1278	1572	15.4211
ERR13927576.1279	225	11.9467
ERR13927576.1280	1549	13.9277
ERR13927576.1281	1480	14.1514
ERR13927576.1282	195	15.3282
ERR13927576.1283	1535	15.6964
ERR13927576.1284	1549	15.4674
ERR13927576.1285	1555	15.0572
ERR13927576.1286	1564	16.2551
ERR13927576.1287	1547	16.5740
ERR13927576.1288	1540	14.7078
ERR13927576.1289	1566	15.9023
ERR13927576.1290	1557	14.0469
ERR13927576.1291	1543	16.7570
ERR13927576.1292	1507	14.3537
ERR13927576.1293	1529	14.3486
ERR13927576.1294	290	13.5793
ERR13927576.1295	1555	15.3241
ERR13927576.1296	1554	14.5972
ERR13927576.1297	429	14.1072
ERR13927576.1298	1549	14.6217
ERR13927576.1299	1532	15.0046
ERR13927576.1300	1538	14.5481
ERR13927576.1301	251	11.7131
ERR13927576.1302	1514	13.8804
ERR13927576.1303	1599	15.0982
ERR13927576.1304	1565	15.2332
ERR13927576.1305	1561	13.7860
ERR13927576.1306	1546	15.5136
ERR13927576.1307	317	12.2524
ERR13927576.1308	1563	15.2156
ERR13927576.1309	1567	14.2750
ERR13927576.1310	1595	15.7310
ERR13927576.1311	1588	15.6574
ERR13927576.1312	1587	15.9004
ERR13927576.1313	1537	16.3839
ERR13927576.1314	1528	14.5805
ERR13927576.1315	1500	16.2200
ERR13927576.1316	1523	15.8529
ERR13927576.1317	1557	15.0906
ERR13927576.1318	1538	16.6060
ERR13927576.1319	1541	14.9442
ERR13927576.1320	1550	16.1658
ERR13927576.1321	201	13.5373
ERR13927576.1322	1547	15.4602
ERR13927576.1323	1565	15.0153
ERR13927576.1324	1574	15.5038
ERR13927576.1325	1576	14.9156
ERR13927576.1326	1512	15.7903
ERR13927576.1327	1579	14.6738
ERR13927576.1328	193	11.4870
ERR13927576.1329	1561	15.2665
ERR13927576.1330	1545	14.7819
ERR13927576.1331	1581	14.2454
ERR13927576.1332	1532	14.6299
ERR13927576.1333	1530	14.3235
ERR13927576.1334	1514	15.0073
ERR13927576.1335	1565	15.6211
ERR13927576.1336	1511	14.3322
ERR13927576.1337	1586	15.0284
ERR13927576.1338	1587	14.3882
ERR13927576.1339	1572	15.4854
ERR13927576.1340	176	15.0114
ERR13927576.1341	1515	15.1056
ERR13927576.1342	1537	16.1204
ERR13927576.1343	1580	15.0804
ERR13927576.1344	1570	16.1777
ERR13927576.1345	1564	16.3887
ERR13927576.1346	1527	15.2430
ERR13927576.1347	1572	15.7010
ERR13927576.1348	1600	15.2681
ERR13927576.1349	1566	14.8378
ERR13927576.1350	1558	15.8549
ERR13927576.1351	1611	14.5878
ERR13927576.1352	1564	14.0838
ERR13927576.1353	1514	14.5627
ERR13927576.1354	1558	15.2734
ERR13927576.1355	1560	14.3609
ERR13927576.1356	1543	16.4815
ERR13927576.1357	1562	15.0903
ERR13927576.1358	1548	14.8204
ERR13927576.1359	1537	15.9024
ERR13927576.1360	1547	13.1345
ERR13927576.1361	1551	15.9819
ERR13927576.1362	1574	15.3272
ERR13927576.1363	1542	16.7737
ERR13927576.1364	1595	14.1009
ERR13927576.1365	1584	14.2696
ERR13927576.1366	1555	15.5749
ERR13927576.1367	1578	15.2630
ERR13927576.1368	1572	15.1228
ERR13927576.1369	1540	15.8247
ERR13927576.1370	1477	14.3575
ERR13927576.1371	1610	16.0714
ERR13927576.1372	1580	15.0462
ERR13927576.1373	1535	14.4801
ERR13927576.1374	1621	17.1573
ERR13927576.1375	1546	14.9683
ERR13927576.1376	1536	14.5540
ERR13927576.1377	1547	15.5404
ERR13927576.1378	1548	16.4716
ERR13927576.1379	1603	15.5689
ERR13927576.1380	1587	15.7883
ERR13927576.1381	1566	15.6596
ERR13927576.1382	1545	16.3197
ERR13927576.1383	1571	15.9758
ERR13927576.1384	1594	15.1757
ERR13927576.1385	1560	14.8692
ERR13927576.1386	1541	15.0454
ERR13927576.1387	1561	14.9238
ERR13927576.1388	1581	15.9564
ERR13927576.1389	1501	14.2771
ERR13927576.1390	1559	14.8108
ERR13927576.1391	1569	15.4340
ERR13927576.1392	396	12.4520
ERR13927576.1393	501	14.9940
ERR13927576.1394	1534	15.2627
ERR13927576.1395	1548	14.3391
ERR13927576.1396	1587	15.8941
ERR13927576.1397	1540	15.6500
ERR13927576.1398	1564	15.5633
ERR13927576.1399	1525	15.7469
ERR13927576.1400	1530	14.7248
ERR13927576.1401	1523	15.7078
ERR13927576.1402	1553	15.0328
ERR13927576.1403	1530	14.7954
ERR13927576.1404	1563	15.1235
ERR13927576.1405	1580	14.8076
ERR13927576.1406	1544	14.8633
ERR13927576.1407	1525	16.0551
ERR13927576.1408	1597	14.1453
ERR13927576.1409	1571	16.2311
ERR13927576.1410	1610	14.5540
ERR13927576.1411	1583	16.5597
ERR13927576.1412	1576	16.3636
ERR13927576.1413	1584	17.7191
ERR13927576.1414	1516	14.1319
ERR13927576.1415	1534	15.2119
ERR13927576.1416	221	13.2670
ERR13927576.1417	1589	13.8181
ERR13927576.1418	1524	15.2598
ERR13927576.1419	1606	14.7597
ERR13927576.1420	1546	16.2594
ERR13927576.1421	223	12.5785
ERR13927576.1422	1537	14.0904
ERR13927576.1423	1552	14.5767
ERR13927576.1424	1543	16.1879
ERR13927576.1425	1561	15.2210
ERR13927576.1426	1529	16.4696
ERR13927576.1427	979	14.2523
ERR13927576.1428	1549	16.4706
ERR13927576.1429	229	13.5721
ERR13927576.1430	1578	14.3352
ERR13927576.1431	1565	16.4460
ERR13927576.1432	1540	14.6662
ERR13927576.1433	640	14.6172
ERR13927576.1434	1513	13.9101
ERR13927576.1435	1567	15.1136
ERR13927576.1436	1564	16.3945
ERR13927576.1437	1524	13.8510
ERR13927576.1438	1548	15.1660
ERR13927576.1439	1625	15.7348
ERR13927576.1440	226	13.6283
ERR13927576.1441	206	12.7233
ERR13927576.1442	224	13.1161
ERR13927576.1443	1622	15.4821
ERR13927576.1444	1532	14.9765
ERR13927576.1445	1558	14.8537
ERR13927576.1446	1527	14.7583
ERR13927576.1447	1549	14.1840
ERR13927576.1448	1587	15.6112
ERR13927576.1449	1564	16.3657
ERR13927576.1450	1554	15.4337
ERR13927576.1451	1489	15.3324
ERR13927576.1452	1548	15.0510
ERR13927576.1453	1615	16.4446
ERR13927576.1454	1536	16.4570
ERR13927576.1455	1537	16.2485
ERR13927576.1456	1560	15.7885
ERR13927576.1457	1561	15.5119
ERR13927576.1458	1551	13.7550
ERR13927576.1459	1578	16.4087
ERR13927576.1460	1538	15.6404
ERR13927576.1461	1515	16.0581
ERR13927576.1462	1546	15.3370
ERR13927576.1463	1576	16.0755
ERR13927576.1464	1544	16.0978
ERR13927576.1465	1537	14.6890
ERR13927576.1466	1598	16.1727
ERR13927576.1467	1573	15.2734
ERR13927576.1468	1562	14.4251
ERR13927576.1469	1558	15.2426
ERR13927576.1470	1529	14.7005
ERR13927576.1471	1571	16.1929
ERR13927576.1472	1571	15.4863
ERR13927576.1473	1553	16.5035
ERR13927576.1474	1589	15.8150
ERR13927576.1475	1550	14.6639
ERR13927576.1476	1562	15.7548
ERR13927576.1477	1583	15.0253
ERR13927576.1478	1537	14.4223
ERR13927576.1479	1540	15.6208
ERR13927576.1480	1590	14.6635
ERR13927576.1481	1512	14.8843
ERR13927576.1482	1565	14.1259
ERR13927576.1483	1561	14.8181
ERR13927576.1484	1551	15.6615
ERR13927576.1485	1559	14.9724
ERR13927576.1486	713	15.1052
ERR13927576.1487	1591	15.9070
ERR13927576.1488	784	13.9311
ERR13927576.1489	1584	15.7254
ERR13927576.1490	1545	15.0026
ERR13927576.1491	1566	14.6571
ERR13927576.1492	1563	17.0160
ERR13927576.1493	1564	14.1579
ERR13927576.1494	1571	16.1642
ERR13927576.1495	1477	15.2160
ERR13927576.1496	1552	15.4665
ERR13927576.1497	1550	14.7748
ERR13927576.1498	1585	14.8580
ERR13927576.1499	1575	15.4006
ERR13927576.1500	1548	14.5963
ERR13927576.1501	1547	14.7776
ERR13927576.1502	1584	16.2891
ERR13927576.1503	1564	14.2340
ERR13927576.1504	1554	16.0438
ERR13927576.1505	1594	15.9460
ERR13927576.1506	1568	16.2895
ERR13927576.1507	1551	14.4223
ERR13927576.1508	1556	15.2828
ERR13927576.1509	632	14.8766
ERR13927576.1510	1604	16.3491
ERR13927576.1511	1565	14.7035
ERR13927576.1512	1554	14.5631
ERR13927576.1513	1542	15.8204
ERR13927576.1514	1546	15.2652
ERR13927576.1515	1542	15.6913
ERR13927576.1516	1587	15.1727
ERR13927576.1517	1519	15.0237
ERR13927576.1518	1504	15.2520
ERR13927576.1519	1549	14.7779
ERR13927576.1520	1523	15.3073
ERR13927576.1521	165	10.6061
ERR13927576.1522	1538	15.3309
ERR13927576.1523	1567	15.6567
ERR13927576.1524	1559	14.3342
ERR13927576.1525	1605	17.1676
ERR13927576.1526	1566	14.3423
ERR13927576.1527	196	16.1429
ERR13927576.1528	1535	15.5134
ERR13927576.1529	1597	14.0432
ERR13927576.1530	1563	16.0672
ERR13927576.1531	1542	14.9449
ERR13927576.1532	1599	15.1188
ERR13927576.1533	1529	16.3734
ERR13927576.1534	885	14.5977
ERR13927576.1535	1564	16.8593
ERR13927576.1536	1569	16.7884
ERR13927576.1537	1531	15.9523
ERR13927576.1538	1529	15.2204
ERR13927576.1539	1551	15.4668
ERR13927576.1540	1562	15.0423
ERR13927576.1541	1574	15.8177
ERR13927576.1542	1548	17.7881
ERR13927576.1543	1560	14.0801
ERR13927576.1544	1577	14.7470
ERR13927576.1545	1551	16.4526
ERR13927576.1546	1579	15.1862
ERR13927576.1547	1580	16.1728
ERR13927576.1548	618	15.1893
ERR13927576.1549	1513	14.9874
ERR13927576.1550	1536	15.9284
ERR13927576.1551	1299	14.2633
ERR13927576.1552	1583	16.1819
ERR13927576.1553	202	16.5248
ERR13927576.1554	1569	15.6106
ERR13927576.1555	1527	14.3333
ERR13927576.1556	1560	16.1686
ERR13927576.1557	1478	15.7260
ERR13927576.1558	1579	17.1919
ERR13927576.1559	1559	15.7935
ERR13927576.1560	1575	15.5702
ERR13927576.1561	1546	14.8189
ERR13927576.1562	1585	15.0814
ERR13927576.1563	1495	14.0268
ERR13927576.1564	1522	15.1307
ERR13927576.1565	1592	15.2682
ERR13927576.1566	1530	14.7582
ERR13927576.1567	1558	14.8068
ERR13927576.1568	1530	15.6111
ERR13927576.1569	1585	16.1539
ERR13927576.1570	1555	14.9241
ERR13927576.1571	1555	14.7453
ERR13927576.1572	1541	15.3206
ERR13927576.1573	1562	14.3867
ERR13927576.1574	323	13.5851
ERR13927576.1575	1545	16.0563
ERR13927576.1576	1541	14.4653
ERR13927576.1577	1593	13.6290
ERR13927576.1578	601	15.4077
ERR13927576.1579	1548	15.5032
ERR13927576.1580	1539	14.0188
ERR13927576.1581	1580	15.4120
ERR13927576.1582	1482	16.2362
ERR13927576.1583	202	12.8762
ERR13927576.1584	1566	16.7095
ERR13927576.1585	1573	14.9625
ERR13927576.1586	1574	15.0864
ERR13927576.1587	1542	15.0519
ERR13927576.1588	474	14.7700
ERR13927576.1589	1591	15.2124
ERR13927576.1590	1525	14.4702
ERR13927576.1591	1571	16.4850
ERR13927576.1592	1535	16.1616
ERR13927576.1593	1319	14.3980
ERR13927576.1594	1677	16.3154
ERR13927576.1595	1552	14.6604
ERR13927576.1596	1562	14.5128
ERR13927576.1597	207	14.7150
ERR13927576.1598	1573	14.3967
ERR13927576.1599	1553	15.5641
ERR13927576.1600	1572	15.1997
ERR13927576.1601	1607	15.8139
ERR13927576.1602	1523	14.7426
ERR13927576.1603	1646	17.9022
ERR13927576.1604	1535	14.2104
ERR13927576.1605	225	16.6933
ERR13927576.1606	1510	15.0053
ERR13927576.1607	1492	15.1066
ERR13927576.1608	1542	14.3632
ERR13927576.1609	1511	15.2932
ERR13927576.1610	1565	14.9597
ERR13927576.1611	1550	14.3181
ERR13927576.1612	1571	16.2616
ERR13927576.1613	1523	14.4091
ERR13927576.1614	1563	16.0147
ERR13927576.1615	1511	15.5930
ERR13927576.1616	1589	15.1101
ERR13927576.1617	1060	15.8349
ERR13927576.1618	1537	15.0742
ERR13927576.1619	1550	15.9297
ERR13927576.1620	1547	16.2114
ERR13927576.1621	1573	16.1386
ERR13927576.1622	1562	15.1882
ERR13927576.1623	1518	14.1166
ERR13927576.1624	1552	14.6656
ERR13927576.1625	1547	16.0330
ERR13927576.1626	1613	16.0589
ERR13927576.1627	1499	15.6845
ERR13927576.1628	1545	16.2848
ERR13927576.1629	1492	14.4973
ERR13927576.1630	1539	16.8467
ERR13927576.1631	1529	15.1066
ERR13927576.1632	1573	15.5969
ERR13927576.1633	1520	16.1395
ERR13927576.1634	1544	14.2455
ERR13927576.1635	1535	16.5160
ERR13927576.1636	1525	16.3298
ERR13927576.1637	1549	16.2234
ERR13927576.1638	1565	15.7240
ERR13927576.1639	1571	15.0834
ERR13927576.1640	1557	14.4554
ERR13927576.1641	1551	14.7840
ERR13927576.1642	1544	16.6541
ERR13927576.1643	1523	16.1018
ERR13927576.1644	1561	17.0647
ERR13927576.1645	1572	14.3626
ERR13927576.1646	205	14.1805
ERR13927576.1647	937	14.7919
ERR13927576.1648	1559	15.9493
ERR13927576.1649	328	15.1250
ERR13927576.1650	1583	15.0486
ERR13927576.1651	1641	14.9860
ERR13927576.1652	1544	14.9242
ERR13927576.1653	1561	16.1326
ERR13927576.1654	642	15.1090
ERR13927576.1655	1523	14.8661
ERR13927576.1656	1566	16.1673
ERR13927576.1657	315	13.7714
ERR13927576.1658	1587	14.4323
ERR13927576.1659	1564	15.6394
ERR13927576.1660	1492	15.4698
ERR13927576.1661	1578	14.9943
ERR13927576.1662	1551	15.0638
ERR13927576.1663	1535	15.0130
ERR13927576.1664	1597	16.3312
ERR13927576.1665	325	12.1692
ERR13927576.1666	1485	15.1886
ERR13927576.1667	1604	14.2057
ERR13927576.1668	1514	15.3956
ERR13927576.1669	1543	15.9008
ERR13927576.1670	187	13.1872
ERR13927576.1671	1540	15.5701
ERR13927576.1672	276	13.8659
ERR13927576.1673	1577	14.3202
ERR13927576.1674	1549	14.3215
ERR13927576.1675	1547	14.5695
ERR13927576.1676	1505	14.2757
ERR13927576.1677	1571	16.5232
ERR13927576.1678	1559	14.6889
ERR13927576.1679	1532	14.4151
ERR13927576.1680	1530	14.7961
ERR13927576.1681	1577	15.7641
ERR13927576.1682	1562	15.1012
ERR13927576.1683	1584	16.0385
ERR13927576.1684	1465	14.8034
ERR13927576.1685	1583	15.2843
ERR13927576.1686	1713	16.3217
ERR13927576.1687	1527	14.9810
ERR13927576.1688	1506	15.0810
ERR13927576.1689	1556	15.2571
ERR13927576.1690	1529	16.7698
ERR13927576.1691	1567	14.3516
ERR13927576.1692	1595	16.6063
ERR13927576.1693	1574	16.9104
ERR13927576.1694	1574	15.7306
ERR13927576.1695	1537	14.3149
ERR13927576.1696	1567	15.3989
ERR13927576.1697	1574	15.1213
ERR13927576.1698	1571	14.5710
ERR13927576.1699	473	13.9704
ERR13927576.1700	1289	15.5043
ERR13927576.1701	1582	16.9431
ERR13927576.1702	182	14.9341
ERR13927576.1703	1545	14.8233
ERR13927576.1704	1529	15.8980
ERR13927576.1705	1557	16.0514
ERR13927576.1706	1548	16.0304
ERR13927576.1707	1598	16.0232
ERR13927576.1708	1563	16.1971
ERR13927576.1709	197	17.9645
ERR13927576.1710	3067	14.8732
ERR13927576.1711	1547	15.7369
ERR13927576.1712	1552	15.8338
ERR13927576.1713	1560	14.8635
ERR13927576.1714	1519	14.8354
ERR13927576.1715	486	14.8272
ERR13927576.1716	1568	14.3724
ERR13927576.1717	1533	14.7939
ERR13927576.1718	745	14.6242
ERR13927576.1719	1522	14.9658
ERR13927576.1720	1548	15.3430
ERR13927576.1721	1578	16.1939
ERR13927576.1722	1499	15.3896
ERR13927576.1723	1488	14.7097
ERR13927576.1724	1555	14.3125
ERR13927576.1725	1555	15.3016
ERR13927576.1726	1533	15.3157
ERR13927576.1727	1590	15.0126
ERR13927576.1728	230	11.9609
ERR13927576.1729	1555	16.1293
ERR13927576.1730	1477	16.6263
ERR13927576.1731	1574	14.8704
ERR13927576.1732	1560	15.6026
ERR13927576.1733	1555	16.8013
ERR13927576.1734	1556	13.6054
ERR13927576.1735	1563	16.9750
ERR13927576.1736	1561	14.9276
ERR13927576.1737	1529	15.3669
ERR13927576.1738	1554	15.6731
ERR13927576.1739	1542	15.1096
ERR13927576.1740	1532	15.3368
ERR13927576.1741	188	11.9840
ERR13927576.1742	1596	15.1961
ERR13927576.1743	1523	15.8858
ERR13927576.1744	1553	15.0373
ERR13927576.1745	1561	16.2748
ERR13927576.1746	1586	16.1362
ERR13927576.1747	1567	15.6362
ERR13927576.1748	171	14.9825
ERR13927576.1749	1577	15.5339
ERR13927576.1750	1535	15.3564
ERR13927576.1751	1553	15.1062
ERR13927576.1752	1542	15.4559
ERR13927576.1753	645	14.5736
ERR13927576.1754	1529	15.0791
ERR13927576.1755	1393	16.0531
ERR13927576.1756	1571	13.9936
ERR13927576.1757	1547	15.2495
ERR13927576.1758	1532	15.1305
ERR13927576.1759	468	16.6175
ERR13927576.1760	1562	14.8310
ERR13927576.1761	1574	14.4917
ERR13927576.1762	231	14.2121
ERR13927576.1763	1546	15.5181
ERR13927576.1764	1547	15.3032
ERR13927576.1765	1569	14.9643
ERR13927576.1766	1512	17.0675
ERR13927576.1767	1526	15.1691
ERR13927576.1768	1486	14.5969
ERR13927576.1769	1223	14.7073
ERR13927576.1770	1562	17.1434
ERR13927576.1771	1547	14.4014
ERR13927576.1772	1498	14.0434
ERR13927576.1773	1534	15.7151
ERR13927576.1774	1553	16.6587
ERR13927576.1775	1550	15.6723
ERR13927576.1776	1556	15.5244
ERR13927576.1777	1497	15.4255
ERR13927576.1778	1547	16.7027
ERR13927576.1779	402	14.8060
ERR13927576.1780	666	14.0661
ERR13927576.1781	1552	16.3228
ERR13927576.1782	1507	15.6078
ERR13927576.1783	1559	16.6074
ERR13927576.1784	1532	15.7755
ERR13927576.1785	1583	15.9861
ERR13927576.1786	1564	15.3926
ERR13927576.1787	1537	16.3071
ERR13927576.1788	1518	15.1482
ERR13927576.1789	1543	15.6572
ERR13927576.1790	1496	14.4452
ERR13927576.1791	1581	16.3384
ERR13927576.1792	1519	14.9118
ERR13927576.1793	245	16.0571
ERR13927576.1794	1544	16.2325
ERR13927576.1795	1537	15.5211
ERR13927576.1796	1511	15.5473
ERR13927576.1797	688	16.9593
ERR13927576.1798	1541	14.0435
ERR13927576.1799	1510	15.0397
ERR13927576.1800	1557	14.9004
ERR13927576.1801	1552	15.0206
ERR13927576.1802	1527	14.5462
ERR13927576.1803	1529	13.9555
ERR13927576.1804	1569	15.4544
ERR13927576.1805	316	13.9873
ERR13927576.1806	1311	15.7483
ERR13927576.1807	1421	16.2660
ERR13927576.1808	1565	15.8556
ERR13927576.1809	1518	15.3972
ERR13927576.1810	1587	15.1071
ERR13927576.1811	1524	16.1916
ERR13927576.1812	1561	15.4638
ERR13927576.1813	406	16.5911
ERR13927576.1814	1526	16.0858
ERR13927576.1815	1516	13.9894
ERR13927576.1816	1544	14.5738
ERR13927576.1817	574	14.5436
ERR13927576.1818	1449	16.1615
ERR13927576.1819	1542	14.4507
ERR13927576.1820	1560	14.9321
ERR13927576.1821	1516	15.6913
ERR13927576.1822	1580	14.9063
ERR13927576.1823	1520	16.4079
ERR13927576.1824	1562	16.4008
ERR13927576.1825	1524	15.0079
ERR13927576.1826	1559	15.3400
ERR13927576.1827	1562	15.5320
ERR13927576.1828	1589	15.2857
ERR13927576.1829	1569	16.2868
ERR13927576.1830	207	13.3720
ERR13927576.1831	1560	15.6987
ERR13927576.1832	1539	17.1689
ERR13927576.1833	1554	14.3243
ERR13927576.1834	1573	13.4482
ERR13927576.1835	1594	15.5734
ERR13927576.1836	1547	15.4635
ERR13927576.1837	247	13.1134
ERR13927576.1838	1559	15.0487
ERR13927576.1839	1490	14.9913
ERR13927576.1840	1534	14.5007
ERR13927576.1841	1549	16.6843
ERR13927576.1842	1381	14.1854
ERR13927576.1843	1541	15.2336
ERR13927576.1844	1569	14.8872
ERR13927576.1845	313	13.7604
ERR13927576.1846	1564	17.2903
ERR13927576.1847	1468	15.3617
ERR13927576.1848	1569	15.0637
ERR13927576.1849	1550	15.5735
ERR13927576.1850	426	14.4624
ERR13927576.1851	1542	17.2970
ERR13927576.1852	1528	14.8377
ERR13927576.1853	1575	14.0984
ERR13927576.1854	1556	15.4319
ERR13927576.1855	1572	14.0388
ERR13927576.1856	1539	15.2502
ERR13927576.1857	1564	15.7513
ERR13927576.1858	1517	15.2848
ERR13927576.1859	1619	15.4966
ERR13927576.1860	1563	14.0454
ERR13927576.1861	1575	16.3594
ERR13927576.1862	1557	16.1040
ERR13927576.1863	1551	14.2025
ERR13927576.1864	192	15.1823
ERR13927576.1865	1524	14.5531
ERR13927576.1866	1478	16.0562
ERR13927576.1867	1548	15.2571
ERR13927576.1868	1560	15.9103
ERR13927576.1869	1575	16.0914
ERR13927576.1870	1516	15.9789
ERR13927576.1871	1548	15.0762
ERR13927576.1872	1549	14.9593
ERR13927576.1873	1539	15.9428
ERR13927576.1874	1527	15.4964
ERR13927576.1875	1136	14.4665
ERR13927576.1876	1540	17.2058
ERR13927576.1877	1515	15.4007
ERR13927576.1878	1521	15.1131
ERR13927576.1879	1537	15.6422
ERR13927576.1880	1565	16.7585
ERR13927576.1881	1522	15.0322
ERR13927576.1882	1494	14.6104
ERR13927576.1883	629	12.9412
ERR13927576.1884	1560	16.4365
ERR13927576.1885	1607	16.6584
ERR13927576.1886	1529	16.5958
ERR13927576.1887	1564	13.6950
ERR13927576.1888	1585	16.1546
ERR13927576.1889	1519	14.6610
ERR13927576.1890	1552	16.2726
ERR13927576.1891	1162	14.9854
ERR13927576.1892	1538	15.0611
ERR13927576.1893	998	14.4088
ERR13927576.1894	1607	16.8227
ERR13927576.1895	122	6.8115
ERR13927576.1896	1564	14.7877
ERR13927576.1897	1561	15.4702
ERR13927576.1898	1534	15.0059
ERR13927576.1899	1356	15.0575
ERR13927576.1900	1562	15.1018
ERR13927576.1901	1466	15.3561
ERR13927576.1902	1572	15.5210
ERR13927576.1903	1438	16.3227
ERR13927576.1904	1548	16.6944
ERR13927576.1905	1547	15.9056
ERR13927576.1906	1593	15.8010
ERR13927576.1907	1548	14.9987
ERR13927576.1908	1560	15.4154
ERR13927576.1909	1539	16.0526
ERR13927576.1910	1550	15.9535
ERR13927576.1911	1584	14.9438
ERR13927576.1912	1553	14.9124
ERR13927576.1913	1527	16.0524
ERR13927576.1914	1480	14.0878
ERR13927576.1915	1570	15.5127
ERR13927576.1916	1536	15.8158
ERR13927576.1917	1533	15.1742
ERR13927576.1918	1553	14.7508
ERR13927576.1919	1535	16.3635
ERR13927576.1920	223	12.4529
ERR13927576.1921	1534	16.5293
ERR13927576.1922	1629	16.8649
ERR13927576.1923	1598	15.6446
ERR13927576.1924	1587	14.4505
ERR13927576.1925	1497	14.2478
ERR13927576.1926	187	14.9947
ERR13927576.1927	1601	16.5615
ERR13927576.1928	1571	15.5347
ERR13927576.1929	1557	14.1458
ERR13927576.1930	1543	16.5787
ERR13927576.1931	1533	15.0313
ERR13927576.1932	1556	15.1632
ERR13927576.1933	1542	15.3217
ERR13927576.1934	1630	15.5669
ERR13927576.1935	1567	17.5093
ERR13927576.1936	1550	16.2477
ERR13927576.1937	1560	16.2885
ERR13927576.1938	287	12.1045
ERR13927576.1939	1514	15.2219
ERR13927576.1940	1533	15.2720
ERR13927576.1941	1540	15.9370
ERR13927576.1942	1543	15.4219
ERR13927576.1943	1524	15.8189
ERR13927576.1944	1543	14.2936
ERR13927576.1945	1559	16.2514
ERR13927576.1946	1592	15.8342
ERR13927576.1947	1572	14.4218
ERR13927576.1948	3132	16.1095
ERR13927576.1949	1549	16.2085
ERR13927576.1950	1526	15.6075
ERR13927576.1951	1452	14.9456
ERR13927576.1952	1513	16.4389
ERR13927576.1953	1543	15.1121
ERR13927576.1954	1606	15.7721
ERR13927576.1955	1633	13.9633
ERR13927576.1956	1516	15.9763
ERR13927576.1957	1603	14.7804
ERR13927576.1958	1533	15.1539
ERR13927576.1959	1575	16.0978
ERR13927576.1960	1532	15.6168
ERR13927576.1961	1556	14.8895
ERR13927576.1962	1511	15.3369
ERR13927576.1963	1599	16.2276
ERR13927576.1964	1537	16.4203
ERR13927576.1965	1374	15.3668
ERR13927576.1966	1595	15.1455
ERR13927576.1967	1556	14.9229
ERR13927576.1968	1559	14.9775
ERR13927576.1969	1598	14.3079
ERR13927576.1970	329	14.7325
ERR13927576.1971	1517	14.9374
ERR13927576.1972	1531	16.4180
ERR13927576.1973	1495	14.6341
ERR13927576.1974	1554	16.1609
ERR13927576.1975	1620	15.2327
ERR13927576.1976	1606	15.7765
ERR13927576.1977	1581	15.8552
ERR13927576.1978	1531	16.0914
ERR13927576.1979	1564	15.1829
ERR13927576.1980	1571	15.3304
ERR13927576.1981	1520	14.8487
ERR13927576.1982	1538	15.0436
ERR13927576.1983	1516	14.5264
ERR13927576.1984	1550	16.4452
ERR13927576.1985	191	13.6178
ERR13927576.1986	1538	15.8453
ERR13927576.1987	338	13.7101
ERR13927576.1988	1544	14.4592
ERR13927576.1989	1580	15.7994
ERR13927576.1990	225	15.4622
ERR13927576.1991	754	14.6804
ERR13927576.1992	1538	15.8843
ERR13927576.1993	217	16.7005
ERR13927576.1994	284	15.1373
ERR13927576.1995	1583	16.1004
ERR13927576.1996	796	16.2048
ERR13927576.1997	1555	17.4682
ERR13927576.1998	1571	16.3692
ERR13927576.1999	1562	15.1165
ERR13927576.2000	1531	14.6473
ERR13927576.2001	1540	14.9247
ERR13927576.2002	1526	17.3571
ERR13927576.2003	1578	15.5786
ERR13927576.2004	1565	15.9054
ERR13927576.2005	644	14.5171
ERR13927576.2006	1551	14.3372
ERR13927576.2007	162	15.4383
ERR13927576.2008	1406	14.1316
ERR13927576.2009	1513	14.5083
ERR13927576.2010	1510	14.1278
ERR13927576.2011	1537	15.2817
ERR13927576.2012	1549	14.6546
ERR13927576.2013	1545	14.9715
ERR13927576.2014	2206	18.0150
ERR13927576.2015	205	13.3463
ERR13927576.2016	2003	14.6216
ERR13927576.2017	178	15.9719
ERR13927576.2018	243	12.9835
ERR13927576.2019	1532	16.2552
ERR13927576.2020	521	15.7313
ERR13927576.2021	1490	15.3624
ERR13927576.2022	1519	14.5188
ERR13927576.2023	511	16.9100
ERR13927576.2024	445	13.3506
ERR13927576.2025	339	12.8407
ERR13927576.2026	1556	15.8734
ERR13927576.2027	1576	15.4086
ERR13927576.2028	442	15.2217
ERR13927576.2029	2355	16.3495
ERR13927576.2030	1570	15.4930
ERR13927576.2031	228	14.6491
ERR13927576.2032	1548	13.4037
ERR13927576.2033	1548	13.9419
ERR13927576.2034	1517	14.2716
ERR13927576.2035	1570	14.7446
ERR13927576.2036	1548	14.6408
ERR13927576.2037	1534	14.9081
ERR13927576.2038	1583	16.2647
ERR13927576.2039	260	12.0731
ERR13927576.2040	166	12.8012
ERR13927576.2041	1545	15.0919
ERR13927576.2042	1405	14.3423
ERR13927576.2043	1296	15.2323
ERR13927576.2044	1516	14.3120
ERR13927576.2045	1520	15.7158
ERR13927576.2046	1570	15.2255
ERR13927576.2047	1440	14.7118
ERR13927576.2048	1608	16.2718
ERR13927576.2049	1578	15.6229
ERR13927576.2050	1546	14.8894
ERR13927576.2051	1553	21.7006
ERR13927576.2052	1615	21.5913
ERR13927576.2053	1576	20.7633
ERR13927576.2054	1112	15.8777
ERR13927576.2055	1574	14.4333
ERR13927576.2056	1573	15.3147
ERR13927576.2057	518	17.5097
ERR13927576.2058	1590	19.0182
ERR13927576.2059	1608	15.9963
ERR13927576.2060	1563	14.4734
ERR13927576.2061	1589	22.1064
ERR13927576.2062	1503	14.3619
ERR13927576.2063	1563	17.4082
ERR13927576.2064	1583	17.9299
ERR13927576.2065	1590	16.4849
ERR13927576.2066	1554	20.9614
ERR13927576.2067	1560	14.2609
ERR13927576.2068	1553	17.9639
ERR13927576.2069	1556	19.7275
ERR13927576.2070	1580	18.1924
ERR13927576.2071	1618	17.9703
ERR13927576.2072	1567	16.9802
ERR13927576.2073	1569	16.2632
ERR13927576.2074	1555	17.0109
ERR13927576.2075	1561	19.1973
ERR13927576.2076	1563	17.8740
ERR13927576.2077	1576	16.2303
ERR13927576.2078	1592	17.3543
ERR13927576.2079	1518	15.2938
ERR13927576.2080	1575	20.6800
ERR13927576.2081	1564	15.4035
ERR13927576.2082	1598	20.7979
ERR13927576.2083	1583	18.8294
ERR13927576.2084	1285	16.3798
ERR13927576.2085	1574	17.3545
ERR13927576.2086	675	16.2000
ERR13927576.2087	1503	13.7858
ERR13927576.2088	1569	17.2205
ERR13927576.2089	1107	16.3424
ERR13927576.2090	1551	17.1528
ERR13927576.2091	1544	17.8174
ERR13927576.2092	1579	19.0690
ERR13927576.2093	1619	16.1791
ERR13927576.2094	1564	17.5058
ERR13927576.2095	1591	15.6103
ERR13927576.2096	1537	17.9980
ERR13927576.2097	1578	13.9119
ERR13927576.2098	1578	18.2497
ERR13927576.2099	1592	16.7374
ERR13927576.2100	1566	18.0441
ERR13927576.2101	336	18.4256
ERR13927576.2102	1601	20.2723
ERR13927576.2103	1586	18.9149
ERR13927576.2104	1569	18.4117
ERR13927576.2105	1561	18.4709
ERR13927576.2106	1570	17.7242
ERR13927576.2107	1573	18.3751
ERR13927576.2108	1602	17.9675
ERR13927576.2109	1582	14.8186
ERR13927576.2110	1603	18.5022
ERR13927576.2111	1552	14.5464
ERR13927576.2112	1589	16.4135
ERR13927576.2113	1573	16.2880
ERR13927576.2114	1561	17.3216
ERR13927576.2115	1552	17.1153
ERR13927576.2116	1573	19.2448
ERR13927576.2117	1603	18.5259
ERR13927576.2118	1556	16.3021
ERR13927576.2119	1570	17.5522
ERR13927576.2120	1551	19.0554
ERR13927576.2121	1544	18.5602
ERR13927576.2122	1560	15.1660
ERR13927576.2123	1561	15.7783
ERR13927576.2124	1588	16.8419
ERR13927576.2125	1589	17.4865
ERR13927576.2126	1556	15.1195
ERR13927576.2127	1586	19.0914
ERR13927576.2128	1595	17.5022
ERR13927576.2129	1583	14.9387
ERR13927576.2130	1573	18.0324
ERR13927576.2131	1530	16.3346
ERR13927576.2132	1596	16.5683
ERR13927576.2133	1570	18.4140
ERR13927576.2134	1582	17.0436
ERR13927576.2135	1543	17.3603
ERR13927576.2136	1555	16.0900
ERR13927576.2137	1557	16.8593
ERR13927576.2138	1579	16.2008
ERR13927576.2139	1559	18.2393
ERR13927576.2140	1582	17.0815
ERR13927576.2141	1544	19.3737
ERR13927576.2142	1577	16.0799
ERR13927576.2143	3201	16.7198
ERR13927576.2144	1570	18.6439
ERR13927576.2145	1590	15.0528
ERR13927576.2146	1544	19.7014
ERR13927576.2147	1581	17.0234
ERR13927576.2148	1605	16.6692
ERR13927576.2149	1591	19.3130
ERR13927576.2150	1558	18.6451
ERR13927576.2151	1512	17.7163
ERR13927576.2152	1602	16.2940
ERR13927576.2153	1560	18.4756
ERR13927576.2154	1630	16.7031
ERR13927576.2155	1599	21.2946
ERR13927576.2156	1549	17.1607
ERR13927576.2157	1585	17.8959
ERR13927576.2158	1563	15.2457
ERR13927576.2159	1574	19.2103
ERR13927576.2160	1495	17.5746
ERR13927576.2161	1567	16.8909
ERR13927576.2162	1567	17.1991
ERR13927576.2163	1541	17.5529
ERR13927576.2164	1589	20.7212
ERR13927576.2165	601	13.4526
ERR13927576.2166	1560	18.0404
ERR13927576.2167	1612	18.3195
ERR13927576.2168	1577	15.5593
ERR13927576.2169	1571	16.2151
ERR13927576.2170	1589	18.9723
ERR13927576.2171	1590	17.5107
ERR13927576.2172	1569	19.5245
ERR13927576.2173	1579	15.3458
ERR13927576.2174	1590	18.3748
ERR13927576.2175	1522	16.2746
ERR13927576.2176	1382	16.5094
ERR13927576.2177	1561	14.7783
ERR13927576.2178	1584	15.5391
ERR13927576.2179	1571	18.9924
ERR13927576.2180	1563	18.8567
ERR13927576.2181	1521	14.0000
ERR13927576.2182	1547	14.5650
ERR13927576.2183	1576	18.8915
ERR13927576.2184	1547	14.7725
ERR13927576.2185	1280	19.1617
ERR13927576.2186	1570	18.0299
ERR13927576.2187	1546	19.4230
ERR13927576.2188	1537	16.1659
ERR13927576.2189	1541	15.7910
ERR13927576.2190	1503	14.5250
ERR13927576.2191	1575	20.0356
ERR13927576.2192	1589	18.2228
ERR13927576.2193	1555	16.3061
ERR13927576.2194	1594	20.0383
ERR13927576.2195	1565	16.1463
ERR13927576.2196	1564	18.2615
ERR13927576.2197	1603	17.5396
ERR13927576.2198	1578	16.4385
ERR13927576.2199	1578	18.3733
ERR13927576.2200	1350	20.0830
ERR13927576.2201	1555	17.9357
ERR13927576.2202	1582	18.3477
ERR13927576.2203	1604	20.3753
ERR13927576.2204	1583	19.9615
ERR13927576.2205	1580	20.0684
ERR13927576.2206	1579	18.3186
ERR13927576.2207	1565	17.4626
ERR13927576.2208	1570	22.5987
ERR13927576.2209	1569	20.3059
ERR13927576.2210	1579	17.8683
ERR13927576.2211	1563	15.9514
ERR13927576.2212	542	17.5627
ERR13927576.2213	1578	17.1546
ERR13927576.2214	1577	20.9391
ERR13927576.2215	1576	17.5926
ERR13927576.2216	1584	19.5088
ERR13927576.2217	1600	19.1044
ERR13927576.2218	1537	14.9532
ERR13927576.2219	1537	15.6994
ERR13927576.2220	1560	20.1308
ERR13927576.2221	1574	16.8723
ERR13927576.2222	1211	15.9554
ERR13927576.2223	1593	16.4087
ERR13927576.2224	1563	15.9296
ERR13927576.2225	1586	21.5107
ERR13927576.2226	1570	15.8561
ERR13927576.2227	1549	17.7947
ERR13927576.2228	1558	17.4506
ERR13927576.2229	1584	20.0290
ERR13927576.2230	1570	19.1408
ERR13927576.2231	1581	14.6015
ERR13927576.2232	1583	16.9204
ERR13927576.2233	1545	16.6725
ERR13927576.2234	1580	16.5962
ERR13927576.2235	1594	16.3952
ERR13927576.2236	435	17.3839
ERR13927576.2237	1581	20.0563
ERR13927576.2238	1582	16.8255
ERR13927576.2239	1608	16.9216
ERR13927576.2240	1545	15.8337
ERR13927576.2241	1587	19.6988
ERR13927576.2242	1577	19.8833
ERR13927576.2243	1542	19.0856
ERR13927576.2244	1497	16.9312
ERR13927576.2245	1560	17.5981
ERR13927576.2246	1569	17.3563
ERR13927576.2247	1595	17.4069
ERR13927576.2248	1570	15.2045
ERR13927576.2249	1591	18.1477
ERR13927576.2250	1581	20.6066
ERR13927576.2251	1582	19.0569
ERR13927576.2252	1571	18.7861
ERR13927576.2253	1588	17.0850
ERR13927576.2254	1560	19.8756
ERR13927576.2255	1564	16.1873
ERR13927576.2256	1564	15.7046
ERR13927576.2257	1562	18.9200
ERR13927576.2258	953	18.1018
ERR13927576.2259	1516	20.0020
ERR13927576.2260	1579	18.7961
ERR13927576.2261	1598	17.7872
ERR13927576.2262	1490	15.2302
ERR13927576.2263	1603	16.2452
ERR13927576.2264	1560	16.7000
ERR13927576.2265	1553	17.0097
ERR13927576.2266	1572	15.9924
ERR13927576.2267	1581	16.4592
ERR13927576.2268	1604	16.7712
ERR13927576.2269	1559	18.6998
ERR13927576.2270	1524	17.9186
ERR13927576.2271	1528	14.8495
ERR13927576.2272	1552	16.9079
ERR13927576.2273	1566	18.4955
ERR13927576.2274	1588	17.3306
ERR13927576.2275	1559	18.7441
ERR13927576.2276	1549	17.3228
ERR13927576.2277	1687	18.7647
ERR13927576.2278	1567	16.4505
ERR13927576.2279	1570	18.2732
ERR13927576.2280	1616	15.9220
ERR13927576.2281	1570	18.5140
ERR13927576.2282	1578	20.6572
ERR13927576.2283	697	17.5509
ERR13927576.2284	1612	15.8306
ERR13927576.2285	1533	17.4658
ERR13927576.2286	1574	17.4123
ERR13927576.2287	1590	16.3327
ERR13927576.2288	1627	18.5704
ERR13927576.2289	1541	16.0616
ERR13927576.2290	1566	15.7458
ERR13927576.2291	1561	14.8078
ERR13927576.2292	1584	17.0480
ERR13927576.2293	1593	16.2699
ERR13927576.2294	1611	16.2241
ERR13927576.2295	1593	17.5932
ERR13927576.2296	1548	19.0116
ERR13927576.2297	1541	16.6334
ERR13927576.2298	1560	17.6737
ERR13927576.2299	1579	16.8474
ERR13927576.2300	1584	18.3441
ERR13927576.2301	1607	18.1251
ERR13927576.2302	1575	17.1505
ERR13927576.2303	1555	16.0026
ERR13927576.2304	1550	16.5045
ERR13927576.2305	1527	17.5868
ERR13927576.2306	1582	19.4772
ERR13927576.2307	1560	18.1045
ERR13927576.2308	1580	18.6525
ERR13927576.2309	1549	17.6643
ERR13927576.2310	1568	15.7085
ERR13927576.2311	1561	18.0493
ERR13927576.2312	1557	15.6224
ERR13927576.2313	1457	16.3741
ERR13927576.2314	1579	14.8980
ERR13927576.2315	1592	18.8794
ERR13927576.2316	1554	19.0689
ERR13927576.2317	1561	14.8661
ERR13927576.2318	1568	17.8214
ERR13927576.2319	1597	16.2423
ERR13927576.2320	1552	16.4278
ERR13927576.2321	1557	17.9730
ERR13927576.2322	1579	18.1197
ERR13927576.2323	1554	17.7149
ERR13927576.2324	1062	19.2363
ERR13927576.2325	1562	16.0608
ERR13927576.2326	1561	18.0641
ERR13927576.2327	1585	17.9470
ERR13927576.2328	1583	18.1845
ERR13927576.2329	1566	17.9425
ERR13927576.2330	1362	16.1909
ERR13927576.2331	1057	17.9546
ERR13927576.2332	1225	20.0367
ERR13927576.2333	1608	19.2575
ERR13927576.2334	754	20.4191
ERR13927576.2335	1586	17.8241
ERR13927576.2336	1544	21.6535
ERR13927576.2337	1503	16.9867
ERR13927576.2338	1571	20.3635
ERR13927576.2339	1557	17.3905
ERR13927576.2340	1571	20.6798
ERR13927576.2341	1595	16.9875
ERR13927576.2342	1575	20.6851
ERR13927576.2343	1565	18.5329
ERR13927576.2344	1586	16.8235
ERR13927576.2345	1552	14.7906
ERR13927576.2346	1538	21.2061
ERR13927576.2347	1553	17.1146
ERR13927576.2348	1596	17.4668
ERR13927576.2349	1580	18.9848
ERR13927576.2350	1507	17.2044
ERR13927576.2351	1580	18.4563
ERR13927576.2352	1587	20.6761
ERR13927576.2353	1583	18.7612
ERR13927576.2354	1567	16.1410
ERR13927576.2355	1584	17.7986
ERR13927576.2356	1590	15.2893
ERR13927576.2357	1572	18.4332
ERR13927576.2358	1575	18.8641
ERR13927576.2359	1600	18.3681
ERR13927576.2360	1573	19.2695
ERR13927576.2361	1542	19.5636
ERR13927576.2362	1586	18.1992
ERR13927576.2363	1567	18.8392
ERR13927576.2364	1582	15.6049
ERR13927576.2365	1586	16.3323
ERR13927576.2366	1555	16.3068
ERR13927576.2367	1623	14.3876
ERR13927576.2368	1556	17.8117
ERR13927576.2369	1551	18.6312
ERR13927576.2370	1593	15.8788
ERR13927576.2371	1559	19.7197
ERR13927576.2372	1556	17.1690
ERR13927576.2373	1577	18.7571
ERR13927576.2374	1564	15.8005
ERR13927576.2375	1554	21.6873
ERR13927576.2376	1591	14.6009
ERR13927576.2377	1683	15.9198
ERR13927576.2378	1550	19.3368
ERR13927576.2379	1569	16.4595
ERR13927576.2380	1571	16.2005
ERR13927576.2381	1334	16.0360
ERR13927576.2382	1575	16.5873
ERR13927576.2383	1505	16.8372
ERR13927576.2384	1582	18.0582
ERR13927576.2385	1554	16.2909
ERR13927576.2386	1549	18.8547
ERR13927576.2387	1573	15.2848
ERR13927576.2388	1595	18.8696
ERR13927576.2389	1631	16.9902
ERR13927576.2390	1578	22.0266
ERR13927576.2391	1540	17.5097
ERR13927576.2392	1572	16.5242
ERR13927576.2393	1560	18.3449
ERR13927576.2394	1560	19.7628
ERR13927576.2395	1561	19.7643
ERR13927576.2396	1551	16.7408
ERR13927576.2397	1549	18.6081
ERR13927576.2398	1592	14.7092
ERR13927576.2399	1591	16.3935
ERR13927576.2400	1551	20.6821
ERR13927576.2401	1613	18.2505
ERR13927576.2402	1604	20.8822
ERR13927576.2403	1559	17.8775
ERR13927576.2404	1567	17.3548
ERR13927576.2405	1536	16.2611
ERR13927576.2406	1577	16.8542
ERR13927576.2407	1614	17.6326
ERR13927576.2408	1563	16.7255
ERR13927576.2409	1550	20.4994
ERR13927576.2410	1510	15.9139
ERR13927576.2411	1545	19.6434
ERR13927576.2412	1589	19.1938
ERR13927576.2413	1565	17.4032
ERR13927576.2414	1588	18.7135
ERR13927576.2415	1565	16.9815
ERR13927576.2416	1555	17.4572
ERR13927576.2417	1547	20.2922
ERR13927576.2418	1567	17.0638
ERR13927576.2419	1564	17.4789
ERR13927576.2420	1566	17.8442
ERR13927576.2421	367	15.2534
ERR13927576.2422	1582	17.1593
ERR13927576.2423	1567	16.2151
ERR13927576.2424	1564	16.2020
ERR13927576.2425	1588	15.8791
ERR13927576.2426	1574	14.3018
ERR13927576.2427	1546	17.6753
ERR13927576.2428	1561	15.1461
ERR13927576.2429	1380	17.5971
ERR13927576.2430	1545	16.1929
ERR13927576.2431	1152	14.6259
ERR13927576.2432	1638	17.3480
ERR13927576.2433	1546	18.0078
ERR13927576.2434	1569	15.3716
ERR13927576.2435	1591	15.9516
ERR13927576.2436	1569	18.0089
ERR13927576.2437	1532	16.5385
ERR13927576.2438	1527	16.8363
ERR13927576.2439	1626	18.3542
ERR13927576.2440	1578	15.3935
ERR13927576.2441	1541	16.2816
ERR13927576.2442	1572	17.8270
ERR13927576.2443	1563	18.6795
ERR13927576.2444	1568	17.8858
ERR13927576.2445	1583	18.4188
ERR13927576.2446	1573	17.1240
ERR13927576.2447	1567	17.6477
ERR13927576.2448	1558	15.8504
ERR13927576.2449	1541	17.0545
ERR13927576.2450	1586	18.0662
ERR13927576.2451	1533	19.8167
ERR13927576.2452	1552	15.9330
ERR13927576.2453	1611	19.8889
ERR13927576.2454	1576	17.3160
ERR13927576.2455	1587	17.1059
ERR13927576.2456	1569	17.5615
ERR13927576.2457	1521	16.6522
ERR13927576.2458	1567	19.1410
ERR13927576.2459	1583	14.8730
ERR13927576.2460	979	17.6210
ERR13927576.2461	1619	17.7647
ERR13927576.2462	1563	16.1663
ERR13927576.2463	1617	15.2146
ERR13927576.2464	1543	18.1854
ERR13927576.2465	1526	17.9043
ERR13927576.2466	1539	15.9370
ERR13927576.2467	1570	19.1000
ERR13927576.2468	1555	19.2952
ERR13927576.2469	1560	15.1506
ERR13927576.2470	1559	18.7947
ERR13927576.2471	1572	17.0884
ERR13927576.2472	1206	16.5158
ERR13927576.2473	1594	18.6123
ERR13927576.2474	1563	18.0377
ERR13927576.2475	1581	16.9551
ERR13927576.2476	1585	17.0202
ERR13927576.2477	1569	16.7298
ERR13927576.2478	1572	18.8842
ERR13927576.2479	933	16.3430
ERR13927576.2480	1529	15.7737
ERR13927576.2481	1555	17.4559
ERR13927576.2482	1563	16.6481
ERR13927576.2483	1590	16.4377
ERR13927576.2484	1560	17.7186
ERR13927576.2485	1519	16.4174
ERR13927576.2486	1619	16.4342
ERR13927576.2487	1586	18.3323
ERR13927576.2488	1513	15.7317
ERR13927576.2489	1578	18.2814
ERR13927576.2490	1544	15.5136
ERR13927576.2491	1539	17.2917
ERR13927576.2492	1552	16.8640
ERR13927576.2493	1592	15.1187
ERR13927576.2494	1593	15.4237
ERR13927576.2495	1547	16.6587
ERR13927576.2496	1518	17.1094
ERR13927576.2497	1556	17.8612
ERR13927576.2498	1595	18.3944
ERR13927576.2499	1543	20.8043
ERR13927576.2500	1567	16.3797
ERR13927576.2501	1550	15.1697
ERR13927576.2502	1546	16.2497
ERR13927576.2503	1550	15.0084
ERR13927576.2504	1580	18.0519
ERR13927576.2505	1554	19.1030
ERR13927576.2506	1534	16.2503
ERR13927576.2507	1658	16.8932
ERR13927576.2508	1562	21.8860
ERR13927576.2509	1598	19.1583
ERR13927576.2510	1534	16.0143
ERR13927576.2511	1501	16.6789
ERR13927576.2512	1588	19.7097
ERR13927576.2513	1557	18.0970
ERR13927576.2514	1562	18.7580
ERR13927576.2515	1583	19.8427
ERR13927576.2516	1567	17.3995
ERR13927576.2517	1613	19.7551
ERR13927576.2518	1573	14.4927
ERR13927576.2519	1574	16.0470
ERR13927576.2520	1038	14.8507
ERR13927576.2521	1571	14.8428
ERR13927576.2522	708	18.0325
ERR13927576.2523	1551	15.9703
ERR13927576.2524	1558	18.5546
ERR13927576.2525	1600	17.6638
ERR13927576.2526	1540	18.1617
ERR13927576.2527	1559	17.5285
ERR13927576.2528	1667	16.4667
ERR13927576.2529	1570	16.2503
ERR13927576.2530	1573	20.3865
ERR13927576.2531	1568	19.1059
ERR13927576.2532	1556	16.4139
ERR13927576.2533	1595	18.6382
ERR13927576.2534	1556	18.2237
ERR13927576.2535	1551	16.8324
ERR13927576.2536	1590	18.0692
ERR13927576.2537	1573	15.6548
ERR13927576.2538	1570	17.4382
ERR13927576.2539	1597	16.5141
ERR13927576.2540	1540	14.4494
ERR13927576.2541	1561	15.9833
ERR13927576.2542	1581	19.9829
ERR13927576.2543	1539	17.5614
ERR13927576.2544	1522	18.7970
ERR13927576.2545	1568	17.9962
ERR13927576.2546	1597	20.6318
ERR13927576.2547	1551	17.3404
ERR13927576.2548	1567	16.0383
ERR13927576.2549	1540	16.0065
ERR13927576.2550	1571	20.3138
ERR13927576.2551	1552	15.1282
ERR13927576.2552	1571	18.2228
ERR13927576.2553	1558	18.6605
ERR13927576.2554	1572	18.3416
ERR13927576.2555	1523	15.6776
ERR13927576.2556	1564	17.9258
ERR13927576.2557	1583	18.7157
ERR13927576.2558	1569	16.6507
ERR13927576.2559	677	14.9778
ERR13927576.2560	1592	16.4724
ERR13927576.2561	1572	18.4421
ERR13927576.2562	1584	17.6528
ERR13927576.2563	1565	15.7073
ERR13927576.2564	1583	15.8427
ERR13927576.2565	1556	19.2314
ERR13927576.2566	1570	16.5777
ERR13927576.2567	1550	17.3729
ERR13927576.2568	1570	19.5535
ERR13927576.2569	1593	19.3227
ERR13927576.2570	1534	18.7731
ERR13927576.2571	1535	14.2964
ERR13927576.2572	1582	19.7351
ERR13927576.2573	1563	16.5425
ERR13927576.2574	1598	19.1552
ERR13927576.2575	1571	17.3240
ERR13927576.2576	1578	19.6204
ERR13927576.2577	1560	14.8641
ERR13927576.2578	1176	17.9235
ERR13927576.2579	1589	16.8886
ERR13927576.2580	1585	17.2126
ERR13927576.2581	1585	20.2763
ERR13927576.2582	1504	13.9249
ERR13927576.2583	1553	17.5621
ERR13927576.2584	1569	17.8311
ERR13927576.2585	1567	18.2610
ERR13927576.2586	1554	21.0959
ERR13927576.2587	1577	17.4331
ERR13927576.2588	1487	15.1621
ERR13927576.2589	1568	17.5886
ERR13927576.2590	1558	14.3941
ERR13927576.2591	1577	18.8358
ERR13927576.2592	1597	15.7489
ERR13927576.2593	1544	19.1982
ERR13927576.2594	1190	19.2176
ERR13927576.2595	1560	17.3622
ERR13927576.2596	1580	16.4291
ERR13927576.2597	1551	17.5081
ERR13927576.2598	1607	18.2246
ERR13927576.2599	1558	15.5911
ERR13927576.2600	1554	17.5193
ERR13927576.2601	1572	16.7188
ERR13927576.2602	1584	17.4205
ERR13927576.2603	1570	17.3255
ERR13927576.2604	1589	18.3128
ERR13927576.2605	1586	21.1986
ERR13927576.2606	1568	15.9228
ERR13927576.2607	1593	17.8814
ERR13927576.2608	1592	16.3970
ERR13927576.2609	1557	16.3937
ERR13927576.2610	1582	17.7845
ERR13927576.2611	1568	18.2436
ERR13927576.2612	1601	17.9500
ERR13927576.2613	1563	18.3359
ERR13927576.2614	1562	15.9059
ERR13927576.2615	1566	19.3678
ERR13927576.2616	1574	19.7891
ERR13927576.2617	1582	18.2668
ERR13927576.2618	1544	16.1282
ERR13927576.2619	1521	16.3471
ERR13927576.2620	1576	16.7582
ERR13927576.2621	1573	17.0019
ERR13927576.2622	1594	19.0784
ERR13927576.2623	1559	19.5657
ERR13927576.2624	1538	14.6463
ERR13927576.2625	1600	17.6412
ERR13927576.2626	241	14.6805
ERR13927576.2627	1518	16.0290
ERR13927576.2628	1555	16.2521
ERR13927576.2629	1588	17.2903
ERR13927576.2630	1562	19.9667
ERR13927576.2631	1557	15.4875
ERR13927576.2632	1582	16.7649
ERR13927576.2633	1548	20.0872
ERR13927576.2634	1127	13.6176
ERR13927576.2635	1581	14.8419
ERR13927576.2636	1574	16.4606
ERR13927576.2637	1615	17.9969
ERR13927576.2638	1556	20.5630
ERR13927576.2639	1590	17.6591
ERR13927576.2640	1551	17.1186
ERR13927576.2641	1622	16.5820
ERR13927576.2642	1524	16.9573
ERR13927576.2643	1575	20.1638
ERR13927576.2644	1593	20.7753
ERR13927576.2645	1596	17.3709
ERR13927576.2646	1592	17.6514
ERR13927576.2647	1562	17.1056
ERR13927576.2648	1541	20.6658
ERR13927576.2649	1583	19.1586
ERR13927576.2650	1576	15.8706
ERR13927576.2651	1556	15.2956
ERR13927576.2652	1558	16.1168
ERR13927576.2653	1553	18.4482
ERR13927576.2654	1566	19.1437
ERR13927576.2655	1544	17.5376
ERR13927576.2656	1579	19.6466
ERR13927576.2657	1591	20.0937
ERR13927576.2658	1616	15.2147
ERR13927576.2659	1563	16.0486
ERR13927576.2660	1529	16.0948
ERR13927576.2661	1582	17.6580
ERR13927576.2662	1581	16.6015
ERR13927576.2663	1569	18.1842
ERR13927576.2664	1528	18.4418
ERR13927576.2665	1639	20.2587
ERR13927576.2666	1589	16.2190
ERR13927576.2667	1575	17.6654
ERR13927576.2668	1583	16.3266
ERR13927576.2669	1587	20.4241
ERR13927576.2670	1528	15.4777
ERR13927576.2671	1557	17.5710
ERR13927576.2672	1599	17.0919
ERR13927576.2673	1293	16.3357
ERR13927576.2674	1587	15.3585
ERR13927576.2675	1587	18.2867
ERR13927576.2676	1569	15.7444
ERR13927576.2677	1021	20.2233
ERR13927576.2678	1592	15.5264
ERR13927576.2679	1564	18.3996
ERR13927576.2680	1555	18.3871
ERR13927576.2681	1601	16.7445
ERR13927576.2682	1546	16.3389
ERR13927576.2683	1179	16.1561
ERR13927576.2684	1517	16.3619
ERR13927576.2685	1585	19.8555
ERR13927576.2686	1610	18.8901
ERR13927576.2687	1580	14.2487
ERR13927576.2688	1518	15.3900
ERR13927576.2689	1533	16.5205
ERR13927576.2690	1559	17.8178
ERR13927576.2691	1573	18.9065
ERR13927576.2692	1607	22.0361
ERR13927576.2693	1578	19.6907
ERR13927576.2694	1568	16.6518
ERR13927576.2695	1516	17.5785
ERR13927576.2696	1596	18.2638
ERR13927576.2697	1568	20.3291
ERR13927576.2698	1556	15.0514
ERR13927576.2699	1577	19.0032
ERR13927576.2700	1587	18.8135
ERR13927576.2701	1495	18.4689
ERR13927576.2702	1578	15.9322
ERR13927576.2703	1543	16.9034
ERR13927576.2704	1579	20.0646
ERR13927576.2705	1594	17.2886
ERR13927576.2706	1580	15.7816
ERR13927576.2707	1609	16.9012
ERR13927576.2708	1546	14.6488
ERR13927576.2709	1575	18.8971
ERR13927576.2710	1577	16.0450
ERR13927576.2711	1590	19.9415
ERR13927576.2712	1589	21.3222
ERR13927576.2713	1616	17.7048
ERR13927576.2714	1570	17.9917
ERR13927576.2715	1538	18.7243
ERR13927576.2716	1585	18.9722
ERR13927576.2717	1550	17.2484
ERR13927576.2718	1558	17.6746
ERR13927576.2719	1492	16.4772
ERR13927576.2720	772	15.5453
ERR13927576.2721	1567	18.4563
ERR13927576.2722	1574	17.5794
ERR13927576.2723	1537	17.4821
ERR13927576.2724	1563	19.2073
ERR13927576.2725	1550	17.1103
ERR13927576.2726	1583	17.9204
ERR13927576.2727	1564	16.6944
ERR13927576.2728	1557	20.9223
ERR13927576.2729	1551	15.6460
ERR13927576.2730	1565	16.8460
ERR13927576.2731	1546	16.1235
ERR13927576.2732	1582	18.0980
ERR13927576.2733	1540	20.2253
ERR13927576.2734	1571	22.2266
ERR13927576.2735	1526	15.0111
ERR13927576.2736	1535	17.2287
ERR13927576.2737	1559	18.1437
ERR13927576.2738	1561	18.6797
ERR13927576.2739	1570	17.0006
ERR13927576.2740	1524	16.5066
ERR13927576.2741	1588	18.1958
ERR13927576.2742	1543	17.6131
ERR13927576.2743	1566	18.0064
ERR13927576.2744	1563	16.1331
ERR13927576.2745	1558	18.2599
ERR13927576.2746	1547	16.2502
ERR13927576.2747	1574	18.4117
ERR13927576.2748	1547	16.0401
ERR13927576.2749	1560	17.8269
ERR13927576.2750	1154	21.3640
ERR13927576.2751	1570	14.3038
ERR13927576.2752	1572	18.7112
ERR13927576.2753	1571	18.9644
ERR13927576.2754	1574	16.8208
ERR13927576.2755	1560	16.9462
ERR13927576.2756	1575	16.4584
ERR13927576.2757	1566	17.3480
ERR13927576.2758	1590	19.6660
ERR13927576.2759	1505	19.1256
ERR13927576.2760	1591	17.9899
ERR13927576.2761	1556	18.2108
ERR13927576.2762	1612	15.4423
ERR13927576.2763	1513	14.2545
ERR13927576.2764	1562	18.9187
ERR13927576.2765	1572	18.5503
ERR13927576.2766	1565	15.0415
ERR13927576.2767	1543	16.5768
ERR13927576.2768	1574	16.4867
ERR13927576.2769	1590	20.5862
ERR13927576.2770	1581	19.1101
ERR13927576.2771	1555	18.5003
ERR13927576.2772	1562	18.4469
ERR13927576.2773	1487	15.2044
ERR13927576.2774	1588	17.3212
ERR13927576.2775	1564	16.5671
ERR13927576.2776	1544	15.7124
ERR13927576.2777	1565	14.1438
ERR13927576.2778	1592	16.9874
ERR13927576.2779	1576	19.0527
ERR13927576.2780	1592	18.2286
ERR13927576.2781	1596	14.0088
ERR13927576.2782	1561	17.0416
ERR13927576.2783	1587	18.8954
ERR13927576.2784	1496	18.9064
ERR13927576.2785	1568	16.5000
ERR13927576.2786	1564	15.9354
ERR13927576.2787	1587	18.9376
ERR13927576.2788	1544	17.1237
ERR13927576.2789	1554	19.7317
ERR13927576.2790	1543	17.6760
ERR13927576.2791	1565	17.2006
ERR13927576.2792	1566	17.9566
ERR13927576.2793	1610	16.5193
ERR13927576.2794	1551	17.1779
ERR13927576.2795	1578	16.3511
ERR13927576.2796	1558	19.1534
ERR13927576.2797	1564	16.0908
ERR13927576.2798	1160	17.8966
ERR13927576.2799	543	19.0331
ERR13927576.2800	1621	18.6823
ERR13927576.2801	1602	18.8764
ERR13927576.2802	1557	17.4226
ERR13927576.2803	1513	15.5360
ERR13927576.2804	1622	20.1443
ERR13927576.2805	1636	17.5428
ERR13927576.2806	1724	18.4281
ERR13927576.2807	1572	14.3861
ERR13927576.2808	1569	17.5583
ERR13927576.2809	1539	17.5835
ERR13927576.2810	1586	18.9546
ERR13927576.2811	1575	15.3994
ERR13927576.2812	1558	17.5398
ERR13927576.2813	1566	17.1462
ERR13927576.2814	1538	15.8199
ERR13927576.2815	1566	17.8940
ERR13927576.2816	1582	16.8685
ERR13927576.2817	1580	15.5937
ERR13927576.2818	1572	18.6221
ERR13927576.2819	1582	20.7187
ERR13927576.2820	1577	16.7089
ERR13927576.2821	1532	16.7428
ERR13927576.2822	1595	18.1003
ERR13927576.2823	1556	14.5611
ERR13927576.2824	1601	18.4085
ERR13927576.2825	1581	19.1562
ERR13927576.2826	1371	17.1772
ERR13927576.2827	1566	18.2848
ERR13927576.2828	1544	17.6321
ERR13927576.2829	1589	18.6507
ERR13927576.2830	1613	16.3211
ERR13927576.2831	1536	17.6309
ERR13927576.2832	1566	18.6258
ERR13927576.2833	1574	18.2579
ERR13927576.2834	1545	16.5094
ERR13927576.2835	1545	16.8019
ERR13927576.2836	749	15.5554
ERR13927576.2837	1538	15.8355
ERR13927576.2838	1517	16.4984
ERR13927576.2839	1555	18.7383
ERR13927576.2840	1597	16.7176
ERR13927576.2841	1544	16.5350
ERR13927576.2842	554	16.1029
ERR13927576.2843	1562	16.5506
ERR13927576.2844	1222	21.1514
ERR13927576.2845	1556	14.6902
ERR13927576.2846	1559	17.8768
ERR13927576.2847	1568	15.0312
ERR13927576.2848	1569	18.2447
ERR13927576.2849	1540	19.6058
ERR13927576.2850	1580	16.9703
ERR13927576.2851	1566	18.6111
ERR13927576.2852	1578	15.5887
ERR13927576.2853	1561	15.3421
ERR13927576.2854	1584	17.3510
ERR13927576.2855	1561	18.2402
ERR13927576.2856	1249	16.0320
ERR13927576.2857	330	17.3061
ERR13927576.2858	1566	17.4898
ERR13927576.2859	1569	16.3423
ERR13927576.2860	1562	15.9117
ERR13927576.2861	1552	16.6939
ERR13927576.2862	1080	21.0509
ERR13927576.2863	1529	16.0144
ERR13927576.2864	1541	18.9585
ERR13927576.2865	1618	18.1650
ERR13927576.2866	1556	14.5302
ERR13927576.2867	1585	17.3653
ERR13927576.2868	1565	18.1604
ERR13927576.2869	1573	18.1844
ERR13927576.2870	1560	21.1891
ERR13927576.2871	1544	18.2649
ERR13927576.2872	1535	17.3394
ERR13927576.2873	1594	18.1123
ERR13927576.2874	1587	16.6219
ERR13927576.2875	1599	17.3777
ERR13927576.2876	1569	18.7782
ERR13927576.2877	1572	14.7163
ERR13927576.2878	1603	19.7074
ERR13927576.2879	1562	18.1652
ERR13927576.2880	1581	19.7128
ERR13927576.2881	1565	17.3974
ERR13927576.2882	1553	16.2730
ERR13927576.2883	1541	17.0649
ERR13927576.2884	1546	20.0013
ERR13927576.2885	1591	19.6003
ERR13927576.2886	1612	14.4764
ERR13927576.2887	1609	16.5469
ERR13927576.2888	1564	17.2558
ERR13927576.2889	1585	19.1413
ERR13927576.2890	1572	19.6107
ERR13927576.2891	1602	17.8596
ERR13927576.2892	1601	17.7577
ERR13927576.2893	1556	16.9775
ERR13927576.2894	1566	17.0326
ERR13927576.2895	1287	16.9526
ERR13927576.2896	1584	19.7891
ERR13927576.2897	1584	19.5814
ERR13927576.2898	1566	16.9272
ERR13927576.2899	1563	17.8612
ERR13927576.2900	1575	18.8013
ERR13927576.2901	1380	15.8181
ERR13927576.2902	1546	17.8609
ERR13927576.2903	1569	14.6221
ERR13927576.2904	1516	16.6715
ERR13927576.2905	1567	17.8883
ERR13927576.2906	1533	16.9706
ERR13927576.2907	1576	20.2379
ERR13927576.2908	1554	18.0785
ERR13927576.2909	1572	19.9911
ERR13927576.2910	212	17.9717
ERR13927576.2911	1554	19.1879
ERR13927576.2912	1536	17.3229
ERR13927576.2913	1551	16.2366
ERR13927576.2914	1568	14.9235
ERR13927576.2915	1605	16.9121
ERR13927576.2916	1587	16.3050
ERR13927576.2917	1572	15.6132
ERR13927576.2918	1716	20.9598
ERR13927576.2919	1603	17.6968
ERR13927576.2920	1577	18.8681
ERR13927576.2921	1578	19.4024
ERR13927576.2922	1576	16.0850
ERR13927576.2923	1572	15.5019
ERR13927576.2924	1569	20.5889
ERR13927576.2925	1519	16.0922
ERR13927576.2926	1653	16.6655
ERR13927576.2927	1612	19.4764
ERR13927576.2928	1583	16.7827
ERR13927576.2929	1561	16.7707
ERR13927576.2930	1541	16.4601
ERR13927576.2931	1518	18.9262
ERR13927576.2932	1174	17.3935
ERR13927576.2933	1536	15.0169
ERR13927576.2934	1565	17.6070
ERR13927576.2935	3162	16.0889
ERR13927576.2936	1549	14.5668
ERR13927576.2937	1553	17.2543
ERR13927576.2938	1555	18.0174
ERR13927576.2939	1315	17.1369
ERR13927576.2940	1544	15.8102
ERR13927576.2941	1549	16.7889
ERR13927576.2942	1571	18.8892
ERR13927576.2943	1588	16.8514
ERR13927576.2944	1560	18.7147
ERR13927576.2945	1665	19.6859
ERR13927576.2946	1595	15.0213
ERR13927576.2947	1107	16.8464
ERR13927576.2948	1538	15.5221
ERR13927576.2949	1530	17.0281
ERR13927576.2950	1560	18.8038
ERR13927576.2951	1557	15.2229
ERR13927576.2952	1597	17.2674
ERR13927576.2953	1568	16.6378
ERR13927576.2954	1600	18.8550
ERR13927576.2955	1557	16.5626
ERR13927576.2956	1556	19.7192
ERR13927576.2957	1589	16.8603
ERR13927576.2958	1604	15.8229
ERR13927576.2959	1617	17.4199
ERR13927576.2960	1571	16.1095
ERR13927576.2961	1619	17.6998
ERR13927576.2962	1570	15.3096
ERR13927576.2963	1551	18.8188
ERR13927576.2964	1495	18.4796
ERR13927576.2965	1565	18.5208
ERR13927576.2966	1636	16.4322
ERR13927576.2967	1537	15.7899
ERR13927576.2968	469	16.6269
ERR13927576.2969	1610	16.9273
ERR13927576.2970	1527	16.3425
ERR13927576.2971	1596	18.3033
ERR13927576.2972	1579	17.8068
ERR13927576.2973	1568	16.1122
ERR13927576.2974	1573	17.9752
ERR13927576.2975	1562	14.1773
ERR13927576.2976	472	15.5360
ERR13927576.2977	1562	17.2497
ERR13927576.2978	1595	16.5335
ERR13927576.2979	1588	17.6568
ERR13927576.2980	1582	18.2958
ERR13927576.2981	1558	17.9089
ERR13927576.2982	1605	19.1832
ERR13927576.2983	892	17.8430
ERR13927576.2984	1536	15.0020
ERR13927576.2985	1555	18.8232
ERR13927576.2986	1571	15.9885
ERR13927576.2987	1573	18.3770
ERR13927576.2988	1613	18.5220
ERR13927576.2989	1570	16.1904
ERR13927576.2990	1582	19.2465
ERR13927576.2991	1605	18.7477
ERR13927576.2992	1570	16.4350
ERR13927576.2993	1553	16.1230
ERR13927576.2994	1583	19.1737
ERR13927576.2995	1611	17.9317
ERR13927576.2996	1552	15.9871
ERR13927576.2997	1575	15.6305
ERR13927576.2998	1592	16.7437
ERR13927576.2999	1568	16.2239
ERR13927576.3000	1542	17.2010
ERR13927576.3001	1555	17.2997
ERR13927576.3002	845	14.7503
ERR13927576.3003	1549	15.3957
ERR13927576.3004	1560	15.7019
ERR13927576.3005	1580	20.2924
ERR13927576.3006	641	19.5101
ERR13927576.3007	1552	15.5573
ERR13927576.3008	1531	18.9001
ERR13927576.3009	1544	15.5622
ERR13927576.3010	1586	15.9439
ERR13927576.3011	1551	15.9213
ERR13927576.3012	1578	18.7934
ERR13927576.3013	1541	15.2265
ERR13927576.3014	1596	16.6259
ERR13927576.3015	1570	16.9911
ERR13927576.3016	1564	16.7634
ERR13927576.3017	1591	14.7190
ERR13927576.3018	1544	16.5667
ERR13927576.3019	1534	16.6734
ERR13927576.3020	1584	17.3598
ERR13927576.3021	1608	16.7282
ERR13927576.3022	1587	18.2949
ERR13927576.3023	1559	16.6889
ERR13927576.3024	1553	17.8616
ERR13927576.3025	1572	18.4828
ERR13927576.3026	1576	18.0070
ERR13927576.3027	1467	20.3933
ERR13927576.3028	1577	19.7616
ERR13927576.3029	1575	18.4978
ERR13927576.3030	1579	19.3407
ERR13927576.3031	1576	16.2475
ERR13927576.3032	1564	17.4783
ERR13927576.3033	1557	17.2710
ERR13927576.3034	1550	18.4813
ERR13927576.3035	1574	18.4384
ERR13927576.3036	1110	17.7378
ERR13927576.3037	1555	18.2842
ERR13927576.3038	1575	17.3841
ERR13927576.3039	1583	16.7164
ERR13927576.3040	1520	16.8724
ERR13927576.3041	1547	18.6134
ERR13927576.3042	1578	21.1806
ERR13927576.3043	1576	18.0400
ERR13927576.3044	1554	14.8726
ERR13927576.3045	1349	15.0667
ERR13927576.3046	1618	19.8282
ERR13927576.3047	1605	16.3271
ERR13927576.3048	1593	18.2643
ERR13927576.3049	1593	19.4457
ERR13927576.3050	1533	17.3790
ERR13927576.3051	1575	15.4457
ERR13927576.3052	1573	18.7597
ERR13927576.3053	1600	18.2625
ERR13927576.3054	1524	17.6818
ERR13927576.3055	1576	19.1022
ERR13927576.3056	1581	19.9779
ERR13927576.3057	1563	15.2534
ERR13927576.3058	1573	19.8481
ERR13927576.3059	1595	19.4596
ERR13927576.3060	1549	18.3286
ERR13927576.3061	1547	16.6406
ERR13927576.3062	1570	17.2427
ERR13927576.3063	1562	17.5115
ERR13927576.3064	1534	18.6232
ERR13927576.3065	1547	17.5727
ERR13927576.3066	1622	18.5438
ERR13927576.3067	1545	17.9961
ERR13927576.3068	1559	15.5677
ERR13927576.3069	1570	17.3682
ERR13927576.3070	1557	16.1657
ERR13927576.3071	1558	15.9063
ERR13927576.3072	1593	16.0967
ERR13927576.3073	1555	18.9904
ERR13927576.3074	1613	16.1525
ERR13927576.3075	1614	19.5923
ERR13927576.3076	1455	16.0103
ERR13927576.3077	1569	16.7680
ERR13927576.3078	1564	17.3338
ERR13927576.3079	1565	17.2562
ERR13927576.3080	1581	15.0904
ERR13927576.3081	365	17.4548
ERR13927576.3082	1570	19.5656
ERR13927576.3083	1507	14.5740
ERR13927576.3084	1572	19.6431
ERR13927576.3085	1542	19.0837
ERR13927576.3086	1562	19.7202
ERR13927576.3087	1571	17.3622
ERR13927576.3088	1543	16.5762
ERR13927576.3089	1575	18.5644
ERR13927576.3090	212	15.0519
ERR13927576.3091	1576	17.3357
ERR13927576.3092	1539	14.9584
ERR13927576.3093	1550	18.8187
ERR13927576.3094	1565	18.5054
ERR13927576.3095	1579	17.1811
ERR13927576.3096	1589	19.7118
ERR13927576.3097	1575	20.3321
ERR13927576.3098	1560	19.6013
ERR13927576.3099	1581	19.3757
ERR13927576.3100	1589	18.9987
ERR13927576.3101	1557	17.5581
ERR13927576.3102	1604	15.5779
ERR13927576.3103	1568	20.7430
ERR13927576.3104	1598	15.7340
ERR13927576.3105	1547	16.4467
ERR13927576.3106	1542	16.2270
ERR13927576.3107	1548	18.7694
ERR13927576.3108	1577	16.7590
ERR13927576.3109	1549	19.4784
ERR13927576.3110	1537	16.6337
ERR13927576.3111	1558	17.1021
ERR13927576.3112	1564	18.0345
ERR13927576.3113	1575	17.9149
ERR13927576.3114	1587	14.9534
ERR13927576.3115	1584	17.1042
ERR13927576.3116	1599	20.1376
ERR13927576.3117	1590	19.0396
ERR13927576.3118	1685	20.0083
ERR13927576.3119	1601	15.1274
ERR13927576.3120	1554	17.8443
ERR13927576.3121	1564	18.7161
ERR13927576.3122	1562	22.7125
ERR13927576.3123	1596	16.8308
ERR13927576.3124	1568	16.2653
ERR13927576.3125	1564	15.9271
ERR13927576.3126	1488	16.1210
ERR13927576.3127	1600	17.9537
ERR13927576.3128	1575	17.4133
ERR13927576.3129	1570	15.2943
ERR13927576.3130	1617	19.4459
ERR13927576.3131	1142	16.4615
ERR13927576.3132	1570	20.9185
ERR13927576.3133	1560	14.5808
ERR13927576.3134	1588	18.2664
ERR13927576.3135	1596	16.4355
ERR13927576.3136	1554	16.9987
ERR13927576.3137	1530	16.7575
ERR13927576.3138	1559	17.0398
ERR13927576.3139	1544	19.3653
ERR13927576.3140	1573	18.6135
ERR13927576.3141	1561	17.9712
ERR13927576.3142	1621	15.4053
ERR13927576.3143	1590	18.3987
ERR13927576.3144	1550	17.1581
ERR13927576.3145	1576	16.3896
ERR13927576.3146	1528	17.4149
ERR13927576.3147	1595	19.6270
ERR13927576.3148	1240	21.9000
ERR13927576.3149	1588	19.4868
ERR13927576.3150	1542	15.7549
ERR13927576.3151	1620	16.3222
ERR13927576.3152	1556	16.2095
ERR13927576.3153	1584	19.5537
ERR13927576.3154	1570	18.2694
ERR13927576.3155	1495	15.3117
ERR13927576.3156	1537	16.3832
ERR13927576.3157	1448	15.3391
ERR13927576.3158	1266	17.3412
ERR13927576.3159	1614	17.4473
ERR13927576.3160	1557	15.5851
ERR13927576.3161	1589	17.6086
ERR13927576.3162	1605	17.1857
ERR13927576.3163	1544	16.1127
ERR13927576.3164	1563	17.0371
ERR13927576.3165	1571	18.2941
ERR13927576.3166	1603	17.2002
ERR13927576.3167	1574	15.0889
ERR13927576.3168	1582	15.2984
ERR13927576.3169	1412	17.2578
ERR13927576.3170	1555	16.7518
ERR13927576.3171	1633	16.6093
ERR13927576.3172	1597	16.5930
ERR13927576.3173	1563	16.4990
ERR13927576.3174	1571	20.1999
ERR13927576.3175	1076	15.6496
ERR13927576.3176	1005	15.9204
ERR13927576.3177	1542	16.6796
ERR13927576.3178	1581	17.1467
ERR13927576.3179	1585	19.3136
ERR13927576.3180	1583	16.1718
ERR13927576.3181	1565	16.2805
ERR13927576.3182	1588	19.6247
ERR13927576.3183	1586	15.9735
ERR13927576.3184	1561	20.0006
ERR13927576.3185	1558	19.5796
ERR13927576.3186	1562	17.6504
ERR13927576.3187	1544	17.5266
ERR13927576.3188	1088	16.4182
ERR13927576.3189	1590	18.5654
ERR13927576.3190	1560	21.2244
ERR13927576.3191	1482	15.1329
ERR13927576.3192	1599	15.7924
ERR13927576.3193	1571	14.9090
ERR13927576.3194	1544	15.2798
ERR13927576.3195	1544	16.1256
ERR13927576.3196	1523	15.8693
ERR13927576.3197	1572	19.6279
ERR13927576.3198	1571	17.1216
ERR13927576.3199	1581	20.6888
ERR13927576.3200	1523	20.8372
ERR13927576.3201	1578	17.9531
ERR13927576.3202	1571	17.4449
ERR13927576.3203	1496	15.9278
ERR13927576.3204	1547	18.6671
ERR13927576.3205	1559	17.9513
ERR13927576.3206	1568	16.2736
ERR13927576.3207	1630	15.6810
ERR13927576.3208	1513	14.9465
ERR13927576.3209	1289	19.7921
ERR13927576.3210	1543	16.4984
ERR13927576.3211	1507	16.7605
ERR13927576.3212	1581	14.7350
ERR13927576.3213	1578	16.3105
ERR13927576.3214	1564	19.2225
ERR13927576.3215	1585	16.1987
ERR13927576.3216	1585	17.0991
ERR13927576.3217	1534	15.1630
ERR13927576.3218	1589	17.4305
ERR13927576.3219	1575	22.6317
ERR13927576.3220	1554	15.8713
ERR13927576.3221	1525	16.4400
ERR13927576.3222	1556	17.0334
ERR13927576.3223	1540	18.5474
ERR13927576.3224	1599	17.2339
ERR13927576.3225	1575	15.1060
ERR13927576.3226	1519	17.6017
ERR13927576.3227	1551	15.8034
ERR13927576.3228	1562	15.9661
ERR13927576.3229	1538	17.8979
ERR13927576.3230	1537	17.1477
ERR13927576.3231	1595	15.3850
ERR13927576.3232	1566	20.9476
ERR13927576.3233	1536	18.0762
ERR13927576.3234	1592	17.1665
ERR13927576.3235	1564	17.0153
ERR13927576.3236	1557	17.0539
ERR13927576.3237	1349	16.6798
ERR13927576.3238	1612	19.5298
ERR13927576.3239	1568	16.1862
ERR13927576.3240	1534	14.8272
ERR13927576.3241	1572	16.5134
ERR13927576.3242	1617	17.5745
ERR13927576.3243	1552	17.3976
ERR13927576.3244	1612	15.6148
ERR13927576.3245	1554	19.8655
ERR13927576.3246	1589	18.2171
ERR13927576.3247	1556	15.7905
ERR13927576.3248	1583	21.4991
ERR13927576.3249	1576	19.3934
ERR13927576.3250	1580	18.5905
ERR13927576.3251	1512	17.2077
ERR13927576.3252	1566	15.4891
ERR13927576.3253	1575	17.1663
ERR13927576.3254	1645	15.9380
ERR13927576.3255	1589	16.8855
ERR13927576.3256	1546	16.6669
ERR13927576.3257	1562	15.7843
ERR13927576.3258	1595	14.2884
ERR13927576.3259	1557	16.8606
ERR13927576.3260	1562	15.7740
ERR13927576.3261	1609	15.1846
ERR13927576.3262	1562	18.2407
ERR13927576.3263	1535	17.8456
ERR13927576.3264	1570	17.8121
ERR13927576.3265	1555	16.7145
ERR13927576.3266	1576	14.6225
ERR13927576.3267	1577	18.8212
ERR13927576.3268	1524	16.0361
ERR13927576.3269	1567	20.3848
ERR13927576.3270	1570	18.3045
ERR13927576.3271	1586	17.1053
ERR13927576.3272	1537	16.5270
ERR13927576.3273	1584	20.6237
ERR13927576.3274	1605	18.4237
ERR13927576.3275	1518	13.7793
ERR13927576.3276	1581	17.8798
ERR13927576.3277	1567	16.0459
ERR13927576.3278	1552	18.2590
ERR13927576.3279	1285	18.5292
ERR13927576.3280	599	18.1803
ERR13927576.3281	1542	17.1524
ERR13927576.3282	1593	19.0948
ERR13927576.3283	1571	17.4220
ERR13927576.3284	1528	17.6204
ERR13927576.3285	1550	16.2406
ERR13927576.3286	1594	16.8130
ERR13927576.3287	1584	17.3996
ERR13927576.3288	1019	16.2689
ERR13927576.3289	1568	18.0140
ERR13927576.3290	1428	17.9965
ERR13927576.3291	1579	20.1856
ERR13927576.3292	1573	14.9905
ERR13927576.3293	1572	17.1412
ERR13927576.3294	1587	15.8349
ERR13927576.3295	1574	18.7630
ERR13927576.3296	1567	20.1289
ERR13927576.3297	1574	19.5407
ERR13927576.3298	1539	18.1040
ERR13927576.3299	1529	15.7731
ERR13927576.3300	1576	15.4327
ERR13927576.3301	1568	16.2207
ERR13927576.3302	1591	15.6185
ERR13927576.3303	1601	15.6052
ERR13927576.3304	1179	14.9975
ERR13927576.3305	1567	20.2821
ERR13927576.3306	1575	16.9797
ERR13927576.3307	1522	15.1603
ERR13927576.3308	1524	16.0932
ERR13927576.3309	1583	16.7094
ERR13927576.3310	1554	16.2542
ERR13927576.3311	1570	17.9962
ERR13927576.3312	1067	16.1471
ERR13927576.3313	1520	16.2257
ERR13927576.3314	1593	16.1481
ERR13927576.3315	1545	17.8168
ERR13927576.3316	1584	16.4571
ERR13927576.3317	1558	15.1226
ERR13927576.3318	1719	17.8546
ERR13927576.3319	1558	16.1746
ERR13927576.3320	1567	19.2508
ERR13927576.3321	1572	20.8454
ERR13927576.3322	1566	17.7759
ERR13927576.3323	1562	15.3809
ERR13927576.3324	1557	16.7078
ERR13927576.3325	653	14.7351
ERR13927576.3326	1149	19.1271
ERR13927576.3327	1545	19.5625
ERR13927576.3328	1587	16.4675
ERR13927576.3329	1594	18.2171
ERR13927576.3330	1498	17.5467
ERR13927576.3331	1544	16.6069
ERR13927576.3332	1551	18.2805
ERR13927576.3333	1536	20.9720
ERR13927576.3334	1561	18.6592
ERR13927576.3335	1645	16.5125
ERR13927576.3336	1562	16.4206
ERR13927576.3337	1634	16.1610
ERR13927576.3338	1559	18.0577
ERR13927576.3339	1549	16.1917
ERR13927576.3340	1592	18.6300
ERR13927576.3341	834	16.4652
ERR13927576.3342	1579	17.1710
ERR13927576.3343	1592	17.6080
ERR13927576.3344	1572	17.8212
ERR13927576.3345	1610	19.0453
ERR13927576.3346	1564	17.3357
ERR13927576.3347	1577	15.0869
ERR13927576.3348	1590	18.7654
ERR13927576.3349	1559	16.5010
ERR13927576.3350	1580	16.7797
ERR13927576.3351	1572	17.1228
ERR13927576.3352	1584	16.2216
ERR13927576.3353	1174	18.4957
ERR13927576.3354	1583	17.6342
ERR13927576.3355	1579	15.6954
ERR13927576.3356	1598	20.4800
ERR13927576.3357	1559	16.6100
ERR13927576.3358	1570	17.2624
ERR13927576.3359	201	18.4577
ERR13927576.3360	1584	19.2519
ERR13927576.3361	1563	15.8804
ERR13927576.3362	1574	16.2071
ERR13927576.3363	1564	18.2142
ERR13927576.3364	1557	17.1477
ERR13927576.3365	1574	16.0527
ERR13927576.3366	1586	20.2440
ERR13927576.3367	1567	15.3127
ERR13927576.3368	1548	17.0497
ERR13927576.3369	1550	17.8277
ERR13927576.3370	1571	16.2457
ERR13927576.3371	1573	19.4781
ERR13927576.3372	1553	15.8841
ERR13927576.3373	1556	17.9865
ERR13927576.3374	1548	15.4302
ERR13927576.3375	1591	17.3356
ERR13927576.3376	1501	16.4037
ERR13927576.3377	1608	19.1138
ERR13927576.3378	1483	16.4019
ERR13927576.3379	1531	19.3410
ERR13927576.3380	1593	14.7445
ERR13927576.3381	1563	15.1107
ERR13927576.3382	1542	18.2224
ERR13927576.3383	1596	17.0783
ERR13927576.3384	1563	18.6193
ERR13927576.3385	1523	18.5548
ERR13927576.3386	1569	17.9140
ERR13927576.3387	1609	19.7396
ERR13927576.3388	1567	17.7505
ERR13927576.3389	1588	19.0107
ERR13927576.3390	1563	18.1094
ERR13927576.3391	985	16.9421
ERR13927576.3392	1540	16.5078
ERR13927576.3393	1585	14.7495
ERR13927576.3394	1561	15.9731
ERR13927576.3395	1607	15.0890
ERR13927576.3396	1582	16.0424
ERR13927576.3397	1572	15.8073
ERR13927576.3398	1563	18.0358
ERR13927576.3399	1557	18.1843
ERR13927576.3400	1538	16.7763
ERR13927576.3401	1586	17.7554
ERR13927576.3402	1631	18.3010
ERR13927576.3403	1568	16.8501
ERR13927576.3404	1581	15.6736
ERR13927576.3405	1586	18.0807
ERR13927576.3406	1558	18.7882
ERR13927576.3407	1320	17.2674
ERR13927576.3408	1552	18.4794
ERR13927576.3409	1565	16.0498
ERR13927576.3410	1591	17.5110
ERR13927576.3411	1586	22.1683
ERR13927576.3412	884	16.1063
ERR13927576.3413	1562	16.6242
ERR13927576.3414	1575	18.1302
ERR13927576.3415	1584	19.3851
ERR13927576.3416	1541	15.4640
ERR13927576.3417	1569	19.5972
ERR13927576.3418	1599	18.9518
ERR13927576.3419	1358	16.2585
ERR13927576.3420	1539	16.2684
ERR13927576.3421	1584	16.7260
ERR13927576.3422	1563	18.3218
ERR13927576.3423	1595	18.8483
ERR13927576.3424	1559	17.3387
ERR13927576.3425	1574	20.5578
ERR13927576.3426	1558	17.4487
ERR13927576.3427	1607	19.8214
ERR13927576.3428	639	18.0892
ERR13927576.3429	478	18.9603
ERR13927576.3430	1574	19.6792
ERR13927576.3431	1572	16.0986
ERR13927576.3432	1591	19.9390
ERR13927576.3433	1557	18.4560
ERR13927576.3434	1578	17.0349
ERR13927576.3435	1581	16.3302
ERR13927576.3436	1540	18.6331
ERR13927576.3437	1529	16.1753
ERR13927576.3438	1571	18.3094
ERR13927576.3439	1561	18.8680
ERR13927576.3440	1591	20.7102
ERR13927576.3441	1502	16.4501
ERR13927576.3442	1561	18.7258
ERR13927576.3443	1575	18.4895
ERR13927576.3444	1564	18.6886
ERR13927576.3445	1591	19.1257
ERR13927576.3446	1542	20.5506
ERR13927576.3447	1578	19.8435
ERR13927576.3448	1612	15.8238
ERR13927576.3449	1517	15.6493
ERR13927576.3450	1583	16.4289
ERR13927576.3451	1556	14.7558
ERR13927576.3452	1569	17.3588
ERR13927576.3453	1563	18.7454
ERR13927576.3454	1568	16.2009
ERR13927576.3455	1573	16.4024
ERR13927576.3456	1589	18.1347
ERR13927576.3457	1546	18.7924
ERR13927576.3458	1517	16.8115
ERR13927576.3459	1574	21.3774
ERR13927576.3460	1578	15.9911
ERR13927576.3461	1514	17.9214
ERR13927576.3462	1596	14.5432
ERR13927576.3463	1591	19.4199
ERR13927576.3464	1630	18.5460
ERR13927576.3465	1565	18.6537
ERR13927576.3466	1610	21.5925
ERR13927576.3467	1543	15.8581
ERR13927576.3468	1579	21.2381
ERR13927576.3469	1590	16.3428
ERR13927576.3470	1557	17.6480
ERR13927576.3471	1595	17.2420
ERR13927576.3472	1588	15.6329
ERR13927576.3473	1573	19.5194
ERR13927576.3474	1535	16.9596
ERR13927576.3475	1547	15.6917
ERR13927576.3476	1562	18.3720
ERR13927576.3477	1581	17.6793
ERR13927576.3478	1555	19.7055
ERR13927576.3479	1553	15.0000
ERR13927576.3480	1548	19.0530
ERR13927576.3481	1561	18.9878
ERR13927576.3482	1579	16.0367
ERR13927576.3483	1564	17.2072
ERR13927576.3484	1573	18.9873
ERR13927576.3485	479	20.7829
ERR13927576.3486	1552	19.8396
ERR13927576.3487	1568	18.5835
ERR13927576.3488	830	17.4940
ERR13927576.3489	1521	14.1972
ERR13927576.3490	1591	14.8605
ERR13927576.3491	1587	17.4505
ERR13927576.3492	1543	16.6325
ERR13927576.3493	1591	16.8366
ERR13927576.3494	1583	16.4258
ERR13927576.3495	1583	18.9242
ERR13927576.3496	1545	20.3515
ERR13927576.3497	1557	15.3256
ERR13927576.3498	1565	15.4856
ERR13927576.3499	1584	17.4028
ERR13927576.3500	1573	16.1621
ERR13927576.3501	1584	20.2342
ERR13927576.3502	1569	18.6284
ERR13927576.3503	1596	20.2036
ERR13927576.3504	1592	15.7324
ERR13927576.3505	1577	17.8782
ERR13927576.3506	1563	18.3442
ERR13927576.3507	1606	17.9197
ERR13927576.3508	1545	15.1871
ERR13927576.3509	1536	16.7546
ERR13927576.3510	1571	17.0789
ERR13927576.3511	1558	15.7150
ERR13927576.3512	1546	18.5511
ERR13927576.3513	1585	19.0000
ERR13927576.3514	1560	13.8212
ERR13927576.3515	1587	18.2508
ERR13927576.3516	1183	17.3018
ERR13927576.3517	1572	15.3715
ERR13927576.3518	1579	18.1577
ERR13927576.3519	1588	18.5598
ERR13927576.3520	1635	14.8514
ERR13927576.3521	1543	14.6183
ERR13927576.3522	1580	14.2209
ERR13927576.3523	1571	16.2336
ERR13927576.3524	1564	15.6483
ERR13927576.3525	1572	15.6349
ERR13927576.3526	1568	17.8068
ERR13927576.3527	1559	16.2053
ERR13927576.3528	1583	17.8585
ERR13927576.3529	1564	16.7302
ERR13927576.3530	1567	19.6082
ERR13927576.3531	1568	18.4726
ERR13927576.3532	1560	19.1551
ERR13927576.3533	1553	17.3252
ERR13927576.3534	1580	17.8487
ERR13927576.3535	1562	18.2830
ERR13927576.3536	1294	16.6499
ERR13927576.3537	1558	18.0931
ERR13927576.3538	1551	18.0851
ERR13927576.3539	1550	17.0574
ERR13927576.3540	1555	18.3363
ERR13927576.3541	1585	16.4032
ERR13927576.3542	1568	17.5829
ERR13927576.3543	1563	18.8157
ERR13927576.3544	1589	18.6186
ERR13927576.3545	1597	17.1879
ERR13927576.3546	1583	19.4826
ERR13927576.3547	1590	15.5302
ERR13927576.3548	943	19.8378
ERR13927576.3549	1575	19.3543
ERR13927576.3550	1607	18.0840
ERR13927576.3551	1576	19.0882
ERR13927576.3552	1552	17.2397
ERR13927576.3553	1575	15.9587
ERR13927576.3554	1564	18.5403
ERR13927576.3555	1597	16.3406
ERR13927576.3556	1542	17.8982
ERR13927576.3557	409	21.5966
ERR13927576.3558	1593	16.7928
ERR13927576.3559	1585	16.5981
ERR13927576.3560	1567	17.2668
ERR13927576.3561	1587	14.9956
ERR13927576.3562	1567	18.1889
ERR13927576.3563	1551	19.0200
ERR13927576.3564	1583	19.9507
ERR13927576.3565	1572	18.0916
ERR13927576.3566	3109	15.4760
ERR13927576.3567	1592	15.2984
ERR13927576.3568	1561	19.5599
ERR13927576.3569	1589	19.0925
ERR13927576.3570	1591	19.6021
ERR13927576.3571	1560	17.7814
ERR13927576.3572	904	17.2301
ERR13927576.3573	1566	19.0115
ERR13927576.3574	1604	21.1141
ERR13927576.3575	1560	15.8942
ERR13927576.3576	1570	20.1917
ERR13927576.3577	1561	19.4061
ERR13927576.3578	1565	17.3304
ERR13927576.3579	1556	16.9158
ERR13927576.3580	1584	18.4217
ERR13927576.3581	902	18.2794
ERR13927576.3582	1581	17.1809
ERR13927576.3583	1607	19.6615
ERR13927576.3584	1551	18.3295
ERR13927576.3585	1551	17.1992
ERR13927576.3586	1582	16.3091
ERR13927576.3587	1586	15.7226
ERR13927576.3588	1585	17.3211
ERR13927576.3589	1610	19.2814
ERR13927576.3590	1574	18.7630
ERR13927576.3591	1556	15.6928
ERR13927576.3592	1534	19.4909
ERR13927576.3593	1558	20.7035
ERR13927576.3594	1596	17.5163
ERR13927576.3595	1562	16.0026
ERR13927576.3596	1578	21.3587
ERR13927576.3597	1602	20.7141
ERR13927576.3598	1560	19.1635
ERR13927576.3599	1665	16.7051
ERR13927576.3600	1549	18.4629
ERR13927576.3601	1564	15.0371
ERR13927576.3602	1532	20.0189
ERR13927576.3603	1557	18.0546
ERR13927576.3604	1570	15.6561
ERR13927576.3605	1569	20.9018
ERR13927576.3606	1579	16.5972
ERR13927576.3607	1576	20.1371
ERR13927576.3608	1575	18.2584
ERR13927576.3609	1552	17.6553
ERR13927576.3610	730	19.6959
ERR13927576.3611	1624	17.6509
ERR13927576.3612	1572	16.0458
ERR13927576.3613	1580	16.0741
ERR13927576.3614	1598	18.6539
ERR13927576.3615	1143	20.3115
ERR13927576.3616	1586	18.7100
ERR13927576.3617	1594	16.2992
ERR13927576.3618	1072	20.3815
ERR13927576.3619	1577	17.4870
ERR13927576.3620	1547	15.5126
ERR13927576.3621	1598	17.9587
ERR13927576.3622	1551	17.8743
ERR13927576.3623	1614	18.4399
ERR13927576.3624	1566	18.3084
ERR13927576.3625	1558	16.8780
ERR13927576.3626	1592	16.9384
ERR13927576.3627	1621	20.6656
ERR13927576.3628	1584	18.2311
ERR13927576.3629	1539	19.1475
ERR13927576.3630	1590	15.8434
ERR13927576.3631	1570	18.9554
ERR13927576.3632	1571	19.4023
ERR13927576.3633	1586	18.1343
ERR13927576.3634	1581	17.4472
ERR13927576.3635	1598	17.5563
ERR13927576.3636	1517	15.2208
ERR13927576.3637	1536	15.8861
ERR13927576.3638	1579	19.2749
ERR13927576.3639	1573	16.4832
ERR13927576.3640	1591	15.1471
ERR13927576.3641	1588	17.5926
ERR13927576.3642	1570	17.0752
ERR13927576.3643	1533	15.2081
ERR13927576.3644	1578	16.0146
ERR13927576.3645	1566	20.8052
ERR13927576.3646	1471	18.7743
ERR13927576.3647	1526	16.2864
ERR13927576.3648	1562	17.2746
ERR13927576.3649	1451	16.9469
ERR13927576.3650	1576	21.2874
ERR13927576.3651	1563	20.2694
ERR13927576.3652	1572	20.1476
ERR13927576.3653	1574	17.8450
ERR13927576.3654	1574	17.3691
ERR13927576.3655	1495	16.9237
ERR13927576.3656	1565	18.5169
ERR13927576.3657	1575	15.3949
ERR13927576.3658	1574	19.9917
ERR13927576.3659	1551	15.2353
ERR13927576.3660	1610	16.4335
ERR13927576.3661	1549	15.0000
ERR13927576.3662	1544	15.8102
ERR13927576.3663	1578	16.3428
ERR13927576.3664	1537	17.5140
ERR13927576.3665	1547	19.1862
ERR13927576.3666	1570	17.9503
ERR13927576.3667	1579	18.9582
ERR13927576.3668	1566	16.0370
ERR13927576.3669	1553	18.0547
ERR13927576.3670	1561	19.8001
ERR13927576.3671	1538	15.9402
ERR13927576.3672	1583	17.3683
ERR13927576.3673	1549	16.8412
ERR13927576.3674	1507	14.8812
ERR13927576.3675	3170	18.2454
ERR13927576.3676	1584	15.0928
ERR13927576.3677	1559	19.1764
ERR13927576.3678	1584	15.5499
ERR13927576.3679	1592	18.9680
ERR13927576.3680	1562	19.7260
ERR13927576.3681	1551	16.1496
ERR13927576.3682	1526	16.8814
ERR13927576.3683	1570	16.5535
ERR13927576.3684	1571	18.2852
ERR13927576.3685	1595	15.3674
ERR13927576.3686	1552	19.0921
ERR13927576.3687	1571	21.2355
ERR13927576.3688	1566	17.2043
ERR13927576.3689	1419	19.1367
ERR13927576.3690	1558	16.4108
ERR13927576.3691	1592	16.6589
ERR13927576.3692	1592	15.2142
ERR13927576.3693	1544	16.9210
ERR13927576.3694	1565	18.8077
ERR13927576.3695	1571	17.3297
ERR13927576.3696	1593	21.9058
ERR13927576.3697	1558	16.2291
ERR13927576.3698	1588	14.5428
ERR13927576.3699	1598	18.9931
ERR13927576.3700	1583	16.2268
ERR13927576.3701	1560	14.9083
ERR13927576.3702	1532	16.8838
ERR13927576.3703	1564	20.3318
ERR13927576.3704	1558	15.9069
ERR13927576.3705	1289	16.4647
ERR13927576.3706	1572	17.4167
ERR13927576.3707	1567	17.7358
ERR13927576.3708	1558	16.8479
ERR13927576.3709	1543	15.3163
ERR13927576.3710	1286	17.1695
ERR13927576.3711	1562	16.4680
ERR13927576.3712	1570	18.6287
ERR13927576.3713	1560	18.1058
ERR13927576.3714	1114	17.2567
ERR13927576.3715	1534	16.4674
ERR13927576.3716	1518	14.6858
ERR13927576.3717	1555	16.4637
ERR13927576.3718	1579	18.6624
ERR13927576.3719	1617	19.9771
ERR13927576.3720	1569	21.3684
ERR13927576.3721	1551	17.9994
ERR13927576.3722	1555	14.4360
ERR13927576.3723	1569	16.5054
ERR13927576.3724	1612	15.6700
ERR13927576.3725	1575	17.9333
ERR13927576.3726	1693	14.5753
ERR13927576.3727	1617	17.1793
ERR13927576.3728	1549	16.2369
ERR13927576.3729	1576	15.0876
ERR13927576.3730	1568	17.8329
ERR13927576.3731	1542	16.6038
ERR13927576.3732	1549	15.4680
ERR13927576.3733	1624	17.3307
ERR13927576.3734	1532	19.6945
ERR13927576.3735	1570	19.8490
ERR13927576.3736	1551	15.3237
ERR13927576.3737	1566	15.6628
ERR13927576.3738	1573	16.2149
ERR13927576.3739	1574	18.5991
ERR13927576.3740	1578	15.5792
ERR13927576.3741	1543	17.5703
ERR13927576.3742	1599	17.9750
ERR13927576.3743	1565	17.1508
ERR13927576.3744	1585	18.1016
ERR13927576.3745	1564	19.3184
ERR13927576.3746	1578	18.2288
ERR13927576.3747	1621	19.1703
ERR13927576.3748	1563	16.8490
ERR13927576.3749	1554	18.1429
ERR13927576.3750	1544	15.6898
ERR13927576.3751	1567	15.2368
ERR13927576.3752	1617	18.5801
ERR13927576.3753	1546	15.9295
ERR13927576.3754	1595	16.8150
ERR13927576.3755	1579	17.9132
ERR13927576.3756	1516	14.7045
ERR13927576.3757	1574	19.3837
ERR13927576.3758	1555	17.5447
ERR13927576.3759	1567	21.3287
ERR13927576.3760	1560	17.7276
ERR13927576.3761	1543	17.6669
ERR13927576.3762	1636	18.4004
ERR13927576.3763	1557	18.0784
ERR13927576.3764	1547	15.7770
ERR13927576.3765	1557	18.8452
ERR13927576.3766	1487	14.8198
ERR13927576.3767	1278	19.0110
ERR13927576.3768	207	15.3865
ERR13927576.3769	1559	15.7652
ERR13927576.3770	1084	16.5194
ERR13927576.3771	1639	15.7743
ERR13927576.3772	1651	14.7402
ERR13927576.3773	1545	15.5618
ERR13927576.3774	1551	18.3340
ERR13927576.3775	1600	18.6412
ERR13927576.3776	1569	18.8496
ERR13927576.3777	1599	16.7992
ERR13927576.3778	1575	19.5778
ERR13927576.3779	1422	18.6231
ERR13927576.3780	1573	17.5257
ERR13927576.3781	1175	20.3047
ERR13927576.3782	1554	17.3990
ERR13927576.3783	1277	17.2858
ERR13927576.3784	1593	17.1186
ERR13927576.3785	1582	18.4279
ERR13927576.3786	1571	18.6123
ERR13927576.3787	1574	15.5394
ERR13927576.3788	1613	15.4259
ERR13927576.3789	1549	17.3363
ERR13927576.3790	1566	16.7593
ERR13927576.3791	1587	16.1059
ERR13927576.3792	1584	18.1875
ERR13927576.3793	1516	15.5798
ERR13927576.3794	1595	17.4803
ERR13927576.3795	1562	15.8867
ERR13927576.3796	1581	17.1879
ERR13927576.3797	1582	18.6650
ERR13927576.3798	1581	14.7008
ERR13927576.3799	1552	15.0606
ERR13927576.3800	1584	17.3434
ERR13927576.3801	1563	15.5637
ERR13927576.3802	1578	17.7529
ERR13927576.3803	1579	16.7429
ERR13927576.3804	1553	16.8042
ERR13927576.3805	1583	16.9716
ERR13927576.3806	1520	17.6086
ERR13927576.3807	1163	16.7644
ERR13927576.3808	1636	16.0037
ERR13927576.3809	1517	14.9644
ERR13927576.3810	1550	16.7123
ERR13927576.3811	1370	18.2971
ERR13927576.3812	1544	16.2584
ERR13927576.3813	1553	15.6864
ERR13927576.3814	1551	16.1032
ERR13927576.3815	1573	18.1004
ERR13927576.3816	1531	15.5813
ERR13927576.3817	1560	16.1769
ERR13927576.3818	1577	18.5327
ERR13927576.3819	1554	19.3842
ERR13927576.3820	1641	15.4832
ERR13927576.3821	1586	18.4306
ERR13927576.3822	1548	18.7655
ERR13927576.3823	1563	15.6129
ERR13927576.3824	1571	17.6302
ERR13927576.3825	1581	17.5060
ERR13927576.3826	1581	17.3435
ERR13927576.3827	1551	17.4784
ERR13927576.3828	1556	17.2648
ERR13927576.3829	1408	16.5909
ERR13927576.3830	1586	16.9458
ERR13927576.3831	1529	16.0412
ERR13927576.3832	1595	16.9555
ERR13927576.3833	1561	18.3876
ERR13927576.3834	1544	16.1606
ERR13927576.3835	1651	14.9606
ERR13927576.3836	1575	15.8324
ERR13927576.3837	1531	15.8622
ERR13927576.3838	1575	16.0851
ERR13927576.3839	1548	14.8966
ERR13927576.3840	1539	20.0097
ERR13927576.3841	1542	15.1420
ERR13927576.3842	1546	16.4793
ERR13927576.3843	1563	16.3097
ERR13927576.3844	1615	20.3709
ERR13927576.3845	1555	18.5916
ERR13927576.3846	1554	18.5154
ERR13927576.3847	1596	17.6617
ERR13927576.3848	1578	15.8181
ERR13927576.3849	1614	19.7943
ERR13927576.3850	1531	15.6897
ERR13927576.3851	1541	15.6055
ERR13927576.3852	1478	15.0873
ERR13927576.3853	1556	17.6639
ERR13927576.3854	1579	16.3015
ERR13927576.3855	1560	19.0071
ERR13927576.3856	1584	17.8737
ERR13927576.3857	1550	17.1232
ERR13927576.3858	1552	17.4330
ERR13927576.3859	1517	14.6335
ERR13927576.3860	1535	17.1166
ERR13927576.3861	1541	15.0415
ERR13927576.3862	1634	18.8874
ERR13927576.3863	1568	17.1346
ERR13927576.3864	1568	13.9560
ERR13927576.3865	1585	18.8763
ERR13927576.3866	1542	19.4423
ERR13927576.3867	1580	16.7025
ERR13927576.3868	1583	16.8667
ERR13927576.3869	1538	18.4558
ERR13927576.3870	1547	19.0524
ERR13927576.3871	1627	14.6761
ERR13927576.3872	1578	19.6350
ERR13927576.3873	1571	14.4373
ERR13927576.3874	1565	15.9438
ERR13927576.3875	1594	17.4831
ERR13927576.3876	1579	19.7600
ERR13927576.3877	1581	19.6597
ERR13927576.3878	1563	16.0627
ERR13927576.3879	1587	18.8217
ERR13927576.3880	708	17.2754
ERR13927576.3881	1563	19.7390
ERR13927576.3882	1584	16.5726
ERR13927576.3883	1588	16.5397
ERR13927576.3884	1546	17.4909
ERR13927576.3885	1072	17.2118
ERR13927576.3886	1553	17.0792
ERR13927576.3887	1603	14.9364
ERR13927576.3888	1560	15.9769
ERR13927576.3889	1561	19.8027
ERR13927576.3890	1586	16.5303
ERR13927576.3891	1564	17.6279
ERR13927576.3892	1569	16.8196
ERR13927576.3893	1593	17.1293
ERR13927576.3894	1540	15.6630
ERR13927576.3895	1578	17.9937
ERR13927576.3896	1580	16.9728
ERR13927576.3897	1548	18.3178
ERR13927576.3898	1198	18.9132
ERR13927576.3899	1604	16.6484
ERR13927576.3900	1567	16.2591
ERR13927576.3901	1576	16.6624
ERR13927576.3902	1576	18.2995
ERR13927576.3903	1552	17.5451
ERR13927576.3904	1556	19.4023
ERR13927576.3905	1564	16.6733
ERR13927576.3906	1585	19.7155
ERR13927576.3907	1540	17.4175
ERR13927576.3908	1566	18.3525
ERR13927576.3909	1584	18.0821
ERR13927576.3910	1568	17.3329
ERR13927576.3911	1533	16.1181
ERR13927576.3912	1672	15.4617
ERR13927576.3913	1516	18.6662
ERR13927576.3914	1511	18.4606
ERR13927576.3915	1569	20.5226
ERR13927576.3916	1548	17.9832
ERR13927576.3917	1605	16.4168
ERR13927576.3918	1570	16.0834
ERR13927576.3919	1583	17.5174
ERR13927576.3920	1570	16.4166
ERR13927576.3921	1568	19.8871
ERR13927576.3922	1569	16.6915
ERR13927576.3923	1517	18.5082
ERR13927576.3924	1572	15.2793
ERR13927576.3925	1562	18.3656
ERR13927576.3926	1551	18.1612
ERR13927576.3927	1564	16.4936
ERR13927576.3928	1583	16.2502
ERR13927576.3929	1592	21.2356
ERR13927576.3930	1066	17.7889
ERR13927576.3931	1557	15.7367
ERR13927576.3932	1590	19.6182
ERR13927576.3933	1568	20.8355
ERR13927576.3934	1564	17.2385
ERR13927576.3935	1575	18.2724
ERR13927576.3936	1575	17.6648
ERR13927576.3937	1544	21.3284
ERR13927576.3938	1577	21.6386
ERR13927576.3939	1516	14.9413
ERR13927576.3940	1520	16.7092
ERR13927576.3941	1542	18.4676
ERR13927576.3942	1580	16.0025
ERR13927576.3943	1567	19.5341
ERR13927576.3944	1633	18.0147
ERR13927576.3945	1573	16.1761
ERR13927576.3946	1517	15.5630
ERR13927576.3947	1574	16.3030
ERR13927576.3948	1537	16.5608
ERR13927576.3949	1596	19.0031
ERR13927576.3950	1581	15.9867
ERR13927576.3951	1562	18.6332
ERR13927576.3952	1547	14.4641
ERR13927576.3953	1575	17.9619
ERR13927576.3954	1572	18.1654
ERR13927576.3955	1579	19.3939
ERR13927576.3956	1546	17.0304
ERR13927576.3957	1601	18.1330
ERR13927576.3958	1579	17.6016
ERR13927576.3959	1594	22.3118
ERR13927576.3960	1266	19.2946
ERR13927576.3961	1080	16.3741
ERR13927576.3962	1569	14.6998
ERR13927576.3963	1574	18.2325
ERR13927576.3964	1545	17.5663
ERR13927576.3965	1520	18.4987
ERR13927576.3966	1561	16.2870
ERR13927576.3967	1562	18.5730
ERR13927576.3968	1589	17.1139
ERR13927576.3969	1506	15.2756
ERR13927576.3970	1561	17.8020
ERR13927576.3971	1580	18.4443
ERR13927576.3972	1559	15.6665
ERR13927576.3973	1572	20.2188
ERR13927576.3974	1566	19.3429
ERR13927576.3975	1605	15.9458
ERR13927576.3976	1510	15.1954
ERR13927576.3977	1625	16.0092
ERR13927576.3978	1557	19.9672
ERR13927576.3979	1579	17.6118
ERR13927576.3980	1558	18.6117
ERR13927576.3981	1549	15.8283
ERR13927576.3982	1524	16.1404
ERR13927576.3983	1573	16.4240
ERR13927576.3984	1613	15.7371
ERR13927576.3985	1597	17.8316
ERR13927576.3986	1571	17.7136
ERR13927576.3987	1540	16.7162
ERR13927576.3988	1581	18.7546
ERR13927576.3989	1593	17.0571
ERR13927576.3990	1518	15.1509
ERR13927576.3991	1539	16.2645
ERR13927576.3992	1539	16.7973
ERR13927576.3993	1589	17.5557
ERR13927576.3994	1547	17.6167
ERR13927576.3995	1589	18.4814
ERR13927576.3996	1549	14.2815
ERR13927576.3997	1596	19.0282
ERR13927576.3998	1613	19.0372
ERR13927576.3999	1586	17.9483
ERR13927576.4000	1559	15.1110
ERR13927576.4001	1545	16.2693
ERR13927576.4002	1550	18.3774
ERR13927576.4003	1566	19.9170
ERR13927576.4004	1588	16.7500
ERR13927576.4005	1487	19.2623
ERR13927576.4006	1556	18.3631
ERR13927576.4007	1598	19.7146
ERR13927576.4008	1572	15.0999
ERR13927576.4009	1549	18.0710
ERR13927576.4010	962	16.7089
ERR13927576.4011	1523	15.9442
ERR13927576.4012	1564	16.3389
ERR13927576.4013	1502	15.4707
ERR13927576.4014	1576	18.9156
ERR13927576.4015	1550	16.8006
ERR13927576.4016	1562	18.0384
ERR13927576.4017	1484	15.9454
ERR13927576.4018	1550	16.7419
ERR13927576.4019	1576	19.0393
ERR13927576.4020	1595	16.5329
ERR13927576.4021	1545	16.7359
ERR13927576.4022	1608	18.7295
ERR13927576.4023	1563	16.6967
ERR13927576.4024	1547	17.1558
ERR13927576.4025	1578	16.3619
ERR13927576.4026	1533	14.7906
ERR13927576.4027	1596	16.5952
ERR13927576.4028	1574	17.7001
ERR13927576.4029	1556	17.4897
ERR13927576.4030	1544	16.9747
ERR13927576.4031	1599	19.4153
ERR13927576.4032	1579	17.4522
ERR13927576.4033	1521	15.4984
ERR13927576.4034	1539	16.7752
ERR13927576.4035	1550	14.7187
ERR13927576.4036	1574	15.9060
ERR13927576.4037	1574	15.7357
ERR13927576.4038	1564	14.7225
ERR13927576.4039	1544	15.7312
ERR13927576.4040	1543	19.6228
ERR13927576.4041	1570	18.2000
ERR13927576.4042	1570	19.4503
ERR13927576.4043	1549	15.2931
ERR13927576.4044	1520	14.6829
ERR13927576.4045	1566	17.6999
ERR13927576.4046	1520	18.4980
ERR13927576.4047	1579	17.5985
ERR13927576.4048	1507	14.4778
ERR13927576.4049	1567	16.5073
ERR13927576.4050	1550	19.2355
ERR13927576.4051	1571	18.5863
ERR13927576.4052	1553	17.9891
ERR13927576.4053	1564	18.9693
ERR13927576.4054	1532	18.3655
ERR13927576.4055	1539	15.7180
ERR13927576.4056	1565	14.8403
ERR13927576.4057	994	20.4034
ERR13927576.4058	1551	17.0593
ERR13927576.4059	1537	16.8510
ERR13927576.4060	1594	20.7447
ERR13927576.4061	1495	15.5304
ERR13927576.4062	646	14.6981
ERR13927576.4063	1563	18.9360
ERR13927576.4064	1578	17.2015
ERR13927576.4065	1520	14.1789
ERR13927576.4066	1583	16.7808
ERR13927576.4067	1522	15.6682
ERR13927576.4068	1176	17.5731
ERR13927576.4069	1379	15.7955
ERR13927576.4070	1554	16.5225
ERR13927576.4071	1580	19.1297
ERR13927576.4072	1561	21.0237
ERR13927576.4073	1576	15.8648
ERR13927576.4074	1603	19.9576
ERR13927576.4075	1592	16.9893
ERR13927576.4076	1560	19.6244
ERR13927576.4077	1531	18.9686
ERR13927576.4078	1546	17.5039
ERR13927576.4079	1542	16.9137
ERR13927576.4080	1561	19.5272
ERR13927576.4081	1566	17.0230
ERR13927576.4082	1585	17.8019
ERR13927576.4083	1558	20.7728
ERR13927576.4084	1555	17.9486
ERR13927576.4085	1326	18.5498
ERR13927576.4086	1064	20.6983
ERR13927576.4087	1590	16.1704
ERR13927576.4088	1557	19.5440
ERR13927576.4089	1525	16.9784
ERR13927576.4090	1551	18.5790
ERR13927576.4091	1410	17.3475
ERR13927576.4092	1552	16.5303
ERR13927576.4093	1505	15.6578
ERR13927576.4094	1567	16.9783
ERR13927576.4095	1553	16.5061
ERR13927576.4096	1570	15.6573
ERR13927576.4097	1564	16.7187
ERR13927576.4098	1567	18.3484
ERR13927576.4099	1564	17.6189
ERR13927576.4100	1605	17.5545
ERR13927576.4101	1494	17.2410
ERR13927576.4102	1595	15.9022
ERR13927576.4103	1550	17.4103
ERR13927576.4104	1553	16.1288
ERR13927576.4105	1541	16.9773
ERR13927576.4106	1588	19.4049
ERR13927576.4107	1426	14.6978
ERR13927576.4108	1542	16.5623
ERR13927576.4109	1571	21.2845
ERR13927576.4110	1571	15.7097
ERR13927576.4111	1574	16.8640
ERR13927576.4112	1549	17.4945
ERR13927576.4113	1566	19.9259
ERR13927576.4114	1560	17.9987
ERR13927576.4115	1698	14.5430
ERR13927576.4116	1604	16.4040
ERR13927576.4117	1569	18.6106
ERR13927576.4118	1552	17.1675
ERR13927576.4119	1582	14.7914
ERR13927576.4120	1538	15.1541
ERR13927576.4121	1543	15.9164
ERR13927576.4122	1573	15.9224
ERR13927576.4123	1546	17.9334
ERR13927576.4124	1546	17.7691
ERR13927576.4125	1577	19.1725
ERR13927576.4126	342	17.6959
ERR13927576.4127	1549	16.1162
ERR13927576.4128	1564	17.0902
ERR13927576.4129	1539	16.6056
ERR13927576.4130	1451	17.7402
ERR13927576.4131	1611	16.2129
ERR13927576.4132	1571	17.7377
ERR13927576.4133	1546	18.2458
ERR13927576.4134	1503	17.3852
ERR13927576.4135	1550	14.8303
ERR13927576.4136	1558	17.7047
ERR13927576.4137	1477	16.8795
ERR13927576.4138	1582	15.7598
ERR13927576.4139	1654	16.2056
ERR13927576.4140	1560	17.8571
ERR13927576.4141	635	18.8236
ERR13927576.4142	1556	18.3252
ERR13927576.4143	1547	18.9838
ERR13927576.4144	1544	14.1108
ERR13927576.4145	1563	15.1715
ERR13927576.4146	1584	17.2462
ERR13927576.4147	1563	18.5221
ERR13927576.4148	1536	16.1634
ERR13927576.4149	1575	17.9359
ERR13927576.4150	1595	18.2495
ERR13927576.4151	1491	14.9101
ERR13927576.4152	1553	16.0592
ERR13927576.4153	1564	16.7231
ERR13927576.4154	1527	17.0452
ERR13927576.4155	1574	17.2376
ERR13927576.4156	1651	18.5106
ERR13927576.4157	1574	17.6773
ERR13927576.4158	1557	14.2993
ERR13927576.4159	1597	18.0282
ERR13927576.4160	1540	15.1396
ERR13927576.4161	1599	17.1332
ERR13927576.4162	1576	18.3242
ERR13927576.4163	1551	19.3946
ERR13927576.4164	1568	15.5708
ERR13927576.4165	1571	16.8759
ERR13927576.4166	1574	15.3488
ERR13927576.4167	1537	19.3442
ERR13927576.4168	1563	17.7089
ERR13927576.4169	1556	16.6690
ERR13927576.4170	1565	19.1885
ERR13927576.4171	1560	15.5173
ERR13927576.4172	1588	15.7764
ERR13927576.4173	1557	17.6969
ERR13927576.4174	1597	16.8804
ERR13927576.4175	1571	17.8472
ERR13927576.4176	1534	18.9863
ERR13927576.4177	1572	16.3658
ERR13927576.4178	1563	17.8740
ERR13927576.4179	1528	15.4614
ERR13927576.4180	1518	14.5665
ERR13927576.4181	1556	16.0206
ERR13927576.4182	1584	17.9501
ERR13927576.4183	1605	17.9601
ERR13927576.4184	1534	17.1037
ERR13927576.4185	1561	21.5157
ERR13927576.4186	1541	16.0428
ERR13927576.4187	1586	18.9596
ERR13927576.4188	1574	16.3609
ERR13927576.4189	1579	18.5883
ERR13927576.4190	1531	19.4749
ERR13927576.4191	1567	14.9879
ERR13927576.4192	1563	16.0198
ERR13927576.4193	1576	18.9911
ERR13927576.4194	1569	17.9726
ERR13927576.4195	1561	20.0782
ERR13927576.4196	1588	19.0296
ERR13927576.4197	1546	17.6617
ERR13927576.4198	1560	19.8590
ERR13927576.4199	1544	17.3225
ERR13927576.4200	1535	16.3889
ERR13927576.4201	1594	18.7923
ERR13927576.4202	1529	16.2727
ERR13927576.4203	1595	19.0082
ERR13927576.4204	1546	16.2768
ERR13927576.4205	1548	18.2668
ERR13927576.4206	1554	17.4858
ERR13927576.4207	1538	17.4330
ERR13927576.4208	1580	16.6709
ERR13927576.4209	1553	18.5570
ERR13927576.4210	576	14.5955
ERR13927576.4211	1575	18.3321
ERR13927576.4212	1594	17.4969
ERR13927576.4213	1549	16.9116
ERR13927576.4214	1568	17.6690
ERR13927576.4215	1553	15.3587
ERR13927576.4216	1557	20.2948
ERR13927576.4217	1557	17.4027
ERR13927576.4218	1575	22.0635
ERR13927576.4219	1592	16.9026
ERR13927576.4220	1537	16.8139
ERR13927576.4221	1559	17.7210
ERR13927576.4222	855	17.5848
ERR13927576.4223	1565	16.5355
ERR13927576.4224	1571	19.1547
ERR13927576.4225	1576	16.7608
ERR13927576.4226	1554	16.2548
ERR13927576.4227	1555	17.6109
ERR13927576.4228	1557	15.8773
ERR13927576.4229	1616	19.2500
ERR13927576.4230	1486	16.9670
ERR13927576.4231	1206	17.2546
ERR13927576.4232	1565	15.5565
ERR13927576.4233	1579	17.4687
ERR13927576.4234	1534	19.8494
ERR13927576.4235	1569	17.8094
ERR13927576.4236	1565	17.2466
ERR13927576.4237	1545	15.8544
ERR13927576.4238	1584	21.5297
ERR13927576.4239	1548	16.6350
ERR13927576.4240	1569	17.0975
ERR13927576.4241	1559	17.0802
ERR13927576.4242	1571	19.3444
ERR13927576.4243	1565	19.2818
ERR13927576.4244	1569	18.3792
ERR13927576.4245	1532	15.7050
ERR13927576.4246	1509	14.9543
ERR13927576.4247	1508	16.4052
ERR13927576.4248	1575	17.9702
ERR13927576.4249	1556	16.8573
ERR13927576.4250	1579	17.6517
ERR13927576.4251	1586	17.5019
ERR13927576.4252	1573	16.4431
ERR13927576.4253	1565	20.1220
ERR13927576.4254	1575	17.5448
ERR13927576.4255	1555	14.7061
ERR13927576.4256	1552	15.9497
ERR13927576.4257	1600	16.8925
ERR13927576.4258	1495	14.9766
ERR13927576.4259	1569	19.3620
ERR13927576.4260	1579	17.0070
ERR13927576.4261	1551	16.6280
ERR13927576.4262	1592	17.7657
ERR13927576.4263	1568	18.5976
ERR13927576.4264	1579	20.9221
ERR13927576.4265	1558	16.0379
ERR13927576.4266	1518	16.9361
ERR13927576.4267	1547	15.9955
ERR13927576.4268	1438	19.1370
ERR13927576.4269	1574	20.3990
ERR13927576.4270	1534	15.5059
ERR13927576.4271	1497	14.8330
ERR13927576.4272	1546	18.3609
ERR13927576.4273	540	16.1593
ERR13927576.4274	1523	18.7768
ERR13927576.4275	1578	19.7022
ERR13927576.4276	1571	16.6684
ERR13927576.4277	3139	17.4798
ERR13927576.4278	491	14.6782
ERR13927576.4279	1536	15.6165
ERR13927576.4280	1526	15.4318
ERR13927576.4281	1563	15.6705
ERR13927576.4282	1538	18.2575
ERR13927576.4283	1524	15.3681
ERR13927576.4284	1556	16.2616
ERR13927576.4285	1554	15.0734
ERR13927576.4286	1539	16.8642
ERR13927576.4287	1521	16.8047
ERR13927576.4288	1499	19.5630
ERR13927576.4289	1508	17.5332
ERR13927576.4290	1584	18.0751
ERR13927576.4291	1561	18.4446
ERR13927576.4292	1554	17.6937
ERR13927576.4293	1564	16.1592
ERR13927576.4294	1564	16.8670
ERR13927576.4295	1504	17.0785
ERR13927576.4296	1566	15.9674
ERR13927576.4297	1478	13.7300
ERR13927576.4298	1571	17.1789
ERR13927576.4299	1584	19.7961
ERR13927576.4300	1554	17.1017
ERR13927576.4301	1091	17.2906
ERR13927576.4302	1559	18.2893
ERR13927576.4303	1549	19.3267
ERR13927576.4304	1545	16.7871
ERR13927576.4305	1539	18.2112
ERR13927576.4306	355	13.6676
ERR13927576.4307	1564	17.9207
ERR13927576.4308	182	14.2912
ERR13927576.4309	1523	16.8260
ERR13927576.4310	1628	16.2439
ERR13927576.4311	1564	15.4533
ERR13927576.4312	1520	14.1546
ERR13927576.4313	1547	18.5314
ERR13927576.4314	1575	16.4438
ERR13927576.4315	1537	16.8887
ERR13927576.4316	1581	17.4238
ERR13927576.4317	1595	13.4332
ERR13927576.4318	1556	14.6684
ERR13927576.4319	1574	18.2738
ERR13927576.4320	1564	19.8453
ERR13927576.4321	1311	16.0953
ERR13927576.4322	1562	17.3982
ERR13927576.4323	1579	15.9215
ERR13927576.4324	1547	17.4312
ERR13927576.4325	1381	16.7719
ERR13927576.4326	1566	18.8244
ERR13927576.4327	1573	16.7928
ERR13927576.4328	1554	17.1705
ERR13927576.4329	1559	17.8813
ERR13927576.4330	1560	15.9904
ERR13927576.4331	1552	19.5793
ERR13927576.4332	1562	18.0627
ERR13927576.4333	1604	16.2300
ERR13927576.4334	1570	16.6127
ERR13927576.4335	1587	15.7719
ERR13927576.4336	1549	17.3815
ERR13927576.4337	1510	15.3901
ERR13927576.4338	1558	18.3363
ERR13927576.4339	1579	20.2926
ERR13927576.4340	1569	17.9879
ERR13927576.4341	1561	18.3222
ERR13927576.4342	1565	17.0083
ERR13927576.4343	1571	19.0579
ERR13927576.4344	1728	20.7587
ERR13927576.4345	1567	18.7384
ERR13927576.4346	1594	16.6029
ERR13927576.4347	1543	15.5936
ERR13927576.4348	1569	17.3180
ERR13927576.4349	1554	20.1319
ERR13927576.4350	1573	17.0108
ERR13927576.4351	1520	15.1197
ERR13927576.4352	1191	17.5029
ERR13927576.4353	1563	17.6654
ERR13927576.4354	1621	18.9981
ERR13927576.4355	1559	18.9403
ERR13927576.4356	1541	18.3952
ERR13927576.4357	1588	17.8904
ERR13927576.4358	1561	15.9827
ERR13927576.4359	1541	15.9695
ERR13927576.4360	1584	18.5196
ERR13927576.4361	1572	16.2061
ERR13927576.4362	1601	15.8695
ERR13927576.4363	1595	18.5003
ERR13927576.4364	1545	16.2136
ERR13927576.4365	1573	18.1119
ERR13927576.4366	1540	19.3864
ERR13927576.4367	1556	18.0019
ERR13927576.4368	1029	16.7745
ERR13927576.4369	1573	19.0445
ERR13927576.4370	1585	15.4965
ERR13927576.4371	1562	18.1460
ERR13927576.4372	1564	16.5633
ERR13927576.4373	1600	16.9088
ERR13927576.4374	1532	17.1136
ERR13927576.4375	828	16.6051
ERR13927576.4376	1570	18.7701
ERR13927576.4377	1527	15.1022
ERR13927576.4378	1564	17.2852
ERR13927576.4379	1563	18.9962
ERR13927576.4380	1580	19.9557
ERR13927576.4381	1592	17.9384
ERR13927576.4382	1500	18.0993
ERR13927576.4383	1560	15.8353
ERR13927576.4384	1500	16.7293
ERR13927576.4385	1557	20.0193
ERR13927576.4386	1532	18.0862
ERR13927576.4387	1565	17.9355
ERR13927576.4388	1552	16.2777
ERR13927576.4389	1585	17.1546
ERR13927576.4390	1577	16.0152
ERR13927576.4391	1606	16.3076
ERR13927576.4392	1578	19.4804
ERR13927576.4393	1524	15.8235
ERR13927576.4394	1547	16.1028
ERR13927576.4395	1571	19.4602
ERR13927576.4396	1547	17.2605
ERR13927576.4397	1551	17.2321
ERR13927576.4398	1562	18.5506
ERR13927576.4399	1546	19.4495
ERR13927576.4400	1558	17.3196
ERR13927576.4401	1599	18.8987
ERR13927576.4402	1567	19.8628
ERR13927576.4403	1574	16.8418
ERR13927576.4404	1553	17.0219
ERR13927576.4405	1563	19.5298
ERR13927576.4406	1555	18.1241
ERR13927576.4407	1515	17.0937
ERR13927576.4408	1583	16.4447
ERR13927576.4409	1560	16.3686
ERR13927576.4410	1551	16.8014
ERR13927576.4411	1532	16.2885
ERR13927576.4412	1580	17.1025
ERR13927576.4413	1709	17.4049
ERR13927576.4414	1592	19.1539
ERR13927576.4415	1594	15.9335
ERR13927576.4416	1552	15.9742
ERR13927576.4417	1591	18.3375
ERR13927576.4418	1585	20.8126
ERR13927576.4419	1579	18.9538
ERR13927576.4420	1589	18.9729
ERR13927576.4421	1627	20.4972
ERR13927576.4422	1557	18.6795
ERR13927576.4423	995	17.4683
ERR13927576.4424	1559	18.7492
ERR13927576.4425	1552	16.3892
ERR13927576.4426	1554	16.4717
ERR13927576.4427	1578	16.0349
ERR13927576.4428	1553	15.6021
ERR13927576.4429	1532	15.0104
ERR13927576.4430	1647	18.4693
ERR13927576.4431	1523	15.9435
ERR13927576.4432	1544	15.9372
ERR13927576.4433	1555	16.3383
ERR13927576.4434	1582	19.2111
ERR13927576.4435	1570	18.6554
ERR13927576.4436	1583	17.9090
ERR13927576.4437	1529	16.3695
ERR13927576.4438	1467	16.5351
ERR13927576.4439	1591	17.2238
ERR13927576.4440	1587	17.8355
ERR13927576.4441	1582	18.6928
ERR13927576.4442	1559	17.0603
ERR13927576.4443	1604	18.2612
ERR13927576.4444	1548	17.0155
ERR13927576.4445	1573	19.2270
ERR13927576.4446	1533	16.6282
ERR13927576.4447	1546	18.0770
ERR13927576.4448	1555	19.1576
ERR13927576.4449	1545	20.3288
ERR13927576.4450	1587	15.6673
ERR13927576.4451	1098	16.9344
ERR13927576.4452	1572	19.4523
ERR13927576.4453	1572	18.6018
ERR13927576.4454	1549	16.8547
ERR13927576.4455	1416	17.6363
ERR13927576.4456	1565	20.3355
ERR13927576.4457	1521	14.3419
ERR13927576.4458	1528	16.8986
ERR13927576.4459	1522	17.6984
ERR13927576.4460	1504	17.3218
ERR13927576.4461	1544	18.4430
ERR13927576.4462	1556	17.8901
ERR13927576.4463	1556	16.8650
ERR13927576.4464	1521	18.8613
ERR13927576.4465	1551	15.5010
ERR13927576.4466	1570	20.9287
ERR13927576.4467	1545	17.1282
ERR13927576.4468	1583	17.2678
ERR13927576.4469	1605	17.8100
ERR13927576.4470	1552	18.7887
ERR13927576.4471	1557	15.9730
ERR13927576.4472	1541	17.7489
ERR13927576.4473	1530	16.1752
ERR13927576.4474	1564	17.9853
ERR13927576.4475	514	19.1984
ERR13927576.4476	1561	19.4760
ERR13927576.4477	1583	19.0221
ERR13927576.4478	1577	18.5929
ERR13927576.4479	1528	16.3711
ERR13927576.4480	1562	15.6754
ERR13927576.4481	1568	15.8106
ERR13927576.4482	1551	15.8208
ERR13927576.4483	1582	15.8021
ERR13927576.4484	1571	18.1178
ERR13927576.4485	1564	19.3926
ERR13927576.4486	1590	17.9761
ERR13927576.4487	1600	19.6706
ERR13927576.4488	1536	14.9512
ERR13927576.4489	1553	16.2015
ERR13927576.4490	1554	19.2690
ERR13927576.4491	1536	15.1562
ERR13927576.4492	1550	18.6981
ERR13927576.4493	1277	16.9977
ERR13927576.4494	1583	18.1977
ERR13927576.4495	1588	18.6555
ERR13927576.4496	1555	17.5640
ERR13927576.4497	1570	19.1860
ERR13927576.4498	1527	15.6699
ERR13927576.4499	1569	18.9611
ERR13927576.4500	1521	15.5187
ERR13927576.4501	1538	16.4064
ERR13927576.4502	1493	15.5707
ERR13927576.4503	1550	15.7877
ERR13927576.4504	3071	19.6978
ERR13927576.4505	1551	19.1283
ERR13927576.4506	1567	16.1525
ERR13927576.4507	1519	15.8710
ERR13927576.4508	1512	16.6931
ERR13927576.4509	1566	16.5045
ERR13927576.4510	1564	16.2116
ERR13927576.4511	1552	15.8937
ERR13927576.4512	1595	19.0884
ERR13927576.4513	1566	17.1628
ERR13927576.4514	1478	15.9276
ERR13927576.4515	1381	18.3519
ERR13927576.4516	1577	18.2974
ERR13927576.4517	1561	20.8020
ERR13927576.4518	1573	15.1004
ERR13927576.4519	1559	17.7909
ERR13927576.4520	1543	19.3221
ERR13927576.4521	1571	17.4112
ERR13927576.4522	1570	17.7191
ERR13927576.4523	1561	21.0384
ERR13927576.4524	1553	17.6658
ERR13927576.4525	1559	16.2296
ERR13927576.4526	1565	18.6403
ERR13927576.4527	1567	17.6337
ERR13927576.4528	1512	14.6898
ERR13927576.4529	1558	17.0552
ERR13927576.4530	1566	19.3027
ERR13927576.4531	3082	15.4825
ERR13927576.4532	1539	15.7173
ERR13927576.4533	934	15.1499
ERR13927576.4534	1541	17.9384
ERR13927576.4535	1561	20.7559
ERR13927576.4536	1545	16.0252
ERR13927576.4537	1537	17.1893
ERR13927576.4538	1572	19.8416
ERR13927576.4539	1569	17.0746
ERR13927576.4540	1575	21.5117
ERR13927576.4541	1600	18.2619
ERR13927576.4542	1541	17.2154
ERR13927576.4543	1616	16.0860
ERR13927576.4544	1552	18.0206
ERR13927576.4545	1570	16.8643
ERR13927576.4546	1549	19.8451
ERR13927576.4547	1459	17.8663
ERR13927576.4548	1582	16.9735
ERR13927576.4549	1558	18.8549
ERR13927576.4550	1587	18.5501
ERR13927576.4551	1598	19.3360
ERR13927576.4552	1569	15.5080
ERR13927576.4553	1590	17.2453
ERR13927576.4554	1606	17.4259
ERR13927576.4555	1542	17.3547
ERR13927576.4556	1571	14.9160
ERR13927576.4557	1332	16.9850
ERR13927576.4558	1551	17.8104
ERR13927576.4559	1633	17.4023
ERR13927576.4560	1595	18.0094
ERR13927576.4561	1558	16.3736
ERR13927576.4562	1559	17.6267
ERR13927576.4563	3173	16.1314
ERR13927576.4564	1610	19.0031
ERR13927576.4565	1593	17.1739
ERR13927576.4566	1566	17.9923
ERR13927576.4567	1550	17.4684
ERR13927576.4568	1578	19.0000
ERR13927576.4569	1546	16.4754
ERR13927576.4570	1557	15.6358
ERR13927576.4571	1527	15.6883
ERR13927576.4572	1542	16.7082
ERR13927576.4573	1594	19.0069
ERR13927576.4574	1557	19.5665
ERR13927576.4575	1548	15.5317
ERR13927576.4576	1555	18.5325
ERR13927576.4577	1564	15.4584
ERR13927576.4578	1551	16.0580
ERR13927576.4579	1590	15.4472
ERR13927576.4580	1574	17.4651
ERR13927576.4581	1534	15.4087
ERR13927576.4582	1569	22.1829
ERR13927576.4583	1586	16.9729
ERR13927576.4584	1566	18.0958
ERR13927576.4585	1553	18.9311
ERR13927576.4586	1567	20.0262
ERR13927576.4587	1554	19.5347
ERR13927576.4588	1565	16.2256
ERR13927576.4589	1545	17.3087
ERR13927576.4590	1553	15.8603
ERR13927576.4591	1577	16.4680
ERR13927576.4592	1510	15.9695
ERR13927576.4593	1586	19.4477
ERR13927576.4594	1534	18.5391
ERR13927576.4595	1546	17.5019
ERR13927576.4596	1462	18.5479
ERR13927576.4597	1544	15.6775
ERR13927576.4598	1574	18.1131
ERR13927576.4599	1545	16.2207
ERR13927576.4600	1564	17.7583
ERR13927576.4601	1589	17.3172
ERR13927576.4602	1550	15.1077
ERR13927576.4603	1577	15.5967
ERR13927576.4604	1551	18.2186
ERR13927576.4605	1580	17.3892
ERR13927576.4606	1569	17.3652
ERR13927576.4607	1485	16.6492
ERR13927576.4608	1581	16.6439
ERR13927576.4609	1545	16.0706
ERR13927576.4610	1560	14.8167
ERR13927576.4611	1570	17.7924
ERR13927576.4612	1559	15.6825
ERR13927576.4613	1549	17.0981
ERR13927576.4614	1531	14.8583
ERR13927576.4615	1512	16.6753
ERR13927576.4616	1590	17.7761
ERR13927576.4617	1572	17.6743
ERR13927576.4618	1552	19.7191
ERR13927576.4619	1567	16.7498
ERR13927576.4620	1573	18.9517
ERR13927576.4621	1551	17.1567
ERR13927576.4622	1556	17.0386
ERR13927576.4623	1565	19.2511
ERR13927576.4624	1609	17.5668
ERR13927576.4625	1543	15.7472
ERR13927576.4626	1509	16.1047
ERR13927576.4627	1562	19.2849
ERR13927576.4628	1562	16.3643
ERR13927576.4629	1570	16.6395
ERR13927576.4630	1552	15.7049
ERR13927576.4631	1389	18.9611
ERR13927576.4632	1592	20.0440
ERR13927576.4633	1583	18.3917
ERR13927576.4634	1574	16.3971
ERR13927576.4635	1532	14.1958
ERR13927576.4636	1540	16.8110
ERR13927576.4637	1954	19.4191
ERR13927576.4638	1580	16.9703
ERR13927576.4639	549	19.1239
ERR13927576.4640	1418	19.0176
ERR13927576.4641	1536	15.8802
ERR13927576.4642	1544	20.5421
ERR13927576.4643	1530	16.1732
ERR13927576.4644	1563	17.1254
ERR13927576.4645	1546	18.1507
ERR13927576.4646	1563	15.4018
ERR13927576.4647	1555	17.7293
ERR13927576.4648	1570	17.3809
ERR13927576.4649	1495	15.4649
ERR13927576.4650	1573	16.3592
ERR13927576.4651	1599	17.1069
ERR13927576.4652	1565	18.6460
ERR13927576.4653	1517	14.9974
ERR13927576.4654	1561	18.1448
ERR13927576.4655	1604	14.8485
ERR13927576.4656	1558	16.7067
ERR13927576.4657	1579	17.7707
ERR13927576.4658	1631	20.0889
ERR13927576.4659	481	18.9896
ERR13927576.4660	1564	18.8645
ERR13927576.4661	1582	19.0708
ERR13927576.4662	1570	17.0783
ERR13927576.4663	1570	17.5121
ERR13927576.4664	1560	15.6058
ERR13927576.4665	1561	16.0609
ERR13927576.4666	1559	18.9230
ERR13927576.4667	1610	20.8012
ERR13927576.4668	1576	16.7030
ERR13927576.4669	1572	15.5751
ERR13927576.4670	1619	18.5213
ERR13927576.4671	1558	19.3838
ERR13927576.4672	1560	18.4244
ERR13927576.4673	1584	19.9091
ERR13927576.4674	1619	19.5053
ERR13927576.4675	1568	18.8807
ERR13927576.4676	1531	16.5199
ERR13927576.4677	1582	18.7838
ERR13927576.4678	1570	17.7573
ERR13927576.4679	1578	18.8460
ERR13927576.4680	1567	17.1500
ERR13927576.4681	1591	20.1703
ERR13927576.4682	1536	17.3112
ERR13927576.4683	1567	19.2119
ERR13927576.4684	1594	17.8319
ERR13927576.4685	1547	16.4085
ERR13927576.4686	1578	17.0127
ERR13927576.4687	1556	17.8567
ERR13927576.4688	1569	17.1874
ERR13927576.4689	1574	15.8418
ERR13927576.4690	1564	16.3785
ERR13927576.4691	587	16.7700
ERR13927576.4692	1512	14.6574
ERR13927576.4693	1569	18.6112
ERR13927576.4694	1562	17.3515
ERR13927576.4695	1576	17.8325
ERR13927576.4696	1526	16.9502
ERR13927576.4697	1535	16.0202
ERR13927576.4698	1552	15.0509
ERR13927576.4699	1583	17.5502
ERR13927576.4700	1550	18.1871
ERR13927576.4701	1559	17.7761
ERR13927576.4702	1598	16.1170
ERR13927576.4703	1565	17.9150
ERR13927576.4704	1589	15.6224
ERR13927576.4705	1525	15.3770
ERR13927576.4706	1557	16.8131
ERR13927576.4707	1533	18.4755
ERR13927576.4708	1579	15.8037
ERR13927576.4709	1508	15.1625
ERR13927576.4710	1591	17.5361
ERR13927576.4711	1556	14.4030
ERR13927576.4712	1570	16.4261
ERR13927576.4713	1567	20.3331
ERR13927576.4714	1590	18.3761
ERR13927576.4715	1572	19.9039
ERR13927576.4716	1563	18.2783
ERR13927576.4717	1109	19.2714
ERR13927576.4718	1546	16.1772
ERR13927576.4719	1519	16.3845
ERR13927576.4720	1573	17.5175
ERR13927576.4721	1582	18.8698
ERR13927576.4722	1575	16.7702
ERR13927576.4723	1561	19.5503
ERR13927576.4724	1576	17.2703
ERR13927576.4725	1601	15.5603
ERR13927576.4726	1569	19.0459
ERR13927576.4727	1542	14.8495
ERR13927576.4728	1576	18.1675
ERR13927576.4729	1545	18.3683
ERR13927576.4730	1547	15.9612
ERR13927576.4731	1565	14.9981
ERR13927576.4732	1601	20.2130
ERR13927576.4733	1565	19.3208
ERR13927576.4734	1506	16.8008
ERR13927576.4735	1484	16.2487
ERR13927576.4736	1532	18.4112
ERR13927576.4737	1504	15.8484
ERR13927576.4738	1570	15.6433
ERR13927576.4739	1513	18.2148
ERR13927576.4740	1562	17.2061
ERR13927576.4741	1557	18.9056
ERR13927576.4742	1561	17.1288
ERR13927576.4743	1552	18.9948
ERR13927576.4744	1577	16.6195
ERR13927576.4745	1581	18.9437
ERR13927576.4746	1560	15.5051
ERR13927576.4747	1567	19.7135
ERR13927576.4748	1503	16.6720
ERR13927576.4749	1345	16.2483
ERR13927576.4750	1558	18.7413
ERR13927576.4751	1345	18.8141
ERR13927576.4752	1523	16.2692
ERR13927576.4753	1591	17.7190
ERR13927576.4754	1499	15.4176
ERR13927576.4755	1557	20.2569
ERR13927576.4756	1572	16.9765
ERR13927576.4757	525	16.5905
ERR13927576.4758	1539	18.3710
ERR13927576.4759	1598	16.7628
ERR13927576.4760	1548	17.0969
ERR13927576.4761	1593	17.8914
ERR13927576.4762	1606	15.3636
ERR13927576.4763	1560	17.7929
ERR13927576.4764	1557	18.4181
ERR13927576.4765	1554	16.9247
ERR13927576.4766	1542	18.5739
ERR13927576.4767	1555	16.3286
ERR13927576.4768	1546	16.8409
ERR13927576.4769	1569	16.6915
ERR13927576.4770	1698	19.0766
ERR13927576.4771	1568	14.2392
ERR13927576.4772	1580	16.0051
ERR13927576.4773	1577	18.9442
ERR13927576.4774	1564	18.1004
ERR13927576.4775	1558	19.0186
ERR13927576.4776	1500	16.2767
ERR13927576.4777	1558	17.0725
ERR13927576.4778	1556	19.2609
ERR13927576.4779	1568	16.1798
ERR13927576.4780	1552	19.6076
ERR13927576.4781	1569	20.1861
ERR13927576.4782	1580	15.3620
ERR13927576.4783	1572	17.8861
ERR13927576.4784	1583	17.8945
ERR13927576.4785	1537	18.1152
ERR13927576.4786	1573	18.3001
ERR13927576.4787	1560	15.6436
ERR13927576.4788	1549	19.3880
ERR13927576.4789	1563	16.3340
ERR13927576.4790	1584	17.0682
ERR13927576.4791	1576	17.0565
ERR13927576.4792	1580	19.3443
ERR13927576.4793	1555	17.8540
ERR13927576.4794	1530	16.9810
ERR13927576.4795	1536	16.8327
ERR13927576.4796	1562	17.5134
ERR13927576.4797	1236	16.5882
ERR13927576.4798	1592	15.9680
ERR13927576.4799	1599	18.0188
ERR13927576.4800	1552	19.1050
ERR13927576.4801	1581	16.3865
ERR13927576.4802	1608	19.0989
ERR13927576.4803	1545	15.1055
ERR13927576.4804	1585	19.2707
ERR13927576.4805	1472	14.6916
ERR13927576.4806	1563	16.5393
ERR13927576.4807	1608	20.1828
ERR13927576.4808	1551	16.8266
ERR13927576.4809	1616	20.1399
ERR13927576.4810	1576	16.8934
ERR13927576.4811	1545	18.0168
ERR13927576.4812	1581	19.0563
ERR13927576.4813	1568	15.3457
ERR13927576.4814	1585	18.4953
ERR13927576.4815	1533	16.4103
ERR13927576.4816	1570	18.1401
ERR13927576.4817	1355	16.5889
ERR13927576.4818	1599	17.2808
ERR13927576.4819	1592	17.5672
ERR13927576.4820	1555	18.7331
ERR13927576.4821	1566	17.9860
ERR13927576.4822	1592	17.3423
ERR13927576.4823	1565	17.9802
ERR13927576.4824	1570	18.9159
ERR13927576.4825	1573	18.9053
ERR13927576.4826	1551	19.5248
ERR13927576.4827	1544	15.0939
ERR13927576.4828	1665	21.8288
ERR13927576.4829	1603	16.3600
ERR13927576.4830	1526	15.6396
ERR13927576.4831	1561	16.5708
ERR13927576.4832	1583	17.3430
ERR13927576.4833	1538	15.4707
ERR13927576.4834	1004	17.9821
ERR13927576.4835	1560	17.8481
ERR13927576.4836	1577	18.3773
ERR13927576.4837	1583	18.5666
ERR13927576.4838	1563	18.1734
ERR13927576.4839	1542	16.4001
ERR13927576.4840	1565	19.4639
ERR13927576.4841	1575	16.2527
ERR13927576.4842	1557	17.3577
ERR13927576.4843	1546	16.6294
ERR13927576.4844	1553	17.6607
ERR13927576.4845	1542	16.8521
ERR13927576.4846	1548	17.0459
ERR13927576.4847	1531	15.7903
ERR13927576.4848	1585	18.3350
ERR13927576.4849	1569	16.4914
ERR13927576.4850	711	19.3207
ERR13927576.4851	1504	15.0632
ERR13927576.4852	1502	14.5759
ERR13927576.4853	1538	15.5449
ERR13927576.4854	1572	16.5280
ERR13927576.4855	1571	19.0668
ERR13927576.4856	1599	16.4872
ERR13927576.4857	1565	16.0786
ERR13927576.4858	1592	16.2676
ERR13927576.4859	1632	16.9461
ERR13927576.4860	1555	16.9003
ERR13927576.4861	1594	16.7710
ERR13927576.4862	1581	16.7268
ERR13927576.4863	1519	18.9045
ERR13927576.4864	1558	18.1232
ERR13927576.4865	1567	18.1774
ERR13927576.4866	1546	18.0990
ERR13927576.4867	1560	18.3321
ERR13927576.4868	1554	16.5547
ERR13927576.4869	1787	18.0588
ERR13927576.4870	1533	15.9282
ERR13927576.4871	1594	18.9084
ERR13927576.4872	1572	18.4962
ERR13927576.4873	1493	15.2431
ERR13927576.4874	1556	17.1844
ERR13927576.4875	1552	18.2055
ERR13927576.4876	1568	16.9764
ERR13927576.4877	1596	18.4893
ERR13927576.4878	1582	17.7061
ERR13927576.4879	1592	16.8354
ERR13927576.4880	1588	19.2040
ERR13927576.4881	1556	18.0733
ERR13927576.4882	1554	17.3719
ERR13927576.4883	1555	18.0662
ERR13927576.4884	1583	18.7473
ERR13927576.4885	1583	17.4738
ERR13927576.4886	1580	21.3323
ERR13927576.4887	1577	17.5510
ERR13927576.4888	1574	18.3564
ERR13927576.4889	1543	16.5833
ERR13927576.4890	1506	15.7404
ERR13927576.4891	1547	18.6393
ERR13927576.4892	1597	18.9449
ERR13927576.4893	1656	14.5489
ERR13927576.4894	1556	16.6729
ERR13927576.4895	1581	16.8646
ERR13927576.4896	1533	17.4371
ERR13927576.4897	1579	18.8980
ERR13927576.4898	1282	17.3424
ERR13927576.4899	1507	14.6045
ERR13927576.4900	1553	17.4288
ERR13927576.4901	1569	17.9783
ERR13927576.4902	1539	16.3782
ERR13927576.4903	1543	15.9838
ERR13927576.4904	1574	18.5400
ERR13927576.4905	1602	18.3951
ERR13927576.4906	1323	15.0189
ERR13927576.4907	635	15.1780
ERR13927576.4908	1579	19.2400
ERR13927576.4909	1540	17.3312
ERR13927576.4910	1568	17.4330
ERR13927576.4911	1615	17.1647
ERR13927576.4912	1545	16.6058
ERR13927576.4913	1531	16.4801
ERR13927576.4914	1553	17.0766
ERR13927576.4915	1512	16.0179
ERR13927576.4916	1594	16.6349
ERR13927576.4917	1581	18.5686
ERR13927576.4918	1564	17.8478
ERR13927576.4919	1558	15.8562
ERR13927576.4920	1578	19.9823
ERR13927576.4921	1550	17.4116
ERR13927576.4922	1543	17.9352
ERR13927576.4923	1573	19.4247
ERR13927576.4924	1563	20.9840
ERR13927576.4925	1564	18.8465
ERR13927576.4926	1557	17.4496
ERR13927576.4927	1588	16.8224
ERR13927576.4928	1542	16.9520
ERR13927576.4929	1576	16.3027
ERR13927576.4930	1571	18.1496
ERR13927576.4931	1567	17.1200
ERR13927576.4932	1525	17.9390
ERR13927576.4933	1559	19.7056
ERR13927576.4934	1549	17.7553
ERR13927576.4935	1557	15.1060
ERR13927576.4936	1577	16.6963
ERR13927576.4937	1565	14.7610
ERR13927576.4938	1518	15.8294
ERR13927576.4939	1567	17.4365
ERR13927576.4940	1588	18.2330
ERR13927576.4941	1577	16.8053
ERR13927576.4942	1574	17.1455
ERR13927576.4943	1540	17.2253
ERR13927576.4944	1583	15.5445
ERR13927576.4945	2929	17.4175
ERR13927576.4946	1569	17.1109
ERR13927576.4947	1556	16.1510
ERR13927576.4948	1535	15.5987
ERR13927576.4949	1561	18.3318
ERR13927576.4950	1561	17.0801
ERR13927576.4951	1602	16.9931
ERR13927576.4952	1146	18.6955
ERR13927576.4953	1566	17.5441
ERR13927576.4954	1578	20.1350
ERR13927576.4955	1544	19.3426
ERR13927576.4956	1556	17.0630
ERR13927576.4957	1554	18.4653
ERR13927576.4958	1575	16.2051
ERR13927576.4959	1441	17.2894
ERR13927576.4960	1455	16.7931
ERR13927576.4961	1556	18.4531
ERR13927576.4962	1583	19.1257
ERR13927576.4963	1557	16.8337
ERR13927576.4964	1573	17.8881
ERR13927576.4965	1608	15.7985
ERR13927576.4966	1386	17.8593
ERR13927576.4967	1541	17.9987
ERR13927576.4968	1553	20.0573
ERR13927576.4969	1593	17.4444
ERR13927576.4970	1560	15.8026
ERR13927576.4971	1553	17.3793
ERR13927576.4972	1547	16.8546
ERR13927576.4973	1563	15.5649
ERR13927576.4974	1541	17.3589
ERR13927576.4975	1570	19.1446
ERR13927576.4976	1553	14.4540
ERR13927576.4977	1573	18.4882
ERR13927576.4978	1552	17.4046
ERR13927576.4979	1604	17.3392
ERR13927576.4980	1558	17.0148
ERR13927576.4981	1575	18.8229
ERR13927576.4982	1556	15.1671
ERR13927576.4983	1569	19.7482
ERR13927576.4984	1589	18.3266
ERR13927576.4985	1556	17.3387
ERR13927576.4986	1587	18.1928
ERR13927576.4987	1560	17.4519
ERR13927576.4988	1559	18.1360
ERR13927576.4989	1564	19.3088
ERR13927576.4990	1553	18.2498
ERR13927576.4991	1552	17.8937
ERR13927576.4992	1565	15.9604
ERR13927576.4993	1535	17.8554
ERR13927576.4994	1547	16.7673
ERR13927576.4995	1593	18.0270
ERR13927576.4996	1572	18.3276
ERR13927576.4997	1612	18.3269
ERR13927576.4998	1780	20.1961
ERR13927576.4999	1530	15.1052
ERR13927576.5000	1548	19.1447
ERR13927576.5001	1575	17.3492
ERR13927576.5002	1578	16.3378
ERR13927576.5003	1527	18.5835
ERR13927576.5004	1548	14.9257
ERR13927576.5005	1550	15.2452
ERR13927576.5006	1546	16.3163
ERR13927576.5007	1617	17.3575
ERR13927576.5008	1534	14.6708
ERR13927576.5009	1545	15.1327
ERR13927576.5010	1548	18.8417
ERR13927576.5011	1591	16.2740
ERR13927576.5012	1567	17.9349
ERR13927576.5013	1562	17.4795
ERR13927576.5014	1540	15.9325
ERR13927576.5015	1541	18.7534
ERR13927576.5016	1537	14.7866
ERR13927576.5017	1557	16.2742
ERR13927576.5018	1559	15.8852
ERR13927576.5019	1646	18.0182
ERR13927576.5020	1567	17.4850
ERR13927576.5021	1549	17.9270
ERR13927576.5022	1545	18.5618
ERR13927576.5023	976	20.4477
ERR13927576.5024	1563	17.6033
ERR13927576.5025	1030	16.9524
ERR13927576.5026	1566	20.0460
ERR13927576.5027	1497	16.5057
ERR13927576.5028	1575	20.2476
ERR13927576.5029	1510	16.3815
ERR13927576.5030	1561	16.6829
ERR13927576.5031	1593	19.1255
ERR13927576.5032	1532	16.7526
ERR13927576.5033	1523	16.1372
ERR13927576.5034	1576	18.1720
ERR13927576.5035	1551	17.5280
ERR13927576.5036	1581	16.3574
ERR13927576.5037	1546	16.6106
ERR13927576.5038	1577	14.4236
ERR13927576.5039	1573	18.6243
ERR13927576.5040	1570	17.9580
ERR13927576.5041	1573	19.6904
ERR13927576.5042	1546	17.1080
ERR13927576.5043	1644	17.5487
ERR13927576.5044	1528	18.3606
ERR13927576.5045	1573	22.7883
ERR13927576.5046	1564	16.9904
ERR13927576.5047	1607	21.7654
ERR13927576.5048	1550	17.3419
ERR13927576.5049	1569	16.8553
ERR13927576.5050	1476	15.3753
ERR13927576.5051	1568	17.2315
ERR13927576.5052	1594	16.7535
ERR13927576.5053	1555	16.8720
ERR13927576.5054	1557	16.1734
ERR13927576.5055	1661	17.4359
ERR13927576.5056	1571	19.1324
ERR13927576.5057	1563	16.6475
ERR13927576.5058	1564	15.2084
ERR13927576.5059	1573	17.1818
ERR13927576.5060	1571	18.0102
ERR13927576.5061	1550	17.6194
ERR13927576.5062	1492	18.0610
ERR13927576.5063	1547	18.4913
ERR13927576.5064	1559	19.7267
ERR13927576.5065	1562	16.3207
ERR13927576.5066	1591	18.3118
ERR13927576.5067	1562	15.4411
ERR13927576.5068	1554	18.9511
ERR13927576.5069	1542	16.9617
ERR13927576.5070	1558	19.7978
ERR13927576.5071	1568	17.8048
ERR13927576.5072	816	18.4743
ERR13927576.5073	1536	17.4622
ERR13927576.5074	1594	18.6443
ERR13927576.5075	1540	15.6149
ERR13927576.5076	1577	16.2403
ERR13927576.5077	1613	16.2895
ERR13927576.5078	1567	18.5437
ERR13927576.5079	1561	16.1621
ERR13927576.5080	1003	18.1535
ERR13927576.5081	1572	17.9160
ERR13927576.5082	1511	14.8981
ERR13927576.5083	1568	19.5542
ERR13927576.5084	1541	18.6230
ERR13927576.5085	1539	15.2086
ERR13927576.5086	1562	17.1357
ERR13927576.5087	1594	15.6449
ERR13927576.5088	1563	21.2342
ERR13927576.5089	1570	18.3860
ERR13927576.5090	1570	17.5949
ERR13927576.5091	1569	20.2945
ERR13927576.5092	1575	16.2000
ERR13927576.5093	1590	18.5302
ERR13927576.5094	1563	15.5573
ERR13927576.5095	1568	15.5204
ERR13927576.5096	1538	16.3934
ERR13927576.5097	1593	15.8060
ERR13927576.5098	1607	20.0635
ERR13927576.5099	1562	17.9168
ERR13927576.5100	1561	19.3773
ERR13927576.5101	1586	20.9369
ERR13927576.5102	1551	18.1470
ERR13927576.5103	1540	15.9799
ERR13927576.5104	1551	16.3320
ERR13927576.5105	1579	18.2090
ERR13927576.5106	1561	19.8097
ERR13927576.5107	1591	19.9202
ERR13927576.5108	1581	16.5579
ERR13927576.5109	1554	16.8623
ERR13927576.5110	1597	21.7683
ERR13927576.5111	1606	16.0106
ERR13927576.5112	1543	18.7829
ERR13927576.5113	1546	17.4101
ERR13927576.5114	1574	19.1334
ERR13927576.5115	1603	15.7679
ERR13927576.5116	1552	16.4517
ERR13927576.5117	1544	15.6878
ERR13927576.5118	1536	16.8743
ERR13927576.5119	1497	15.6286
ERR13927576.5120	1562	18.1332
ERR13927576.5121	1575	20.3454
ERR13927576.5122	1563	19.4171
ERR13927576.5123	1554	18.3237
ERR13927576.5124	1534	14.8396
ERR13927576.5125	1536	15.3626
ERR13927576.5126	1545	15.6835
ERR13927576.5127	1534	17.1760
ERR13927576.5128	1583	17.8654
ERR13927576.5129	1543	17.7168
ERR13927576.5130	1567	17.4288
ERR13927576.5131	1562	15.6293
ERR13927576.5132	1497	15.0668
ERR13927576.5133	1559	18.1892
ERR13927576.5134	1575	16.0533
ERR13927576.5135	1542	17.5785
ERR13927576.5136	1557	16.9602
ERR13927576.5137	1581	18.8381
ERR13927576.5138	1563	17.2041
ERR13927576.5139	1536	18.1393
ERR13927576.5140	1548	17.3992
ERR13927576.5141	1578	17.8536
ERR13927576.5142	1568	18.7934
ERR13927576.5143	1611	18.8529
ERR13927576.5144	1555	17.9781
ERR13927576.5145	1572	17.6380
ERR13927576.5146	1575	16.6375
ERR13927576.5147	1528	15.3946
ERR13927576.5148	1572	18.1380
ERR13927576.5149	1570	19.6006
ERR13927576.5150	1548	16.7778
ERR13927576.5151	1542	17.0875
ERR13927576.5152	1528	16.6093
ERR13927576.5153	1550	17.5542
ERR13927576.5154	1540	16.2506
ERR13927576.5155	1567	16.1723
ERR13927576.5156	1564	15.8229
ERR13927576.5157	1213	14.4106
ERR13927576.5158	1559	18.9468
ERR13927576.5159	1588	18.0768
ERR13927576.5160	1619	16.3873
ERR13927576.5161	1587	17.5186
ERR13927576.5162	1230	15.5829
ERR13927576.5163	1590	16.8736
ERR13927576.5164	1451	17.0110
ERR13927576.5165	1546	18.8816
ERR13927576.5166	1557	17.1574
ERR13927576.5167	1570	19.1102
ERR13927576.5168	1557	16.0334
ERR13927576.5169	1553	15.3677
ERR13927576.5170	487	15.4497
ERR13927576.5171	1572	18.7360
ERR13927576.5172	1570	17.1382
ERR13927576.5173	1595	18.5003
ERR13927576.5174	1580	18.1582
ERR13927576.5175	1575	19.3771
ERR13927576.5176	1563	19.3001
ERR13927576.5177	1586	16.7579
ERR13927576.5178	1621	17.4022
ERR13927576.5179	1560	17.7853
ERR13927576.5180	1540	15.5247
ERR13927576.5181	328	18.2622
ERR13927576.5182	1569	16.1192
ERR13927576.5183	1535	15.9218
ERR13927576.5184	1580	15.5013
ERR13927576.5185	1561	18.5932
ERR13927576.5186	1573	18.4304
ERR13927576.5187	1589	19.0107
ERR13927576.5188	1568	15.1371
ERR13927576.5189	1585	19.4751
ERR13927576.5190	1565	16.4850
ERR13927576.5191	1601	18.8763
ERR13927576.5192	1580	18.1930
ERR13927576.5193	1574	16.2770
ERR13927576.5194	1559	16.2200
ERR13927576.5195	1577	18.4699
ERR13927576.5196	1559	21.5946
ERR13927576.5197	1569	16.3448
ERR13927576.5198	1491	15.8994
ERR13927576.5199	1503	19.5502
ERR13927576.5200	1580	16.6247
ERR13927576.5201	1561	15.8847
ERR13927576.5202	1556	17.8798
ERR13927576.5203	3114	17.0161
ERR13927576.5204	1568	16.6244
ERR13927576.5205	1563	20.9443
ERR13927576.5206	1533	18.3059
ERR13927576.5207	1536	17.9453
ERR13927576.5208	1514	17.6149
ERR13927576.5209	1539	17.1852
ERR13927576.5210	1612	16.2742
ERR13927576.5211	1573	17.7635
ERR13927576.5212	1556	16.1979
ERR13927576.5213	1548	19.1835
ERR13927576.5214	1578	15.0171
ERR13927576.5215	1564	18.0211
ERR13927576.5216	1580	19.3127
ERR13927576.5217	1570	16.5408
ERR13927576.5218	1557	15.4367
ERR13927576.5219	1561	16.5701
ERR13927576.5220	1543	19.8717
ERR13927576.5221	1611	16.7523
ERR13927576.5222	1200	18.7025
ERR13927576.5223	1529	17.5494
ERR13927576.5224	1523	20.2127
ERR13927576.5225	1539	16.1183
ERR13927576.5226	1586	22.3890
ERR13927576.5227	1564	19.1637
ERR13927576.5228	1592	18.3266
ERR13927576.5229	1577	16.6728
ERR13927576.5230	1597	17.8641
ERR13927576.5231	1537	18.2765
ERR13927576.5232	1533	17.4690
ERR13927576.5233	1556	17.4203
ERR13927576.5234	1563	17.0154
ERR13927576.5235	1575	18.5105
ERR13927576.5236	1539	18.1378
ERR13927576.5237	1561	18.1403
ERR13927576.5238	1541	17.7203
ERR13927576.5239	1556	15.3933
ERR13927576.5240	1502	17.2057
ERR13927576.5241	1571	18.5888
ERR13927576.5242	1546	16.0621
ERR13927576.5243	1538	17.0949
ERR13927576.5244	1510	15.0530
ERR13927576.5245	1521	15.7403
ERR13927576.5246	1576	19.0831
ERR13927576.5247	1558	18.8492
ERR13927576.5248	1591	19.4029
ERR13927576.5249	1567	18.7147
ERR13927576.5250	1535	18.1010
ERR13927576.5251	1561	15.9718
ERR13927576.5252	1579	19.0906
ERR13927576.5253	1603	17.5733
ERR13927576.5254	1558	14.9711
ERR13927576.5255	1579	17.8708
ERR13927576.5256	1546	17.1578
ERR13927576.5257	1575	17.7359
ERR13927576.5258	1551	16.5571
ERR13927576.5259	1514	15.9531
ERR13927576.5260	1581	20.6275
ERR13927576.5261	1577	16.4819
ERR13927576.5262	1539	15.2749
ERR13927576.5263	1578	18.6191
ERR13927576.5264	1574	18.3958
ERR13927576.5265	1538	15.7646
ERR13927576.5266	1569	19.3773
ERR13927576.5267	610	20.0623
ERR13927576.5268	1551	15.2186
ERR13927576.5269	1572	16.5655
ERR13927576.5270	1695	17.7599
ERR13927576.5271	1577	18.4648
ERR13927576.5272	1559	16.5247
ERR13927576.5273	1548	17.5827
ERR13927576.5274	1166	15.0386
ERR13927576.5275	1512	17.2692
ERR13927576.5276	1567	21.1525
ERR13927576.5277	1582	17.8262
ERR13927576.5278	1275	16.5318
ERR13927576.5279	1572	17.9377
ERR13927576.5280	1089	18.4279
ERR13927576.5281	1556	15.7179
ERR13927576.5282	1566	16.9349
ERR13927576.5283	1575	17.1702
ERR13927576.5284	1566	20.1520
ERR13927576.5285	1508	15.9065
ERR13927576.5286	1588	19.5592
ERR13927576.5287	1587	18.5677
ERR13927576.5288	1565	18.7668
ERR13927576.5289	1563	18.1100
ERR13927576.5290	1566	16.9636
ERR13927576.5291	1554	17.0566
ERR13927576.5292	1561	17.7534
ERR13927576.5293	1583	16.6229
ERR13927576.5294	1573	15.4266
ERR13927576.5295	1589	15.7237
ERR13927576.5296	1585	17.4215
ERR13927576.5297	1558	18.3203
ERR13927576.5298	1532	18.4661
ERR13927576.5299	1535	17.1987
ERR13927576.5300	1796	19.1927
ERR13927576.5301	276	15.6304
ERR13927576.5302	1547	18.0633
ERR13927576.5303	1072	19.0961
ERR13927576.5304	1602	20.4956
ERR13927576.5305	567	15.9965
ERR13927576.5306	1591	19.1546
ERR13927576.5307	1550	17.7665
ERR13927576.5308	1541	19.5672
ERR13927576.5309	1552	16.5219
ERR13927576.5310	1563	18.1612
ERR13927576.5311	1538	17.4233
ERR13927576.5312	1538	16.5137
ERR13927576.5313	1552	17.9865
ERR13927576.5314	1537	17.1913
ERR13927576.5315	1578	15.2389
ERR13927576.5316	1645	19.9763
ERR13927576.5317	1566	18.5128
ERR13927576.5318	1543	17.1834
ERR13927576.5319	1572	16.4459
ERR13927576.5320	1534	17.0267
ERR13927576.5321	1553	18.8500
ERR13927576.5322	1549	15.5849
ERR13927576.5323	1568	18.0325
ERR13927576.5324	1535	16.7283
ERR13927576.5325	1561	17.2383
ERR13927576.5326	1550	17.4323
ERR13927576.5327	365	16.6055
ERR13927576.5328	1522	16.0007
ERR13927576.5329	1573	17.5391
ERR13927576.5330	1570	19.2987
ERR13927576.5331	1596	18.9524
ERR13927576.5332	1564	18.4930
ERR13927576.5333	1509	16.3970
ERR13927576.5334	1557	18.8317
ERR13927576.5335	1543	17.1776
ERR13927576.5336	1412	17.7174
ERR13927576.5337	1562	16.0743
ERR13927576.5338	1586	19.0958
ERR13927576.5339	1583	18.1055
ERR13927576.5340	1516	16.5323
ERR13927576.5341	1582	16.9210
ERR13927576.5342	1548	19.1783
ERR13927576.5343	541	15.7190
ERR13927576.5344	1550	17.8858
ERR13927576.5345	1506	17.4343
ERR13927576.5346	1509	15.9602
ERR13927576.5347	1570	17.6713
ERR13927576.5348	1544	15.4339
ERR13927576.5349	1543	17.1121
ERR13927576.5350	1518	15.3070
ERR13927576.5351	1565	17.5476
ERR13927576.5352	1551	17.7840
ERR13927576.5353	1535	15.0899
ERR13927576.5354	1550	19.1026
ERR13927576.5355	1596	19.8816
ERR13927576.5356	1577	16.9505
ERR13927576.5357	1566	17.6245
ERR13927576.5358	1584	16.9066
ERR13927576.5359	1580	18.5291
ERR13927576.5360	1586	14.7421
ERR13927576.5361	1575	17.7898
ERR13927576.5362	1551	17.9523
ERR13927576.5363	1557	18.0726
ERR13927576.5364	1580	19.3753
ERR13927576.5365	1538	16.7380
ERR13927576.5366	1568	17.2105
ERR13927576.5367	1562	18.6786
ERR13927576.5368	1550	17.6458
ERR13927576.5369	942	14.0690
ERR13927576.5370	1545	17.0207
ERR13927576.5371	1560	18.2327
ERR13927576.5372	1553	22.8345
ERR13927576.5373	1465	15.7106
ERR13927576.5374	1599	19.5460
ERR13927576.5375	1516	15.7916
ERR13927576.5376	1583	15.8035
ERR13927576.5377	1582	17.7800
ERR13927576.5378	1520	15.3316
ERR13927576.5379	1544	16.0000
ERR13927576.5380	1587	19.1853
ERR13927576.5381	1577	18.7115
ERR13927576.5382	310	19.7000
ERR13927576.5383	1558	17.2599
ERR13927576.5384	1550	18.2355
ERR13927576.5385	1569	19.6577
ERR13927576.5386	1547	18.0705
ERR13927576.5387	1570	19.1548
ERR13927576.5388	1570	16.1548
ERR13927576.5389	1519	15.7130
ERR13927576.5390	1551	15.6576
ERR13927576.5391	1578	18.9544
ERR13927576.5392	1548	17.7894
ERR13927576.5393	1577	15.6728
ERR13927576.5394	1564	16.7238
ERR13927576.5395	1559	17.1495
ERR13927576.5396	1560	17.6308
ERR13927576.5397	1546	16.3577
ERR13927576.5398	1477	14.4015
ERR13927576.5399	1556	19.7719
ERR13927576.5400	1561	18.2697
ERR13927576.5401	1514	16.5396
ERR13927576.5402	1592	19.1847
ERR13927576.5403	1562	18.5173
ERR13927576.5404	368	16.1793
ERR13927576.5405	1576	18.6015
ERR13927576.5406	1553	18.5035
ERR13927576.5407	1549	19.7127
ERR13927576.5408	1575	16.0762
ERR13927576.5409	1574	18.0451
ERR13927576.5410	1551	14.5042
ERR13927576.5411	1546	19.6831
ERR13927576.5412	1584	16.0051
ERR13927576.5413	1548	21.5368
ERR13927576.5414	1609	15.5693
ERR13927576.5415	1577	17.0476
ERR13927576.5416	1570	17.6338
ERR13927576.5417	1559	18.4625
ERR13927576.5418	1537	16.7313
ERR13927576.5419	1579	16.5396
ERR13927576.5420	1561	19.6233
ERR13927576.5421	1602	18.6030
ERR13927576.5422	1559	16.2271
ERR13927576.5423	1546	18.4444
ERR13927576.5424	1575	17.1162
ERR13927576.5425	1026	15.5351
ERR13927576.5426	1564	15.9437
ERR13927576.5427	1533	16.3190
ERR13927576.5428	1562	16.3726
ERR13927576.5429	1551	17.0413
ERR13927576.5430	1581	17.1436
ERR13927576.5431	1569	19.0886
ERR13927576.5432	1539	15.0377
ERR13927576.5433	1565	17.3949
ERR13927576.5434	1521	17.5457
ERR13927576.5435	1488	16.4839
ERR13927576.5436	1510	15.0490
ERR13927576.5437	1553	15.6278
ERR13927576.5438	1577	18.4382
ERR13927576.5439	1516	14.7889
ERR13927576.5440	1588	17.6354
ERR13927576.5441	1501	17.7049
ERR13927576.5442	1576	18.7786
ERR13927576.5443	1528	18.0576
ERR13927576.5444	1525	19.1633
ERR13927576.5445	1561	17.0019
ERR13927576.5446	1553	17.8075
ERR13927576.5447	1576	17.5742
ERR13927576.5448	1580	19.2722
ERR13927576.5449	1547	15.5501
ERR13927576.5450	1593	19.5813
ERR13927576.5451	1527	15.9790
ERR13927576.5452	1511	15.0152
ERR13927576.5453	1593	16.1287
ERR13927576.5454	1570	17.6732
ERR13927576.5455	1562	17.6492
ERR13927576.5456	1550	19.3129
ERR13927576.5457	1555	15.2772
ERR13927576.5458	1572	15.3041
ERR13927576.5459	1525	17.8820
ERR13927576.5460	1608	22.6810
ERR13927576.5461	1546	18.8765
ERR13927576.5462	1510	16.4954
ERR13927576.5463	1577	15.6734
ERR13927576.5464	1568	18.3208
ERR13927576.5465	1510	18.2265
ERR13927576.5466	1518	14.6877
ERR13927576.5467	1573	20.1208
ERR13927576.5468	808	18.8181
ERR13927576.5469	1568	17.1384
ERR13927576.5470	1522	15.3896
ERR13927576.5471	1562	17.1927
ERR13927576.5472	1568	18.1550
ERR13927576.5473	1573	17.4622
ERR13927576.5474	1579	19.7112
ERR13927576.5475	1560	16.1385
ERR13927576.5476	1575	18.6197
ERR13927576.5477	1550	15.9516
ERR13927576.5478	1543	17.8587
ERR13927576.5479	1540	18.2714
ERR13927576.5480	1590	15.4421
ERR13927576.5481	1555	17.0457
ERR13927576.5482	1541	14.7748
ERR13927576.5483	1584	16.7607
ERR13927576.5484	1571	17.3425
ERR13927576.5485	1586	19.9660
ERR13927576.5486	1580	18.5297
ERR13927576.5487	1503	16.8090
ERR13927576.5488	1544	19.2902
ERR13927576.5489	1546	19.5712
ERR13927576.5490	1561	21.7303
ERR13927576.5491	1570	17.9465
ERR13927576.5492	1553	15.1204
ERR13927576.5493	1559	17.6549
ERR13927576.5494	1564	17.6752
ERR13927576.5495	1565	19.4038
ERR13927576.5496	1557	17.9441
ERR13927576.5497	1545	17.3120
ERR13927576.5498	1591	18.7920
ERR13927576.5499	1571	18.4609
ERR13927576.5500	1546	15.5226
ERR13927576.5501	1539	16.7342
ERR13927576.5502	1560	18.6590
ERR13927576.5503	1528	16.3613
ERR13927576.5504	1558	15.4268
ERR13927576.5505	1583	15.8730
ERR13927576.5506	1621	18.3856
ERR13927576.5507	1550	18.0968
ERR13927576.5508	1578	18.5038
ERR13927576.5509	1517	18.9328
ERR13927576.5510	1631	17.5996
ERR13927576.5511	1531	17.7113
ERR13927576.5512	1568	18.0096
ERR13927576.5513	1556	17.2603
ERR13927576.5514	1560	15.4814
ERR13927576.5515	1581	18.5130
ERR13927576.5516	1537	14.9506
ERR13927576.5517	1581	18.6825
ERR13927576.5518	1557	18.9846
ERR13927576.5519	1562	16.1799
ERR13927576.5520	1443	16.4581
ERR13927576.5521	1526	15.6166
ERR13927576.5522	1545	14.9540
ERR13927576.5523	1566	18.3487
ERR13927576.5524	1540	14.4143
ERR13927576.5525	1551	18.6867
ERR13927576.5526	1562	18.7036
ERR13927576.5527	1551	20.3533
ERR13927576.5528	1573	17.0757
ERR13927576.5529	1549	15.8347
ERR13927576.5530	1555	17.5743
ERR13927576.5531	1556	16.2622
ERR13927576.5532	1577	17.2720
ERR13927576.5533	1554	16.7690
ERR13927576.5534	1544	18.2383
ERR13927576.5535	1541	15.0733
ERR13927576.5536	1546	16.9373
ERR13927576.5537	1535	14.9980
ERR13927576.5538	197	18.8731
ERR13927576.5539	1525	16.0151
ERR13927576.5540	1562	17.1165
ERR13927576.5541	1570	19.2191
ERR13927576.5542	1577	17.3342
ERR13927576.5543	1403	14.9088
ERR13927576.5544	1563	15.8535
ERR13927576.5545	1566	20.5779
ERR13927576.5546	1563	21.6372
ERR13927576.5547	1565	20.1974
ERR13927576.5548	1546	16.8085
ERR13927576.5549	1577	16.1858
ERR13927576.5550	1573	19.4539
ERR13927576.5551	1553	15.5847
ERR13927576.5552	1521	17.1289
ERR13927576.5553	1599	16.3502
ERR13927576.5554	1558	15.9692
ERR13927576.5555	1575	19.6622
ERR13927576.5556	1590	15.3447
ERR13927576.5557	1530	14.9895
ERR13927576.5558	1518	19.0916
ERR13927576.5559	1606	18.9738
ERR13927576.5560	1554	19.9054
ERR13927576.5561	1567	16.8232
ERR13927576.5562	1569	17.2600
ERR13927576.5563	1568	18.7028
ERR13927576.5564	1548	18.7849
ERR13927576.5565	1530	19.6092
ERR13927576.5566	1570	15.1892
ERR13927576.5567	1546	16.7865
ERR13927576.5568	1536	16.6374
ERR13927576.5569	1543	17.2897
ERR13927576.5570	1580	18.4361
ERR13927576.5571	1580	20.0975
ERR13927576.5572	1571	19.4379
ERR13927576.5573	1726	15.8268
ERR13927576.5574	1593	17.2856
ERR13927576.5575	1547	15.5023
ERR13927576.5576	1586	18.4061
ERR13927576.5577	1574	17.4396
ERR13927576.5578	1558	17.9442
ERR13927576.5579	1499	19.9546
ERR13927576.5580	1548	15.0349
ERR13927576.5581	1605	15.5913
ERR13927576.5582	1316	17.3290
ERR13927576.5583	1555	22.2270
ERR13927576.5584	1577	17.7311
ERR13927576.5585	1574	17.6861
ERR13927576.5586	1552	16.2758
ERR13927576.5587	1594	17.0345
ERR13927576.5588	1569	19.0523
ERR13927576.5589	1536	15.1165
ERR13927576.5590	1558	20.9865
ERR13927576.5591	1582	18.1327
ERR13927576.5592	1550	18.1600
ERR13927576.5593	1552	17.1179
ERR13927576.5594	1573	16.1024
ERR13927576.5595	1525	16.6466
ERR13927576.5596	1563	18.7364
ERR13927576.5597	1541	16.3848
ERR13927576.5598	1561	18.8495
ERR13927576.5599	1448	14.9731
ERR13927576.5600	1503	15.5083
ERR13927576.5601	1573	16.0502
ERR13927576.5602	1544	19.7532
ERR13927576.5603	1563	17.2668
ERR13927576.5604	1019	16.4691
ERR13927576.5605	1517	18.9189
ERR13927576.5606	1543	15.9819
ERR13927576.5607	1578	18.8397
ERR13927576.5608	1553	17.2408
ERR13927576.5609	1555	16.1543
ERR13927576.5610	1564	20.9763
ERR13927576.5611	1569	19.1077
ERR13927576.5612	1517	17.4515
ERR13927576.5613	1576	14.7221
ERR13927576.5614	1554	14.2136
ERR13927576.5615	1553	15.4211
ERR13927576.5616	1509	15.9245
ERR13927576.5617	1558	16.1451
ERR13927576.5618	1566	16.5000
ERR13927576.5619	1574	17.6004
ERR13927576.5620	1540	16.2825
ERR13927576.5621	1556	17.3123
ERR13927576.5622	1483	16.7242
ERR13927576.5623	1561	19.9186
ERR13927576.5624	1583	18.5344
ERR13927576.5625	759	17.1858
ERR13927576.5626	1584	16.5941
ERR13927576.5627	1547	14.2818
ERR13927576.5628	1557	16.9615
ERR13927576.5629	1507	15.8195
ERR13927576.5630	1564	22.8951
ERR13927576.5631	1586	16.5889
ERR13927576.5632	1577	18.5060
ERR13927576.5633	1597	16.1428
ERR13927576.5634	1531	15.7577
ERR13927576.5635	1540	17.7019
ERR13927576.5636	1540	19.6805
ERR13927576.5637	1570	18.5401
ERR13927576.5638	1552	18.3621
ERR13927576.5639	1541	19.2382
ERR13927576.5640	1607	18.7673
ERR13927576.5641	1562	19.7875
ERR13927576.5642	1603	15.9588
ERR13927576.5643	1562	16.1306
ERR13927576.5644	1552	18.5419
ERR13927576.5645	1571	19.9357
ERR13927576.5646	1549	18.7644
ERR13927576.5647	1404	18.1346
ERR13927576.5648	1598	15.8892
ERR13927576.5649	1568	16.3795
ERR13927576.5650	1599	19.8524
ERR13927576.5651	1574	15.3443
ERR13927576.5652	1525	15.1403
ERR13927576.5653	1570	17.8962
ERR13927576.5654	1540	17.0513
ERR13927576.5655	1523	15.6172
ERR13927576.5656	1607	15.9919
ERR13927576.5657	1563	17.0294
ERR13927576.5658	1558	19.2407
ERR13927576.5659	1551	16.0793
ERR13927576.5660	1585	16.3905
ERR13927576.5661	1466	17.0723
ERR13927576.5662	1613	15.2746
ERR13927576.5663	1570	18.7987
ERR13927576.5664	1549	17.5455
ERR13927576.5665	1570	15.1611
ERR13927576.5666	1550	16.7742
ERR13927576.5667	1558	20.4897
ERR13927576.5668	1575	18.0146
ERR13927576.5669	1577	17.9841
ERR13927576.5670	1588	18.1707
ERR13927576.5671	1571	16.4870
ERR13927576.5672	1538	17.4285
ERR13927576.5673	1663	22.0613
ERR13927576.5674	1540	18.8338
ERR13927576.5675	1538	18.0364
ERR13927576.5676	1563	16.4107
ERR13927576.5677	1579	17.9607
ERR13927576.5678	1569	16.5016
ERR13927576.5679	1536	16.1797
ERR13927576.5680	1583	16.4839
ERR13927576.5681	1556	18.2410
ERR13927576.5682	1514	16.1915
ERR13927576.5683	1507	17.4373
ERR13927576.5684	1569	20.7100
ERR13927576.5685	1563	16.4299
ERR13927576.5686	1543	16.8095
ERR13927576.5687	1592	18.1577
ERR13927576.5688	1549	15.2524
ERR13927576.5689	1537	17.5856
ERR13927576.5690	1563	16.2431
ERR13927576.5691	1578	19.6242
ERR13927576.5692	1526	16.5727
ERR13927576.5693	1542	16.1894
ERR13927576.5694	1586	18.7055
ERR13927576.5695	1589	14.6595
ERR13927576.5696	1583	19.0221
ERR13927576.5697	1547	15.5688
ERR13927576.5698	219	13.8311
ERR13927576.5699	1536	14.6003
ERR13927576.5700	1574	18.5565
ERR13927576.5701	1623	17.3820
ERR13927576.5702	1551	17.5177
ERR13927576.5703	1584	18.4602
ERR13927576.5704	1576	16.0457
ERR13927576.5705	1590	21.9050
ERR13927576.5706	1572	16.2665
ERR13927576.5707	1544	15.2571
ERR13927576.5708	1567	17.5507
ERR13927576.5709	2873	17.5907
ERR13927576.5710	1608	16.6206
ERR13927576.5711	1228	17.5839
ERR13927576.5712	1569	17.1319
ERR13927576.5713	1567	19.0925
ERR13927576.5714	1569	17.5838
ERR13927576.5715	1555	17.7389
ERR13927576.5716	1575	17.7911
ERR13927576.5717	1558	17.9660
ERR13927576.5718	1557	15.7521
ERR13927576.5719	1586	16.3720
ERR13927576.5720	1171	18.2459
ERR13927576.5721	1556	20.8978
ERR13927576.5722	1547	16.8694
ERR13927576.5723	1560	17.3103
ERR13927576.5724	1527	17.9037
ERR13927576.5725	1551	17.7853
ERR13927576.5726	1524	14.3458
ERR13927576.5727	1542	14.9533
ERR13927576.5728	1593	17.8217
ERR13927576.5729	1588	18.4238
ERR13927576.5730	1551	16.4468
ERR13927576.5731	1531	18.4585
ERR13927576.5732	1570	15.9529
ERR13927576.5733	1566	16.0932
ERR13927576.5734	1565	17.4268
ERR13927576.5735	1559	16.3746
ERR13927576.5736	1556	15.6799
ERR13927576.5737	1578	16.5063
ERR13927576.5738	1593	17.2040
ERR13927576.5739	1533	18.1742
ERR13927576.5740	1569	18.1205
ERR13927576.5741	1539	17.3470
ERR13927576.5742	1564	16.9891
ERR13927576.5743	1416	18.4145
ERR13927576.5744	1528	17.1433
ERR13927576.5745	956	21.5084
ERR13927576.5746	1489	17.5272
ERR13927576.5747	1558	19.1496
ERR13927576.5748	1520	14.8125
ERR13927576.5749	1624	17.7999
ERR13927576.5750	1565	17.9150
ERR13927576.5751	1554	16.8005
ERR13927576.5752	1554	18.4305
ERR13927576.5753	1578	15.9214
ERR13927576.5754	1616	15.1182
ERR13927576.5755	1516	16.2434
ERR13927576.5756	1537	17.4548
ERR13927576.5757	1583	17.6721
ERR13927576.5758	1550	14.7658
ERR13927576.5759	1461	18.3374
ERR13927576.5760	1490	19.8718
ERR13927576.5761	1579	18.9626
ERR13927576.5762	1613	20.8506
ERR13927576.5763	1575	16.8959
ERR13927576.5764	1547	19.6238
ERR13927576.5765	1565	18.4230
ERR13927576.5766	1568	16.9298
ERR13927576.5767	1579	16.3369
ERR13927576.5768	1582	17.8869
ERR13927576.5769	1536	18.5879
ERR13927576.5770	1557	17.6988
ERR13927576.5771	1553	18.4552
ERR13927576.5772	1550	19.5245
ERR13927576.5773	1547	17.8565
ERR13927576.5774	1559	16.7530
ERR13927576.5775	1562	17.7119
ERR13927576.5776	1488	17.7130
ERR13927576.5777	1577	18.9981
ERR13927576.5778	1585	18.0498
ERR13927576.5779	1537	16.9408
ERR13927576.5780	1591	19.9573
ERR13927576.5781	1544	17.5881
ERR13927576.5782	1549	18.8909
ERR13927576.5783	1571	16.5913
ERR13927576.5784	1558	16.5565
ERR13927576.5785	1566	19.0524
ERR13927576.5786	1573	17.5378
ERR13927576.5787	1546	15.4948
ERR13927576.5788	1554	16.7162
ERR13927576.5789	1578	18.1242
ERR13927576.5790	1557	15.8112
ERR13927576.5791	1557	16.7097
ERR13927576.5792	1585	19.8580
ERR13927576.5793	1490	14.5530
ERR13927576.5794	1515	14.7525
ERR13927576.5795	1585	18.7710
ERR13927576.5796	1550	15.7890
ERR13927576.5797	1563	19.4946
ERR13927576.5798	1526	16.6612
ERR13927576.5799	1551	16.5152
ERR13927576.5800	1544	18.7345
ERR13927576.5801	1548	17.6919
ERR13927576.5802	1536	18.3750
ERR13927576.5803	1568	20.1926
ERR13927576.5804	335	19.6179
ERR13927576.5805	1564	16.9463
ERR13927576.5806	1578	19.1375
ERR13927576.5807	1552	17.6418
ERR13927576.5808	1540	18.9097
ERR13927576.5809	1549	15.9348
ERR13927576.5810	1582	20.8369
ERR13927576.5811	1549	15.9877
ERR13927576.5812	1550	15.0819
ERR13927576.5813	439	14.5558
ERR13927576.5814	1513	20.6041
ERR13927576.5815	1571	20.4742
ERR13927576.5816	1551	21.4468
ERR13927576.5817	1574	16.3856
ERR13927576.5818	1561	17.6124
ERR13927576.5819	1552	17.6791
ERR13927576.5820	1589	21.0239
ERR13927576.5821	1490	16.3732
ERR13927576.5822	1566	18.7714
ERR13927576.5823	1545	16.0472
ERR13927576.5824	1574	20.2433
ERR13927576.5825	1545	16.8997
ERR13927576.5826	1579	20.1602
ERR13927576.5827	1522	20.6945
ERR13927576.5828	1557	18.3462
ERR13927576.5829	1570	17.3057
ERR13927576.5830	1554	17.9640
ERR13927576.5831	1555	20.7788
ERR13927576.5832	1583	17.9728
ERR13927576.5833	1551	15.6770
ERR13927576.5834	1556	18.7037
ERR13927576.5835	1538	16.2146
ERR13927576.5836	1563	18.4498
ERR13927576.5837	1541	15.8787
ERR13927576.5838	1539	14.5354
ERR13927576.5839	1588	16.8105
ERR13927576.5840	1604	18.1035
ERR13927576.5841	1546	17.1016
ERR13927576.5842	1554	18.4382
ERR13927576.5843	1545	15.2977
ERR13927576.5844	1568	17.3431
ERR13927576.5845	1565	18.6230
ERR13927576.5846	1547	16.2295
ERR13927576.5847	1588	16.2280
ERR13927576.5848	1558	17.5443
ERR13927576.5849	1071	18.0467
ERR13927576.5850	1541	19.1486
ERR13927576.5851	1563	18.2265
ERR13927576.5852	1545	14.8207
ERR13927576.5853	1580	19.8715
ERR13927576.5854	1548	19.5633
ERR13927576.5855	1564	16.4808
ERR13927576.5856	1578	18.3245
ERR13927576.5857	1560	18.2282
ERR13927576.5858	1552	19.1140
ERR13927576.5859	1549	19.1065
ERR13927576.5860	1545	19.3139
ERR13927576.5861	1625	16.9415
ERR13927576.5862	1577	15.3748
ERR13927576.5863	1539	15.4483
ERR13927576.5864	1537	16.7306
ERR13927576.5865	1571	19.4195
ERR13927576.5866	1539	20.4301
ERR13927576.5867	1544	16.5907
ERR13927576.5868	1538	16.7406
ERR13927576.5869	1559	16.6671
ERR13927576.5870	1582	20.7415
ERR13927576.5871	1558	15.8248
ERR13927576.5872	1568	18.8616
ERR13927576.5873	1407	16.8529
ERR13927576.5874	1564	20.3760
ERR13927576.5875	1530	17.0013
ERR13927576.5876	1538	16.2256
ERR13927576.5877	1553	18.3574
ERR13927576.5878	1552	17.4156
ERR13927576.5879	1552	15.9652
ERR13927576.5880	1568	15.3967
ERR13927576.5881	1566	17.8991
ERR13927576.5882	372	20.3306
ERR13927576.5883	1559	16.1931
ERR13927576.5884	1520	14.6882
ERR13927576.5885	1571	22.9102
ERR13927576.5886	1606	16.3618
ERR13927576.5887	1566	17.0089
ERR13927576.5888	1576	19.1624
ERR13927576.5889	1469	14.9653
ERR13927576.5890	1555	19.1987
ERR13927576.5891	1544	18.0214
ERR13927576.5892	1561	15.3748
ERR13927576.5893	1571	18.6919
ERR13927576.5894	1537	17.7398
ERR13927576.5895	1572	18.8448
ERR13927576.5896	1310	16.8687
ERR13927576.5897	1238	18.9984
ERR13927576.5898	1581	20.4181
ERR13927576.5899	1557	15.7116
ERR13927576.5900	1549	16.5249
ERR13927576.5901	1565	16.3668
ERR13927576.5902	1532	18.4713
ERR13927576.5903	1555	19.3588
ERR13927576.5904	1578	17.7231
ERR13927576.5905	251	17.4542
ERR13927576.5906	1578	18.8378
ERR13927576.5907	1587	18.1827
ERR13927576.5908	1568	15.5568
ERR13927576.5909	1547	16.9825
ERR13927576.5910	1597	19.3419
ERR13927576.5911	1599	16.8924
ERR13927576.5912	1562	17.5531
ERR13927576.5913	1619	18.4880
ERR13927576.5914	1592	17.2770
ERR13927576.5915	1563	20.2175
ERR13927576.5916	1574	18.5515
ERR13927576.5917	1552	21.9562
ERR13927576.5918	1343	16.1996
ERR13927576.5919	1526	16.8349
ERR13927576.5920	1545	21.0369
ERR13927576.5921	1594	17.4787
ERR13927576.5922	1569	15.7164
ERR13927576.5923	1542	17.7769
ERR13927576.5924	391	18.2685
ERR13927576.5925	1575	19.5930
ERR13927576.5926	1580	15.7209
ERR13927576.5927	1588	17.1587
ERR13927576.5928	1567	18.7116
ERR13927576.5929	1562	17.0448
ERR13927576.5930	1609	19.8403
ERR13927576.5931	1577	16.1477
ERR13927576.5932	1559	16.9448
ERR13927576.5933	1579	15.5440
ERR13927576.5934	1553	19.1932
ERR13927576.5935	1172	18.8362
ERR13927576.5936	1535	18.3322
ERR13927576.5937	791	18.3881
ERR13927576.5938	356	16.6798
ERR13927576.5939	1576	17.4918
ERR13927576.5940	1586	19.9193
ERR13927576.5941	1619	17.4107
ERR13927576.5942	1559	18.0558
ERR13927576.5943	1552	17.7758
ERR13927576.5944	1549	16.5249
ERR13927576.5945	1565	18.9553
ERR13927576.5946	1554	15.6564
ERR13927576.5947	1554	21.6699
ERR13927576.5948	345	20.7884
ERR13927576.5949	1572	17.8766
ERR13927576.5950	1555	16.4907
ERR13927576.5951	1551	20.6912
ERR13927576.5952	1573	15.1729
ERR13927576.5953	1550	16.8632
ERR13927576.5954	1520	16.2026
ERR13927576.5955	3006	15.9940
ERR13927576.5956	1560	16.5699
ERR13927576.5957	1536	18.3275
ERR13927576.5958	1584	18.0391
ERR13927576.5959	901	15.2508
ERR13927576.5960	1564	18.2327
ERR13927576.5961	1577	18.3874
ERR13927576.5962	1548	16.8934
ERR13927576.5963	1511	17.3203
ERR13927576.5964	1580	18.1475
ERR13927576.5965	1515	16.8647
ERR13927576.5966	1572	16.6698
ERR13927576.5967	1555	17.2180
ERR13927576.5968	1561	18.9737
ERR13927576.5969	211	19.5498
ERR13927576.5970	1553	17.0167
ERR13927576.5971	1543	19.8976
ERR13927576.5972	1565	16.9105
ERR13927576.5973	416	18.4375
ERR13927576.5974	1556	17.5373
ERR13927576.5975	1533	17.3620
ERR13927576.5976	1613	18.6931
ERR13927576.5977	1557	16.8131
ERR13927576.5978	1591	19.0006
ERR13927576.5979	1603	18.7218
ERR13927576.5980	1498	18.3411
ERR13927576.5981	1545	17.1754
ERR13927576.5982	1541	16.6405
ERR13927576.5983	1571	16.3800
ERR13927576.5984	1512	17.7811
ERR13927576.5985	1556	16.8451
ERR13927576.5986	1547	19.7136
ERR13927576.5987	1555	16.9479
ERR13927576.5988	1572	18.4319
ERR13927576.5989	1610	17.7708
ERR13927576.5990	1538	15.3927
ERR13927576.5991	1620	18.8574
ERR13927576.5992	1547	18.6910
ERR13927576.5993	1545	18.3327
ERR13927576.5994	1636	18.5410
ERR13927576.5995	1542	18.2516
ERR13927576.5996	1547	16.6283
ERR13927576.5997	1592	19.6589
ERR13927576.5998	1546	20.0776
ERR13927576.5999	1566	16.9962
ERR13927576.6000	1580	17.5772
ERR13927576.6001	1597	15.6337
ERR13927576.6002	1578	17.2484
ERR13927576.6003	1503	17.0971
ERR13927576.6004	1589	18.8861
ERR13927576.6005	1542	18.5169
ERR13927576.6006	595	17.2555
ERR13927576.6007	1568	17.8316
ERR13927576.6008	1546	16.1248
ERR13927576.6009	1559	18.3252
ERR13927576.6010	1547	17.9276
ERR13927576.6011	1528	14.6335
ERR13927576.6012	1539	16.5601
ERR13927576.6013	1552	15.8686
ERR13927576.6014	1590	16.8805
ERR13927576.6015	1541	17.5750
ERR13927576.6016	1592	16.4950
ERR13927576.6017	1546	17.3745
ERR13927576.6018	1493	14.9719
ERR13927576.6019	1548	15.9399
ERR13927576.6020	1538	16.0975
ERR13927576.6021	1557	16.1368
ERR13927576.6022	1565	17.7514
ERR13927576.6023	1584	16.1010
ERR13927576.6024	1414	17.1436
ERR13927576.6025	1551	16.9703
ERR13927576.6026	1553	18.3007
ERR13927576.6027	1566	18.5722
ERR13927576.6028	1526	15.6383
ERR13927576.6029	286	14.4825
ERR13927576.6030	1531	16.4095
ERR13927576.6031	1562	16.2554
ERR13927576.6032	1581	18.5946
ERR13927576.6033	1582	21.4570
ERR13927576.6034	1571	19.7619
ERR13927576.6035	1561	18.9853
ERR13927576.6036	1561	17.5906
ERR13927576.6037	1548	16.2984
ERR13927576.6038	1553	17.3683
ERR13927576.6039	1554	18.1268
ERR13927576.6040	1581	18.5003
ERR13927576.6041	1569	16.5322
ERR13927576.6042	1594	17.7196
ERR13927576.6043	1537	18.4034
ERR13927576.6044	1588	18.9433
ERR13927576.6045	1567	20.1780
ERR13927576.6046	1489	14.3600
ERR13927576.6047	1564	18.0556
ERR13927576.6048	1540	15.2617
ERR13927576.6049	1578	16.8802
ERR13927576.6050	1557	19.1477
ERR13927576.6051	1548	16.2145
ERR13927576.6052	1565	17.2671
ERR13927576.6053	1499	17.3409
ERR13927576.6054	1453	16.0454
ERR13927576.6055	1551	16.3282
ERR13927576.6056	1515	16.2601
ERR13927576.6057	1554	18.9054
ERR13927576.6058	1565	18.0147
ERR13927576.6059	1545	16.6783
ERR13927576.6060	1589	16.5626
ERR13927576.6061	1538	16.7328
ERR13927576.6062	1586	20.4874
ERR13927576.6063	1507	16.8646
ERR13927576.6064	1579	15.8702
ERR13927576.6065	1524	15.3287
ERR13927576.6066	1509	15.5268
ERR13927576.6067	839	19.1609
ERR13927576.6068	1575	17.6546
ERR13927576.6069	1567	18.2029
ERR13927576.6070	1584	17.6742
ERR13927576.6071	1539	17.4055
ERR13927576.6072	1536	15.9180
ERR13927576.6073	1571	17.6531
ERR13927576.6074	1544	15.5952
ERR13927576.6075	1591	18.8542
ERR13927576.6076	1558	15.6380
ERR13927576.6077	1574	16.6220
ERR13927576.6078	1580	17.0943
ERR13927576.6079	1551	19.1554
ERR13927576.6080	1561	19.2069
ERR13927576.6081	1551	16.6267
ERR13927576.6082	1554	15.5412
ERR13927576.6083	1573	17.1437
ERR13927576.6084	1553	19.2853
ERR13927576.6085	1584	18.0467
ERR13927576.6086	1563	19.5566
ERR13927576.6087	1554	17.0553
ERR13927576.6088	1537	15.5693
ERR13927576.6089	1540	17.5143
ERR13927576.6090	1553	16.4868
ERR13927576.6091	1578	18.8631
ERR13927576.6092	1571	19.5404
ERR13927576.6093	1536	16.9460
ERR13927576.6094	1591	15.8416
ERR13927576.6095	807	16.2169
ERR13927576.6096	1550	17.7729
ERR13927576.6097	309	16.9709
ERR13927576.6098	1524	16.0039
ERR13927576.6099	1571	19.1655
ERR13927576.6100	1550	17.9439
ERR13927576.6101	1573	19.0203
ERR13927576.6102	1575	19.3086
ERR13927576.6103	479	18.6242
ERR13927576.6104	1566	16.4540
ERR13927576.6105	1546	16.2005
ERR13927576.6106	1579	15.6301
ERR13927576.6107	1516	16.4512
ERR13927576.6108	1587	19.4663
ERR13927576.6109	1531	16.7923
ERR13927576.6110	1533	15.5701
ERR13927576.6111	1514	17.4908
ERR13927576.6112	1570	16.4032
ERR13927576.6113	1546	16.5750
ERR13927576.6114	1536	15.8913
ERR13927576.6115	1589	17.0334
ERR13927576.6116	1548	17.5594
ERR13927576.6117	1583	16.7271
ERR13927576.6118	1580	20.7241
ERR13927576.6119	1522	16.7418
ERR13927576.6120	309	15.2913
ERR13927576.6121	1560	19.4994
ERR13927576.6122	1583	15.7656
ERR13927576.6123	1555	18.5029
ERR13927576.6124	1534	14.7881
ERR13927576.6125	1564	21.7730
ERR13927576.6126	1569	15.6297
ERR13927576.6127	1537	17.7398
ERR13927576.6128	1490	15.2463
ERR13927576.6129	1573	18.0445
ERR13927576.6130	1567	20.0651
ERR13927576.6131	1563	15.4229
ERR13927576.6132	1536	17.0755
ERR13927576.6133	1579	19.1374
ERR13927576.6134	1580	18.0133
ERR13927576.6135	1489	14.5991
ERR13927576.6136	1577	16.4096
ERR13927576.6137	1526	16.9312
ERR13927576.6138	1564	18.2334
ERR13927576.6139	1560	16.4269
ERR13927576.6140	1512	16.2493
ERR13927576.6141	1572	16.5229
ERR13927576.6142	1535	18.5127
ERR13927576.6143	1566	17.4860
ERR13927576.6144	1551	17.2153
ERR13927576.6145	1576	16.7538
ERR13927576.6146	1620	19.1074
ERR13927576.6147	1323	19.2872
ERR13927576.6148	1541	16.3933
ERR13927576.6149	1557	16.1959
ERR13927576.6150	1545	16.2667
ERR13927576.6151	1555	17.6842
ERR13927576.6152	1569	19.1976
ERR13927576.6153	1137	17.1803
ERR13927576.6154	1564	19.6912
ERR13927576.6155	1608	16.4677
ERR13927576.6156	1563	16.5822
ERR13927576.6157	1604	20.5567
ERR13927576.6158	1540	16.4506
ERR13927576.6159	1556	15.8413
ERR13927576.6160	1535	16.7153
ERR13927576.6161	1473	17.7977
ERR13927576.6162	1563	15.8752
ERR13927576.6163	1544	18.3918
ERR13927576.6164	1553	17.2885
ERR13927576.6165	1592	17.3637
ERR13927576.6166	1543	15.7952
ERR13927576.6167	1593	17.1092
ERR13927576.6168	1492	15.1823
ERR13927576.6169	1399	16.1408
ERR13927576.6170	1609	17.7172
ERR13927576.6171	1511	15.3852
ERR13927576.6172	1507	14.3278
ERR13927576.6173	1231	19.0122
ERR13927576.6174	1588	16.3193
ERR13927576.6175	1587	20.8463
ERR13927576.6176	1566	18.3640
ERR13927576.6177	1547	19.2004
ERR13927576.6178	1572	17.2824
ERR13927576.6179	1563	19.0237
ERR13927576.6180	1542	19.0078
ERR13927576.6181	1594	17.0383
ERR13927576.6182	1556	16.4550
ERR13927576.6183	1561	16.2428
ERR13927576.6184	1603	16.3743
ERR13927576.6185	1560	16.7096
ERR13927576.6186	1589	17.3424
ERR13927576.6187	1580	17.9962
ERR13927576.6188	1546	16.5181
ERR13927576.6189	1571	18.2489
ERR13927576.6190	1576	18.9638
ERR13927576.6191	1558	17.6573
ERR13927576.6192	1580	17.9171
ERR13927576.6193	1562	17.5557
ERR13927576.6194	3147	16.1576
ERR13927576.6195	3147	16.1430
ERR13927576.6196	1557	21.0918
ERR13927576.6197	1539	16.2125
ERR13927576.6198	1557	17.3031
ERR13927576.6199	1551	18.6022
ERR13927576.6200	1588	17.5088
ERR13927576.6201	1563	18.6404
ERR13927576.6202	1537	17.5693
ERR13927576.6203	1571	16.7282
ERR13927576.6204	1482	17.4386
ERR13927576.6205	1544	15.7837
ERR13927576.6206	1579	18.4877
ERR13927576.6207	1500	20.7747
ERR13927576.6208	1536	15.7370
ERR13927576.6209	1553	17.0573
ERR13927576.6210	1553	17.8513
ERR13927576.6211	1561	17.4145
ERR13927576.6212	1562	17.6101
ERR13927576.6213	1577	17.2771
ERR13927576.6214	1498	15.1722
ERR13927576.6215	1579	15.5022
ERR13927576.6216	1604	19.0524
ERR13927576.6217	1576	18.6009
ERR13927576.6218	1591	18.1094
ERR13927576.6219	1561	19.1640
ERR13927576.6220	1544	16.3251
ERR13927576.6221	1531	16.9856
ERR13927576.6222	1574	18.4625
ERR13927576.6223	1446	15.1570
ERR13927576.6224	1537	15.7430
ERR13927576.6225	1545	15.7851
ERR13927576.6226	1550	17.4355
ERR13927576.6227	1541	15.0707
ERR13927576.6228	1554	19.7362
ERR13927576.6229	1534	16.3351
ERR13927576.6230	1494	15.2878
ERR13927576.6231	1606	16.3381
ERR13927576.6232	1583	19.0373
ERR13927576.6233	1560	16.2583
ERR13927576.6234	1536	16.6400
ERR13927576.6235	1538	18.1339
ERR13927576.6236	1552	18.6791
ERR13927576.6237	1578	19.5925
ERR13927576.6238	1568	16.2844
ERR13927576.6239	1527	17.2417
ERR13927576.6240	1560	18.0737
ERR13927576.6241	1559	22.0167
ERR13927576.6242	616	19.0828
ERR13927576.6243	1545	15.9301
ERR13927576.6244	1564	18.1675
ERR13927576.6245	1591	18.4664
ERR13927576.6246	1571	16.9885
ERR13927576.6247	1557	17.9165
ERR13927576.6248	1584	20.0429
ERR13927576.6249	1563	17.2924
ERR13927576.6250	1531	14.4115
ERR13927576.6251	1554	18.8417
ERR13927576.6252	1569	16.3767
ERR13927576.6253	1542	18.3761
ERR13927576.6254	1583	21.9912
ERR13927576.6255	1534	16.6304
ERR13927576.6256	1540	19.9247
ERR13927576.6257	1549	17.1472
ERR13927576.6258	1566	17.2427
ERR13927576.6259	1555	16.1878
ERR13927576.6260	1563	15.4549
ERR13927576.6261	1645	16.5982
ERR13927576.6262	1606	17.7067
ERR13927576.6263	1550	18.6387
ERR13927576.6264	1571	17.6073
ERR13927576.6265	1571	17.1483
ERR13927576.6266	1523	15.0053
ERR13927576.6267	1553	17.8300
ERR13927576.6268	1545	16.9612
ERR13927576.6269	1589	19.3902
ERR13927576.6270	1559	17.1815
ERR13927576.6271	1674	18.5460
ERR13927576.6272	1560	19.3788
ERR13927576.6273	1521	17.3281
ERR13927576.6274	1552	20.5213
ERR13927576.6275	1549	17.1136
ERR13927576.6276	1561	18.1762
ERR13927576.6277	1580	18.7639
ERR13927576.6278	1542	17.5674
ERR13927576.6279	1540	16.7786
ERR13927576.6280	1559	15.8961
ERR13927576.6281	1569	18.2218
ERR13927576.6282	1571	18.0974
ERR13927576.6283	1557	18.3834
ERR13927576.6284	1502	15.0872
ERR13927576.6285	1576	17.8369
ERR13927576.6286	1562	17.4750
ERR13927576.6287	1588	19.7689
ERR13927576.6288	1514	16.4293
ERR13927576.6289	1557	17.6750
ERR13927576.6290	1585	15.5817
ERR13927576.6291	1526	17.4115
ERR13927576.6292	1589	19.0478
ERR13927576.6293	333	15.5345
ERR13927576.6294	1572	14.8861
ERR13927576.6295	1534	18.6525
ERR13927576.6296	1528	16.7277
ERR13927576.6297	1546	18.9373
ERR13927576.6298	1317	17.5292
ERR13927576.6299	1579	16.2711
ERR13927576.6300	1548	16.3030
ERR13927576.6301	1568	20.1473
ERR13927576.6302	1551	16.2656
ERR13927576.6303	1585	16.0555
ERR13927576.6304	1597	17.9061
ERR13927576.6305	1509	15.6932
ERR13927576.6306	1549	19.7095
ERR13927576.6307	1515	17.4284
ERR13927576.6308	1519	16.2844
ERR13927576.6309	1584	18.6894
ERR13927576.6310	1562	17.1357
ERR13927576.6311	1570	19.9783
ERR13927576.6312	1562	16.4545
ERR13927576.6313	1582	18.0676
ERR13927576.6314	1579	18.6852
ERR13927576.6315	1546	17.7639
ERR13927576.6316	1560	16.1365
ERR13927576.6317	1578	19.7085
ERR13927576.6318	1585	18.1931
ERR13927576.6319	1598	20.1208
ERR13927576.6320	1566	17.1162
ERR13927576.6321	1563	19.2214
ERR13927576.6322	1547	17.2508
ERR13927576.6323	1577	15.8415
ERR13927576.6324	1574	19.5654
ERR13927576.6325	1556	16.8753
ERR13927576.6326	1552	15.1946
ERR13927576.6327	1580	18.4361
ERR13927576.6328	1572	17.5356
ERR13927576.6329	1561	16.9052
ERR13927576.6330	1542	21.6349
ERR13927576.6331	1561	22.9654
ERR13927576.6332	1528	19.0969
ERR13927576.6333	1560	16.7558
ERR13927576.6334	1566	17.2918
ERR13927576.6335	1549	15.6566
ERR13927576.6336	1601	18.4085
ERR13927576.6337	1557	18.3198
ERR13927576.6338	1579	18.3775
ERR13927576.6339	1595	17.5774
ERR13927576.6340	1379	17.2371
ERR13927576.6341	1534	15.4316
ERR13927576.6342	1558	17.0751
ERR13927576.6343	1584	19.2475
ERR13927576.6344	1515	19.1320
ERR13927576.6345	1519	16.1501
ERR13927576.6346	1530	16.8209
ERR13927576.6347	1563	16.1484
ERR13927576.6348	1585	15.0322
ERR13927576.6349	2645	17.9301
ERR13927576.6350	1518	15.2833
ERR13927576.6351	1558	16.4506
ERR13927576.6352	1473	15.2342
ERR13927576.6353	1613	15.3993
ERR13927576.6354	1526	17.9181
ERR13927576.6355	1558	20.8902
ERR13927576.6356	1575	17.2298
ERR13927576.6357	1561	16.4785
ERR13927576.6358	1587	18.5848
ERR13927576.6359	1441	14.7529
ERR13927576.6360	1530	16.9699
ERR13927576.6361	1554	15.6203
ERR13927576.6362	1536	15.6999
ERR13927576.6363	1106	20.7161
ERR13927576.6364	1609	19.5979
ERR13927576.6365	1565	17.0249
ERR13927576.6366	1566	17.9943
ERR13927576.6367	1549	19.1014
ERR13927576.6368	1605	17.1047
ERR13927576.6369	1555	16.3106
ERR13927576.6370	1573	16.8786
ERR13927576.6371	1557	18.7386
ERR13927576.6372	1559	18.3085
ERR13927576.6373	1534	17.2647
ERR13927576.6374	1392	16.3046
ERR13927576.6375	1521	17.5786
ERR13927576.6376	1568	23.3253
ERR13927576.6377	1532	19.8557
ERR13927576.6378	1584	17.2298
ERR13927576.6379	1589	18.0900
ERR13927576.6380	1562	16.6645
ERR13927576.6381	1580	19.2101
ERR13927576.6382	1526	17.3408
ERR13927576.6383	1559	16.7428
ERR13927576.6384	1593	18.7608
ERR13927576.6385	1598	17.8360
ERR13927576.6386	1573	14.5582
ERR13927576.6387	599	19.7245
ERR13927576.6388	1522	15.8371
ERR13927576.6389	1552	19.0200
ERR13927576.6390	1541	15.9422
ERR13927576.6391	1608	19.8483
ERR13927576.6392	1602	17.3021
ERR13927576.6393	1583	19.3797
ERR13927576.6394	1520	14.7803
ERR13927576.6395	1541	16.7508
ERR13927576.6396	1557	17.4310
ERR13927576.6397	1536	18.4271
ERR13927576.6398	1597	16.8560
ERR13927576.6399	1537	16.1451
ERR13927576.6400	1550	19.1387
ERR13927576.6401	1558	20.2875
ERR13927576.6402	1569	17.7457
ERR13927576.6403	1557	17.7290
ERR13927576.6404	1569	17.7151
ERR13927576.6405	1626	16.3075
ERR13927576.6406	1523	14.8391
ERR13927576.6407	1544	15.7370
ERR13927576.6408	1632	22.0502
ERR13927576.6409	1551	17.1341
ERR13927576.6410	1558	14.4185
ERR13927576.6411	1554	18.5727
ERR13927576.6412	1009	15.2934
ERR13927576.6413	1573	19.0623
ERR13927576.6414	1543	15.0045
ERR13927576.6415	1574	16.7211
ERR13927576.6416	1545	19.9126
ERR13927576.6417	1550	17.5348
ERR13927576.6418	1556	16.6067
ERR13927576.6419	1597	15.8466
ERR13927576.6420	1530	17.7386
ERR13927576.6421	1577	17.7413
ERR13927576.6422	1543	17.8905
ERR13927576.6423	1572	19.3581
ERR13927576.6424	1565	20.1783
ERR13927576.6425	1564	16.6675
ERR13927576.6426	1546	18.8642
ERR13927576.6427	1511	17.2482
ERR13927576.6428	1549	15.9800
ERR13927576.6429	1543	18.4096
ERR13927576.6430	1579	18.0602
ERR13927576.6431	1585	20.0107
ERR13927576.6432	1545	16.3146
ERR13927576.6433	1550	20.0748
ERR13927576.6434	1581	19.9127
ERR13927576.6435	1586	17.7175
ERR13927576.6436	1567	16.4965
ERR13927576.6437	1551	17.4810
ERR13927576.6438	1556	18.6607
ERR13927576.6439	1574	16.7033
ERR13927576.6440	1559	17.0346
ERR13927576.6441	1010	17.3010
ERR13927576.6442	1557	19.6769
ERR13927576.6443	1569	17.7795
ERR13927576.6444	1485	15.5899
ERR13927576.6445	1592	16.0063
ERR13927576.6446	1596	18.8008
ERR13927576.6447	1547	17.9140
ERR13927576.6448	1580	19.0228
ERR13927576.6449	1558	20.0757
ERR13927576.6450	1581	17.8684
ERR13927576.6451	1590	18.0755
ERR13927576.6452	1579	18.3756
ERR13927576.6453	1553	17.2080
ERR13927576.6454	1509	16.8065
ERR13927576.6455	1552	18.2494
ERR13927576.6456	1565	16.6256
ERR13927576.6457	1564	18.9431
ERR13927576.6458	1555	15.8161
ERR13927576.6459	1579	18.8746
ERR13927576.6460	1523	18.4498
ERR13927576.6461	1562	17.9789
ERR13927576.6462	1530	16.2386
ERR13927576.6463	1531	17.9686
ERR13927576.6464	1589	18.9975
ERR13927576.6465	1545	18.2317
ERR13927576.6466	1564	16.1419
ERR13927576.6467	1574	17.0343
ERR13927576.6468	687	17.5939
ERR13927576.6469	1587	19.3812
ERR13927576.6470	1587	17.7083
ERR13927576.6471	1598	17.5444
ERR13927576.6472	1541	19.3063
ERR13927576.6473	1567	21.3606
ERR13927576.6474	1552	15.9659
ERR13927576.6475	1561	20.0237
ERR13927576.6476	1502	16.8915
ERR13927576.6477	1588	19.2280
ERR13927576.6478	1581	17.0215
ERR13927576.6479	1575	17.7003
ERR13927576.6480	1073	18.5834
ERR13927576.6481	1523	16.8661
ERR13927576.6482	1582	16.4678
ERR13927576.6483	1573	19.7540
ERR13927576.6484	1570	19.1204
ERR13927576.6485	1642	17.6985
ERR13927576.6486	1568	17.8642
ERR13927576.6487	1525	15.0538
ERR13927576.6488	1567	18.1908
ERR13927576.6489	668	15.4701
ERR13927576.6490	1529	17.1158
ERR13927576.6491	1223	15.6329
ERR13927576.6492	1512	16.1713
ERR13927576.6493	1561	18.1928
ERR13927576.6494	1580	17.8804
ERR13927576.6495	1555	17.3762
ERR13927576.6496	1572	16.6978
ERR13927576.6497	1544	14.6483
ERR13927576.6498	1043	19.3193
ERR13927576.6499	1536	14.1673
ERR13927576.6500	1583	19.5591
ERR13927576.6501	1558	14.7818
ERR13927576.6502	1520	14.9914
ERR13927576.6503	1556	17.9222
ERR13927576.6504	1604	21.2968
ERR13927576.6505	1565	16.9495
ERR13927576.6506	1559	18.1411
ERR13927576.6507	1554	17.9266
ERR13927576.6508	1589	16.2649
ERR13927576.6509	1570	15.4586
ERR13927576.6510	1558	17.1906
ERR13927576.6511	1547	16.0679
ERR13927576.6512	906	16.9570
ERR13927576.6513	1563	16.7076
ERR13927576.6514	1554	17.6062
ERR13927576.6515	1578	15.9385
ERR13927576.6516	1570	18.4936
ERR13927576.6517	1555	17.7505
ERR13927576.6518	1583	16.3222
ERR13927576.6519	1528	14.7755
ERR13927576.6520	1550	16.1800
ERR13927576.6521	1513	19.8698
ERR13927576.6522	1594	18.4097
ERR13927576.6523	1565	19.7751
ERR13927576.6524	1519	16.6024
ERR13927576.6525	1563	18.5521
ERR13927576.6526	1573	15.5512
ERR13927576.6527	1567	19.5852
ERR13927576.6528	1564	17.9457
ERR13927576.6529	1552	17.3892
ERR13927576.6530	1551	18.2366
ERR13927576.6531	1539	15.9688
ERR13927576.6532	1558	20.4583
ERR13927576.6533	1494	18.1198
ERR13927576.6534	1565	17.0754
ERR13927576.6535	1559	18.4913
ERR13927576.6536	1561	17.7309
ERR13927576.6537	1555	16.1961
ERR13927576.6538	1560	16.9692
ERR13927576.6539	1569	17.7368
ERR13927576.6540	1548	16.5123
ERR13927576.6541	3095	19.1822
ERR13927576.6542	1563	15.4997
ERR13927576.6543	1547	16.3504
ERR13927576.6544	1558	20.3678
ERR13927576.6545	1600	18.9894
ERR13927576.6546	1538	18.2094
ERR13927576.6547	1575	17.0654
ERR13927576.6548	1641	19.7629
ERR13927576.6549	1579	17.6795
ERR13927576.6550	1762	20.1260
ERR13927576.6551	1565	18.2581
ERR13927576.6552	1572	18.3060
ERR13927576.6553	1600	15.8950
ERR13927576.6554	1572	17.2831
ERR13927576.6555	1551	17.3417
ERR13927576.6556	498	18.3373
ERR13927576.6557	1610	14.8677
ERR13927576.6558	1539	18.1878
ERR13927576.6559	1580	21.2373
ERR13927576.6560	1554	18.4929
ERR13927576.6561	1546	18.3810
ERR13927576.6562	1560	17.0513
ERR13927576.6563	1539	18.5673
ERR13927576.6564	1548	15.9800
ERR13927576.6565	1587	17.0876
ERR13927576.6566	1540	14.1753
ERR13927576.6567	1556	17.3721
ERR13927576.6568	1542	19.7568
ERR13927576.6569	1552	15.9839
ERR13927576.6570	1591	17.9466
ERR13927576.6571	1577	15.6620
ERR13927576.6572	722	15.0152
ERR13927576.6573	1533	17.9400
ERR13927576.6574	1560	17.6827
ERR13927576.6575	1576	18.5749
ERR13927576.6576	1589	16.9622
ERR13927576.6577	1546	17.8493
ERR13927576.6578	1574	21.0820
ERR13927576.6579	1563	16.7338
ERR13927576.6580	1551	16.4971
ERR13927576.6581	1321	17.7222
ERR13927576.6582	1551	20.0464
ERR13927576.6583	842	15.0226
ERR13927576.6584	1522	15.5046
ERR13927576.6585	1570	19.8975
ERR13927576.6586	482	16.2344
ERR13927576.6587	1497	17.6379
ERR13927576.6588	1591	17.1930
ERR13927576.6589	1548	16.1150
ERR13927576.6590	1539	18.9181
ERR13927576.6591	1565	17.6160
ERR13927576.6592	1528	16.3482
ERR13927576.6593	1589	15.7741
ERR13927576.6594	1549	17.1866
ERR13927576.6595	1527	17.7976
ERR13927576.6596	1578	19.0830
ERR13927576.6597	1593	19.7646
ERR13927576.6598	1545	17.3269
ERR13927576.6599	1554	15.2149
ERR13927576.6600	1496	14.7019
ERR13927576.6601	1558	16.8113
ERR13927576.6602	1555	18.1473
ERR13927576.6603	1583	19.0745
ERR13927576.6604	1578	17.9797
ERR13927576.6605	1563	17.4920
ERR13927576.6606	1539	16.7771
ERR13927576.6607	1531	17.6127
ERR13927576.6608	1552	16.8763
ERR13927576.6609	1468	15.8726
ERR13927576.6610	1566	18.3442
ERR13927576.6611	1561	16.3619
ERR13927576.6612	1556	16.3670
ERR13927576.6613	1562	20.0922
ERR13927576.6614	1565	19.1355
ERR13927576.6615	1542	18.8100
ERR13927576.6616	1526	14.8879
ERR13927576.6617	1580	18.5589
ERR13927576.6618	1517	17.0132
ERR13927576.6619	1579	19.3800
ERR13927576.6620	1510	18.5921
ERR13927576.6621	1573	18.8195
ERR13927576.6622	1572	18.3162
ERR13927576.6623	1541	17.2914
ERR13927576.6624	1579	19.7441
ERR13927576.6625	921	16.4354
ERR13927576.6626	1517	18.3573
ERR13927576.6627	1287	17.8904
ERR13927576.6628	1538	16.6521
ERR13927576.6629	1563	15.9546
ERR13927576.6630	1559	21.8948
ERR13927576.6631	1565	16.2064
ERR13927576.6632	1538	17.1788
ERR13927576.6633	1560	19.3590
ERR13927576.6634	1559	19.5587
ERR13927576.6635	1492	17.9987
ERR13927576.6636	1561	17.7258
ERR13927576.6637	1554	16.8900
ERR13927576.6638	1543	17.3701
ERR13927576.6639	1599	18.1282
ERR13927576.6640	1591	16.2740
ERR13927576.6641	1559	17.1437
ERR13927576.6642	219	20.2740
ERR13927576.6643	1502	16.4794
ERR13927576.6644	1541	16.1155
ERR13927576.6645	1568	17.1091
ERR13927576.6646	1580	16.3266
ERR13927576.6647	1551	18.2231
ERR13927576.6648	1561	17.5375
ERR13927576.6649	1537	19.8549
ERR13927576.6650	1620	17.6222
ERR13927576.6651	1519	16.1784
ERR13927576.6652	1533	17.2916
ERR13927576.6653	1547	16.4098
ERR13927576.6654	1572	20.8111
ERR13927576.6655	3134	16.2007
ERR13927576.6656	1555	18.0457
ERR13927576.6657	1551	20.4358
ERR13927576.6658	1551	17.6757
ERR13927576.6659	1561	18.7309
ERR13927576.6660	1556	17.9332
ERR13927576.6661	1545	18.9359
ERR13927576.6662	1569	18.3945
ERR13927576.6663	1604	19.7887
ERR13927576.6664	1573	17.1729
ERR13927576.6665	1599	18.5328
ERR13927576.6666	1581	18.4073
ERR13927576.6667	1564	16.0198
ERR13927576.6668	1512	17.2288
ERR13927576.6669	690	18.7536
ERR13927576.6670	1596	16.8283
ERR13927576.6671	1544	15.5797
ERR13927576.6672	1600	18.2937
ERR13927576.6673	1556	20.6838
ERR13927576.6674	1556	18.4910
ERR13927576.6675	1522	17.8239
ERR13927576.6676	1542	17.5629
ERR13927576.6677	1591	18.2275
ERR13927576.6678	1569	17.3091
ERR13927576.6679	1594	16.2754
ERR13927576.6680	1579	19.7194
ERR13927576.6681	1563	17.2137
ERR13927576.6682	1535	15.6156
ERR13927576.6683	1549	16.8941
ERR13927576.6684	1593	17.3459
ERR13927576.6685	1570	19.2344
ERR13927576.6686	1553	16.0863
ERR13927576.6687	1539	17.8408
ERR13927576.6688	1359	20.6873
ERR13927576.6689	1554	19.2889
ERR13927576.6690	1552	15.8112
ERR13927576.6691	1563	20.5214
ERR13927576.6692	1515	18.5261
ERR13927576.6693	1492	18.7359
ERR13927576.6694	1561	17.1031
ERR13927576.6695	1517	19.2966
ERR13927576.6696	670	18.6612
ERR13927576.6697	1528	15.3658
ERR13927576.6698	1558	17.4217
ERR13927576.6699	1570	17.2790
ERR13927576.6700	1580	19.0816
ERR13927576.6701	1570	19.8357
ERR13927576.6702	1581	16.0310
ERR13927576.6703	1562	18.6536
ERR13927576.6704	561	18.6078
ERR13927576.6705	1566	15.6494
ERR13927576.6706	828	15.9891
ERR13927576.6707	1586	16.3361
ERR13927576.6708	1585	16.6631
ERR13927576.6709	1563	17.4978
ERR13927576.6710	1471	14.7675
ERR13927576.6711	744	14.5323
ERR13927576.6712	1585	18.0278
ERR13927576.6713	1551	18.3495
ERR13927576.6714	1576	17.5114
ERR13927576.6715	1592	16.6853
ERR13927576.6716	1518	15.7358
ERR13927576.6717	1545	17.6531
ERR13927576.6718	1593	18.1387
ERR13927576.6719	1527	18.4997
ERR13927576.6720	1565	18.6939
ERR13927576.6721	1541	18.5360
ERR13927576.6722	1538	19.8368
ERR13927576.6723	1557	19.1940
ERR13927576.6724	1585	19.5754
ERR13927576.6725	1546	17.6895
ERR13927576.6726	1525	14.9613
ERR13927576.6727	1556	18.8914
ERR13927576.6728	1574	19.2560
ERR13927576.6729	459	14.8214
ERR13927576.6730	1581	17.1758
ERR13927576.6731	1570	19.5930
ERR13927576.6732	1533	15.4990
ERR13927576.6733	1533	17.1265
ERR13927576.6734	1570	17.5255
ERR13927576.6735	1534	16.2203
ERR13927576.6736	855	17.6386
ERR13927576.6737	1565	21.3847
ERR13927576.6738	1562	18.8630
ERR13927576.6739	1582	20.0209
ERR13927576.6740	1589	17.4040
ERR13927576.6741	1539	19.7238
ERR13927576.6742	1552	18.0341
ERR13927576.6743	1541	17.1856
ERR13927576.6744	1573	19.0401
ERR13927576.6745	1547	17.7854
ERR13927576.6746	1603	15.5870
ERR13927576.6747	1561	18.9814
ERR13927576.6748	1579	20.1691
ERR13927576.6749	1541	16.9267
ERR13927576.6750	1559	15.2142
ERR13927576.6751	1535	18.5596
ERR13927576.6752	1575	16.1175
ERR13927576.6753	1551	18.8891
ERR13927576.6754	1544	16.4916
ERR13927576.6755	1594	20.5640
ERR13927576.6756	1561	16.2716
ERR13927576.6757	856	18.4451
ERR13927576.6758	1573	16.0687
ERR13927576.6759	1564	18.2717
ERR13927576.6760	1577	19.2150
ERR13927576.6761	1561	17.4337
ERR13927576.6762	1577	17.4743
ERR13927576.6763	1533	16.1076
ERR13927576.6764	1425	16.3109
ERR13927576.6765	1626	17.5135
ERR13927576.6766	1519	15.7623
ERR13927576.6767	1489	17.0571
ERR13927576.6768	1538	15.5904
ERR13927576.6769	1545	14.8951
ERR13927576.6770	1571	19.2947
ERR13927576.6771	1503	15.0685
ERR13927576.6772	1538	18.4486
ERR13927576.6773	1558	19.8479
ERR13927576.6774	1548	18.0452
ERR13927576.6775	1542	16.3684
ERR13927576.6776	1522	19.3272
ERR13927576.6777	1540	17.8188
ERR13927576.6778	1591	16.8994
ERR13927576.6779	1589	17.4575
ERR13927576.6780	1513	16.7165
ERR13927576.6781	1485	16.5630
ERR13927576.6782	1571	18.9459
ERR13927576.6783	1563	17.9936
ERR13927576.6784	1563	17.8490
ERR13927576.6785	1621	17.8569
ERR13927576.6786	1538	16.4811
ERR13927576.6787	1546	19.0938
ERR13927576.6788	1560	17.4917
ERR13927576.6789	1550	19.6671
ERR13927576.6790	1579	16.9633
ERR13927576.6791	1571	15.6442
ERR13927576.6792	1554	15.7362
ERR13927576.6793	1558	18.3184
ERR13927576.6794	1556	20.4602
ERR13927576.6795	1563	16.4133
ERR13927576.6796	1650	16.9861
ERR13927576.6797	1504	16.1888
ERR13927576.6798	1575	19.5054
ERR13927576.6799	1566	18.3269
ERR13927576.6800	1526	16.6756
ERR13927576.6801	1572	17.0973
ERR13927576.6802	1555	18.0617
ERR13927576.6803	1538	16.7997
ERR13927576.6804	1557	20.1785
ERR13927576.6805	1566	17.7229
ERR13927576.6806	1580	15.5804
ERR13927576.6807	1572	18.8651
ERR13927576.6808	1544	15.1101
ERR13927576.6809	993	15.3202
ERR13927576.6810	1593	18.7878
ERR13927576.6811	1515	17.2957
ERR13927576.6812	849	15.8445
ERR13927576.6813	1494	14.5689
ERR13927576.6814	1571	19.3189
ERR13927576.6815	1551	15.4848
ERR13927576.6816	1108	16.8457
ERR13927576.6817	1560	19.6987
ERR13927576.6818	1578	19.9778
ERR13927576.6819	1538	15.8251
ERR13927576.6820	1585	17.9956
ERR13927576.6821	1526	14.4318
ERR13927576.6822	1570	17.4847
ERR13927576.6823	1596	18.5432
ERR13927576.6824	1568	14.5466
ERR13927576.6825	1548	18.3540
ERR13927576.6826	1585	15.9174
ERR13927576.6827	1561	18.2415
ERR13927576.6828	1492	16.5597
ERR13927576.6829	1543	17.3564
ERR13927576.6830	832	17.6611
ERR13927576.6831	1566	18.1724
ERR13927576.6832	1600	19.4119
ERR13927576.6833	1589	18.9748
ERR13927576.6834	1535	17.3316
ERR13927576.6835	1560	16.6327
ERR13927576.6836	1574	16.9136
ERR13927576.6837	1554	18.1622
ERR13927576.6838	1545	18.6977
ERR13927576.6839	1515	17.3908
ERR13927576.6840	1552	15.8215
ERR13927576.6841	1549	16.3654
ERR13927576.6842	1544	17.3258
ERR13927576.6843	1569	14.6877
ERR13927576.6844	1546	16.3182
ERR13927576.6845	1623	18.1140
ERR13927576.6846	1565	15.6045
ERR13927576.6847	1547	17.5184
ERR13927576.6848	1579	19.6137
ERR13927576.6849	1530	17.6797
ERR13927576.6850	1621	19.4405
ERR13927576.6851	1568	17.7347
ERR13927576.6852	1529	17.4951
ERR13927576.6853	1578	15.8542
ERR13927576.6854	1545	18.4317
ERR13927576.6855	829	16.4174
ERR13927576.6856	1520	19.4020
ERR13927576.6857	1578	18.0843
ERR13927576.6858	1535	15.4306
ERR13927576.6859	1526	16.3565
ERR13927576.6860	1558	17.0815
ERR13927576.6861	1544	19.4378
ERR13927576.6862	1581	17.6338
ERR13927576.6863	1555	17.0399
ERR13927576.6864	1485	16.0310
ERR13927576.6865	1581	17.1695
ERR13927576.6866	1563	19.0000
ERR13927576.6867	1569	19.7170
ERR13927576.6868	1559	18.1020
ERR13927576.6869	1565	18.3278
ERR13927576.6870	1514	16.0172
ERR13927576.6871	1571	18.5213
ERR13927576.6872	1577	15.0076
ERR13927576.6873	1551	17.5338
ERR13927576.6874	1571	18.8810
ERR13927576.6875	1542	15.0739
ERR13927576.6876	1577	17.6043
ERR13927576.6877	1560	16.1583
ERR13927576.6878	1552	19.7307
ERR13927576.6879	1515	16.8634
ERR13927576.6880	1588	16.2286
ERR13927576.6881	1593	20.1607
ERR13927576.6882	1575	15.0565
ERR13927576.6883	1558	16.7099
ERR13927576.6884	1568	16.3980
ERR13927576.6885	1571	17.8415
ERR13927576.6886	1546	17.0821
ERR13927576.6887	1568	18.2194
ERR13927576.6888	1573	14.6758
ERR13927576.6889	1565	16.2454
ERR13927576.6890	1566	18.1654
ERR13927576.6891	1569	18.1198
ERR13927576.6892	1575	16.9111
ERR13927576.6893	1502	16.9727
ERR13927576.6894	1557	19.2119
ERR13927576.6895	1527	17.3877
ERR13927576.6896	1539	16.4568
ERR13927576.6897	1548	15.4444
ERR13927576.6898	1576	20.1472
ERR13927576.6899	1544	16.6470
ERR13927576.6900	1454	15.8528
ERR13927576.6901	1548	18.7804
ERR13927576.6902	1569	17.3098
ERR13927576.6903	1596	17.8941
ERR13927576.6904	1536	18.1784
ERR13927576.6905	1570	19.9197
ERR13927576.6906	1564	16.9354
ERR13927576.6907	1619	17.2662
ERR13927576.6908	1570	17.2707
ERR13927576.6909	1522	17.3035
ERR13927576.6910	1526	15.6874
ERR13927576.6911	1558	17.2644
ERR13927576.6912	1576	18.1466
ERR13927576.6913	1608	17.9279
ERR13927576.6914	1579	17.3958
ERR13927576.6915	1588	18.2897
ERR13927576.6916	1546	16.8635
ERR13927576.6917	1571	18.4666
ERR13927576.6918	1536	19.4368
ERR13927576.6919	1451	16.5424
ERR13927576.6920	830	16.3627
ERR13927576.6921	1524	14.7874
ERR13927576.6922	1536	17.3665
ERR13927576.6923	1127	15.6060
ERR13927576.6924	1529	16.3682
ERR13927576.6925	1471	15.8015
ERR13927576.6926	1597	16.5949
ERR13927576.6927	1580	18.6823
ERR13927576.6928	1589	18.1529
ERR13927576.6929	1550	16.1026
ERR13927576.6930	1562	20.9462
ERR13927576.6931	1555	16.0514
ERR13927576.6932	1532	18.4661
ERR13927576.6933	1547	18.0950
ERR13927576.6934	1602	17.4519
ERR13927576.6935	1548	17.3314
ERR13927576.6936	1558	20.2542
ERR13927576.6937	1560	15.3494
ERR13927576.6938	1570	20.1070
ERR13927576.6939	1563	18.3820
ERR13927576.6940	1498	17.0187
ERR13927576.6941	1573	18.0318
ERR13927576.6942	1604	15.5704
ERR13927576.6943	1524	16.6962
ERR13927576.6944	1579	17.2185
ERR13927576.6945	1552	14.9865
ERR13927576.6946	1543	15.2249
ERR13927576.6947	1569	20.4124
ERR13927576.6948	1551	18.0896
ERR13927576.6949	1561	17.5496
ERR13927576.6950	1585	20.5785
ERR13927576.6951	1586	17.1816
ERR13927576.6952	1530	15.1085
ERR13927576.6953	1551	17.5519
ERR13927576.6954	1581	17.0234
ERR13927576.6955	1570	15.2975
ERR13927576.6956	1326	16.6629
ERR13927576.6957	1543	15.1147
ERR13927576.6958	1543	18.0006
ERR13927576.6959	1555	19.3357
ERR13927576.6960	1479	14.8824
ERR13927576.6961	1570	17.7057
ERR13927576.6962	1592	18.2915
ERR13927576.6963	1543	20.4900
ERR13927576.6964	1578	16.4347
ERR13927576.6965	1532	17.0033
ERR13927576.6966	1546	16.8021
ERR13927576.6967	1533	18.0326
ERR13927576.6968	1542	17.8826
ERR13927576.6969	1538	17.2386
ERR13927576.6970	1579	18.0709
ERR13927576.6971	1534	14.5541
ERR13927576.6972	1547	16.7072
ERR13927576.6973	1577	17.5022
ERR13927576.6974	1540	14.5266
ERR13927576.6975	1549	18.1620
ERR13927576.6976	1485	13.8889
ERR13927576.6977	1574	17.7719
ERR13927576.6978	1584	18.7386
ERR13927576.6979	1521	15.2380
ERR13927576.6980	1521	16.7988
ERR13927576.6981	1574	15.8482
ERR13927576.6982	1551	17.5132
ERR13927576.6983	1548	16.3450
ERR13927576.6984	1533	18.7521
ERR13927576.6985	1585	17.0215
ERR13927576.6986	1534	16.4844
ERR13927576.6987	1580	18.5987
ERR13927576.6988	1593	17.9159
ERR13927576.6989	1564	20.2980
ERR13927576.6990	1566	18.4987
ERR13927576.6991	1599	16.4603
ERR13927576.6992	1565	22.0965
ERR13927576.6993	1579	16.0538
ERR13927576.6994	1510	16.7159
ERR13927576.6995	1530	14.6333
ERR13927576.6996	1563	18.9648
ERR13927576.6997	1537	16.5699
ERR13927576.6998	1546	16.6365
ERR13927576.6999	1553	15.8931
ERR13927576.7000	1507	15.4200
ERR13927576.7001	1578	17.8302
ERR13927576.7002	1558	17.0892
ERR13927576.7003	1565	17.4518
ERR13927576.7004	1552	18.6972
ERR13927576.7005	1549	16.0568
ERR13927576.7006	1168	16.9015
ERR13927576.7007	1518	16.6989
ERR13927576.7008	1547	19.7427
ERR13927576.7009	1489	17.7757
ERR13927576.7010	1549	16.9348
ERR13927576.7011	1431	17.0811
ERR13927576.7012	1564	20.8651
ERR13927576.7013	1509	14.8204
ERR13927576.7014	1566	16.4879
ERR13927576.7015	477	16.1992
ERR13927576.7016	338	14.1095
ERR13927576.7017	1542	16.5195
ERR13927576.7018	1584	18.3378
ERR13927576.7019	1496	16.4198
ERR13927576.7020	1581	16.5648
ERR13927576.7021	1515	16.2521
ERR13927576.7022	1553	19.1043
ERR13927576.7023	1557	15.5267
ERR13927576.7024	667	16.2984
ERR13927576.7025	1567	17.1525
ERR13927576.7026	1570	18.5898
ERR13927576.7027	1558	18.8967
ERR13927576.7028	1569	20.1657
ERR13927576.7029	1513	14.3886
ERR13927576.7030	1559	15.0686
ERR13927576.7031	1556	16.2834
ERR13927576.7032	1592	16.7927
ERR13927576.7033	1596	16.5382
ERR13927576.7034	1560	18.0833
ERR13927576.7035	1521	16.9855
ERR13927576.7036	1575	16.4146
ERR13927576.7037	1542	15.8716
ERR13927576.7038	1534	17.4576
ERR13927576.7039	1590	17.0862
ERR13927576.7040	1559	16.6030
ERR13927576.7041	1581	18.5402
ERR13927576.7042	1556	18.6356
ERR13927576.7043	1559	14.7069
ERR13927576.7044	1599	15.3402
ERR13927576.7045	1518	19.6548
ERR13927576.7046	1534	16.5293
ERR13927576.7047	1560	16.4667
ERR13927576.7048	1565	15.9917
ERR13927576.7049	1687	18.6325
ERR13927576.7050	1578	16.0545
ERR13927576.7051	1608	19.5392
ERR13927576.7052	1571	18.8511
ERR13927576.7053	1546	21.1843
ERR13927576.7054	1559	15.4772
ERR13927576.7055	1618	17.5841
ERR13927576.7056	1620	16.8765
ERR13927576.7057	1568	16.5191
ERR13927576.7058	1541	17.5925
ERR13927576.7059	1532	15.6123
ERR13927576.7060	1541	15.9591
ERR13927576.7061	1577	18.1617
ERR13927576.7062	1546	16.1682
ERR13927576.7063	1555	18.9826
ERR13927576.7064	1553	19.7534
ERR13927576.7065	1542	18.4280
ERR13927576.7066	1544	14.5978
ERR13927576.7067	1582	18.3521
ERR13927576.7068	1524	17.5020
ERR13927576.7069	1537	15.5231
ERR13927576.7070	1555	15.8013
ERR13927576.7071	1550	18.5968
ERR13927576.7072	1620	16.3512
ERR13927576.7073	1588	19.2739
ERR13927576.7074	1525	16.3823
ERR13927576.7075	1583	17.8522
ERR13927576.7076	1561	19.3357
ERR13927576.7077	1552	17.2242
ERR13927576.7078	1569	16.3754
ERR13927576.7079	1521	17.7521
ERR13927576.7080	1561	15.4587
ERR13927576.7081	1530	14.9582
ERR13927576.7082	1499	19.3102
ERR13927576.7083	1450	14.6303
ERR13927576.7084	1575	18.7092
ERR13927576.7085	1526	17.6402
ERR13927576.7086	1593	19.4062
ERR13927576.7087	1579	17.5776
ERR13927576.7088	1561	19.8053
ERR13927576.7089	1565	14.0198
ERR13927576.7090	1551	16.9304
ERR13927576.7091	1445	15.1536
ERR13927576.7092	1561	18.0871
ERR13927576.7093	1550	15.8006
ERR13927576.7094	1584	16.2405
ERR13927576.7095	1486	14.4966
ERR13927576.7096	1590	16.4686
ERR13927576.7097	1551	18.7847
ERR13927576.7098	1542	17.9598
ERR13927576.7099	1589	16.1397
ERR13927576.7100	1575	15.5086
ERR13927576.7101	1544	18.2487
ERR13927576.7102	1560	18.6212
ERR13927576.7103	1508	15.6592
ERR13927576.7104	1559	18.3618
ERR13927576.7105	1572	16.8276
ERR13927576.7106	1548	15.2087
ERR13927576.7107	1586	18.1419
ERR13927576.7108	1574	17.6029
ERR13927576.7109	1575	15.8375
ERR13927576.7110	1561	17.1019
ERR13927576.7111	1569	16.2396
ERR13927576.7112	1552	16.6347
ERR13927576.7113	1497	18.2786
ERR13927576.7114	1543	16.6721
ERR13927576.7115	1573	18.0737
ERR13927576.7116	1562	16.0461
ERR13927576.7117	1582	19.5076
ERR13927576.7118	1546	16.1281
ERR13927576.7119	1511	18.1357
ERR13927576.7120	1549	16.9361
ERR13927576.7121	1563	16.9891
ERR13927576.7122	1564	17.9540
ERR13927576.7123	1537	15.4977
ERR13927576.7124	1546	19.5175
ERR13927576.7125	1486	15.2470
ERR13927576.7126	1551	15.4010
ERR13927576.7127	1557	16.1272
ERR13927576.7128	1562	18.3688
ERR13927576.7129	1578	18.0798
ERR13927576.7130	1574	15.4911
ERR13927576.7131	1620	19.0907
ERR13927576.7132	1551	18.1322
ERR13927576.7133	1567	15.9541
ERR13927576.7134	1571	21.0115
ERR13927576.7135	1616	16.1089
ERR13927576.7136	1568	18.6773
ERR13927576.7137	1563	15.1587
ERR13927576.7138	1583	19.5028
ERR13927576.7139	1515	15.7089
ERR13927576.7140	1559	19.2989
ERR13927576.7141	1530	17.1464
ERR13927576.7142	1599	15.9600
ERR13927576.7143	1606	17.7945
ERR13927576.7144	1574	20.4873
ERR13927576.7145	1573	17.9256
ERR13927576.7146	1563	18.7479
ERR13927576.7147	1577	16.5834
ERR13927576.7148	1548	16.6712
ERR13927576.7149	1536	19.5072
ERR13927576.7150	1555	18.0289
ERR13927576.7151	1574	18.6423
ERR13927576.7152	1550	15.7774
ERR13927576.7153	1561	16.9712
ERR13927576.7154	1527	15.0033
ERR13927576.7155	1556	18.3303
ERR13927576.7156	1563	19.6276
ERR13927576.7157	1564	16.8638
ERR13927576.7158	1545	19.2563
ERR13927576.7159	1572	17.9128
ERR13927576.7160	1519	18.2666
ERR13927576.7161	1587	15.3377
ERR13927576.7162	1566	16.8665
ERR13927576.7163	1564	18.7123
ERR13927576.7164	1526	17.9803
ERR13927576.7165	1575	17.9130
ERR13927576.7166	1531	20.1986
ERR13927576.7167	1587	18.4543
ERR13927576.7168	1616	18.3571
ERR13927576.7169	1585	17.0637
ERR13927576.7170	1574	15.1531
ERR13927576.7171	1582	17.3021
ERR13927576.7172	1493	16.3965
ERR13927576.7173	1559	18.3733
ERR13927576.7174	1528	18.6178
ERR13927576.7175	1557	17.2055
ERR13927576.7176	1569	17.8560
ERR13927576.7177	1545	16.6440
ERR13927576.7178	1606	17.1880
ERR13927576.7179	1307	18.2142
ERR13927576.7180	1599	15.9325
ERR13927576.7181	1565	17.1968
ERR13927576.7182	1561	19.0551
ERR13927576.7183	1574	16.9263
ERR13927576.7184	1590	19.3654
ERR13927576.7185	1553	19.0921
ERR13927576.7186	1564	17.2334
ERR13927576.7187	1540	17.6286
ERR13927576.7188	1572	18.6565
ERR13927576.7189	1568	18.7793
ERR13927576.7190	1532	16.8766
ERR13927576.7191	1564	16.0307
ERR13927576.7192	1528	19.9195
ERR13927576.7193	1567	21.0140
ERR13927576.7194	1589	17.5374
ERR13927576.7195	1580	19.6171
ERR13927576.7196	1559	16.1046
ERR13927576.7197	1581	18.8836
ERR13927576.7198	1543	15.8134
ERR13927576.7199	1519	16.9473
ERR13927576.7200	1595	18.7492
ERR13927576.7201	1512	15.4735
ERR13927576.7202	1539	16.5029
ERR13927576.7203	1556	15.9325
ERR13927576.7204	1539	15.1793
ERR13927576.7205	1552	19.2461
ERR13927576.7206	1567	15.4308
ERR13927576.7207	1561	18.8405
ERR13927576.7208	1554	19.9852
ERR13927576.7209	1547	16.1390
ERR13927576.7210	1524	17.0348
ERR13927576.7211	1052	17.4563
ERR13927576.7212	1576	14.7481
ERR13927576.7213	1573	17.6567
ERR13927576.7214	1515	17.4139
ERR13927576.7215	1552	19.5999
ERR13927576.7216	1565	16.9834
ERR13927576.7217	1595	16.3812
ERR13927576.7218	1548	15.5846
ERR13927576.7219	1558	19.8498
ERR13927576.7220	1572	18.7882
ERR13927576.7221	1497	16.4048
ERR13927576.7222	1576	19.2278
ERR13927576.7223	1560	18.9314
ERR13927576.7224	1571	18.8294
ERR13927576.7225	1561	18.1377
ERR13927576.7226	1557	17.7579
ERR13927576.7227	1569	17.6450
ERR13927576.7228	1475	14.3688
ERR13927576.7229	1150	15.4826
ERR13927576.7230	1566	18.1309
ERR13927576.7231	1513	15.0720
ERR13927576.7232	1555	16.6450
ERR13927576.7233	1573	16.0445
ERR13927576.7234	1573	19.5709
ERR13927576.7235	1569	18.9917
ERR13927576.7236	1555	15.2875
ERR13927576.7237	1577	20.1598
ERR13927576.7238	1579	16.7346
ERR13927576.7239	1537	16.6864
ERR13927576.7240	1524	16.1063
ERR13927576.7241	1565	21.2454
ERR13927576.7242	1571	16.7377
ERR13927576.7243	1539	17.1800
ERR13927576.7244	1570	16.6732
ERR13927576.7245	1545	19.9223
ERR13927576.7246	1575	16.4343
ERR13927576.7247	1574	17.4530
ERR13927576.7248	1574	20.7630
ERR13927576.7249	1555	17.9428
ERR13927576.7250	1572	15.9644
ERR13927576.7251	551	15.6044
ERR13927576.7252	1568	17.8654
ERR13927576.7253	1554	19.4215
ERR13927576.7254	1584	18.4438
ERR13927576.7255	1557	16.6095
ERR13927576.7256	1562	18.7164
ERR13927576.7257	1563	21.1388
ERR13927576.7258	1556	17.8920
ERR13927576.7259	1585	16.2713
ERR13927576.7260	1590	18.6050
ERR13927576.7261	1552	14.4433
ERR13927576.7262	1518	15.7918
ERR13927576.7263	1554	17.2246
ERR13927576.7264	1579	17.6669
ERR13927576.7265	1558	14.7221
ERR13927576.7266	1553	18.0084
ERR13927576.7267	1575	18.5841
ERR13927576.7268	1602	20.3196
ERR13927576.7269	1584	17.1402
ERR13927576.7270	1552	18.2113
ERR13927576.7271	1523	16.9251
ERR13927576.7272	1554	17.2111
ERR13927576.7273	1531	16.3821
ERR13927576.7274	1557	16.6121
ERR13927576.7275	1548	17.2720
ERR13927576.7276	1597	19.1835
ERR13927576.7277	1577	18.5574
ERR13927576.7278	1569	16.8196
ERR13927576.7279	1545	17.1592
ERR13927576.7280	1565	17.8498
ERR13927576.7281	1485	17.2983
ERR13927576.7282	1574	17.3278
ERR13927576.7283	1581	17.0310
ERR13927576.7284	1560	18.9519
ERR13927576.7285	1567	18.5463
ERR13927576.7286	1577	19.6037
ERR13927576.7287	1569	20.2173
ERR13927576.7288	1570	17.8217
ERR13927576.7289	1541	18.5737
ERR13927576.7290	1538	16.8726
ERR13927576.7291	1558	19.0116
ERR13927576.7292	1558	15.0436
ERR13927576.7293	1537	17.0026
ERR13927576.7294	1578	17.4620
ERR13927576.7295	1569	19.0166
ERR13927576.7296	1569	16.4289
ERR13927576.7297	1536	15.3314
ERR13927576.7298	1086	18.6768
ERR13927576.7299	1554	20.1435
ERR13927576.7300	1572	14.6673
ERR13927576.7301	1559	17.5164
ERR13927576.7302	1574	18.1874
ERR13927576.7303	1552	15.5844
ERR13927576.7304	1527	16.0504
ERR13927576.7305	1559	17.2874
ERR13927576.7306	1598	17.4412
ERR13927576.7307	1584	16.6850
ERR13927576.7308	1545	18.1133
ERR13927576.7309	1553	21.6130
ERR13927576.7310	1579	16.9981
ERR13927576.7311	1575	17.2768
ERR13927576.7312	1554	17.9221
ERR13927576.7313	1523	16.3473
ERR13927576.7314	1522	17.7175
ERR13927576.7315	1560	19.0603
ERR13927576.7316	1575	18.9340
ERR13927576.7317	1568	18.6875
ERR13927576.7318	1583	15.7637
ERR13927576.7319	1577	18.9645
ERR13927576.7320	1569	18.8923
ERR13927576.7321	1537	15.1191
ERR13927576.7322	1516	16.0521
ERR13927576.7323	1596	18.3346
ERR13927576.7324	1551	17.2353
ERR13927576.7325	1525	17.5685
ERR13927576.7326	1556	19.1491
ERR13927576.7327	1578	15.1774
ERR13927576.7328	1584	19.1509
ERR13927576.7329	1537	19.8608
ERR13927576.7330	1553	18.1391
ERR13927576.7331	1580	17.1538
ERR13927576.7332	1534	19.2340
ERR13927576.7333	1582	18.8609
ERR13927576.7334	1581	16.6622
ERR13927576.7335	1510	14.4106
ERR13927576.7336	1584	16.4924
ERR13927576.7337	1530	18.0359
ERR13927576.7338	1530	17.8922
ERR13927576.7339	1536	16.0026
ERR13927576.7340	1557	18.5234
ERR13927576.7341	1583	18.5370
ERR13927576.7342	1567	16.5482
ERR13927576.7343	1573	18.4139
ERR13927576.7344	1527	16.3510
ERR13927576.7345	1558	16.9397
ERR13927576.7346	1557	17.5909
ERR13927576.7347	1544	18.5596
ERR13927576.7348	491	17.5255
ERR13927576.7349	1534	17.1089
ERR13927576.7350	1566	18.9617
ERR13927576.7351	1527	15.5435
ERR13927576.7352	1580	15.8867
ERR13927576.7353	1553	16.7424
ERR13927576.7354	1555	16.0855
ERR13927576.7355	1562	20.0288
ERR13927576.7356	1485	17.7488
ERR13927576.7357	1512	15.2599
ERR13927576.7358	1549	18.6649
ERR13927576.7359	1560	18.9897
ERR13927576.7360	1549	16.9987
ERR13927576.7361	165	14.8606
ERR13927576.7362	1596	18.0363
ERR13927576.7363	958	18.3121
ERR13927576.7364	1547	21.4098
ERR13927576.7365	1607	19.4263
ERR13927576.7366	1171	15.2365
ERR13927576.7367	1578	18.9626
ERR13927576.7368	1520	15.9987
ERR13927576.7369	1525	15.9193
ERR13927576.7370	1558	16.6688
ERR13927576.7371	1583	16.3790
ERR13927576.7372	1629	16.4230
ERR13927576.7373	1560	15.6167
ERR13927576.7374	1548	15.6182
ERR13927576.7375	1565	15.6179
ERR13927576.7376	1546	20.0821
ERR13927576.7377	1364	17.4216
ERR13927576.7378	1553	16.5724
ERR13927576.7379	1563	17.3052
ERR13927576.7380	1541	17.6554
ERR13927576.7381	1561	14.8520
ERR13927576.7382	1572	18.7131
ERR13927576.7383	1519	15.6366
ERR13927576.7384	1565	19.2958
ERR13927576.7385	1521	17.4589
ERR13927576.7386	1514	18.8527
ERR13927576.7387	1552	17.2397
ERR13927576.7388	1572	19.3632
ERR13927576.7389	1572	19.7233
ERR13927576.7390	1553	20.3232
ERR13927576.7391	1563	18.7377
ERR13927576.7392	1559	17.3746
ERR13927576.7393	1548	17.2461
ERR13927576.7394	1535	18.3603
ERR13927576.7395	1578	17.1153
ERR13927576.7396	1572	19.7137
ERR13927576.7397	1550	16.6394
ERR13927576.7398	669	16.1046
ERR13927576.7399	1506	15.7563
ERR13927576.7400	1197	19.7602
ERR13927576.7401	1561	15.5593
ERR13927576.7402	1578	20.3790
ERR13927576.7403	1565	15.8077
ERR13927576.7404	1575	15.9670
ERR13927576.7405	1564	16.3913
ERR13927576.7406	1222	15.6318
ERR13927576.7407	1576	19.9308
ERR13927576.7408	1552	20.1160
ERR13927576.7409	1583	18.8484
ERR13927576.7410	1535	16.1433
ERR13927576.7411	1560	16.5904
ERR13927576.7412	1553	16.2872
ERR13927576.7413	776	18.5155
ERR13927576.7414	1565	15.3962
ERR13927576.7415	1560	16.5397
ERR13927576.7416	1572	16.5681
ERR13927576.7417	1543	18.1102
ERR13927576.7418	1588	20.5315
ERR13927576.7419	1537	17.6448
ERR13927576.7420	1546	18.0155
ERR13927576.7421	1521	17.4924
ERR13927576.7422	1573	18.9085
ERR13927576.7423	1557	19.3943
ERR13927576.7424	1526	17.5308
ERR13927576.7425	932	17.6459
ERR13927576.7426	1578	20.0196
ERR13927576.7427	1613	17.3900
ERR13927576.7428	1525	15.8597
ERR13927576.7429	1139	16.8060
ERR13927576.7430	1544	19.4378
ERR13927576.7431	1571	20.5563
ERR13927576.7432	1563	20.3941
ERR13927576.7433	1558	15.5449
ERR13927576.7434	1562	15.9731
ERR13927576.7435	1625	17.3637
ERR13927576.7436	1523	17.4032
ERR13927576.7437	1501	15.1153
ERR13927576.7438	1553	16.3599
ERR13927576.7439	1560	20.2981
ERR13927576.7440	1558	17.8415
ERR13927576.7441	1540	20.8916
ERR13927576.7442	1564	19.1771
ERR13927576.7443	1532	14.9608
ERR13927576.7444	1543	16.8296
ERR13927576.7445	1547	15.8507
ERR13927576.7446	1534	17.3129
ERR13927576.7447	1585	19.1842
ERR13927576.7448	1519	16.4187
ERR13927576.7449	1482	17.1680
ERR13927576.7450	1575	19.2717
ERR13927576.7451	1580	16.8114
ERR13927576.7452	1585	18.4631
ERR13927576.7453	1568	20.1212
ERR13927576.7454	1208	19.6474
ERR13927576.7455	1557	18.9692
ERR13927576.7456	1567	16.0606
ERR13927576.7457	1551	19.1651
ERR13927576.7458	1587	18.8444
ERR13927576.7459	1570	18.8134
ERR13927576.7460	1553	15.0541
ERR13927576.7461	1547	18.2424
ERR13927576.7462	1591	17.0383
ERR13927576.7463	1546	17.5602
ERR13927576.7464	1587	18.8450
ERR13927576.7465	1534	17.8064
ERR13927576.7466	1528	19.2795
ERR13927576.7467	1572	19.6997
ERR13927576.7468	1566	16.4815
ERR13927576.7469	1548	17.8831
ERR13927576.7470	1569	16.7929
ERR13927576.7471	1592	16.5063
ERR13927576.7472	1449	19.0352
ERR13927576.7473	1539	16.6329
ERR13927576.7474	1525	15.9377
ERR13927576.7475	1572	18.4866
ERR13927576.7476	1543	18.7511
ERR13927576.7477	1565	17.2224
ERR13927576.7478	1552	18.9143
ERR13927576.7479	1570	18.3439
ERR13927576.7480	1559	16.1103
ERR13927576.7481	1526	15.8336
ERR13927576.7482	1612	17.6538
ERR13927576.7483	1562	18.8553
ERR13927576.7484	1561	16.1025
ERR13927576.7485	1624	16.5782
ERR13927576.7486	1566	19.5313
ERR13927576.7487	1570	16.3255
ERR13927576.7488	1553	17.5666
ERR13927576.7489	1630	17.4847
ERR13927576.7490	1520	17.1757
ERR13927576.7491	1524	17.2415
ERR13927576.7492	1560	18.3288
ERR13927576.7493	1570	17.7815
ERR13927576.7494	1559	18.6139
ERR13927576.7495	1565	16.2997
ERR13927576.7496	1543	18.0143
ERR13927576.7497	1559	16.2771
ERR13927576.7498	1565	15.6006
ERR13927576.7499	1632	17.3229
ERR13927576.7500	1580	19.0215
ERR13927576.7501	1560	15.8487
ERR13927576.7502	1573	15.1087
ERR13927576.7503	1564	19.3504
ERR13927576.7504	1538	18.9265
ERR13927576.7505	1549	16.2285
ERR13927576.7506	1542	17.7082
ERR13927576.7507	1544	17.2215
ERR13927576.7508	1581	18.1373
ERR13927576.7509	1522	16.8929
ERR13927576.7510	1577	18.7204
ERR13927576.7511	1583	17.1390
ERR13927576.7512	1542	17.9935
ERR13927576.7513	1551	16.6331
ERR13927576.7514	1579	19.0051
ERR13927576.7515	1565	18.0377
ERR13927576.7516	1570	18.1280
ERR13927576.7517	1555	18.9929
ERR13927576.7518	1578	17.0349
ERR13927576.7519	1531	14.9811
ERR13927576.7520	1554	19.0978
ERR13927576.7521	1569	15.7081
ERR13927576.7522	1534	18.2510
ERR13927576.7523	1557	17.6789
ERR13927576.7524	1549	17.0897
ERR13927576.7525	1601	18.1711
ERR13927576.7526	1542	16.9708
ERR13927576.7527	1515	18.0713
ERR13927576.7528	1565	19.0013
ERR13927576.7529	1593	17.0791
ERR13927576.7530	1588	18.2500
ERR13927576.7531	1557	16.4669
ERR13927576.7532	1566	18.9796
ERR13927576.7533	1545	17.1016
ERR13927576.7534	1561	18.5503
ERR13927576.7535	1581	16.4402
ERR13927576.7536	1545	19.9178
ERR13927576.7537	1538	16.9382
ERR13927576.7538	1582	17.2661
ERR13927576.7539	1559	16.8422
ERR13927576.7540	1567	19.7167
ERR13927576.7541	1550	15.6832
ERR13927576.7542	1574	16.9314
ERR13927576.7543	1575	17.6267
ERR13927576.7544	1531	16.0366
ERR13927576.7545	1548	18.0142
ERR13927576.7546	1547	16.0414
ERR13927576.7547	1551	17.4352
ERR13927576.7548	1575	16.0463
ERR13927576.7549	1527	16.0720
ERR13927576.7550	1579	19.7429
ERR13927576.7551	1576	19.0577
ERR13927576.7552	1490	16.1872
ERR13927576.7553	1602	18.0056
ERR13927576.7554	1558	17.3363
ERR13927576.7555	1543	15.7518
ERR13927576.7556	1519	17.0527
ERR13927576.7557	1579	18.3027
ERR13927576.7558	1573	16.7826
ERR13927576.7559	1569	18.7100
ERR13927576.7560	1561	17.9712
ERR13927576.7561	1205	18.9203
ERR13927576.7562	1521	13.4878
ERR13927576.7563	1547	18.3426
ERR13927576.7564	1344	14.8958
ERR13927576.7565	1560	17.8308
ERR13927576.7566	1599	17.1438
ERR13927576.7567	1546	17.8933
ERR13927576.7568	1585	16.5937
ERR13927576.7569	1525	16.4085
ERR13927576.7570	1546	17.2574
ERR13927576.7571	1503	18.8170
ERR13927576.7572	1590	18.9736
ERR13927576.7573	1551	17.5790
ERR13927576.7574	1508	14.8090
ERR13927576.7575	1477	15.5227
ERR13927576.7576	1574	18.1010
ERR13927576.7577	1599	17.7298
ERR13927576.7578	1560	16.7186
ERR13927576.7579	1611	16.3023
ERR13927576.7580	1556	15.7828
ERR13927576.7581	1519	15.9276
ERR13927576.7582	1030	14.9631
ERR13927576.7583	1534	17.0782
ERR13927576.7584	1535	20.5173
ERR13927576.7585	1563	19.4031
ERR13927576.7586	1565	18.4767
ERR13927576.7587	1585	19.1274
ERR13927576.7588	1596	17.8603
ERR13927576.7589	1574	17.2872
ERR13927576.7590	1514	15.7794
ERR13927576.7591	1539	20.1326
ERR13927576.7592	1549	16.7883
ERR13927576.7593	1565	17.0486
ERR13927576.7594	1542	16.9150
ERR13927576.7595	1532	15.7278
ERR13927576.7596	1592	18.8536
ERR13927576.7597	1587	20.9710
ERR13927576.7598	1551	19.4861
ERR13927576.7599	1538	16.6775
ERR13927576.7600	1590	18.2013
ERR13927576.7601	1324	16.9018
ERR13927576.7602	1566	20.6922
ERR13927576.7603	1582	19.6075
ERR13927576.7604	1574	17.0419
ERR13927576.7605	1553	18.2807
ERR13927576.7606	1575	19.8337
ERR13927576.7607	1557	19.2460
ERR13927576.7608	1556	18.4794
ERR13927576.7609	1483	16.9845
ERR13927576.7610	1536	16.6471
ERR13927576.7611	1579	16.8442
ERR13927576.7612	1495	17.7906
ERR13927576.7613	1555	16.2412
ERR13927576.7614	1533	16.6751
ERR13927576.7615	1519	17.7321
ERR13927576.7616	1568	15.3112
ERR13927576.7617	1554	15.8468
ERR13927576.7618	1531	15.1182
ERR13927576.7619	1180	15.9220
ERR13927576.7620	1558	17.6528
ERR13927576.7621	1551	18.0116
ERR13927576.7622	1575	16.1486
ERR13927576.7623	1604	18.5817
ERR13927576.7624	1556	17.8663
ERR13927576.7625	1571	16.5181
ERR13927576.7626	1544	18.7532
ERR13927576.7627	1599	18.2333
ERR13927576.7628	1565	19.3591
ERR13927576.7629	1566	16.5728
ERR13927576.7630	1556	19.2712
ERR13927576.7631	1611	17.1831
ERR13927576.7632	1563	18.0665
ERR13927576.7633	1577	15.4052
ERR13927576.7634	1560	19.5583
ERR13927576.7635	1530	15.7216
ERR13927576.7636	1549	17.2544
ERR13927576.7637	1572	18.2983
ERR13927576.7638	1556	16.9126
ERR13927576.7639	1579	19.6073
ERR13927576.7640	1543	15.2923
ERR13927576.7641	1599	19.1451
ERR13927576.7642	1561	15.4881
ERR13927576.7643	1555	17.9595
ERR13927576.7644	1594	18.0652
ERR13927576.7645	1578	18.5653
ERR13927576.7646	1586	17.3821
ERR13927576.7647	1569	17.9038
ERR13927576.7648	1550	19.0994
ERR13927576.7649	1558	18.1592
ERR13927576.7650	1549	15.2847
ERR13927576.7651	1551	15.8511
ERR13927576.7652	1584	15.7771
ERR13927576.7653	1559	16.9179
ERR13927576.7654	1579	18.1507
ERR13927576.7655	1538	16.2438
ERR13927576.7656	1561	15.8949
ERR13927576.7657	1546	16.9605
ERR13927576.7658	1576	19.2176
ERR13927576.7659	1583	18.1409
ERR13927576.7660	1578	17.0285
ERR13927576.7661	1568	18.1339
ERR13927576.7662	1551	17.3785
ERR13927576.7663	1552	19.5180
ERR13927576.7664	1570	17.9510
ERR13927576.7665	1564	15.2142
ERR13927576.7666	1573	16.6001
ERR13927576.7667	1583	18.0423
ERR13927576.7668	1533	15.8669
ERR13927576.7669	1559	18.8826
ERR13927576.7670	1549	15.7915
ERR13927576.7671	1566	19.1098
ERR13927576.7672	1540	18.3344
ERR13927576.7673	1585	16.9041
ERR13927576.7674	1598	18.6395
ERR13927576.7675	1552	16.9903
ERR13927576.7676	1553	19.2795
ERR13927576.7677	1569	17.7859
ERR13927576.7678	1542	16.2056
ERR13927576.7679	1539	16.1481
ERR13927576.7680	1592	17.9146
ERR13927576.7681	1561	19.0698
ERR13927576.7682	1490	15.6772
ERR13927576.7683	1529	17.7194
ERR13927576.7684	1576	19.7747
ERR13927576.7685	1626	16.8093
ERR13927576.7686	1544	14.8355
ERR13927576.7687	1554	18.6242
ERR13927576.7688	1511	17.4169
ERR13927576.7689	1507	15.3524
ERR13927576.7690	3080	15.2175
ERR13927576.7691	1560	17.4327
ERR13927576.7692	1502	15.0080
ERR13927576.7693	1499	15.2969
ERR13927576.7694	1581	17.7774
ERR13927576.7695	1515	15.4488
ERR13927576.7696	1581	16.4573
ERR13927576.7697	1576	16.6402
ERR13927576.7698	1548	18.2603
ERR13927576.7699	1586	18.7491
ERR13927576.7700	1569	15.6705
ERR13927576.7701	1578	17.3257
ERR13927576.7702	1546	15.1352
ERR13927576.7703	1575	16.5244
ERR13927576.7704	1551	19.8788
ERR13927576.7705	934	17.4079
ERR13927576.7706	848	19.0932
ERR13927576.7707	1411	18.2020
ERR13927576.7708	1594	17.8990
ERR13927576.7709	1571	17.9752
ERR13927576.7710	1568	20.1186
ERR13927576.7711	1554	19.0862
ERR13927576.7712	1551	16.7602
ERR13927576.7713	1564	16.6311
ERR13927576.7714	1531	17.2404
ERR13927576.7715	1564	18.0480
ERR13927576.7716	1579	17.8214
ERR13927576.7717	1555	21.1087
ERR13927576.7718	1575	18.5441
ERR13927576.7719	1558	18.2144
ERR13927576.7720	1546	15.9179
ERR13927576.7721	1547	15.3866
ERR13927576.7722	1519	19.3634
ERR13927576.7723	1549	19.2034
ERR13927576.7724	1516	15.8958
ERR13927576.7725	207	17.0580
ERR13927576.7726	1550	18.8077
ERR13927576.7727	1533	17.2551
ERR13927576.7728	1568	19.2360
ERR13927576.7729	1586	18.8090
ERR13927576.7730	298	15.9128
ERR13927576.7731	1519	16.5405
ERR13927576.7732	1594	18.3714
ERR13927576.7733	1588	18.6001
ERR13927576.7734	1533	17.1350
ERR13927576.7735	1595	18.5843
ERR13927576.7736	1544	17.2992
ERR13927576.7737	1501	15.5263
ERR13927576.7738	1478	16.6116
ERR13927576.7739	1553	18.2382
ERR13927576.7740	1586	20.1387
ERR13927576.7741	1558	16.0148
ERR13927576.7742	1614	16.7980
ERR13927576.7743	1559	15.4047
ERR13927576.7744	1556	16.0887
ERR13927576.7745	1601	18.7914
ERR13927576.7746	1567	19.7664
ERR13927576.7747	1535	16.2645
ERR13927576.7748	1366	18.1530
ERR13927576.7749	1547	16.4745
ERR13927576.7750	1578	18.1058
ERR13927576.7751	1578	15.8485
ERR13927576.7752	1558	19.3440
ERR13927576.7753	415	17.0072
ERR13927576.7754	1545	16.0337
ERR13927576.7755	1575	17.2025
ERR13927576.7756	1552	17.9684
ERR13927576.7757	1582	18.8793
ERR13927576.7758	1583	18.4220
ERR13927576.7759	1612	19.0962
ERR13927576.7760	1555	15.7023
ERR13927576.7761	1571	18.6505
ERR13927576.7762	1543	16.2735
ERR13927576.7763	1557	16.9461
ERR13927576.7764	1547	16.9438
ERR13927576.7765	1555	20.1871
ERR13927576.7766	1569	16.5755
ERR13927576.7767	1579	15.6808
ERR13927576.7768	1569	18.0950
ERR13927576.7769	1564	16.7321
ERR13927576.7770	1540	17.6052
ERR13927576.7771	1548	16.6912
ERR13927576.7772	1561	17.3440
ERR13927576.7773	1548	17.5426
ERR13927576.7774	1575	15.9289
ERR13927576.7775	1567	17.3127
ERR13927576.7776	1541	16.7742
ERR13927576.7777	1591	15.7681
ERR13927576.7778	1558	18.1855
ERR13927576.7779	1605	17.2517
ERR13927576.7780	1601	15.4797
ERR13927576.7781	1555	16.9833
ERR13927576.7782	1547	19.0090
ERR13927576.7783	1581	15.7957
ERR13927576.7784	1531	16.1234
ERR13927576.7785	1560	16.0410
ERR13927576.7786	1411	18.7789
ERR13927576.7787	1533	18.7378
ERR13927576.7788	1558	17.2580
ERR13927576.7789	1574	16.3888
ERR13927576.7790	1596	18.2368
ERR13927576.7791	927	17.3905
ERR13927576.7792	1565	16.4728
ERR13927576.7793	1535	15.8873
ERR13927576.7794	1521	15.6016
ERR13927576.7795	1524	18.7598
ERR13927576.7796	1559	18.8454
ERR13927576.7797	1560	16.2032
ERR13927576.7798	1542	15.9831
ERR13927576.7799	1578	16.0716
ERR13927576.7800	515	19.1612
ERR13927576.7801	1585	19.0322
ERR13927576.7802	1548	18.7216
ERR13927576.7803	1644	16.4605
ERR13927576.7804	1557	17.1079
ERR13927576.7805	1556	18.4454
ERR13927576.7806	1575	16.5790
ERR13927576.7807	1586	19.4981
ERR13927576.7808	1198	17.6553
ERR13927576.7809	1570	18.9484
ERR13927576.7810	1556	17.2847
ERR13927576.7811	1559	16.0545
ERR13927576.7812	1538	16.6476
ERR13927576.7813	1575	18.1340
ERR13927576.7814	1571	16.2419
ERR13927576.7815	1476	17.0928
ERR13927576.7816	1511	16.2608
ERR13927576.7817	1526	16.6684
ERR13927576.7818	1525	17.4105
ERR13927576.7819	1585	17.6416
ERR13927576.7820	1537	17.5231
ERR13927576.7821	1566	22.0006
ERR13927576.7822	1617	17.8355
ERR13927576.7823	1549	18.3092
ERR13927576.7824	1549	18.8547
ERR13927576.7825	1517	17.2406
ERR13927576.7826	1613	18.3974
ERR13927576.7827	1478	18.4479
ERR13927576.7828	1547	18.3187
ERR13927576.7829	1527	16.3621
ERR13927576.7830	1542	15.0143
ERR13927576.7831	1584	16.4684
ERR13927576.7832	1555	17.0656
ERR13927576.7833	1538	19.9343
ERR13927576.7834	1585	21.6511
ERR13927576.7835	1547	18.1157
ERR13927576.7836	1705	22.0012
ERR13927576.7837	1526	16.0760
ERR13927576.7838	1480	15.1081
ERR13927576.7839	1559	18.8967
ERR13927576.7840	1584	18.0107
ERR13927576.7841	1570	19.9866
ERR13927576.7842	1556	15.5296
ERR13927576.7843	1543	16.7019
ERR13927576.7844	1546	15.6087
ERR13927576.7845	1532	15.4778
ERR13927576.7846	1563	15.8215
ERR13927576.7847	1559	16.9365
ERR13927576.7848	1565	15.5022
ERR13927576.7849	1589	16.3266
ERR13927576.7850	1549	17.5145
ERR13927576.7851	875	14.5954
ERR13927576.7852	1578	18.3188
ERR13927576.7853	1580	18.1278
ERR13927576.7854	1526	17.4600
ERR13927576.7855	1536	15.6660
ERR13927576.7856	1554	17.5071
ERR13927576.7857	1562	17.8598
ERR13927576.7858	1545	17.4751
ERR13927576.7859	1560	18.8962
ERR13927576.7860	1485	16.2579
ERR13927576.7861	445	15.1910
ERR13927576.7862	1533	15.5825
ERR13927576.7863	1567	18.9151
ERR13927576.7864	1541	15.7437
ERR13927576.7865	1517	15.9262
ERR13927576.7866	1554	16.0721
ERR13927576.7867	1530	14.9379
ERR13927576.7868	1121	18.9697
ERR13927576.7869	1282	16.3034
ERR13927576.7870	1554	17.1782
ERR13927576.7871	1559	16.1078
ERR13927576.7872	1564	15.5748
ERR13927576.7873	1558	16.2214
ERR13927576.7874	1533	18.3001
ERR13927576.7875	1585	17.3754
ERR13927576.7876	1582	16.8375
ERR13927576.7877	1546	16.4023
ERR13927576.7878	1533	16.9876
ERR13927576.7879	1509	16.2869
ERR13927576.7880	1553	20.5827
ERR13927576.7881	1568	19.7506
ERR13927576.7882	1502	16.6318
ERR13927576.7883	1591	18.9994
ERR13927576.7884	1552	18.5419
ERR13927576.7885	1518	17.1140
ERR13927576.7886	1534	16.8559
ERR13927576.7887	1624	17.7365
ERR13927576.7888	1548	16.4167
ERR13927576.7889	1573	18.2734
ERR13927576.7890	1561	20.0557
ERR13927576.7891	1583	17.0025
ERR13927576.7892	1561	15.9981
ERR13927576.7893	1542	19.6518
ERR13927576.7894	1556	15.9004
ERR13927576.7895	1586	16.0347
ERR13927576.7896	1557	16.3661
ERR13927576.7897	1575	19.3556
ERR13927576.7898	1556	15.7108
ERR13927576.7899	1570	18.9465
ERR13927576.7900	1544	19.4994
ERR13927576.7901	1545	18.2550
ERR13927576.7902	1590	21.1365
ERR13927576.7903	1540	15.0838
ERR13927576.7904	1568	17.1237
ERR13927576.7905	1603	20.2321
ERR13927576.7906	1546	17.2652
ERR13927576.7907	1578	16.7934
ERR13927576.7908	1546	17.6591
ERR13927576.7909	1574	16.8018
ERR13927576.7910	1521	17.1486
ERR13927576.7911	1534	15.0567
ERR13927576.7912	1569	21.8088
ERR13927576.7913	1557	16.8793
ERR13927576.7914	1545	14.9780
ERR13927576.7915	1557	15.8870
ERR13927576.7916	1581	18.0171
ERR13927576.7917	1577	15.9791
ERR13927576.7918	1523	15.1477
ERR13927576.7919	1557	15.8253
ERR13927576.7920	1576	17.2360
ERR13927576.7921	1550	15.6213
ERR13927576.7922	1607	16.7498
ERR13927576.7923	1525	16.0131
ERR13927576.7924	1569	15.3008
ERR13927576.7925	1560	16.0506
ERR13927576.7926	1558	19.3736
ERR13927576.7927	1574	18.0947
ERR13927576.7928	1553	16.6600
ERR13927576.7929	1556	17.1015
ERR13927576.7930	1561	16.3844
ERR13927576.7931	1548	18.5762
ERR13927576.7932	1583	17.6298
ERR13927576.7933	1561	17.9827
ERR13927576.7934	1588	19.6845
ERR13927576.7935	1564	18.7065
ERR13927576.7936	1589	18.8339
ERR13927576.7937	1567	16.1040
ERR13927576.7938	1500	15.8480
ERR13927576.7939	1570	21.5223
ERR13927576.7940	1526	16.4246
ERR13927576.7941	1586	17.5006
ERR13927576.7942	1530	18.2000
ERR13927576.7943	1539	14.1215
ERR13927576.7944	1520	14.5414
ERR13927576.7945	1574	19.9752
ERR13927576.7946	1272	19.1494
ERR13927576.7947	1537	17.8211
ERR13927576.7948	1542	20.3807
ERR13927576.7949	1552	17.0226
ERR13927576.7950	1551	16.2070
ERR13927576.7951	1049	16.6072
ERR13927576.7952	1534	16.9648
ERR13927576.7953	1572	22.9122
ERR13927576.7954	1550	19.1206
ERR13927576.7955	1567	16.1264
ERR13927576.7956	1596	16.4862
ERR13927576.7957	1589	18.5595
ERR13927576.7958	1549	17.9122
ERR13927576.7959	1580	20.3272
ERR13927576.7960	1555	16.2341
ERR13927576.7961	1562	18.1741
ERR13927576.7962	1503	15.6174
ERR13927576.7963	1451	16.7202
ERR13927576.7964	1601	16.2498
ERR13927576.7965	1548	18.9354
ERR13927576.7966	1537	15.3754
ERR13927576.7967	1557	16.9647
ERR13927576.7968	1567	17.5705
ERR13927576.7969	1522	18.7411
ERR13927576.7970	1509	17.6687
ERR13927576.7971	1529	16.0647
ERR13927576.7972	1570	16.9962
ERR13927576.7973	1558	18.6303
ERR13927576.7974	1546	17.7115
ERR13927576.7975	1524	19.2690
ERR13927576.7976	1571	19.7492
ERR13927576.7977	1575	17.4070
ERR13927576.7978	1521	14.1874
ERR13927576.7979	1611	14.8703
ERR13927576.7980	1570	16.5191
ERR13927576.7981	1576	17.9505
ERR13927576.7982	1550	17.1839
ERR13927576.7983	1536	20.1504
ERR13927576.7984	1514	17.0799
ERR13927576.7985	1571	17.5022
ERR13927576.7986	1590	17.0208
ERR13927576.7987	1568	19.6269
ERR13927576.7988	1602	19.7397
ERR13927576.7989	1549	16.4506
ERR13927576.7990	1530	16.3562
ERR13927576.7991	1557	16.4477
ERR13927576.7992	1581	17.2669
ERR13927576.7993	1531	16.3592
ERR13927576.7994	1582	18.1391
ERR13927576.7995	1532	15.6952
ERR13927576.7996	1575	18.7162
ERR13927576.7997	1574	17.2141
ERR13927576.7998	1227	17.8476
ERR13927576.7999	1566	20.5849
ERR13927576.8000	1595	18.2596
ERR13927576.8001	1555	18.6096
ERR13927576.8002	1539	15.0526
ERR13927576.8003	1541	19.4711
ERR13927576.8004	1556	19.6407
ERR13927576.8005	1555	18.4141
ERR13927576.8006	1580	19.1209
ERR13927576.8007	1561	15.4536
ERR13927576.8008	1563	14.9853
ERR13927576.8009	1570	21.8217
ERR13927576.8010	1581	21.1626
ERR13927576.8011	1563	17.7633
ERR13927576.8012	1569	18.4315
ERR13927576.8013	1555	15.7158
ERR13927576.8014	1559	22.6947
ERR13927576.8015	1540	18.7325
ERR13927576.8016	1551	16.0406
ERR13927576.8017	1552	17.0206
ERR13927576.8018	1546	16.2510
ERR13927576.8019	1566	22.9476
ERR13927576.8020	1582	19.6568
ERR13927576.8021	1559	17.3714
ERR13927576.8022	1573	18.1233
ERR13927576.8023	1537	19.2850
ERR13927576.8024	1530	15.2850
ERR13927576.8025	1594	14.4592
ERR13927576.8026	1546	17.4217
ERR13927576.8027	1560	16.0865
ERR13927576.8028	1582	17.0879
ERR13927576.8029	1599	14.2101
ERR13927576.8030	1572	19.0191
ERR13927576.8031	1514	17.2576
ERR13927576.8032	1511	15.9292
ERR13927576.8033	1567	16.9292
ERR13927576.8034	1435	18.5401
ERR13927576.8035	1566	17.9936
ERR13927576.8036	1559	16.1924
ERR13927576.8037	1547	19.9884
ERR13927576.8038	1592	23.0886
ERR13927576.8039	1545	15.5689
ERR13927576.8040	1521	17.1183
ERR13927576.8041	1550	18.3690
ERR13927576.8042	1573	17.8379
ERR13927576.8043	1571	18.2457
ERR13927576.8044	1587	18.0258
ERR13927576.8045	1563	14.6590
ERR13927576.8046	1564	18.6292
ERR13927576.8047	1553	17.7154
ERR13927576.8048	1542	17.3489
ERR13927576.8049	1551	17.8762
ERR13927576.8050	1535	17.1029
ERR13927576.8051	1564	16.9910
ERR13927576.8052	757	17.4927
ERR13927576.8053	1565	18.3412
ERR13927576.8054	1510	14.6735
ERR13927576.8055	1576	17.8369
ERR13927576.8056	1569	16.3423
ERR13927576.8057	1531	16.5408
ERR13927576.8058	1550	18.1716
ERR13927576.8059	1549	18.4506
ERR13927576.8060	1537	15.4183
ERR13927576.8061	1566	19.0485
ERR13927576.8062	1568	20.7130
ERR13927576.8063	1560	16.7968
ERR13927576.8064	1578	19.6172
ERR13927576.8065	1527	16.8330
ERR13927576.8066	1530	17.8307
ERR13927576.8067	1538	18.3407
ERR13927576.8068	1569	17.5010
ERR13927576.8069	1559	17.8614
ERR13927576.8070	1577	16.3126
ERR13927576.8071	1564	19.4450
ERR13927576.8072	1564	18.7033
ERR13927576.8073	1579	14.5522
ERR13927576.8074	1566	19.7331
ERR13927576.8075	1564	18.5518
ERR13927576.8076	1584	16.6433
ERR13927576.8077	1547	19.9767
ERR13927576.8078	1542	15.6064
ERR13927576.8079	1551	19.0774
ERR13927576.8080	1555	16.1653
ERR13927576.8081	1572	19.9968
ERR13927576.8082	1583	17.7220
ERR13927576.8083	1537	19.4528
ERR13927576.8084	1552	18.8125
ERR13927576.8085	1585	15.0410
ERR13927576.8086	1615	17.0378
ERR13927576.8087	1546	15.2671
ERR13927576.8088	1591	21.7373
ERR13927576.8089	1556	15.5855
ERR13927576.8090	1560	16.6968
ERR13927576.8091	1522	15.7687
ERR13927576.8092	1571	17.5086
ERR13927576.8093	1545	16.9838
ERR13927576.8094	1583	18.9229
ERR13927576.8095	1562	17.2586
ERR13927576.8096	1559	16.7960
ERR13927576.8097	1573	19.2270
ERR13927576.8098	1547	17.1125
ERR13927576.8099	1563	18.9283
ERR13927576.8100	1559	17.1090
ERR13927576.8101	1560	18.4756
ERR13927576.8102	1519	14.6623
ERR13927576.8103	1533	18.0385
ERR13927576.8104	1561	20.8911
ERR13927576.8105	1568	19.0682
ERR13927576.8106	1459	18.9287
ERR13927576.8107	1563	16.6020
ERR13927576.8108	1609	19.0106
ERR13927576.8109	1604	19.9296
ERR13927576.8110	1579	16.7625
ERR13927576.8111	1581	18.7932
ERR13927576.8112	1573	15.6834
ERR13927576.8113	1574	18.5508
ERR13927576.8114	1578	18.6749
ERR13927576.8115	1498	16.1155
ERR13927576.8116	1569	16.8846
ERR13927576.8117	1568	15.4547
ERR13927576.8118	1559	18.0462
ERR13927576.8119	1557	17.1349
ERR13927576.8120	1557	17.1188
ERR13927576.8121	365	19.7288
ERR13927576.8122	1577	16.9956
ERR13927576.8123	1532	17.8884
ERR13927576.8124	1583	15.2735
ERR13927576.8125	1548	15.5381
ERR13927576.8126	1553	16.9826
ERR13927576.8127	1573	17.6434
ERR13927576.8128	1543	16.8121
ERR13927576.8129	1572	17.3728
ERR13927576.8130	1516	16.3107
ERR13927576.8131	1544	17.5693
ERR13927576.8132	1561	16.6778
ERR13927576.8133	1577	18.1122
ERR13927576.8134	1585	16.4164
ERR13927576.8135	1547	18.8455
ERR13927576.8136	1583	18.5035
ERR13927576.8137	1565	17.9879
ERR13927576.8138	1602	17.9007
ERR13927576.8139	1558	18.0501
ERR13927576.8140	1563	18.7338
ERR13927576.8141	1520	16.7336
ERR13927576.8142	1531	17.3155
ERR13927576.8143	1556	16.5913
ERR13927576.8144	1543	17.4323
ERR13927576.8145	862	18.1903
ERR13927576.8146	1555	18.8154
ERR13927576.8147	1525	16.8531
ERR13927576.8148	1570	18.2217
ERR13927576.8149	1554	18.2606
ERR13927576.8150	1581	17.6920
ERR13927576.8151	1525	16.1449
ERR13927576.8152	1533	15.0646
ERR13927576.8153	1555	16.6817
ERR13927576.8154	1626	16.9034
ERR13927576.8155	1577	17.6278
ERR13927576.8156	1560	18.0814
ERR13927576.8157	1530	17.1497
ERR13927576.8158	1557	16.5710
ERR13927576.8159	1563	15.0979
ERR13927576.8160	1537	17.0755
ERR13927576.8161	1546	16.6831
ERR13927576.8162	1566	18.0990
ERR13927576.8163	1553	17.7830
ERR13927576.8164	1551	17.1154
ERR13927576.8165	1589	20.1617
ERR13927576.8166	1575	20.7905
ERR13927576.8167	1521	14.2978
ERR13927576.8168	1471	19.6737
ERR13927576.8169	1533	15.4005
ERR13927576.8170	1492	15.5094
ERR13927576.8171	1565	15.9687
ERR13927576.8172	1614	18.3284
ERR13927576.8173	1530	17.8405
ERR13927576.8174	1640	21.7140
ERR13927576.8175	1559	19.3733
ERR13927576.8176	1575	17.4286
ERR13927576.8177	1546	16.3221
ERR13927576.8178	1565	16.2780
ERR13927576.8179	1563	15.3775
ERR13927576.8180	1553	16.7128
ERR13927576.8181	1571	17.4799
ERR13927576.8182	1570	15.2025
ERR13927576.8183	1516	15.3193
ERR13927576.8184	1581	16.5345
ERR13927576.8185	1652	16.3577
ERR13927576.8186	1576	18.6574
ERR13927576.8187	1568	20.1779
ERR13927576.8188	1532	15.6312
ERR13927576.8189	1515	17.0086
ERR13927576.8190	3123	17.4922
ERR13927576.8191	1541	16.5808
ERR13927576.8192	1543	18.3850
ERR13927576.8193	1559	18.6799
ERR13927576.8194	1561	18.8821
ERR13927576.8195	1589	20.9245
ERR13927576.8196	1543	15.2754
ERR13927576.8197	1540	14.8182
ERR13927576.8198	1588	16.5642
ERR13927576.8199	1533	15.9276
ERR13927576.8200	1580	17.7949
ERR13927576.8201	1588	16.0573
ERR13927576.8202	1539	17.7290
ERR13927576.8203	1553	18.3406
ERR13927576.8204	1561	18.0365
ERR13927576.8205	1572	20.7099
ERR13927576.8206	1527	16.2606
ERR13927576.8207	1615	15.5399
ERR13927576.8208	1570	17.7051
ERR13927576.8209	1567	16.6911
ERR13927576.8210	1545	17.3845
ERR13927576.8211	1576	17.9105
ERR13927576.8212	1336	15.7193
ERR13927576.8213	1520	15.2980
ERR13927576.8214	1559	19.1443
ERR13927576.8215	1558	18.9570
ERR13927576.8216	1563	15.9955
ERR13927576.8217	1554	17.2857
ERR13927576.8218	1554	18.5129
ERR13927576.8219	1536	17.4557
ERR13927576.8220	1453	13.8851
ERR13927576.8221	1558	18.1701
ERR13927576.8222	1233	16.8856
ERR13927576.8223	1560	19.5468
ERR13927576.8224	1606	15.6463
ERR13927576.8225	1569	18.7285
ERR13927576.8226	1584	17.9653
ERR13927576.8227	1560	18.9513
ERR13927576.8228	1573	18.1825
ERR13927576.8229	1541	15.6067
ERR13927576.8230	1559	17.5318
ERR13927576.8231	526	16.7510
ERR13927576.8232	1574	17.3088
ERR13927576.8233	1518	16.2273
ERR13927576.8234	1482	17.5486
ERR13927576.8235	1569	17.9197
ERR13927576.8236	1539	19.4412
ERR13927576.8237	1562	17.1645
ERR13927576.8238	1552	18.7764
ERR13927576.8239	1526	16.7641
ERR13927576.8240	1218	14.6979
ERR13927576.8241	1573	16.6643
ERR13927576.8242	1572	16.9580
ERR13927576.8243	1524	15.5761
ERR13927576.8244	1546	18.3305
ERR13927576.8245	1569	17.4022
ERR13927576.8246	1530	14.4078
ERR13927576.8247	1568	16.9094
ERR13927576.8248	1527	19.4008
ERR13927576.8249	1552	17.2378
ERR13927576.8250	1531	16.5434
ERR13927576.8251	1586	18.9237
ERR13927576.8252	1565	18.2805
ERR13927576.8253	1586	17.3367
ERR13927576.8254	1581	17.3637
ERR13927576.8255	1552	16.5941
ERR13927576.8256	1541	19.4049
ERR13927576.8257	1529	15.9542
ERR13927576.8258	1552	20.0696
ERR13927576.8259	1557	17.2113
ERR13927576.8260	1591	18.4934
ERR13927576.8261	1569	16.2396
ERR13927576.8262	1551	18.6028
ERR13927576.8263	1563	17.6916
ERR13927576.8264	1305	18.2421
ERR13927576.8265	1532	19.0215
ERR13927576.8266	1570	17.9261
ERR13927576.8267	1556	16.2153
ERR13927576.8268	1530	15.5386
ERR13927576.8269	1619	18.5534
ERR13927576.8270	1550	16.1961
ERR13927576.8271	1564	16.7040
ERR13927576.8272	1518	17.9493
ERR13927576.8273	1144	19.2596
ERR13927576.8274	1579	18.2578
ERR13927576.8275	1468	15.7766
ERR13927576.8276	1579	21.2027
ERR13927576.8277	1265	15.9874
ERR13927576.8278	1569	19.0089
ERR13927576.8279	1547	18.9476
ERR13927576.8280	1520	19.6901
ERR13927576.8281	1572	17.2055
ERR13927576.8282	1585	19.3729
ERR13927576.8283	1565	16.1923
ERR13927576.8284	1561	19.6329
ERR13927576.8285	1553	17.4977
ERR13927576.8286	1557	16.2023
ERR13927576.8287	1539	17.2534
ERR13927576.8288	1571	17.8383
ERR13927576.8289	1551	17.0922
ERR13927576.8290	1592	16.1187
ERR13927576.8291	1565	17.1361
ERR13927576.8292	1554	19.6261
ERR13927576.8293	1557	15.0552
ERR13927576.8294	1564	18.2091
ERR13927576.8295	1552	18.5180
ERR13927576.8296	1565	17.0096
ERR13927576.8297	1573	17.3655
ERR13927576.8298	1566	15.5888
ERR13927576.8299	1542	18.2348
ERR13927576.8300	1559	15.8595
ERR13927576.8301	1544	17.0881
ERR13927576.8302	1546	19.4612
ERR13927576.8303	1591	22.2439
ERR13927576.8304	1550	16.8548
ERR13927576.8305	1572	16.9497
ERR13927576.8306	1529	17.7227
ERR13927576.8307	1541	16.0980
ERR13927576.8308	1570	20.7898
ERR13927576.8309	1522	17.2484
ERR13927576.8310	1380	15.6355
ERR13927576.8311	1598	15.7866
ERR13927576.8312	1570	15.7439
ERR13927576.8313	1592	19.4039
ERR13927576.8314	1554	17.2310
ERR13927576.8315	1564	20.8018
ERR13927576.8316	1555	17.7376
ERR13927576.8317	1560	19.7404
ERR13927576.8318	1590	17.5113
ERR13927576.8319	1557	18.8003
ERR13927576.8320	1548	15.7351
ERR13927576.8321	1569	17.4098
ERR13927576.8322	1555	16.6842
ERR13927576.8323	1567	20.0855
ERR13927576.8324	1551	17.2398
ERR13927576.8325	1564	18.6592
ERR13927576.8326	1638	17.7998
ERR13927576.8327	1568	18.7870
ERR13927576.8328	1570	18.3924
ERR13927576.8329	1551	16.4339
ERR13927576.8330	1540	16.7026
ERR13927576.8331	1597	17.5322
ERR13927576.8332	1576	18.9296
ERR13927576.8333	1559	19.9506
ERR13927576.8334	1558	18.1412
ERR13927576.8335	1550	16.7619
ERR13927576.8336	1558	20.6187
ERR13927576.8337	1574	18.1982
ERR13927576.8338	1558	17.5077
ERR13927576.8339	1492	17.3686
ERR13927576.8340	1527	17.3320
ERR13927576.8341	1540	16.8292
ERR13927576.8342	1558	18.4705
ERR13927576.8343	1552	19.7332
ERR13927576.8344	1542	17.0480
ERR13927576.8345	1574	16.8990
ERR13927576.8346	1555	17.0875
ERR13927576.8347	1598	18.3116
ERR13927576.8348	1517	17.2802
ERR13927576.8349	1579	17.0665
ERR13927576.8350	1559	16.3977
ERR13927576.8351	1548	16.5749
ERR13927576.8352	1561	19.7418
ERR13927576.8353	1548	17.5032
ERR13927576.8354	1542	18.2607
ERR13927576.8355	1542	17.6466
ERR13927576.8356	1539	16.7303
ERR13927576.8357	1563	20.0365
ERR13927576.8358	1571	18.7231
ERR13927576.8359	1564	17.7845
ERR13927576.8360	1564	18.0927
ERR13927576.8361	3175	18.7493
ERR13927576.8362	1523	15.8188
ERR13927576.8363	1538	16.7529
ERR13927576.8364	897	15.1962
ERR13927576.8365	1560	17.3795
ERR13927576.8366	1555	17.0534
ERR13927576.8367	1536	16.2135
ERR13927576.8368	1535	15.7622
ERR13927576.8369	1573	17.3446
ERR13927576.8370	608	16.4424
ERR13927576.8371	1526	17.7294
ERR13927576.8372	1559	18.4419
ERR13927576.8373	1579	18.5408
ERR13927576.8374	1547	15.5520
ERR13927576.8375	1530	16.2000
ERR13927576.8376	1563	23.3826
ERR13927576.8377	1549	18.7172
ERR13927576.8378	1569	16.7011
ERR13927576.8379	1550	14.6361
ERR13927576.8380	1554	15.2844
ERR13927576.8381	1563	14.7582
ERR13927576.8382	1568	17.9968
ERR13927576.8383	1522	17.6393
ERR13927576.8384	1549	16.0801
ERR13927576.8385	1557	18.5690
ERR13927576.8386	1581	20.6199
ERR13927576.8387	1559	17.0590
ERR13927576.8388	1561	16.7457
ERR13927576.8389	1562	15.6805
ERR13927576.8390	1633	18.2725
ERR13927576.8391	1572	16.6323
ERR13927576.8392	3161	16.8567
ERR13927576.8393	1500	15.8027
ERR13927576.8394	1481	18.4949
ERR13927576.8395	1514	18.3184
ERR13927576.8396	1556	18.7468
ERR13927576.8397	1579	17.7707
ERR13927576.8398	1579	16.6194
ERR13927576.8399	1558	17.9429
ERR13927576.8400	1548	19.6357
ERR13927576.8401	1586	18.5000
ERR13927576.8402	1594	16.7353
ERR13927576.8403	262	15.8931
ERR13927576.8404	1568	20.7430
ERR13927576.8405	1545	15.9288
ERR13927576.8406	1561	19.3229
ERR13927576.8407	1533	18.8963
ERR13927576.8408	1543	18.4109
ERR13927576.8409	1572	16.2036
ERR13927576.8410	1464	15.5143
ERR13927576.8411	1570	22.3255
ERR13927576.8412	1553	16.6388
ERR13927576.8413	1558	16.3979
ERR13927576.8414	1550	18.1626
ERR13927576.8415	1541	18.3530
ERR13927576.8416	1570	19.3497
ERR13927576.8417	1565	16.3342
ERR13927576.8418	1569	20.9802
ERR13927576.8419	1570	17.7707
ERR13927576.8420	1554	18.1673
ERR13927576.8421	1565	17.5329
ERR13927576.8422	1522	15.6675
ERR13927576.8423	1509	18.1014
ERR13927576.8424	1591	17.6392
ERR13927576.8425	1599	18.8143
ERR13927576.8426	1606	19.3904
ERR13927576.8427	1586	18.1141
ERR13927576.8428	1569	15.2677
ERR13927576.8429	1577	16.5713
ERR13927576.8430	1596	20.3515
ERR13927576.8431	1561	17.0955
ERR13927576.8432	1548	17.7087
ERR13927576.8433	1591	18.5481
ERR13927576.8434	1568	18.0421
ERR13927576.8435	1239	16.1622
ERR13927576.8436	1557	16.9082
ERR13927576.8437	1591	17.6662
ERR13927576.8438	1557	15.9788
ERR13927576.8439	1546	16.7380
ERR13927576.8440	1556	23.3374
ERR13927576.8441	1566	19.3819
ERR13927576.8442	1549	15.8438
ERR13927576.8443	1552	19.1746
ERR13927576.8444	1577	15.1446
ERR13927576.8445	1562	16.5294
ERR13927576.8446	1544	17.3264
ERR13927576.8447	1535	14.7616
ERR13927576.8448	1623	16.0795
ERR13927576.8449	1568	16.5427
ERR13927576.8450	1587	20.0775
ERR13927576.8451	1559	19.3175
ERR13927576.8452	1510	17.8391
ERR13927576.8453	1594	15.1763
ERR13927576.8454	1545	15.4913
ERR13927576.8455	1586	18.9079
ERR13927576.8456	1558	17.9519
ERR13927576.8457	1578	18.2136
ERR13927576.8458	894	15.9586
ERR13927576.8459	1549	15.3131
ERR13927576.8460	1515	15.7162
ERR13927576.8461	1566	17.1194
ERR13927576.8462	1595	19.0044
ERR13927576.8463	1492	15.9772
ERR13927576.8464	1577	17.8301
ERR13927576.8465	1555	17.9196
ERR13927576.8466	1569	17.2486
ERR13927576.8467	1551	16.0993
ERR13927576.8468	1568	17.7832
ERR13927576.8469	1596	16.3622
ERR13927576.8470	1567	17.7817
ERR13927576.8471	1578	19.3067
ERR13927576.8472	1558	16.4923
ERR13927576.8473	1574	16.3323
ERR13927576.8474	1553	17.7663
ERR13927576.8475	1506	17.6607
ERR13927576.8476	1553	17.3561
ERR13927576.8477	1602	15.7953
ERR13927576.8478	1531	16.0999
ERR13927576.8479	1562	18.0551
ERR13927576.8480	1536	15.1777
ERR13927576.8481	1402	19.5706
ERR13927576.8482	1571	17.8651
ERR13927576.8483	1573	16.9841
ERR13927576.8484	1588	18.3004
ERR13927576.8485	1558	15.6149
ERR13927576.8486	1503	18.5576
ERR13927576.8487	1565	15.8096
ERR13927576.8488	1571	20.2024
ERR13927576.8489	1553	17.8558
ERR13927576.8490	1572	17.8957
ERR13927576.8491	1550	17.1555
ERR13927576.8492	1535	16.1316
ERR13927576.8493	1568	17.0312
ERR13927576.8494	1546	23.5699
ERR13927576.8495	1595	18.9417
ERR13927576.8496	1542	17.0778
ERR13927576.8497	1557	17.0405
ERR13927576.8498	1545	18.4524
ERR13927576.8499	613	15.6101
ERR13927576.8500	1567	17.8934
ERR13927576.8501	1558	16.2715
ERR13927576.8502	1568	15.5702
ERR13927576.8503	1563	18.1804
ERR13927576.8504	1584	16.2992
ERR13927576.8505	867	19.4360
ERR13927576.8506	1569	18.3728
ERR13927576.8507	1557	16.8638
ERR13927576.8508	181	19.8785
ERR13927576.8509	1537	16.6422
ERR13927576.8510	1563	19.6193
ERR13927576.8511	1596	16.9693
ERR13927576.8512	1567	18.4391
ERR13927576.8513	1559	16.6369
ERR13927576.8514	1545	16.2990
ERR13927576.8515	1550	15.8884
ERR13927576.8516	1557	17.9249
ERR13927576.8517	1575	15.3054
ERR13927576.8518	1553	17.1455
ERR13927576.8519	1505	16.2791
ERR13927576.8520	1537	17.6858
ERR13927576.8521	3159	15.9639
ERR13927576.8522	1581	17.6173
ERR13927576.8523	1196	16.1455
ERR13927576.8524	1533	17.2642
ERR13927576.8525	1560	19.6821
ERR13927576.8526	1604	17.8286
ERR13927576.8527	1584	20.1856
ERR13927576.8528	1571	19.7059
ERR13927576.8529	1555	19.4688
ERR13927576.8530	265	14.9434
ERR13927576.8531	1327	17.4484
ERR13927576.8532	1421	19.5194
ERR13927576.8533	1544	16.8212
ERR13927576.8534	1576	18.1827
ERR13927576.8535	1572	16.3849
ERR13927576.8536	1527	17.8160
ERR13927576.8537	1427	18.2614
ERR13927576.8538	1571	19.0293
ERR13927576.8539	1632	18.0110
ERR13927576.8540	1566	17.4911
ERR13927576.8541	1563	18.6993
ERR13927576.8542	1561	19.4824
ERR13927576.8543	1532	16.8453
ERR13927576.8544	1572	20.7920
ERR13927576.8545	1538	16.3882
ERR13927576.8546	1598	19.1202
ERR13927576.8547	1565	18.0070
ERR13927576.8548	1481	15.8731
ERR13927576.8549	1573	18.6643
ERR13927576.8550	1537	17.0963
ERR13927576.8551	1580	18.2101
ERR13927576.8552	1556	18.8689
ERR13927576.8553	1572	21.5420
ERR13927576.8554	1537	17.7951
ERR13927576.8555	1590	17.8755
ERR13927576.8556	1576	17.6187
ERR13927576.8557	1577	16.4572
ERR13927576.8558	1551	16.9987
ERR13927576.8559	1566	17.4259
ERR13927576.8560	1473	18.7135
ERR13927576.8561	1528	18.2284
ERR13927576.8562	1562	15.4085
ERR13927576.8563	1582	15.9216
ERR13927576.8564	1575	18.1276
ERR13927576.8565	1602	16.6816
ERR13927576.8566	1506	18.5086
ERR13927576.8567	1584	21.9886
ERR13927576.8568	1560	15.6564
ERR13927576.8569	1537	15.1802
ERR13927576.8570	1579	20.0323
ERR13927576.8571	1567	17.3306
ERR13927576.8572	1609	16.9683
ERR13927576.8573	1541	16.8475
ERR13927576.8574	1550	16.6684
ERR13927576.8575	1571	15.6053
ERR13927576.8576	1570	19.6592
ERR13927576.8577	1516	18.3272
ERR13927576.8578	1575	18.3962
ERR13927576.8579	1531	17.1293
ERR13927576.8580	1587	19.1657
ERR13927576.8581	1543	17.5042
ERR13927576.8582	1545	17.0265
ERR13927576.8583	1536	17.6042
ERR13927576.8584	1542	16.1051
ERR13927576.8585	1587	17.4871
ERR13927576.8586	1584	19.7348
ERR13927576.8587	481	15.5780
ERR13927576.8588	1565	19.7827
ERR13927576.8589	1502	15.5985
ERR13927576.8590	1369	15.7904
ERR13927576.8591	354	19.5763
ERR13927576.8592	1550	15.7213
ERR13927576.8593	1515	15.2152
ERR13927576.8594	1549	16.5332
ERR13927576.8595	1574	18.8488
ERR13927576.8596	1483	16.4181
ERR13927576.8597	1551	15.7544
ERR13927576.8598	1585	16.4833
ERR13927576.8599	1570	14.2815
ERR13927576.8600	1565	16.7891
ERR13927576.8601	1374	19.1856
ERR13927576.8602	1576	19.4283
ERR13927576.8603	1571	18.0223
ERR13927576.8604	1512	17.8849
ERR13927576.8605	1570	16.5580
ERR13927576.8606	1590	20.2780
ERR13927576.8607	1541	18.4445
ERR13927576.8608	1568	18.4247
ERR13927576.8609	1488	16.4126
ERR13927576.8610	1524	16.9272
ERR13927576.8611	1569	18.8126
ERR13927576.8612	1566	16.8193
ERR13927576.8613	1564	17.2602
ERR13927576.8614	1558	18.9634
ERR13927576.8615	1544	15.0531
ERR13927576.8616	1548	19.4903
ERR13927576.8617	1546	17.0472
ERR13927576.8618	1542	15.8268
ERR13927576.8619	1583	15.6083
ERR13927576.8620	1516	15.0099
ERR13927576.8621	1594	16.2503
ERR13927576.8622	1591	16.1565
ERR13927576.8623	1532	16.7846
ERR13927576.8624	1542	16.2879
ERR13927576.8625	1572	17.0814
ERR13927576.8626	1542	18.1109
ERR13927576.8627	1560	17.6955
ERR13927576.8628	1568	22.1282
ERR13927576.8629	1529	17.2511
ERR13927576.8630	1475	16.2536
ERR13927576.8631	1494	15.6265
ERR13927576.8632	1558	15.8556
ERR13927576.8633	1579	19.4731
ERR13927576.8634	1612	16.7351
ERR13927576.8635	1514	17.9637
ERR13927576.8636	1537	17.1796
ERR13927576.8637	1534	15.6643
ERR13927576.8638	1529	16.6553
ERR13927576.8639	1554	18.3314
ERR13927576.8640	1550	17.0561
ERR13927576.8641	1580	18.1804
ERR13927576.8642	1559	18.6427
ERR13927576.8643	3136	16.8763
ERR13927576.8644	1245	15.9831
ERR13927576.8645	1490	16.4960
ERR13927576.8646	1580	17.9209
ERR13927576.8647	1565	17.2288
ERR13927576.8648	1521	16.1663
ERR13927576.8649	1565	18.9757
ERR13927576.8650	1521	16.9566
ERR13927576.8651	1563	15.6334
ERR13927576.8652	1566	18.8167
ERR13927576.8653	1554	18.4955
ERR13927576.8654	330	13.1455
ERR13927576.8655	1555	18.2502
ERR13927576.8656	1595	16.1141
ERR13927576.8657	1561	17.1755
ERR13927576.8658	1577	18.5986
ERR13927576.8659	1536	16.4219
ERR13927576.8660	1573	20.2721
ERR13927576.8661	1581	21.5193
ERR13927576.8662	1270	20.8220
ERR13927576.8663	1564	19.0352
ERR13927576.8664	1036	18.2104
ERR13927576.8665	1535	18.5896
ERR13927576.8666	1579	18.2584
ERR13927576.8667	1584	17.4501
ERR13927576.8668	1606	18.7777
ERR13927576.8669	1585	17.9218
ERR13927576.8670	1587	18.1014
ERR13927576.8671	1552	16.5122
ERR13927576.8672	1524	19.5276
ERR13927576.8673	1565	17.4326
ERR13927576.8674	1563	19.1062
ERR13927576.8675	1559	19.8287
ERR13927576.8676	1512	15.2229
ERR13927576.8677	1530	14.9739
ERR13927576.8678	1564	19.1029
ERR13927576.8679	1584	18.4628
ERR13927576.8680	1593	16.8669
ERR13927576.8681	1553	15.9794
ERR13927576.8682	1558	16.8434
ERR13927576.8683	1615	16.3121
ERR13927576.8684	1487	15.2374
ERR13927576.8685	1555	19.7370
ERR13927576.8686	1556	17.8335
ERR13927576.8687	1557	18.6596
ERR13927576.8688	1599	18.3946
ERR13927576.8689	1566	17.7031
ERR13927576.8690	1554	16.6641
ERR13927576.8691	1548	18.9096
ERR13927576.8692	1563	15.1113
ERR13927576.8693	1572	18.3658
ERR13927576.8694	1543	17.0635
ERR13927576.8695	1573	18.6790
ERR13927576.8696	1532	15.7004
ERR13927576.8697	1555	17.6810
ERR13927576.8698	1557	15.9666
ERR13927576.8699	1266	14.7923
ERR13927576.8700	1582	16.3072
ERR13927576.8701	1578	15.4550
ERR13927576.8702	1527	18.4663
ERR13927576.8703	1580	17.6000
ERR13927576.8704	1556	19.3168
ERR13927576.8705	1591	17.9598
ERR13927576.8706	1575	19.3987
ERR13927576.8707	1567	17.6254
ERR13927576.8708	1553	18.2511
ERR13927576.8709	1586	17.3960
ERR13927576.8710	1568	19.9477
ERR13927576.8711	1547	16.0530
ERR13927576.8712	1579	19.7346
ERR13927576.8713	1575	18.4787
ERR13927576.8714	1564	21.2928
ERR13927576.8715	1571	16.5309
ERR13927576.8716	1543	17.2320
ERR13927576.8717	1502	16.1418
ERR13927576.8718	1545	17.8511
ERR13927576.8719	1581	19.9873
ERR13927576.8720	1538	16.6034
ERR13927576.8721	1532	17.1554
ERR13927576.8722	1565	16.2550
ERR13927576.8723	1596	18.2569
ERR13927576.8724	1583	17.9848
ERR13927576.8725	1507	16.3563
ERR13927576.8726	1608	17.2027
ERR13927576.8727	1548	19.3941
ERR13927576.8728	1595	15.1549
ERR13927576.8729	1505	16.8372
ERR13927576.8730	1589	19.0963
ERR13927576.8731	1563	19.0102
ERR13927576.8732	1554	17.8417
ERR13927576.8733	1558	17.0000
ERR13927576.8734	1551	20.9181
ERR13927576.8735	1539	18.8213
ERR13927576.8736	1549	18.3079
ERR13927576.8737	1487	14.4573
ERR13927576.8738	1526	16.3617
ERR13927576.8739	1533	16.6536
ERR13927576.8740	1548	14.9025
ERR13927576.8741	1555	18.5331
ERR13927576.8742	1522	16.6603
ERR13927576.8743	1566	18.7312
ERR13927576.8744	1559	16.2694
ERR13927576.8745	1511	15.9815
ERR13927576.8746	1579	16.7555
ERR13927576.8747	1538	17.6749
ERR13927576.8748	1553	16.3844
ERR13927576.8749	1578	20.4956
ERR13927576.8750	1487	14.6234
ERR13927576.8751	1486	15.6326
ERR13927576.8752	1516	15.9664
ERR13927576.8753	1553	15.5248
ERR13927576.8754	1559	16.7813
ERR13927576.8755	1553	19.5943
ERR13927576.8756	1626	19.4582
ERR13927576.8757	1523	15.9672
ERR13927576.8758	1558	17.6239
ERR13927576.8759	1549	16.0168
ERR13927576.8760	1590	18.8912
ERR13927576.8761	1517	15.5748
ERR13927576.8762	1553	16.6658
ERR13927576.8763	1546	17.5026
ERR13927576.8764	1585	18.8517
ERR13927576.8765	1575	19.3702
ERR13927576.8766	1581	20.5060
ERR13927576.8767	1477	15.8984
ERR13927576.8768	1577	16.0653
ERR13927576.8769	1555	19.3781
ERR13927576.8770	1569	17.8381
ERR13927576.8771	1582	15.6890
ERR13927576.8772	1551	17.1992
ERR13927576.8773	1493	15.8004
ERR13927576.8774	1534	16.7744
ERR13927576.8775	1577	19.3767
ERR13927576.8776	1238	14.9669
ERR13927576.8777	1551	20.0213
ERR13927576.8778	1566	15.6833
ERR13927576.8779	1590	17.4931
ERR13927576.8780	1529	18.7547
ERR13927576.8781	1535	18.8899
ERR13927576.8782	1540	19.7513
ERR13927576.8783	1419	16.3686
ERR13927576.8784	1531	17.0686
ERR13927576.8785	1544	19.5991
ERR13927576.8786	1599	15.7104
ERR13927576.8787	1541	16.1564
ERR13927576.8788	1583	17.4283
ERR13927576.8789	1540	17.9260
ERR13927576.8790	1568	17.6173
ERR13927576.8791	1545	17.7450
ERR13927576.8792	1559	19.7383
ERR13927576.8793	1536	16.1829
ERR13927576.8794	1557	18.3847
ERR13927576.8795	1594	18.6769
ERR13927576.8796	488	15.2541
ERR13927576.8797	380	16.9158
ERR13927576.8798	633	16.1248
ERR13927576.8799	1524	15.7612
ERR13927576.8800	1544	16.7668
ERR13927576.8801	1584	18.3939
ERR13927576.8802	1546	16.9612
ERR13927576.8803	1558	20.0719
ERR13927576.8804	1563	17.5605
ERR13927576.8805	1558	18.4814
ERR13927576.8806	1544	17.1794
ERR13927576.8807	1507	15.7100
ERR13927576.8808	1540	17.6740
ERR13927576.8809	1575	16.6495
ERR13927576.8810	1474	16.4118
ERR13927576.8811	1219	15.0107
ERR13927576.8812	1560	16.9532
ERR13927576.8813	1572	16.9676
ERR13927576.8814	1564	19.0173
ERR13927576.8815	481	16.3784
ERR13927576.8816	1579	18.3205
ERR13927576.8817	1547	17.2502
ERR13927576.8818	1538	16.9005
ERR13927576.8819	1526	17.4220
ERR13927576.8820	1581	23.3884
ERR13927576.8821	528	16.9318
ERR13927576.8822	1520	18.6513
ERR13927576.8823	645	17.0031
ERR13927576.8824	1585	16.9842
ERR13927576.8825	1555	15.6662
ERR13927576.8826	1588	18.9358
ERR13927576.8827	1552	16.4729
ERR13927576.8828	1540	20.9084
ERR13927576.8829	1526	16.7805
ERR13927576.8830	1538	16.4954
ERR13927576.8831	1552	17.1095
ERR13927576.8832	1528	17.9058
ERR13927576.8833	1575	19.3879
ERR13927576.8834	1556	19.8393
ERR13927576.8835	1556	16.7365
ERR13927576.8836	1077	15.4875
ERR13927576.8837	1476	17.6965
ERR13927576.8838	1492	16.3780
ERR13927576.8839	1539	16.7602
ERR13927576.8840	1512	15.9557
ERR13927576.8841	1582	16.2459
ERR13927576.8842	1555	16.5666
ERR13927576.8843	1459	16.8424
ERR13927576.8844	1558	16.1252
ERR13927576.8845	1563	15.8221
ERR13927576.8846	1542	19.4105
ERR13927576.8847	853	17.0750
ERR13927576.8848	602	18.0000
ERR13927576.8849	1580	21.2816
ERR13927576.8850	1470	16.2932
ERR13927576.8851	1550	17.4723
ERR13927576.8852	1520	16.3388
ERR13927576.8853	1536	16.5586
ERR13927576.8854	1607	17.4362
ERR13927576.8855	1607	19.4443
ERR13927576.8856	1537	15.4678
ERR13927576.8857	1565	16.2601
ERR13927576.8858	1578	17.6603
ERR13927576.8859	1544	19.1418
ERR13927576.8860	1538	15.8719
ERR13927576.8861	1576	18.9454
ERR13927576.8862	1589	19.9515
ERR13927576.8863	1538	16.4324
ERR13927576.8864	1587	17.3882
ERR13927576.8865	1553	19.8789
ERR13927576.8866	1565	21.7840
ERR13927576.8867	1596	18.1021
ERR13927576.8868	1547	19.7052
ERR13927576.8869	1440	16.0278
ERR13927576.8870	1549	14.8012
ERR13927576.8871	1555	18.5807
ERR13927576.8872	1567	17.1934
ERR13927576.8873	1556	15.9711
ERR13927576.8874	1553	17.5435
ERR13927576.8875	1532	16.4151
ERR13927576.8876	1528	17.8514
ERR13927576.8877	1475	16.5912
ERR13927576.8878	1517	16.2887
ERR13927576.8879	1571	21.1910
ERR13927576.8880	1495	16.1532
ERR13927576.8881	1465	14.6840
ERR13927576.8882	1539	16.8330
ERR13927576.8883	1557	15.2537
ERR13927576.8884	1522	15.7681
ERR13927576.8885	1545	16.3107
ERR13927576.8886	1570	18.1611
ERR13927576.8887	1575	17.3657
ERR13927576.8888	1542	17.5259
ERR13927576.8889	1556	19.5546
ERR13927576.8890	1589	16.6986
ERR13927576.8891	1589	18.6992
ERR13927576.8892	1568	18.8469
ERR13927576.8893	1529	17.4781
ERR13927576.8894	1573	20.3706
ERR13927576.8895	1555	18.2701
ERR13927576.8896	1568	18.0599
ERR13927576.8897	1564	15.0403
ERR13927576.8898	1550	15.6594
ERR13927576.8899	1563	18.1676
ERR13927576.8900	1543	17.5936
ERR13927576.8901	1521	15.1690
ERR13927576.8902	1578	17.1020
ERR13927576.8903	1536	17.2285
ERR13927576.8904	776	18.1070
ERR13927576.8905	1491	16.0248
ERR13927576.8906	1577	17.4921
ERR13927576.8907	1575	18.4171
ERR13927576.8908	1527	14.8952
ERR13927576.8909	1523	15.7676
ERR13927576.8910	1576	18.1910
ERR13927576.8911	1572	17.4885
ERR13927576.8912	1526	17.0754
ERR13927576.8913	1581	15.7306
ERR13927576.8914	1577	18.9632
ERR13927576.8915	1560	18.1994
ERR13927576.8916	1560	15.6500
ERR13927576.8917	1560	19.4788
ERR13927576.8918	1537	17.6200
ERR13927576.8919	1564	20.2922
ERR13927576.8920	1528	14.4719
ERR13927576.8921	1552	16.8943
ERR13927576.8922	1550	18.6219
ERR13927576.8923	1577	15.7419
ERR13927576.8924	1572	18.1520
ERR13927576.8925	1541	15.2330
ERR13927576.8926	1544	16.1477
ERR13927576.8927	1549	16.3060
ERR13927576.8928	1596	18.8653
ERR13927576.8929	1564	17.3907
ERR13927576.8930	1586	17.2352
ERR13927576.8931	1537	16.4880
ERR13927576.8932	1517	16.1246
ERR13927576.8933	1528	16.3220
ERR13927576.8934	1535	17.4287
ERR13927576.8935	1546	15.2930
ERR13927576.8936	1562	18.4622
ERR13927576.8937	1598	18.8667
ERR13927576.8938	1568	18.9024
ERR13927576.8939	1600	19.2987
ERR13927576.8940	1552	16.6997
ERR13927576.8941	1519	16.9868
ERR13927576.8942	1568	19.0344
ERR13927576.8943	1016	16.8593
ERR13927576.8944	1585	15.8845
ERR13927576.8945	1543	17.4329
ERR13927576.8946	1560	16.7705
ERR13927576.8947	1535	19.2730
ERR13927576.8948	1514	15.3686
ERR13927576.8949	1580	17.6462
ERR13927576.8950	1482	14.6451
ERR13927576.8951	1553	15.8236
ERR13927576.8952	1573	17.7508
ERR13927576.8953	1577	18.2790
ERR13927576.8954	1577	21.0292
ERR13927576.8955	1559	20.3823
ERR13927576.8956	1569	15.1453
ERR13927576.8957	1555	16.6566
ERR13927576.8958	1543	19.6079
ERR13927576.8959	1565	15.7923
ERR13927576.8960	1570	19.7369
ERR13927576.8961	1563	19.4658
ERR13927576.8962	619	17.4006
ERR13927576.8963	1575	17.4610
ERR13927576.8964	1554	14.9472
ERR13927576.8965	1565	16.2524
ERR13927576.8966	1543	14.9358
ERR13927576.8967	1553	17.6362
ERR13927576.8968	1561	20.4709
ERR13927576.8969	1530	17.7876
ERR13927576.8970	1576	19.4029
ERR13927576.8971	1570	19.4389
ERR13927576.8972	1559	15.6357
ERR13927576.8973	1538	15.0020
ERR13927576.8974	1554	16.4080
ERR13927576.8975	1578	17.5215
ERR13927576.8976	1560	19.2968
ERR13927576.8977	1510	18.3331
ERR13927576.8978	1570	18.0790
ERR13927576.8979	1581	18.0000
ERR13927576.8980	1483	15.1463
ERR13927576.8981	371	15.6496
ERR13927576.8982	1564	15.9891
ERR13927576.8983	1561	16.4260
ERR13927576.8984	1547	19.3129
ERR13927576.8985	1592	18.9359
ERR13927576.8986	1570	18.2166
ERR13927576.8987	1536	16.9036
ERR13927576.8988	1590	16.3226
ERR13927576.8989	1479	14.6342
ERR13927576.8990	1534	20.6923
ERR13927576.8991	1529	18.7927
ERR13927576.8992	1545	15.4227
ERR13927576.8993	1531	15.1104
ERR13927576.8994	1543	18.1964
ERR13927576.8995	1485	16.6020
ERR13927576.8996	1599	17.4878
ERR13927576.8997	1549	17.0968
ERR13927576.8998	1555	19.3267
ERR13927576.8999	1557	18.9351
ERR13927576.9000	1457	16.7742
ERR13927576.9001	1560	18.1821
ERR13927576.9002	1526	15.1442
ERR13927576.9003	1580	19.6975
ERR13927576.9004	1561	15.3120
ERR13927576.9005	1588	17.7091
ERR13927576.9006	1499	17.6097
ERR13927576.9007	1544	16.2124
ERR13927576.9008	1568	22.2710
ERR13927576.9009	1523	15.6507
ERR13927576.9010	1605	19.8530
ERR13927576.9011	1537	19.0592
ERR13927576.9012	1568	20.0236
ERR13927576.9013	1539	17.3925
ERR13927576.9014	746	16.2775
ERR13927576.9015	1567	20.3210
ERR13927576.9016	1526	18.5046
ERR13927576.9017	1544	19.0816
ERR13927576.9018	1535	14.6007
ERR13927576.9019	1539	14.4204
ERR13927576.9020	1533	16.6993
ERR13927576.9021	1560	18.2763
ERR13927576.9022	1564	19.9712
ERR13927576.9023	1130	17.5018
ERR13927576.9024	1569	19.7731
ERR13927576.9025	1586	19.7806
ERR13927576.9026	1541	16.7515
ERR13927576.9027	1552	16.7519
ERR13927576.9028	1477	15.8050
ERR13927576.9029	1562	19.0006
ERR13927576.9030	1548	19.1512
ERR13927576.9031	1501	17.0826
ERR13927576.9032	1542	15.7451
ERR13927576.9033	1566	18.0038
ERR13927576.9034	1574	18.2306
ERR13927576.9035	1576	18.4994
ERR13927576.9036	1585	17.8044
ERR13927576.9037	1582	16.2364
ERR13927576.9038	1502	18.3808
ERR13927576.9039	1494	15.9371
ERR13927576.9040	1579	16.2432
ERR13927576.9041	1553	17.3335
ERR13927576.9042	1577	20.8649
ERR13927576.9043	1566	18.6845
ERR13927576.9044	1569	17.7922
ERR13927576.9045	1586	16.4880
ERR13927576.9046	1552	16.7133
ERR13927576.9047	1568	16.3788
ERR13927576.9048	1573	20.0706
ERR13927576.9049	1570	17.5955
ERR13927576.9050	1582	17.9817
ERR13927576.9051	1532	17.1697
ERR13927576.9052	1552	18.3782
ERR13927576.9053	1554	15.9891
ERR13927576.9054	1515	15.9558
ERR13927576.9055	1581	17.4383
ERR13927576.9056	1609	18.9546
ERR13927576.9057	1512	16.3439
ERR13927576.9058	1547	16.6270
ERR13927576.9059	1578	20.4474
ERR13927576.9060	1519	16.3818
ERR13927576.9061	1580	17.2057
ERR13927576.9062	1568	19.4573
ERR13927576.9063	1539	16.4815
ERR13927576.9064	1564	18.6739
ERR13927576.9065	1534	17.3944
ERR13927576.9066	1585	20.9950
ERR13927576.9067	1558	19.3164
ERR13927576.9068	1530	16.9510
ERR13927576.9069	1537	17.3038
ERR13927576.9070	1504	17.5652
ERR13927576.9071	1546	15.6656
ERR13927576.9072	1532	17.3179
ERR13927576.9073	1571	17.4303
ERR13927576.9074	1548	16.9987
ERR13927576.9075	1580	15.4013
ERR13927576.9076	1587	17.8015
ERR13927576.9077	1576	20.7811
ERR13927576.9078	1541	17.9027
ERR13927576.9079	1570	17.1599
ERR13927576.9080	1490	16.1174
ERR13927576.9081	1309	17.2406
ERR13927576.9082	1542	17.4280
ERR13927576.9083	1540	19.6981
ERR13927576.9084	1539	16.0819
ERR13927576.9085	1542	17.0940
ERR13927576.9086	1548	18.1667
ERR13927576.9087	1523	16.2114
ERR13927576.9088	1521	19.0296
ERR13927576.9089	1530	16.7105
ERR13927576.9090	1545	16.4039
ERR13927576.9091	1572	17.8989
ERR13927576.9092	1480	14.7892
ERR13927576.9093	1565	16.0422
ERR13927576.9094	1598	21.0350
ERR13927576.9095	1590	16.1327
ERR13927576.9096	1427	17.2320
ERR13927576.9097	1504	18.1403
ERR13927576.9098	1543	17.8082
ERR13927576.9099	1556	18.3914
ERR13927576.9100	1595	15.7712
ERR13927576.9101	1567	16.6356
ERR13927576.9102	1575	16.3568
ERR13927576.9103	1532	18.4569
ERR13927576.9104	1570	19.9166
ERR13927576.9105	1532	16.0855
ERR13927576.9106	1528	18.5105
ERR13927576.9107	1539	16.6966
ERR13927576.9108	1517	18.8629
ERR13927576.9109	1565	16.0792
ERR13927576.9110	1565	18.2748
ERR13927576.9111	1547	16.2702
ERR13927576.9112	1597	16.6731
ERR13927576.9113	1538	19.1691
ERR13927576.9114	1576	15.5032
ERR13927576.9115	1539	18.0598
ERR13927576.9116	1531	17.3521
ERR13927576.9117	1560	16.1558
ERR13927576.9118	1553	17.3780
ERR13927576.9119	1571	21.6906
ERR13927576.9120	1557	18.2473
ERR13927576.9121	1545	16.6854
ERR13927576.9122	1518	14.8893
ERR13927576.9123	1593	18.6993
ERR13927576.9124	1540	17.3266
ERR13927576.9125	1531	15.9099
ERR13927576.9126	1545	14.9663
ERR13927576.9127	1537	17.8887
ERR13927576.9128	1554	21.4678
ERR13927576.9129	1586	17.1223
ERR13927576.9130	1530	18.2752
ERR13927576.9131	1559	18.3380
ERR13927576.9132	1531	15.7694
ERR13927576.9133	1518	17.1726
ERR13927576.9134	1592	18.0905
ERR13927576.9135	1521	19.6765
ERR13927576.9136	1553	19.9163
ERR13927576.9137	1567	15.7345
ERR13927576.9138	1527	14.3641
ERR13927576.9139	1531	14.9504
ERR13927576.9140	1525	17.8190
ERR13927576.9141	1544	16.8277
ERR13927576.9142	3100	16.0303
ERR13927576.9143	1549	19.8748
ERR13927576.9144	1319	17.2411
ERR13927576.9145	1584	15.8333
ERR13927576.9146	1564	18.3740
ERR13927576.9147	1521	18.0533
ERR13927576.9148	1564	15.6566
ERR13927576.9149	1588	18.3426
ERR13927576.9150	1500	15.7753
ERR13927576.9151	1124	19.0801
ERR13927576.9152	895	17.7296
ERR13927576.9153	1585	17.9924
ERR13927576.9154	1550	15.6800
ERR13927576.9155	1544	18.8335
ERR13927576.9156	1584	19.0259
ERR13927576.9157	1550	19.3245
ERR13927576.9158	1560	19.6526
ERR13927576.9159	1582	18.5436
ERR13927576.9160	1579	16.1875
ERR13927576.9161	1561	16.2332
ERR13927576.9162	1386	17.4603
ERR13927576.9163	1550	15.7871
ERR13927576.9164	1564	17.8894
ERR13927576.9165	1567	17.9515
ERR13927576.9166	1438	16.0800
ERR13927576.9167	1585	16.1754
ERR13927576.9168	1552	19.8112
ERR13927576.9169	1561	16.8565
ERR13927576.9170	1578	16.3897
ERR13927576.9171	1575	21.1968
ERR13927576.9172	1571	18.2559
ERR13927576.9173	1545	17.5728
ERR13927576.9174	1575	17.7543
ERR13927576.9175	1567	17.6050
ERR13927576.9176	1502	15.3375
ERR13927576.9177	1563	15.7377
ERR13927576.9178	1524	16.6995
ERR13927576.9179	1579	19.8068
ERR13927576.9180	1557	18.0809
ERR13927576.9181	1546	15.7141
ERR13927576.9182	1542	19.0370
ERR13927576.9183	1558	20.8639
ERR13927576.9184	1541	16.7391
ERR13927576.9185	1568	18.4815
ERR13927576.9186	1571	19.2540
ERR13927576.9187	1580	18.3842
ERR13927576.9188	1548	16.4335
ERR13927576.9189	1564	16.3561
ERR13927576.9190	1524	16.1207
ERR13927576.9191	1544	18.2636
ERR13927576.9192	1506	16.7490
ERR13927576.9193	1541	16.4789
ERR13927576.9194	1567	18.1640
ERR13927576.9195	1560	20.4955
ERR13927576.9196	1528	17.7690
ERR13927576.9197	1568	18.7978
ERR13927576.9198	1522	17.5618
ERR13927576.9199	1545	17.9405
ERR13927576.9200	1551	17.3694
ERR13927576.9201	1591	19.6248
ERR13927576.9202	1578	20.1781
ERR13927576.9203	1557	19.7373
ERR13927576.9204	1554	17.5592
ERR13927576.9205	1569	16.5341
ERR13927576.9206	1572	22.0318
ERR13927576.9207	1550	15.8432
ERR13927576.9208	1290	18.5915
ERR13927576.9209	1568	16.6052
ERR13927576.9210	1534	17.8357
ERR13927576.9211	1585	15.9356
ERR13927576.9212	1555	14.1055
ERR13927576.9213	1544	19.2409
ERR13927576.9214	1574	18.0051
ERR13927576.9215	1552	17.1566
ERR13927576.9216	1592	18.4372
ERR13927576.9217	723	18.1314
ERR13927576.9218	1564	16.3651
ERR13927576.9219	1564	16.2737
ERR13927576.9220	1558	17.3325
ERR13927576.9221	1557	20.6127
ERR13927576.9222	1573	18.9714
ERR13927576.9223	1575	20.0013
ERR13927576.9224	1585	16.8877
ERR13927576.9225	1531	17.2907
ERR13927576.9226	1578	19.3378
ERR13927576.9227	1558	16.9846
ERR13927576.9228	1546	16.9618
ERR13927576.9229	178	15.2753
ERR13927576.9230	1490	16.1658
ERR13927576.9231	1565	19.3706
ERR13927576.9232	1541	16.9150
ERR13927576.9233	1552	16.1669
ERR13927576.9234	1538	17.8407
ERR13927576.9235	1554	21.3951
ERR13927576.9236	1561	19.2928
ERR13927576.9237	1565	15.5796
ERR13927576.9238	983	17.1180
ERR13927576.9239	1529	18.4356
ERR13927576.9240	1604	15.0355
ERR13927576.9241	1526	15.7916
ERR13927576.9242	1554	16.9311
ERR13927576.9243	1550	15.3503
ERR13927576.9244	1552	17.4124
ERR13927576.9245	1533	16.9504
ERR13927576.9246	1569	15.6730
ERR13927576.9247	1156	16.1704
ERR13927576.9248	1533	17.2759
ERR13927576.9249	1582	22.1283
ERR13927576.9250	1534	15.0502
ERR13927576.9251	1551	18.5777
ERR13927576.9252	1548	18.1357
ERR13927576.9253	1587	21.6377
ERR13927576.9254	1592	17.9981
ERR13927576.9255	1593	19.5631
ERR13927576.9256	1576	20.6459
ERR13927576.9257	1570	17.0573
ERR13927576.9258	1546	16.9295
ERR13927576.9259	1588	18.8936
ERR13927576.9260	1541	19.1687
ERR13927576.9261	1542	19.0227
ERR13927576.9262	1555	16.9267
ERR13927576.9263	1555	17.7132
ERR13927576.9264	1519	17.6445
ERR13927576.9265	1577	19.2651
ERR13927576.9266	1520	18.9026
ERR13927576.9267	1553	18.6407
ERR13927576.9268	1123	18.1541
ERR13927576.9269	1562	20.1626
ERR13927576.9270	1546	16.4961
ERR13927576.9271	1590	19.5252
ERR13927576.9272	1511	15.4686
ERR13927576.9273	1563	15.9136
ERR13927576.9274	1546	18.2245
ERR13927576.9275	970	19.6588
ERR13927576.9276	1565	14.5597
ERR13927576.9277	1556	18.2404
ERR13927576.9278	1564	18.3510
ERR13927576.9279	1593	17.8330
ERR13927576.9280	835	18.0084
ERR13927576.9281	1579	18.4288
ERR13927576.9282	1522	15.9350
ERR13927576.9283	1596	17.8571
ERR13927576.9284	1555	17.2611
ERR13927576.9285	1169	18.0299
ERR13927576.9286	1569	16.0121
ERR13927576.9287	1544	15.8659
ERR13927576.9288	1556	15.5308
ERR13927576.9289	1523	17.3296
ERR13927576.9290	1536	15.3913
ERR13927576.9291	1534	16.4459
ERR13927576.9292	1528	18.9391
ERR13927576.9293	1503	18.9854
ERR13927576.9294	1563	14.7646
ERR13927576.9295	1543	16.2748
ERR13927576.9296	1495	15.5993
ERR13927576.9297	1565	18.0543
ERR13927576.9298	1584	15.5669
ERR13927576.9299	1581	21.5465
ERR13927576.9300	1556	18.8027
ERR13927576.9301	1505	14.7635
ERR13927576.9302	1587	16.6068
ERR13927576.9303	1585	19.4397
ERR13927576.9304	1528	18.1080
ERR13927576.9305	1554	18.8732
ERR13927576.9306	1574	17.7497
ERR13927576.9307	1565	17.8722
ERR13927576.9308	1560	15.3391
ERR13927576.9309	1543	16.9397
ERR13927576.9310	1547	16.8106
ERR13927576.9311	1569	16.3671
ERR13927576.9312	1534	16.3116
ERR13927576.9313	1537	15.2264
ERR13927576.9314	1562	20.2535
ERR13927576.9315	1557	19.7026
ERR13927576.9316	1593	16.8600
ERR13927576.9317	1564	18.1669
ERR13927576.9318	1570	17.7490
ERR13927576.9319	1528	19.2068
ERR13927576.9320	1592	18.6294
ERR13927576.9321	1536	17.6432
ERR13927576.9322	1572	18.5223
ERR13927576.9323	1547	19.4001
ERR13927576.9324	1532	17.7428
ERR13927576.9325	1547	16.3529
ERR13927576.9326	1579	17.2711
ERR13927576.9327	1539	18.2560
ERR13927576.9328	1530	18.1915
ERR13927576.9329	1572	19.5089
ERR13927576.9330	1566	15.9100
ERR13927576.9331	1608	16.2456
ERR13927576.9332	1563	17.6552
ERR13927576.9333	1508	16.7480
ERR13927576.9334	1592	16.8982
ERR13927576.9335	1516	17.0330
ERR13927576.9336	1545	16.2369
ERR13927576.9337	1487	15.2367
ERR13927576.9338	1287	17.1321
ERR13927576.9339	1591	17.3752
ERR13927576.9340	1535	18.2124
ERR13927576.9341	1564	17.2494
ERR13927576.9342	1564	20.6068
ERR13927576.9343	1546	15.2807
ERR13927576.9344	1613	14.8549
ERR13927576.9345	1535	17.9720
ERR13927576.9346	1568	18.7538
ERR13927576.9347	1571	19.3380
ERR13927576.9348	1580	15.7310
ERR13927576.9349	1544	17.8497
ERR13927576.9350	1574	17.8964
ERR13927576.9351	1561	16.5509
ERR13927576.9352	1544	17.3802
ERR13927576.9353	1513	16.6517
ERR13927576.9354	1573	18.1189
ERR13927576.9355	1580	16.0671
ERR13927576.9356	1587	17.6692
ERR13927576.9357	1550	16.3561
ERR13927576.9358	1577	20.2042
ERR13927576.9359	1589	15.5469
ERR13927576.9360	1523	16.0033
ERR13927576.9361	1546	19.0226
ERR13927576.9362	1560	17.1487
ERR13927576.9363	1550	18.9155
ERR13927576.9364	1554	17.6364
ERR13927576.9365	1571	18.2209
ERR13927576.9366	1587	18.0214
ERR13927576.9367	1466	17.3267
ERR13927576.9368	1551	15.8337
ERR13927576.9369	1406	16.2952
ERR13927576.9370	1559	16.1123
ERR13927576.9371	1590	19.0126
ERR13927576.9372	1537	16.3090
ERR13927576.9373	1548	21.2700
ERR13927576.9374	1576	15.7747
ERR13927576.9375	1569	19.1899
ERR13927576.9376	1527	16.7354
ERR13927576.9377	1571	18.2591
ERR13927576.9378	1539	15.3346
ERR13927576.9379	1553	18.2357
ERR13927576.9380	1543	17.2929
ERR13927576.9381	1586	16.0353
ERR13927576.9382	1551	18.1225
ERR13927576.9383	1585	16.6524
ERR13927576.9384	1558	20.1258
ERR13927576.9385	1553	16.8326
ERR13927576.9386	1588	17.6354
ERR13927576.9387	1535	21.0821
ERR13927576.9388	1565	17.1157
ERR13927576.9389	1522	15.4258
ERR13927576.9390	1568	17.1327
ERR13927576.9391	1546	19.1177
ERR13927576.9392	1561	16.7559
ERR13927576.9393	1556	16.7674
ERR13927576.9394	1572	21.4752
ERR13927576.9395	1571	18.0045
ERR13927576.9396	1564	16.7545
ERR13927576.9397	1530	17.2686
ERR13927576.9398	1503	15.2362
ERR13927576.9399	1571	15.5557
ERR13927576.9400	762	14.8097
ERR13927576.9401	1545	16.6479
ERR13927576.9402	1553	16.5422
ERR13927576.9403	1537	15.7554
ERR13927576.9404	1573	20.4768
ERR13927576.9405	1571	17.9644
ERR13927576.9406	1551	18.9259
ERR13927576.9407	1562	21.1152
ERR13927576.9408	1573	16.2753
ERR13927576.9409	1545	16.1851
ERR13927576.9410	1563	17.6859
ERR13927576.9411	1493	15.6289
ERR13927576.9412	1530	17.3503
ERR13927576.9413	1594	20.7070
ERR13927576.9414	1538	17.6625
ERR13927576.9415	1561	19.1070
ERR13927576.9416	685	16.5752
ERR13927576.9417	1566	14.9930
ERR13927576.9418	1435	13.7965
ERR13927576.9419	1538	16.1821
ERR13927576.9420	1578	19.4214
ERR13927576.9421	1540	18.3195
ERR13927576.9422	1578	16.8169
ERR13927576.9423	1577	18.4553
ERR13927576.9424	1537	17.6740
ERR13927576.9425	1585	18.4826
ERR13927576.9426	1623	16.5299
ERR13927576.9427	1530	16.5869
ERR13927576.9428	1565	18.8160
ERR13927576.9429	1575	17.2895
ERR13927576.9430	1572	15.3537
ERR13927576.9431	1529	16.0615
ERR13927576.9432	1554	19.8958
ERR13927576.9433	1564	16.5978
ERR13927576.9434	1482	15.5594
ERR13927576.9435	586	15.8993
ERR13927576.9436	1585	16.7868
ERR13927576.9437	1573	20.4927
ERR13927576.9438	1545	17.6751
ERR13927576.9439	1571	18.7142
ERR13927576.9440	1531	19.0392
ERR13927576.9441	1592	17.0490
ERR13927576.9442	1545	17.8589
ERR13927576.9443	1572	18.0197
ERR13927576.9444	1538	17.8290
ERR13927576.9445	1568	15.8476
ERR13927576.9446	1573	13.8684
ERR13927576.9447	1575	19.3225
ERR13927576.9448	1569	18.4850
ERR13927576.9449	1551	16.6364
ERR13927576.9450	1482	18.3684
ERR13927576.9451	1567	16.0996
ERR13927576.9452	1546	16.7270
ERR13927576.9453	1544	17.2131
ERR13927576.9454	1559	17.4208
ERR13927576.9455	1577	16.8643
ERR13927576.9456	1566	17.4323
ERR13927576.9457	1585	15.7565
ERR13927576.9458	1560	18.1436
ERR13927576.9459	1585	19.0940
ERR13927576.9460	1574	17.5737
ERR13927576.9461	1568	18.2462
ERR13927576.9462	1576	17.6453
ERR13927576.9463	1572	19.5986
ERR13927576.9464	1548	16.4658
ERR13927576.9465	1570	17.2707
ERR13927576.9466	1560	19.4571
ERR13927576.9467	1559	18.1052
ERR13927576.9468	1540	17.5383
ERR13927576.9469	1545	18.6835
ERR13927576.9470	1558	18.6149
ERR13927576.9471	1536	16.3861
ERR13927576.9472	1553	18.8416
ERR13927576.9473	1577	18.8979
ERR13927576.9474	1538	16.2139
ERR13927576.9475	1534	16.6265
ERR13927576.9476	1567	17.6490
ERR13927576.9477	1559	17.2508
ERR13927576.9478	1540	16.2435
ERR13927576.9479	1543	16.0933
ERR13927576.9480	1563	16.6468
ERR13927576.9481	1508	15.1824
ERR13927576.9482	1394	16.7496
ERR13927576.9483	1579	17.8068
ERR13927576.9484	1570	20.6745
ERR13927576.9485	1503	16.3812
ERR13927576.9486	1404	17.3340
ERR13927576.9487	1574	17.3990
ERR13927576.9488	1508	15.5597
ERR13927576.9489	1581	17.8185
ERR13927576.9490	1531	17.2567
ERR13927576.9491	1557	16.6063
ERR13927576.9492	1542	18.9916
ERR13927576.9493	1585	14.8221
ERR13927576.9494	1533	16.4110
ERR13927576.9495	1543	17.1089
ERR13927576.9496	1548	18.6576
ERR13927576.9497	1560	16.4295
ERR13927576.9498	1627	15.4376
ERR13927576.9499	1551	16.9858
ERR13927576.9500	1503	15.4977
ERR13927576.9501	1543	19.5146
ERR13927576.9502	1568	16.1894
ERR13927576.9503	1533	17.3914
ERR13927576.9504	1553	17.1320
ERR13927576.9505	1555	16.1042
ERR13927576.9506	1565	17.3220
ERR13927576.9507	1567	17.3829
ERR13927576.9508	1193	18.8910
ERR13927576.9509	1531	17.5402
ERR13927576.9510	1529	18.1982
ERR13927576.9511	1581	15.8355
ERR13927576.9512	1551	15.3211
ERR13927576.9513	1522	16.0729
ERR13927576.9514	1544	17.0719
ERR13927576.9515	1568	18.5880
ERR13927576.9516	1558	16.6245
ERR13927576.9517	1609	19.2150
ERR13927576.9518	1521	18.6437
ERR13927576.9519	1540	18.0162
ERR13927576.9520	1556	14.8246
ERR13927576.9521	1555	17.7640
ERR13927576.9522	1544	17.1405
ERR13927576.9523	1544	16.3329
ERR13927576.9524	1567	18.7020
ERR13927576.9525	1550	18.5845
ERR13927576.9526	1572	16.1120
ERR13927576.9527	1541	19.4724
ERR13927576.9528	1624	20.9433
ERR13927576.9529	1566	17.3072
ERR13927576.9530	1518	15.5303
ERR13927576.9531	1576	18.2805
ERR13927576.9532	1595	16.2132
ERR13927576.9533	1543	19.9080
ERR13927576.9534	1577	17.6107
ERR13927576.9535	1538	16.2198
ERR13927576.9536	1454	16.4580
ERR13927576.9537	1563	17.0653
ERR13927576.9538	1560	16.9532
ERR13927576.9539	1521	18.2827
ERR13927576.9540	1520	20.1822
ERR13927576.9541	1486	15.5262
ERR13927576.9542	1488	16.4301
ERR13927576.9543	1552	20.4407
ERR13927576.9544	1585	17.5918
ERR13927576.9545	1542	17.6342
ERR13927576.9546	1418	17.7729
ERR13927576.9547	1011	19.4817
ERR13927576.9548	1549	18.5952
ERR13927576.9549	1576	16.0622
ERR13927576.9550	1584	17.8971
ERR13927576.9551	1514	16.5436
ERR13927576.9552	1526	16.3440
ERR13927576.9553	1558	16.9949
ERR13927576.9554	1577	18.4084
ERR13927576.9555	1598	19.0657
ERR13927576.9556	1604	15.1571
ERR13927576.9557	1583	18.5717
ERR13927576.9558	1563	18.7460
ERR13927576.9559	1490	16.9262
ERR13927576.9560	1545	17.4537
ERR13927576.9561	1549	16.7282
ERR13927576.9562	1555	15.0392
ERR13927576.9563	1532	15.3603
ERR13927576.9564	1560	20.3788
ERR13927576.9565	1627	18.7824
ERR13927576.9566	1549	18.0801
ERR13927576.9567	1571	20.0102
ERR13927576.9568	1556	16.7005
ERR13927576.9569	1525	16.6748
ERR13927576.9570	1517	14.6454
ERR13927576.9571	1553	16.9974
ERR13927576.9572	1583	15.5060
ERR13927576.9573	1542	18.6161
ERR13927576.9574	1595	20.8000
ERR13927576.9575	1551	16.6841
ERR13927576.9576	1584	17.2753
ERR13927576.9577	1573	19.0737
ERR13927576.9578	1598	19.1464
ERR13927576.9579	1490	14.7268
ERR13927576.9580	1572	16.0744
ERR13927576.9581	1568	19.5140
ERR13927576.9582	1560	19.7660
ERR13927576.9583	1584	19.1098
ERR13927576.9584	1281	16.0039
ERR13927576.9585	1567	18.8047
ERR13927576.9586	1505	15.2831
ERR13927576.9587	1566	19.3257
ERR13927576.9588	1587	16.9723
ERR13927576.9589	1556	19.7494
ERR13927576.9590	533	15.9024
ERR13927576.9591	1534	17.2412
ERR13927576.9592	1557	20.0373
ERR13927576.9593	1544	19.8951
ERR13927576.9594	1043	16.3950
ERR13927576.9595	1503	16.3560
ERR13927576.9596	1566	19.5223
ERR13927576.9597	1564	19.0563
ERR13927576.9598	1574	19.8482
ERR13927576.9599	1575	16.0768
ERR13927576.9600	1412	15.5581
ERR13927576.9601	1501	15.0946
ERR13927576.9602	1562	16.6063
ERR13927576.9603	1590	18.3704
ERR13927576.9604	2382	19.7212
ERR13927576.9605	1552	15.4207
ERR13927576.9606	1594	21.4216
ERR13927576.9607	1641	15.0810
ERR13927576.9608	1557	16.1137
ERR13927576.9609	1539	17.4581
ERR13927576.9610	1582	18.3723
ERR13927576.9611	1604	17.7170
ERR13927576.9612	1506	15.4363
ERR13927576.9613	1584	17.6155
ERR13927576.9614	1579	15.9962
ERR13927576.9615	1518	18.7661
ERR13927576.9616	1523	15.5404
ERR13927576.9617	1557	21.7527
ERR13927576.9618	1560	17.2962
ERR13927576.9619	1590	19.5233
ERR13927576.9620	1562	15.8329
ERR13927576.9621	1593	14.7163
ERR13927576.9622	1492	16.8304
ERR13927576.9623	1559	20.5484
ERR13927576.9624	1627	16.5661
ERR13927576.9625	1550	16.0316
ERR13927576.9626	1528	15.5596
ERR13927576.9627	1559	16.3829
ERR13927576.9628	1562	17.3067
ERR13927576.9629	1539	15.0513
ERR13927576.9630	1580	15.8335
ERR13927576.9631	1543	16.0752
ERR13927576.9632	1526	15.1271
ERR13927576.9633	368	14.2147
ERR13927576.9634	1601	20.2817
ERR13927576.9635	1566	18.0473
ERR13927576.9636	1564	17.3600
ERR13927576.9637	1558	17.2381
ERR13927576.9638	1596	16.4856
ERR13927576.9639	1586	16.8575
ERR13927576.9640	1509	15.6958
ERR13927576.9641	1542	15.8645
ERR13927576.9642	1548	18.0362
ERR13927576.9643	1540	17.5714
ERR13927576.9644	1526	15.1671
ERR13927576.9645	1569	18.3327
ERR13927576.9646	1569	19.4538
ERR13927576.9647	1577	20.3367
ERR13927576.9648	1395	15.9649
ERR13927576.9649	1555	15.6527
ERR13927576.9650	1533	16.5701
ERR13927576.9651	1552	17.2513
ERR13927576.9652	1533	15.9530
ERR13927576.9653	1530	17.5516
ERR13927576.9654	1575	17.8032
ERR13927576.9655	1553	16.4591
ERR13927576.9656	1067	19.8088
ERR13927576.9657	1565	18.5080
ERR13927576.9658	1573	17.1233
ERR13927576.9659	1542	15.2237
ERR13927576.9660	1565	19.9169
ERR13927576.9661	1525	15.9220
ERR13927576.9662	1555	19.2495
ERR13927576.9663	1551	18.2411
ERR13927576.9664	1571	17.4341
ERR13927576.9665	1570	19.7331
ERR13927576.9666	1541	15.8008
ERR13927576.9667	1523	16.3559
ERR13927576.9668	1557	19.6455
ERR13927576.9669	1558	16.2407
ERR13927576.9670	1552	16.7152
ERR13927576.9671	1542	15.9125
ERR13927576.9672	1592	16.4240
ERR13927576.9673	1559	16.2777
ERR13927576.9674	1566	16.5204
ERR13927576.9675	1546	16.2083
ERR13927576.9676	852	15.4800
ERR13927576.9677	1564	19.0748
ERR13927576.9678	1584	17.5126
ERR13927576.9679	1585	19.2486
ERR13927576.9680	1559	17.0237
ERR13927576.9681	1565	16.5904
ERR13927576.9682	1559	17.7081
ERR13927576.9683	1550	14.7297
ERR13927576.9684	1563	17.9271
ERR13927576.9685	1580	19.3354
ERR13927576.9686	1571	18.8320
ERR13927576.9687	1569	17.4257
ERR13927576.9688	1556	18.7500
ERR13927576.9689	1571	19.5926
ERR13927576.9690	1562	19.2138
ERR13927576.9691	1573	17.6370
ERR13927576.9692	1557	19.9480
ERR13927576.9693	1568	18.2908
ERR13927576.9694	1529	19.8999
ERR13927576.9695	1345	20.2766
ERR13927576.9696	1560	17.7269
ERR13927576.9697	1571	15.9255
ERR13927576.9698	1558	17.5032
ERR13927576.9699	1566	17.4304
ERR13927576.9700	1545	18.4880
ERR13927576.9701	1576	17.7138
ERR13927576.9702	1579	17.1241
ERR13927576.9703	1544	16.0065
ERR13927576.9704	1517	18.4964
ERR13927576.9705	1474	17.5414
ERR13927576.9706	1499	16.9260
ERR13927576.9707	1290	18.5512
ERR13927576.9708	1566	18.4655
ERR13927576.9709	1527	15.1703
ERR13927576.9710	1549	17.1059
ERR13927576.9711	1550	16.1432
ERR13927576.9712	466	19.0300
ERR13927576.9713	1544	18.2487
ERR13927576.9714	1549	16.0884
ERR13927576.9715	1580	20.0082
ERR13927576.9716	1571	18.9007
ERR13927576.9717	1560	17.8660
ERR13927576.9718	1572	19.3817
ERR13927576.9719	1578	15.1008
ERR13927576.9720	1609	17.1249
ERR13927576.9721	1534	19.7731
ERR13927576.9722	1517	15.8154
ERR13927576.9723	1550	20.6606
ERR13927576.9724	1579	16.8575
ERR13927576.9725	1582	20.6700
ERR13927576.9726	1592	18.3185
ERR13927576.9727	1569	15.6558
ERR13927576.9728	1549	19.4371
ERR13927576.9729	1534	16.2021
ERR13927576.9730	1556	17.3850
ERR13927576.9731	1526	16.2916
ERR13927576.9732	1538	18.3966
ERR13927576.9733	1558	19.2195
ERR13927576.9734	1575	16.5422
ERR13927576.9735	1565	20.2441
ERR13927576.9736	1578	18.9949
ERR13927576.9737	1540	16.5844
ERR13927576.9738	1571	16.9631
ERR13927576.9739	1570	19.0611
ERR13927576.9740	1543	17.5185
ERR13927576.9741	1568	17.3661
ERR13927576.9742	1343	17.0752
ERR13927576.9743	1588	15.4855
ERR13927576.9744	1581	21.6395
ERR13927576.9745	1591	17.5789
ERR13927576.9746	1465	15.6007
ERR13927576.9747	1579	16.9158
ERR13927576.9748	1576	17.8674
ERR13927576.9749	1557	20.3924
ERR13927576.9750	1595	18.5066
ERR13927576.9751	1535	15.8495
ERR13927576.9752	1596	15.4699
ERR13927576.9753	1588	19.3281
ERR13927576.9754	1580	18.6620
ERR13927576.9755	1546	17.2497
ERR13927576.9756	1592	18.4529
ERR13927576.9757	1570	20.6000
ERR13927576.9758	1598	18.7735
ERR13927576.9759	1576	19.1294
ERR13927576.9760	952	16.1733
ERR13927576.9761	1539	16.1384
ERR13927576.9762	1568	20.1071
ERR13927576.9763	1498	15.7256
ERR13927576.9764	1573	18.2320
ERR13927576.9765	1564	17.8670
ERR13927576.9766	1601	15.4878
ERR13927576.9767	1575	19.1848
ERR13927576.9768	1523	15.1097
ERR13927576.9769	1576	20.5032
ERR13927576.9770	1564	22.8728
ERR13927576.9771	1560	16.4103
ERR13927576.9772	1606	16.9988
ERR13927576.9773	1565	17.2211
ERR13927576.9774	1545	17.0239
ERR13927576.9775	1568	18.7066
ERR13927576.9776	1578	15.9398
ERR13927576.9777	1572	16.3359
ERR13927576.9778	1576	17.9759
ERR13927576.9779	461	19.5597
ERR13927576.9780	1563	18.9456
ERR13927576.9781	1584	16.7235
ERR13927576.9782	1599	19.7348
ERR13927576.9783	1554	17.8958
ERR13927576.9784	1530	15.8098
ERR13927576.9785	1555	19.7621
ERR13927576.9786	1573	15.6427
ERR13927576.9787	1557	16.6596
ERR13927576.9788	1044	18.3755
ERR13927576.9789	3072	17.1742
ERR13927576.9790	1565	19.5093
ERR13927576.9791	1553	17.2234
ERR13927576.9792	1518	16.7945
ERR13927576.9793	1540	18.5338
ERR13927576.9794	1579	17.9785
ERR13927576.9795	1519	19.3700
ERR13927576.9796	1550	16.2710
ERR13927576.9797	1321	16.2801
ERR13927576.9798	1599	15.8530
ERR13927576.9799	1573	16.6039
ERR13927576.9800	1537	16.6532
ERR13927576.9801	1567	21.6318
ERR13927576.9802	1514	15.2583
ERR13927576.9803	1529	15.4297
ERR13927576.9804	1529	20.5370
ERR13927576.9805	1528	15.3259
ERR13927576.9806	1521	16.5128
ERR13927576.9807	1485	16.1468
ERR13927576.9808	1588	19.6379
ERR13927576.9809	1586	20.1084
ERR13927576.9810	1533	16.7365
ERR13927576.9811	1536	15.6895
ERR13927576.9812	1558	19.9557
ERR13927576.9813	1592	22.6388
ERR13927576.9814	1505	16.9555
ERR13927576.9815	1543	15.1964
ERR13927576.9816	1592	16.8279
ERR13927576.9817	1550	16.5787
ERR13927576.9818	1513	16.4461
ERR13927576.9819	1556	19.8213
ERR13927576.9820	1532	15.0026
ERR13927576.9821	1582	16.7718
ERR13927576.9822	1601	18.6665
ERR13927576.9823	1550	16.0735
ERR13927576.9824	1509	16.4407
ERR13927576.9825	1588	18.0680
ERR13927576.9826	1585	17.1767
ERR13927576.9827	1537	19.4314
ERR13927576.9828	1598	19.8911
ERR13927576.9829	1531	15.9556
ERR13927576.9830	1555	15.8019
ERR13927576.9831	1563	19.8644
ERR13927576.9832	1566	15.5434
ERR13927576.9833	1537	19.2479
ERR13927576.9834	1547	18.9632
ERR13927576.9835	1498	17.9159
ERR13927576.9836	1548	19.0827
ERR13927576.9837	1539	14.5224
ERR13927576.9838	1548	19.2842
ERR13927576.9839	1544	16.2383
ERR13927576.9840	1536	15.8757
ERR13927576.9841	1548	18.6286
ERR13927576.9842	1590	16.5151
ERR13927576.9843	1465	18.3304
ERR13927576.9844	1540	18.8013
ERR13927576.9845	888	14.2917
ERR13927576.9846	1549	16.4545
ERR13927576.9847	1539	17.0006
ERR13927576.9848	1534	15.3598
ERR13927576.9849	1533	16.7319
ERR13927576.9850	1537	15.9005
ERR13927576.9851	1581	17.5813
ERR13927576.9852	1548	17.7222
ERR13927576.9853	1581	18.5819
ERR13927576.9854	1526	17.2431
ERR13927576.9855	1491	16.3072
ERR13927576.9856	1557	17.4945
ERR13927576.9857	1101	19.5204
ERR13927576.9858	1556	18.3850
ERR13927576.9859	1106	16.9901
ERR13927576.9860	1555	17.7775
ERR13927576.9861	1583	16.9002
ERR13927576.9862	1548	18.7280
ERR13927576.9863	1569	19.3728
ERR13927576.9864	1555	15.3177
ERR13927576.9865	1545	15.1210
ERR13927576.9866	1568	18.4337
ERR13927576.9867	1557	18.0822
ERR13927576.9868	1547	18.4279
ERR13927576.9869	1476	17.1931
ERR13927576.9870	1567	20.6758
ERR13927576.9871	1548	19.8559
ERR13927576.9872	1580	15.3323
ERR13927576.9873	1536	16.2611
ERR13927576.9874	1393	15.7882
ERR13927576.9875	1561	18.6515
ERR13927576.9876	1525	17.3056
ERR13927576.9877	1556	15.4955
ERR13927576.9878	1567	17.7237
ERR13927576.9879	1532	14.2983
ERR13927576.9880	1569	20.3792
ERR13927576.9881	1579	17.8163
ERR13927576.9882	1610	18.6963
ERR13927576.9883	1527	17.7741
ERR13927576.9884	1508	16.0000
ERR13927576.9885	1551	19.2218
ERR13927576.9886	1565	18.8371
ERR13927576.9887	1551	15.3198
ERR13927576.9888	1553	16.0090
ERR13927576.9889	1619	20.3712
ERR13927576.9890	1574	17.8964
ERR13927576.9891	1531	19.6336
ERR13927576.9892	787	16.3761
ERR13927576.9893	1545	17.7482
ERR13927576.9894	1485	16.2956
ERR13927576.9895	1536	18.0312
ERR13927576.9896	1566	16.4821
ERR13927576.9897	1547	16.5482
ERR13927576.9898	1574	17.4898
ERR13927576.9899	1558	17.3049
ERR13927576.9900	1537	17.6376
ERR13927576.9901	1577	17.5593
ERR13927576.9902	1573	17.7470
ERR13927576.9903	1550	19.0355
ERR13927576.9904	1586	15.5593
ERR13927576.9905	1583	18.4264
ERR13927576.9906	1521	14.0888
ERR13927576.9907	1588	19.8344
ERR13927576.9908	1599	21.3458
ERR13927576.9909	1553	17.1887
ERR13927576.9910	1551	19.3043
ERR13927576.9911	1559	15.5138
ERR13927576.9912	1568	17.3457
ERR13927576.9913	1581	22.4175
ERR13927576.9914	1508	17.5225
ERR13927576.9915	1569	16.4882
ERR13927576.9916	1571	16.8313
ERR13927576.9917	1585	17.6297
ERR13927576.9918	1565	15.8907
ERR13927576.9919	1552	18.4188
ERR13927576.9920	1549	15.6772
ERR13927576.9921	1519	16.1475
ERR13927576.9922	1550	17.3839
ERR13927576.9923	1596	19.3590
ERR13927576.9924	1558	20.4904
ERR13927576.9925	1533	16.1037
ERR13927576.9926	1541	21.2401
ERR13927576.9927	261	15.8697
ERR13927576.9928	1554	19.4414
ERR13927576.9929	1514	15.7510
ERR13927576.9930	1541	20.4322
ERR13927576.9931	1589	16.9327
ERR13927576.9932	1591	19.0867
ERR13927576.9933	1549	17.3867
ERR13927576.9934	1517	14.0850
ERR13927576.9935	1552	15.3054
ERR13927576.9936	1543	17.7511
ERR13927576.9937	1586	19.1047
ERR13927576.9938	1570	17.5108
ERR13927576.9939	1560	18.4942
ERR13927576.9940	1574	17.2382
ERR13927576.9941	775	17.9342
ERR13927576.9942	1575	17.6279
ERR13927576.9943	1527	19.9194
ERR13927576.9944	1584	14.9003
ERR13927576.9945	1531	17.6074
ERR13927576.9946	1561	17.2620
ERR13927576.9947	1500	15.7467
ERR13927576.9948	1541	16.9773
ERR13927576.9949	1571	18.2081
ERR13927576.9950	1590	15.9686
ERR13927576.9951	1566	18.7931
ERR13927576.9952	1562	18.8796
ERR13927576.9953	1507	16.5375
ERR13927576.9954	1562	21.5224
ERR13927576.9955	1545	15.3994
ERR13927576.9956	1515	16.1162
ERR13927576.9957	1093	17.5206
ERR13927576.9958	1526	15.7706
ERR13927576.9959	1560	18.9032
ERR13927576.9960	1525	16.7646
ERR13927576.9961	1562	18.9392
ERR13927576.9962	1578	20.3682
ERR13927576.9963	1500	15.4807
ERR13927576.9964	1555	16.2013
ERR13927576.9965	1577	20.1452
ERR13927576.9966	1552	16.5844
ERR13927576.9967	1571	15.8657
ERR13927576.9968	1395	17.3025
ERR13927576.9969	1576	17.3604
ERR13927576.9970	1578	17.7662
ERR13927576.9971	1527	16.4918
ERR13927576.9972	1540	16.7532
ERR13927576.9973	1574	18.9790
ERR13927576.9974	1524	19.5282
ERR13927576.9975	1575	19.7848
ERR13927576.9976	1487	16.4351
ERR13927576.9977	1545	19.6744
ERR13927576.9978	1576	18.6047
ERR13927576.9979	1587	19.7662
ERR13927576.9980	1530	19.0837
ERR13927576.9981	1496	15.6504
ERR13927576.9982	1534	16.9094
ERR13927576.9983	1534	18.0385
ERR13927576.9984	1569	19.4691
ERR13927576.9985	1599	17.4309
ERR13927576.9986	1556	16.6902
ERR13927576.9987	636	19.4827
ERR13927576.9988	1513	17.4263
ERR13927576.9989	1539	15.7446
ERR13927576.9990	1534	15.7953
ERR13927576.9991	1555	18.5061
ERR13927576.9992	1558	18.2946
ERR13927576.9993	1546	18.1009
ERR13927576.9994	1551	18.5197
ERR13927576.9995	1568	18.9216
ERR13927576.9996	1581	16.5946
ERR13927576.9997	1561	17.7104
ERR13927576.9998	1559	17.2579
ERR13927576.9999	1543	16.9281
ERR13927576.10000	1589	14.6016
ERR13927576.10001	1534	16.5326
ERR13927576.10002	1576	16.3852
ERR13927576.10003	524	19.1355
ERR13927576.10004	1573	18.7012
ERR13927576.10005	1562	15.9648
ERR13927576.10006	1552	17.8151
ERR13927576.10007	1590	16.5415
ERR13927576.10008	1559	15.9820
ERR13927576.10009	1458	15.9698
ERR13927576.10010	1480	14.5270
ERR13927576.10011	1574	15.4606
ERR13927576.10012	1584	18.6970
ERR13927576.10013	1499	15.0240
ERR13927576.10014	1533	15.9733
ERR13927576.10015	1536	15.3255
ERR13927576.10016	1443	16.6161
ERR13927576.10017	1552	15.2171
ERR13927576.10018	1559	16.4086
ERR13927576.10019	1560	17.1173
ERR13927576.10020	1538	16.5104
ERR13927576.10021	1549	17.7889
ERR13927576.10022	1537	19.7398
ERR13927576.10023	1563	16.9802
ERR13927576.10024	1578	21.4861
ERR13927576.10025	1593	15.8632
ERR13927576.10026	1495	17.6314
ERR13927576.10027	1565	19.4077
ERR13927576.10028	1438	16.9534
ERR13927576.10029	1560	19.8865
ERR13927576.10030	1574	17.6830
ERR13927576.10031	1568	18.4770
ERR13927576.10032	1546	18.4418
ERR13927576.10033	1527	14.8389
ERR13927576.10034	1419	18.5708
ERR13927576.10035	1549	16.3131
ERR13927576.10036	1574	20.2084
ERR13927576.10037	1562	19.0915
ERR13927576.10038	1568	19.1716
ERR13927576.10039	1500	16.3800
ERR13927576.10040	1559	19.1572
ERR13927576.10041	1561	15.8706
ERR13927576.10042	1545	17.1107
ERR13927576.10043	1559	17.8743
ERR13927576.10044	1590	17.5113
ERR13927576.10045	1584	16.7348
ERR13927576.10046	1571	19.6957
ERR13927576.10047	1585	20.8215
ERR13927576.10048	1527	15.4905
ERR13927576.10049	1552	16.0193
ERR13927576.10050	1575	17.9898
ERR13927576.10051	1539	19.0552
ERR13927576.10052	1503	15.5516
ERR13927576.10053	1554	15.5946
ERR13927576.10054	1539	18.3626
ERR13927576.10055	1534	15.3592
ERR13927576.10056	1595	18.6853
ERR13927576.10057	1495	16.1171
ERR13927576.10058	1514	15.6995
ERR13927576.10059	1327	17.1432
ERR13927576.10060	573	19.3368
ERR13927576.10061	1550	15.6581
ERR13927576.10062	1551	17.7318
ERR13927576.10063	1532	17.0255
ERR13927576.10064	1548	19.2629
ERR13927576.10065	1476	15.1016
ERR13927576.10066	1537	20.1256
ERR13927576.10067	1492	14.7198
ERR13927576.10068	1540	18.4922
ERR13927576.10069	1569	17.2607
ERR13927576.10070	1571	19.0204
ERR13927576.10071	1539	16.0468
ERR13927576.10072	1572	16.8480
ERR13927576.10073	1547	20.1907
ERR13927576.10074	1563	15.7543
ERR13927576.10075	1551	15.4378
ERR13927576.10076	1530	16.6941
ERR13927576.10077	1555	21.6662
ERR13927576.10078	1512	15.5615
ERR13927576.10079	1601	18.0612
ERR13927576.10080	1509	16.2969
ERR13927576.10081	1561	17.9712
ERR13927576.10082	1523	17.7518
ERR13927576.10083	1558	17.6656
ERR13927576.10084	1564	17.0358
ERR13927576.10085	1575	17.3676
ERR13927576.10086	1547	17.3652
ERR13927576.10087	1553	19.4932
ERR13927576.10088	1555	20.0688
ERR13927576.10089	1566	18.8442
ERR13927576.10090	1556	20.1761
ERR13927576.10091	1561	20.4664
ERR13927576.10092	1562	16.2746
ERR13927576.10093	1515	18.7637
ERR13927576.10094	1547	20.8371
ERR13927576.10095	1566	18.4642
ERR13927576.10096	1483	17.0587
ERR13927576.10097	1593	17.2429
ERR13927576.10098	1587	17.4033
ERR13927576.10099	1515	19.6620
ERR13927576.10100	1550	16.4239
ERR13927576.10101	1577	18.7666
ERR13927576.10102	1513	18.3278
ERR13927576.10103	1520	16.8355
ERR13927576.10104	1558	16.8190
ERR13927576.10105	1575	18.0362
ERR13927576.10106	1557	18.7701
ERR13927576.10107	1551	15.1335
ERR13927576.10108	1588	19.7947
ERR13927576.10109	1571	17.7174
ERR13927576.10110	1506	16.2835
ERR13927576.10111	1569	22.2282
ERR13927576.10112	1550	17.7871
ERR13927576.10113	1584	19.2487
ERR13927576.10114	1519	16.4187
ERR13927576.10115	1541	15.7962
ERR13927576.10116	1513	16.1672
ERR13927576.10117	1508	16.0325
ERR13927576.10118	1569	17.9477
ERR13927576.10119	1491	15.8981
ERR13927576.10120	1510	16.9457
ERR13927576.10121	1511	17.7439
ERR13927576.10122	1601	18.4747
ERR13927576.10123	1568	18.7691
ERR13927576.10124	1573	16.7311
ERR13927576.10125	1493	16.8707
ERR13927576.10126	455	16.7670
ERR13927576.10127	1584	19.2431
ERR13927576.10128	1589	17.3027
ERR13927576.10129	1558	16.6643
ERR13927576.10130	1542	17.9520
ERR13927576.10131	1569	14.8795
ERR13927576.10132	1571	19.9962
ERR13927576.10133	1585	19.9546
ERR13927576.10134	1569	19.6214
ERR13927576.10135	1565	18.6121
ERR13927576.10136	1535	17.0691
ERR13927576.10137	1521	16.1269
ERR13927576.10138	1570	14.2777
ERR13927576.10139	1548	16.8566
ERR13927576.10140	1540	16.0760
ERR13927576.10141	1541	16.5412
ERR13927576.10142	1530	16.7242
ERR13927576.10143	1572	20.4555
ERR13927576.10144	1586	17.0794
ERR13927576.10145	1587	18.8595
ERR13927576.10146	1528	16.5589
ERR13927576.10147	1546	17.9987
ERR13927576.10148	1569	15.8515
ERR13927576.10149	1550	16.1619
ERR13927576.10150	1584	21.3188
ERR13927576.10151	1541	18.2563
ERR13927576.10152	1526	16.8408
ERR13927576.10153	1538	18.5150
ERR13927576.10154	1560	16.1571
ERR13927576.10155	1541	19.1090
ERR13927576.10156	1591	20.3702
ERR13927576.10157	1657	18.3549
ERR13927576.10158	1234	20.2836
ERR13927576.10159	1533	17.9511
ERR13927576.10160	1546	15.5336
ERR13927576.10161	1553	16.6774
ERR13927576.10162	1563	16.8970
ERR13927576.10163	1580	15.4462
ERR13927576.10164	1595	21.1781
ERR13927576.10165	1552	17.0509
ERR13927576.10166	1567	18.2163
ERR13927576.10167	1540	17.9838
ERR13927576.10168	1571	19.6416
ERR13927576.10169	1585	17.7426
ERR13927576.10170	1507	15.1858
ERR13927576.10171	1545	18.3385
ERR13927576.10172	1556	19.2436
ERR13927576.10173	1558	14.4865
ERR13927576.10174	1567	16.0542
ERR13927576.10175	1540	15.6403
ERR13927576.10176	1555	16.1048
ERR13927576.10177	1415	16.8657
ERR13927576.10178	1551	16.3063
ERR13927576.10179	1553	21.4372
ERR13927576.10180	1543	16.4556
ERR13927576.10181	1523	14.8693
ERR13927576.10182	1566	17.8027
ERR13927576.10183	1459	16.3098
ERR13927576.10184	1557	17.8401
ERR13927576.10185	1576	20.1897
ERR13927576.10186	1534	17.8286
ERR13927576.10187	1542	17.1984
ERR13927576.10188	1551	19.3275
ERR13927576.10189	1562	19.5794
ERR13927576.10190	1508	15.8282
ERR13927576.10191	1580	16.5905
ERR13927576.10192	1571	17.5105
ERR13927576.10193	1538	16.6372
ERR13927576.10194	1554	16.2883
ERR13927576.10195	1024	19.5664
ERR13927576.10196	1602	19.3458
ERR13927576.10197	1524	19.7270
ERR13927576.10198	1570	17.3350
ERR13927576.10199	1574	16.5496
ERR13927576.10200	1590	16.7308
ERR13927576.10201	1524	16.1713
ERR13927576.10202	1542	15.3346
ERR13927576.10203	1547	17.5372
ERR13927576.10204	1570	19.5057
ERR13927576.10205	1532	16.1547
ERR13927576.10206	1597	19.9436
ERR13927576.10207	1548	16.1053
ERR13927576.10208	1572	20.4701
ERR13927576.10209	1509	14.5308
ERR13927576.10210	1527	17.4820
ERR13927576.10211	1528	15.3868
ERR13927576.10212	1601	15.7458
ERR13927576.10213	1565	20.0083
ERR13927576.10214	1546	16.6009
ERR13927576.10215	1542	16.5538
ERR13927576.10216	1560	20.4679
ERR13927576.10217	1611	17.0801
ERR13927576.10218	1583	17.0657
ERR13927576.10219	1569	18.7680
ERR13927576.10220	938	16.8017
ERR13927576.10221	1530	18.3458
ERR13927576.10222	1567	18.7096
ERR13927576.10223	1544	17.4417
ERR13927576.10224	1546	19.0731
ERR13927576.10225	1584	18.6136
ERR13927576.10226	1506	18.2908
ERR13927576.10227	1592	18.0716
ERR13927576.10228	1561	17.1980
ERR13927576.10229	1545	17.6375
ERR13927576.10230	1565	19.1476
ERR13927576.10231	820	15.4707
ERR13927576.10232	1540	19.6539
ERR13927576.10233	1532	18.4295
ERR13927576.10234	1591	21.2313
ERR13927576.10235	1557	15.9904
ERR13927576.10236	1524	16.6260
ERR13927576.10237	1548	16.9580
ERR13927576.10238	1590	15.4057
ERR13927576.10239	1562	15.8105
ERR13927576.10240	1559	18.3355
ERR13927576.10241	1560	19.5551
ERR13927576.10242	1603	18.3313
ERR13927576.10243	1577	17.6157
ERR13927576.10244	1566	18.9361
ERR13927576.10245	1568	18.0931
ERR13927576.10246	1575	15.6362
ERR13927576.10247	1585	18.8467
ERR13927576.10248	1544	15.1632
ERR13927576.10249	1624	19.9600
ERR13927576.10250	1595	19.2871
ERR13927576.10251	1550	17.7839
ERR13927576.10252	1574	17.3679
ERR13927576.10253	1567	20.5316
ERR13927576.10254	1562	16.8841
ERR13927576.10255	1554	19.9865
ERR13927576.10256	1526	18.1042
ERR13927576.10257	1564	19.8139
ERR13927576.10258	1578	17.7744
ERR13927576.10259	1565	22.1137
ERR13927576.10260	1545	19.0460
ERR13927576.10261	1520	17.9000
ERR13927576.10262	1570	16.0280
ERR13927576.10263	1546	18.0453
ERR13927576.10264	1508	14.7527
ERR13927576.10265	1549	16.8883
ERR13927576.10266	1548	16.9645
ERR13927576.10267	1584	19.8485
ERR13927576.10268	1567	16.7594
ERR13927576.10269	1554	19.1396
ERR13927576.10270	1554	19.0605
ERR13927576.10271	1554	14.9955
ERR13927576.10272	1548	17.1977
ERR13927576.10273	1591	15.6499
ERR13927576.10274	1532	15.5091
ERR13927576.10275	1543	15.4543
ERR13927576.10276	1558	17.3999
ERR13927576.10277	1545	17.0926
ERR13927576.10278	1527	18.0707
ERR13927576.10279	1511	18.7022
ERR13927576.10280	1538	18.5748
ERR13927576.10281	535	16.3907
ERR13927576.10282	1162	17.6489
ERR13927576.10283	1563	19.7607
ERR13927576.10284	1532	19.3871
ERR13927576.10285	1549	14.8496
ERR13927576.10286	1564	15.6036
ERR13927576.10287	1554	18.4266
ERR13927576.10288	1568	16.0402
ERR13927576.10289	1556	15.6838
ERR13927576.10290	1557	16.5729
ERR13927576.10291	1563	17.4184
ERR13927576.10292	960	19.4698
ERR13927576.10293	1251	15.9704
ERR13927576.10294	1543	17.3526
ERR13927576.10295	1552	16.1959
ERR13927576.10296	1572	18.4987
ERR13927576.10297	1600	19.8687
ERR13927576.10298	1576	19.3725
ERR13927576.10299	1589	17.9069
ERR13927576.10300	1531	17.4918
ERR13927576.10301	1503	15.0552
ERR13927576.10302	1558	16.5019
ERR13927576.10303	1514	15.7768
ERR13927576.10304	1573	20.8601
ERR13927576.10305	1477	16.8104
ERR13927576.10306	1497	14.2786
ERR13927576.10307	1576	15.6777
ERR13927576.10308	1583	17.1642
ERR13927576.10309	1556	17.2725
ERR13927576.10310	1571	15.1929
ERR13927576.10311	1560	15.5814
ERR13927576.10312	1515	17.6330
ERR13927576.10313	1561	20.7508
ERR13927576.10314	1552	15.7771
ERR13927576.10315	1551	17.9794
ERR13927576.10316	1526	18.6907
ERR13927576.10317	1554	17.7735
ERR13927576.10318	1575	15.7943
ERR13927576.10319	1536	15.8457
ERR13927576.10320	1566	19.7650
ERR13927576.10321	1531	14.5519
ERR13927576.10322	1491	18.1751
ERR13927576.10323	1563	15.9744
ERR13927576.10324	1556	19.9415
ERR13927576.10325	1517	16.5821
ERR13927576.10326	1579	20.1824
ERR13927576.10327	1444	17.2957
ERR13927576.10328	1547	17.4331
ERR13927576.10329	1520	15.4934
ERR13927576.10330	1538	16.5033
ERR13927576.10331	1567	18.5820
ERR13927576.10332	1564	16.6477
ERR13927576.10333	1568	17.0446
ERR13927576.10334	1579	17.4813
ERR13927576.10335	377	17.2095
ERR13927576.10336	1569	16.8273
ERR13927576.10337	1569	16.2371
ERR13927576.10338	1545	18.6932
ERR13927576.10339	1555	17.9949
ERR13927576.10340	1527	15.8265
ERR13927576.10341	1553	15.9427
ERR13927576.10342	1525	15.6433
ERR13927576.10343	1578	19.6369
ERR13927576.10344	1553	18.1127
ERR13927576.10345	1544	20.0965
ERR13927576.10346	1530	14.8425
ERR13927576.10347	1551	19.8066
ERR13927576.10348	1592	16.3568
ERR13927576.10349	1567	18.9426
ERR13927576.10350	1602	20.6180
ERR13927576.10351	1548	18.7778
ERR13927576.10352	1564	15.3267
ERR13927576.10353	1602	19.2497
ERR13927576.10354	1581	15.7413
ERR13927576.10355	1597	17.7376
ERR13927576.10356	1537	18.5595
ERR13927576.10357	1280	21.8773
ERR13927576.10358	1582	19.2807
ERR13927576.10359	1556	17.2455
ERR13927576.10360	1542	19.3567
ERR13927576.10361	1568	16.7034
ERR13927576.10362	1540	18.7532
ERR13927576.10363	1547	17.1131
ERR13927576.10364	1566	18.2663
ERR13927576.10365	1582	18.3527
ERR13927576.10366	1568	15.7136
ERR13927576.10367	1275	18.9059
ERR13927576.10368	1548	19.3301
ERR13927576.10369	1513	14.6748
ERR13927576.10370	1555	20.8830
ERR13927576.10371	1558	17.6277
ERR13927576.10372	1569	20.5137
ERR13927576.10373	1590	19.7208
ERR13927576.10374	1557	17.8227
ERR13927576.10375	1552	16.2951
ERR13927576.10376	1539	17.2846
ERR13927576.10377	1557	19.1920
ERR13927576.10378	1550	16.1419
ERR13927576.10379	2162	17.1119
ERR13927576.10380	1566	18.3448
ERR13927576.10381	1583	19.0234
ERR13927576.10382	1597	18.3056
ERR13927576.10383	1522	17.0033
ERR13927576.10384	1548	19.5982
ERR13927576.10385	1443	14.8669
ERR13927576.10386	1592	18.2023
ERR13927576.10387	1537	15.9928
ERR13927576.10388	1524	18.4029
ERR13927576.10389	1481	15.5206
ERR13927576.10390	1565	17.0160
ERR13927576.10391	1533	15.3431
ERR13927576.10392	1561	18.7079
ERR13927576.10393	1561	19.1300
ERR13927576.10394	1532	16.4367
ERR13927576.10395	940	16.7915
ERR13927576.10396	1518	18.1739
ERR13927576.10397	1576	18.3782
ERR13927576.10398	1559	19.0635
ERR13927576.10399	1554	18.3456
ERR13927576.10400	1567	17.4633
ERR13927576.10401	1533	16.8950
ERR13927576.10402	1537	17.5237
ERR13927576.10403	1535	16.8430
ERR13927576.10404	1553	18.9498
ERR13927576.10405	1580	15.4861
ERR13927576.10406	1529	18.4781
ERR13927576.10407	1582	16.5322
ERR13927576.10408	1578	15.5951
ERR13927576.10409	1493	15.4675
ERR13927576.10410	1569	16.7138
ERR13927576.10411	1554	17.6615
ERR13927576.10412	1538	15.6697
ERR13927576.10413	1392	18.4045
ERR13927576.10414	1513	16.7191
ERR13927576.10415	1561	16.8354
ERR13927576.10416	1552	19.9034
ERR13927576.10417	1608	17.7830
ERR13927576.10418	1577	17.8282
ERR13927576.10419	1554	18.4788
ERR13927576.10420	1553	18.5589
ERR13927576.10421	1537	18.3598
ERR13927576.10422	1515	17.8317
ERR13927576.10423	1539	17.9766
ERR13927576.10424	1593	18.6271
ERR13927576.10425	1597	15.6932
ERR13927576.10426	1546	19.0420
ERR13927576.10427	1575	18.3441
ERR13927576.10428	1592	18.5270
ERR13927576.10429	1589	19.6073
ERR13927576.10430	1574	20.6506
ERR13927576.10431	1616	22.1541
ERR13927576.10432	1580	18.6506
ERR13927576.10433	1559	19.4368
ERR13927576.10434	1612	17.5490
ERR13927576.10435	1503	15.3500
ERR13927576.10436	1563	17.9194
ERR13927576.10437	1573	16.0134
ERR13927576.10438	1549	15.5249
ERR13927576.10439	511	16.8924
ERR13927576.10440	1581	20.2543
ERR13927576.10441	1553	19.0599
ERR13927576.10442	1554	17.0817
ERR13927576.10443	1579	19.5415
ERR13927576.10444	1534	17.4368
ERR13927576.10445	1556	16.9614
ERR13927576.10446	1559	14.9031
ERR13927576.10447	1571	18.0471
ERR13927576.10448	1557	18.8786
ERR13927576.10449	1569	19.6221
ERR13927576.10450	1480	16.7270
ERR13927576.10451	1519	18.3015
ERR13927576.10452	1531	15.6479
ERR13927576.10453	1566	16.1188
ERR13927576.10454	1551	20.9458
ERR13927576.10455	1568	17.9758
ERR13927576.10456	1578	17.8809
ERR13927576.10457	1540	18.9448
ERR13927576.10458	1550	16.7161
ERR13927576.10459	1522	17.4185
ERR13927576.10460	1563	16.1030
ERR13927576.10461	1617	15.6642
ERR13927576.10462	1587	18.0996
ERR13927576.10463	1558	18.5533
ERR13927576.10464	1551	17.0103
ERR13927576.10465	1578	19.2820
ERR13927576.10466	1560	21.9288
ERR13927576.10467	1578	16.7921
ERR13927576.10468	1523	16.9980
ERR13927576.10469	1584	19.9867
ERR13927576.10470	1523	14.8785
ERR13927576.10471	1549	17.5068
ERR13927576.10472	1574	19.8119
ERR13927576.10473	1556	19.4602
ERR13927576.10474	1560	15.3583
ERR13927576.10475	1534	17.4289
ERR13927576.10476	1625	19.3335
ERR13927576.10477	1510	16.2053
ERR13927576.10478	1627	15.7855
ERR13927576.10479	1536	16.7943
ERR13927576.10480	1553	17.1030
ERR13927576.10481	1572	18.8842
ERR13927576.10482	1415	17.4325
ERR13927576.10483	1502	13.9734
ERR13927576.10484	1536	15.5319
ERR13927576.10485	1521	18.5477
ERR13927576.10486	185	17.7135
ERR13927576.10487	1531	18.0954
ERR13927576.10488	1524	17.5938
ERR13927576.10489	1513	15.1943
ERR13927576.10490	1519	17.1824
ERR13927576.10491	1581	19.4902
ERR13927576.10492	1570	17.1350
ERR13927576.10493	1623	18.4750
ERR13927576.10494	1547	16.4486
ERR13927576.10495	1578	17.1413
ERR13927576.10496	1541	19.0169
ERR13927576.10497	1569	17.1746
ERR13927576.10498	1568	19.0644
ERR13927576.10499	1557	16.8259
ERR13927576.10500	1574	19.8825
ERR13927576.10501	1535	16.0619
ERR13927576.10502	1559	20.4920
ERR13927576.10503	1533	17.1050
ERR13927576.10504	1558	16.5610
ERR13927576.10505	1524	16.8097
ERR13927576.10506	1567	19.5705
ERR13927576.10507	1570	18.8764
ERR13927576.10508	1536	17.7839
ERR13927576.10509	1566	17.8966
ERR13927576.10510	1584	15.4981
ERR13927576.10511	1576	22.4702
ERR13927576.10512	1536	16.4941
ERR13927576.10513	1556	14.8515
ERR13927576.10514	1567	18.2661
ERR13927576.10515	1517	21.1595
ERR13927576.10516	1586	18.4174
ERR13927576.10517	1480	16.1709
ERR13927576.10518	1601	18.3679
ERR13927576.10519	1583	17.8225
ERR13927576.10520	1538	17.3882
ERR13927576.10521	1587	21.0706
ERR13927576.10522	1576	15.8731
ERR13927576.10523	1488	15.8972
ERR13927576.10524	1467	18.1002
ERR13927576.10525	1545	19.0589
ERR13927576.10526	1545	16.0214
ERR13927576.10527	1525	18.0439
ERR13927576.10528	1494	13.7001
ERR13927576.10529	1541	18.3569
ERR13927576.10530	1571	18.8262
ERR13927576.10531	1597	19.8234
ERR13927576.10532	1572	20.4841
ERR13927576.10533	1545	17.5864
ERR13927576.10534	1563	18.3084
ERR13927576.10535	1561	17.9763
ERR13927576.10536	1575	18.0229
ERR13927576.10537	1543	17.6844
ERR13927576.10538	1552	18.6559
ERR13927576.10539	1544	18.5842
ERR13927576.10540	1414	19.5658
ERR13927576.10541	1548	17.6860
ERR13927576.10542	1609	15.8142
ERR13927576.10543	1565	16.0204
ERR13927576.10544	1509	16.3227
ERR13927576.10545	1575	16.9029
ERR13927576.10546	1592	17.3794
ERR13927576.10547	1550	18.6923
ERR13927576.10548	1537	17.4704
ERR13927576.10549	1505	17.4924
ERR13927576.10550	1539	18.0812
ERR13927576.10551	1577	19.2441
ERR13927576.10552	1459	15.1995
ERR13927576.10553	1511	17.9742
ERR13927576.10554	1560	18.4814
ERR13927576.10555	1520	15.4868
ERR13927576.10556	1592	17.2557
ERR13927576.10557	1507	16.4997
ERR13927576.10558	1574	17.6671
ERR13927576.10559	1582	18.2535
ERR13927576.10560	1556	17.5321
ERR13927576.10561	1558	18.8703
ERR13927576.10562	1542	19.5311
ERR13927576.10563	1572	17.2360
ERR13927576.10564	1182	17.1481
ERR13927576.10565	1496	19.5515
ERR13927576.10566	1472	14.7724
ERR13927576.10567	1544	16.2571
ERR13927576.10568	1556	18.9113
ERR13927576.10569	1615	16.8421
ERR13927576.10570	1558	20.1810
ERR13927576.10571	1334	17.0075
ERR13927576.10572	1567	18.3159
ERR13927576.10573	1484	20.2123
ERR13927576.10574	1508	16.3806
ERR13927576.10575	1556	16.4814
ERR13927576.10576	1563	17.8688
ERR13927576.10577	1540	17.1506
ERR13927576.10578	1576	16.8978
ERR13927576.10579	1554	18.5753
ERR13927576.10580	1609	20.6153
ERR13927576.10581	1583	14.5755
ERR13927576.10582	1564	17.6164
ERR13927576.10583	1534	17.3018
ERR13927576.10584	1552	15.6347
ERR13927576.10585	1577	16.1858
ERR13927576.10586	1555	16.5119
ERR13927576.10587	1554	15.6055
ERR13927576.10588	1611	16.9143
ERR13927576.10589	1591	16.9516
ERR13927576.10590	1672	16.2327
ERR13927576.10591	1554	19.7156
ERR13927576.10592	1592	16.2349
ERR13927576.10593	1527	16.1729
ERR13927576.10594	1525	19.3626
ERR13927576.10595	1547	16.5540
ERR13927576.10596	1495	14.9137
ERR13927576.10597	1242	20.7585
ERR13927576.10598	1308	20.2936
ERR13927576.10599	1504	15.6051
ERR13927576.10600	3156	17.3821
ERR13927576.10601	1523	16.4773
ERR13927576.10602	1536	16.0788
ERR13927576.10603	1553	16.7379
ERR13927576.10604	1543	16.4789
ERR13927576.10605	1566	20.5217
ERR13927576.10606	1538	17.6242
ERR13927576.10607	1550	15.4161
ERR13927576.10608	1525	15.4715
ERR13927576.10609	1559	18.5574
ERR13927576.10610	1606	19.1781
ERR13927576.10611	1558	15.8543
ERR13927576.10612	1583	17.0910
ERR13927576.10613	1569	18.1644
ERR13927576.10614	1566	19.0728
ERR13927576.10615	1557	15.9756
ERR13927576.10616	1527	16.3464
ERR13927576.10617	1569	18.8534
ERR13927576.10618	1441	16.0236
ERR13927576.10619	1601	19.0437
ERR13927576.10620	1559	15.5978
ERR13927576.10621	1519	18.4753
ERR13927576.10622	1557	17.4213
ERR13927576.10623	1569	19.1778
ERR13927576.10624	1497	13.8103
ERR13927576.10625	1577	21.3881
ERR13927576.10626	1561	19.0621
ERR13927576.10627	1529	17.3911
ERR13927576.10628	1546	14.9638
ERR13927576.10629	1537	18.8504
ERR13927576.10630	1560	17.6962
ERR13927576.10631	1568	17.1084
ERR13927576.10632	1572	15.0751
ERR13927576.10633	1560	17.2808
ERR13927576.10634	1571	15.1426
ERR13927576.10635	1545	15.4479
ERR13927576.10636	1556	16.7365
ERR13927576.10637	1561	15.8808
ERR13927576.10638	1370	17.1460
ERR13927576.10639	1512	17.0833
ERR13927576.10640	1560	15.8365
ERR13927576.10641	1591	18.0239
ERR13927576.10642	1546	15.0149
ERR13927576.10643	1550	16.4903
ERR13927576.10644	1548	19.4877
ERR13927576.10645	1579	21.0481
ERR13927576.10646	1536	15.4792
ERR13927576.10647	1528	16.6715
ERR13927576.10648	1519	15.1271
ERR13927576.10649	1572	16.4746
ERR13927576.10650	1520	15.7138
ERR13927576.10651	1550	19.3781
ERR13927576.10652	1548	19.9580
ERR13927576.10653	1565	16.8594
ERR13927576.10654	1572	16.8403
ERR13927576.10655	1525	18.9213
ERR13927576.10656	1565	16.8153
ERR13927576.10657	1584	21.5732
ERR13927576.10658	1573	16.5264
ERR13927576.10659	1530	15.7418
ERR13927576.10660	1551	16.6209
ERR13927576.10661	1554	16.9408
ERR13927576.10662	1595	15.7730
ERR13927576.10663	1548	17.5672
ERR13927576.10664	1522	17.2122
ERR13927576.10665	1545	15.8550
ERR13927576.10666	1553	18.2035
ERR13927576.10667	1594	20.0314
ERR13927576.10668	1192	21.3599
ERR13927576.10669	1167	16.6015
ERR13927576.10670	1583	23.4207
ERR13927576.10671	489	16.5685
ERR13927576.10672	1560	14.6500
ERR13927576.10673	1555	16.5100
ERR13927576.10674	1528	16.3357
ERR13927576.10675	1573	20.3229
ERR13927576.10676	1529	16.7233
ERR13927576.10677	1542	15.7023
ERR13927576.10678	1535	15.7687
ERR13927576.10679	1556	20.3335
ERR13927576.10680	875	18.7520
ERR13927576.10681	1556	18.0739
ERR13927576.10682	1544	16.9592
ERR13927576.10683	1559	16.0353
ERR13927576.10684	1564	17.5441
ERR13927576.10685	1568	18.8189
ERR13927576.10686	1090	19.3541
ERR13927576.10687	1562	18.4309
ERR13927576.10688	522	14.4195
ERR13927576.10689	1556	19.8528
ERR13927576.10690	1617	17.4057
ERR13927576.10691	1549	15.9212
ERR13927576.10692	1566	19.1501
ERR13927576.10693	1556	18.0495
ERR13927576.10694	1558	16.6110
ERR13927576.10695	1546	15.9787
ERR13927576.10696	1572	16.0433
ERR13927576.10697	1132	18.1864
ERR13927576.10698	1586	18.1791
ERR13927576.10699	1531	17.1855
ERR13927576.10700	1577	15.3614
ERR13927576.10701	1585	16.1230
ERR13927576.10702	1531	16.5630
ERR13927576.10703	1529	18.3133
ERR13927576.10704	1566	18.2107
ERR13927576.10705	1488	18.5336
ERR13927576.10706	1569	15.9911
ERR13927576.10707	1595	14.2740
ERR13927576.10708	1582	19.8824
ERR13927576.10709	1543	18.6111
ERR13927576.10710	1519	17.4253
ERR13927576.10711	1562	18.5211
ERR13927576.10712	1504	15.5771
ERR13927576.10713	1561	18.5926
ERR13927576.10714	1523	16.8864
ERR13927576.10715	1564	15.8063
ERR13927576.10716	1541	16.7268
ERR13927576.10717	1548	15.7035
ERR13927576.10718	1541	17.3550
ERR13927576.10719	1525	17.1266
ERR13927576.10720	1528	15.7651
ERR13927576.10721	1562	14.2631
ERR13927576.10722	1520	15.6145
ERR13927576.10723	1568	15.6524
ERR13927576.10724	344	17.3110
ERR13927576.10725	1571	14.2909
ERR13927576.10726	1534	19.0724
ERR13927576.10727	1566	15.1980
ERR13927576.10728	1563	14.4645
ERR13927576.10729	905	19.0044
ERR13927576.10730	1558	17.3813
ERR13927576.10731	1560	16.2224
ERR13927576.10732	1554	15.2587
ERR13927576.10733	1557	18.2357
ERR13927576.10734	1573	17.9981
ERR13927576.10735	3129	16.8466
ERR13927576.10736	1590	15.5755
ERR13927576.10737	1591	19.1779
ERR13927576.10738	1525	17.2452
ERR13927576.10739	1560	18.3192
ERR13927576.10740	1592	17.0345
ERR13927576.10741	1575	16.4000
ERR13927576.10742	1576	15.5254
ERR13927576.10743	1546	17.6973
ERR13927576.10744	1587	22.4499
ERR13927576.10745	1575	15.4406
ERR13927576.10746	1549	17.3505
ERR13927576.10747	1540	16.1071
ERR13927576.10748	1525	17.3875
ERR13927576.10749	1494	16.8862
ERR13927576.10750	1546	15.3072
ERR13927576.10751	1549	17.8748
ERR13927576.10752	1502	16.1871
ERR13927576.10753	1566	19.4987
ERR13927576.10754	1561	15.7239
ERR13927576.10755	1568	19.6371
ERR13927576.10756	1571	15.3781
ERR13927576.10757	1543	18.2191
ERR13927576.10758	1537	17.0573
ERR13927576.10759	1504	14.4302
ERR13927576.10760	1551	17.3340
ERR13927576.10761	1541	18.0253
ERR13927576.10762	1542	15.3275
ERR13927576.10763	2019	22.5790
ERR13927576.10764	1545	18.4039
ERR13927576.10765	1538	17.5988
ERR13927576.10766	1568	15.7526
ERR13927576.10767	1538	17.6678
ERR13927576.10768	1509	16.6746
ERR13927576.10769	1562	19.2426
ERR13927576.10770	1558	17.4352
ERR13927576.10771	1530	14.9536
ERR13927576.10772	1569	18.9369
ERR13927576.10773	1540	15.4500
ERR13927576.10774	1578	15.3321
ERR13927576.10775	1534	14.3331
ERR13927576.10776	1542	16.2387
ERR13927576.10777	1568	17.6747
ERR13927576.10778	1517	16.0554
ERR13927576.10779	1587	16.9074
ERR13927576.10780	1557	20.6840
ERR13927576.10781	1554	14.9550
ERR13927576.10782	1547	16.8979
ERR13927576.10783	1556	15.6183
ERR13927576.10784	1537	18.3696
ERR13927576.10785	1592	20.0019
ERR13927576.10786	1528	14.0681
ERR13927576.10787	1535	16.4254
ERR13927576.10788	1505	15.2219
ERR13927576.10789	1544	17.3666
ERR13927576.10790	1572	16.2417
ERR13927576.10791	1567	19.2317
ERR13927576.10792	1550	17.4652
ERR13927576.10793	1576	17.1320
ERR13927576.10794	1537	16.3077
ERR13927576.10795	1544	17.9488
ERR13927576.10796	1507	17.5567
ERR13927576.10797	1566	21.1284
ERR13927576.10798	1542	16.0551
ERR13927576.10799	1569	14.7521
ERR13927576.10800	1572	16.1947
ERR13927576.10801	1580	17.9899
ERR13927576.10802	1538	15.9538
ERR13927576.10803	1572	17.3041
ERR13927576.10804	1561	15.6938
ERR13927576.10805	1503	16.3094
ERR13927576.10806	1565	17.2185
ERR13927576.10807	1551	15.8046
ERR13927576.10808	1560	16.4391
ERR13927576.10809	1518	15.2589
ERR13927576.10810	1541	17.8657
ERR13927576.10811	1531	15.2619
ERR13927576.10812	1548	19.4477
ERR13927576.10813	1555	18.2643
ERR13927576.10814	1547	17.1648
ERR13927576.10815	1505	16.6226
ERR13927576.10816	1542	14.9332
ERR13927576.10817	1523	17.9488
ERR13927576.10818	1493	17.4153
ERR13927576.10819	1563	19.1094
ERR13927576.10820	1556	18.5366
ERR13927576.10821	1553	18.4507
ERR13927576.10822	1558	18.0578
ERR13927576.10823	1541	17.7450
ERR13927576.10824	1562	17.0935
ERR13927576.10825	1558	15.8132
ERR13927576.10826	1144	18.2378
ERR13927576.10827	1549	16.0239
ERR13927576.10828	1566	17.9687
ERR13927576.10829	1535	16.0678
ERR13927576.10830	1522	17.6505
ERR13927576.10831	1546	14.7878
ERR13927576.10832	1570	17.5592
ERR13927576.10833	396	17.0480
ERR13927576.10834	1570	19.3032
ERR13927576.10835	1541	17.7041
ERR13927576.10836	1538	17.7594
ERR13927576.10837	953	18.9370
ERR13927576.10838	1584	16.6698
ERR13927576.10839	1555	17.7215
ERR13927576.10840	1557	17.8092
ERR13927576.10841	1562	18.2279
ERR13927576.10842	1559	19.7107
ERR13927576.10843	1534	16.0515
ERR13927576.10844	1581	18.2347
ERR13927576.10845	1566	20.6213
ERR13927576.10846	1577	17.6665
ERR13927576.10847	1542	15.4248
ERR13927576.10848	1557	17.0835
ERR13927576.10849	1527	21.0124
ERR13927576.10850	1524	15.0262
ERR13927576.10851	1063	17.8918
ERR13927576.10852	1586	17.5448
ERR13927576.10853	1569	16.1211
ERR13927576.10854	1564	19.0825
ERR13927576.10855	1559	15.0103
ERR13927576.10856	1559	16.3496
ERR13927576.10857	1544	17.7228
ERR13927576.10858	1548	19.2519
ERR13927576.10859	1550	18.6000
ERR13927576.10860	1545	20.1437
ERR13927576.10861	1298	17.2889
ERR13927576.10862	1518	18.7003
ERR13927576.10863	1562	17.2785
ERR13927576.10864	1576	20.4061
ERR13927576.10865	1554	16.9530
ERR13927576.10866	1580	16.4209
ERR13927576.10867	1561	17.3876
ERR13927576.10868	1516	16.4142
ERR13927576.10869	1187	15.3631
ERR13927576.10870	1549	13.8063
ERR13927576.10871	1580	17.1810
ERR13927576.10872	1572	16.1921
ERR13927576.10873	1598	20.8073
ERR13927576.10874	1559	21.7614
ERR13927576.10875	1580	18.7114
ERR13927576.10876	1570	17.2115
ERR13927576.10877	1608	17.9502
ERR13927576.10878	1539	15.2859
ERR13927576.10879	1570	16.8758
ERR13927576.10880	1560	16.9673
ERR13927576.10881	1572	17.9262
ERR13927576.10882	1536	17.4258
ERR13927576.10883	1513	19.0324
ERR13927576.10884	1549	15.5913
ERR13927576.10885	1538	16.9844
ERR13927576.10886	1570	16.2981
ERR13927576.10887	1581	15.1524
ERR13927576.10888	1569	16.9018
ERR13927576.10889	1567	17.7875
ERR13927576.10890	1577	21.7825
ERR13927576.10891	1581	16.8956
ERR13927576.10892	1544	19.1826
ERR13927576.10893	1555	20.5801
ERR13927576.10894	1474	15.8548
ERR13927576.10895	1515	18.9307
ERR13927576.10896	1553	15.1648
ERR13927576.10897	1514	14.6110
ERR13927576.10898	1561	19.8924
ERR13927576.10899	1558	16.5096
ERR13927576.10900	1558	17.9108
ERR13927576.10901	1521	16.3070
ERR13927576.10902	1536	19.0391
ERR13927576.10903	1578	17.2345
ERR13927576.10904	1531	14.5813
ERR13927576.10905	1566	15.9438
ERR13927576.10906	1563	21.1260
ERR13927576.10907	1552	17.0767
ERR13927576.10908	1569	16.3983
ERR13927576.10909	1511	16.3898
ERR13927576.10910	1531	16.4971
ERR13927576.10911	1540	18.7740
ERR13927576.10912	1587	18.6320
ERR13927576.10913	1543	16.1666
ERR13927576.10914	1558	15.8729
ERR13927576.10915	1528	15.5196
ERR13927576.10916	1559	16.7216
ERR13927576.10917	1569	17.1115
ERR13927576.10918	1540	14.9513
ERR13927576.10919	1511	16.9318
ERR13927576.10920	1555	17.3608
ERR13927576.10921	1589	17.4613
ERR13927576.10922	1535	15.0977
ERR13927576.10923	1581	17.3485
ERR13927576.10924	1538	16.9681
ERR13927576.10925	1504	17.3956
ERR13927576.10926	1576	16.0971
ERR13927576.10927	1553	19.1005
ERR13927576.10928	1306	16.8476
ERR13927576.10929	1577	18.0824
ERR13927576.10930	1550	14.8910
ERR13927576.10931	1559	20.8358
ERR13927576.10932	1499	17.3429
ERR13927576.10933	1536	15.8216
ERR13927576.10934	1563	15.4274
ERR13927576.10935	1581	22.1328
ERR13927576.10936	1537	16.0462
ERR13927576.10937	1572	19.3696
ERR13927576.10938	1555	16.3524
ERR13927576.10939	1524	17.7041
ERR13927576.10940	1311	19.6773
ERR13927576.10941	1562	19.3726
ERR13927576.10942	1561	18.6598
ERR13927576.10943	1564	18.0467
ERR13927576.10944	1560	14.8135
ERR13927576.10945	1550	15.2265
ERR13927576.10946	1560	16.4865
ERR13927576.10947	1581	17.6648
ERR13927576.10948	1551	15.3250
ERR13927576.10949	1105	13.9629
ERR13927576.10950	1596	19.2162
ERR13927576.10951	1573	18.0178
ERR13927576.10952	941	17.9681
ERR13927576.10953	1540	17.7162
ERR13927576.10954	1590	15.0767
ERR13927576.10955	1547	15.9690
ERR13927576.10956	1550	16.2974
ERR13927576.10957	1555	18.7080
ERR13927576.10958	1556	18.2224
ERR13927576.10959	1428	15.7094
ERR13927576.10960	1583	16.9672
ERR13927576.10961	1348	15.4065
ERR13927576.10962	1559	21.2027
ERR13927576.10963	1591	19.5022
ERR13927576.10964	1493	16.9578
ERR13927576.10965	1541	16.9701
ERR13927576.10966	1565	17.1169
ERR13927576.10967	1531	16.2234
ERR13927576.10968	1561	20.0032
ERR13927576.10969	1504	14.6197
ERR13927576.10970	1534	15.0072
ERR13927576.10971	1581	16.1619
ERR13927576.10972	1611	20.1173
ERR13927576.10973	1594	15.0314
ERR13927576.10974	1568	17.2812
ERR13927576.10975	1547	16.3038
ERR13927576.10976	1042	20.4530
ERR13927576.10977	1549	16.7218
ERR13927576.10978	1565	16.5866
ERR13927576.10979	1538	16.3726
ERR13927576.10980	1587	17.0082
ERR13927576.10981	1566	19.6622
ERR13927576.10982	1545	16.7042
ERR13927576.10983	1586	16.1810
ERR13927576.10984	1552	18.1276
ERR13927576.10985	1564	17.9303
ERR13927576.10986	1555	17.9614
ERR13927576.10987	1574	16.9066
ERR13927576.10988	1552	17.4601
ERR13927576.10989	1550	18.7426
ERR13927576.10990	1524	15.7835
ERR13927576.10991	1539	18.3678
ERR13927576.10992	1528	18.7408
ERR13927576.10993	1580	17.3405
ERR13927576.10994	1446	17.7407
ERR13927576.10995	1565	18.4185
ERR13927576.10996	1542	17.8042
ERR13927576.10997	1538	19.4779
ERR13927576.10998	1563	17.9571
ERR13927576.10999	1556	16.6067
ERR13927576.11000	1584	20.1073
ERR13927576.11001	1523	16.8148
ERR13927576.11002	1554	14.7960
ERR13927576.11003	1550	19.4252
ERR13927576.11004	1497	15.8637
ERR13927576.11005	1564	18.1157
ERR13927576.11006	1565	18.7195
ERR13927576.11007	1553	16.5557
ERR13927576.11008	1505	14.9468
ERR13927576.11009	1569	15.2352
ERR13927576.11010	1549	15.4493
ERR13927576.11011	1294	18.4985
ERR13927576.11012	1561	16.1775
ERR13927576.11013	1536	14.7266
ERR13927576.11014	1569	17.4608
ERR13927576.11015	1591	19.6147
ERR13927576.11016	1561	19.0006
ERR13927576.11017	1561	19.2415
ERR13927576.11018	1493	15.3456
ERR13927576.11019	1545	19.3735
ERR13927576.11020	1564	16.6483
ERR13927576.11021	1548	17.3430
ERR13927576.11022	1569	19.3391
ERR13927576.11023	1566	16.6737
ERR13927576.11024	1580	16.8228
ERR13927576.11025	1563	18.6769
ERR13927576.11026	1515	14.5050
ERR13927576.11027	1583	16.6658
ERR13927576.11028	1567	16.1678
ERR13927576.11029	1558	16.7933
ERR13927576.11030	1576	16.7119
ERR13927576.11031	1597	18.7871
ERR13927576.11032	1556	19.9865
ERR13927576.11033	1565	15.8358
ERR13927576.11034	1523	15.5102
ERR13927576.11035	1523	16.7787
ERR13927576.11036	1471	16.9789
ERR13927576.11037	1573	16.7006
ERR13927576.11038	1571	15.1871
ERR13927576.11039	1551	17.1199
ERR13927576.11040	1563	18.2105
ERR13927576.11041	1528	15.7965
ERR13927576.11042	1584	17.5246
ERR13927576.11043	1616	19.9400
ERR13927576.11044	1545	18.3935
ERR13927576.11045	1565	15.9783
ERR13927576.11046	1574	16.9689
ERR13927576.11047	1567	18.5590
ERR13927576.11048	1546	18.8163
ERR13927576.11049	739	15.0758
ERR13927576.11050	1597	16.4289
ERR13927576.11051	1570	21.3102
ERR13927576.11052	1567	15.5035
ERR13927576.11053	1553	19.5093
ERR13927576.11054	1578	16.1058
ERR13927576.11055	1535	14.4814
ERR13927576.11056	1580	17.5937
ERR13927576.11057	1570	17.0318
ERR13927576.11058	1593	19.1783
ERR13927576.11059	1583	14.7960
ERR13927576.11060	1591	17.8026
ERR13927576.11061	1572	17.3314
ERR13927576.11062	1574	15.6175
ERR13927576.11063	1611	20.1397
ERR13927576.11064	1560	16.0269
ERR13927576.11065	1574	18.1957
ERR13927576.11066	1506	15.5378
ERR13927576.11067	1544	15.9385
ERR13927576.11068	1547	16.8009
ERR13927576.11069	1565	19.3220
ERR13927576.11070	1529	16.7253
ERR13927576.11071	1543	17.9922
ERR13927576.11072	1600	19.0475
ERR13927576.11073	1574	22.7478
ERR13927576.11074	1546	20.2451
ERR13927576.11075	1557	17.2820
ERR13927576.11076	1546	16.5188
ERR13927576.11077	1512	14.8247
ERR13927576.11078	1591	17.3602
ERR13927576.11079	1567	16.1372
ERR13927576.11080	1584	18.3302
ERR13927576.11081	1541	19.8572
ERR13927576.11082	1507	15.8049
ERR13927576.11083	1521	15.5253
ERR13927576.11084	1544	20.3115
ERR13927576.11085	1532	15.8740
ERR13927576.11086	1581	20.2087
ERR13927576.11087	1556	15.8220
ERR13927576.11088	1536	16.7129
ERR13927576.11089	1483	15.5664
ERR13927576.11090	1517	14.5214
ERR13927576.11091	1534	19.1988
ERR13927576.11092	1516	14.2606
ERR13927576.11093	1555	17.0174
ERR13927576.11094	1550	15.8665
ERR13927576.11095	1558	17.1200
ERR13927576.11096	1586	22.8663
ERR13927576.11097	1551	15.1393
ERR13927576.11098	1501	15.9634
ERR13927576.11099	1472	14.7412
ERR13927576.11100	1627	17.2778
ERR13927576.11101	1542	14.6719
ERR13927576.11102	1505	17.6744
ERR13927576.11103	1564	16.2692
ERR13927576.11104	1512	16.0774
ERR13927576.11105	1544	19.9560
ERR13927576.11106	1549	18.6482
ERR13927576.11107	1557	16.2145
ERR13927576.11108	1571	18.7155
ERR13927576.11109	1556	16.5636
ERR13927576.11110	1537	20.5797
ERR13927576.11111	3109	16.0508
ERR13927576.11112	1567	17.6324
ERR13927576.11113	1593	17.7131
ERR13927576.11114	1549	16.4493
ERR13927576.11115	1520	17.0191
ERR13927576.11116	1576	17.2151
ERR13927576.11117	1554	17.4717
ERR13927576.11118	550	19.2364
ERR13927576.11119	1464	15.6428
ERR13927576.11120	1563	16.8708
ERR13927576.11121	1515	17.3538
ERR13927576.11122	1560	16.0840
ERR13927576.11123	1535	17.5290
ERR13927576.11124	216	19.6574
ERR13927576.11125	1559	20.6517
ERR13927576.11126	1573	19.6408
ERR13927576.11127	1553	17.3619
ERR13927576.11128	1559	16.2431
ERR13927576.11129	1567	17.6031
ERR13927576.11130	1580	20.1873
ERR13927576.11131	1558	20.0154
ERR13927576.11132	1551	16.6183
ERR13927576.11133	1594	16.9429
ERR13927576.11134	1561	14.9468
ERR13927576.11135	1573	16.3528
ERR13927576.11136	1577	18.8491
ERR13927576.11137	1549	18.0497
ERR13927576.11138	1549	16.6236
ERR13927576.11139	1554	19.8275
ERR13927576.11140	1547	18.7337
ERR13927576.11141	1563	15.0537
ERR13927576.11142	1583	16.6589
ERR13927576.11143	1160	15.6836
ERR13927576.11144	1544	18.2429
ERR13927576.11145	1561	16.9007
ERR13927576.11146	1573	14.6268
ERR13927576.11147	1567	17.3133
ERR13927576.11148	1560	18.2583
ERR13927576.11149	1549	18.6850
ERR13927576.11150	1541	14.7768
ERR13927576.11151	1575	20.4235
ERR13927576.11152	1014	16.9527
ERR13927576.11153	1587	16.8866
ERR13927576.11154	1570	16.3248
ERR13927576.11155	1568	17.6052
ERR13927576.11156	1566	19.0683
ERR13927576.11157	1527	16.0766
ERR13927576.11158	1581	18.0588
ERR13927576.11159	1524	18.1699
ERR13927576.11160	1444	15.0208
ERR13927576.11161	1582	16.4273
ERR13927576.11162	1544	16.3342
ERR13927576.11163	1526	17.9541
ERR13927576.11164	1548	15.2087
ERR13927576.11165	283	17.5724
ERR13927576.11166	1522	15.7674
ERR13927576.11167	1580	16.1791
ERR13927576.11168	1551	15.2276
ERR13927576.11169	1526	17.8355
ERR13927576.11170	1548	18.9057
ERR13927576.11171	1542	17.4384
ERR13927576.11172	1533	16.8767
ERR13927576.11173	1550	19.4239
ERR13927576.11174	1608	15.9502
ERR13927576.11175	1498	15.1121
ERR13927576.11176	1558	18.8344
ERR13927576.11177	1546	14.9644
ERR13927576.11178	1557	21.7469
ERR13927576.11179	1508	16.4556
ERR13927576.11180	1524	14.9331
ERR13927576.11181	1560	18.8038
ERR13927576.11182	1516	15.0719
ERR13927576.11183	1518	16.7727
ERR13927576.11184	1510	13.8788
ERR13927576.11185	1575	19.1867
ERR13927576.11186	1579	17.0266
ERR13927576.11187	1546	18.8855
ERR13927576.11188	1563	20.4530
ERR13927576.11189	1571	19.9644
ERR13927576.11190	1549	14.8108
ERR13927576.11191	1564	16.8254
ERR13927576.11192	1569	16.5736
ERR13927576.11193	1585	17.0461
ERR13927576.11194	1568	18.6467
ERR13927576.11195	1581	18.8109
ERR13927576.11196	1566	17.9636
ERR13927576.11197	1583	19.7239
ERR13927576.11198	1558	16.6515
ERR13927576.11199	1568	16.9503
ERR13927576.11200	1524	17.4094
ERR13927576.11201	1517	19.0666
ERR13927576.11202	1500	15.9193
ERR13927576.11203	1536	15.5449
ERR13927576.11204	1542	15.5649
ERR13927576.11205	1516	16.2869
ERR13927576.11206	1623	20.6981
ERR13927576.11207	1572	22.6170
ERR13927576.11208	1564	18.5537
ERR13927576.11209	1578	22.2497
ERR13927576.11210	1597	16.4371
ERR13927576.11211	1476	15.1043
ERR13927576.11212	1560	18.1564
ERR13927576.11213	1584	21.7494
ERR13927576.11214	1555	15.7170
ERR13927576.11215	1540	14.9292
ERR13927576.11216	1576	20.0882
ERR13927576.11217	1569	16.7725
ERR13927576.11218	1462	16.4576
ERR13927576.11219	1504	16.2174
ERR13927576.11220	1503	16.4810
ERR13927576.11221	1550	14.9219
ERR13927576.11222	1574	18.5394
ERR13927576.11223	1527	16.2430
ERR13927576.11224	1531	19.0007
ERR13927576.11225	1540	16.4318
ERR13927576.11226	1542	15.4183
ERR13927576.11227	1539	16.8817
ERR13927576.11228	1547	17.3904
ERR13927576.11229	1517	16.8748
ERR13927576.11230	1583	18.7934
ERR13927576.11231	1546	18.7063
ERR13927576.11232	1593	17.7012
ERR13927576.11233	1529	18.5899
ERR13927576.11234	1508	18.7215
ERR13927576.11235	1568	16.6416
ERR13927576.11236	1557	15.8433
ERR13927576.11237	1584	18.4312
ERR13927576.11238	1529	17.0798
ERR13927576.11239	1569	16.3550
ERR13927576.11240	1539	17.7817
ERR13927576.11241	1557	15.5845
ERR13927576.11242	1528	17.6558
ERR13927576.11243	1564	17.9616
ERR13927576.11244	1587	16.4764
ERR13927576.11245	1563	16.4722
ERR13927576.11246	1526	17.5799
ERR13927576.11247	1545	15.8900
ERR13927576.11248	1531	16.0176
ERR13927576.11249	1553	16.8165
ERR13927576.11250	1510	14.2748
ERR13927576.11251	1577	17.4750
ERR13927576.11252	870	21.4414
ERR13927576.11253	1601	15.1568
ERR13927576.11254	1563	16.0384
ERR13927576.11255	1528	16.8109
ERR13927576.11256	1480	16.6993
ERR13927576.11257	1556	20.3246
ERR13927576.11258	1524	16.2808
ERR13927576.11259	1564	17.8983
ERR13927576.11260	1564	15.7104
ERR13927576.11261	1550	16.4290
ERR13927576.11262	1554	16.4575
ERR13927576.11263	1584	17.7374
ERR13927576.11264	1552	20.2262
ERR13927576.11265	1544	18.0661
ERR13927576.11266	1556	17.6260
ERR13927576.11267	1492	15.5422
ERR13927576.11268	1585	15.6782
ERR13927576.11269	1137	18.8672
ERR13927576.11270	1546	17.7471
ERR13927576.11271	1551	17.9213
ERR13927576.11272	1552	17.9929
ERR13927576.11273	1560	18.0346
ERR13927576.11274	1539	15.4561
ERR13927576.11275	1559	16.1546
ERR13927576.11276	1562	21.3342
ERR13927576.11277	1536	16.3288
ERR13927576.11278	1587	17.3371
ERR13927576.11279	1538	16.8069
ERR13927576.11280	1572	16.4536
ERR13927576.11281	1560	16.5936
ERR13927576.11282	1578	15.2738
ERR13927576.11283	1590	18.3616
ERR13927576.11284	1560	18.2622
ERR13927576.11285	1547	16.4357
ERR13927576.11286	1614	18.7962
ERR13927576.11287	1342	18.9754
ERR13927576.11288	1498	16.7817
ERR13927576.11289	1536	15.6803
ERR13927576.11290	1556	18.2237
ERR13927576.11291	1546	15.8739
ERR13927576.11292	1608	20.1586
ERR13927576.11293	1572	17.3333
ERR13927576.11294	975	16.9969
ERR13927576.11295	1425	17.9025
ERR13927576.11296	1551	16.7382
ERR13927576.11297	1558	19.2003
ERR13927576.11298	1486	17.3297
ERR13927576.11299	1508	16.5703
ERR13927576.11300	1574	19.0388
ERR13927576.11301	1575	17.6559
ERR13927576.11302	1553	16.0464
ERR13927576.11303	1579	18.3426
ERR13927576.11304	1572	16.5337
ERR13927576.11305	1506	18.6248
ERR13927576.11306	1576	15.2475
ERR13927576.11307	1530	18.4529
ERR13927576.11308	1521	16.3031
ERR13927576.11309	1517	18.8570
ERR13927576.11310	1582	20.9747
ERR13927576.11311	1506	17.5903
ERR13927576.11312	425	13.4776
ERR13927576.11313	1569	18.8770
ERR13927576.11314	1546	17.8176
ERR13927576.11315	1086	16.7845
ERR13927576.11316	1559	19.3592
ERR13927576.11317	1548	16.7242
ERR13927576.11318	1606	21.3543
ERR13927576.11319	1451	17.0096
ERR13927576.11320	1553	15.8191
ERR13927576.11321	1466	16.7231
ERR13927576.11322	1549	16.9264
ERR13927576.11323	1553	15.9079
ERR13927576.11324	1550	17.9303
ERR13927576.11325	1581	18.3789
ERR13927576.11326	1555	15.5781
ERR13927576.11327	1563	17.0256
ERR13927576.11328	1540	16.2799
ERR13927576.11329	1522	16.3647
ERR13927576.11330	1537	15.9577
ERR13927576.11331	1479	14.9709
ERR13927576.11332	1571	18.3074
ERR13927576.11333	1540	16.9773
ERR13927576.11334	1528	17.2592
ERR13927576.11335	1390	16.7878
ERR13927576.11336	1542	19.7750
ERR13927576.11337	1532	20.6253
ERR13927576.11338	1509	16.3115
ERR13927576.11339	1554	16.8848
ERR13927576.11340	1581	16.5515
ERR13927576.11341	1581	17.1214
ERR13927576.11342	1544	16.1308
ERR13927576.11343	1494	16.9578
ERR13927576.11344	1558	16.3331
ERR13927576.11345	1493	18.0188
ERR13927576.11346	1565	17.7827
ERR13927576.11347	1486	18.9327
ERR13927576.11348	1577	16.0564
ERR13927576.11349	1525	16.8000
ERR13927576.11350	1544	22.5654
ERR13927576.11351	1558	17.1829
ERR13927576.11352	1571	18.6448
ERR13927576.11353	1557	14.4778
ERR13927576.11354	1148	16.6446
ERR13927576.11355	1588	15.3646
ERR13927576.11356	1578	17.3422
ERR13927576.11357	1573	15.5003
ERR13927576.11358	1583	15.4915
ERR13927576.11359	1581	18.5402
ERR13927576.11360	1588	16.6543
ERR13927576.11361	1534	18.8553
ERR13927576.11362	1543	20.1724
ERR13927576.11363	1513	17.5981
ERR13927576.11364	1547	16.1894
ERR13927576.11365	1571	18.3316
ERR13927576.11366	1540	17.7117
ERR13927576.11367	1564	17.0985
ERR13927576.11368	1550	19.4806
ERR13927576.11369	1558	15.8665
ERR13927576.11370	1547	17.4997
ERR13927576.11371	1581	19.0746
ERR13927576.11372	1548	16.7474
ERR13927576.11373	1539	19.3886
ERR13927576.11374	1553	15.7933
ERR13927576.11375	1571	19.6149
ERR13927576.11376	1588	20.0781
ERR13927576.11377	1551	16.6267
ERR13927576.11378	1512	16.2526
ERR13927576.11379	1566	15.1015
ERR13927576.11380	1582	18.2370
ERR13927576.11381	1542	17.2639
ERR13927576.11382	1578	17.3378
ERR13927576.11383	1500	16.1993
ERR13927576.11384	1596	17.3271
ERR13927576.11385	1548	16.4703
ERR13927576.11386	1544	15.7766
ERR13927576.11387	1538	18.3388
ERR13927576.11388	1548	18.6169
ERR13927576.11389	1607	19.1780
ERR13927576.11390	1535	16.7746
ERR13927576.11391	1552	16.0812
ERR13927576.11392	1103	18.0879
ERR13927576.11393	1541	14.2356
ERR13927576.11394	1520	15.0691
ERR13927576.11395	1565	20.2601
ERR13927576.11396	1549	15.4629
ERR13927576.11397	1586	17.3020
ERR13927576.11398	1570	19.9000
ERR13927576.11399	1612	17.9057
ERR13927576.11400	1545	17.2673
ERR13927576.11401	1581	18.0215
ERR13927576.11402	1582	17.7977
ERR13927576.11403	1594	19.4473
ERR13927576.11404	1547	17.6871
ERR13927576.11405	1548	17.8553
ERR13927576.11406	1553	18.4694
ERR13927576.11407	1543	17.7330
ERR13927576.11408	1609	16.7582
ERR13927576.11409	1577	19.1268
ERR13927576.11410	1534	16.9987
ERR13927576.11411	1554	16.3636
ERR13927576.11412	1555	18.5595
ERR13927576.11413	1585	16.4820
ERR13927576.11414	1514	16.1948
ERR13927576.11415	1570	15.8955
ERR13927576.11416	1512	14.6653
ERR13927576.11417	1567	17.8137
ERR13927576.11418	1534	18.6708
ERR13927576.11419	1535	16.7309
ERR13927576.11420	1527	17.4519
ERR13927576.11421	1545	15.4738
ERR13927576.11422	1557	17.3860
ERR13927576.11423	1585	16.1924
ERR13927576.11424	1560	20.6859
ERR13927576.11425	718	14.3008
ERR13927576.11426	1552	15.0341
ERR13927576.11427	1529	16.9954
ERR13927576.11428	1564	17.1630
ERR13927576.11429	1528	17.4902
ERR13927576.11430	1185	19.6650
ERR13927576.11431	1538	15.4610
ERR13927576.11432	1534	14.7712
ERR13927576.11433	1504	16.2367
ERR13927576.11434	1574	18.2357
ERR13927576.11435	1555	15.8810
ERR13927576.11436	1576	15.3560
ERR13927576.11437	1534	15.4857
ERR13927576.11438	1390	18.0604
ERR13927576.11439	1557	16.9127
ERR13927576.11440	2849	15.4296
ERR13927576.11441	1552	18.7713
ERR13927576.11442	1566	17.3123
ERR13927576.11443	1578	16.9683
ERR13927576.11444	1563	17.3935
ERR13927576.11445	1550	17.7426
ERR13927576.11446	1546	14.4437
ERR13927576.11447	1577	20.0571
ERR13927576.11448	1568	19.4432
ERR13927576.11449	1594	17.6060
ERR13927576.11450	1584	16.4987
ERR13927576.11451	1534	17.4524
ERR13927576.11452	1498	15.1362
ERR13927576.11453	1560	16.2532
ERR13927576.11454	1549	17.0943
ERR13927576.11455	1547	16.8293
ERR13927576.11456	1516	17.6834
ERR13927576.11457	3109	17.2695
ERR13927576.11458	1582	20.3584
ERR13927576.11459	1546	14.7257
ERR13927576.11460	1544	17.4851
ERR13927576.11461	1559	20.1700
ERR13927576.11462	1572	17.7316
ERR13927576.11463	1591	18.7901
ERR13927576.11464	1592	15.6407
ERR13927576.11465	1575	19.1238
ERR13927576.11466	1563	21.5637
ERR13927576.11467	1580	16.1570
ERR13927576.11468	1559	15.8730
ERR13927576.11469	1595	20.6809
ERR13927576.11470	1521	16.1755
ERR13927576.11471	1574	15.5896
ERR13927576.11472	1557	18.6371
ERR13927576.11473	1551	19.6306
ERR13927576.11474	1482	18.5985
ERR13927576.11475	1572	16.6597
ERR13927576.11476	1578	21.0532
ERR13927576.11477	1604	18.6496
ERR13927576.11478	1583	19.6867
ERR13927576.11479	1575	16.7981
ERR13927576.11480	1525	17.1731
ERR13927576.11481	1597	14.3957
ERR13927576.11482	1553	18.8995
ERR13927576.11483	1551	18.2224
ERR13927576.11484	1566	16.9655
ERR13927576.11485	1524	16.0623
ERR13927576.11486	1584	18.7658
ERR13927576.11487	1513	14.3001
ERR13927576.11488	1546	17.6145
ERR13927576.11489	1547	16.4686
ERR13927576.11490	1522	16.2313
ERR13927576.11491	3022	16.6142
ERR13927576.11492	1529	13.8947
ERR13927576.11493	1527	16.3530
ERR13927576.11494	1561	17.8238
ERR13927576.11495	1562	18.5019
ERR13927576.11496	1621	17.1530
ERR13927576.11497	1537	15.4782
ERR13927576.11498	1514	15.7312
ERR13927576.11499	1570	19.7764
ERR13927576.11500	1594	17.6104
ERR13927576.11501	1571	18.4430
ERR13927576.11502	1551	18.5874
ERR13927576.11503	1535	15.8951
ERR13927576.11504	1584	15.1149
ERR13927576.11505	1551	21.1019
ERR13927576.11506	1590	16.5208
ERR13927576.11507	1597	18.3776
ERR13927576.11508	1564	17.7986
ERR13927576.11509	1560	16.6500
ERR13927576.11510	1570	14.7382
ERR13927576.11511	1566	18.7739
ERR13927576.11512	1546	14.0524
ERR13927576.11513	1558	16.4371
ERR13927576.11514	1556	18.3451
ERR13927576.11515	1548	18.2804
ERR13927576.11516	1579	18.7435
ERR13927576.11517	1567	17.2655
ERR13927576.11518	1561	19.3395
ERR13927576.11519	1539	16.5244
ERR13927576.11520	1550	16.4239
ERR13927576.11521	1510	17.9225
ERR13927576.11522	1593	16.3183
ERR13927576.11523	1568	16.8265
ERR13927576.11524	1577	17.5187
ERR13927576.11525	1507	16.9774
ERR13927576.11526	1536	14.6673
ERR13927576.11527	1531	15.8759
ERR13927576.11528	1534	21.3344
ERR13927576.11529	1565	17.3847
ERR13927576.11530	1586	18.7831
ERR13927576.11531	1579	18.0798
ERR13927576.11532	1541	17.4147
ERR13927576.11533	1552	14.5554
ERR13927576.11534	1196	16.4030
ERR13927576.11535	1580	16.5614
ERR13927576.11536	1540	16.7656
ERR13927576.11537	1602	15.3102
ERR13927576.11538	1555	17.0682
ERR13927576.11539	1580	16.0943
ERR13927576.11540	1582	17.4311
ERR13927576.11541	1536	16.7246
ERR13927576.11542	1551	15.1096
ERR13927576.11543	1549	14.3564
ERR13927576.11544	1536	15.3242
ERR13927576.11545	1565	17.6383
ERR13927576.11546	1556	15.7924
ERR13927576.11547	1536	18.0436
ERR13927576.11548	1541	20.4588
ERR13927576.11549	1561	21.1742
ERR13927576.11550	1593	14.8933
ERR13927576.11551	1559	15.8287
ERR13927576.11552	1444	15.7001
ERR13927576.11553	1664	16.6280
ERR13927576.11554	1544	16.5952
ERR13927576.11555	1578	17.2155
ERR13927576.11556	1575	16.4610
ERR13927576.11557	1563	15.3749
ERR13927576.11558	1513	16.0297
ERR13927576.11559	1522	15.8614
ERR13927576.11560	1534	18.6890
ERR13927576.11561	1565	16.1827
ERR13927576.11562	1502	17.3429
ERR13927576.11563	1163	19.0301
ERR13927576.11564	1559	17.1796
ERR13927576.11565	1505	17.1176
ERR13927576.11566	1561	18.0577
ERR13927576.11567	1557	17.4284
ERR13927576.11568	1543	15.2223
ERR13927576.11569	1524	15.7152
ERR13927576.11570	1571	15.2915
ERR13927576.11571	1551	15.5377
ERR13927576.11572	1575	19.3117
ERR13927576.11573	1563	19.5867
ERR13927576.11574	1531	14.6453
ERR13927576.11575	1258	16.1844
ERR13927576.11576	1564	17.4220
ERR13927576.11577	1557	16.6583
ERR13927576.11578	1666	14.5042
ERR13927576.11579	1560	14.9641
ERR13927576.11580	1591	17.9648
ERR13927576.11581	1535	15.4143
ERR13927576.11582	1567	18.6892
ERR13927576.11583	1511	14.6506
ERR13927576.11584	1579	18.0342
ERR13927576.11585	1528	15.7304
ERR13927576.11586	1559	18.2001
ERR13927576.11587	1558	16.4846
ERR13927576.11588	1561	15.3626
ERR13927576.11589	1556	15.0739
ERR13927576.11590	1459	16.5751
ERR13927576.11591	1601	16.8251
ERR13927576.11592	1558	17.9929
ERR13927576.11593	1589	16.2895
ERR13927576.11594	1553	18.1616
ERR13927576.11595	1535	15.4039
ERR13927576.11596	1559	17.1026
ERR13927576.11597	1505	14.9734
ERR13927576.11598	1583	15.9880
ERR13927576.11599	1544	15.2513
ERR13927576.11600	1143	17.6850
ERR13927576.11601	1591	16.6266
ERR13927576.11602	1519	14.5793
ERR13927576.11603	1564	17.4731
ERR13927576.11604	1542	15.4351
ERR13927576.11605	1538	17.5813
ERR13927576.11606	1552	16.6907
ERR13927576.11607	1589	19.3096
ERR13927576.11608	1583	18.8926
ERR13927576.11609	1537	17.0631
ERR13927576.11610	1570	16.8745
ERR13927576.11611	1525	16.3541
ERR13927576.11612	1482	14.7308
ERR13927576.11613	1519	15.3167
ERR13927576.11614	1566	19.3544
ERR13927576.11615	1568	16.7927
ERR13927576.11616	1597	15.1246
ERR13927576.11617	1534	15.5828
ERR13927576.11618	1550	17.9194
ERR13927576.11619	1541	18.9682
ERR13927576.11620	1577	15.2594
ERR13927576.11621	1522	16.9947
ERR13927576.11622	1562	18.4789
ERR13927576.11623	1593	17.7031
ERR13927576.11624	1540	15.7695
ERR13927576.11625	1568	18.9107
ERR13927576.11626	1600	16.7787
ERR13927576.11627	1547	18.1900
ERR13927576.11628	1584	15.2740
ERR13927576.11629	1574	17.3831
ERR13927576.11630	1550	18.6032
ERR13927576.11631	1567	15.8666
ERR13927576.11632	1599	16.1551
ERR13927576.11633	1559	19.1758
ERR13927576.11634	1574	18.1480
ERR13927576.11635	1531	18.5591
ERR13927576.11636	1564	18.0486
ERR13927576.11637	1607	16.6017
ERR13927576.11638	1521	15.9402
ERR13927576.11639	1564	17.3382
ERR13927576.11640	1281	16.3255
ERR13927576.11641	1488	15.8716
ERR13927576.11642	1569	19.0376
ERR13927576.11643	1548	14.6253
ERR13927576.11644	1561	16.3619
ERR13927576.11645	1538	16.3927
ERR13927576.11646	1565	17.9623
ERR13927576.11647	1264	18.7358
ERR13927576.11648	1518	15.5922
ERR13927576.11649	1055	18.5062
ERR13927576.11650	1539	16.0039
ERR13927576.11651	1559	17.4336
ERR13927576.11652	1608	17.1387
ERR13927576.11653	1570	18.6210
ERR13927576.11654	1552	16.3827
ERR13927576.11655	1555	16.4559
ERR13927576.11656	1553	17.2782
ERR13927576.11657	1541	18.5548
ERR13927576.11658	1563	17.4101
ERR13927576.11659	1543	17.7310
ERR13927576.11660	304	16.4309
ERR13927576.11661	1547	17.8177
ERR13927576.11662	1565	15.7681
ERR13927576.11663	1520	15.5079
ERR13927576.11664	1594	17.8507
ERR13927576.11665	1594	16.5954
ERR13927576.11666	1564	17.6451
ERR13927576.11667	1559	14.9474
ERR13927576.11668	1581	17.6996
ERR13927576.11669	1571	22.6123
ERR13927576.11670	1570	19.0930
ERR13927576.11671	1549	20.8141
ERR13927576.11672	1539	16.4561
ERR13927576.11673	1616	15.4486
ERR13927576.11674	1570	15.6484
ERR13927576.11675	1540	16.5532
ERR13927576.11676	1547	15.6891
ERR13927576.11677	1561	16.8155
ERR13927576.11678	1521	18.8067
ERR13927576.11679	1558	15.5315
ERR13927576.11680	1529	15.3205
ERR13927576.11681	1492	15.0114
ERR13927576.11682	1541	19.6541
ERR13927576.11683	1548	17.1680
ERR13927576.11684	1545	18.5159
ERR13927576.11685	1468	15.9741
ERR13927576.11686	1577	17.3164
ERR13927576.11687	1602	15.6554
ERR13927576.11688	1538	15.9870
ERR13927576.11689	1571	16.3603
ERR13927576.11690	1570	17.4758
ERR13927576.11691	1556	18.5084
ERR13927576.11692	1269	16.2931
ERR13927576.11693	1564	16.4974
ERR13927576.11694	1572	17.4816
ERR13927576.11695	1469	14.3022
ERR13927576.11696	1556	15.9666
ERR13927576.11697	1543	13.9430
ERR13927576.11698	222	12.7658
ERR13927576.11699	1548	18.6298
ERR13927576.11700	1593	19.8782
ERR13927576.11701	1557	18.4438
ERR13927576.11702	1523	15.3578
ERR13927576.11703	1591	18.0610
ERR13927576.11704	1551	16.2456
ERR13927576.11705	1553	16.4701
ERR13927576.11706	1527	15.2665
ERR13927576.11707	1566	16.9751
ERR13927576.11708	1582	15.4020
ERR13927576.11709	1550	16.9987
ERR13927576.11710	1498	16.0000
ERR13927576.11711	1533	14.7828
ERR13927576.11712	1587	17.4285
ERR13927576.11713	1577	17.6588
ERR13927576.11714	1595	16.1241
ERR13927576.11715	1594	17.3645
ERR13927576.11716	1497	19.3981
ERR13927576.11717	1558	15.5321
ERR13927576.11718	1576	18.9410
ERR13927576.11719	1549	18.9806
ERR13927576.11720	1570	19.3325
ERR13927576.11721	1572	17.4205
ERR13927576.11722	1564	17.3951
ERR13927576.11723	1574	16.6321
ERR13927576.11724	1564	16.0556
ERR13927576.11725	1559	21.0160
ERR13927576.11726	1581	18.8514
ERR13927576.11727	1334	18.5877
ERR13927576.11728	1536	18.1328
ERR13927576.11729	1518	15.3004
ERR13927576.11730	1577	17.8053
ERR13927576.11731	1535	14.5694
ERR13927576.11732	1565	16.6256
ERR13927576.11733	1578	18.2902
ERR13927576.11734	1522	16.0440
ERR13927576.11735	1540	14.7039
ERR13927576.11736	1546	15.5317
ERR13927576.11737	1564	16.3555
ERR13927576.11738	1561	16.4331
ERR13927576.11739	1606	18.3493
ERR13927576.11740	1627	18.1328
ERR13927576.11741	1560	18.0654
ERR13927576.11742	1555	18.7486
ERR13927576.11743	1585	19.4372
ERR13927576.11744	1551	15.8769
ERR13927576.11745	1463	14.1866
ERR13927576.11746	1539	17.7193
ERR13927576.11747	1541	16.1733
ERR13927576.11748	1569	16.3576
ERR13927576.11749	1579	21.1932
ERR13927576.11750	1539	16.8109
ERR13927576.11751	1571	18.7206
ERR13927576.11752	1542	16.4572
ERR13927576.11753	1565	17.6927
ERR13927576.11754	1529	15.4186
ERR13927576.11755	1405	14.9125
ERR13927576.11756	1480	14.6027
ERR13927576.11757	1573	20.5111
ERR13927576.11758	1532	16.7755
ERR13927576.11759	1565	18.2300
ERR13927576.11760	1546	15.8021
ERR13927576.11761	1530	16.3144
ERR13927576.11762	1566	16.2305
ERR13927576.11763	1545	16.0382
ERR13927576.11764	1573	17.2715
ERR13927576.11765	1541	16.5256
ERR13927576.11766	1595	21.4752
ERR13927576.11767	1541	14.9942
ERR13927576.11768	1564	17.4770
ERR13927576.11769	1550	17.2845
ERR13927576.11770	1589	16.8188
ERR13927576.11771	212	13.8915
ERR13927576.11772	1550	14.3090
ERR13927576.11773	1574	16.7020
ERR13927576.11774	1522	16.5204
ERR13927576.11775	1568	18.6703
ERR13927576.11776	1574	16.9759
ERR13927576.11777	1595	15.1486
ERR13927576.11778	1598	14.5319
ERR13927576.11779	1563	17.0352
ERR13927576.11780	1546	20.1889
ERR13927576.11781	1561	17.2082
ERR13927576.11782	1583	16.6715
ERR13927576.11783	1557	18.7264
ERR13927576.11784	1564	18.4265
ERR13927576.11785	1570	17.4535
ERR13927576.11786	1566	16.7069
ERR13927576.11787	1551	16.8156
ERR13927576.11788	1601	15.7570
ERR13927576.11789	1512	16.7632
ERR13927576.11790	1556	16.7185
ERR13927576.11791	1549	15.4267
ERR13927576.11792	1517	15.3777
ERR13927576.11793	1540	15.9682
ERR13927576.11794	1515	16.4429
ERR13927576.11795	1585	18.1312
ERR13927576.11796	1597	17.3006
ERR13927576.11797	1539	14.9656
ERR13927576.11798	1555	18.5826
ERR13927576.11799	1567	17.7473
ERR13927576.11800	1595	17.3122
ERR13927576.11801	1581	17.5794
ERR13927576.11802	1348	19.5445
ERR13927576.11803	1617	17.1528
ERR13927576.11804	1514	17.4690
ERR13927576.11805	1542	15.3022
ERR13927576.11806	1529	15.4650
ERR13927576.11807	1550	16.2858
ERR13927576.11808	1495	14.9151
ERR13927576.11809	1553	18.7630
ERR13927576.11810	1555	17.5177
ERR13927576.11811	1572	16.4491
ERR13927576.11812	1303	18.0698
ERR13927576.11813	1506	15.0066
ERR13927576.11814	1563	16.1120
ERR13927576.11815	1577	16.5174
ERR13927576.11816	1605	18.3514
ERR13927576.11817	1530	15.1850
ERR13927576.11818	1549	16.3919
ERR13927576.11819	1500	21.2260
ERR13927576.11820	1560	20.4288
ERR13927576.11821	1556	17.8413
ERR13927576.11822	1539	16.0637
ERR13927576.11823	1573	16.8150
ERR13927576.11824	1565	16.1431
ERR13927576.11825	1542	15.9040
ERR13927576.11826	1523	14.6934
ERR13927576.11827	1586	18.2453
ERR13927576.11828	1601	16.2680
ERR13927576.11829	1578	18.7845
ERR13927576.11830	1548	16.7972
ERR13927576.11831	1609	16.0814
ERR13927576.11832	1547	16.8571
ERR13927576.11833	1564	16.0729
ERR13927576.11834	1538	16.2997
ERR13927576.11835	1592	18.0710
ERR13927576.11836	1556	16.0251
ERR13927576.11837	1550	15.4413
ERR13927576.11838	1585	15.9533
ERR13927576.11839	1599	17.5816
ERR13927576.11840	1560	18.0090
ERR13927576.11841	1570	16.4643
ERR13927576.11842	1547	14.9903
ERR13927576.11843	1583	17.1068
ERR13927576.11844	1510	16.8974
ERR13927576.11845	1539	17.6433
ERR13927576.11846	1562	15.3015
ERR13927576.11847	1553	16.8165
ERR13927576.11848	1570	16.7936
ERR13927576.11849	1586	16.2629
ERR13927576.11850	1552	14.6843
ERR13927576.11851	1591	18.6543
ERR13927576.11852	1551	14.3701
ERR13927576.11853	1582	16.1877
ERR13927576.11854	1534	16.3168
ERR13927576.11855	1606	17.7242
ERR13927576.11856	1548	15.4832
ERR13927576.11857	1557	17.2068
ERR13927576.11858	1547	17.2288
ERR13927576.11859	2998	17.1875
ERR13927576.11860	1570	16.7662
ERR13927576.11861	1549	15.6675
ERR13927576.11862	1504	16.2101
ERR13927576.11863	1546	17.2840
ERR13927576.11864	1583	15.8667
ERR13927576.11865	1593	19.5009
ERR13927576.11866	1540	14.5948
ERR13927576.11867	1560	16.6712
ERR13927576.11868	1537	16.3793
ERR13927576.11869	1576	16.0482
ERR13927576.11870	1581	17.0557
ERR13927576.11871	1603	14.6850
ERR13927576.11872	1526	15.6009
ERR13927576.11873	1546	15.1442
ERR13927576.11874	1541	16.0260
ERR13927576.11875	1530	16.0542
ERR13927576.11876	1555	16.2084
ERR13927576.11877	1561	16.9430
ERR13927576.11878	1588	18.1612
ERR13927576.11879	1599	23.2370
ERR13927576.11880	1564	14.9540
ERR13927576.11881	1559	16.2405
ERR13927576.11882	1590	20.5975
ERR13927576.11883	1572	15.1578
ERR13927576.11884	1514	16.1896
ERR13927576.11885	1587	17.0762
ERR13927576.11886	1561	18.4824
ERR13927576.11887	1590	16.8579
ERR13927576.11888	1643	18.0858
ERR13927576.11889	1511	16.7300
ERR13927576.11890	1569	18.8917
ERR13927576.11891	1569	15.8987
ERR13927576.11892	1584	14.1900
ERR13927576.11893	1568	16.1384
ERR13927576.11894	1567	16.0255
ERR13927576.11895	1526	14.0400
ERR13927576.11896	1563	16.2546
ERR13927576.11897	1560	17.7987
ERR13927576.11898	1559	18.4958
ERR13927576.11899	1582	17.5563
ERR13927576.11900	1574	17.1576
ERR13927576.11901	1522	14.7444
ERR13927576.11902	1541	18.7826
ERR13927576.11903	1572	17.0573
ERR13927576.11904	1578	16.3733
ERR13927576.11905	1568	17.8673
ERR13927576.11906	1572	17.3461
ERR13927576.11907	1560	17.4353
ERR13927576.11908	1562	16.1325
ERR13927576.11909	1526	16.5963
ERR13927576.11910	1572	19.8511
ERR13927576.11911	1565	16.1911
ERR13927576.11912	1560	15.6718
ERR13927576.11913	1561	17.4356
ERR13927576.11914	1476	15.6775
ERR13927576.11915	1525	15.3593
ERR13927576.11916	1534	14.9224
ERR13927576.11917	1574	17.6836
ERR13927576.11918	1509	15.7276
ERR13927576.11919	1591	17.4771
ERR13927576.11920	874	15.0057
ERR13927576.11921	1529	16.2675
ERR13927576.11922	1572	15.9491
ERR13927576.11923	1553	16.0934
ERR13927576.11924	1536	17.7135
ERR13927576.11925	1558	15.2125
ERR13927576.11926	1534	17.5854
ERR13927576.11927	1560	17.3596
ERR13927576.11928	1572	17.4211
ERR13927576.11929	1533	17.7169
ERR13927576.11930	1534	17.1714
ERR13927576.11931	1608	16.3290
ERR13927576.11932	1549	17.2266
ERR13927576.11933	1535	14.6632
ERR13927576.11934	1514	14.6823
ERR13927576.11935	1544	16.0518
ERR13927576.11936	1572	15.7869
ERR13927576.11937	1557	17.0822
ERR13927576.11938	1562	14.4738
ERR13927576.11939	1589	17.5286
ERR13927576.11940	1561	17.5003
ERR13927576.11941	1572	18.0503
ERR13927576.11942	1565	16.5827
ERR13927576.11943	1616	17.2215
ERR13927576.11944	1585	18.5514
ERR13927576.11945	591	23.0203
ERR13927576.11946	1564	16.1611
ERR13927576.11947	1574	18.7103
ERR13927576.11948	1533	18.4853
ERR13927576.11949	1580	18.9272
ERR13927576.11950	1545	15.5819
ERR13927576.11951	1576	17.0349
ERR13927576.11952	1548	16.6370
ERR13927576.11953	1567	16.7135
ERR13927576.11954	1562	17.8912
ERR13927576.11955	1576	14.6091
ERR13927576.11956	1547	15.5417
ERR13927576.11957	1474	13.7666
ERR13927576.11958	1583	17.9886
ERR13927576.11959	1546	17.4502
ERR13927576.11960	1595	18.3285
ERR13927576.11961	1534	18.0587
ERR13927576.11962	1543	15.0655
ERR13927576.11963	1561	16.2120
ERR13927576.11964	1548	18.5898
ERR13927576.11965	1570	16.9115
ERR13927576.11966	1600	16.8050
ERR13927576.11967	1562	17.7958
ERR13927576.11968	1549	22.3641
ERR13927576.11969	1559	19.1482
ERR13927576.11970	1564	21.9712
ERR13927576.11971	1527	15.8350
ERR13927576.11972	1545	17.5631
ERR13927576.11973	1555	16.0257
ERR13927576.11974	1581	17.3624
ERR13927576.11975	1560	15.8968
ERR13927576.11976	1523	17.9921
ERR13927576.11977	773	14.5925
ERR13927576.11978	1556	16.4878
ERR13927576.11979	1560	18.7263
ERR13927576.11980	1566	15.6252
ERR13927576.11981	1557	15.7643
ERR13927576.11982	1558	17.6110
ERR13927576.11983	1568	17.3546
ERR13927576.11984	1544	17.6133
ERR13927576.11985	1501	15.8934
ERR13927576.11986	1550	17.6232
ERR13927576.11987	1584	16.8220
ERR13927576.11988	1582	15.6896
ERR13927576.11989	1554	14.8925
ERR13927576.11990	1564	18.1573
ERR13927576.11991	1055	16.8190
ERR13927576.11992	1595	16.5636
ERR13927576.11993	1552	15.2912
ERR13927576.11994	1565	15.8990
ERR13927576.11995	1551	17.6409
ERR13927576.11996	1570	15.6178
ERR13927576.11997	1578	16.7548
ERR13927576.11998	1571	14.3240
ERR13927576.11999	1558	15.9596
ERR13927576.12000	1510	14.9662
ERR13927576.12001	1564	20.6100
ERR13927576.12002	1570	16.9293
ERR13927576.12003	1551	17.1096
ERR13927576.12004	1570	15.9796
ERR13927576.12005	1547	17.2359
ERR13927576.12006	1557	15.4361
ERR13927576.12007	1561	17.3799
ERR13927576.12008	1524	15.7972
ERR13927576.12009	1537	16.4515
ERR13927576.12010	1489	17.0275
ERR13927576.12011	1563	16.3743
ERR13927576.12012	1603	15.4292
ERR13927576.12013	1563	21.1113
ERR13927576.12014	1556	18.8413
ERR13927576.12015	1576	16.5920
ERR13927576.12016	1563	14.8656
ERR13927576.12017	1549	17.1227
ERR13927576.12018	1572	17.5579
ERR13927576.12019	1549	17.7682
ERR13927576.12020	1582	19.6941
ERR13927576.12021	1582	16.9798
ERR13927576.12022	1570	15.6280
ERR13927576.12023	1541	18.4990
ERR13927576.12024	1588	16.1398
ERR13927576.12025	1569	16.0427
ERR13927576.12026	1556	18.6150
ERR13927576.12027	1569	16.9777
ERR13927576.12028	1526	15.2785
ERR13927576.12029	1538	16.1782
ERR13927576.12030	1527	15.7610
ERR13927576.12031	1559	16.9442
ERR13927576.12032	1536	14.9408
ERR13927576.12033	1561	15.0442
ERR13927576.12034	1550	16.9323
ERR13927576.12035	1544	16.9391
ERR13927576.12036	1526	18.0452
ERR13927576.12037	1582	16.4678
ERR13927576.12038	1539	15.6270
ERR13927576.12039	1481	17.7502
ERR13927576.12040	1536	15.1660
ERR13927576.12041	1575	16.5854
ERR13927576.12042	1586	16.8909
ERR13927576.12043	1565	15.7840
ERR13927576.12044	1536	18.7754
ERR13927576.12045	538	16.6952
ERR13927576.12046	1552	17.9923
ERR13927576.12047	1602	16.3658
ERR13927576.12048	1554	19.0463
ERR13927576.12049	1615	17.8799
ERR13927576.12050	1554	17.2992
ERR13927576.12051	1524	16.8589
ERR13927576.12052	1557	15.9094
ERR13927576.12053	1558	16.3408
ERR13927576.12054	1578	16.9151
ERR13927576.12055	1522	16.4488
ERR13927576.12056	1587	17.4531
ERR13927576.12057	1555	17.5383
ERR13927576.12058	1558	15.4288
ERR13927576.12059	1551	16.6151
ERR13927576.12060	1580	17.3886
ERR13927576.12061	1474	14.6214
ERR13927576.12062	1489	15.5742
ERR13927576.12063	1562	16.0730
ERR13927576.12064	1571	15.7861
ERR13927576.12065	1543	16.2858
ERR13927576.12066	1580	15.6013
ERR13927576.12067	1570	14.6904
ERR13927576.12068	1574	18.1004
ERR13927576.12069	1539	17.8200
ERR13927576.12070	1570	15.9701
ERR13927576.12071	1531	18.5826
ERR13927576.12072	1526	16.9522
ERR13927576.12073	1545	17.0757
ERR13927576.12074	1578	15.3726
ERR13927576.12075	1550	16.6961
ERR13927576.12076	1544	14.1425
ERR13927576.12077	1600	18.1769
ERR13927576.12078	1590	17.5296
ERR13927576.12079	1545	18.7003
ERR13927576.12080	1542	15.6744
ERR13927576.12081	1466	16.4181
ERR13927576.12082	1598	18.6677
ERR13927576.12083	1561	15.5471
ERR13927576.12084	1560	16.7224
ERR13927576.12085	1538	17.3309
ERR13927576.12086	1555	14.2264
ERR13927576.12087	1575	17.2229
ERR13927576.12088	1558	18.5610
ERR13927576.12089	1550	16.5019
ERR13927576.12090	1545	15.9793
ERR13927576.12091	1536	16.6732
ERR13927576.12092	1532	15.4980
ERR13927576.12093	1576	16.3414
ERR13927576.12094	1532	15.4804
ERR13927576.12095	1553	19.8571
ERR13927576.12096	1590	19.0843
ERR13927576.12097	1515	15.5868
ERR13927576.12098	1497	19.8510
ERR13927576.12099	1560	17.1942
ERR13927576.12100	1539	17.5276
ERR13927576.12101	1555	16.2907
ERR13927576.12102	1557	17.5267
ERR13927576.12103	1588	17.9836
ERR13927576.12104	1550	17.2723
ERR13927576.12105	1504	14.1589
ERR13927576.12106	1539	18.4100
ERR13927576.12107	1554	15.5161
ERR13927576.12108	1562	19.2439
ERR13927576.12109	1545	14.4388
ERR13927576.12110	1568	16.5925
ERR13927576.12111	1501	15.6842
ERR13927576.12112	1554	18.9241
ERR13927576.12113	1495	14.8355
ERR13927576.12114	1528	15.5327
ERR13927576.12115	1548	18.2681
ERR13927576.12116	1547	17.8216
ERR13927576.12117	1571	16.4946
ERR13927576.12118	1566	16.5038
ERR13927576.12119	1578	17.4379
ERR13927576.12120	1567	18.2399
ERR13927576.12121	1514	13.8930
ERR13927576.12122	1546	18.3008
ERR13927576.12123	1571	18.1700
ERR13927576.12124	1530	13.8837
ERR13927576.12125	1565	18.0665
ERR13927576.12126	1575	18.4711
ERR13927576.12127	1524	16.1201
ERR13927576.12128	1546	17.1669
ERR13927576.12129	1566	15.3084
ERR13927576.12130	1570	18.8834
ERR13927576.12131	1550	18.1123
ERR13927576.12132	1550	17.7729
ERR13927576.12133	1604	17.0299
ERR13927576.12134	1529	16.4336
ERR13927576.12135	1567	18.1487
ERR13927576.12136	1565	16.0345
ERR13927576.12137	1553	15.6961
ERR13927576.12138	1597	15.4565
ERR13927576.12139	1573	14.6573
ERR13927576.12140	1571	16.5130
ERR13927576.12141	1523	16.0289
ERR13927576.12142	1542	15.1038
ERR13927576.12143	1598	17.6752
ERR13927576.12144	1574	15.7071
ERR13927576.12145	1559	18.5491
ERR13927576.12146	1575	20.2108
ERR13927576.12147	1552	16.3956
ERR13927576.12148	1577	15.4547
ERR13927576.12149	1399	15.3259
ERR13927576.12150	1521	15.9066
ERR13927576.12151	1553	15.6220
ERR13927576.12152	1538	17.8394
ERR13927576.12153	1568	15.8450
ERR13927576.12154	1527	15.2600
ERR13927576.12155	1601	17.5821
ERR13927576.12156	1551	19.2876
ERR13927576.12157	1524	18.8301
ERR13927576.12158	1536	16.9863
ERR13927576.12159	1562	17.7586
ERR13927576.12160	1493	17.1413
ERR13927576.12161	450	16.8733
ERR13927576.12162	1606	17.5299
ERR13927576.12163	1565	20.8198
ERR13927576.12164	1520	16.7243
ERR13927576.12165	1557	15.4823
ERR13927576.12166	1560	17.3051
ERR13927576.12167	1533	14.8421
ERR13927576.12168	1557	20.9287
ERR13927576.12169	1569	18.7929
ERR13927576.12170	1552	17.5644
ERR13927576.12171	1525	15.9292
ERR13927576.12172	1545	14.8537
ERR13927576.12173	1555	18.7466
ERR13927576.12174	634	19.6356
ERR13927576.12175	1563	18.0883
ERR13927576.12176	1570	16.4363
ERR13927576.12177	1568	18.2430
ERR13927576.12178	1572	16.4898
ERR13927576.12179	1413	14.8790
ERR13927576.12180	1570	15.6038
ERR13927576.12181	1560	15.0827
ERR13927576.12182	1590	18.9314
ERR13927576.12183	1536	16.5150
ERR13927576.12184	1535	15.1661
ERR13927576.12185	1566	17.4891
ERR13927576.12186	1600	17.3975
ERR13927576.12187	1573	16.1545
ERR13927576.12188	1524	17.9075
ERR13927576.12189	1573	18.2715
ERR13927576.12190	1516	16.9485
ERR13927576.12191	1482	14.7092
ERR13927576.12192	1559	17.4715
ERR13927576.12193	1549	14.3609
ERR13927576.12194	1579	16.1970
ERR13927576.12195	1581	13.6920
ERR13927576.12196	1535	16.1479
ERR13927576.12197	1546	15.6171
ERR13927576.12198	1558	16.3646
ERR13927576.12199	1581	16.8381
ERR13927576.12200	1542	17.6939
ERR13927576.12201	1550	13.8406
ERR13927576.12202	1601	14.7933
ERR13927576.12203	1527	17.4034
ERR13927576.12204	1526	18.5865
ERR13927576.12205	1489	16.7488
ERR13927576.12206	1571	17.6665
ERR13927576.12207	1568	17.8048
ERR13927576.12208	1433	15.9574
ERR13927576.12209	1573	17.9415
ERR13927576.12210	1572	19.3111
ERR13927576.12211	1541	18.1577
ERR13927576.12212	1570	16.1255
ERR13927576.12213	1568	19.5096
ERR13927576.12214	1541	15.7865
ERR13927576.12215	1571	19.9179
ERR13927576.12216	1560	16.6744
ERR13927576.12217	1541	16.8559
ERR13927576.12218	1560	16.1167
ERR13927576.12219	1552	15.8254
ERR13927576.12220	1537	15.6389
ERR13927576.12221	1522	15.0013
ERR13927576.12222	1565	17.2300
ERR13927576.12223	1509	14.9609
ERR13927576.12224	1562	16.9763
ERR13927576.12225	1577	16.2175
ERR13927576.12226	1569	17.5672
ERR13927576.12227	1573	16.2352
ERR13927576.12228	1564	17.5844
ERR13927576.12229	1531	17.6094
ERR13927576.12230	1578	15.6667
ERR13927576.12231	228	17.7544
ERR13927576.12232	1567	18.9809
ERR13927576.12233	1583	20.1453
ERR13927576.12234	1547	17.8009
ERR13927576.12235	1584	19.1787
ERR13927576.12236	1580	16.4006
ERR13927576.12237	1568	18.2602
ERR13927576.12238	1548	16.1854
ERR13927576.12239	1543	17.0778
ERR13927576.12240	1600	17.5394
ERR13927576.12241	1548	15.2351
ERR13927576.12242	1570	17.8688
ERR13927576.12243	1558	20.2375
ERR13927576.12244	1541	16.6879
ERR13927576.12245	1526	17.2936
ERR13927576.12246	1539	15.0013
ERR13927576.12247	1557	18.8805
ERR13927576.12248	1500	17.4693
ERR13927576.12249	1575	15.5670
ERR13927576.12250	1540	14.8851
ERR13927576.12251	1551	18.2824
ERR13927576.12252	1572	18.0528
ERR13927576.12253	1542	17.7477
ERR13927576.12254	1557	16.6288
ERR13927576.12255	1577	17.8205
ERR13927576.12256	1580	16.4285
ERR13927576.12257	1583	16.1453
ERR13927576.12258	1574	16.3571
ERR13927576.12259	1554	17.5135
ERR13927576.12260	1575	16.7638
ERR13927576.12261	1512	15.8896
ERR13927576.12262	1553	18.8841
ERR13927576.12263	1536	14.9915
ERR13927576.12264	1542	14.0000
ERR13927576.12265	1572	15.5324
ERR13927576.12266	1578	14.8923
ERR13927576.12267	1548	17.3501
ERR13927576.12268	1520	14.9572
ERR13927576.12269	1559	16.4112
ERR13927576.12270	1575	16.9454
ERR13927576.12271	1604	16.3136
ERR13927576.12272	1536	15.2096
ERR13927576.12273	1578	17.7300
ERR13927576.12274	1527	17.0393
ERR13927576.12275	1559	17.4394
ERR13927576.12276	1559	15.4824
ERR13927576.12277	1529	16.3748
ERR13927576.12278	1543	17.3033
ERR13927576.12279	1407	14.2822
ERR13927576.12280	1530	16.7242
ERR13927576.12281	1558	18.9166
ERR13927576.12282	1536	15.7585
ERR13927576.12283	1530	14.4987
ERR13927576.12284	1553	18.9221
ERR13927576.12285	1573	15.0216
ERR13927576.12286	1561	16.4817
ERR13927576.12287	1590	14.8245
ERR13927576.12288	1575	16.4514
ERR13927576.12289	1477	14.7481
ERR13927576.12290	1542	14.7464
ERR13927576.12291	1592	16.5025
ERR13927576.12292	1559	16.6825
ERR13927576.12293	1525	15.7259
ERR13927576.12294	1556	19.6228
ERR13927576.12295	1535	16.3772
ERR13927576.12296	1390	16.9410
ERR13927576.12297	1572	15.5636
ERR13927576.12298	1573	17.1939
ERR13927576.12299	1555	19.7260
ERR13927576.12300	1572	19.3022
ERR13927576.12301	1563	23.5112
ERR13927576.12302	1536	17.6543
ERR13927576.12303	1563	14.3090
ERR13927576.12304	1623	14.9230
ERR13927576.12305	1547	16.9056
ERR13927576.12306	1558	15.8132
ERR13927576.12307	1566	18.8519
ERR13927576.12308	243	16.2510
ERR13927576.12309	1571	17.6919
ERR13927576.12310	1543	16.4096
ERR13927576.12311	1571	17.3068
ERR13927576.12312	1578	14.8663
ERR13927576.12313	1564	17.3408
ERR13927576.12314	1584	16.3258
ERR13927576.12315	1562	17.5115
ERR13927576.12316	1569	15.2639
ERR13927576.12317	1015	18.8463
ERR13927576.12318	1558	17.1688
ERR13927576.12319	1581	18.9469
ERR13927576.12320	1584	17.0896
ERR13927576.12321	1521	17.4977
ERR13927576.12322	1531	18.1666
ERR13927576.12323	1552	15.8834
ERR13927576.12324	1523	17.7603
ERR13927576.12325	1569	18.0663
ERR13927576.12326	1571	16.7428
ERR13927576.12327	1547	16.8016
ERR13927576.12328	1530	16.4608
ERR13927576.12329	1573	16.0000
ERR13927576.12330	1586	14.9117
ERR13927576.12331	1372	16.0860
ERR13927576.12332	1562	15.6216
ERR13927576.12333	1605	17.5165
ERR13927576.12334	1510	15.6099
ERR13927576.12335	1592	15.1608
ERR13927576.12336	1576	16.6377
ERR13927576.12337	1562	17.3662
ERR13927576.12338	1508	15.9363
ERR13927576.12339	1289	15.4313
ERR13927576.12340	1598	19.0426
ERR13927576.12341	1548	15.9832
ERR13927576.12342	1582	19.1315
ERR13927576.12343	1537	15.9837
ERR13927576.12344	1560	21.0263
ERR13927576.12345	1641	18.9055
ERR13927576.12346	1561	17.0993
ERR13927576.12347	1551	15.0490
ERR13927576.12348	1574	17.4930
ERR13927576.12349	3187	16.5751
ERR13927576.12350	1501	17.1559
ERR13927576.12351	1512	18.0225
ERR13927576.12352	1579	21.8860
ERR13927576.12353	1545	18.6893
ERR13927576.12354	1562	16.8688
ERR13927576.12355	1552	16.1959
ERR13927576.12356	1558	19.5096
ERR13927576.12357	1552	20.3383
ERR13927576.12358	1574	14.9517
ERR13927576.12359	1523	15.6146
ERR13927576.12360	1551	15.9562
ERR13927576.12361	1555	17.0232
ERR13927576.12362	1577	17.7229
ERR13927576.12363	1566	18.3416
ERR13927576.12364	1537	16.6233
ERR13927576.12365	1528	17.4051
ERR13927576.12366	1565	16.2339
ERR13927576.12367	1551	15.2772
ERR13927576.12368	1549	17.6462
ERR13927576.12369	1581	15.8033
ERR13927576.12370	1564	19.0786
ERR13927576.12371	1555	19.1119
ERR13927576.12372	1564	16.5627
ERR13927576.12373	1592	15.4466
ERR13927576.12374	493	16.1947
ERR13927576.12375	1589	16.5828
ERR13927576.12376	1507	17.6092
ERR13927576.12377	1570	16.2548
ERR13927576.12378	1549	18.4254
ERR13927576.12379	1479	16.9905
ERR13927576.12380	1548	17.1124
ERR13927576.12381	891	18.0932
ERR13927576.12382	1588	16.6656
ERR13927576.12383	1574	18.8755
ERR13927576.12384	1553	17.4050
ERR13927576.12385	1584	14.9129
ERR13927576.12386	1571	18.7486
ERR13927576.12387	1593	16.3691
ERR13927576.12388	1564	18.0723
ERR13927576.12389	1576	14.7995
ERR13927576.12390	1590	16.3987
ERR13927576.12391	1547	16.7576
ERR13927576.12392	1583	17.9634
ERR13927576.12393	1483	16.9299
ERR13927576.12394	1592	16.6746
ERR13927576.12395	1479	15.5396
ERR13927576.12396	1588	19.7393
ERR13927576.12397	1510	16.9960
ERR13927576.12398	1538	16.9837
ERR13927576.12399	1539	16.9285
ERR13927576.12400	555	16.7063
ERR13927576.12401	1558	17.0116
ERR13927576.12402	1565	17.0243
ERR13927576.12403	1515	15.2871
ERR13927576.12404	1598	16.9637
ERR13927576.12405	1544	16.4028
ERR13927576.12406	1564	18.4444
ERR13927576.12407	1537	14.7872
ERR13927576.12408	1544	18.1295
ERR13927576.12409	1552	16.1205
ERR13927576.12410	1534	15.6395
ERR13927576.12411	1578	14.7947
ERR13927576.12412	1558	15.3344
ERR13927576.12413	1549	19.4396
ERR13927576.12414	1564	17.0473
ERR13927576.12415	1582	16.1997
ERR13927576.12416	1577	15.6576
ERR13927576.12417	1607	16.9732
ERR13927576.12418	1548	15.8191
ERR13927576.12419	1578	16.5203
ERR13927576.12420	3109	16.1644
ERR13927576.12421	1562	17.0935
ERR13927576.12422	1579	17.6941
ERR13927576.12423	1568	16.5268
ERR13927576.12424	1549	16.3725
ERR13927576.12425	1556	16.3470
ERR13927576.12426	1559	18.4259
ERR13927576.12427	1565	17.1534
ERR13927576.12428	1532	17.5352
ERR13927576.12429	1561	19.2101
ERR13927576.12430	1552	21.9427
ERR13927576.12431	1556	15.7371
ERR13927576.12432	1622	18.1850
ERR13927576.12433	685	16.9139
ERR13927576.12434	1526	14.1062
ERR13927576.12435	1515	16.1736
ERR13927576.12436	1562	16.8118
ERR13927576.12437	1553	14.7714
ERR13927576.12438	1567	17.6981
ERR13927576.12439	1552	19.6424
ERR13927576.12440	1603	16.0274
ERR13927576.12441	1509	17.4294
ERR13927576.12442	1511	14.1794
ERR13927576.12443	1572	16.7373
ERR13927576.12444	1559	18.9031
ERR13927576.12445	1555	18.0733
ERR13927576.12446	1558	15.7972
ERR13927576.12447	1576	17.9829
ERR13927576.12448	1587	17.2659
ERR13927576.12449	1564	17.2864
ERR13927576.12450	1597	17.7445
ERR13927576.12451	1571	18.6149
ERR13927576.12452	1571	17.2521
ERR13927576.12453	1515	19.5604
ERR13927576.12454	1565	18.4058
ERR13927576.12455	1557	15.6949
ERR13927576.12456	1531	16.1398
ERR13927576.12457	1545	15.2809
ERR13927576.12458	1556	16.9518
ERR13927576.12459	1557	17.3038
ERR13927576.12460	1525	14.6289
ERR13927576.12461	1617	19.8262
ERR13927576.12462	1539	15.1618
ERR13927576.12463	1567	17.9643
ERR13927576.12464	1576	14.7024
ERR13927576.12465	1546	15.5647
ERR13927576.12466	1574	15.6423
ERR13927576.12467	1531	17.6440
ERR13927576.12468	674	18.0386
ERR13927576.12469	1510	19.0450
ERR13927576.12470	1569	21.3435
ERR13927576.12471	1545	19.6544
ERR13927576.12472	1533	14.8167
ERR13927576.12473	1568	16.2028
ERR13927576.12474	1571	18.1120
ERR13927576.12475	1568	18.4114
ERR13927576.12476	1494	18.3829
ERR13927576.12477	1583	18.5041
ERR13927576.12478	1552	19.1456
ERR13927576.12479	1547	17.2553
ERR13927576.12480	1577	17.5308
ERR13927576.12481	1540	14.2039
ERR13927576.12482	1564	16.3971
ERR13927576.12483	1534	14.3794
ERR13927576.12484	1576	15.6980
ERR13927576.12485	1515	16.8363
ERR13927576.12486	1567	17.2987
ERR13927576.12487	1546	17.5000
ERR13927576.12488	1565	16.7227
ERR13927576.12489	434	13.4217
ERR13927576.12490	1555	17.0315
ERR13927576.12491	1546	15.2361
ERR13927576.12492	1513	16.4375
ERR13927576.12493	1565	17.1834
ERR13927576.12494	1551	15.6015
ERR13927576.12495	1571	16.9414
ERR13927576.12496	1567	21.3497
ERR13927576.12497	1529	16.3636
ERR13927576.12498	1517	15.4034
ERR13927576.12499	1538	16.0176
ERR13927576.12500	1604	19.4370
ERR13927576.12501	1552	18.3170
ERR13927576.12502	1581	16.7982
ERR13927576.12503	1552	16.7101
ERR13927576.12504	1603	16.7243
ERR13927576.12505	1491	14.9524
ERR13927576.12506	1568	17.4158
ERR13927576.12507	1574	17.1442
ERR13927576.12508	1558	15.7741
ERR13927576.12509	1551	17.6099
ERR13927576.12510	1534	15.3292
ERR13927576.12511	1593	18.0521
ERR13927576.12512	1385	16.3639
ERR13927576.12513	1412	19.4547
ERR13927576.12514	1544	18.2506
ERR13927576.12515	1515	18.7703
ERR13927576.12516	1575	18.6692
ERR13927576.12517	1574	18.3463
ERR13927576.12518	1564	17.0876
ERR13927576.12519	1574	16.1677
ERR13927576.12520	1590	20.1333
ERR13927576.12521	1251	16.5412
ERR13927576.12522	1569	17.3008
ERR13927576.12523	1596	18.0000
ERR13927576.12524	432	15.7292
ERR13927576.12525	1553	16.7334
ERR13927576.12526	1573	17.9701
ERR13927576.12527	1572	15.8575
ERR13927576.12528	1566	15.6194
ERR13927576.12529	1549	16.3951
ERR13927576.12530	1557	13.8060
ERR13927576.12531	1410	14.9617
ERR13927576.12532	1538	17.7230
ERR13927576.12533	1567	16.0421
ERR13927576.12534	1559	13.7627
ERR13927576.12535	1593	19.2900
ERR13927576.12536	1533	15.9472
ERR13927576.12537	1546	16.3486
ERR13927576.12538	1573	15.2912
ERR13927576.12539	1595	15.8652
ERR13927576.12540	1548	15.5078
ERR13927576.12541	1511	15.8279
ERR13927576.12542	1546	16.1753
ERR13927576.12543	439	15.8679
ERR13927576.12544	1543	16.1491
ERR13927576.12545	1573	15.1144
ERR13927576.12546	304	15.0559
ERR13927576.12547	1517	17.4891
ERR13927576.12548	1579	19.6099
ERR13927576.12549	1176	18.5485
ERR13927576.12550	1604	17.2475
ERR13927576.12551	1518	16.3570
ERR13927576.12552	1554	19.3320
ERR13927576.12553	1583	19.1567
ERR13927576.12554	1568	19.7136
ERR13927576.12555	1572	16.8906
ERR13927576.12556	1563	17.7191
ERR13927576.12557	1611	15.4264
ERR13927576.12558	1527	17.7308
ERR13927576.12559	1546	14.8506
ERR13927576.12560	1589	17.0894
ERR13927576.12561	1521	17.0677
ERR13927576.12562	1555	19.3138
ERR13927576.12563	1576	15.6428
ERR13927576.12564	1550	17.4697
ERR13927576.12565	1546	16.5854
ERR13927576.12566	1582	19.3059
ERR13927576.12567	1541	16.2356
ERR13927576.12568	1556	17.5662
ERR13927576.12569	1595	18.8044
ERR13927576.12570	1564	15.6496
ERR13927576.12571	1551	18.5667
ERR13927576.12572	1832	20.6692
ERR13927576.12573	1576	19.0609
ERR13927576.12574	1588	15.2859
ERR13927576.12575	1569	17.0057
ERR13927576.12576	1513	15.9392
ERR13927576.12577	1560	17.5994
ERR13927576.12578	1586	15.9704
ERR13927576.12579	1511	14.2032
ERR13927576.12580	1577	16.2676
ERR13927576.12581	1551	14.2592
ERR13927576.12582	1486	16.6151
ERR13927576.12583	1543	16.7693
ERR13927576.12584	1577	18.8066
ERR13927576.12585	1524	17.7933
ERR13927576.12586	1573	15.1202
ERR13927576.12587	1559	15.5670
ERR13927576.12588	1630	20.0147
ERR13927576.12589	1571	18.1451
ERR13927576.12590	1564	15.5460
ERR13927576.12591	1562	15.4341
ERR13927576.12592	1565	15.7144
ERR13927576.12593	1592	16.7996
ERR13927576.12594	1553	16.9556
ERR13927576.12595	1549	17.0194
ERR13927576.12596	1563	18.3704
ERR13927576.12597	1580	24.4266
ERR13927576.12598	1539	16.7206
ERR13927576.12599	1614	18.6685
ERR13927576.12600	1567	19.6611
ERR13927576.12601	1539	17.3301
ERR13927576.12602	1565	16.4665
ERR13927576.12603	1521	17.1026
ERR13927576.12604	1558	17.2548
ERR13927576.12605	1578	17.8054
ERR13927576.12606	1514	17.3877
ERR13927576.12607	1567	14.0198
ERR13927576.12608	1565	21.1738
ERR13927576.12609	1572	14.7449
ERR13927576.12610	1517	14.4272
ERR13927576.12611	1550	17.8194
ERR13927576.12612	1578	17.9899
ERR13927576.12613	1564	16.0601
ERR13927576.12614	1501	13.8901
ERR13927576.12615	1570	15.9656
ERR13927576.12616	1578	16.3213
ERR13927576.12617	1533	18.4338
ERR13927576.12618	1540	15.7110
ERR13927576.12619	1541	17.1888
ERR13927576.12620	1536	15.3047
ERR13927576.12621	1548	15.3120
ERR13927576.12622	1598	16.1790
ERR13927576.12623	1548	18.3630
ERR13927576.12624	1614	17.8748
ERR13927576.12625	1562	20.2791
ERR13927576.12626	1556	17.0720
ERR13927576.12627	1540	15.2604
ERR13927576.12628	1543	14.7323
ERR13927576.12629	1582	19.8363
ERR13927576.12630	1555	18.1183
ERR13927576.12631	1600	15.2837
ERR13927576.12632	1570	16.5191
ERR13927576.12633	1554	14.5959
ERR13927576.12634	1562	18.6735
ERR13927576.12635	1583	15.9015
ERR13927576.12636	1569	17.5532
ERR13927576.12637	1583	16.1573
ERR13927576.12638	1553	16.5332
ERR13927576.12639	1549	15.5842
ERR13927576.12640	1582	17.2225
ERR13927576.12641	1579	19.5814
ERR13927576.12642	338	14.8550
ERR13927576.12643	1535	15.0893
ERR13927576.12644	1615	19.3090
ERR13927576.12645	1586	16.4615
ERR13927576.12646	1557	16.0276
ERR13927576.12647	1578	17.6077
ERR13927576.12648	1603	19.4099
ERR13927576.12649	1605	17.3539
ERR13927576.12650	1574	18.3513
ERR13927576.12651	1595	22.0846
ERR13927576.12652	1533	15.2635
ERR13927576.12653	1545	17.3463
ERR13927576.12654	1562	15.8374
ERR13927576.12655	1506	20.1348
ERR13927576.12656	1526	17.7844
ERR13927576.12657	1542	17.8217
ERR13927576.12658	1587	15.8796
ERR13927576.12659	1558	13.9140
ERR13927576.12660	1571	15.1680
ERR13927576.12661	1592	16.0898
ERR13927576.12662	1574	17.8850
ERR13927576.12663	1562	15.0070
ERR13927576.12664	1525	15.6990
ERR13927576.12665	1537	16.6910
ERR13927576.12666	1686	17.9715
ERR13927576.12667	1542	16.9397
ERR13927576.12668	1551	18.0593
ERR13927576.12669	1552	18.7506
ERR13927576.12670	1570	16.1452
ERR13927576.12671	1524	16.5387
ERR13927576.12672	1582	20.7124
ERR13927576.12673	1562	16.1940
ERR13927576.12674	1551	18.4907
ERR13927576.12675	1567	15.8271
ERR13927576.12676	1573	17.0648
ERR13927576.12677	1524	14.8858
ERR13927576.12678	1546	15.6171
ERR13927576.12679	1549	17.7237
ERR13927576.12680	1572	16.7519
ERR13927576.12681	1599	18.5347
ERR13927576.12682	1567	18.0434
ERR13927576.12683	1552	19.4452
ERR13927576.12684	1527	14.3936
ERR13927576.12685	1535	14.3694
ERR13927576.12686	1565	19.5489
ERR13927576.12687	1555	16.6990
ERR13927576.12688	1564	17.3772
ERR13927576.12689	1575	15.1410
ERR13927576.12690	1521	15.5536
ERR13927576.12691	1564	16.2698
ERR13927576.12692	1551	15.5519
ERR13927576.12693	1569	16.3340
ERR13927576.12694	1596	16.6322
ERR13927576.12695	1573	14.6554
ERR13927576.12696	1716	16.7739
ERR13927576.12697	1545	15.5269
ERR13927576.12698	1725	16.7484
ERR13927576.12699	1558	17.1926
ERR13927576.12700	1599	16.5922
ERR13927576.12701	1539	16.0370
ERR13927576.12702	1576	16.2310
ERR13927576.12703	1571	18.9644
ERR13927576.12704	1548	15.6221
ERR13927576.12705	1676	15.1874
ERR13927576.12706	1608	15.5715
ERR13927576.12707	1549	14.7056
ERR13927576.12708	1535	15.1349
ERR13927576.12709	1553	17.0818
ERR13927576.12710	1571	16.8390
ERR13927576.12711	1569	19.9847
ERR13927576.12712	1552	15.2539
ERR13927576.12713	1555	15.3608
ERR13927576.12714	1570	19.0038
ERR13927576.12715	1560	17.0237
ERR13927576.12716	1539	16.7290
ERR13927576.12717	1511	15.2720
ERR13927576.12718	1522	14.1084
ERR13927576.12719	1340	15.5896
ERR13927576.12720	1607	16.4910
ERR13927576.12721	1540	14.6779
ERR13927576.12722	1584	16.0051
ERR13927576.12723	1562	16.7535
ERR13927576.12724	379	17.6069
ERR13927576.12725	1544	17.3549
ERR13927576.12726	1543	15.0732
ERR13927576.12727	1554	17.9743
ERR13927576.12728	1568	17.0434
ERR13927576.12729	1525	14.6348
ERR13927576.12730	1452	15.1667
ERR13927576.12731	1531	17.1058
ERR13927576.12732	1566	17.4036
ERR13927576.12733	1495	15.1445
ERR13927576.12734	1567	15.7990
ERR13927576.12735	1581	17.6445
ERR13927576.12736	1548	20.8870
ERR13927576.12737	1567	18.7479
ERR13927576.12738	1523	16.0847
ERR13927576.12739	1562	20.0288
ERR13927576.12740	1702	17.6727
ERR13927576.12741	1549	18.4403
ERR13927576.12742	1537	17.0891
ERR13927576.12743	1496	14.9693
ERR13927576.12744	1572	18.1947
ERR13927576.12745	1507	17.8978
ERR13927576.12746	1514	15.1262
ERR13927576.12747	1552	16.8557
ERR13927576.12748	1543	14.4945
ERR13927576.12749	1579	18.0849
ERR13927576.12750	1552	19.0251
ERR13927576.12751	1564	19.1912
ERR13927576.12752	1554	17.1808
ERR13927576.12753	1542	17.9987
ERR13927576.12754	1013	16.8342
ERR13927576.12755	1568	17.4203
ERR13927576.12756	1551	18.3482
ERR13927576.12757	1594	18.6625
ERR13927576.12758	1546	15.2613
ERR13927576.12759	1567	17.7875
ERR13927576.12760	1548	16.4025
ERR13927576.12761	1468	15.7091
ERR13927576.12762	1552	17.5045
ERR13927576.12763	1416	14.3220
ERR13927576.12764	1523	14.6369
ERR13927576.12765	1571	17.3495
ERR13927576.12766	1580	19.0551
ERR13927576.12767	1552	14.9014
ERR13927576.12768	1493	15.6390
ERR13927576.12769	1591	17.4092
ERR13927576.12770	1554	16.5933
ERR13927576.12771	1579	21.1906
ERR13927576.12772	1521	14.1170
ERR13927576.12773	1536	15.1634
ERR13927576.12774	1586	16.3285
ERR13927576.12775	727	12.7221
ERR13927576.12776	1560	17.5519
ERR13927576.12777	1576	15.9105
ERR13927576.12778	1567	20.0211
ERR13927576.12779	1556	16.6022
ERR13927576.12780	1559	19.3701
ERR13927576.12781	1570	15.8968
ERR13927576.12782	1542	17.1712
ERR13927576.12783	1563	15.9168
ERR13927576.12784	1570	16.9994
ERR13927576.12785	854	16.0902
ERR13927576.12786	1557	18.9133
ERR13927576.12787	1585	19.6915
ERR13927576.12788	1602	17.1579
ERR13927576.12789	1563	17.4383
ERR13927576.12790	1573	17.9784
ERR13927576.12791	1576	18.0273
ERR13927576.12792	1559	16.1360
ERR13927576.12793	1511	18.2164
ERR13927576.12794	1533	17.3920
ERR13927576.12795	1534	16.2523
ERR13927576.12796	1546	15.9062
ERR13927576.12797	1525	17.3089
ERR13927576.12798	1565	16.8792
ERR13927576.12799	1551	19.4907
ERR13927576.12800	1572	16.9211
ERR13927576.12801	1552	15.5380
ERR13927576.12802	1567	17.3893
ERR13927576.12803	1529	16.2708
ERR13927576.12804	1547	14.8920
ERR13927576.12805	1506	15.9960
ERR13927576.12806	1550	15.4077
ERR13927576.12807	1515	13.7710
ERR13927576.12808	1565	15.8818
ERR13927576.12809	1545	15.2964
ERR13927576.12810	1555	14.9788
ERR13927576.12811	1584	17.9949
ERR13927576.12812	1536	14.7728
ERR13927576.12813	1577	16.2657
ERR13927576.12814	1598	19.5344
ERR13927576.12815	1544	15.7448
ERR13927576.12816	1614	14.2683
ERR13927576.12817	1044	20.4109
ERR13927576.12818	1550	15.5929
ERR13927576.12819	1565	18.7144
ERR13927576.12820	1598	18.2478
ERR13927576.12821	1551	16.1193
ERR13927576.12822	1564	16.6125
ERR13927576.12823	1516	16.3377
ERR13927576.12824	1559	16.7421
ERR13927576.12825	1531	16.3867
ERR13927576.12826	1564	17.6995
ERR13927576.12827	1548	15.9432
ERR13927576.12828	1534	14.7653
ERR13927576.12829	1548	16.9864
ERR13927576.12830	1549	18.0555
ERR13927576.12831	1562	16.3239
ERR13927576.12832	1573	16.9224
ERR13927576.12833	1528	16.2565
ERR13927576.12834	1584	16.6944
ERR13927576.12835	1578	17.2402
ERR13927576.12836	1558	18.7169
ERR13927576.12837	1571	18.0426
ERR13927576.12838	1583	16.9046
ERR13927576.12839	1554	15.5045
ERR13927576.12840	1644	16.1800
ERR13927576.12841	1570	19.4720
ERR13927576.12842	1532	15.6808
ERR13927576.12843	1603	17.5352
ERR13927576.12844	1574	15.9072
ERR13927576.12845	1572	17.1902
ERR13927576.12846	1599	15.4597
ERR13927576.12847	1486	16.6918
ERR13927576.12848	1505	15.5063
ERR13927576.12849	1559	15.4477
ERR13927576.12850	1502	15.9168
ERR13927576.12851	1484	17.3194
ERR13927576.12852	1551	16.0193
ERR13927576.12853	1529	17.1602
ERR13927576.12854	1570	18.0987
ERR13927576.12855	1584	17.6622
ERR13927576.12856	1551	16.0954
ERR13927576.12857	1578	15.2883
ERR13927576.12858	1571	16.3234
ERR13927576.12859	1552	15.9059
ERR13927576.12860	1564	20.0607
ERR13927576.12861	1584	16.6111
ERR13927576.12862	1551	19.3275
ERR13927576.12863	1548	17.6673
ERR13927576.12864	1559	16.9070
ERR13927576.12865	1545	16.3845
ERR13927576.12866	1549	14.9232
ERR13927576.12867	1539	15.1098
ERR13927576.12868	1577	17.5339
ERR13927576.12869	1547	15.1345
ERR13927576.12870	1563	18.1011
ERR13927576.12871	1588	19.7563
ERR13927576.12872	1543	19.1964
ERR13927576.12873	1359	15.8852
ERR13927576.12874	1549	16.0155
ERR13927576.12875	1563	16.1926
ERR13927576.12876	1605	15.1022
ERR13927576.12877	1573	16.4463
ERR13927576.12878	1541	13.7047
ERR13927576.12879	1577	18.8301
ERR13927576.12880	1533	16.3255
ERR13927576.12881	1572	16.8613
ERR13927576.12882	1566	19.9974
ERR13927576.12883	1587	14.9074
ERR13927576.12884	1572	19.4879
ERR13927576.12885	1561	18.4683
ERR13927576.12886	1536	15.7936
ERR13927576.12887	1587	18.1777
ERR13927576.12888	1576	21.3046
ERR13927576.12889	1529	16.2989
ERR13927576.12890	1541	15.1506
ERR13927576.12891	1539	15.1131
ERR13927576.12892	1515	15.5043
ERR13927576.12893	1570	17.4306
ERR13927576.12894	1561	17.7540
ERR13927576.12895	1537	14.8003
ERR13927576.12896	1593	18.1381
ERR13927576.12897	1563	18.2246
ERR13927576.12898	1578	17.0627
ERR13927576.12899	1580	19.4690
ERR13927576.12900	1552	18.9845
ERR13927576.12901	1544	17.8089
ERR13927576.12902	1533	15.4077
ERR13927576.12903	1592	14.7180
ERR13927576.12904	1562	14.5211
ERR13927576.12905	1599	16.8999
ERR13927576.12906	1565	16.5872
ERR13927576.12907	1484	15.5270
ERR13927576.12908	1519	15.4937
ERR13927576.12909	1563	16.2905
ERR13927576.12910	1551	16.0438
ERR13927576.12911	1555	17.2367
ERR13927576.12912	1553	17.5216
ERR13927576.12913	1588	14.8829
ERR13927576.12914	1569	15.8897
ERR13927576.12915	1116	14.8056
ERR13927576.12916	1518	15.3004
ERR13927576.12917	1567	18.0919
ERR13927576.12918	1583	14.9855
ERR13927576.12919	1554	18.4247
ERR13927576.12920	1601	15.6540
ERR13927576.12921	1561	17.8828
ERR13927576.12922	1546	16.2354
ERR13927576.12923	1550	14.5477
ERR13927576.12924	1542	14.6576
ERR13927576.12925	1046	16.0153
ERR13927576.12926	1571	16.9179
ERR13927576.12927	1578	20.2782
ERR13927576.12928	1549	19.1072
ERR13927576.12929	1543	16.3273
ERR13927576.12930	1531	15.5304
ERR13927576.12931	1564	17.8664
ERR13927576.12932	1573	16.2816
ERR13927576.12933	1578	18.3276
ERR13927576.12934	1268	17.2776
ERR13927576.12935	1556	16.1677
ERR13927576.12936	1574	19.3272
ERR13927576.12937	1558	15.5039
ERR13927576.12938	1553	14.7740
ERR13927576.12939	1580	19.0367
ERR13927576.12940	1561	15.5195
ERR13927576.12941	1555	17.1325
ERR13927576.12942	1569	20.6941
ERR13927576.12943	1616	18.8168
ERR13927576.12944	1541	18.3537
ERR13927576.12945	1566	18.0562
ERR13927576.12946	1596	19.8584
ERR13927576.12947	1530	17.4477
ERR13927576.12948	1579	17.4693
ERR13927576.12949	257	14.6420
ERR13927576.12950	1581	15.9013
ERR13927576.12951	1525	17.1082
ERR13927576.12952	1537	16.4841
ERR13927576.12953	1559	19.0917
ERR13927576.12954	1563	19.8202
ERR13927576.12955	1557	19.0655
ERR13927576.12956	1560	17.8987
ERR13927576.12957	1557	16.3051
ERR13927576.12958	1556	17.0398
ERR13927576.12959	1599	15.8324
ERR13927576.12960	1552	16.4485
ERR13927576.12961	1557	15.9775
ERR13927576.12962	1547	15.2741
ERR13927576.12963	1531	16.0908
ERR13927576.12964	1559	19.1636
ERR13927576.12965	1586	18.3354
ERR13927576.12966	1533	14.4468
ERR13927576.12967	1572	13.7316
ERR13927576.12968	1568	20.5810
ERR13927576.12969	3164	15.5689
ERR13927576.12970	1549	17.9703
ERR13927576.12971	1569	18.0121
ERR13927576.12972	1572	17.3352
ERR13927576.12973	1499	15.2055
ERR13927576.12974	1575	16.6248
ERR13927576.12975	1546	16.2833
ERR13927576.12976	1547	16.9444
ERR13927576.12977	1567	16.3484
ERR13927576.12978	1557	16.4483
ERR13927576.12979	1542	15.3093
ERR13927576.12980	1531	14.7949
ERR13927576.12981	1590	17.0780
ERR13927576.12982	1574	14.5699
ERR13927576.12983	1590	17.8403
ERR13927576.12984	1496	15.4739
ERR13927576.12985	1605	17.3819
ERR13927576.12986	1588	17.1530
ERR13927576.12987	1547	14.9244
ERR13927576.12988	1546	16.9056
ERR13927576.12989	1544	15.9262
ERR13927576.12990	1540	15.0792
ERR13927576.12991	1597	16.8447
ERR13927576.12992	1503	16.1291
ERR13927576.12993	1579	17.8803
ERR13927576.12994	313	16.0319
ERR13927576.12995	1515	15.4818
ERR13927576.12996	1558	15.8620
ERR13927576.12997	1554	19.6956
ERR13927576.12998	1541	18.3290
ERR13927576.12999	1557	18.2299
ERR13927576.13000	1549	16.1201
ERR13927576.13001	1515	14.6119
ERR13927576.13002	1530	17.1020
ERR13927576.13003	1577	17.1566
ERR13927576.13004	1565	16.8390
ERR13927576.13005	1542	16.7970
ERR13927576.13006	1550	16.0981
ERR13927576.13007	1559	15.5843
ERR13927576.13008	1544	15.5797
ERR13927576.13009	1594	18.3476
ERR13927576.13010	971	17.3028
ERR13927576.13011	1558	16.0205
ERR13927576.13012	1593	15.9404
ERR13927576.13013	1519	16.5708
ERR13927576.13014	1593	17.9247
ERR13927576.13015	1544	17.0149
ERR13927576.13016	1532	17.7650
ERR13927576.13017	1579	17.3331
ERR13927576.13018	1568	14.4056
ERR13927576.13019	1577	16.7178
ERR13927576.13020	1629	15.9914
ERR13927576.13021	1577	16.0361
ERR13927576.13022	1531	17.0738
ERR13927576.13023	1544	16.9009
ERR13927576.13024	1428	14.2934
ERR13927576.13025	1571	17.6569
ERR13927576.13026	1575	16.8108
ERR13927576.13027	1587	15.4411
ERR13927576.13028	1547	15.8552
ERR13927576.13029	1224	16.6168
ERR13927576.13030	1546	14.3021
ERR13927576.13031	1578	16.9030
ERR13927576.13032	678	15.5914
ERR13927576.13033	1571	14.7034
ERR13927576.13034	1575	16.2978
ERR13927576.13035	1559	17.9031
ERR13927576.13036	1548	17.3437
ERR13927576.13037	1573	15.0248
ERR13927576.13038	1544	16.8329
ERR13927576.13039	1570	14.7586
ERR13927576.13040	1547	15.7582
ERR13927576.13041	1529	17.0576
ERR13927576.13042	1546	14.4884
ERR13927576.13043	1546	14.9709
ERR13927576.13044	1591	14.9365
ERR13927576.13045	1558	15.7619
ERR13927576.13046	1588	15.9150
ERR13927576.13047	1556	16.1401
ERR13927576.13048	1568	16.4458
ERR13927576.13049	1594	18.9141
ERR13927576.13050	1553	17.2511
ERR13927576.13051	1557	17.3828
ERR13927576.13052	1573	15.5207
ERR13927576.13053	1599	16.7667
ERR13927576.13054	1553	15.8538
ERR13927576.13055	1588	17.8955
ERR13927576.13056	1584	17.2298
ERR13927576.13057	1586	17.5422
ERR13927576.13058	1559	16.0263
ERR13927576.13059	1602	17.2241
ERR13927576.13060	1567	17.8111
ERR13927576.13061	1567	15.9917
ERR13927576.13062	1532	14.9576
ERR13927576.13063	1574	17.7713
ERR13927576.13064	1577	19.4813
ERR13927576.13065	1571	20.2094
ERR13927576.13066	1590	20.0767
ERR13927576.13067	1605	18.3190
ERR13927576.13068	1581	17.5003
ERR13927576.13069	1532	18.0881
ERR13927576.13070	1561	18.4587
ERR13927576.13071	1551	15.1354
ERR13927576.13072	1561	19.0269
ERR13927576.13073	1561	18.7899
ERR13927576.13074	1520	15.3230
ERR13927576.13075	1511	14.5261
ERR13927576.13076	1200	16.3950
ERR13927576.13077	1571	15.1700
ERR13927576.13078	1589	19.8634
ERR13927576.13079	1515	13.8442
ERR13927576.13080	1564	18.4949
ERR13927576.13081	237	14.8565
ERR13927576.13082	1568	16.6690
ERR13927576.13083	1568	17.7787
ERR13927576.13084	1547	17.1558
ERR13927576.13085	1573	17.8703
ERR13927576.13086	1518	14.7253
ERR13927576.13087	1548	15.6189
ERR13927576.13088	1549	17.5139
ERR13927576.13089	1571	20.8733
ERR13927576.13090	1491	15.2025
ERR13927576.13091	1531	15.5016
ERR13927576.13092	1571	17.9427
ERR13927576.13093	1570	16.0803
ERR13927576.13094	1562	17.2074
ERR13927576.13095	1531	19.1300
ERR13927576.13096	1509	15.7309
ERR13927576.13097	1566	19.0849
ERR13927576.13098	1537	19.1204
ERR13927576.13099	1569	18.7820
ERR13927576.13100	1607	16.6546
ERR13927576.13101	1560	16.3718
ERR13927576.13102	1557	16.9775
ERR13927576.13103	1560	17.1596
ERR13927576.13104	1569	19.0931
ERR13927576.13105	1575	14.8527
ERR13927576.13106	1553	16.2872
ERR13927576.13107	1573	15.9161
ERR13927576.13108	1613	15.7731
ERR13927576.13109	1586	18.9578
ERR13927576.13110	1571	16.8574
ERR13927576.13111	1522	14.2043
ERR13927576.13112	1540	14.5201
ERR13927576.13113	1575	18.6546
ERR13927576.13114	1529	15.2047
ERR13927576.13115	1570	17.3726
ERR13927576.13116	1584	17.7828
ERR13927576.13117	1568	16.2168
ERR13927576.13118	1576	17.2183
ERR13927576.13119	1460	14.0212
ERR13927576.13120	1567	19.1908
ERR13927576.13121	1507	16.0849
ERR13927576.13122	1606	16.6544
ERR13927576.13123	1572	16.1158
ERR13927576.13124	1526	16.4364
ERR13927576.13125	1549	20.1620
ERR13927576.13126	1560	16.9692
ERR13927576.13127	1626	16.4951
ERR13927576.13128	1565	18.3361
ERR13927576.13129	1554	18.4595
ERR13927576.13130	1573	17.6332
ERR13927576.13131	470	18.0277
ERR13927576.13132	1581	17.4991
ERR13927576.13133	1554	17.1879
ERR13927576.13134	1543	19.8218
ERR13927576.13135	1351	16.7010
ERR13927576.13136	1595	17.9505
ERR13927576.13137	1524	15.1752
ERR13927576.13138	1560	16.2603
ERR13927576.13139	1615	17.0180
ERR13927576.13140	1579	17.8436
ERR13927576.13141	1546	17.7147
ERR13927576.13142	1573	16.2689
ERR13927576.13143	1565	18.3425
ERR13927576.13144	1584	16.9912
ERR13927576.13145	1559	16.6337
ERR13927576.13146	1546	16.9877
ERR13927576.13147	1538	16.5228
ERR13927576.13148	1540	16.3338
ERR13927576.13149	1571	16.6047
ERR13927576.13150	1577	17.5517
ERR13927576.13151	1566	17.3755
ERR13927576.13152	1580	17.8152
ERR13927576.13153	1568	16.4579
ERR13927576.13154	1567	16.1844
ERR13927576.13155	1613	16.6355
ERR13927576.13156	1575	18.8825
ERR13927576.13157	1587	17.1481
ERR13927576.13158	1559	16.4618
ERR13927576.13159	1563	17.2105
ERR13927576.13160	1539	16.6062
ERR13927576.13161	1543	18.9320
ERR13927576.13162	1509	15.2445
ERR13927576.13163	1549	15.0936
ERR13927576.13164	1580	16.2373
ERR13927576.13165	1560	15.0147
ERR13927576.13166	1559	18.0359
ERR13927576.13167	1547	15.1138
ERR13927576.13168	1540	17.8734
ERR13927576.13169	1562	19.0096
ERR13927576.13170	1529	16.6488
ERR13927576.13171	1589	17.1410
ERR13927576.13172	1575	17.3289
ERR13927576.13173	1553	15.5666
ERR13927576.13174	1581	15.9905
ERR13927576.13175	1551	18.8124
ERR13927576.13176	1607	17.4356
ERR13927576.13177	1562	18.4609
ERR13927576.13178	1521	15.1098
ERR13927576.13179	1508	17.9834
ERR13927576.13180	1601	17.3535
ERR13927576.13181	1557	16.6635
ERR13927576.13182	1553	17.7592
ERR13927576.13183	1524	14.0938
ERR13927576.13184	1580	15.4892
ERR13927576.13185	1565	17.8645
ERR13927576.13186	1537	16.9941
ERR13927576.13187	1587	17.6686
ERR13927576.13188	1563	16.9315
ERR13927576.13189	584	16.1592
ERR13927576.13190	1556	18.5553
ERR13927576.13191	1552	17.3003
ERR13927576.13192	1568	16.7723
ERR13927576.13193	963	15.9512
ERR13927576.13194	1545	16.3754
ERR13927576.13195	1591	18.7366
ERR13927576.13196	1519	14.3667
ERR13927576.13197	1589	17.3650
ERR13927576.13198	1500	16.4240
ERR13927576.13199	1558	17.4467
ERR13927576.13200	1580	15.2722
ERR13927576.13201	1550	15.1097
ERR13927576.13202	1549	15.6307
ERR13927576.13203	1584	15.7986
ERR13927576.13204	1550	17.0626
ERR13927576.13205	1566	15.6699
ERR13927576.13206	1567	16.3791
ERR13927576.13207	1549	16.2150
ERR13927576.13208	1568	18.7124
ERR13927576.13209	1600	18.1837
ERR13927576.13210	1503	14.1564
ERR13927576.13211	1595	15.6520
ERR13927576.13212	1557	17.2627
ERR13927576.13213	1575	18.2908
ERR13927576.13214	1579	16.3078
ERR13927576.13215	1513	13.6061
ERR13927576.13216	1585	18.2700
ERR13927576.13217	1557	16.9017
ERR13927576.13218	1560	17.7917
ERR13927576.13219	1529	16.3015
ERR13927576.13220	1538	15.0332
ERR13927576.13221	1584	18.2753
ERR13927576.13222	1568	17.3916
ERR13927576.13223	1578	18.7237
ERR13927576.13224	1558	19.9795
ERR13927576.13225	1563	17.1510
ERR13927576.13226	1508	17.5338
ERR13927576.13227	1590	17.4937
ERR13927576.13228	1554	17.4582
ERR13927576.13229	1587	16.2243
ERR13927576.13230	1580	19.8304
ERR13927576.13231	1556	15.4473
ERR13927576.13232	1538	15.8153
ERR13927576.13233	1566	16.3167
ERR13927576.13234	1566	15.6628
ERR13927576.13235	1585	17.8574
ERR13927576.13236	1629	18.2769
ERR13927576.13237	1568	15.9114
ERR13927576.13238	1530	16.7464
ERR13927576.13239	1573	16.9803
ERR13927576.13240	1525	15.7928
ERR13927576.13241	1565	15.6466
ERR13927576.13242	1577	17.5403
ERR13927576.13243	1593	15.8449
ERR13927576.13244	1523	14.5121
ERR13927576.13245	1523	15.6323
ERR13927576.13246	1567	16.6075
ERR13927576.13247	1567	17.3555
ERR13927576.13248	1552	17.3151
ERR13927576.13249	982	15.7994
ERR13927576.13250	1489	14.5863
ERR13927576.13251	1557	14.8048
ERR13927576.13252	1522	17.4527
ERR13927576.13253	1539	16.9051
ERR13927576.13254	1609	18.9994
ERR13927576.13255	1602	19.8596
ERR13927576.13256	1559	17.4041
ERR13927576.13257	1577	17.4718
ERR13927576.13258	1535	14.5837
ERR13927576.13259	1575	18.5321
ERR13927576.13260	1581	20.9342
ERR13927576.13261	1526	17.2320
ERR13927576.13262	1585	14.8669
ERR13927576.13263	1514	14.9650
ERR13927576.13264	1556	16.5900
ERR13927576.13265	1573	18.4266
ERR13927576.13266	388	14.4742
ERR13927576.13267	1561	18.4580
ERR13927576.13268	1573	14.8805
ERR13927576.13269	1570	18.6675
ERR13927576.13270	261	15.0192
ERR13927576.13271	1599	17.7361
ERR13927576.13272	1545	14.5780
ERR13927576.13273	1587	14.8677
ERR13927576.13274	1580	16.8899
ERR13927576.13275	1588	16.7431
ERR13927576.13276	1561	17.7591
ERR13927576.13277	1563	16.9488
ERR13927576.13278	1541	16.3011
ERR13927576.13279	1588	16.0611
ERR13927576.13280	1558	17.4442
ERR13927576.13281	1556	19.1407
ERR13927576.13282	1563	15.0083
ERR13927576.13283	1576	20.5907
ERR13927576.13284	1569	19.5437
ERR13927576.13285	1555	15.4508
ERR13927576.13286	1578	16.3840
ERR13927576.13287	1573	16.6650
ERR13927576.13288	1551	15.9961
ERR13927576.13289	1504	15.5047
ERR13927576.13290	694	18.4726
ERR13927576.13291	1593	15.9014
ERR13927576.13292	1641	18.4564
ERR13927576.13293	1564	17.3843
ERR13927576.13294	1579	15.8746
ERR13927576.13295	1544	15.8834
ERR13927576.13296	1654	18.0913
ERR13927576.13297	1553	17.6813
ERR13927576.13298	1565	16.0665
ERR13927576.13299	1558	16.9859
ERR13927576.13300	1551	17.5964
ERR13927576.13301	1566	15.8123
ERR13927576.13302	1583	17.4675
ERR13927576.13303	1523	16.1458
ERR13927576.13304	1549	16.3796
ERR13927576.13305	841	15.8335
ERR13927576.13306	1556	14.9049
ERR13927576.13307	1581	15.5389
ERR13927576.13308	1519	15.6583
ERR13927576.13309	939	15.5974
ERR13927576.13310	1519	15.7340
ERR13927576.13311	1529	15.4107
ERR13927576.13312	1533	17.3457
ERR13927576.13313	1580	16.5380
ERR13927576.13314	1497	15.9138
ERR13927576.13315	1584	17.9975
ERR13927576.13316	1609	16.6091
ERR13927576.13317	1565	14.2537
ERR13927576.13318	1557	16.7418
ERR13927576.13319	1558	15.1226
ERR13927576.13320	1519	15.6096
ERR13927576.13321	1478	13.6732
ERR13927576.13322	1580	14.8032
ERR13927576.13323	1543	17.7965
ERR13927576.13324	1552	17.0503
ERR13927576.13325	1570	17.6287
ERR13927576.13326	1444	15.8456
ERR13927576.13327	1508	15.8800
ERR13927576.13328	1559	15.1488
ERR13927576.13329	1491	15.5480
ERR13927576.13330	745	13.5034
ERR13927576.13331	1550	18.2755
ERR13927576.13332	1578	16.8891
ERR13927576.13333	1563	18.4229
ERR13927576.13334	3183	17.5910
ERR13927576.13335	1550	17.4168
ERR13927576.13336	1356	16.7028
ERR13927576.13337	1567	13.8200
ERR13927576.13338	1564	16.2315
ERR13927576.13339	1567	16.8724
ERR13927576.13340	1525	16.4046
ERR13927576.13341	1573	20.6008
ERR13927576.13342	1558	15.5282
ERR13927576.13343	1549	15.2892
ERR13927576.13344	1542	17.4326
ERR13927576.13345	1596	16.4987
ERR13927576.13346	1550	17.7800
ERR13927576.13347	1559	18.0340
ERR13927576.13348	1567	17.4135
ERR13927576.13349	1579	18.7093
ERR13927576.13350	1608	19.3184
ERR13927576.13351	1523	15.3362
ERR13927576.13352	881	14.7264
ERR13927576.13353	1589	14.7306
ERR13927576.13354	600	17.1917
ERR13927576.13355	1594	20.8695
ERR13927576.13356	1574	17.0152
ERR13927576.13357	1541	14.9909
ERR13927576.13358	1575	18.1562
ERR13927576.13359	1558	13.8055
ERR13927576.13360	1570	19.5682
ERR13927576.13361	1545	15.9029
ERR13927576.13362	1609	15.5569
ERR13927576.13363	1556	17.3940
ERR13927576.13364	1580	20.2399
ERR13927576.13365	1582	17.9930
ERR13927576.13366	1559	20.4413
ERR13927576.13367	1554	17.3308
ERR13927576.13368	1575	19.0419
ERR13927576.13369	1555	15.6785
ERR13927576.13370	1579	16.8911
ERR13927576.13371	1541	15.4413
ERR13927576.13372	1557	16.7733
ERR13927576.13373	1627	16.0074
ERR13927576.13374	1576	19.3921
ERR13927576.13375	1641	17.7014
ERR13927576.13376	1566	20.5587
ERR13927576.13377	1564	18.5889
ERR13927576.13378	1548	17.4393
ERR13927576.13379	1596	18.4317
ERR13927576.13380	1528	16.8141
ERR13927576.13381	1564	16.0435
ERR13927576.13382	1604	15.7905
ERR13927576.13383	1592	16.0113
ERR13927576.13384	1589	15.6803
ERR13927576.13385	1595	18.3561
ERR13927576.13386	3266	17.5171
ERR13927576.13387	1559	19.6626
ERR13927576.13388	1561	15.6195
ERR13927576.13389	1587	17.6553
ERR13927576.13390	1605	18.0654
ERR13927576.13391	1586	16.7718
ERR13927576.13392	1601	20.5703
ERR13927576.13393	1579	18.1431
ERR13927576.13394	1591	16.0515
ERR13927576.13395	1598	14.5895
ERR13927576.13396	1561	18.4843
ERR13927576.13397	1571	16.0579
ERR13927576.13398	1580	18.3816
ERR13927576.13399	1595	17.8150
ERR13927576.13400	1420	16.4627
ERR13927576.13401	1573	17.3268
ERR13927576.13402	1553	17.1900
ERR13927576.13403	1564	14.0352
ERR13927576.13404	1570	16.2121
ERR13927576.13405	1582	18.3685
ERR13927576.13406	508	14.2106
ERR13927576.13407	1563	16.5138
ERR13927576.13408	1542	17.5532
ERR13927576.13409	1597	16.9192
ERR13927576.13410	1584	17.9558
ERR13927576.13411	1555	17.7884
ERR13927576.13412	1557	15.8741
ERR13927576.13413	1525	17.9344
ERR13927576.13414	1566	16.5805
ERR13927576.13415	1567	16.3516
ERR13927576.13416	1578	20.0513
ERR13927576.13417	1566	15.8678
ERR13927576.13418	1590	16.4208
ERR13927576.13419	1519	17.2772
ERR13927576.13420	1568	14.8393
ERR13927576.13421	1591	18.3727
ERR13927576.13422	1534	15.4263
ERR13927576.13423	1571	17.5366
ERR13927576.13424	1621	18.0654
ERR13927576.13425	1563	17.2009
ERR13927576.13426	1546	19.1805
ERR13927576.13427	1579	18.0165
ERR13927576.13428	1554	15.6158
ERR13927576.13429	1569	15.6157
ERR13927576.13430	1584	15.2077
ERR13927576.13431	1564	15.0307
ERR13927576.13432	1541	18.3225
ERR13927576.13433	1594	16.4391
ERR13927576.13434	1597	16.2386
ERR13927576.13435	1564	18.5863
ERR13927576.13436	1593	17.5355
ERR13927576.13437	1580	15.8899
ERR13927576.13438	1554	16.2252
ERR13927576.13439	1629	21.5378
ERR13927576.13440	1611	18.3619
ERR13927576.13441	1234	18.5859
ERR13927576.13442	1609	19.5656
ERR13927576.13443	1579	15.6681
ERR13927576.13444	1507	18.8368
ERR13927576.13445	1309	17.0061
ERR13927576.13446	1612	18.1904
ERR13927576.13447	1570	19.4803
ERR13927576.13448	1568	15.9643
ERR13927576.13449	1553	15.5712
ERR13927576.13450	1574	14.6601
ERR13927576.13451	1541	16.7878
ERR13927576.13452	1550	17.8852
ERR13927576.13453	1567	14.6388
ERR13927576.13454	1575	17.6229
ERR13927576.13455	1490	15.3658
ERR13927576.13456	1561	18.0756
ERR13927576.13457	1118	15.6753
ERR13927576.13458	643	19.9285
ERR13927576.13459	1562	17.8534
ERR13927576.13460	1582	16.0284
ERR13927576.13461	1582	20.4090
ERR13927576.13462	1596	15.3484
ERR13927576.13463	1555	18.4939
ERR13927576.13464	1579	16.4440
ERR13927576.13465	1557	20.7290
ERR13927576.13466	1536	18.1309
ERR13927576.13467	1610	17.5994
ERR13927576.13468	1577	16.7064
ERR13927576.13469	1541	16.4458
ERR13927576.13470	1554	18.7432
ERR13927576.13471	1572	18.8556
ERR13927576.13472	1557	15.1837
ERR13927576.13473	1524	16.3911
ERR13927576.13474	1587	18.2388
ERR13927576.13475	1552	17.8853
ERR13927576.13476	1200	16.8050
ERR13927576.13477	1555	18.1916
ERR13927576.13478	1569	16.3741
ERR13927576.13479	1558	17.1290
ERR13927576.13480	1554	15.0109
ERR13927576.13481	1576	16.7525
ERR13927576.13482	1577	19.6145
ERR13927576.13483	1569	18.3958
ERR13927576.13484	1566	16.8493
ERR13927576.13485	1544	16.7306
ERR13927576.13486	1567	17.0319
ERR13927576.13487	1581	17.7211
ERR13927576.13488	1584	19.7064
ERR13927576.13489	1431	15.2655
ERR13927576.13490	1574	16.4130
ERR13927576.13491	1553	16.8126
ERR13927576.13492	1460	16.8493
ERR13927576.13493	1595	17.7116
ERR13927576.13494	1587	19.2817
ERR13927576.13495	1585	18.6675
ERR13927576.13496	1567	17.1066
ERR13927576.13497	1579	17.8816
ERR13927576.13498	1556	18.1793
ERR13927576.13499	1553	18.6014
ERR13927576.13500	1608	15.7960
ERR13927576.13501	1562	17.8355
ERR13927576.13502	675	16.9496
ERR13927576.13503	936	19.1549
ERR13927576.13504	1547	16.6367
ERR13927576.13505	1540	17.5812
ERR13927576.13506	1565	19.1738
ERR13927576.13507	1603	16.2913
ERR13927576.13508	1527	16.1807
ERR13927576.13509	1164	15.3308
ERR13927576.13510	1555	17.3524
ERR13927576.13511	1560	16.4276
ERR13927576.13512	1579	16.8144
ERR13927576.13513	1524	13.7867
ERR13927576.13514	1576	17.6802
ERR13927576.13515	1562	15.6517
ERR13927576.13516	1566	17.5172
ERR13927576.13517	1568	19.5038
ERR13927576.13518	1625	16.0314
ERR13927576.13519	1530	17.2464
ERR13927576.13520	1554	14.5129
ERR13927576.13521	1527	17.3962
ERR13927576.13522	1559	17.6517
ERR13927576.13523	1597	16.7214
ERR13927576.13524	1572	18.6247
ERR13927576.13525	1567	17.6758
ERR13927576.13526	1571	15.5748
ERR13927576.13527	1590	19.1811
ERR13927576.13528	1489	18.4298
ERR13927576.13529	1548	17.9948
ERR13927576.13530	1596	16.4530
ERR13927576.13531	1537	13.2088
ERR13927576.13532	1550	17.9013
ERR13927576.13533	1589	20.0592
ERR13927576.13534	1568	18.0797
ERR13927576.13535	1568	17.6518
ERR13927576.13536	1574	19.6334
ERR13927576.13537	1568	17.7800
ERR13927576.13538	1528	17.1414
ERR13927576.13539	1554	16.0450
ERR13927576.13540	1226	15.5522
ERR13927576.13541	1573	15.2804
ERR13927576.13542	1588	17.6832
ERR13927576.13543	1569	16.2651
ERR13927576.13544	1592	18.2927
ERR13927576.13545	1581	17.7287
ERR13927576.13546	1584	15.0934
ERR13927576.13547	1552	15.5470
ERR13927576.13548	1491	14.5580
ERR13927576.13549	1464	20.7507
ERR13927576.13550	1555	16.2849
ERR13927576.13551	1572	17.6858
ERR13927576.13552	1610	19.8981
ERR13927576.13553	1554	15.3230
ERR13927576.13554	1589	16.4449
ERR13927576.13555	934	18.5203
ERR13927576.13556	1573	15.7317
ERR13927576.13557	1556	17.6639
ERR13927576.13558	1560	18.0237
ERR13927576.13559	1520	14.5296
ERR13927576.13560	1576	17.9600
ERR13927576.13561	1290	15.4496
ERR13927576.13562	1610	19.6174
ERR13927576.13563	1548	17.9044
ERR13927576.13564	1569	20.6902
ERR13927576.13565	1548	15.7771
ERR13927576.13566	1570	17.4885
ERR13927576.13567	1537	14.9961
ERR13927576.13568	1543	19.1685
ERR13927576.13569	1568	15.3954
ERR13927576.13570	1535	15.1811
ERR13927576.13571	1561	19.1537
ERR13927576.13572	1623	16.3229
ERR13927576.13573	1547	17.1041
ERR13927576.13574	1582	16.7813
ERR13927576.13575	1736	21.3641
ERR13927576.13576	1558	17.0417
ERR13927576.13577	1627	18.4216
ERR13927576.13578	1588	16.7884
ERR13927576.13579	1560	17.0506
ERR13927576.13580	1564	18.3063
ERR13927576.13581	1598	16.7516
ERR13927576.13582	1584	15.2992
ERR13927576.13583	1562	15.2497
ERR13927576.13584	1556	18.2654
ERR13927576.13585	1593	18.6434
ERR13927576.13586	1555	18.3897
ERR13927576.13587	1557	15.5363
ERR13927576.13588	1573	16.4253
ERR13927576.13589	1553	15.7708
ERR13927576.13590	1603	14.4729
ERR13927576.13591	1579	15.2932
ERR13927576.13592	1561	16.8623
ERR13927576.13593	1522	15.4317
ERR13927576.13594	1557	15.8812
ERR13927576.13595	1572	17.5636
ERR13927576.13596	1575	15.9822
ERR13927576.13597	1595	16.9335
ERR13927576.13598	1568	18.2730
ERR13927576.13599	1564	17.2845
ERR13927576.13600	1548	19.0762
ERR13927576.13601	1590	16.6597
ERR13927576.13602	1544	17.7396
ERR13927576.13603	1514	18.2371
ERR13927576.13604	1573	17.6860
ERR13927576.13605	1579	16.2445
ERR13927576.13606	1541	16.3076
ERR13927576.13607	1565	16.0709
ERR13927576.13608	1592	19.2274
ERR13927576.13609	1588	16.4125
ERR13927576.13610	1564	17.3542
ERR13927576.13611	1584	18.7412
ERR13927576.13612	1589	16.9855
ERR13927576.13613	1564	18.3728
ERR13927576.13614	1558	17.5988
ERR13927576.13615	1576	16.7760
ERR13927576.13616	967	16.7518
ERR13927576.13617	1555	16.8785
ERR13927576.13618	1576	16.0806
ERR13927576.13619	1542	16.1887
ERR13927576.13620	1586	16.4874
ERR13927576.13621	1564	18.6643
ERR13927576.13622	1592	18.1112
ERR13927576.13623	1562	15.5205
ERR13927576.13624	1558	17.0995
ERR13927576.13625	1589	17.6507
ERR13927576.13626	1545	18.9657
ERR13927576.13627	1568	17.8412
ERR13927576.13628	1558	17.7747
ERR13927576.13629	1592	20.5013
ERR13927576.13630	1532	16.1312
ERR13927576.13631	1590	19.9748
ERR13927576.13632	1568	18.1154
ERR13927576.13633	1531	15.1483
ERR13927576.13634	1566	18.5377
ERR13927576.13635	1600	16.9600
ERR13927576.13636	1559	14.7069
ERR13927576.13637	1582	17.7434
ERR13927576.13638	1570	18.9624
ERR13927576.13639	1562	14.5403
ERR13927576.13640	1582	19.9722
ERR13927576.13641	1552	17.7990
ERR13927576.13642	1598	17.9925
ERR13927576.13643	1551	18.0935
ERR13927576.13644	1593	18.1657
ERR13927576.13645	1546	15.2206
ERR13927576.13646	1537	15.3748
ERR13927576.13647	1590	18.9189
ERR13927576.13648	1562	20.0525
ERR13927576.13649	1570	16.2127
ERR13927576.13650	1582	17.9223
ERR13927576.13651	1570	17.9185
ERR13927576.13652	1567	19.6962
ERR13927576.13653	1561	17.2466
ERR13927576.13654	1574	18.4219
ERR13927576.13655	1567	18.2240
ERR13927576.13656	1743	20.8944
ERR13927576.13657	1573	18.1780
ERR13927576.13658	1588	16.6713
ERR13927576.13659	337	15.8694
ERR13927576.13660	1539	16.6134
ERR13927576.13661	1557	14.4277
ERR13927576.13662	1572	17.2430
ERR13927576.13663	1538	19.4194
ERR13927576.13664	1582	14.5499
ERR13927576.13665	1562	16.7785
ERR13927576.13666	1561	19.0756
ERR13927576.13667	693	16.2367
ERR13927576.13668	1556	15.5051
ERR13927576.13669	1582	16.3736
ERR13927576.13670	1573	16.1488
ERR13927576.13671	1561	19.3754
ERR13927576.13672	1563	18.5304
ERR13927576.13673	1549	15.5294
ERR13927576.13674	1599	16.4396
ERR13927576.13675	1616	17.9418
ERR13927576.13676	1530	15.9039
ERR13927576.13677	1525	16.9423
ERR13927576.13678	1598	19.1696
ERR13927576.13679	1546	15.7432
ERR13927576.13680	1580	18.8399
ERR13927576.13681	1592	17.0509
ERR13927576.13682	1580	16.7968
ERR13927576.13683	1577	15.7692
ERR13927576.13684	1580	17.1373
ERR13927576.13685	1597	19.1121
ERR13927576.13686	1570	18.9707
ERR13927576.13687	1606	20.6768
ERR13927576.13688	1587	18.0882
ERR13927576.13689	1579	17.6776
ERR13927576.13690	1562	19.6396
ERR13927576.13691	1569	17.8528
ERR13927576.13692	1551	15.9910
ERR13927576.13693	1537	19.1113
ERR13927576.13694	1602	17.0387
ERR13927576.13695	1598	15.4975
ERR13927576.13696	1568	17.4579
ERR13927576.13697	1579	14.7904
ERR13927576.13698	1598	18.5038
ERR13927576.13699	1547	16.7789
ERR13927576.13700	1587	14.9477
ERR13927576.13701	1568	15.4573
ERR13927576.13702	1530	15.8098
ERR13927576.13703	1529	15.5383
ERR13927576.13704	1576	20.4702
ERR13927576.13705	1564	17.1682
ERR13927576.13706	1581	16.6477
ERR13927576.13707	1579	18.0507
ERR13927576.13708	1479	17.7025
ERR13927576.13709	1568	16.8954
ERR13927576.13710	1559	17.4785
ERR13927576.13711	1564	18.3632
ERR13927576.13712	1563	15.1907
ERR13927576.13713	1565	20.9879
ERR13927576.13714	1551	19.7157
ERR13927576.13715	1584	16.6042
ERR13927576.13716	1608	21.0075
ERR13927576.13717	1583	17.7088
ERR13927576.13718	1573	19.0375
ERR13927576.13719	1581	17.5338
ERR13927576.13720	1562	20.1389
ERR13927576.13721	1530	15.2516
ERR13927576.13722	1591	17.0245
ERR13927576.13723	1549	15.1285
ERR13927576.13724	1298	18.1641
ERR13927576.13725	1571	20.7244
ERR13927576.13726	1589	17.5192
ERR13927576.13727	1592	16.4347
ERR13927576.13728	1568	16.5561
ERR13927576.13729	1582	17.7301
ERR13927576.13730	1493	15.4970
ERR13927576.13731	1597	15.6331
ERR13927576.13732	1567	16.6146
ERR13927576.13733	1558	19.1438
ERR13927576.13734	1217	17.7905
ERR13927576.13735	1560	15.5462
ERR13927576.13736	1573	21.0712
ERR13927576.13737	1566	15.8895
ERR13927576.13738	1589	17.0850
ERR13927576.13739	1573	15.4762
ERR13927576.13740	1588	17.8029
ERR13927576.13741	1534	18.2862
ERR13927576.13742	1587	15.5558
ERR13927576.13743	1571	19.1012
ERR13927576.13744	1538	15.7763
ERR13927576.13745	1589	15.7602
ERR13927576.13746	1563	17.8516
ERR13927576.13747	1578	18.8093
ERR13927576.13748	1597	17.0175
ERR13927576.13749	3129	16.3928
ERR13927576.13750	1573	15.6402
ERR13927576.13751	1585	18.9003
ERR13927576.13752	1558	15.5302
ERR13927576.13753	1595	16.6382
ERR13927576.13754	1565	19.2415
ERR13927576.13755	1593	16.7037
ERR13927576.13756	1622	18.7293
ERR13927576.13757	1549	18.1653
ERR13927576.13758	1505	16.7502
ERR13927576.13759	1534	17.7705
ERR13927576.13760	1551	15.8208
ERR13927576.13761	1564	18.4974
ERR13927576.13762	1558	20.3813
ERR13927576.13763	1561	17.6291
ERR13927576.13764	1590	17.9597
ERR13927576.13765	1571	16.3940
ERR13927576.13766	1584	17.4205
ERR13927576.13767	1583	20.1756
ERR13927576.13768	1593	17.3597
ERR13927576.13769	1572	16.0782
ERR13927576.13770	1557	17.2935
ERR13927576.13771	1547	14.9250
ERR13927576.13772	1572	18.6081
ERR13927576.13773	1572	20.4173
ERR13927576.13774	1487	19.2764
ERR13927576.13775	1591	15.4343
ERR13927576.13776	988	17.0617
ERR13927576.13777	1567	17.4876
ERR13927576.13778	3167	17.7717
ERR13927576.13779	1598	15.4850
ERR13927576.13780	1572	16.9523
ERR13927576.13781	1547	20.1629
ERR13927576.13782	1579	17.1083
ERR13927576.13783	3160	18.5060
ERR13927576.13784	1576	20.0920
ERR13927576.13785	1575	18.3295
ERR13927576.13786	1563	18.2546
ERR13927576.13787	1586	14.9029
ERR13927576.13788	1589	17.3713
ERR13927576.13789	1570	20.8357
ERR13927576.13790	1369	18.3148
ERR13927576.13791	1567	18.1308
ERR13927576.13792	1560	15.8500
ERR13927576.13793	1562	17.1594
ERR13927576.13794	1582	18.4994
ERR13927576.13795	1584	18.6067
ERR13927576.13796	1575	18.5625
ERR13927576.13797	1612	17.5949
ERR13927576.13798	1579	15.4959
ERR13927576.13799	1565	17.0006
ERR13927576.13800	1579	20.7524
ERR13927576.13801	1555	15.1807
ERR13927576.13802	1417	15.6471
ERR13927576.13803	1567	16.0402
ERR13927576.13804	1554	18.3333
ERR13927576.13805	1595	16.9881
ERR13927576.13806	1579	19.5497
ERR13927576.13807	1584	19.2380
ERR13927576.13808	1587	16.3686
ERR13927576.13809	1578	20.3112
ERR13927576.13810	1573	15.3954
ERR13927576.13811	1570	14.7764
ERR13927576.13812	1538	18.0546
ERR13927576.13813	1553	16.8319
ERR13927576.13814	1580	16.9494
ERR13927576.13815	1568	16.6798
ERR13927576.13816	953	20.1637
ERR13927576.13817	1528	14.1983
ERR13927576.13818	1554	17.6184
ERR13927576.13819	1619	19.4577
ERR13927576.13820	1594	17.5226
ERR13927576.13821	1548	18.4619
ERR13927576.13822	1576	17.2830
ERR13927576.13823	1556	16.7269
ERR13927576.13824	1560	16.5295
ERR13927576.13825	1562	16.3777
ERR13927576.13826	1595	19.4621
ERR13927576.13827	1561	22.6618
ERR13927576.13828	1556	18.2603
ERR13927576.13829	1574	19.0826
ERR13927576.13830	1580	15.5684
ERR13927576.13831	1588	19.2613
ERR13927576.13832	1566	19.9342
ERR13927576.13833	1584	17.9861
ERR13927576.13834	1569	19.3352
ERR13927576.13835	1574	18.0184
ERR13927576.13836	1582	16.8142
ERR13927576.13837	1584	14.5726
ERR13927576.13838	1549	19.6746
ERR13927576.13839	1632	15.8695
ERR13927576.13840	1541	17.8144
ERR13927576.13841	1532	16.1815
ERR13927576.13842	1583	17.2160
ERR13927576.13843	1593	15.4181
ERR13927576.13844	1552	14.4001
ERR13927576.13845	1577	17.6221
ERR13927576.13846	1585	15.7035
ERR13927576.13847	1604	19.2643
ERR13927576.13848	1562	19.0435
ERR13927576.13849	1565	18.7470
ERR13927576.13850	1576	18.9327
ERR13927576.13851	1573	18.9135
ERR13927576.13852	1636	17.0581
ERR13927576.13853	1578	18.7465
ERR13927576.13854	1556	19.8156
ERR13927576.13855	1566	17.4483
ERR13927576.13856	3162	16.5474
ERR13927576.13857	1533	17.1696
ERR13927576.13858	1582	19.2086
ERR13927576.13859	1310	18.0939
ERR13927576.13860	1536	17.4036
ERR13927576.13861	1540	16.9610
ERR13927576.13862	1561	14.3402
ERR13927576.13863	1584	18.4520
ERR13927576.13864	1576	17.7284
ERR13927576.13865	1592	19.5829
ERR13927576.13866	1582	18.3748
ERR13927576.13867	1594	16.8576
ERR13927576.13868	1606	16.4589
ERR13927576.13869	1641	16.2060
ERR13927576.13870	1554	17.0309
ERR13927576.13871	1569	15.8993
ERR13927576.13872	1532	15.6919
ERR13927576.13873	1569	21.6514
ERR13927576.13874	1539	18.3613
ERR13927576.13875	1570	18.1439
ERR13927576.13876	1583	17.6677
ERR13927576.13877	1576	15.3604
ERR13927576.13878	1316	16.8708
ERR13927576.13879	1558	16.6598
ERR13927576.13880	1574	18.5966
ERR13927576.13881	1563	17.8247
ERR13927576.13882	1565	16.2901
ERR13927576.13883	1604	18.0698
ERR13927576.13884	1565	16.5597
ERR13927576.13885	1581	18.2233
ERR13927576.13886	1547	15.5197
ERR13927576.13887	1556	16.4338
ERR13927576.13888	1578	18.0513
ERR13927576.13889	1547	17.2928
ERR13927576.13890	1618	18.8084
ERR13927576.13891	1574	19.1099
ERR13927576.13892	1580	20.4627
ERR13927576.13893	1357	17.1098
ERR13927576.13894	1574	19.6264
ERR13927576.13895	1520	17.6914
ERR13927576.13896	1589	16.9125
ERR13927576.13897	1547	16.3807
ERR13927576.13898	847	17.3070
ERR13927576.13899	1592	15.8637
ERR13927576.13900	1537	22.6318
ERR13927576.13901	1574	16.4860
ERR13927576.13902	1560	17.8526
ERR13927576.13903	1576	20.5317
ERR13927576.13904	1139	18.5742
ERR13927576.13905	1581	15.8950
ERR13927576.13906	912	18.3015
ERR13927576.13907	1585	18.3432
ERR13927576.13908	1570	18.3694
ERR13927576.13909	1563	14.3736
ERR13927576.13910	1555	18.8244
ERR13927576.13911	1568	17.9375
ERR13927576.13912	1558	20.7580
ERR13927576.13913	1516	15.8483
ERR13927576.13914	1526	15.5537
ERR13927576.13915	1600	17.9763
ERR13927576.13916	1570	18.7656
ERR13927576.13917	1591	18.3275
ERR13927576.13918	1577	18.9753
ERR13927576.13919	1553	16.3065
ERR13927576.13920	1567	17.4403
ERR13927576.13921	1601	14.8339
ERR13927576.13922	1591	17.2659
ERR13927576.13923	1558	16.1528
ERR13927576.13924	1572	19.5076
ERR13927576.13925	1573	18.2854
ERR13927576.13926	1559	17.1430
ERR13927576.13927	1588	17.9238
ERR13927576.13928	1053	16.3362
ERR13927576.13929	1582	18.8881
ERR13927576.13930	1548	17.1512
ERR13927576.13931	1577	17.5618
ERR13927576.13932	1590	16.2453
ERR13927576.13933	1558	14.5822
ERR13927576.13934	1586	17.7736
ERR13927576.13935	1535	15.1427
ERR13927576.13936	1545	18.6563
ERR13927576.13937	1581	16.2903
ERR13927576.13938	1596	15.7907
ERR13927576.13939	1572	16.8753
ERR13927576.13940	1576	19.1301
ERR13927576.13941	1550	16.7671
ERR13927576.13942	1549	18.7005
ERR13927576.13943	1563	15.6232
ERR13927576.13944	1586	16.2629
ERR13927576.13945	1597	13.5479
ERR13927576.13946	1549	14.8657
ERR13927576.13947	1589	18.3625
ERR13927576.13948	1574	20.3024
ERR13927576.13949	1644	18.5481
ERR13927576.13950	522	15.9732
ERR13927576.13951	1514	16.2517
ERR13927576.13952	1593	19.0000
ERR13927576.13953	1623	17.7184
ERR13927576.13954	1571	16.9032
ERR13927576.13955	1559	16.1123
ERR13927576.13956	1598	18.2509
ERR13927576.13957	1589	15.1567
ERR13927576.13958	1694	18.3028
ERR13927576.13959	1482	19.0020
ERR13927576.13960	1562	18.8707
ERR13927576.13961	1557	14.8504
ERR13927576.13962	1557	18.7701
ERR13927576.13963	1567	18.8073
ERR13927576.13964	1568	15.7315
ERR13927576.13965	1557	17.4984
ERR13927576.13966	1580	15.2146
ERR13927576.13967	1570	14.9529
ERR13927576.13968	1554	17.7477
ERR13927576.13969	1617	16.3878
ERR13927576.13970	1557	17.0700
ERR13927576.13971	1595	17.3755
ERR13927576.13972	1567	15.3950
ERR13927576.13973	1595	21.8401
ERR13927576.13974	1609	17.7638
ERR13927576.13975	1569	15.1931
ERR13927576.13976	1565	13.9898
ERR13927576.13977	1566	15.5179
ERR13927576.13978	1599	14.2502
ERR13927576.13979	1566	16.8059
ERR13927576.13980	1618	17.5544
ERR13927576.13981	1569	18.7266
ERR13927576.13982	1568	16.0912
ERR13927576.13983	1607	18.2688
ERR13927576.13984	1600	16.2675
ERR13927576.13985	1554	15.4189
ERR13927576.13986	1565	18.2530
ERR13927576.13987	3132	15.1034
ERR13927576.13988	1586	17.7213
ERR13927576.13989	1549	18.2331
ERR13927576.13990	1562	15.9744
ERR13927576.13991	1572	17.3270
ERR13927576.13992	1527	14.0910
ERR13927576.13993	1584	18.3226
ERR13927576.13994	1559	16.8172
ERR13927576.13995	1559	18.9320
ERR13927576.13996	1582	18.6100
ERR13927576.13997	1594	18.3350
ERR13927576.13998	1598	18.3310
ERR13927576.13999	1518	17.2404
ERR13927576.14000	1562	19.8835
ERR13927576.14001	1596	15.9079
ERR13927576.14002	1581	17.3757
ERR13927576.14003	1566	16.4649
ERR13927576.14004	1566	17.6711
ERR13927576.14005	1552	15.7990
ERR13927576.14006	1585	13.9811
ERR13927576.14007	1565	18.3169
ERR13927576.14008	1557	19.2402
ERR13927576.14009	1620	18.6062
ERR13927576.14010	1592	15.2067
ERR13927576.14011	1619	17.3521
ERR13927576.14012	1589	17.4626
ERR13927576.14013	1572	22.5980
ERR13927576.14014	1579	20.0171
ERR13927576.14015	1562	19.0986
ERR13927576.14016	1548	16.6234
ERR13927576.14017	1581	17.7242
ERR13927576.14018	1565	16.3642
ERR13927576.14019	1376	14.4012
ERR13927576.14020	1611	18.8001
ERR13927576.14021	1591	21.6813
ERR13927576.14022	1563	14.5438
ERR13927576.14023	1573	18.2924
ERR13927576.14024	1562	19.0448
ERR13927576.14025	1250	16.2536
ERR13927576.14026	1563	16.6859
ERR13927576.14027	1106	15.4575
ERR13927576.14028	1605	16.2829
ERR13927576.14029	1568	16.6658
ERR13927576.14030	1569	19.0746
ERR13927576.14031	1615	18.7164
ERR13927576.14032	1559	19.4933
ERR13927576.14033	1575	16.9575
ERR13927576.14034	1583	19.5673
ERR13927576.14035	1565	15.8498
ERR13927576.14036	1618	19.0581
ERR13927576.14037	1559	15.4824
ERR13927576.14038	1567	17.2476
ERR13927576.14039	1563	22.1491
ERR13927576.14040	1583	16.5723
ERR13927576.14041	1636	16.3435
ERR13927576.14042	1540	20.3929
ERR13927576.14043	1560	20.8340
ERR13927576.14044	1571	15.8816
ERR13927576.14045	1535	18.3935
ERR13927576.14046	1539	16.1046
ERR13927576.14047	1570	16.2764
ERR13927576.14048	1618	20.7930
ERR13927576.14049	213	17.2347
ERR13927576.14050	1586	18.0738
ERR13927576.14051	1569	18.7508
ERR13927576.14052	1441	17.3352
ERR13927576.14053	1605	16.9458
ERR13927576.14054	1565	16.5304
ERR13927576.14055	1540	17.6591
ERR13927576.14056	1550	19.1561
ERR13927576.14057	1563	18.7236
ERR13927576.14058	1586	18.7806
ERR13927576.14059	1585	18.4429
ERR13927576.14060	1581	20.6939
ERR13927576.14061	1573	17.8830
ERR13927576.14062	1570	17.5911
ERR13927576.14063	1572	14.9192
ERR13927576.14064	1539	17.4984
ERR13927576.14065	1584	22.4703
ERR13927576.14066	1564	16.4559
ERR13927576.14067	1576	15.3756
ERR13927576.14068	1553	18.6317
ERR13927576.14069	1593	19.1846
ERR13927576.14070	1529	16.0301
ERR13927576.14071	1542	15.4501
ERR13927576.14072	1603	17.3780
ERR13927576.14073	1533	17.4494
ERR13927576.14074	1567	18.6847
ERR13927576.14075	1547	16.1273
ERR13927576.14076	1566	17.4093
ERR13927576.14077	1552	19.1476
ERR13927576.14078	1589	16.2410
ERR13927576.14079	1561	18.9571
ERR13927576.14080	1561	17.2960
ERR13927576.14081	401	15.1671
ERR13927576.14082	1563	17.0787
ERR13927576.14083	1576	17.6675
ERR13927576.14084	1568	20.5797
ERR13927576.14085	1606	17.1351
ERR13927576.14086	1621	16.8890
ERR13927576.14087	1569	15.7094
ERR13927576.14088	1570	16.8662
ERR13927576.14089	1438	18.4597
ERR13927576.14090	1560	17.1353
ERR13927576.14091	1565	17.8882
ERR13927576.14092	1554	17.1544
ERR13927576.14093	1590	20.5975
ERR13927576.14094	1580	16.4532
ERR13927576.14095	1557	18.3584
ERR13927576.14096	1526	15.5026
ERR13927576.14097	1556	14.6247
ERR13927576.14098	1576	20.5723
ERR13927576.14099	1569	16.0242
ERR13927576.14100	1588	17.9666
ERR13927576.14101	1572	18.8034
ERR13927576.14102	1577	15.3348
ERR13927576.14103	1567	20.0696
ERR13927576.14104	1524	16.1686
ERR13927576.14105	1559	15.1565
ERR13927576.14106	1553	16.0715
ERR13927576.14107	1576	19.7906
ERR13927576.14108	1573	17.7120
ERR13927576.14109	507	18.8698
ERR13927576.14110	1614	18.0248
ERR13927576.14111	1561	18.4029
ERR13927576.14112	1575	16.7803
ERR13927576.14113	1189	17.4180
ERR13927576.14114	1560	17.0186
ERR13927576.14115	1544	19.5389
ERR13927576.14116	1608	21.0417
ERR13927576.14117	262	13.9885
ERR13927576.14118	1585	16.4006
ERR13927576.14119	1568	16.2073
ERR13927576.14120	1565	17.9112
ERR13927576.14121	1571	16.5302
ERR13927576.14122	1548	15.9205
ERR13927576.14123	1552	15.2764
ERR13927576.14124	1563	16.9168
ERR13927576.14125	1572	15.2392
ERR13927576.14126	1574	14.9161
ERR13927576.14127	1631	15.5696
ERR13927576.14128	1586	17.7604
ERR13927576.14129	1559	17.7973
ERR13927576.14130	1529	15.2152
ERR13927576.14131	1560	16.6558
ERR13927576.14132	1568	17.0555
ERR13927576.14133	1622	18.7633
ERR13927576.14134	1527	19.1061
ERR13927576.14135	1585	18.1338
ERR13927576.14136	1532	18.2278
ERR13927576.14137	1553	15.8706
ERR13927576.14138	1573	14.5702
ERR13927576.14139	1529	16.4827
ERR13927576.14140	1567	18.5877
ERR13927576.14141	1329	15.5892
ERR13927576.14142	1560	17.6455
ERR13927576.14143	1577	15.1845
ERR13927576.14144	1563	17.1631
ERR13927576.14145	1576	14.5260
ERR13927576.14146	1569	15.8789
ERR13927576.14147	737	17.3202
ERR13927576.14148	208	17.1490
ERR13927576.14149	1611	15.7114
ERR13927576.14150	1587	19.2035
ERR13927576.14151	1583	19.1548
ERR13927576.14152	1644	17.8802
ERR13927576.14153	386	16.8187
ERR13927576.14154	1562	18.7670
ERR13927576.14155	1590	19.3509
ERR13927576.14156	1577	18.2676
ERR13927576.14157	1585	18.3091
ERR13927576.14158	1584	18.7614
ERR13927576.14159	1558	18.2522
ERR13927576.14160	1560	15.8628
ERR13927576.14161	1586	18.4666
ERR13927576.14162	1598	18.5319
ERR13927576.14163	1579	16.5370
ERR13927576.14164	1556	15.3728
ERR13927576.14165	1535	16.8756
ERR13927576.14166	1540	17.3019
ERR13927576.14167	1564	17.9636
ERR13927576.14168	1541	15.6885
ERR13927576.14169	1569	14.8604
ERR13927576.14170	1518	15.7286
ERR13927576.14171	1593	19.1030
ERR13927576.14172	1565	18.5540
ERR13927576.14173	1556	18.3432
ERR13927576.14174	1555	14.9016
ERR13927576.14175	1567	16.3331
ERR13927576.14176	1548	16.1479
ERR13927576.14177	1595	15.0621
ERR13927576.14178	1575	15.9511
ERR13927576.14179	1540	16.1416
ERR13927576.14180	1546	16.0815
ERR13927576.14181	1545	19.1877
ERR13927576.14182	1539	18.6777
ERR13927576.14183	1540	16.5006
ERR13927576.14184	1599	18.5053
ERR13927576.14185	1581	17.1347
ERR13927576.14186	1561	17.1441
ERR13927576.14187	1589	18.3109
ERR13927576.14188	1586	17.7604
ERR13927576.14189	1589	16.3845
ERR13927576.14190	1577	18.3412
ERR13927576.14191	1592	21.1866
ERR13927576.14192	1594	17.9912
ERR13927576.14193	1529	14.6606
ERR13927576.14194	1590	15.1962
ERR13927576.14195	1475	15.3003
ERR13927576.14196	1554	18.3649
ERR13927576.14197	1589	19.6853
ERR13927576.14198	1495	16.6047
ERR13927576.14199	1555	15.8553
ERR13927576.14200	805	16.3590
ERR13927576.14201	1578	17.5754
ERR13927576.14202	1583	16.8263
ERR13927576.14203	1570	15.8656
ERR13927576.14204	1572	15.6851
ERR13927576.14205	1602	18.2179
ERR13927576.14206	1558	21.5334
ERR13927576.14207	1609	16.9347
ERR13927576.14208	1557	16.7624
ERR13927576.14209	1563	20.2425
ERR13927576.14210	1551	17.3282
ERR13927576.14211	1561	19.2825
ERR13927576.14212	1708	16.4713
ERR13927576.14213	1568	15.9955
ERR13927576.14214	1584	18.7317
ERR13927576.14215	1524	17.8169
ERR13927576.14216	1582	20.4905
ERR13927576.14217	1579	15.1729
ERR13927576.14218	1539	18.6173
ERR13927576.14219	1572	14.8760
ERR13927576.14220	1579	15.2894
ERR13927576.14221	1624	15.4255
ERR13927576.14222	1583	16.6500
ERR13927576.14223	1592	21.0892
ERR13927576.14224	1060	17.3283
ERR13927576.14225	220	14.0182
ERR13927576.14226	1581	20.1954
ERR13927576.14227	1537	17.9694
ERR13927576.14228	1716	16.9330
ERR13927576.14229	1601	18.2280
ERR13927576.14230	1543	15.6468
ERR13927576.14231	1536	15.5618
ERR13927576.14232	1571	18.8447
ERR13927576.14233	1565	18.1674
ERR13927576.14234	1572	17.0006
ERR13927576.14235	1700	15.5553
ERR13927576.14236	1552	14.9523
ERR13927576.14237	1268	15.7997
ERR13927576.14238	1552	17.7287
ERR13927576.14239	1563	18.9571
ERR13927576.14240	1573	18.7788
ERR13927576.14241	1570	18.6720
ERR13927576.14242	1586	15.8783
ERR13927576.14243	1569	17.2269
ERR13927576.14244	1570	17.8446
ERR13927576.14245	1603	18.0967
ERR13927576.14246	1558	17.5366
ERR13927576.14247	1594	21.0527
ERR13927576.14248	1554	20.3906
ERR13927576.14249	1558	15.7478
ERR13927576.14250	1603	18.0225
ERR13927576.14251	1558	20.3575
ERR13927576.14252	1552	17.2262
ERR13927576.14253	1570	20.1643
ERR13927576.14254	1595	16.8721
ERR13927576.14255	1587	17.9786
ERR13927576.14256	1483	15.8045
ERR13927576.14257	1581	16.4288
ERR13927576.14258	1554	16.8719
ERR13927576.14259	1602	20.0768
ERR13927576.14260	1587	19.3598
ERR13927576.14261	1572	15.1559
ERR13927576.14262	1575	20.9714
ERR13927576.14263	1587	16.4342
ERR13927576.14264	1186	18.6568
ERR13927576.14265	1530	17.6510
ERR13927576.14266	1546	16.5582
ERR13927576.14267	1535	13.9016
ERR13927576.14268	1566	16.2688
ERR13927576.14269	1561	15.1537
ERR13927576.14270	1581	18.6850
ERR13927576.14271	1535	17.5199
ERR13927576.14272	1558	18.4339
ERR13927576.14273	1582	19.2541
ERR13927576.14274	904	16.5476
ERR13927576.14275	1546	14.9172
ERR13927576.14276	1559	18.4112
ERR13927576.14277	1568	19.3476
ERR13927576.14278	1564	17.9290
ERR13927576.14279	1502	16.3941
ERR13927576.14280	1592	17.0754
ERR13927576.14281	1568	17.8622
ERR13927576.14282	1528	16.4941
ERR13927576.14283	1577	16.6424
ERR13927576.14284	1547	15.3911
ERR13927576.14285	1563	15.6264
ERR13927576.14286	1560	20.2910
ERR13927576.14287	1563	18.1440
ERR13927576.14288	1553	16.6510
ERR13927576.14289	1620	18.4426
ERR13927576.14290	1577	18.4731
ERR13927576.14291	1540	17.6727
ERR13927576.14292	1542	14.9112
ERR13927576.14293	1560	17.9821
ERR13927576.14294	1581	15.2562
ERR13927576.14295	1008	15.3224
ERR13927576.14296	1566	18.9176
ERR13927576.14297	1521	14.7390
ERR13927576.14298	1579	18.4313
ERR13927576.14299	1546	14.2063
ERR13927576.14300	1560	16.4795
ERR13927576.14301	1507	16.9940
ERR13927576.14302	1568	18.5019
ERR13927576.14303	1579	17.8803
ERR13927576.14304	763	16.3473
ERR13927576.14305	438	14.2374
ERR13927576.14306	1548	15.8527
ERR13927576.14307	1627	16.4610
ERR13927576.14308	1571	15.7810
ERR13927576.14309	1579	17.8512
ERR13927576.14310	1550	17.7684
ERR13927576.14311	1550	16.5839
ERR13927576.14312	1582	15.8609
ERR13927576.14313	1583	17.4220
ERR13927576.14314	1556	18.8824
ERR13927576.14315	1328	18.0964
ERR13927576.14316	1603	16.9682
ERR13927576.14317	1561	15.5605
ERR13927576.14318	1594	16.7321
ERR13927576.14319	1553	16.2228
ERR13927576.14320	1552	14.8196
ERR13927576.14321	1529	17.3309
ERR13927576.14322	1532	16.5287
ERR13927576.14323	1541	17.6768
ERR13927576.14324	1589	15.5343
ERR13927576.14325	1536	16.7826
ERR13927576.14326	1571	16.2088
ERR13927576.14327	1547	16.1196
ERR13927576.14328	1529	15.2243
ERR13927576.14329	1559	14.5350
ERR13927576.14330	1620	16.2753
ERR13927576.14331	1515	15.7703
ERR13927576.14332	1551	17.5416
ERR13927576.14333	1554	16.8822
ERR13927576.14334	1589	15.2335
ERR13927576.14335	1548	18.3488
ERR13927576.14336	1480	15.5980
ERR13927576.14337	1578	16.5450
ERR13927576.14338	1587	14.2999
ERR13927576.14339	1539	16.1637
ERR13927576.14340	1554	18.5290
ERR13927576.14341	1543	19.3441
ERR13927576.14342	1519	18.1376
ERR13927576.14343	1542	15.7153
ERR13927576.14344	1548	17.8902
ERR13927576.14345	1552	17.2784
ERR13927576.14346	1554	17.2735
ERR13927576.14347	1516	15.1840
ERR13927576.14348	1602	16.7640
ERR13927576.14349	1540	17.1578
ERR13927576.14350	1528	15.8436
ERR13927576.14351	1520	15.8039
ERR13927576.14352	1564	18.3382
ERR13927576.14353	1561	17.0596
ERR13927576.14354	1525	14.7259
ERR13927576.14355	1571	18.3055
ERR13927576.14356	1561	15.8937
ERR13927576.14357	1565	14.9157
ERR13927576.14358	1540	15.6753
ERR13927576.14359	1587	18.4587
ERR13927576.14360	1440	16.3986
ERR13927576.14361	1585	18.4341
ERR13927576.14362	1579	17.0665
ERR13927576.14363	1028	16.2442
ERR13927576.14364	1568	20.6741
ERR13927576.14365	1547	17.3109
ERR13927576.14366	1552	16.5825
ERR13927576.14367	1605	16.1826
ERR13927576.14368	1638	18.6593
ERR13927576.14369	1382	16.6223
ERR13927576.14370	1558	14.7901
ERR13927576.14371	1579	14.7980
ERR13927576.14372	997	14.8526
ERR13927576.14373	1649	18.3184
ERR13927576.14374	1579	19.6137
ERR13927576.14375	846	18.8121
ERR13927576.14376	1511	15.5983
ERR13927576.14377	1559	19.2226
ERR13927576.14378	299	13.8662
ERR13927576.14379	1588	17.3986
ERR13927576.14380	1535	14.1036
ERR13927576.14381	1576	19.3718
ERR13927576.14382	1560	16.3372
ERR13927576.14383	1566	17.0351
ERR13927576.14384	1602	17.0737
ERR13927576.14385	1561	16.3652
ERR13927576.14386	1570	18.0535
ERR13927576.14387	1575	19.4927
ERR13927576.14388	1565	15.4875
ERR13927576.14389	1550	16.5658
ERR13927576.14390	1254	17.2751
ERR13927576.14391	1573	20.5435
ERR13927576.14392	1591	18.6725
ERR13927576.14393	1543	14.7511
ERR13927576.14394	1547	16.8662
ERR13927576.14395	1558	15.3684
ERR13927576.14396	1582	15.7174
ERR13927576.14397	1530	16.8438
ERR13927576.14398	1563	19.4031
ERR13927576.14399	1561	21.4266
ERR13927576.14400	1548	15.4606
ERR13927576.14401	1573	18.7667
ERR13927576.14402	1565	18.7629
ERR13927576.14403	1568	17.3935
ERR13927576.14404	1526	14.9836
ERR13927576.14405	1561	18.6323
ERR13927576.14406	1525	16.3069
ERR13927576.14407	1468	15.2302
ERR13927576.14408	1544	17.4961
ERR13927576.14409	1576	17.7798
ERR13927576.14410	1579	18.7834
ERR13927576.14411	1550	17.2929
ERR13927576.14412	1577	19.6684
ERR13927576.14413	1602	19.4625
ERR13927576.14414	1493	20.5144
ERR13927576.14415	1609	19.1579
ERR13927576.14416	1535	15.2072
ERR13927576.14417	1554	17.5991
ERR13927576.14418	1552	19.2693
ERR13927576.14419	1555	21.0527
ERR13927576.14420	1534	17.2718
ERR13927576.14421	1496	15.0368
ERR13927576.14422	1467	16.7914
ERR13927576.14423	578	18.3478
ERR13927576.14424	1553	16.7701
ERR13927576.14425	1519	16.6959
ERR13927576.14426	1566	16.2107
ERR13927576.14427	1566	16.6443
ERR13927576.14428	1538	17.6021
ERR13927576.14429	1571	16.2298
ERR13927576.14430	1562	18.3143
ERR13927576.14431	1531	15.7583
ERR13927576.14432	1557	16.3012
ERR13927576.14433	1569	18.7565
ERR13927576.14434	1476	16.6484
ERR13927576.14435	1551	14.7202
ERR13927576.14436	1533	15.5832
ERR13927576.14437	1547	15.8539
ERR13927576.14438	1545	17.5696
ERR13927576.14439	1557	19.8099
ERR13927576.14440	1559	16.2514
ERR13927576.14441	1550	15.6729
ERR13927576.14442	1586	19.2699
ERR13927576.14443	1532	16.5725
ERR13927576.14444	1568	16.7685
ERR13927576.14445	1308	15.4656
ERR13927576.14446	1576	16.9150
ERR13927576.14447	1567	17.3414
ERR13927576.14448	1581	19.3820
ERR13927576.14449	1580	16.9127
ERR13927576.14450	1543	17.8762
ERR13927576.14451	1594	18.0483
ERR13927576.14452	1569	15.1517
ERR13927576.14453	1585	18.5596
ERR13927576.14454	1558	15.9833
ERR13927576.14455	1517	14.5742
ERR13927576.14456	1555	18.5158
ERR13927576.14457	1605	15.7913
ERR13927576.14458	1026	13.9298
ERR13927576.14459	1532	16.1168
ERR13927576.14460	1555	19.5685
ERR13927576.14461	1537	14.4717
ERR13927576.14462	1581	17.1809
ERR13927576.14463	1579	17.6048
ERR13927576.14464	1568	18.2634
ERR13927576.14465	1571	14.8842
ERR13927576.14466	1535	16.0710
ERR13927576.14467	1540	17.7643
ERR13927576.14468	1576	18.9181
ERR13927576.14469	1544	14.6930
ERR13927576.14470	1537	15.6727
ERR13927576.14471	1556	17.8985
ERR13927576.14472	1550	17.3994
ERR13927576.14473	1578	16.9823
ERR13927576.14474	1588	18.0006
ERR13927576.14475	1605	19.3265
ERR13927576.14476	1626	18.5830
ERR13927576.14477	1575	15.3479
ERR13927576.14478	1571	15.9968
ERR13927576.14479	1562	19.4430
ERR13927576.14480	1578	17.4240
ERR13927576.14481	3001	16.3599
ERR13927576.14482	1566	15.9802
ERR13927576.14483	1597	16.8560
ERR13927576.14484	1572	16.5280
ERR13927576.14485	1504	14.5000
ERR13927576.14486	1471	15.9320
ERR13927576.14487	1554	18.1918
ERR13927576.14488	1587	15.3724
ERR13927576.14489	1573	16.5346
ERR13927576.14490	454	17.2357
ERR13927576.14491	1518	15.2477
ERR13927576.14492	1571	17.3520
ERR13927576.14493	1554	16.9183
ERR13927576.14494	1558	19.6804
ERR13927576.14495	1575	16.7143
ERR13927576.14496	1568	18.1110
ERR13927576.14497	1560	15.6218
ERR13927576.14498	1577	17.0000
ERR13927576.14499	1550	15.2981
ERR13927576.14500	1556	15.6549
ERR13927576.14501	1565	18.8026
ERR13927576.14502	1553	14.9337
ERR13927576.14503	1545	14.1644
ERR13927576.14504	1568	15.1811
ERR13927576.14505	1548	18.3766
ERR13927576.14506	1562	20.5980
ERR13927576.14507	1550	16.8723
ERR13927576.14508	1573	15.6243
ERR13927576.14509	1570	16.8293
ERR13927576.14510	1586	16.7554
ERR13927576.14511	1544	15.9190
ERR13927576.14512	1728	18.0469
ERR13927576.14513	1579	15.3407
ERR13927576.14514	1580	16.7690
ERR13927576.14515	1539	21.4301
ERR13927576.14516	1555	19.8720
ERR13927576.14517	1513	15.7515
ERR13927576.14518	1593	17.2084
ERR13927576.14519	1551	17.2276
ERR13927576.14520	1590	18.1660
ERR13927576.14521	1529	15.4415
ERR13927576.14522	1582	19.3805
ERR13927576.14523	1598	18.4124
ERR13927576.14524	1565	19.4709
ERR13927576.14525	1545	16.8272
ERR13927576.14526	1582	16.1643
ERR13927576.14527	1545	17.0013
ERR13927576.14528	1527	15.7800
ERR13927576.14529	1570	19.2637
ERR13927576.14530	1560	17.8609
ERR13927576.14531	1562	16.3784
ERR13927576.14532	1138	16.0764
ERR13927576.14533	1577	18.7432
ERR13927576.14534	1553	17.7733
ERR13927576.14535	1546	15.7503
ERR13927576.14536	1561	14.2940
ERR13927576.14537	1535	17.7954
ERR13927576.14538	1587	19.6345
ERR13927576.14539	1594	15.8576
ERR13927576.14540	1544	17.8731
ERR13927576.14541	1556	17.7262
ERR13927576.14542	1600	15.0544
ERR13927576.14543	1600	16.2269
ERR13927576.14544	1560	18.3949
ERR13927576.14545	1633	16.9149
ERR13927576.14546	1546	17.4502
ERR13927576.14547	1559	15.4067
ERR13927576.14548	1527	15.4303
ERR13927576.14549	1566	18.5990
ERR13927576.14550	1562	16.3419
ERR13927576.14551	1568	17.0593
ERR13927576.14552	1510	15.2517
ERR13927576.14553	1550	16.4581
ERR13927576.14554	1578	17.4651
ERR13927576.14555	1559	16.6421
ERR13927576.14556	1564	18.5345
ERR13927576.14557	1565	20.8537
ERR13927576.14558	1582	14.9722
ERR13927576.14559	1603	19.7442
ERR13927576.14560	1534	15.5815
ERR13927576.14561	1536	15.8659
ERR13927576.14562	1538	15.1099
ERR13927576.14563	1622	16.3625
ERR13927576.14564	1519	15.2877
ERR13927576.14565	1589	16.5035
ERR13927576.14566	1546	18.4508
ERR13927576.14567	1591	17.2074
ERR13927576.14568	1602	17.8165
ERR13927576.14569	1557	20.3834
ERR13927576.14570	1527	15.5429
ERR13927576.14571	1572	15.3079
ERR13927576.14572	1553	18.0921
ERR13927576.14573	1548	18.8559
ERR13927576.14574	1571	17.2578
ERR13927576.14575	1547	17.6930
ERR13927576.14576	1559	19.3169
ERR13927576.14577	1545	17.1489
ERR13927576.14578	1555	17.4695
ERR13927576.14579	1559	16.8409
ERR13927576.14580	1526	16.4535
ERR13927576.14581	1582	18.3477
ERR13927576.14582	1583	16.1409
ERR13927576.14583	1568	14.5402
ERR13927576.14584	1548	15.2584
ERR13927576.14585	1583	19.2660
ERR13927576.14586	1530	16.8288
ERR13927576.14587	1566	18.3250
ERR13927576.14588	1584	17.8264
ERR13927576.14589	1546	16.3254
ERR13927576.14590	1524	17.1417
ERR13927576.14591	1532	16.2852
ERR13927576.14592	1585	15.0385
ERR13927576.14593	1565	14.6000
ERR13927576.14594	1574	19.0451
ERR13927576.14595	1578	17.9221
ERR13927576.14596	1542	18.5966
ERR13927576.14597	1565	16.2786
ERR13927576.14598	1556	15.2641
ERR13927576.14599	1543	16.5483
ERR13927576.14600	1532	16.7644
ERR13927576.14601	1563	16.1683
ERR13927576.14602	1550	20.0116
ERR13927576.14603	1562	18.5397
ERR13927576.14604	1559	15.0654
ERR13927576.14605	1541	18.6080
ERR13927576.14606	1539	15.2567
ERR13927576.14607	1600	17.7794
ERR13927576.14608	1554	17.7033
ERR13927576.14609	1276	17.4036
ERR13927576.14610	1558	15.4493
ERR13927576.14611	1570	17.7280
ERR13927576.14612	1573	16.2072
ERR13927576.14613	1503	16.2462
ERR13927576.14614	1568	16.4088
ERR13927576.14615	1568	17.8948
ERR13927576.14616	1528	15.4208
ERR13927576.14617	1561	15.0250
ERR13927576.14618	1544	19.6956
ERR13927576.14619	1556	15.2956
ERR13927576.14620	1574	17.3126
ERR13927576.14621	1591	18.2439
ERR13927576.14622	1597	14.9198
ERR13927576.14623	1533	16.2570
ERR13927576.14624	1566	19.3174
ERR13927576.14625	1550	18.5368
ERR13927576.14626	1548	19.0601
ERR13927576.14627	1580	19.4601
ERR13927576.14628	875	15.6869
ERR13927576.14629	1581	17.1176
ERR13927576.14630	1566	16.5032
ERR13927576.14631	1516	17.5198
ERR13927576.14632	1596	15.5351
ERR13927576.14633	817	16.0991
ERR13927576.14634	1528	15.9601
ERR13927576.14635	1566	18.5734
ERR13927576.14636	1542	14.6349
ERR13927576.14637	1544	16.4845
ERR13927576.14638	1538	15.8433
ERR13927576.14639	1508	15.5378
ERR13927576.14640	1559	15.8890
ERR13927576.14641	1532	15.0633
ERR13927576.14642	1576	15.2862
ERR13927576.14643	1497	15.6987
ERR13927576.14644	1522	14.1189
ERR13927576.14645	1577	15.3202
ERR13927576.14646	1594	16.6895
ERR13927576.14647	1569	17.3193
ERR13927576.14648	1550	19.3548
ERR13927576.14649	1558	16.7869
ERR13927576.14650	1559	18.3688
ERR13927576.14651	1570	16.8732
ERR13927576.14652	1576	18.2563
ERR13927576.14653	1544	14.5110
ERR13927576.14654	1581	17.9032
ERR13927576.14655	1591	18.1232
ERR13927576.14656	1537	16.0872
ERR13927576.14657	1578	17.8599
ERR13927576.14658	1539	15.8246
ERR13927576.14659	1528	15.2866
ERR13927576.14660	1584	18.7191
ERR13927576.14661	1473	16.5961
ERR13927576.14662	1530	15.8725
ERR13927576.14663	1528	18.7840
ERR13927576.14664	1507	14.9131
ERR13927576.14665	1600	18.2737
ERR13927576.14666	1569	15.4328
ERR13927576.14667	1548	18.3708
ERR13927576.14668	1538	18.2776
ERR13927576.14669	1553	15.6761
ERR13927576.14670	1566	18.9112
ERR13927576.14671	1530	16.3366
ERR13927576.14672	1572	17.8690
ERR13927576.14673	1534	15.9022
ERR13927576.14674	1553	15.8532
ERR13927576.14675	1546	15.6759
ERR13927576.14676	1544	17.1937
ERR13927576.14677	1565	18.6696
ERR13927576.14678	1567	16.1232
ERR13927576.14679	1553	15.0341
ERR13927576.14680	1575	17.9879
ERR13927576.14681	1567	20.3542
ERR13927576.14682	1548	14.4729
ERR13927576.14683	1590	20.6868
ERR13927576.14684	1573	14.0890
ERR13927576.14685	1542	15.4027
ERR13927576.14686	1557	17.4284
ERR13927576.14687	1522	17.2898
ERR13927576.14688	860	15.6314
ERR13927576.14689	1608	15.4030
ERR13927576.14690	1542	16.3262
ERR13927576.14691	1526	16.3480
ERR13927576.14692	1200	14.9017
ERR13927576.14693	1585	14.6088
ERR13927576.14694	1568	16.9974
ERR13927576.14695	1547	17.3077
ERR13927576.14696	1574	15.2001
ERR13927576.14697	1553	18.0940
ERR13927576.14698	1608	15.0833
ERR13927576.14699	1533	17.5682
ERR13927576.14700	1553	17.3722
ERR13927576.14701	1591	16.4701
ERR13927576.14702	1536	16.5150
ERR13927576.14703	1557	17.7983
ERR13927576.14704	1570	16.1631
ERR13927576.14705	1564	18.1637
ERR13927576.14706	1550	16.6271
ERR13927576.14707	1572	17.6520
ERR13927576.14708	1556	18.0720
ERR13927576.14709	1637	18.9120
ERR13927576.14710	868	19.5012
ERR13927576.14711	1529	15.9817
ERR13927576.14712	1566	17.4470
ERR13927576.14713	1557	16.4599
ERR13927576.14714	1567	17.4761
ERR13927576.14715	1669	17.9203
ERR13927576.14716	1563	18.7377
ERR13927576.14717	1570	16.5822
ERR13927576.14718	1557	17.3751
ERR13927576.14719	1555	14.8514
ERR13927576.14720	1558	16.7452
ERR13927576.14721	1499	16.2322
ERR13927576.14722	1578	18.3504
ERR13927576.14723	1576	17.1402
ERR13927576.14724	1548	14.9296
ERR13927576.14725	1555	17.7203
ERR13927576.14726	1529	15.8143
ERR13927576.14727	1555	17.5029
ERR13927576.14728	1553	15.9536
ERR13927576.14729	1553	16.7077
ERR13927576.14730	1549	17.5171
ERR13927576.14731	1581	17.3593
ERR13927576.14732	1590	17.7440
ERR13927576.14733	1560	16.7840
ERR13927576.14734	1591	17.1163
ERR13927576.14735	1555	20.1653
ERR13927576.14736	1568	15.5925
ERR13927576.14737	1560	17.0160
ERR13927576.14738	1567	16.8953
ERR13927576.14739	1603	18.2140
ERR13927576.14740	1558	18.1252
ERR13927576.14741	1258	19.4404
ERR13927576.14742	1538	14.9395
ERR13927576.14743	1615	17.9721
ERR13927576.14744	1547	15.9379
ERR13927576.14745	1569	19.6947
ERR13927576.14746	1573	18.2250
ERR13927576.14747	1543	15.6319
ERR13927576.14748	1560	15.7865
ERR13927576.14749	1555	17.0405
ERR13927576.14750	1502	16.2230
ERR13927576.14751	1575	19.4781
ERR13927576.14752	1463	14.9077
ERR13927576.14753	1577	19.1655
ERR13927576.14754	1268	17.6270
ERR13927576.14755	1526	16.2012
ERR13927576.14756	1596	18.9912
ERR13927576.14757	1529	19.3859
ERR13927576.14758	1556	19.6710
ERR13927576.14759	1531	17.0294
ERR13927576.14760	1515	15.6436
ERR13927576.14761	1556	17.2249
ERR13927576.14762	1556	16.0572
ERR13927576.14763	1582	17.6258
ERR13927576.14764	1532	16.3238
ERR13927576.14765	1583	16.2527
ERR13927576.14766	1552	19.2429
ERR13927576.14767	1570	18.1675
ERR13927576.14768	1585	18.2656
ERR13927576.14769	1558	19.1399
ERR13927576.14770	1570	17.7771
ERR13927576.14771	1578	15.0387
ERR13927576.14772	1593	15.6729
ERR13927576.14773	1505	15.5076
ERR13927576.14774	1543	19.2832
ERR13927576.14775	1611	18.4507
ERR13927576.14776	1541	16.1739
ERR13927576.14777	1538	14.9298
ERR13927576.14778	1566	16.7854
ERR13927576.14779	1560	17.0250
ERR13927576.14780	1580	17.6089
ERR13927576.14781	1557	15.3674
ERR13927576.14782	1550	18.7587
ERR13927576.14783	1580	16.1696
ERR13927576.14784	1547	15.1086
ERR13927576.14785	1571	16.8822
ERR13927576.14786	1553	16.2795
ERR13927576.14787	1565	18.4058
ERR13927576.14788	1611	17.3706
ERR13927576.14789	1631	14.5328
ERR13927576.14790	1590	17.2340
ERR13927576.14791	1556	16.2179
ERR13927576.14792	1575	16.8457
ERR13927576.14793	1528	16.7696
ERR13927576.14794	1560	15.9378
ERR13927576.14795	1546	15.4411
ERR13927576.14796	1562	17.8182
ERR13927576.14797	1574	14.1798
ERR13927576.14798	1590	18.3597
ERR13927576.14799	1525	16.2190
ERR13927576.14800	1560	19.0808
ERR13927576.14801	1541	15.1843
ERR13927576.14802	1556	17.7590
ERR13927576.14803	1526	14.6206
ERR13927576.14804	1563	15.6424
ERR13927576.14805	1584	16.8466
ERR13927576.14806	1597	16.5698
ERR13927576.14807	1621	14.4343
ERR13927576.14808	1573	19.8023
ERR13927576.14809	1594	19.0232
ERR13927576.14810	1603	17.7654
ERR13927576.14811	1574	15.3348
ERR13927576.14812	1551	15.3030
ERR13927576.14813	1552	17.0767
ERR13927576.14814	1486	18.6911
ERR13927576.14815	1583	15.9848
ERR13927576.14816	496	16.7379
ERR13927576.14817	1592	18.1928
ERR13927576.14818	1487	15.6880
ERR13927576.14819	1556	19.2918
ERR13927576.14820	1569	18.2237
ERR13927576.14821	1542	16.9436
ERR13927576.14822	1545	15.6706
ERR13927576.14823	1546	18.4812
ERR13927576.14824	1562	16.5864
ERR13927576.14825	1557	19.2563
ERR13927576.14826	1685	17.6677
ERR13927576.14827	1210	15.5240
ERR13927576.14828	1561	19.0038
ERR13927576.14829	1587	16.1727
ERR13927576.14830	1480	16.0074
ERR13927576.14831	1525	14.6498
ERR13927576.14832	1551	19.1638
ERR13927576.14833	1576	16.9613
ERR13927576.14834	1572	16.3899
ERR13927576.14835	208	13.2067
ERR13927576.14836	1566	15.1456
ERR13927576.14837	1570	16.0809
ERR13927576.14838	1543	16.2385
ERR13927576.14839	1556	18.5456
ERR13927576.14840	1573	16.1500
ERR13927576.14841	1585	17.3710
ERR13927576.14842	1554	16.3108
ERR13927576.14843	1587	17.5388
ERR13927576.14844	1568	16.0606
ERR13927576.14845	1552	20.2500
ERR13927576.14846	1587	18.6408
ERR13927576.14847	1562	17.0877
ERR13927576.14848	1518	16.9065
ERR13927576.14849	1535	17.9388
ERR13927576.14850	1578	17.1420
ERR13927576.14851	1565	20.7821
ERR13927576.14852	1564	17.3747
ERR13927576.14853	1573	16.2848
ERR13927576.14854	1568	19.1212
ERR13927576.14855	1569	16.4780
ERR13927576.14856	1556	17.0206
ERR13927576.14857	1563	19.1113
ERR13927576.14858	1574	14.8126
ERR13927576.14859	1608	18.4148
ERR13927576.14860	1558	16.3479
ERR13927576.14861	1555	15.5498
ERR13927576.14862	1515	14.8502
ERR13927576.14863	1613	14.8977
ERR13927576.14864	1547	16.5133
ERR13927576.14865	1620	16.2821
ERR13927576.14866	1566	17.0172
ERR13927576.14867	1022	15.5401
ERR13927576.14868	1544	15.5278
ERR13927576.14869	1574	19.5152
ERR13927576.14870	1090	14.0092
ERR13927576.14871	1525	15.5613
ERR13927576.14872	1551	16.0419
ERR13927576.14873	1554	14.2252
ERR13927576.14874	1555	17.4270
ERR13927576.14875	1582	14.1827
ERR13927576.14876	1565	17.7987
ERR13927576.14877	1531	15.1182
ERR13927576.14878	1534	14.6649
ERR13927576.14879	1552	16.9697
ERR13927576.14880	1561	18.9391
ERR13927576.14881	1544	16.2642
ERR13927576.14882	1552	19.7532
ERR13927576.14883	1558	17.4474
ERR13927576.14884	1544	14.9113
ERR13927576.14885	1538	15.5917
ERR13927576.14886	1570	18.7618
ERR13927576.14887	1553	16.6240
ERR13927576.14888	1587	18.6830
ERR13927576.14889	1557	19.6256
ERR13927576.14890	1592	18.7726
ERR13927576.14891	1507	16.1632
ERR13927576.14892	1536	19.4629
ERR13927576.14893	1566	14.7791
ERR13927576.14894	1485	15.5178
ERR13927576.14895	1571	19.6238
ERR13927576.14896	1585	15.9659
ERR13927576.14897	1566	17.4240
ERR13927576.14898	1553	15.9433
ERR13927576.14899	1522	16.4455
ERR13927576.14900	1516	15.0099
ERR13927576.14901	1580	15.9797
ERR13927576.14902	1534	16.9387
ERR13927576.14903	840	15.9452
ERR13927576.14904	1544	16.9158
ERR13927576.14905	1620	18.6685
ERR13927576.14906	1610	15.4602
ERR13927576.14907	1582	19.0215
ERR13927576.14908	1588	19.1348
ERR13927576.14909	1570	17.5261
ERR13927576.14910	1545	17.2997
ERR13927576.14911	1589	17.8055
ERR13927576.14912	1527	15.0707
ERR13927576.14913	1552	17.3273
ERR13927576.14914	1292	16.6672
ERR13927576.14915	1538	21.0904
ERR13927576.14916	1569	15.8394
ERR13927576.14917	1515	15.1756
ERR13927576.14918	1517	17.6289
ERR13927576.14919	1574	20.7078
ERR13927576.14920	1562	16.3508
ERR13927576.14921	1553	15.1822
ERR13927576.14922	1549	15.1265
ERR13927576.14923	1594	17.4674
ERR13927576.14924	1567	18.7690
ERR13927576.14925	1545	18.2324
ERR13927576.14926	1551	15.7305
ERR13927576.14927	1553	16.3593
ERR13927576.14928	1564	20.4930
ERR13927576.14929	1557	15.3905
ERR13927576.14930	1572	17.9892
ERR13927576.14931	1534	14.3690
ERR13927576.14932	1573	15.9320
ERR13927576.14933	1557	15.2126
ERR13927576.14934	1534	14.7555
ERR13927576.14935	1539	18.2144
ERR13927576.14936	1589	14.6413
ERR13927576.14937	1597	19.6024
ERR13927576.14938	1576	19.4708
ERR13927576.14939	1561	17.1614
ERR13927576.14940	1562	16.0480
ERR13927576.14941	1571	17.5341
ERR13927576.14942	1504	16.7387
ERR13927576.14943	1563	17.4088
ERR13927576.14944	1586	16.6047
ERR13927576.14945	1550	14.3000
ERR13927576.14946	1578	16.2275
ERR13927576.14947	1593	16.1469
ERR13927576.14948	1574	17.3532
ERR13927576.14949	1572	15.5636
ERR13927576.14950	1569	15.5220
ERR13927576.14951	1583	15.2956
ERR13927576.14952	1567	18.5507
ERR13927576.14953	1555	16.3029
ERR13927576.14954	1552	20.2126
ERR13927576.14955	1491	14.9846
ERR13927576.14956	1577	18.3215
ERR13927576.14957	1538	17.6424
ERR13927576.14958	1559	17.3855
ERR13927576.14959	1595	16.4382
ERR13927576.14960	1579	17.0887
ERR13927576.14961	1510	16.1291
ERR13927576.14962	1566	17.2586
ERR13927576.14963	1569	18.3448
ERR13927576.14964	1562	15.6255
ERR13927576.14965	1195	15.8335
ERR13927576.14966	1585	16.5571
ERR13927576.14967	1578	17.5830
ERR13927576.14968	1410	18.1050
ERR13927576.14969	1564	17.5473
ERR13927576.14970	1569	19.0650
ERR13927576.14971	1553	18.5203
ERR13927576.14972	1554	17.7413
ERR13927576.14973	1570	16.0541
ERR13927576.14974	1567	17.0593
ERR13927576.14975	1590	18.6352
ERR13927576.14976	1547	17.2211
ERR13927576.14977	1561	15.2902
ERR13927576.14978	1566	15.4374
ERR13927576.14979	1574	18.4981
ERR13927576.14980	1543	14.8062
ERR13927576.14981	1578	19.0817
ERR13927576.14982	1520	16.7862
ERR13927576.14983	1537	18.0638
ERR13927576.14984	1576	18.1187
ERR13927576.14985	1564	15.4514
ERR13927576.14986	1504	16.0013
ERR13927576.14987	1578	16.4892
ERR13927576.14988	1568	19.4611
ERR13927576.14989	1527	14.4296
ERR13927576.14990	1553	14.7109
ERR13927576.14991	1565	17.7431
ERR13927576.14992	1545	17.4472
ERR13927576.14993	1564	18.3146
ERR13927576.14994	1563	16.4517
ERR13927576.14995	1525	18.3777
ERR13927576.14996	1607	17.2545
ERR13927576.14997	1565	16.5105
ERR13927576.14998	1530	17.7967
ERR13927576.14999	1542	15.0435
ERR13927576.15000	1562	19.8105
ERR13927576.15001	1587	19.2678
ERR13927576.15002	1580	17.2620
ERR13927576.15003	1558	15.9204
ERR13927576.15004	1530	15.7235
ERR13927576.15005	1557	17.3693
ERR13927576.15006	1570	15.6032
ERR13927576.15007	1562	16.4232
ERR13927576.15008	1545	15.4524
ERR13927576.15009	1578	18.8511
ERR13927576.15010	1589	16.7671
ERR13927576.15011	1832	17.2418
ERR13927576.15012	1559	17.0853
ERR13927576.15013	1073	15.8807
ERR13927576.15014	1492	15.1997
ERR13927576.15015	1567	14.8960
ERR13927576.15016	1500	16.3953
ERR13927576.15017	1509	15.9443
ERR13927576.15018	1513	14.4071
ERR13927576.15019	1545	17.6162
ERR13927576.15020	1549	16.7269
ERR13927576.15021	1569	17.2919
ERR13927576.15022	1578	20.5792
ERR13927576.15023	1523	17.5772
ERR13927576.15024	1557	17.6840
ERR13927576.15025	1549	14.3125
ERR13927576.15026	1595	18.4765
ERR13927576.15027	1580	19.1114
ERR13927576.15028	1575	16.1498
ERR13927576.15029	1578	20.1781
ERR13927576.15030	1604	18.9190
ERR13927576.15031	1535	15.7948
ERR13927576.15032	1610	15.2037
ERR13927576.15033	1555	15.2810
ERR13927576.15034	1550	17.0639
ERR13927576.15035	1516	15.1807
ERR13927576.15036	1567	16.1021
ERR13927576.15037	1575	17.9746
ERR13927576.15038	1506	16.0664
ERR13927576.15039	1579	19.2470
ERR13927576.15040	1539	16.1040
ERR13927576.15041	1568	17.2468
ERR13927576.15042	1535	15.8906
ERR13927576.15043	1578	16.5545
ERR13927576.15044	1590	17.4918
ERR13927576.15045	1559	17.9185
ERR13927576.15046	1555	15.5974
ERR13927576.15047	1598	17.8842
ERR13927576.15048	1560	20.6731
ERR13927576.15049	1341	15.5921
ERR13927576.15050	1506	16.7981
ERR13927576.15051	1519	16.5273
ERR13927576.15052	1527	15.9371
ERR13927576.15053	1569	16.1906
ERR13927576.15054	1572	16.9243
ERR13927576.15055	1592	16.8260
ERR13927576.15056	1606	18.9545
ERR13927576.15057	1605	18.6579
ERR13927576.15058	1550	17.7484
ERR13927576.15059	1482	16.0101
ERR13927576.15060	1544	17.8148
ERR13927576.15061	1544	16.9074
ERR13927576.15062	1552	17.6927
ERR13927576.15063	1566	15.3538
ERR13927576.15064	1564	15.2596
ERR13927576.15065	1553	15.2428
ERR13927576.15066	1562	15.8003
ERR13927576.15067	1547	19.1228
ERR13927576.15068	1576	20.0336
ERR13927576.15069	1550	16.5361
ERR13927576.15070	1580	19.3772
ERR13927576.15071	1574	15.1690
ERR13927576.15072	1579	19.1881
ERR13927576.15073	1525	17.2636
ERR13927576.15074	3157	18.3475
ERR13927576.15075	1559	17.4535
ERR13927576.15076	1568	15.0529
ERR13927576.15077	1590	19.4440
ERR13927576.15078	1558	16.7754
ERR13927576.15079	1552	14.6231
ERR13927576.15080	1522	16.3850
ERR13927576.15081	1598	18.5920
ERR13927576.15082	1576	16.9492
ERR13927576.15083	1611	18.2328
ERR13927576.15084	1557	15.4059
ERR13927576.15085	1596	19.9148
ERR13927576.15086	1503	15.0625
ERR13927576.15087	1548	20.1221
ERR13927576.15088	1569	15.1230
ERR13927576.15089	1526	14.8388
ERR13927576.15090	1576	20.1466
ERR13927576.15091	1524	17.2487
ERR13927576.15092	1558	17.0295
ERR13927576.15093	1523	19.8595
ERR13927576.15094	1578	17.7110
ERR13927576.15095	1538	15.2451
ERR13927576.15096	1589	17.6570
ERR13927576.15097	1572	17.4326
ERR13927576.15098	1542	14.7477
ERR13927576.15099	1558	19.2080
ERR13927576.15100	1530	16.0778
ERR13927576.15101	1518	14.6509
ERR13927576.15102	1540	17.9234
ERR13927576.15103	1558	17.9564
ERR13927576.15104	1586	16.6337
ERR13927576.15105	1561	18.3581
ERR13927576.15106	1544	17.7079
ERR13927576.15107	1543	15.0240
ERR13927576.15108	1580	17.4747
ERR13927576.15109	1574	16.8723
ERR13927576.15110	1554	16.0991
ERR13927576.15111	1576	17.8947
ERR13927576.15112	1496	15.7473
ERR13927576.15113	1567	20.3497
ERR13927576.15114	1254	16.5455
ERR13927576.15115	547	16.4186
ERR13927576.15116	1485	16.2855
ERR13927576.15117	1564	16.4022
ERR13927576.15118	1507	15.5859
ERR13927576.15119	1564	17.4731
ERR13927576.15120	1571	17.2094
ERR13927576.15121	1565	18.4486
ERR13927576.15122	1545	15.4583
ERR13927576.15123	1566	15.7682
ERR13927576.15124	1566	17.9227
ERR13927576.15125	1546	18.2160
ERR13927576.15126	1569	16.0803
ERR13927576.15127	1561	18.7412
ERR13927576.15128	1550	18.2187
ERR13927576.15129	1555	17.1633
ERR13927576.15130	1576	15.9410
ERR13927576.15131	1558	16.7510
ERR13927576.15132	1518	15.8458
ERR13927576.15133	1582	18.4501
ERR13927576.15134	1556	18.8355
ERR13927576.15135	1566	14.8793
ERR13927576.15136	1590	15.8289
ERR13927576.15137	1551	15.9342
ERR13927576.15138	1563	17.4159
ERR13927576.15139	1546	18.1248
ERR13927576.15140	1535	19.1277
ERR13927576.15141	1613	20.2443
ERR13927576.15142	1553	14.8255
ERR13927576.15143	1537	15.9941
ERR13927576.15144	1560	19.3000
ERR13927576.15145	1503	16.1065
ERR13927576.15146	1532	19.7200
ERR13927576.15147	1553	16.3992
ERR13927576.15148	1573	18.5931
ERR13927576.15149	1562	17.9917
ERR13927576.15150	527	15.2372
ERR13927576.15151	1562	16.5749
ERR13927576.15152	1553	18.8345
ERR13927576.15153	1581	18.2397
ERR13927576.15154	1567	18.0057
ERR13927576.15155	1604	17.1234
ERR13927576.15156	1536	15.5397
ERR13927576.15157	1559	17.0975
ERR13927576.15158	1576	17.1155
ERR13927576.15159	1576	17.0768
ERR13927576.15160	1544	16.0706
ERR13927576.15161	1517	18.2399
ERR13927576.15162	1596	14.9624
ERR13927576.15163	1550	16.2813
ERR13927576.15164	1618	16.4079
ERR13927576.15165	1139	14.8753
ERR13927576.15166	1550	15.4968
ERR13927576.15167	1571	22.7925
ERR13927576.15168	1503	16.2269
ERR13927576.15169	1582	14.9387
ERR13927576.15170	1555	17.1884
ERR13927576.15171	1587	18.2023
ERR13927576.15172	1549	17.7218
ERR13927576.15173	1587	14.9080
ERR13927576.15174	1559	15.1918
ERR13927576.15175	1599	17.6554
ERR13927576.15176	1496	15.9231
ERR13927576.15177	1559	14.8044
ERR13927576.15178	1520	15.8737
ERR13927576.15179	1564	22.4463
ERR13927576.15180	1538	16.6658
ERR13927576.15181	1596	16.4787
ERR13927576.15182	1590	17.5730
ERR13927576.15183	1563	15.2220
ERR13927576.15184	1578	18.6850
ERR13927576.15185	1521	17.9428
ERR13927576.15186	1544	17.8439
ERR13927576.15187	1564	16.9086
ERR13927576.15188	1553	18.3619
ERR13927576.15189	1546	16.2833
ERR13927576.15190	1518	18.7352
ERR13927576.15191	1570	17.4420
ERR13927576.15192	1575	16.0102
ERR13927576.15193	1567	17.5839
ERR13927576.15194	1571	18.1088
ERR13927576.15195	1596	16.9624
ERR13927576.15196	1569	20.3881
ERR13927576.15197	1588	17.1234
ERR13927576.15198	1558	16.8036
ERR13927576.15199	1555	18.3801
ERR13927576.15200	1577	15.7838
ERR13927576.15201	1535	15.0678
ERR13927576.15202	1557	14.8221
ERR13927576.15203	1569	19.0542
ERR13927576.15204	1523	16.6815
ERR13927576.15205	1587	16.5388
ERR13927576.15206	1545	16.2660
ERR13927576.15207	1561	17.6624
ERR13927576.15208	1541	14.6574
ERR13927576.15209	1545	17.0129
ERR13927576.15210	1574	18.7065
ERR13927576.15211	1526	14.0721
ERR13927576.15212	1545	17.4129
ERR13927576.15213	1576	17.3782
ERR13927576.15214	1545	16.2505
ERR13927576.15215	1609	18.1771
ERR13927576.15216	1564	16.7801
ERR13927576.15217	1559	14.6369
ERR13927576.15218	1488	15.4671
ERR13927576.15219	1492	14.9263
ERR13927576.15220	1551	19.7840
ERR13927576.15221	1531	16.0999
ERR13927576.15222	1595	15.7762
ERR13927576.15223	1528	15.3887
ERR13927576.15224	1555	17.9646
ERR13927576.15225	1510	14.3298
ERR13927576.15226	1563	16.9040
ERR13927576.15227	1520	15.7158
ERR13927576.15228	1583	16.6064
ERR13927576.15229	1568	17.1926
ERR13927576.15230	1575	19.4127
ERR13927576.15231	1580	17.9570
ERR13927576.15232	1550	16.8426
ERR13927576.15233	1566	16.0747
ERR13927576.15234	1514	16.1143
ERR13927576.15235	1584	18.0145
ERR13927576.15236	1556	17.3021
ERR13927576.15237	1561	15.3575
ERR13927576.15238	1544	14.8737
ERR13927576.15239	1526	18.0603
ERR13927576.15240	1488	15.0632
ERR13927576.15241	1556	17.8657
ERR13927576.15242	1537	16.7476
ERR13927576.15243	1544	17.5317
ERR13927576.15244	1544	15.2649
ERR13927576.15245	1539	15.1631
ERR13927576.15246	1579	16.7118
ERR13927576.15247	1563	17.7505
ERR13927576.15248	1564	17.0339
ERR13927576.15249	1590	15.8195
ERR13927576.15250	1544	16.2150
ERR13927576.15251	1558	20.4506
ERR13927576.15252	1563	18.0141
ERR13927576.15253	1595	18.7542
ERR13927576.15254	1613	19.9002
ERR13927576.15255	1559	20.4227
ERR13927576.15256	1533	19.3588
ERR13927576.15257	1540	17.5071
ERR13927576.15258	1563	18.1491
ERR13927576.15259	1511	14.3759
ERR13927576.15260	1551	15.4462
ERR13927576.15261	1548	14.9483
ERR13927576.15262	1578	19.6768
ERR13927576.15263	1575	21.1111
ERR13927576.15264	1541	18.3134
ERR13927576.15265	1542	14.3923
ERR13927576.15266	1584	16.6269
ERR13927576.15267	1293	19.6265
ERR13927576.15268	1560	16.0282
ERR13927576.15269	1572	17.4828
ERR13927576.15270	1541	16.8228
ERR13927576.15271	1544	15.7759
ERR13927576.15272	1556	16.6915
ERR13927576.15273	1590	15.2415
ERR13927576.15274	1546	16.6721
ERR13927576.15275	1524	15.5413
ERR13927576.15276	1571	15.8020
ERR13927576.15277	1585	17.6997
ERR13927576.15278	1513	18.0469
ERR13927576.15279	1509	16.6064
ERR13927576.15280	1567	17.4027
ERR13927576.15281	914	17.2702
ERR13927576.15282	1538	17.2529
ERR13927576.15283	1576	15.2335
ERR13927576.15284	215	16.4279
ERR13927576.15285	1535	14.8274
ERR13927576.15286	1575	15.3314
ERR13927576.15287	1595	18.9348
ERR13927576.15288	1516	15.6563
ERR13927576.15289	1503	17.7425
ERR13927576.15290	1556	19.8541
ERR13927576.15291	1574	18.3640
ERR13927576.15292	1312	17.3011
ERR13927576.15293	1517	15.1490
ERR13927576.15294	1566	17.0377
ERR13927576.15295	705	15.4440
ERR13927576.15296	1550	15.7961
ERR13927576.15297	1580	15.9316
ERR13927576.15298	1541	15.8793
ERR13927576.15299	1578	20.2022
ERR13927576.15300	1536	16.6725
ERR13927576.15301	1556	16.9377
ERR13927576.15302	1533	15.1937
ERR13927576.15303	1554	15.8526
ERR13927576.15304	1578	19.4005
ERR13927576.15305	1560	15.6404
ERR13927576.15306	1571	16.9433
ERR13927576.15307	1522	17.1853
ERR13927576.15308	1538	17.0085
ERR13927576.15309	1557	15.9512
ERR13927576.15310	1547	18.2127
ERR13927576.15311	1526	18.1009
ERR13927576.15312	1557	16.8060
ERR13927576.15313	1550	16.4271
ERR13927576.15314	801	18.4732
ERR13927576.15315	1568	20.1091
ERR13927576.15316	1564	17.0786
ERR13927576.15317	1536	20.5202
ERR13927576.15318	1512	14.7414
ERR13927576.15319	1560	17.3494
ERR13927576.15320	1605	17.7308
ERR13927576.15321	1568	15.9082
ERR13927576.15322	1537	16.3787
ERR13927576.15323	1552	15.6334
ERR13927576.15324	1566	16.3218
ERR13927576.15325	1558	17.2696
ERR13927576.15326	1550	16.4310
ERR13927576.15327	1584	17.0947
ERR13927576.15328	1570	19.3478
ERR13927576.15329	1570	15.8140
ERR13927576.15330	1544	17.2778
ERR13927576.15331	573	15.4328
ERR13927576.15332	609	18.5386
ERR13927576.15333	1548	15.4839
ERR13927576.15334	1589	18.7281
ERR13927576.15335	1539	15.3840
ERR13927576.15336	1592	17.0861
ERR13927576.15337	1595	18.7223
ERR13927576.15338	1591	15.3891
ERR13927576.15339	1511	17.3064
ERR13927576.15340	1542	16.0389
ERR13927576.15341	1577	16.2746
ERR13927576.15342	1577	17.3469
ERR13927576.15343	1229	16.4670
ERR13927576.15344	1556	17.5405
ERR13927576.15345	1606	17.2540
ERR13927576.15346	1566	16.6973
ERR13927576.15347	1477	18.2444
ERR13927576.15348	1557	16.6622
ERR13927576.15349	1573	18.2517
ERR13927576.15350	1563	18.3007
ERR13927576.15351	1602	18.3983
ERR13927576.15352	1503	14.3599
ERR13927576.15353	1560	20.4032
ERR13927576.15354	1522	16.0243
ERR13927576.15355	1512	16.5417
ERR13927576.15356	1552	18.7906
ERR13927576.15357	1613	19.2033
ERR13927576.15358	1592	16.4918
ERR13927576.15359	1523	16.3211
ERR13927576.15360	1539	14.1891
ERR13927576.15361	1493	15.3664
ERR13927576.15362	1534	14.6402
ERR13927576.15363	1609	16.9528
ERR13927576.15364	1572	16.8601
ERR13927576.15365	1510	16.1589
ERR13927576.15366	1549	16.6010
ERR13927576.15367	1555	17.7248
ERR13927576.15368	1548	17.6486
ERR13927576.15369	1546	16.0679
ERR13927576.15370	1542	16.5175
ERR13927576.15371	1570	16.1981
ERR13927576.15372	1569	16.8037
ERR13927576.15373	1555	17.5955
ERR13927576.15374	1500	17.0153
ERR13927576.15375	1503	18.0931
ERR13927576.15376	1485	16.1246
ERR13927576.15377	1556	19.7571
ERR13927576.15378	1567	15.3267
ERR13927576.15379	1525	17.7757
ERR13927576.15380	1568	15.6499
ERR13927576.15381	1538	16.4649
ERR13927576.15382	1090	14.9807
ERR13927576.15383	1575	20.3549
ERR13927576.15384	1517	14.1325
ERR13927576.15385	1628	17.2985
ERR13927576.15386	1567	16.9170
ERR13927576.15387	1540	17.2773
ERR13927576.15388	1528	14.1243
ERR13927576.15389	1584	16.9684
ERR13927576.15390	1566	16.5741
ERR13927576.15391	1558	16.2150
ERR13927576.15392	1564	15.5838
ERR13927576.15393	1570	20.4229
ERR13927576.15394	1576	16.6352
ERR13927576.15395	1553	15.7624
ERR13927576.15396	1576	16.9461
ERR13927576.15397	1582	16.7756
ERR13927576.15398	1653	16.1900
ERR13927576.15399	1541	17.7463
ERR13927576.15400	1573	19.4005
ERR13927576.15401	1558	17.4827
ERR13927576.15402	1531	16.0660
ERR13927576.15403	1536	17.5430
ERR13927576.15404	1560	17.9295
ERR13927576.15405	1564	17.8024
ERR13927576.15406	1566	17.6533
ERR13927576.15407	1514	16.4458
ERR13927576.15408	1567	18.4608
ERR13927576.15409	1565	16.3923
ERR13927576.15410	1523	16.0204
ERR13927576.15411	1551	17.0413
ERR13927576.15412	1590	15.0862
ERR13927576.15413	1550	18.3387
ERR13927576.15414	1547	18.6936
ERR13927576.15415	1540	16.3253
ERR13927576.15416	1558	16.0700
ERR13927576.15417	1507	16.1102
ERR13927576.15418	1596	17.1266
ERR13927576.15419	1562	16.0512
ERR13927576.15420	1496	16.9151
ERR13927576.15421	1560	17.1314
ERR13927576.15422	1579	18.3743
ERR13927576.15423	1539	14.8129
ERR13927576.15424	1526	16.4260
ERR13927576.15425	1558	18.8626
ERR13927576.15426	1563	15.4357
ERR13927576.15427	1553	16.6008
ERR13927576.15428	1459	15.1460
ERR13927576.15429	1577	18.8535
ERR13927576.15430	1555	17.4347
ERR13927576.15431	1585	17.5028
ERR13927576.15432	1566	18.6041
ERR13927576.15433	1569	14.9924
ERR13927576.15434	1567	17.3306
ERR13927576.15435	1582	16.0986
ERR13927576.15436	1572	19.3747
ERR13927576.15437	1547	19.2159
ERR13927576.15438	1517	16.1813
ERR13927576.15439	1323	15.3522
ERR13927576.15440	1515	16.9215
ERR13927576.15441	1562	17.9270
ERR13927576.15442	1590	16.6893
ERR13927576.15443	1493	18.1052
ERR13927576.15444	1535	18.8756
ERR13927576.15445	1571	16.5080
ERR13927576.15446	1614	15.3928
ERR13927576.15447	1540	15.9104
ERR13927576.15448	1191	16.5029
ERR13927576.15449	1570	15.8803
ERR13927576.15450	1559	17.0680
ERR13927576.15451	1583	20.1011
ERR13927576.15452	1528	18.8887
ERR13927576.15453	1545	16.0155
ERR13927576.15454	1579	15.6485
ERR13927576.15455	1527	16.4185
ERR13927576.15456	1558	16.3107
ERR13927576.15457	1569	17.2390
ERR13927576.15458	1382	20.2019
ERR13927576.15459	1561	18.4190
ERR13927576.15460	1582	16.2699
ERR13927576.15461	1575	18.2051
ERR13927576.15462	1578	19.6198
ERR13927576.15463	1547	16.6820
ERR13927576.15464	1573	20.5410
ERR13927576.15465	1527	14.7138
ERR13927576.15466	1530	13.6588
ERR13927576.15467	1557	17.9782
ERR13927576.15468	1536	16.8464
ERR13927576.15469	1577	17.5219
ERR13927576.15470	1538	20.6678
ERR13927576.15471	1595	18.2351
ERR13927576.15472	1567	19.0970
ERR13927576.15473	1501	14.7435
ERR13927576.15474	1502	15.3236
ERR13927576.15475	995	14.6111
ERR13927576.15476	1559	15.9846
ERR13927576.15477	1598	19.1164
ERR13927576.15478	1517	16.3500
ERR13927576.15479	1539	15.5789
ERR13927576.15480	1554	17.1171
ERR13927576.15481	1569	19.2741
ERR13927576.15482	1270	15.1858
ERR13927576.15483	1568	15.5485
ERR13927576.15484	1570	14.8936
ERR13927576.15485	1555	15.0199
ERR13927576.15486	1544	16.8284
ERR13927576.15487	1577	17.2391
ERR13927576.15488	1556	16.0244
ERR13927576.15489	1582	16.5771
ERR13927576.15490	1563	17.0096
ERR13927576.15491	1587	15.2672
ERR13927576.15492	1499	18.4109
ERR13927576.15493	1563	18.7530
ERR13927576.15494	1564	15.7647
ERR13927576.15495	1482	18.0277
ERR13927576.15496	1558	16.4807
ERR13927576.15497	1558	16.4968
ERR13927576.15498	1562	16.8700
ERR13927576.15499	1535	17.5088
ERR13927576.15500	1575	18.0565
ERR13927576.15501	1505	14.6997
ERR13927576.15502	1570	15.5580
ERR13927576.15503	1529	16.4147
ERR13927576.15504	1536	17.0221
ERR13927576.15505	1566	20.2292
ERR13927576.15506	1580	16.7652
ERR13927576.15507	1590	19.7245
ERR13927576.15508	1533	20.3770
ERR13927576.15509	1578	16.8409
ERR13927576.15510	1561	19.2357
ERR13927576.15511	1570	18.6624
ERR13927576.15512	1578	18.6749
ERR13927576.15513	1601	14.9706
ERR13927576.15514	1549	19.6688
ERR13927576.15515	1596	17.1291
ERR13927576.15516	1564	17.1643
ERR13927576.15517	1512	17.8538
ERR13927576.15518	1582	17.1751
ERR13927576.15519	1574	17.4924
ERR13927576.15520	1551	16.6609
ERR13927576.15521	529	14.7618
ERR13927576.15522	1052	13.2291
ERR13927576.15523	1559	16.8076
ERR13927576.15524	1537	14.6851
ERR13927576.15525	1558	16.9024
ERR13927576.15526	1514	15.9974
ERR13927576.15527	1527	15.3307
ERR13927576.15528	1554	15.5843
ERR13927576.15529	1537	15.6194
ERR13927576.15530	1559	18.4310
ERR13927576.15531	1541	15.5860
ERR13927576.15532	1604	17.7444
ERR13927576.15533	397	16.0126
ERR13927576.15534	1545	19.0919
ERR13927576.15535	1552	18.3531
ERR13927576.15536	1584	17.5928
ERR13927576.15537	1563	18.4926
ERR13927576.15538	1571	21.0891
ERR13927576.15539	1528	17.4679
ERR13927576.15540	1536	17.1882
ERR13927576.15541	1578	14.5139
ERR13927576.15542	1568	16.3214
ERR13927576.15543	1565	16.3885
ERR13927576.15544	1563	14.9386
ERR13927576.15545	1579	17.2863
ERR13927576.15546	1580	19.7405
ERR13927576.15547	433	16.7898
ERR13927576.15548	1546	15.5129
ERR13927576.15549	1530	14.4516
ERR13927576.15550	1577	18.6164
ERR13927576.15551	1577	19.4153
ERR13927576.15552	1549	15.5242
ERR13927576.15553	1564	21.3510
ERR13927576.15554	1581	18.8748
ERR13927576.15555	627	15.8038
ERR13927576.15556	1543	17.1743
ERR13927576.15557	1528	16.2304
ERR13927576.15558	1568	15.4783
ERR13927576.15559	1564	17.4578
ERR13927576.15560	1452	15.9435
ERR13927576.15561	1544	16.5019
ERR13927576.15562	1578	15.9227
ERR13927576.15563	1558	17.1367
ERR13927576.15564	1598	17.8536
ERR13927576.15565	1542	15.3820
ERR13927576.15566	1590	16.6346
ERR13927576.15567	1542	17.7010
ERR13927576.15568	1590	16.5390
ERR13927576.15569	1535	14.4189
ERR13927576.15570	1548	15.4360
ERR13927576.15571	1537	17.9486
ERR13927576.15572	1560	16.0064
ERR13927576.15573	1542	17.2516
ERR13927576.15574	1550	16.4626
ERR13927576.15575	1570	16.7350
ERR13927576.15576	1526	18.0983
ERR13927576.15577	1574	18.6480
ERR13927576.15578	1559	18.1270
ERR13927576.15579	1567	17.0294
ERR13927576.15580	1607	17.2408
ERR13927576.15581	1576	20.8147
ERR13927576.15582	1572	18.8976
ERR13927576.15583	1314	14.1210
ERR13927576.15584	1584	20.6244
ERR13927576.15585	1486	15.5498
ERR13927576.15586	1578	17.9734
ERR13927576.15587	1524	15.8084
ERR13927576.15588	1451	14.5541
ERR13927576.15589	1554	17.3282
ERR13927576.15590	1564	16.7072
ERR13927576.15591	1517	14.8675
ERR13927576.15592	1582	17.0487
ERR13927576.15593	1569	16.1326
ERR13927576.15594	924	15.5498
ERR13927576.15595	1539	16.7479
ERR13927576.15596	1557	18.8998
ERR13927576.15597	1545	15.2123
ERR13927576.15598	1566	17.0900
ERR13927576.15599	1590	14.8233
ERR13927576.15600	1566	18.0581
ERR13927576.15601	1564	18.6873
ERR13927576.15602	1567	16.9738
ERR13927576.15603	1520	19.3632
ERR13927576.15604	1519	17.6057
ERR13927576.15605	1552	15.8750
ERR13927576.15606	1568	15.9483
ERR13927576.15607	1522	16.1820
ERR13927576.15608	1530	17.4222
ERR13927576.15609	1558	20.9448
ERR13927576.15610	870	19.4563
ERR13927576.15611	1515	16.8680
ERR13927576.15612	1561	18.5291
ERR13927576.15613	1559	16.8910
ERR13927576.15614	1548	18.8282
ERR13927576.15615	1535	16.7831
ERR13927576.15616	1518	14.8735
ERR13927576.15617	1568	16.3291
ERR13927576.15618	1569	16.5577
ERR13927576.15619	1596	19.8133
ERR13927576.15620	1555	18.0000
ERR13927576.15621	1511	14.8762
ERR13927576.15622	1303	14.0752
ERR13927576.15623	1607	17.9179
ERR13927576.15624	1539	16.4678
ERR13927576.15625	1588	17.7305
ERR13927576.15626	1518	15.7615
ERR13927576.15627	1577	20.1585
ERR13927576.15628	1553	18.4179
ERR13927576.15629	1545	18.3204
ERR13927576.15630	1554	16.3153
ERR13927576.15631	1524	15.9383
ERR13927576.15632	1510	19.5272
ERR13927576.15633	1523	15.2495
ERR13927576.15634	1580	20.4196
ERR13927576.15635	1541	18.9033
ERR13927576.15636	1549	16.2046
ERR13927576.15637	1627	17.4751
ERR13927576.15638	1570	16.7363
ERR13927576.15639	1573	18.4202
ERR13927576.15640	389	15.2391
ERR13927576.15641	1590	19.9686
ERR13927576.15642	1423	17.8103
ERR13927576.15643	1549	17.2072
ERR13927576.15644	1560	14.8551
ERR13927576.15645	1571	19.0159
ERR13927576.15646	1560	18.4878
ERR13927576.15647	1556	17.0643
ERR13927576.15648	1586	19.5132
ERR13927576.15649	1550	17.3619
ERR13927576.15650	1556	17.9627
ERR13927576.15651	1552	16.8396
ERR13927576.15652	1533	17.1983
ERR13927576.15653	1549	16.7237
ERR13927576.15654	1559	15.2450
ERR13927576.15655	1663	17.5592
ERR13927576.15656	1553	16.8835
ERR13927576.15657	1571	15.9682
ERR13927576.15658	1510	15.3649
ERR13927576.15659	1534	19.5254
ERR13927576.15660	1506	19.6839
ERR13927576.15661	1542	14.9559
ERR13927576.15662	1570	16.9497
ERR13927576.15663	1560	19.2038
ERR13927576.15664	1624	15.2475
ERR13927576.15665	1577	14.9810
ERR13927576.15666	1535	17.8528
ERR13927576.15667	1557	18.6217
ERR13927576.15668	1569	19.7291
ERR13927576.15669	1564	16.0077
ERR13927576.15670	1471	15.6832
ERR13927576.15671	1540	16.9766
ERR13927576.15672	1573	17.0884
ERR13927576.15673	1550	16.5755
ERR13927576.15674	1559	19.3445
ERR13927576.15675	1538	15.3075
ERR13927576.15676	1537	18.4424
ERR13927576.15677	1579	15.7188
ERR13927576.15678	1529	15.8548
ERR13927576.15679	1523	17.7748
ERR13927576.15680	1556	17.5084
ERR13927576.15681	1552	16.7964
ERR13927576.15682	283	13.0389
ERR13927576.15683	1563	18.7377
ERR13927576.15684	1523	16.8365
ERR13927576.15685	1555	17.3685
ERR13927576.15686	1550	13.9535
ERR13927576.15687	1557	19.9448
ERR13927576.15688	1581	19.9620
ERR13927576.15689	1563	16.9149
ERR13927576.15690	1576	17.0863
ERR13927576.15691	1523	15.7531
ERR13927576.15692	1536	17.4922
ERR13927576.15693	1569	16.5067
ERR13927576.15694	1485	15.5542
ERR13927576.15695	1581	17.1512
ERR13927576.15696	1575	16.8229
ERR13927576.15697	1576	19.1066
ERR13927576.15698	1539	17.9233
ERR13927576.15699	1558	15.9076
ERR13927576.15700	1522	17.3811
ERR13927576.15701	1538	16.7887
ERR13927576.15702	1572	15.5172
ERR13927576.15703	1545	16.1883
ERR13927576.15704	1543	17.3396
ERR13927576.15705	1550	16.2858
ERR13927576.15706	1495	16.6562
ERR13927576.15707	1545	16.4123
ERR13927576.15708	1560	17.4244
ERR13927576.15709	1530	16.3961
ERR13927576.15710	1576	15.5787
ERR13927576.15711	1522	16.1045
ERR13927576.15712	1524	15.4160
ERR13927576.15713	1562	18.8079
ERR13927576.15714	1567	16.1040
ERR13927576.15715	1495	13.9813
ERR13927576.15716	1563	16.8125
ERR13927576.15717	1561	16.1730
ERR13927576.15718	1569	13.7540
ERR13927576.15719	1563	20.3852
ERR13927576.15720	1593	20.6798
ERR13927576.15721	1541	16.8774
ERR13927576.15722	1567	17.6490
ERR13927576.15723	1558	18.6142
ERR13927576.15724	1552	19.4034
ERR13927576.15725	1538	19.7971
ERR13927576.15726	1568	17.8597
ERR13927576.15727	1570	14.7732
ERR13927576.15728	1579	16.6358
ERR13927576.15729	1558	20.6309
ERR13927576.15730	1553	18.7849
ERR13927576.15731	1542	16.3288
ERR13927576.15732	1528	17.6499
ERR13927576.15733	1479	14.7390
ERR13927576.15734	1578	19.5507
ERR13927576.15735	1566	16.8027
ERR13927576.15736	1552	18.5399
ERR13927576.15737	1549	16.4939
ERR13927576.15738	1553	16.9363
ERR13927576.15739	1557	17.8195
ERR13927576.15740	1523	17.8707
ERR13927576.15741	1547	17.2599
ERR13927576.15742	1549	14.5985
ERR13927576.15743	1578	15.5044
ERR13927576.15744	1544	16.3996
ERR13927576.15745	1524	16.0276
ERR13927576.15746	1557	19.8921
ERR13927576.15747	1571	17.3004
ERR13927576.15748	1554	15.4846
ERR13927576.15749	1540	16.5682
ERR13927576.15750	1603	20.1541
ERR13927576.15751	1546	15.8635
ERR13927576.15752	1554	16.0373
ERR13927576.15753	1552	16.3563
ERR13927576.15754	1534	14.4746
ERR13927576.15755	1555	17.8572
ERR13927576.15756	1561	15.9391
ERR13927576.15757	1545	17.2615
ERR13927576.15758	1576	17.0038
ERR13927576.15759	1549	16.5352
ERR13927576.15760	1552	16.0586
ERR13927576.15761	1584	18.5480
ERR13927576.15762	1549	16.2402
ERR13927576.15763	1578	20.2706
ERR13927576.15764	1588	18.4553
ERR13927576.15765	1515	15.1426
ERR13927576.15766	1550	16.4600
ERR13927576.15767	1548	17.9955
ERR13927576.15768	1592	18.4246
ERR13927576.15769	1555	20.0167
ERR13927576.15770	1305	15.5540
ERR13927576.15771	1657	15.9421
ERR13927576.15772	1569	15.2473
ERR13927576.15773	1458	16.5199
ERR13927576.15774	1583	18.3601
ERR13927576.15775	1535	18.4150
ERR13927576.15776	1458	14.7215
ERR13927576.15777	1562	19.6095
ERR13927576.15778	1573	15.9943
ERR13927576.15779	1560	14.9064
ERR13927576.15780	1578	17.7421
ERR13927576.15781	1544	15.8666
ERR13927576.15782	1575	15.0603
ERR13927576.15783	1534	16.7888
ERR13927576.15784	1574	20.8583
ERR13927576.15785	1562	15.4385
ERR13927576.15786	1074	20.0419
ERR13927576.15787	1556	18.3393
ERR13927576.15788	1583	21.3203
ERR13927576.15789	1567	15.0077
ERR13927576.15790	1552	14.8048
ERR13927576.15791	377	19.4430
ERR13927576.15792	1556	15.7140
ERR13927576.15793	1529	18.3931
ERR13927576.15794	1557	14.7270
ERR13927576.15795	1092	20.3223
ERR13927576.15796	1507	15.4970
ERR13927576.15797	1589	18.5293
ERR13927576.15798	1528	15.3658
ERR13927576.15799	1552	19.0657
ERR13927576.15800	1514	17.3124
ERR13927576.15801	1583	19.4826
ERR13927576.15802	1589	17.4525
ERR13927576.15803	1501	17.8421
ERR13927576.15804	1591	16.5946
ERR13927576.15805	1587	16.9968
ERR13927576.15806	1599	18.4740
ERR13927576.15807	1588	18.9666
ERR13927576.15808	1550	18.2471
ERR13927576.15809	1561	15.8129
ERR13927576.15810	1541	17.3491
ERR13927576.15811	1589	18.7489
ERR13927576.15812	1586	19.3985
ERR13927576.15813	1555	15.8804
ERR13927576.15814	1556	16.3650
ERR13927576.15815	1573	17.6968
ERR13927576.15816	1571	16.2699
ERR13927576.15817	1578	19.6464
ERR13927576.15818	1579	16.2514
ERR13927576.15819	1552	17.4207
ERR13927576.15820	1568	17.7972
ERR13927576.15821	1556	18.8888
ERR13927576.15822	1504	16.4960
ERR13927576.15823	1519	18.8907
ERR13927576.15824	1594	17.7961
ERR13927576.15825	1511	15.0781
ERR13927576.15826	1603	16.9470
ERR13927576.15827	1560	18.0327
ERR13927576.15828	1535	17.2039
ERR13927576.15829	1575	17.2521
ERR13927576.15830	1551	21.1870
ERR13927576.15831	1542	16.5006
ERR13927576.15832	1478	15.3958
ERR13927576.15833	1541	14.0870
ERR13927576.15834	1515	14.7518
ERR13927576.15835	883	18.4247
ERR13927576.15836	1532	17.9426
ERR13927576.15837	1519	15.0165
ERR13927576.15838	1528	15.5753
ERR13927576.15839	1557	15.0308
ERR13927576.15840	1577	19.5669
ERR13927576.15841	1573	17.4755
ERR13927576.15842	1486	15.6171
ERR13927576.15843	1566	15.1858
ERR13927576.15844	1567	18.1410
ERR13927576.15845	1537	15.2999
ERR13927576.15846	1581	21.0171
ERR13927576.15847	1598	16.6483
ERR13927576.15848	1574	16.6194
ERR13927576.15849	1559	18.0802
ERR13927576.15850	1566	16.1584
ERR13927576.15851	1555	15.9190
ERR13927576.15852	574	14.0401
ERR13927576.15853	1571	16.0579
ERR13927576.15854	1553	15.5602
ERR13927576.15855	1527	17.9725
ERR13927576.15856	1583	15.1706
ERR13927576.15857	1584	15.4419
ERR13927576.15858	1571	17.9064
ERR13927576.15859	1515	15.3743
ERR13927576.15860	1338	18.6398
ERR13927576.15861	1559	18.5382
ERR13927576.15862	1549	16.8134
ERR13927576.15863	1538	16.7835
ERR13927576.15864	1539	17.2736
ERR13927576.15865	1563	16.9443
ERR13927576.15866	1546	17.6442
ERR13927576.15867	1609	16.1150
ERR13927576.15868	1510	15.3662
ERR13927576.15869	1545	15.4718
ERR13927576.15870	1582	18.0171
ERR13927576.15871	1550	17.6065
ERR13927576.15872	1577	21.9797
ERR13927576.15873	1596	16.1924
ERR13927576.15874	1569	17.7559
ERR13927576.15875	1502	14.1724
ERR13927576.15876	1515	15.8205
ERR13927576.15877	1535	16.1303
ERR13927576.15878	1542	16.6096
ERR13927576.15879	1565	15.6460
ERR13927576.15880	1570	19.6318
ERR13927576.15881	1114	15.1948
ERR13927576.15882	1539	16.1306
ERR13927576.15883	1531	17.0483
ERR13927576.15884	1595	19.8777
ERR13927576.15885	613	17.1876
ERR13927576.15886	1565	14.8319
ERR13927576.15887	1523	16.0683
ERR13927576.15888	1534	14.8279
ERR13927576.15889	1534	15.5639
ERR13927576.15890	1567	20.5724
ERR13927576.15891	1533	15.6021
ERR13927576.15892	1551	14.7563
ERR13927576.15893	1560	18.2045
ERR13927576.15894	1595	17.1066
ERR13927576.15895	1603	18.5084
ERR13927576.15896	1555	17.6090
ERR13927576.15897	1559	18.1495
ERR13927576.15898	1562	17.3361
ERR13927576.15899	1564	17.7398
ERR13927576.15900	1554	14.4125
ERR13927576.15901	1562	16.0166
ERR13927576.15902	1532	14.8270
ERR13927576.15903	1576	15.8718
ERR13927576.15904	1556	15.4473
ERR13927576.15905	1594	16.6474
ERR13927576.15906	1563	18.2521
ERR13927576.15907	1576	17.6656
ERR13927576.15908	1570	16.3312
ERR13927576.15909	1549	16.6139
ERR13927576.15910	1528	18.2853
ERR13927576.15911	1524	15.0367
ERR13927576.15912	1572	17.5019
ERR13927576.15913	1605	15.7128
ERR13927576.15914	1585	15.7539
ERR13927576.15915	1538	15.9967
ERR13927576.15916	1567	19.9183
ERR13927576.15917	1566	18.9419
ERR13927576.15918	1494	15.8106
ERR13927576.15919	1576	15.8528
ERR13927576.15920	1532	16.3362
ERR13927576.15921	1536	16.0684
ERR13927576.15922	1569	15.7393
ERR13927576.15923	1559	20.1174
ERR13927576.15924	1557	16.7168
ERR13927576.15925	1578	15.9259
ERR13927576.15926	1549	18.4112
ERR13927576.15927	1550	17.7800
ERR13927576.15928	1530	16.8529
ERR13927576.15929	1571	16.1248
ERR13927576.15930	1619	15.9654
ERR13927576.15931	1550	17.2613
ERR13927576.15932	1579	18.9113
ERR13927576.15933	1519	15.3463
ERR13927576.15934	1517	16.3171
ERR13927576.15935	1535	16.3114
ERR13927576.15936	1534	15.0528
ERR13927576.15937	1525	15.2151
ERR13927576.15938	1544	17.6949
ERR13927576.15939	1479	17.6315
ERR13927576.15940	1521	18.7653
ERR13927576.15941	1570	15.5242
ERR13927576.15942	1604	17.1097
ERR13927576.15943	1573	19.6491
ERR13927576.15944	1542	21.5811
ERR13927576.15945	1538	13.9337
ERR13927576.15946	1585	19.9445
ERR13927576.15947	1585	17.3249
ERR13927576.15948	1447	14.5826
ERR13927576.15949	1544	16.9152
ERR13927576.15950	1554	14.8263
ERR13927576.15951	1586	18.1999
ERR13927576.15952	1554	15.5746
ERR13927576.15953	1541	16.4945
ERR13927576.15954	1562	17.0006
ERR13927576.15955	1562	16.0659
ERR13927576.15956	1571	16.3762
ERR13927576.15957	1561	16.0448
ERR13927576.15958	1549	16.6637
ERR13927576.15959	1502	18.3409
ERR13927576.15960	1566	16.2344
ERR13927576.15961	1514	16.0502
ERR13927576.15962	1592	19.9843
ERR13927576.15963	987	18.6535
ERR13927576.15964	1608	17.1542
ERR13927576.15965	1539	16.9584
ERR13927576.15966	1584	19.6256
ERR13927576.15967	1523	15.2738
ERR13927576.15968	1536	17.0299
ERR13927576.15969	1544	16.8595
ERR13927576.15970	1561	16.8610
ERR13927576.15971	1574	17.2745
ERR13927576.15972	1483	15.1140
ERR13927576.15973	1546	15.8758
ERR13927576.15974	1539	17.8012
ERR13927576.15975	1578	18.3251
ERR13927576.15976	1510	14.9828
ERR13927576.15977	888	19.6757
ERR13927576.15978	1517	16.4153
ERR13927576.15979	1551	16.5248
ERR13927576.15980	1562	16.8131
ERR13927576.15981	1571	17.9287
ERR13927576.15982	1572	17.2093
ERR13927576.15983	1545	15.6680
ERR13927576.15984	1571	15.6684
ERR13927576.15985	1556	16.7384
ERR13927576.15986	1547	16.6962
ERR13927576.15987	1551	18.2779
ERR13927576.15988	1584	17.0682
ERR13927576.15989	1568	14.1926
ERR13927576.15990	1568	19.6307
ERR13927576.15991	1538	14.3153
ERR13927576.15992	1528	19.3200
ERR13927576.15993	1570	18.2293
ERR13927576.15994	1559	16.3643
ERR13927576.15995	892	14.8374
ERR13927576.15996	1598	17.1014
ERR13927576.15997	1567	15.7990
ERR13927576.15998	1556	16.3785
ERR13927576.15999	1549	18.1110
ERR13927576.16000	1584	20.3516
ERR13927576.16001	1463	14.1429
ERR13927576.16002	1549	16.9651
ERR13927576.16003	1470	15.3061
ERR13927576.16004	1488	15.5470
ERR13927576.16005	1550	19.4787
ERR13927576.16006	1547	18.2056
ERR13927576.16007	1572	18.1272
ERR13927576.16008	1569	21.7980
ERR13927576.16009	1561	17.0666
ERR13927576.16010	1552	17.6604
ERR13927576.16011	1555	17.8109
ERR13927576.16012	1581	16.4250
ERR13927576.16013	1595	14.6339
ERR13927576.16014	1512	15.6581
ERR13927576.16015	1552	16.6128
ERR13927576.16016	1572	17.7265
ERR13927576.16017	1553	18.3484
ERR13927576.16018	1566	14.8269
ERR13927576.16019	1580	18.5835
ERR13927576.16020	1582	20.7794
ERR13927576.16021	1563	20.6564
ERR13927576.16022	1553	16.1700
ERR13927576.16023	1533	16.5421
ERR13927576.16024	1569	19.4888
ERR13927576.16025	1569	15.0612
ERR13927576.16026	1514	16.8243
ERR13927576.16027	1507	16.8288
ERR13927576.16028	1534	20.5782
ERR13927576.16029	1568	16.6110
ERR13927576.16030	1557	18.1618
ERR13927576.16031	1574	15.2306
ERR13927576.16032	1552	15.7571
ERR13927576.16033	1567	21.0613
ERR13927576.16034	1504	16.2580
ERR13927576.16035	1572	19.1546
ERR13927576.16036	1569	18.1217
ERR13927576.16037	1553	20.1423
ERR13927576.16038	1549	15.9961
ERR13927576.16039	1604	16.4320
ERR13927576.16040	1590	20.8440
ERR13927576.16041	1560	15.3846
ERR13927576.16042	1544	15.1334
ERR13927576.16043	1579	16.1368
ERR13927576.16044	1539	17.0169
ERR13927576.16045	1556	14.5456
ERR13927576.16046	1564	15.5090
ERR13927576.16047	1506	19.4250
ERR13927576.16048	1575	16.9213
ERR13927576.16049	1547	17.1849
ERR13927576.16050	1578	21.2687
ERR13927576.16051	1539	16.2463
ERR13927576.16052	1557	18.9146
ERR13927576.16053	1573	18.1532
ERR13927576.16054	1316	16.8100
ERR13927576.16055	1568	16.6429
ERR13927576.16056	1586	15.2226
ERR13927576.16057	1542	16.6543
ERR13927576.16058	1566	20.5307
ERR13927576.16059	1592	16.0013
ERR13927576.16060	1098	19.1658
ERR13927576.16061	1543	14.4770
ERR13927576.16062	1499	16.7925
ERR13927576.16063	1550	15.7858
ERR13927576.16064	1534	18.3468
ERR13927576.16065	1591	18.3030
ERR13927576.16066	1577	15.8567
ERR13927576.16067	1592	14.9177
ERR13927576.16068	1563	14.9680
ERR13927576.16069	1545	17.4356
ERR13927576.16070	1552	17.6282
ERR13927576.16071	1566	20.0824
ERR13927576.16072	1564	16.6419
ERR13927576.16073	1558	16.3858
ERR13927576.16074	1577	17.3729
ERR13927576.16075	1535	16.7407
ERR13927576.16076	1252	15.3890
ERR13927576.16077	1557	16.4746
ERR13927576.16078	1566	15.8180
ERR13927576.16079	1567	20.4378
ERR13927576.16080	1561	14.7950
ERR13927576.16081	1556	16.0964
ERR13927576.16082	1560	16.1205
ERR13927576.16083	1539	16.2164
ERR13927576.16084	1558	18.5424
ERR13927576.16085	1533	14.4260
ERR13927576.16086	1534	17.7679
ERR13927576.16087	1573	16.9752
ERR13927576.16088	1552	18.2790
ERR13927576.16089	1549	17.7547
ERR13927576.16090	1557	16.7803
ERR13927576.16091	1576	15.5825
ERR13927576.16092	1463	15.3144
ERR13927576.16093	1531	15.3468
ERR13927576.16094	1506	16.1965
ERR13927576.16095	1587	18.2993
ERR13927576.16096	1542	16.4267
ERR13927576.16097	1536	16.6146
ERR13927576.16098	1562	20.3086
ERR13927576.16099	1491	14.9886
ERR13927576.16100	1524	16.8589
ERR13927576.16101	1572	14.9828
ERR13927576.16102	1567	14.6637
ERR13927576.16103	1566	16.4100
ERR13927576.16104	1394	15.9103
ERR13927576.16105	1588	14.8407
ERR13927576.16106	1563	16.8292
ERR13927576.16107	1535	16.7524
ERR13927576.16108	1555	18.4559
ERR13927576.16109	1533	15.2081
ERR13927576.16110	1551	17.0271
ERR13927576.16111	1546	17.6009
ERR13927576.16112	1556	20.4075
ERR13927576.16113	1531	14.3207
ERR13927576.16114	1553	16.9929
ERR13927576.16115	1583	20.7151
ERR13927576.16116	1593	18.2793
ERR13927576.16117	1575	19.7937
ERR13927576.16118	1570	18.1592
ERR13927576.16119	1558	18.1297
ERR13927576.16120	1594	17.0000
ERR13927576.16121	1577	19.5739
ERR13927576.16122	1599	17.5866
ERR13927576.16123	1229	18.0936
ERR13927576.16124	1553	18.1043
ERR13927576.16125	1550	18.3200
ERR13927576.16126	1562	17.6741
ERR13927576.16127	1574	18.0794
ERR13927576.16128	1568	16.8654
ERR13927576.16129	1539	15.9506
ERR13927576.16130	1598	18.7196
ERR13927576.16131	1581	14.3922
ERR13927576.16132	1576	16.2690
ERR13927576.16133	1561	20.0192
ERR13927576.16134	1571	14.0611
ERR13927576.16135	793	20.4943
ERR13927576.16136	1575	18.1784
ERR13927576.16137	1525	19.1482
ERR13927576.16138	1596	21.6153
ERR13927576.16139	1588	19.9452
ERR13927576.16140	1543	18.5003
ERR13927576.16141	1585	16.3956
ERR13927576.16142	1531	15.3815
ERR13927576.16143	1539	16.9428
ERR13927576.16144	1574	18.4428
ERR13927576.16145	1541	17.0467
ERR13927576.16146	1541	15.2038
ERR13927576.16147	1538	18.0631
ERR13927576.16148	1574	19.2757
ERR13927576.16149	1636	15.6222
ERR13927576.16150	2564	16.4614
ERR13927576.16151	1561	21.6291
ERR13927576.16152	1559	14.3169
ERR13927576.16153	1510	18.0265
ERR13927576.16154	1539	17.3606
ERR13927576.16155	1567	20.5131
ERR13927576.16156	1548	16.5207
ERR13927576.16157	1571	18.1954
ERR13927576.16158	1518	16.0955
ERR13927576.16159	1575	17.0140
ERR13927576.16160	1591	17.8158
ERR13927576.16161	1545	16.9877
ERR13927576.16162	1556	16.6690
ERR13927576.16163	1526	16.9030
ERR13927576.16164	1541	18.9435
ERR13927576.16165	1553	17.2382
ERR13927576.16166	1542	16.2036
ERR13927576.16167	1513	16.0364
ERR13927576.16168	1569	15.5194
ERR13927576.16169	1528	14.9038
ERR13927576.16170	1553	16.2621
ERR13927576.16171	1599	17.4740
ERR13927576.16172	1565	17.2569
ERR13927576.16173	1555	19.1762
ERR13927576.16174	1527	17.8363
ERR13927576.16175	1552	21.1173
ERR13927576.16176	1537	16.3221
ERR13927576.16177	1125	15.6756
ERR13927576.16178	1528	17.0203
ERR13927576.16179	614	16.4951
ERR13927576.16180	1519	15.3206
ERR13927576.16181	1566	17.8902
ERR13927576.16182	1551	16.8478
ERR13927576.16183	1547	15.8895
ERR13927576.16184	1004	15.5608
ERR13927576.16185	1538	16.1320
ERR13927576.16186	1575	19.3543
ERR13927576.16187	1539	15.3320
ERR13927576.16188	1560	16.6712
ERR13927576.16189	1563	18.8496
ERR13927576.16190	1541	15.4263
ERR13927576.16191	1521	17.4990
ERR13927576.16192	1528	16.2088
ERR13927576.16193	1547	14.5798
ERR13927576.16194	1532	17.9504
ERR13927576.16195	1503	16.9029
ERR13927576.16196	1531	18.7838
ERR13927576.16197	1556	17.2905
ERR13927576.16198	1527	16.3739
ERR13927576.16199	1518	18.0580
ERR13927576.16200	1518	15.2787
ERR13927576.16201	1518	15.8880
ERR13927576.16202	1493	14.4622
ERR13927576.16203	1583	18.1257
ERR13927576.16204	1589	16.8641
ERR13927576.16205	1508	15.2666
ERR13927576.16206	1568	16.7615
ERR13927576.16207	1558	15.4865
ERR13927576.16208	1567	18.0868
ERR13927576.16209	1522	14.4350
ERR13927576.16210	1534	14.7249
ERR13927576.16211	1582	17.4747
ERR13927576.16212	1560	16.6859
ERR13927576.16213	1513	15.8757
ERR13927576.16214	1570	17.0892
ERR13927576.16215	1570	18.3662
ERR13927576.16216	1546	15.3506
ERR13927576.16217	1571	16.1114
ERR13927576.16218	1547	17.8048
ERR13927576.16219	1569	17.4608
ERR13927576.16220	1577	14.0938
ERR13927576.16221	1245	15.3157
ERR13927576.16222	1578	18.7573
ERR13927576.16223	1592	18.4962
ERR13927576.16224	1523	16.7098
ERR13927576.16225	1531	16.9386
ERR13927576.16226	1493	14.9029
ERR13927576.16227	1509	17.0702
ERR13927576.16228	1577	18.2207
ERR13927576.16229	1551	19.5081
ERR13927576.16230	1575	20.5029
ERR13927576.16231	1577	16.0247
ERR13927576.16232	1514	17.1962
ERR13927576.16233	1543	17.4498
ERR13927576.16234	1606	18.2877
ERR13927576.16235	1594	17.2265
ERR13927576.16236	1525	13.8649
ERR13927576.16237	1560	20.0090
ERR13927576.16238	1550	15.9219
ERR13927576.16239	927	18.8339
ERR13927576.16240	1472	16.5734
ERR13927576.16241	1552	21.0992
ERR13927576.16242	1584	15.4987
ERR13927576.16243	1545	14.4239
ERR13927576.16244	1576	17.2322
ERR13927576.16245	1576	17.2430
ERR13927576.16246	1541	15.7041
ERR13927576.16247	1567	14.0855
ERR13927576.16248	1569	17.2282
ERR13927576.16249	1554	17.8694
ERR13927576.16250	1495	15.6716
ERR13927576.16251	1576	17.8509
ERR13927576.16252	1549	18.2001
ERR13927576.16253	1571	17.0127
ERR13927576.16254	1539	16.9435
ERR13927576.16255	1557	16.8150
ERR13927576.16256	1481	15.8339
ERR13927576.16257	1567	18.8137
ERR13927576.16258	1546	16.2083
ERR13927576.16259	1527	16.1768
ERR13927576.16260	1571	16.1286
ERR13927576.16261	1513	15.6497
ERR13927576.16262	1524	15.8333
ERR13927576.16263	1595	20.2727
ERR13927576.16264	1544	18.5091
ERR13927576.16265	1541	16.6931
ERR13927576.16266	1595	17.9530
ERR13927576.16267	632	19.2057
ERR13927576.16268	1585	17.4202
ERR13927576.16269	1592	18.4849
ERR13927576.16270	1547	15.4008
ERR13927576.16271	1605	17.1146
ERR13927576.16272	1515	15.0284
ERR13927576.16273	1564	15.3095
ERR13927576.16274	1573	18.0184
ERR13927576.16275	1550	19.6877
ERR13927576.16276	1519	20.9013
ERR13927576.16277	1563	14.5400
ERR13927576.16278	1611	21.2893
ERR13927576.16279	1543	16.5353
ERR13927576.16280	1507	15.4824
ERR13927576.16281	1596	14.6742
ERR13927576.16282	1581	18.5686
ERR13927576.16283	1576	16.7760
ERR13927576.16284	1563	19.7038
ERR13927576.16285	1576	17.4029
ERR13927576.16286	1585	18.3041
ERR13927576.16287	1566	16.7861
ERR13927576.16288	1560	17.7019
ERR13927576.16289	1566	16.8167
ERR13927576.16290	1551	17.5132
ERR13927576.16291	1575	17.0241
ERR13927576.16292	1555	21.7749
ERR13927576.16293	1570	20.8191
ERR13927576.16294	1561	16.8962
ERR13927576.16295	1560	16.9519
ERR13927576.16296	1569	17.8655
ERR13927576.16297	1581	15.1847
ERR13927576.16298	1571	17.3456
ERR13927576.16299	1563	16.8861
ERR13927576.16300	1534	18.1760
ERR13927576.16301	1572	16.1768
ERR13927576.16302	1537	19.4392
ERR13927576.16303	1572	17.7818
ERR13927576.16304	1554	14.2503
ERR13927576.16305	1549	16.1582
ERR13927576.16306	1576	15.5698
ERR13927576.16307	1555	18.2379
ERR13927576.16308	1582	14.9836
ERR13927576.16309	1510	16.9987
ERR13927576.16310	1578	20.1553
ERR13927576.16311	1559	20.7979
ERR13927576.16312	1499	16.0620
ERR13927576.16313	1575	16.3130
ERR13927576.16314	1538	14.3283
ERR13927576.16315	1548	15.4386
ERR13927576.16316	1549	18.6759
ERR13927576.16317	1560	19.7224
ERR13927576.16318	1541	17.1415
ERR13927576.16319	962	16.0728
ERR13927576.16320	1545	17.4324
ERR13927576.16321	1565	17.7329
ERR13927576.16322	1540	15.5896
ERR13927576.16323	1574	15.8482
ERR13927576.16324	1581	18.0746
ERR13927576.16325	1552	16.3441
ERR13927576.16326	369	16.1138
ERR13927576.16327	1508	18.8375
ERR13927576.16328	407	17.9484
ERR13927576.16329	1526	15.0531
ERR13927576.16330	1591	15.3947
ERR13927576.16331	1720	18.2203
ERR13927576.16332	1514	16.3052
ERR13927576.16333	738	17.0027
ERR13927576.16334	1555	22.3305
ERR13927576.16335	1540	15.7994
ERR13927576.16336	1539	15.5647
ERR13927576.16337	1510	15.9371
ERR13927576.16338	1566	16.6584
ERR13927576.16339	1540	17.7396
ERR13927576.16340	1479	17.2508
ERR13927576.16341	1577	20.0476
ERR13927576.16342	1552	17.2648
ERR13927576.16343	1559	19.8249
ERR13927576.16344	1526	16.9102
ERR13927576.16345	1581	20.2865
ERR13927576.16346	1546	15.7102
ERR13927576.16347	1532	17.2291
ERR13927576.16348	1505	21.2080
ERR13927576.16349	1536	18.0319
ERR13927576.16350	1605	14.9464
ERR13927576.16351	1538	14.9831
ERR13927576.16352	1544	16.8096
ERR13927576.16353	1579	15.7733
ERR13927576.16354	1562	20.5525
ERR13927576.16355	1470	14.9374
ERR13927576.16356	1595	17.1724
ERR13927576.16357	1576	20.5546
ERR13927576.16358	1598	16.4850
ERR13927576.16359	1531	15.5624
ERR13927576.16360	1584	18.6780
ERR13927576.16361	1513	16.2333
ERR13927576.16362	1592	16.9378
ERR13927576.16363	1547	17.6141
ERR13927576.16364	1570	17.5490
ERR13927576.16365	1548	15.5233
ERR13927576.16366	535	15.6785
ERR13927576.16367	1585	14.7558
ERR13927576.16368	1565	17.5061
ERR13927576.16369	1557	15.0495
ERR13927576.16370	1550	18.4729
ERR13927576.16371	1579	16.7030
ERR13927576.16372	1555	17.7325
ERR13927576.16373	1555	17.3942
ERR13927576.16374	1573	19.4927
ERR13927576.16375	1540	16.5948
ERR13927576.16376	1594	19.4630
ERR13927576.16377	1529	14.5356
ERR13927576.16378	1449	17.6922
ERR13927576.16379	1570	15.9701
ERR13927576.16380	1576	19.7513
ERR13927576.16381	1566	19.1839
ERR13927576.16382	1563	19.7665
ERR13927576.16383	1585	18.3842
ERR13927576.16384	1573	17.9148
ERR13927576.16385	1477	15.6121
ERR13927576.16386	1541	18.2777
ERR13927576.16387	1546	13.5427
ERR13927576.16388	1609	17.5463
ERR13927576.16389	1519	15.4207
ERR13927576.16390	1544	16.9391
ERR13927576.16391	1548	16.0013
ERR13927576.16392	1326	18.8100
ERR13927576.16393	1569	15.1294
ERR13927576.16394	1568	17.7915
ERR13927576.16395	1556	18.1330
ERR13927576.16396	1504	14.9408
ERR13927576.16397	1532	17.7931
ERR13927576.16398	1463	15.8407
ERR13927576.16399	1546	18.0666
ERR13927576.16400	1508	15.5458
ERR13927576.16401	1559	16.5093
ERR13927576.16402	1549	16.0762
ERR13927576.16403	1544	17.8705
ERR13927576.16404	1572	19.4625
ERR13927576.16405	1548	15.8779
ERR13927576.16406	1546	18.6481
ERR13927576.16407	1509	15.1325
ERR13927576.16408	1292	15.7059
ERR13927576.16409	1563	15.6596
ERR13927576.16410	1534	18.3018
ERR13927576.16411	1547	16.2495
ERR13927576.16412	1571	16.7747
ERR13927576.16413	1580	19.6620
ERR13927576.16414	1583	14.9810
ERR13927576.16415	1566	20.4361
ERR13927576.16416	1526	15.6920
ERR13927576.16417	1601	17.7577
ERR13927576.16418	1583	18.2754
ERR13927576.16419	1578	17.9157
ERR13927576.16420	1569	16.6259
ERR13927576.16421	1566	22.4815
ERR13927576.16422	1561	20.5740
ERR13927576.16423	1543	15.9669
ERR13927576.16424	1555	18.1042
ERR13927576.16425	1561	17.5701
ERR13927576.16426	1543	17.4530
ERR13927576.16427	1547	20.6122
ERR13927576.16428	1571	15.8771
ERR13927576.16429	1546	15.6436
ERR13927576.16430	1555	17.4778
ERR13927576.16431	1598	17.9161
ERR13927576.16432	1547	19.9392
ERR13927576.16433	1579	16.1628
ERR13927576.16434	1555	18.8740
ERR13927576.16435	1604	17.0461
ERR13927576.16436	1507	15.5693
ERR13927576.16437	1532	15.0601
ERR13927576.16438	1532	15.8714
ERR13927576.16439	1544	19.2474
ERR13927576.16440	1565	16.5361
ERR13927576.16441	1548	18.0304
ERR13927576.16442	1550	14.7477
ERR13927576.16443	1558	16.7227
ERR13927576.16444	1540	18.6506
ERR13927576.16445	1590	15.6365
ERR13927576.16446	1552	18.2732
ERR13927576.16447	1462	15.1566
ERR13927576.16448	1512	16.1052
ERR13927576.16449	1567	16.6069
ERR13927576.16450	1509	16.0159
ERR13927576.16451	1581	17.9456
ERR13927576.16452	1544	16.9372
ERR13927576.16453	1579	17.2160
ERR13927576.16454	1529	16.5226
ERR13927576.16455	1540	17.0448
ERR13927576.16456	1579	18.1533
ERR13927576.16457	1551	16.3359
ERR13927576.16458	1580	16.3975
ERR13927576.16459	1521	16.1440
ERR13927576.16460	1524	14.5564
ERR13927576.16461	1538	17.8511
ERR13927576.16462	1593	20.6334
ERR13927576.16463	1608	15.9745
ERR13927576.16464	1566	16.5511
ERR13927576.16465	1545	15.3327
ERR13927576.16466	1519	17.1896
ERR13927576.16467	1543	16.0966
ERR13927576.16468	1586	18.2938
ERR13927576.16469	1526	17.1265
ERR13927576.16470	1543	16.4180
ERR13927576.16471	1500	16.9333
ERR13927576.16472	1535	17.2938
ERR13927576.16473	1535	20.1622
ERR13927576.16474	1442	15.8474
ERR13927576.16475	1554	19.2278
ERR13927576.16476	1513	15.3192
ERR13927576.16477	1576	20.2379
ERR13927576.16478	1504	20.1190
ERR13927576.16479	1497	16.3747
ERR13927576.16480	1539	15.6621
ERR13927576.16481	1569	16.2269
ERR13927576.16482	1527	19.7223
ERR13927576.16483	1452	17.0778
ERR13927576.16484	1534	18.8670
ERR13927576.16485	1578	18.9968
ERR13927576.16486	1539	16.5406
ERR13927576.16487	1513	17.0013
ERR13927576.16488	1562	16.4545
ERR13927576.16489	1553	17.4070
ERR13927576.16490	1547	15.5352
ERR13927576.16491	1593	18.0960
ERR13927576.16492	1549	17.8405
ERR13927576.16493	1594	18.0878
ERR13927576.16494	789	14.5475
ERR13927576.16495	1517	15.7633
ERR13927576.16496	1565	15.1316
ERR13927576.16497	1531	17.4128
ERR13927576.16498	1578	18.3517
ERR13927576.16499	183	15.7213
ERR13927576.16500	1554	17.1544
ERR13927576.16501	1516	16.0277
ERR13927576.16502	1588	20.0208
ERR13927576.16503	1512	15.7989
ERR13927576.16504	1569	21.7094
ERR13927576.16505	1409	15.9737
ERR13927576.16506	1538	16.5585
ERR13927576.16507	1598	20.2084
ERR13927576.16508	1553	18.7032
ERR13927576.16509	1534	16.2927
ERR13927576.16510	1560	16.6276
ERR13927576.16511	1557	19.2640
ERR13927576.16512	1563	18.1356
ERR13927576.16513	1521	19.8113
ERR13927576.16514	1564	19.0691
ERR13927576.16515	1473	14.9857
ERR13927576.16516	1557	14.3532
ERR13927576.16517	1517	18.2861
ERR13927576.16518	1541	17.6340
ERR13927576.16519	1598	17.7478
ERR13927576.16520	1569	16.2269
ERR13927576.16521	1483	16.2387
ERR13927576.16522	1549	17.8141
ERR13927576.16523	1559	20.5504
ERR13927576.16524	1495	14.7940
ERR13927576.16525	1534	16.8110
ERR13927576.16526	1565	15.4147
ERR13927576.16527	1590	16.2453
ERR13927576.16528	1569	16.3104
ERR13927576.16529	1046	20.4962
ERR13927576.16530	1541	17.0909
ERR13927576.16531	1569	17.3270
ERR13927576.16532	1584	14.7216
ERR13927576.16533	1579	16.7853
ERR13927576.16534	1557	20.6050
ERR13927576.16535	1531	16.6636
ERR13927576.16536	1560	16.5410
ERR13927576.16537	1534	15.2060
ERR13927576.16538	1522	15.3955
ERR13927576.16539	1523	15.9514
ERR13927576.16540	1561	19.8840
ERR13927576.16541	1548	19.0891
ERR13927576.16542	1552	17.5851
ERR13927576.16543	1557	18.1291
ERR13927576.16544	1552	16.7732
ERR13927576.16545	1522	15.5670
ERR13927576.16546	1478	15.5995
ERR13927576.16547	1532	14.2193
ERR13927576.16548	1557	14.8388
ERR13927576.16549	1529	17.0804
ERR13927576.16550	1573	16.2848
ERR13927576.16551	1537	18.8159
ERR13927576.16552	1542	14.0428
ERR13927576.16553	1578	18.1191
ERR13927576.16554	1574	17.4619
ERR13927576.16555	1507	16.8115
ERR13927576.16556	1546	16.5815
ERR13927576.16557	1571	17.8892
ERR13927576.16558	1535	17.8586
ERR13927576.16559	1552	17.3660
ERR13927576.16560	1525	17.0570
ERR13927576.16561	1516	16.4987
ERR13927576.16562	1552	17.7912
ERR13927576.16563	1574	18.0057
ERR13927576.16564	1519	14.9236
ERR13927576.16565	1531	16.9700
ERR13927576.16566	1581	15.7729
ERR13927576.16567	1563	15.9661
ERR13927576.16568	1568	17.4541
ERR13927576.16569	1568	15.6046
ERR13927576.16570	1486	17.3459
ERR13927576.16571	1546	19.3124
ERR13927576.16572	1513	18.8242
ERR13927576.16573	1560	17.2853
ERR13927576.16574	1582	19.7642
ERR13927576.16575	1510	16.2106
ERR13927576.16576	1527	15.7780
ERR13927576.16577	1570	17.5694
ERR13927576.16578	1524	16.4416
ERR13927576.16579	1551	16.6260
ERR13927576.16580	1545	17.4058
ERR13927576.16581	1587	17.1878
ERR13927576.16582	1544	14.0855
ERR13927576.16583	1570	20.1274
ERR13927576.16584	1578	15.8390
ERR13927576.16585	1577	18.0799
ERR13927576.16586	1559	17.1353
ERR13927576.16587	1261	15.6733
ERR13927576.16588	1554	18.2967
ERR13927576.16589	1530	15.7758
ERR13927576.16590	1555	17.4720
ERR13927576.16591	1518	15.7589
ERR13927576.16592	1557	16.5260
ERR13927576.16593	1570	15.3255
ERR13927576.16594	1537	14.3344
ERR13927576.16595	1546	19.9153
ERR13927576.16596	1535	15.6078
ERR13927576.16597	1588	16.1927
ERR13927576.16598	1554	16.5650
ERR13927576.16599	919	16.7443
ERR13927576.16600	1544	15.1302
ERR13927576.16601	1554	17.1429
ERR13927576.16602	1563	17.6692
ERR13927576.16603	1556	16.5752
ERR13927576.16604	1619	18.9895
ERR13927576.16605	1550	15.4323
ERR13927576.16606	1550	18.2542
ERR13927576.16607	1565	16.6415
ERR13927576.16608	1540	15.7331
ERR13927576.16609	3136	17.6999
ERR13927576.16610	1518	17.9928
ERR13927576.16611	1513	16.4263
ERR13927576.16612	1554	16.8275
ERR13927576.16613	1551	16.8130
ERR13927576.16614	1558	16.0976
ERR13927576.16615	1543	17.5314
ERR13927576.16616	1553	17.5853
ERR13927576.16617	1561	16.3664
ERR13927576.16618	1579	19.7258
ERR13927576.16619	1562	17.7049
ERR13927576.16620	1538	18.9623
ERR13927576.16621	1529	16.3538
ERR13927576.16622	1566	17.6501
ERR13927576.16623	1546	17.7038
ERR13927576.16624	1566	19.8825
ERR13927576.16625	1555	18.6920
ERR13927576.16626	1563	17.8138
ERR13927576.16627	1581	15.7628
ERR13927576.16628	1332	16.0691
ERR13927576.16629	1543	18.2683
ERR13927576.16630	1556	16.8329
ERR13927576.16631	1571	18.6206
ERR13927576.16632	1551	17.9658
ERR13927576.16633	1553	15.1365
ERR13927576.16634	1550	17.3458
ERR13927576.16635	1561	15.7707
ERR13927576.16636	1545	16.4641
ERR13927576.16637	1547	19.2372
ERR13927576.16638	1520	17.8007
ERR13927576.16639	1494	16.0696
ERR13927576.16640	1531	17.5447
ERR13927576.16641	1539	15.2482
ERR13927576.16642	1562	17.5557
ERR13927576.16643	1565	16.6319
ERR13927576.16644	1563	18.3717
ERR13927576.16645	1565	21.7284
ERR13927576.16646	1521	15.5450
ERR13927576.16647	1545	16.2744
ERR13927576.16648	1565	19.1981
ERR13927576.16649	1552	14.7506
ERR13927576.16650	1581	17.1448
ERR13927576.16651	1528	19.0903
ERR13927576.16652	1561	19.9885
ERR13927576.16653	1574	18.2433
ERR13927576.16654	1572	20.3257
ERR13927576.16655	1584	16.4205
ERR13927576.16656	1576	18.5812
ERR13927576.16657	1557	17.6988
ERR13927576.16658	1587	18.0057
ERR13927576.16659	1559	16.9846
ERR13927576.16660	1552	15.4955
ERR13927576.16661	1545	17.6058
ERR13927576.16662	1557	20.1272
ERR13927576.16663	703	19.8023
ERR13927576.16664	1538	18.6782
ERR13927576.16665	1559	19.2848
ERR13927576.16666	1567	18.8960
ERR13927576.16667	1570	17.6643
ERR13927576.16668	1524	16.2205
ERR13927576.16669	1571	18.7626
ERR13927576.16670	1545	18.6117
ERR13927576.16671	1550	15.0684
ERR13927576.16672	1569	18.9018
ERR13927576.16673	1556	18.4968
ERR13927576.16674	1517	15.7884
ERR13927576.16675	1514	17.0343
ERR13927576.16676	1534	17.0678
ERR13927576.16677	1575	17.0749
ERR13927576.16678	1545	16.0000
ERR13927576.16679	1584	17.6181
ERR13927576.16680	1568	16.1499
ERR13927576.16681	1544	15.7085
ERR13927576.16682	1528	16.6878
ERR13927576.16683	1562	16.8073
ERR13927576.16684	1563	21.1702
ERR13927576.16685	1612	14.9969
ERR13927576.16686	1556	18.7506
ERR13927576.16687	1590	19.9252
ERR13927576.16688	1454	14.8377
ERR13927576.16689	1566	17.9208
ERR13927576.16690	1534	17.1245
ERR13927576.16691	1477	17.5877
ERR13927576.16692	1550	20.0865
ERR13927576.16693	1566	17.1756
ERR13927576.16694	1574	17.1213
ERR13927576.16695	1553	18.1017
ERR13927576.16696	1565	17.5514
ERR13927576.16697	1521	15.5950
ERR13927576.16698	1510	15.8166
ERR13927576.16699	1591	18.5053
ERR13927576.16700	1538	17.3296
ERR13927576.16701	1540	14.1942
ERR13927576.16702	1556	17.5116
ERR13927576.16703	1565	14.6422
ERR13927576.16704	1561	18.2582
ERR13927576.16705	1572	16.5064
ERR13927576.16706	1572	18.4084
ERR13927576.16707	1523	20.3552
ERR13927576.16708	1587	18.1695
ERR13927576.16709	1591	18.1659
ERR13927576.16710	1579	15.0013
ERR13927576.16711	1572	16.3556
ERR13927576.16712	1548	17.7326
ERR13927576.16713	1536	17.1882
ERR13927576.16714	1527	16.2410
ERR13927576.16715	1556	16.1497
ERR13927576.16716	1547	19.5372
ERR13927576.16717	1533	15.3346
ERR13927576.16718	1326	15.0309
ERR13927576.16719	1563	18.2194
ERR13927576.16720	1539	18.5257
ERR13927576.16721	1551	15.8117
ERR13927576.16722	1571	17.4564
ERR13927576.16723	1532	16.1913
ERR13927576.16724	1532	17.9223
ERR13927576.16725	1568	20.5000
ERR13927576.16726	1551	15.3611
ERR13927576.16727	1568	17.9617
ERR13927576.16728	1529	15.6893
ERR13927576.16729	1578	18.1768
ERR13927576.16730	1544	18.8815
ERR13927576.16731	1571	18.7282
ERR13927576.16732	1507	17.6908
ERR13927576.16733	1561	18.3248
ERR13927576.16734	1568	17.0893
ERR13927576.16735	1533	16.3601
ERR13927576.16736	1512	17.2811
ERR13927576.16737	1546	18.6746
ERR13927576.16738	1509	18.6998
ERR13927576.16739	1553	16.3657
ERR13927576.16740	1551	17.1322
ERR13927576.16741	1561	18.2101
ERR13927576.16742	1540	17.3351
ERR13927576.16743	1558	18.2940
ERR13927576.16744	1545	17.4498
ERR13927576.16745	1506	15.2729
ERR13927576.16746	1543	17.2197
ERR13927576.16747	1563	16.7204
ERR13927576.16748	1537	15.9610
ERR13927576.16749	1564	17.3043
ERR13927576.16750	1542	15.0467
ERR13927576.16751	1592	16.2217
ERR13927576.16752	1572	18.4281
ERR13927576.16753	1589	20.2429
ERR13927576.16754	1563	15.8490
ERR13927576.16755	1544	18.4223
ERR13927576.16756	1557	17.9705
ERR13927576.16757	1609	17.7738
ERR13927576.16758	1598	19.2272
ERR13927576.16759	1558	21.5931
ERR13927576.16760	1545	17.6136
ERR13927576.16761	1531	18.0888
ERR13927576.16762	1537	16.5901
ERR13927576.16763	1529	19.0536
ERR13927576.16764	1580	19.5051
ERR13927576.16765	1547	17.6206
ERR13927576.16766	1517	15.8774
ERR13927576.16767	1506	16.5930
ERR13927576.16768	1602	17.8252
ERR13927576.16769	1537	15.0560
ERR13927576.16770	1583	20.1346
ERR13927576.16771	1606	15.9328
ERR13927576.16772	1556	17.6125
ERR13927576.16773	1565	20.2601
ERR13927576.16774	1561	17.8225
ERR13927576.16775	1411	15.4996
ERR13927576.16776	1567	18.0172
ERR13927576.16777	1552	16.9143
ERR13927576.16778	1582	21.2440
ERR13927576.16779	1524	17.6168
ERR13927576.16780	1548	15.0724
ERR13927576.16781	1550	18.3755
ERR13927576.16782	1568	19.4636
ERR13927576.16783	1609	16.0112
ERR13927576.16784	1509	15.4758
ERR13927576.16785	1583	16.9122
ERR13927576.16786	1575	19.8533
ERR13927576.16787	1530	14.9105
ERR13927576.16788	1571	17.2011
ERR13927576.16789	1594	20.0803
ERR13927576.16790	1568	18.5835
ERR13927576.16791	1587	18.0725
ERR13927576.16792	1464	16.3169
ERR13927576.16793	947	17.7835
ERR13927576.16794	1590	19.5667
ERR13927576.16795	1550	18.7606
ERR13927576.16796	1563	18.2969
ERR13927576.16797	1515	15.3281
ERR13927576.16798	1549	16.6701
ERR13927576.16799	1543	16.0169
ERR13927576.16800	1573	15.3814
ERR13927576.16801	1546	16.7827
ERR13927576.16802	1545	17.1683
ERR13927576.16803	1582	17.7800
ERR13927576.16804	1567	16.8998
ERR13927576.16805	1558	17.2092
ERR13927576.16806	1560	17.9635
ERR13927576.16807	1507	19.0027
ERR13927576.16808	1554	16.5193
ERR13927576.16809	1561	19.6848
ERR13927576.16810	1582	18.8654
ERR13927576.16811	1517	16.3988
ERR13927576.16812	1497	16.5685
ERR13927576.16813	1529	16.3636
ERR13927576.16814	1573	19.7362
ERR13927576.16815	1549	15.3357
ERR13927576.16816	1557	16.4515
ERR13927576.16817	1551	14.8769
ERR13927576.16818	1553	16.4907
ERR13927576.16819	1552	19.3892
ERR13927576.16820	1524	16.4245
ERR13927576.16821	1555	18.3222
ERR13927576.16822	1535	16.0879
ERR13927576.16823	1564	15.5256
ERR13927576.16824	1536	18.1367
ERR13927576.16825	1544	18.8433
ERR13927576.16826	1555	18.1305
ERR13927576.16827	1532	17.2852
ERR13927576.16828	1531	17.1620
ERR13927576.16829	1580	19.1722
ERR13927576.16830	1561	18.5144
ERR13927576.16831	1493	15.2150
ERR13927576.16832	1572	19.9917
ERR13927576.16833	1529	16.0477
ERR13927576.16834	1536	17.3092
ERR13927576.16835	1527	15.1329
ERR13927576.16836	1537	16.3253
ERR13927576.16837	1539	18.9610
ERR13927576.16838	1566	20.0230
ERR13927576.16839	1561	20.3338
ERR13927576.16840	1600	18.0556
ERR13927576.16841	1545	15.5547
ERR13927576.16842	1539	16.3210
ERR13927576.16843	1574	17.6017
ERR13927576.16844	1609	16.6718
ERR13927576.16845	1559	17.2784
ERR13927576.16846	1583	20.5565
ERR13927576.16847	1575	20.5371
ERR13927576.16848	1545	15.9204
ERR13927576.16849	1475	15.1519
ERR13927576.16850	1547	18.0737
ERR13927576.16851	1496	14.8068
ERR13927576.16852	1561	16.5836
ERR13927576.16853	1543	19.7576
ERR13927576.16854	1551	18.9884
ERR13927576.16855	1634	17.3507
ERR13927576.16856	1095	14.7900
ERR13927576.16857	1565	18.0307
ERR13927576.16858	1458	13.8985
ERR13927576.16859	1530	16.1484
ERR13927576.16860	1540	17.5123
ERR13927576.16861	1576	15.1402
ERR13927576.16862	1586	16.2919
ERR13927576.16863	1558	18.7433
ERR13927576.16864	1433	17.0181
ERR13927576.16865	1516	18.4446
ERR13927576.16866	1549	17.9503
ERR13927576.16867	1560	16.6474
ERR13927576.16868	1565	18.1904
ERR13927576.16869	1495	16.0054
ERR13927576.16870	1589	17.2775
ERR13927576.16871	1542	16.5927
ERR13927576.16872	1595	20.0056
ERR13927576.16873	323	18.0526
ERR13927576.16874	1519	17.3331
ERR13927576.16875	1569	17.4455
ERR13927576.16876	1561	16.0858
ERR13927576.16877	1533	15.2100
ERR13927576.16878	1564	17.6119
ERR13927576.16879	1550	17.0781
ERR13927576.16880	1491	16.9450
ERR13927576.16881	1498	14.3798
ERR13927576.16882	1553	17.5164
ERR13927576.16883	1571	17.7778
ERR13927576.16884	1499	17.4276
ERR13927576.16885	1528	18.8907
ERR13927576.16886	1580	17.2013
ERR13927576.16887	1458	14.3820
ERR13927576.16888	688	15.8445
ERR13927576.16889	1441	17.9785
ERR13927576.16890	1545	15.9430
ERR13927576.16891	1572	18.0331
ERR13927576.16892	1545	18.3728
ERR13927576.16893	1529	16.3963
ERR13927576.16894	1576	15.4727
ERR13927576.16895	1567	18.1959
ERR13927576.16896	1506	16.8479
ERR13927576.16897	1526	15.2811
ERR13927576.16898	1561	14.8495
ERR13927576.16899	1548	15.2067
ERR13927576.16900	1555	18.5061
ERR13927576.16901	1561	19.7130
ERR13927576.16902	1563	15.8324
ERR13927576.16903	1569	16.3512
ERR13927576.16904	1561	18.0519
ERR13927576.16905	1556	19.2770
ERR13927576.16906	1065	15.2113
ERR13927576.16907	1545	15.4311
ERR13927576.16908	1524	14.4436
ERR13927576.16909	1564	14.9776
ERR13927576.16910	328	16.3354
ERR13927576.16911	1550	15.9839
ERR13927576.16912	1525	17.0590
ERR13927576.16913	1552	20.9704
ERR13927576.16914	1522	16.0053
ERR13927576.16915	1543	18.1167
ERR13927576.16916	1555	20.4232
ERR13927576.16917	1545	15.6233
ERR13927576.16918	1560	17.3615
ERR13927576.16919	1549	15.4674
ERR13927576.16920	1577	19.5491
ERR13927576.16921	1368	18.2083
ERR13927576.16922	1545	15.9152
ERR13927576.16923	1556	17.5386
ERR13927576.16924	1566	18.1086
ERR13927576.16925	1551	18.7028
ERR13927576.16926	1559	16.0718
ERR13927576.16927	1562	18.0237
ERR13927576.16928	1567	17.2329
ERR13927576.16929	1544	17.2377
ERR13927576.16930	1508	15.1492
ERR13927576.16931	1475	15.9810
ERR13927576.16932	1606	17.3811
ERR13927576.16933	1559	18.6953
ERR13927576.16934	1560	16.9865
ERR13927576.16935	1564	17.6471
ERR13927576.16936	1547	16.5449
ERR13927576.16937	1533	16.0450
ERR13927576.16938	1572	15.6571
ERR13927576.16939	1067	15.9063
ERR13927576.16940	1556	15.8972
ERR13927576.16941	1577	19.0222
ERR13927576.16942	1518	15.9058
ERR13927576.16943	1523	15.7012
ERR13927576.16944	1570	20.8803
ERR13927576.16945	1561	14.0455
ERR13927576.16946	925	16.0843
ERR13927576.16947	1520	16.5105
ERR13927576.16948	1531	14.5709
ERR13927576.16949	1579	15.8638
ERR13927576.16950	1552	16.0754
ERR13927576.16951	1551	20.3372
ERR13927576.16952	1595	19.0263
ERR13927576.16953	1569	19.4627
ERR13927576.16954	1578	14.6369
ERR13927576.16955	1554	17.5766
ERR13927576.16956	1591	20.0421
ERR13927576.16957	1542	17.3949
ERR13927576.16958	1557	17.8259
ERR13927576.16959	1525	16.8859
ERR13927576.16960	1541	16.3485
ERR13927576.16961	867	17.9343
ERR13927576.16962	1552	17.6991
ERR13927576.16963	1307	15.1408
ERR13927576.16964	1377	15.5468
ERR13927576.16965	1548	14.5717
ERR13927576.16966	1542	16.7147
ERR13927576.16967	1559	18.1616
ERR13927576.16968	1549	17.5797
ERR13927576.16969	1532	16.6952
ERR13927576.16970	1495	16.1117
ERR13927576.16971	1488	15.8750
ERR13927576.16972	1553	17.9755
ERR13927576.16973	1559	18.4144
ERR13927576.16974	1560	17.5615
ERR13927576.16975	1542	17.2912
ERR13927576.16976	1608	17.5616
ERR13927576.16977	1553	16.8854
ERR13927576.16978	1547	17.4887
ERR13927576.16979	1545	16.2350
ERR13927576.16980	1551	21.7995
ERR13927576.16981	1588	15.6807
ERR13927576.16982	1568	15.6531
ERR13927576.16983	1586	17.2875
ERR13927576.16984	1545	16.9780
ERR13927576.16985	1570	19.1624
ERR13927576.16986	1572	18.0363
ERR13927576.16987	729	14.7311
ERR13927576.16988	1586	18.0996
ERR13927576.16989	1625	18.8326
ERR13927576.16990	1551	16.3578
ERR13927576.16991	1552	14.9330
ERR13927576.16992	1568	18.1645
ERR13927576.16993	1505	16.4664
ERR13927576.16994	1576	18.0336
ERR13927576.16995	1266	16.5924
ERR13927576.16996	1507	15.3610
ERR13927576.16997	1567	20.8851
ERR13927576.16998	1531	16.6571
ERR13927576.16999	1566	18.6967
ERR13927576.17000	1544	18.6159
ERR13927576.17001	1561	19.2614
ERR13927576.17002	1584	15.3952
ERR13927576.17003	1082	14.5619
ERR13927576.17004	1458	16.7366
ERR13927576.17005	1557	15.4528
ERR13927576.17006	1563	18.4395
ERR13927576.17007	1532	18.1384
ERR13927576.17008	1514	16.3474
ERR13927576.17009	1544	15.3601
ERR13927576.17010	1566	19.3218
ERR13927576.17011	1597	17.0382
ERR13927576.17012	1545	15.8945
ERR13927576.17013	1575	17.0914
ERR13927576.17014	1552	17.9265
ERR13927576.17015	1540	16.5000
ERR13927576.17016	1556	16.4479
ERR13927576.17017	596	18.3993
ERR13927576.17018	1595	17.1505
ERR13927576.17019	1569	15.7451
ERR13927576.17020	1551	16.0413
ERR13927576.17021	1569	15.6106
ERR13927576.17022	1547	16.3058
ERR13927576.17023	1588	17.9950
ERR13927576.17024	999	16.1291
ERR13927576.17025	1531	15.9634
ERR13927576.17026	1562	18.7311
ERR13927576.17027	1551	16.4939
ERR13927576.17028	1541	16.0578
ERR13927576.17029	1539	16.1410
ERR13927576.17030	1461	15.8542
ERR13927576.17031	1543	14.7544
ERR13927576.17032	1563	19.6091
ERR13927576.17033	1551	18.4958
ERR13927576.17034	1575	16.2863
ERR13927576.17035	1558	15.8626
ERR13927576.17036	1533	16.9022
ERR13927576.17037	1518	16.0975
ERR13927576.17038	1592	18.3034
ERR13927576.17039	1563	17.5221
ERR13927576.17040	1461	14.8871
ERR13927576.17041	1508	16.1074
ERR13927576.17042	1572	17.0814
ERR13927576.17043	1571	19.0395
ERR13927576.17044	1568	17.5791
ERR13927576.17045	1564	19.1835
ERR13927576.17046	1541	16.7904
ERR13927576.17047	1544	14.0233
ERR13927576.17048	1560	20.2288
ERR13927576.17049	1545	15.9657
ERR13927576.17050	1529	17.2760
ERR13927576.17051	1499	15.3836
ERR13927576.17052	1548	16.5872
ERR13927576.17053	1527	15.5920
ERR13927576.17054	1583	16.9337
ERR13927576.17055	1415	14.6714
ERR13927576.17056	1567	17.1902
ERR13927576.17057	1551	15.5545
ERR13927576.17058	1583	16.9924
ERR13927576.17059	1553	17.8165
ERR13927576.17060	1576	18.1478
ERR13927576.17061	1558	16.4974
ERR13927576.17062	1556	16.8599
ERR13927576.17063	1569	15.9018
ERR13927576.17064	1536	15.0280
ERR13927576.17065	1569	18.8591
ERR13927576.17066	1525	19.6643
ERR13927576.17067	1564	16.9904
ERR13927576.17068	1566	20.5920
ERR13927576.17069	1546	20.3700
ERR13927576.17070	1546	16.4502
ERR13927576.17071	1550	18.6181
ERR13927576.17072	1511	16.0953
ERR13927576.17073	1533	16.8532
ERR13927576.17074	1532	15.5052
ERR13927576.17075	1556	19.4017
ERR13927576.17076	302	15.1656
ERR13927576.17077	471	16.9639
ERR13927576.17078	1539	19.6771
ERR13927576.17079	1527	19.8919
ERR13927576.17080	3108	18.9775
ERR13927576.17081	1571	18.7817
ERR13927576.17082	1569	16.7342
ERR13927576.17083	1533	19.6282
ERR13927576.17084	1975	14.7296
ERR13927576.17085	1534	15.8898
ERR13927576.17086	1509	13.7104
ERR13927576.17087	1501	16.5796
ERR13927576.17088	1548	15.6428
ERR13927576.17089	1581	15.7717
ERR13927576.17090	1543	19.1134
ERR13927576.17091	1544	19.6172
ERR13927576.17092	1509	15.5712
ERR13927576.17093	1432	19.0468
ERR13927576.17094	1557	20.0148
ERR13927576.17095	1559	21.2290
ERR13927576.17096	1608	19.4080
ERR13927576.17097	1527	16.0210
ERR13927576.17098	1540	17.3364
ERR13927576.17099	1520	19.6645
ERR13927576.17100	1575	20.2571
ERR13927576.17101	1543	16.4128
ERR13927576.17102	1570	15.9822
ERR13927576.17103	1566	16.5211
ERR13927576.17104	1556	18.6356
ERR13927576.17105	1535	18.2873
ERR13927576.17106	1527	16.9659
ERR13927576.17107	1576	15.6681
ERR13927576.17108	1546	18.4360
ERR13927576.17109	1484	14.2588
ERR13927576.17110	1566	18.8314
ERR13927576.17111	1569	18.1778
ERR13927576.17112	1539	17.0416
ERR13927576.17113	1557	18.9467
ERR13927576.17114	1559	20.2726
ERR13927576.17115	1538	16.1521
ERR13927576.17116	1552	19.7126
ERR13927576.17117	1601	21.0337
ERR13927576.17118	1465	15.1959
ERR13927576.17119	1585	15.8511
ERR13927576.17120	1511	16.2528
ERR13927576.17121	1510	17.3126
ERR13927576.17122	1562	18.5058
ERR13927576.17123	1576	19.6999
ERR13927576.17124	1565	18.1847
ERR13927576.17125	1545	15.5055
ERR13927576.17126	1509	16.4818
ERR13927576.17127	1571	16.5417
ERR13927576.17128	1566	18.1354
ERR13927576.17129	1552	19.8048
ERR13927576.17130	1545	17.1210
ERR13927576.17131	1575	20.4895
ERR13927576.17132	1525	15.1449
ERR13927576.17133	1575	18.2521
ERR13927576.17134	1571	20.7295
ERR13927576.17135	226	17.4469
ERR13927576.17136	1557	19.1683
ERR13927576.17137	1554	20.1055
ERR13927576.17138	1506	15.6547
ERR13927576.17139	1558	19.2060
ERR13927576.17140	1517	16.3579
ERR13927576.17141	1533	17.1226
ERR13927576.17142	1504	15.7753
ERR13927576.17143	1538	15.6775
ERR13927576.17144	1551	18.6925
ERR13927576.17145	1545	17.6181
ERR13927576.17146	1503	15.8004
ERR13927576.17147	1554	19.4247
ERR13927576.17148	1517	14.8655
ERR13927576.17149	1462	16.8625
ERR13927576.17150	1585	19.0473
ERR13927576.17151	1563	20.7601
ERR13927576.17152	1529	17.3048
ERR13927576.17153	1539	17.8921
ERR13927576.17154	1559	17.2733
ERR13927576.17155	1524	15.4245
ERR13927576.17156	1556	15.3490
ERR13927576.17157	1596	16.1817
ERR13927576.17158	1545	20.2104
ERR13927576.17159	1553	14.7727
ERR13927576.17160	1518	18.7767
ERR13927576.17161	1568	16.1556
ERR13927576.17162	1584	18.7128
ERR13927576.17163	1540	15.0578
ERR13927576.17164	1548	19.6053
ERR13927576.17165	1552	17.8756
ERR13927576.17166	1537	19.8022
ERR13927576.17167	1565	14.8882
ERR13927576.17168	1565	16.5252
ERR13927576.17169	1529	16.4506
ERR13927576.17170	1539	16.6108
ERR13927576.17171	1544	16.7895
ERR13927576.17172	1560	19.5859
ERR13927576.17173	1529	20.1033
ERR13927576.17174	1553	16.5138
ERR13927576.17175	1330	18.1496
ERR13927576.17176	1537	20.2310
ERR13927576.17177	1565	15.7323
ERR13927576.17178	1569	19.4748
ERR13927576.17179	867	14.4913
ERR13927576.17180	1541	18.4166
ERR13927576.17181	1538	16.0403
ERR13927576.17182	1527	15.3360
ERR13927576.17183	1557	17.4374
ERR13927576.17184	1455	13.8144
ERR13927576.17185	1528	16.8488
ERR13927576.17186	1535	20.2743
ERR13927576.17187	1545	15.0589
ERR13927576.17188	1567	15.5788
ERR13927576.17189	295	15.3017
ERR13927576.17190	1466	16.1357
ERR13927576.17191	1541	17.2446
ERR13927576.17192	1595	14.9887
ERR13927576.17193	1496	16.5227
ERR13927576.17194	1494	16.3440
ERR13927576.17195	1508	15.4224
ERR13927576.17196	1518	16.9150
ERR13927576.17197	1564	21.4309
ERR13927576.17198	1539	15.9422
ERR13927576.17199	1520	17.3684
ERR13927576.17200	1535	17.7127
ERR13927576.17201	1590	19.7365
ERR13927576.17202	1570	20.0446
ERR13927576.17203	1539	19.6452
ERR13927576.17204	1450	15.0676
ERR13927576.17205	1581	21.4927
ERR13927576.17206	1558	19.3530
ERR13927576.17207	1574	19.7433
ERR13927576.17208	1547	17.4783
ERR13927576.17209	1566	15.7822
ERR13927576.17210	1530	16.6229
ERR13927576.17211	1556	18.0533
ERR13927576.17212	1564	19.4412
ERR13927576.17213	1552	19.7307
ERR13927576.17214	1572	18.9936
ERR13927576.17215	1540	14.6104
ERR13927576.17216	1556	19.4242
ERR13927576.17217	1561	15.6079
ERR13927576.17218	1559	18.7229
ERR13927576.17219	1497	17.2064
ERR13927576.17220	1553	19.4598
ERR13927576.17221	1556	15.4344
ERR13927576.17222	1539	18.2508
ERR13927576.17223	1562	16.1287
ERR13927576.17224	1499	15.6224
ERR13927576.17225	1587	17.9616
ERR13927576.17226	1537	17.1223
ERR13927576.17227	1577	17.9423
ERR13927576.17228	1576	16.0876
ERR13927576.17229	1569	15.5284
ERR13927576.17230	1554	16.7265
ERR13927576.17231	1513	17.4673
ERR13927576.17232	1561	18.1819
ERR13927576.17233	1555	17.1833
ERR13927576.17234	1497	19.6760
ERR13927576.17235	1498	15.1582
ERR13927576.17236	1578	19.8219
ERR13927576.17237	1589	18.0887
ERR13927576.17238	1543	18.2145
ERR13927576.17239	1546	18.5052
ERR13927576.17240	1512	15.1627
ERR13927576.17241	1537	18.9024
ERR13927576.17242	1557	17.2434
ERR13927576.17243	1553	20.2576
ERR13927576.17244	1569	19.1205
ERR13927576.17245	1593	14.8236
ERR13927576.17246	1552	15.4626
ERR13927576.17247	1579	19.0842
ERR13927576.17248	1564	17.9834
ERR13927576.17249	1573	16.6332
ERR13927576.17250	1464	15.1209
ERR13927576.17251	1564	17.5742
ERR13927576.17252	1541	16.9643
ERR13927576.17253	1308	17.4526
ERR13927576.17254	1623	16.9107
ERR13927576.17255	1549	16.9219
ERR13927576.17256	1394	14.5488
ERR13927576.17257	1619	18.5738
ERR13927576.17258	1568	19.9821
ERR13927576.17259	1513	15.2855
ERR13927576.17260	1584	20.1199
ERR13927576.17261	1560	16.3160
ERR13927576.17262	1520	15.5849
ERR13927576.17263	1580	18.4139
ERR13927576.17264	1558	17.8877
ERR13927576.17265	1577	16.3044
ERR13927576.17266	1558	18.1772
ERR13927576.17267	1531	16.5284
ERR13927576.17268	1549	15.6869
ERR13927576.17269	1564	18.3338
ERR13927576.17270	1500	15.1720
ERR13927576.17271	1549	18.9522
ERR13927576.17272	1561	20.9923
ERR13927576.17273	1541	15.6613
ERR13927576.17274	1573	15.5518
ERR13927576.17275	1540	18.3006
ERR13927576.17276	1490	15.7510
ERR13927576.17277	1449	17.9931
ERR13927576.17278	1512	15.3948
ERR13927576.17279	1568	16.1384
ERR13927576.17280	1552	19.6256
ERR13927576.17281	1319	17.9864
ERR13927576.17282	1538	15.1014
ERR13927576.17283	1533	17.6210
ERR13927576.17284	1584	19.6515
ERR13927576.17285	1539	17.9539
ERR13927576.17286	1555	19.7106
ERR13927576.17287	1456	16.1223
ERR13927576.17288	1537	16.5556
ERR13927576.17289	1517	16.5267
ERR13927576.17290	1534	16.1141
ERR13927576.17291	972	15.8601
ERR13927576.17292	1605	17.3626
ERR13927576.17293	1543	18.6662
ERR13927576.17294	1578	19.3676
ERR13927576.17295	1545	15.2427
ERR13927576.17296	1513	18.2115
ERR13927576.17297	1544	17.3510
ERR13927576.17298	1549	18.7611
ERR13927576.17299	1561	20.1992
ERR13927576.17300	1575	19.6438
ERR13927576.17301	276	16.1377
ERR13927576.17302	1511	15.1152
ERR13927576.17303	1541	16.0182
ERR13927576.17304	1557	20.0116
ERR13927576.17305	1543	15.9585
ERR13927576.17306	1534	16.1082
ERR13927576.17307	1550	16.2813
ERR13927576.17308	1552	21.7268
ERR13927576.17309	1583	20.1453
ERR13927576.17310	1540	18.8156
ERR13927576.17311	1573	19.4844
ERR13927576.17312	1526	16.6861
ERR13927576.17313	1553	16.0560
ERR13927576.17314	1558	18.7567
ERR13927576.17315	1553	19.9111
ERR13927576.17316	1530	17.2582
ERR13927576.17317	1531	19.5924
ERR13927576.17318	1559	20.3708
ERR13927576.17319	1325	15.9343
ERR13927576.17320	1572	16.9955
ERR13927576.17321	1549	21.1788
ERR13927576.17322	1562	20.6504
ERR13927576.17323	1546	20.5039
ERR13927576.17324	1576	18.5711
ERR13927576.17325	1549	14.8134
ERR13927576.17326	1532	15.3316
ERR13927576.17327	1551	16.3211
ERR13927576.17328	1575	20.9581
ERR13927576.17329	1512	14.2183
ERR13927576.17330	1535	16.9902
ERR13927576.17331	1570	17.8490
ERR13927576.17332	1539	17.6348
ERR13927576.17333	1559	17.7678
ERR13927576.17334	1456	15.1037
ERR13927576.17335	1563	17.7326
ERR13927576.17336	1595	19.3166
ERR13927576.17337	1544	19.4288
ERR13927576.17338	1474	15.4077
ERR13927576.17339	1558	17.6605
ERR13927576.17340	1574	18.5330
ERR13927576.17341	1558	17.5668
ERR13927576.17342	1592	16.4089
ERR13927576.17343	1494	14.4973
ERR13927576.17344	1517	16.3072
ERR13927576.17345	1537	16.1633
ERR13927576.17346	1578	18.4100
ERR13927576.17347	1540	18.6312
ERR13927576.17348	343	13.3965
ERR13927576.17349	1572	20.7704
ERR13927576.17350	1534	18.9133
ERR13927576.17351	1604	17.7107
ERR13927576.17352	1569	18.1281
ERR13927576.17353	1574	15.8005
ERR13927576.17354	1554	20.4897
ERR13927576.17355	1386	19.9993
ERR13927576.17356	1554	16.7194
ERR13927576.17357	1521	16.5391
ERR13927576.17358	1549	16.5849
ERR13927576.17359	1560	17.5590
ERR13927576.17360	1485	16.9630
ERR13927576.17361	1544	17.5343
ERR13927576.17362	1563	18.4939
ERR13927576.17363	1577	16.5789
ERR13927576.17364	1534	15.5971
ERR13927576.17365	1616	17.5068
ERR13927576.17366	1582	19.4905
ERR13927576.17367	1478	15.2510
ERR13927576.17368	1567	19.9202
ERR13927576.17369	1567	19.2846
ERR13927576.17370	1542	16.9877
ERR13927576.17371	1510	14.4510
ERR13927576.17372	1350	17.1919
ERR13927576.17373	1554	20.0277
ERR13927576.17374	1568	15.7015
ERR13927576.17375	1535	20.2990
ERR13927576.17376	1417	16.7382
ERR13927576.17377	1555	15.5106
ERR13927576.17378	395	15.6127
ERR13927576.17379	1551	17.3701
ERR13927576.17380	1540	19.7390
ERR13927576.17381	1561	17.5746
ERR13927576.17382	3013	15.2761
ERR13927576.17383	1594	18.3476
ERR13927576.17384	1557	19.1779
ERR13927576.17385	1576	18.6973
ERR13927576.17386	1542	17.5208
ERR13927576.17387	1532	16.8584
ERR13927576.17388	1552	18.8795
ERR13927576.17389	1560	16.9782
ERR13927576.17390	1543	17.7634
ERR13927576.17391	1538	18.4356
ERR13927576.17392	1563	15.0307
ERR13927576.17393	1575	19.3244
ERR13927576.17394	1552	15.7146
ERR13927576.17395	1576	17.7138
ERR13927576.17396	1579	17.0215
ERR13927576.17397	1567	17.6120
ERR13927576.17398	1557	17.5748
ERR13927576.17399	1557	16.1362
ERR13927576.17400	1527	15.5069
ERR13927576.17401	1581	18.3213
ERR13927576.17402	1521	15.4615
ERR13927576.17403	1541	17.0344
ERR13927576.17404	1574	20.2039
ERR13927576.17405	1569	17.3646
ERR13927576.17406	1545	17.9644
ERR13927576.17407	1506	14.4170
ERR13927576.17408	1543	17.5437
ERR13927576.17409	1529	18.6122
ERR13927576.17410	1564	15.0659
ERR13927576.17411	1517	16.7877
ERR13927576.17412	1576	17.8509
ERR13927576.17413	1496	17.8449
ERR13927576.17414	1568	16.5765
ERR13927576.17415	1569	18.2913
ERR13927576.17416	1545	17.5780
ERR13927576.17417	1464	17.0123
ERR13927576.17418	1399	18.8778
ERR13927576.17419	1583	20.0164
ERR13927576.17420	1550	19.0426
ERR13927576.17421	1541	15.5075
ERR13927576.17422	1536	15.9069
ERR13927576.17423	1557	17.6557
ERR13927576.17424	1503	16.5456
ERR13927576.17425	1515	15.3822
ERR13927576.17426	1519	15.7716
ERR13927576.17427	1535	16.2059
ERR13927576.17428	1603	18.2414
ERR13927576.17429	1513	15.3212
ERR13927576.17430	1495	17.4635
ERR13927576.17431	1574	14.5515
ERR13927576.17432	1521	14.9448
ERR13927576.17433	1512	18.6144
ERR13927576.17434	1546	17.5446
ERR13927576.17435	1579	20.0348
ERR13927576.17436	1574	18.0597
ERR13927576.17437	1574	16.3437
ERR13927576.17438	1579	17.9721
ERR13927576.17439	1510	15.8311
ERR13927576.17440	1540	15.1013
ERR13927576.17441	453	16.0993
ERR13927576.17442	1489	15.9006
ERR13927576.17443	1607	20.4505
ERR13927576.17444	1552	19.6901
ERR13927576.17445	1475	17.6786
ERR13927576.17446	1549	16.0833
ERR13927576.17447	1587	17.7158
ERR13927576.17448	1024	17.1543
ERR13927576.17449	1471	18.4908
ERR13927576.17450	1509	16.3817
ERR13927576.17451	1566	18.2810
ERR13927576.17452	1556	18.8059
ERR13927576.17453	1540	17.0779
ERR13927576.17454	1554	19.0933
ERR13927576.17455	382	18.4791
ERR13927576.17456	1571	15.4316
ERR13927576.17457	1538	16.4584
ERR13927576.17458	1550	18.6690
ERR13927576.17459	1584	17.0240
ERR13927576.17460	1508	16.3455
ERR13927576.17461	1587	17.1544
ERR13927576.17462	1543	19.8367
ERR13927576.17463	1473	15.9246
ERR13927576.17464	1617	20.7372
ERR13927576.17465	1548	17.8547
ERR13927576.17466	1549	14.4132
ERR13927576.17467	1518	14.9387
ERR13927576.17468	1328	17.4895
ERR13927576.17469	1482	16.6694
ERR13927576.17470	1574	19.9066
ERR13927576.17471	1537	18.7853
ERR13927576.17472	1528	19.3357
ERR13927576.17473	1572	21.4892
ERR13927576.17474	1522	14.9625
ERR13927576.17475	1518	16.9684
ERR13927576.17476	1518	14.9934
ERR13927576.17477	1548	19.3488
ERR13927576.17478	1560	16.0891
ERR13927576.17479	1468	16.2180
ERR13927576.17480	1582	18.5234
ERR13927576.17481	1562	17.6677
ERR13927576.17482	1485	14.7226
ERR13927576.17483	1550	17.2071
ERR13927576.17484	1456	14.2919
ERR13927576.17485	1159	20.4331
ERR13927576.17486	1581	15.3941
ERR13927576.17487	1477	17.2268
ERR13927576.17488	1564	22.7717
ERR13927576.17489	1566	16.5064
ERR13927576.17490	1414	16.5354
ERR13927576.17491	1539	18.6511
ERR13927576.17492	1596	18.0752
ERR13927576.17493	1583	18.5666
ERR13927576.17494	1571	19.1413
ERR13927576.17495	1551	15.8356
ERR13927576.17496	1585	20.6158
ERR13927576.17497	1586	17.9634
ERR13927576.17498	1516	15.8206
ERR13927576.17499	1539	16.6608
ERR13927576.17500	1556	18.8689
ERR13927576.17501	704	15.5327
ERR13927576.17502	1543	18.4913
ERR13927576.17503	1504	16.8477
ERR13927576.17504	1533	19.6562
ERR13927576.17505	1556	18.6272
ERR13927576.17506	1551	19.8156
ERR13927576.17507	1536	19.5221
ERR13927576.17508	1547	15.4874
ERR13927576.17509	1554	17.6055
ERR13927576.17510	1559	17.0443
ERR13927576.17511	1531	16.6590
ERR13927576.17512	1570	19.8650
ERR13927576.17513	1536	19.9831
ERR13927576.17514	1554	17.0277
ERR13927576.17515	1519	19.2350
ERR13927576.17516	1541	15.3628
ERR13927576.17517	1547	17.6102
ERR13927576.17518	1563	18.4607
ERR13927576.17519	1526	21.1330
ERR13927576.17520	1572	20.3193
ERR13927576.17521	1591	18.6606
ERR13927576.17522	1222	16.4615
ERR13927576.17523	1553	16.8603
ERR13927576.17524	1300	17.6538
ERR13927576.17525	1538	18.3804
ERR13927576.17526	1602	16.9981
ERR13927576.17527	1559	15.8807
ERR13927576.17528	1556	18.9132
ERR13927576.17529	1591	15.1521
ERR13927576.17530	1482	16.6255
ERR13927576.17531	1562	16.3035
ERR13927576.17532	1561	16.7425
ERR13927576.17533	1545	14.6900
ERR13927576.17534	1573	20.6917
ERR13927576.17535	1526	16.1730
ERR13927576.17536	1567	20.0944
ERR13927576.17537	1475	15.9858
ERR13927576.17538	1552	19.6128
ERR13927576.17539	1553	18.5171
ERR13927576.17540	1588	18.5195
ERR13927576.17541	1553	19.5267
ERR13927576.17542	1543	18.4232
ERR13927576.17543	1588	19.6385
ERR13927576.17544	1547	17.4738
ERR13927576.17545	1525	18.1456
ERR13927576.17546	1582	16.4772
ERR13927576.17547	1547	16.6619
ERR13927576.17548	1553	15.1977
ERR13927576.17549	1514	14.9934
ERR13927576.17550	1512	14.8909
ERR13927576.17551	1556	15.5656
ERR13927576.17552	1569	16.1300
ERR13927576.17553	1573	15.3636
ERR13927576.17554	1550	18.8374
ERR13927576.17555	1569	19.3301
ERR13927576.17556	1611	17.3284
ERR13927576.17557	1532	15.9439
ERR13927576.17558	1573	15.5016
ERR13927576.17559	1543	17.4511
ERR13927576.17560	1013	17.8095
ERR13927576.17561	1530	16.4366
ERR13927576.17562	1522	18.7326
ERR13927576.17563	1529	15.9438
ERR13927576.17564	1559	17.2393
ERR13927576.17565	1622	17.7121
ERR13927576.17566	1534	16.6382
ERR13927576.17567	2948	15.2022
ERR13927576.17568	1625	20.1465
ERR13927576.17569	1630	18.7209
ERR13927576.17570	1557	18.1657
ERR13927576.17571	1586	20.9357
ERR13927576.17572	1543	18.0454
ERR13927576.17573	1554	19.9743
ERR13927576.17574	1574	18.3628
ERR13927576.17575	1577	17.8599
ERR13927576.17576	1640	17.8854
ERR13927576.17577	1565	19.3099
ERR13927576.17578	1607	17.7660
ERR13927576.17579	1594	18.1581
ERR13927576.17580	1598	18.6577
ERR13927576.17581	1580	17.7987
ERR13927576.17582	1600	18.6025
ERR13927576.17583	1568	17.2124
ERR13927576.17584	1630	16.1650
ERR13927576.17585	1573	14.4024
ERR13927576.17586	1580	19.2899
ERR13927576.17587	1550	17.9961
ERR13927576.17588	1574	17.9975
ERR13927576.17589	1564	17.4821
ERR13927576.17590	1618	16.5735
ERR13927576.17591	1571	18.7702
ERR13927576.17592	1565	17.2447
ERR13927576.17593	1544	15.5551
ERR13927576.17594	1586	17.2175
ERR13927576.17595	1552	17.6366
ERR13927576.17596	1563	16.0544
ERR13927576.17597	1557	17.9480
ERR13927576.17598	1600	17.7700
ERR13927576.17599	1552	17.2829
ERR13927576.17600	1614	17.0397
ERR13927576.17601	1597	14.9192
ERR13927576.17602	1538	19.1814
ERR13927576.17603	1563	15.6846
ERR13927576.17604	1598	20.1546
ERR13927576.17605	1583	19.4479
ERR13927576.17606	1563	15.5010
ERR13927576.17607	1539	17.8363
ERR13927576.17608	1556	16.3181
ERR13927576.17609	1566	21.4604
ERR13927576.17610	1055	14.5782
ERR13927576.17611	1567	20.3644
ERR13927576.17612	1528	17.7585
ERR13927576.17613	1558	17.0019
ERR13927576.17614	1553	15.0741
ERR13927576.17615	1756	16.6418
ERR13927576.17616	1536	18.3470
ERR13927576.17617	1574	17.2624
ERR13927576.17618	1027	19.3690
ERR13927576.17619	1505	16.2199
ERR13927576.17620	661	16.4705
ERR13927576.17621	1555	19.2585
ERR13927576.17622	450	16.3911
ERR13927576.17623	1647	19.3509
ERR13927576.17624	1563	17.5374
ERR13927576.17625	1567	15.8449
ERR13927576.17626	1600	16.7506
ERR13927576.17627	1607	16.0498
ERR13927576.17628	1562	18.8976
ERR13927576.17629	1577	18.8649
ERR13927576.17630	1558	15.8999
ERR13927576.17631	1588	19.2286
ERR13927576.17632	1537	15.8120
ERR13927576.17633	1569	18.2180
ERR13927576.17634	1599	18.8168
ERR13927576.17635	1416	17.3150
ERR13927576.17636	1593	17.9316
ERR13927576.17637	1579	19.8822
ERR13927576.17638	1563	19.6903
ERR13927576.17639	1541	18.0201
ERR13927576.17640	1521	17.9428
ERR13927576.17641	1324	18.5959
ERR13927576.17642	1580	16.7418
ERR13927576.17643	1614	20.3817
ERR13927576.17644	1576	16.7335
ERR13927576.17645	999	19.2312
ERR13927576.17646	1539	19.6387
ERR13927576.17647	1535	17.2319
ERR13927576.17648	1547	15.1125
ERR13927576.17649	1528	18.8240
ERR13927576.17650	1631	16.7676
ERR13927576.17651	1593	17.1990
ERR13927576.17652	1588	18.9943
ERR13927576.17653	1558	16.6849
ERR13927576.17654	1588	16.0139
ERR13927576.17655	1571	17.5582
ERR13927576.17656	1588	18.3841
ERR13927576.17657	245	18.2367
ERR13927576.17658	1587	19.7410
ERR13927576.17659	1560	16.8385
ERR13927576.17660	1563	16.4875
ERR13927576.17661	1571	18.0280
ERR13927576.17662	1584	14.6345
ERR13927576.17663	1578	18.6280
ERR13927576.17664	1575	17.5632
ERR13927576.17665	1541	17.2349
ERR13927576.17666	1581	18.0942
ERR13927576.17667	1587	21.3957
ERR13927576.17668	1584	16.4394
ERR13927576.17669	1542	14.8703
ERR13927576.17670	1597	16.5692
ERR13927576.17671	1567	21.6592
ERR13927576.17672	1563	20.6871
ERR13927576.17673	1543	14.8788
ERR13927576.17674	1565	20.5578
ERR13927576.17675	1574	19.0699
ERR13927576.17676	1576	19.1808
ERR13927576.17677	621	14.8341
ERR13927576.17678	1583	17.7707
ERR13927576.17679	1534	20.0007
ERR13927576.17680	1597	19.5216
ERR13927576.17681	1560	16.8160
ERR13927576.17682	1545	16.0337
ERR13927576.17683	1549	18.7456
ERR13927576.17684	1592	17.2714
ERR13927576.17685	1590	16.4434
ERR13927576.17686	1520	16.7158
ERR13927576.17687	1547	18.8242
ERR13927576.17688	422	15.4265
ERR13927576.17689	1553	18.5673
ERR13927576.17690	1550	15.5755
ERR13927576.17691	1558	20.2651
ERR13927576.17692	1573	15.9174
ERR13927576.17693	1634	19.5588
ERR13927576.17694	1508	14.8767
ERR13927576.17695	1521	15.0999
ERR13927576.17696	1536	17.2708
ERR13927576.17697	1624	16.1613
ERR13927576.17698	1545	18.5217
ERR13927576.17699	1545	16.5340
ERR13927576.17700	1562	16.5499
ERR13927576.17701	1568	15.5281
ERR13927576.17702	1543	18.3843
ERR13927576.17703	1540	18.2487
ERR13927576.17704	1565	17.8032
ERR13927576.17705	1606	18.2341
ERR13927576.17706	1529	19.3525
ERR13927576.17707	1555	15.2482
ERR13927576.17708	1545	16.6822
ERR13927576.17709	1531	17.3521
ERR13927576.17710	1568	17.8635
ERR13927576.17711	1566	18.7778
ERR13927576.17712	1570	16.6713
ERR13927576.17713	1587	17.4115
ERR13927576.17714	1546	15.8810
ERR13927576.17715	1582	17.5044
ERR13927576.17716	1558	16.7208
ERR13927576.17717	1559	17.3220
ERR13927576.17718	1563	19.2898
ERR13927576.17719	1567	15.4040
ERR13927576.17720	1561	16.8020
ERR13927576.17721	1565	17.0524
ERR13927576.17722	1555	20.1248
ERR13927576.17723	1558	15.8280
ERR13927576.17724	1602	15.7978
ERR13927576.17725	1570	17.6860
ERR13927576.17726	1577	18.1148
ERR13927576.17727	1565	17.4818
ERR13927576.17728	1603	14.2146
ERR13927576.17729	1556	18.1510
ERR13927576.17730	1613	17.9244
ERR13927576.17731	1584	16.1736
ERR13927576.17732	1536	15.4043
ERR13927576.17733	1568	15.4298
ERR13927576.17734	1579	15.9500
ERR13927576.17735	1540	16.9714
ERR13927576.17736	1586	19.0738
ERR13927576.17737	1554	17.2349
ERR13927576.17738	1563	16.4056
ERR13927576.17739	1543	16.9430
ERR13927576.17740	224	13.1205
ERR13927576.17741	1570	17.7873
ERR13927576.17742	1560	20.1372
ERR13927576.17743	1529	15.3126
ERR13927576.17744	1540	16.1149
ERR13927576.17745	1543	20.2553
ERR13927576.17746	519	19.0116
ERR13927576.17747	1608	15.0019
ERR13927576.17748	1259	16.5131
ERR13927576.17749	1552	16.7313
ERR13927576.17750	848	16.3420
ERR13927576.17751	1596	17.9305
ERR13927576.17752	1535	17.8834
ERR13927576.17753	1543	14.8678
ERR13927576.17754	1558	14.8017
ERR13927576.17755	1591	17.8806
ERR13927576.17756	1594	18.9787
ERR13927576.17757	1564	19.0678
ERR13927576.17758	1577	16.8802
ERR13927576.17759	1552	16.2036
ERR13927576.17760	1568	16.5242
ERR13927576.17761	1548	16.5226
ERR13927576.17762	1555	15.0386
ERR13927576.17763	1572	16.4338
ERR13927576.17764	1567	17.7371
ERR13927576.17765	1552	14.9272
ERR13927576.17766	1547	21.4648
ERR13927576.17767	1550	16.8787
ERR13927576.17768	1080	16.8889
ERR13927576.17769	1553	16.2917
ERR13927576.17770	1564	15.9214
ERR13927576.17771	1564	14.5908
ERR13927576.17772	1588	16.3117
ERR13927576.17773	1575	15.6483
ERR13927576.17774	1792	18.0614
ERR13927576.17775	1586	17.6772
ERR13927576.17776	1609	14.9901
ERR13927576.17777	1540	18.2110
ERR13927576.17778	1535	15.9518
ERR13927576.17779	1587	16.2073
ERR13927576.17780	1573	20.2289
ERR13927576.17781	1576	17.3896
ERR13927576.17782	1549	15.9877
ERR13927576.17783	1636	18.2744
ERR13927576.17784	1594	15.2560
ERR13927576.17785	1535	18.3583
ERR13927576.17786	1536	17.4948
ERR13927576.17787	979	16.9642
ERR13927576.17788	1569	19.0472
ERR13927576.17789	1578	15.3910
ERR13927576.17790	1588	18.1492
ERR13927576.17791	884	17.9219
ERR13927576.17792	1562	17.1793
ERR13927576.17793	1600	16.5312
ERR13927576.17794	1572	16.6571
ERR13927576.17795	1518	14.8274
ERR13927576.17796	1565	14.7125
ERR13927576.17797	1561	18.7444
ERR13927576.17798	1554	16.8681
ERR13927576.17799	1569	15.8496
ERR13927576.17800	1565	16.5367
ERR13927576.17801	1565	17.7859
ERR13927576.17802	1545	16.7566
ERR13927576.17803	1211	18.5846
ERR13927576.17804	1576	15.9511
ERR13927576.17805	1594	20.0903
ERR13927576.17806	1569	17.6922
ERR13927576.17807	1571	16.4876
ERR13927576.17808	1538	18.7789
ERR13927576.17809	1500	15.5667
ERR13927576.17810	1543	14.9423
ERR13927576.17811	1604	18.8117
ERR13927576.17812	1555	17.5698
ERR13927576.17813	1579	16.8803
ERR13927576.17814	1537	18.0540
ERR13927576.17815	961	16.0656
ERR13927576.17816	1563	18.3448
ERR13927576.17817	1528	17.2657
ERR13927576.17818	1573	19.4120
ERR13927576.17819	1583	17.9893
ERR13927576.17820	1571	16.6601
ERR13927576.17821	1566	19.6558
ERR13927576.17822	1545	16.1172
ERR13927576.17823	1489	18.3815
ERR13927576.17824	1600	19.6825
ERR13927576.17825	1601	17.0856
ERR13927576.17826	1545	17.9385
ERR13927576.17827	1584	15.2727
ERR13927576.17828	510	20.8608
ERR13927576.17829	1572	18.7112
ERR13927576.17830	1569	15.9312
ERR13927576.17831	696	14.4842
ERR13927576.17832	1595	19.7060
ERR13927576.17833	1571	16.9542
ERR13927576.17834	1569	16.1103
ERR13927576.17835	592	16.1081
ERR13927576.17836	1561	15.8174
ERR13927576.17837	1611	14.9143
ERR13927576.17838	1585	19.6681
ERR13927576.17839	1554	14.5579
ERR13927576.17840	1522	18.0664
ERR13927576.17841	1530	15.3052
ERR13927576.17842	1539	18.7076
ERR13927576.17843	1577	17.3044
ERR13927576.17844	1404	19.3362
ERR13927576.17845	1588	15.9125
ERR13927576.17846	1575	21.6851
ERR13927576.17847	1549	18.7127
ERR13927576.17848	1580	18.2892
ERR13927576.17849	1553	17.2144
ERR13927576.17850	1352	15.7019
ERR13927576.17851	1575	20.2286
ERR13927576.17852	1587	19.2319
ERR13927576.17853	1536	14.3568
ERR13927576.17854	1572	13.7710
ERR13927576.17855	1592	17.7927
ERR13927576.17856	1585	17.5338
ERR13927576.17857	1571	16.5659
ERR13927576.17858	1552	15.4066
ERR13927576.17859	1593	17.0063
ERR13927576.17860	1584	19.5663
ERR13927576.17861	1596	17.3728
ERR13927576.17862	1580	18.2785
ERR13927576.17863	1560	19.1391
ERR13927576.17864	1463	18.8052
ERR13927576.17865	1565	17.9105
ERR13927576.17866	1562	18.0474
ERR13927576.17867	1589	17.7930
ERR13927576.17868	1512	15.8472
ERR13927576.17869	1579	15.8499
ERR13927576.17870	1883	18.1142
ERR13927576.17871	1576	19.2855
ERR13927576.17872	1587	18.0498
ERR13927576.17873	1560	15.8122
ERR13927576.17874	1520	17.4105
ERR13927576.17875	1573	21.3121
ERR13927576.17876	1541	17.0389
ERR13927576.17877	1568	19.1276
ERR13927576.17878	1599	17.1957
ERR13927576.17879	1587	17.3800
ERR13927576.17880	1571	18.8307
ERR13927576.17881	1550	17.4594
ERR13927576.17882	1560	18.3558
ERR13927576.17883	1563	18.2131
ERR13927576.17884	1561	18.0846
ERR13927576.17885	1574	19.4485
ERR13927576.17886	1558	19.3697
ERR13927576.17887	1557	15.1972
ERR13927576.17888	1570	16.7070
ERR13927576.17889	1587	21.6037
ERR13927576.17890	1577	18.3367
ERR13927576.17891	1575	16.2457
ERR13927576.17892	1575	21.3810
ERR13927576.17893	1551	15.8407
ERR13927576.17894	1598	16.1952
ERR13927576.17895	1564	18.8171
ERR13927576.17896	1596	18.9398
ERR13927576.17897	1517	15.2195
ERR13927576.17898	1537	15.7079
ERR13927576.17899	1581	16.7577
ERR13927576.17900	1537	17.2199
ERR13927576.17901	1598	18.0732
ERR13927576.17902	1573	17.0146
ERR13927576.17903	1571	14.0038
ERR13927576.17904	1599	16.3277
ERR13927576.17905	1552	18.0367
ERR13927576.17906	1563	17.0493
ERR13927576.17907	1688	15.6428
ERR13927576.17908	1597	16.7339
ERR13927576.17909	1598	18.3961
ERR13927576.17910	1557	18.8947
ERR13927576.17911	1538	19.5124
ERR13927576.17912	1546	19.1003
ERR13927576.17913	1559	16.4901
ERR13927576.17914	1548	18.2216
ERR13927576.17915	1583	14.5780
ERR13927576.17916	1582	18.4867
ERR13927576.17917	1559	19.1629
ERR13927576.17918	1562	16.8163
ERR13927576.17919	1480	17.3480
ERR13927576.17920	1581	17.5806
ERR13927576.17921	1556	18.3008
ERR13927576.17922	1563	15.3327
ERR13927576.17923	1568	18.7666
ERR13927576.17924	731	14.8646
ERR13927576.17925	1563	17.2380
ERR13927576.17926	1317	14.4214
ERR13927576.17927	1549	18.5391
ERR13927576.17928	1593	17.1456
ERR13927576.17929	1560	17.1500
ERR13927576.17930	1583	17.4972
ERR13927576.17931	1532	17.6501
ERR13927576.17932	1661	19.3588
ERR13927576.17933	1540	16.0266
ERR13927576.17934	1565	16.1246
ERR13927576.17935	1566	17.3793
ERR13927576.17936	1578	18.9867
ERR13927576.17937	1496	18.8275
ERR13927576.17938	1602	15.4557
ERR13927576.17939	1547	17.3588
ERR13927576.17940	1582	16.8217
ERR13927576.17941	1571	19.1018
ERR13927576.17942	1591	17.6072
ERR13927576.17943	1556	18.1870
ERR13927576.17944	1582	17.5923
ERR13927576.17945	1562	15.1652
ERR13927576.17946	265	17.0453
ERR13927576.17947	1588	15.4440
ERR13927576.17948	1600	15.4331
ERR13927576.17949	1038	16.7582
ERR13927576.17950	1567	16.0683
ERR13927576.17951	1125	14.9493
ERR13927576.17952	1605	15.6729
ERR13927576.17953	1550	15.4284
ERR13927576.17954	431	16.6334
ERR13927576.17955	1587	15.6711
ERR13927576.17956	1558	16.0944
ERR13927576.17957	1572	16.9866
ERR13927576.17958	1553	13.9420
ERR13927576.17959	1571	16.1470
ERR13927576.17960	1588	16.8608
ERR13927576.17961	1571	20.5856
ERR13927576.17962	1517	14.5438
ERR13927576.17963	1556	16.8033
ERR13927576.17964	1579	15.1197
ERR13927576.17965	1607	16.4785
ERR13927576.17966	1571	15.3698
ERR13927576.17967	1607	18.6851
ERR13927576.17968	1558	16.8517
ERR13927576.17969	1590	15.9811
ERR13927576.17970	1530	18.7471
ERR13927576.17971	1520	16.1355
ERR13927576.17972	1561	15.5285
ERR13927576.17973	1575	17.7860
ERR13927576.17974	1527	17.4466
ERR13927576.17975	1588	17.4547
ERR13927576.17976	1575	17.3124
ERR13927576.17977	1613	18.9200
ERR13927576.17978	1551	17.9639
ERR13927576.17979	1479	18.7532
ERR13927576.17980	1561	18.5605
ERR13927576.17981	1581	17.3238
ERR13927576.17982	1573	18.4622
ERR13927576.17983	1564	18.4290
ERR13927576.17984	1556	16.6542
ERR13927576.17985	521	16.9655
ERR13927576.17986	1578	17.6686
ERR13927576.17987	1588	14.7846
ERR13927576.17988	1574	15.7090
ERR13927576.17989	1583	19.3670
ERR13927576.17990	1522	18.2654
ERR13927576.17991	1579	17.2293
ERR13927576.17992	1558	16.0879
ERR13927576.17993	1572	16.0534
ERR13927576.17994	1576	19.9181
ERR13927576.17995	1544	15.4734
ERR13927576.17996	1573	16.7165
ERR13927576.17997	1541	17.6911
ERR13927576.17998	1568	15.6078
ERR13927576.17999	1546	16.3021
ERR13927576.18000	1563	17.2514
ERR13927576.18001	1580	15.5120
ERR13927576.18002	1580	18.5348
ERR13927576.18003	1622	17.2349
ERR13927576.18004	1578	19.9525
ERR13927576.18005	1599	17.1488
ERR13927576.18006	1576	18.2760
ERR13927576.18007	1524	17.3176
ERR13927576.18008	1589	16.5733
ERR13927576.18009	1487	15.2334
ERR13927576.18010	1560	16.8603
ERR13927576.18011	1510	14.7881
ERR13927576.18012	1558	19.6463
ERR13927576.18013	1558	18.9243
ERR13927576.18014	1538	17.2913
ERR13927576.18015	1536	17.2129
ERR13927576.18016	1568	19.2321
ERR13927576.18017	1590	20.5270
ERR13927576.18018	1594	16.6826
ERR13927576.18019	1560	20.1378
ERR13927576.18020	1063	17.2756
ERR13927576.18021	1601	15.2586
ERR13927576.18022	1577	16.7717
ERR13927576.18023	1608	17.3893
ERR13927576.18024	1568	19.2462
ERR13927576.18025	1567	17.7830
ERR13927576.18026	1340	18.5463
ERR13927576.18027	1529	19.1642
ERR13927576.18028	1579	15.5066
ERR13927576.18029	1568	17.4120
ERR13927576.18030	1614	16.3024
ERR13927576.18031	1571	17.5691
ERR13927576.18032	1540	17.7695
ERR13927576.18033	1585	19.7880
ERR13927576.18034	1561	16.0237
ERR13927576.18035	1564	16.6042
ERR13927576.18036	1542	16.5214
ERR13927576.18037	1574	15.8742
ERR13927576.18038	1580	16.5487
ERR13927576.18039	1570	21.1401
ERR13927576.18040	1579	15.0944
ERR13927576.18041	1584	18.8333
ERR13927576.18042	1605	18.1807
ERR13927576.18043	1543	18.2586
ERR13927576.18044	1567	18.2891
ERR13927576.18045	1561	16.6521
ERR13927576.18046	1558	16.8498
ERR13927576.18047	1569	16.7055
ERR13927576.18048	1542	16.9747
ERR13927576.18049	1539	15.8467
ERR13927576.18050	1553	18.8706
ERR13927576.18051	1585	16.2902
ERR13927576.18052	1564	17.4706
ERR13927576.18053	855	15.6749
ERR13927576.18054	1585	16.2132
ERR13927576.18055	1181	17.8527
ERR13927576.18056	1555	18.4264
ERR13927576.18057	1569	16.4525
ERR13927576.18058	1558	15.2368
ERR13927576.18059	1584	16.0650
ERR13927576.18060	1560	16.4288
ERR13927576.18061	1589	16.4714
ERR13927576.18062	1558	18.3228
ERR13927576.18063	1599	16.4146
ERR13927576.18064	1546	17.8842
ERR13927576.18065	1557	15.0996
ERR13927576.18066	1575	14.9244
ERR13927576.18067	1586	18.6406
ERR13927576.18068	1589	15.8773
ERR13927576.18069	1579	14.9183
ERR13927576.18070	1556	18.7018
ERR13927576.18071	1553	15.4462
ERR13927576.18072	1545	16.1003
ERR13927576.18073	1560	17.9673
ERR13927576.18074	1553	19.0045
ERR13927576.18075	1577	18.3107
ERR13927576.18076	1588	16.8696
ERR13927576.18077	1559	15.3207
ERR13927576.18078	1567	17.9789
ERR13927576.18079	1562	17.5186
ERR13927576.18080	1565	18.1610
ERR13927576.18081	1584	15.0442
ERR13927576.18082	1574	17.1125
ERR13927576.18083	1569	16.7011
ERR13927576.18084	1565	16.6805
ERR13927576.18085	1574	18.7573
ERR13927576.18086	1504	19.9428
ERR13927576.18087	1552	16.2487
ERR13927576.18088	1613	17.5859
ERR13927576.18089	1046	19.4312
ERR13927576.18090	1591	16.7272
ERR13927576.18091	1565	17.4498
ERR13927576.18092	1569	21.7623
ERR13927576.18093	1549	17.9845
ERR13927576.18094	1562	16.8803
ERR13927576.18095	1574	20.9867
ERR13927576.18096	1579	17.2312
ERR13927576.18097	1562	18.6837
ERR13927576.18098	1564	15.0467
ERR13927576.18099	1598	16.9512
ERR13927576.18100	1581	17.9228
ERR13927576.18101	974	16.8265
ERR13927576.18102	1568	16.2659
ERR13927576.18103	1553	14.5016
ERR13927576.18104	1584	17.4817
ERR13927576.18105	1540	17.9260
ERR13927576.18106	1608	18.1542
ERR13927576.18107	1545	18.1314
ERR13927576.18108	1610	16.7944
ERR13927576.18109	1570	19.5032
ERR13927576.18110	1566	15.3863
ERR13927576.18111	1587	19.4997
ERR13927576.18112	1497	15.5110
ERR13927576.18113	1542	16.4092
ERR13927576.18114	1532	15.1103
ERR13927576.18115	1563	16.3538
ERR13927576.18116	1575	15.7879
ERR13927576.18117	557	18.5081
ERR13927576.18118	1558	16.9621
ERR13927576.18119	1560	16.4218
ERR13927576.18120	1488	15.8790
ERR13927576.18121	1060	14.6915
ERR13927576.18122	1575	17.7048
ERR13927576.18123	1548	15.8902
ERR13927576.18124	1604	17.1465
ERR13927576.18125	1562	16.9225
ERR13927576.18126	1594	18.1449
ERR13927576.18127	1558	17.2792
ERR13927576.18128	1534	15.6167
ERR13927576.18129	1592	15.6106
ERR13927576.18130	1596	19.9956
ERR13927576.18131	1576	17.0013
ERR13927576.18132	1550	17.2626
ERR13927576.18133	1574	20.8221
ERR13927576.18134	1571	15.7600
ERR13927576.18135	1551	17.5758
ERR13927576.18136	1564	17.2104
ERR13927576.18137	1543	16.4990
ERR13927576.18138	1574	18.6588
ERR13927576.18139	1582	18.8641
ERR13927576.18140	1586	20.8008
ERR13927576.18141	1533	17.3085
ERR13927576.18142	1546	15.4987
ERR13927576.18143	1443	14.5211
ERR13927576.18144	1517	14.3751
ERR13927576.18145	1557	16.2100
ERR13927576.18146	1585	17.2196
ERR13927576.18147	1580	15.5070
ERR13927576.18148	1595	17.6646
ERR13927576.18149	1294	19.7852
ERR13927576.18150	1565	16.2652
ERR13927576.18151	1543	19.5515
ERR13927576.18152	1571	14.7740
ERR13927576.18153	996	18.0994
ERR13927576.18154	1544	16.2798
ERR13927576.18155	1594	19.7171
ERR13927576.18156	1566	16.3289
ERR13927576.18157	1563	17.6993
ERR13927576.18158	1560	19.4756
ERR13927576.18159	1540	17.8045
ERR13927576.18160	1569	17.8190
ERR13927576.18161	1567	19.0702
ERR13927576.18162	1581	14.5813
ERR13927576.18163	1580	19.9285
ERR13927576.18164	1564	16.6387
ERR13927576.18165	1548	18.1273
ERR13927576.18166	1546	15.6759
ERR13927576.18167	1609	15.8875
ERR13927576.18168	1563	18.7908
ERR13927576.18169	1563	18.1951
ERR13927576.18170	1560	21.5019
ERR13927576.18171	1608	14.5752
ERR13927576.18172	1600	17.2156
ERR13927576.18173	1582	18.7155
ERR13927576.18174	1528	16.3449
ERR13927576.18175	1446	16.5685
ERR13927576.18176	1586	19.2434
ERR13927576.18177	1547	16.8688
ERR13927576.18178	1560	15.4308
ERR13927576.18179	1554	19.4163
ERR13927576.18180	1510	18.2026
ERR13927576.18181	1579	16.6529
ERR13927576.18182	1525	15.7062
ERR13927576.18183	1591	15.5808
ERR13927576.18184	1545	16.6880
ERR13927576.18185	1574	17.7808
ERR13927576.18186	1584	15.5600
ERR13927576.18187	1560	16.6083
ERR13927576.18188	1534	15.6467
ERR13927576.18189	1577	17.2746
ERR13927576.18190	1535	17.3954
ERR13927576.18191	1553	15.4681
ERR13927576.18192	1625	17.2357
ERR13927576.18193	1604	16.6502
ERR13927576.18194	1578	18.9100
ERR13927576.18195	1559	17.1860
ERR13927576.18196	1571	18.5118
ERR13927576.18197	1577	16.6709
ERR13927576.18198	1603	16.4554
ERR13927576.18199	1577	16.4781
ERR13927576.18200	1579	14.2698
ERR13927576.18201	1578	21.4240
ERR13927576.18202	1570	21.2038
ERR13927576.18203	1559	15.1078
ERR13927576.18204	1557	17.4489
ERR13927576.18205	1574	17.9867
ERR13927576.18206	1580	18.6880
ERR13927576.18207	1586	18.5025
ERR13927576.18208	1589	16.5890
ERR13927576.18209	1579	19.4294
ERR13927576.18210	1510	15.0914
ERR13927576.18211	245	17.6367
ERR13927576.18212	1560	15.4635
ERR13927576.18213	1546	16.8254
ERR13927576.18214	1572	15.9275
ERR13927576.18215	1567	17.4486
ERR13927576.18216	1559	20.2431
ERR13927576.18217	1570	16.7904
ERR13927576.18218	1538	15.8667
ERR13927576.18219	1551	15.3565
ERR13927576.18220	1615	15.5139
ERR13927576.18221	1550	15.0232
ERR13927576.18222	1530	17.4863
ERR13927576.18223	1630	20.4387
ERR13927576.18224	1566	17.8001
ERR13927576.18225	1577	19.0958
ERR13927576.18226	1548	14.9322
ERR13927576.18227	1627	17.1395
ERR13927576.18228	1585	17.7546
ERR13927576.18229	1575	15.8121
ERR13927576.18230	1576	18.5761
ERR13927576.18231	1572	18.9701
ERR13927576.18232	1573	18.6395
ERR13927576.18233	1623	18.7930
ERR13927576.18234	1564	15.8798
ERR13927576.18235	1576	15.4080
ERR13927576.18236	1570	16.7389
ERR13927576.18237	1575	18.1232
ERR13927576.18238	1579	16.8062
ERR13927576.18239	1582	16.4532
ERR13927576.18240	1608	18.2158
ERR13927576.18241	1577	18.8250
ERR13927576.18242	1557	16.9544
ERR13927576.18243	1558	16.7709
ERR13927576.18244	1552	19.0000
ERR13927576.18245	1583	17.2546
ERR13927576.18246	1552	15.1128
ERR13927576.18247	1548	15.9057
ERR13927576.18248	1569	17.0306
ERR13927576.18249	1565	20.2064
ERR13927576.18250	1590	16.6516
ERR13927576.18251	1586	20.7743
ERR13927576.18252	1600	20.0881
ERR13927576.18253	433	15.1109
ERR13927576.18254	1560	18.1244
ERR13927576.18255	1600	18.8137
ERR13927576.18256	1547	18.2243
ERR13927576.18257	1408	17.2805
ERR13927576.18258	1615	18.3889
ERR13927576.18259	1595	15.1335
ERR13927576.18260	1592	16.4899
ERR13927576.18261	2656	16.1566
ERR13927576.18262	1580	18.3506
ERR13927576.18263	1304	15.7032
ERR13927576.18264	1618	19.3888
ERR13927576.18265	1562	16.8035
ERR13927576.18266	835	15.1353
ERR13927576.18267	1577	17.1427
ERR13927576.18268	1553	16.9317
ERR13927576.18269	1554	16.4363
ERR13927576.18270	1555	16.3807
ERR13927576.18271	1548	14.1266
ERR13927576.18272	1549	18.3809
ERR13927576.18273	1509	15.6528
ERR13927576.18274	1561	19.4741
ERR13927576.18275	1587	17.9364
ERR13927576.18276	1557	17.3449
ERR13927576.18277	1533	14.7717
ERR13927576.18278	1604	16.1521
ERR13927576.18279	1542	15.7315
ERR13927576.18280	1566	16.8870
ERR13927576.18281	1578	16.4335
ERR13927576.18282	1608	19.3346
ERR13927576.18283	1580	21.1987
ERR13927576.18284	1560	19.2256
ERR13927576.18285	1561	18.5586
ERR13927576.18286	1603	20.3731
ERR13927576.18287	1615	18.2910
ERR13927576.18288	1561	18.1922
ERR13927576.18289	1552	18.2184
ERR13927576.18290	1557	17.6217
ERR13927576.18291	1647	19.3485
ERR13927576.18292	1600	17.6388
ERR13927576.18293	1558	17.2824
ERR13927576.18294	1555	15.3125
ERR13927576.18295	1617	18.9307
ERR13927576.18296	1522	15.1813
ERR13927576.18297	1590	16.4101
ERR13927576.18298	1584	16.4823
ERR13927576.18299	1573	18.3535
ERR13927576.18300	1560	18.8801
ERR13927576.18301	1556	18.1568
ERR13927576.18302	1573	16.4800
ERR13927576.18303	1556	18.3226
ERR13927576.18304	1569	15.9541
ERR13927576.18305	1570	17.8363
ERR13927576.18306	1510	15.7166
ERR13927576.18307	1591	18.1446
ERR13927576.18308	1517	16.7159
ERR13927576.18309	1577	14.2460
ERR13927576.18310	1534	15.3638
ERR13927576.18311	1582	18.4096
ERR13927576.18312	1601	16.0187
ERR13927576.18313	1566	19.1066
ERR13927576.18314	1565	17.3022
ERR13927576.18315	280	16.4536
ERR13927576.18316	1541	14.0234
ERR13927576.18317	1578	17.2129
ERR13927576.18318	1659	18.0205
ERR13927576.18319	1571	19.0140
ERR13927576.18320	1556	17.8136
ERR13927576.18321	1535	16.9798
ERR13927576.18322	1586	18.9004
ERR13927576.18323	1572	18.7131
ERR13927576.18324	1534	17.0743
ERR13927576.18325	1557	17.7078
ERR13927576.18326	1645	16.4067
ERR13927576.18327	1582	15.1466
ERR13927576.18328	1627	17.4671
ERR13927576.18329	1533	18.5701
ERR13927576.18330	1553	17.2067
ERR13927576.18331	1564	20.1758
ERR13927576.18332	1583	16.2502
ERR13927576.18333	1602	15.7328
ERR13927576.18334	1541	16.2219
ERR13927576.18335	1537	15.4340
ERR13927576.18336	1562	17.3707
ERR13927576.18337	1613	17.0019
ERR13927576.18338	1585	18.3874
ERR13927576.18339	1587	17.8192
ERR13927576.18340	1418	15.7504
ERR13927576.18341	1563	16.3704
ERR13927576.18342	1568	16.2047
ERR13927576.18343	1573	15.8042
ERR13927576.18344	1565	16.3259
ERR13927576.18345	1563	18.0262
ERR13927576.18346	1602	17.0350
ERR13927576.18347	1539	16.7901
ERR13927576.18348	1553	17.5351
ERR13927576.18349	1535	14.9772
ERR13927576.18350	1571	17.5041
ERR13927576.18351	1586	18.4294
ERR13927576.18352	1586	20.1904
ERR13927576.18353	1597	19.0520
ERR13927576.18354	1558	18.6335
ERR13927576.18355	1365	16.4733
ERR13927576.18356	1552	17.6418
ERR13927576.18357	1553	15.8165
ERR13927576.18358	1594	16.8614
ERR13927576.18359	1553	16.9665
ERR13927576.18360	1593	18.2950
ERR13927576.18361	1588	19.4547
ERR13927576.18362	1581	17.5421
ERR13927576.18363	1601	16.3791
ERR13927576.18364	1506	17.2251
ERR13927576.18365	1580	15.4671
ERR13927576.18366	1558	17.8261
ERR13927576.18367	1601	19.5690
ERR13927576.18368	1590	20.0528
ERR13927576.18369	1575	18.8940
ERR13927576.18370	1542	15.6394
ERR13927576.18371	1591	17.4720
ERR13927576.18372	1556	16.5450
ERR13927576.18373	1600	18.7819
ERR13927576.18374	1633	18.2535
ERR13927576.18375	1589	19.3751
ERR13927576.18376	1573	17.6605
ERR13927576.18377	1568	18.1556
ERR13927576.18378	1624	19.8996
ERR13927576.18379	1586	18.2440
ERR13927576.18380	1568	17.6091
ERR13927576.18381	1600	19.6625
ERR13927576.18382	998	20.6754
ERR13927576.18383	1576	16.9258
ERR13927576.18384	1572	17.5089
ERR13927576.18385	1578	17.9385
ERR13927576.18386	1544	15.5589
ERR13927576.18387	1549	15.9116
ERR13927576.18388	1585	20.3621
ERR13927576.18389	1565	14.9016
ERR13927576.18390	1517	16.7660
ERR13927576.18391	1564	20.1381
ERR13927576.18392	1562	18.5237
ERR13927576.18393	1594	16.2942
ERR13927576.18394	1558	17.2458
ERR13927576.18395	1552	18.7416
ERR13927576.18396	1584	17.3314
ERR13927576.18397	1545	16.3236
ERR13927576.18398	1593	20.3879
ERR13927576.18399	1539	17.4951
ERR13927576.18400	1519	15.6498
ERR13927576.18401	1575	19.6686
ERR13927576.18402	1531	17.6884
ERR13927576.18403	1550	16.4787
ERR13927576.18404	1552	17.4311
ERR13927576.18405	1585	16.9703
ERR13927576.18406	1567	16.9253
ERR13927576.18407	1048	19.8683
ERR13927576.18408	1638	17.2100
ERR13927576.18409	1561	21.0058
ERR13927576.18410	1550	17.9890
ERR13927576.18411	1561	19.1422
ERR13927576.18412	1609	17.9304
ERR13927576.18413	1520	17.8401
ERR13927576.18414	1522	16.4231
ERR13927576.18415	1541	17.4478
ERR13927576.18416	1528	14.6924
ERR13927576.18417	1566	19.0300
ERR13927576.18418	1530	16.8765
ERR13927576.18419	3253	17.4033
ERR13927576.18420	1589	17.1687
ERR13927576.18421	1559	18.3137
ERR13927576.18422	1516	19.3958
ERR13927576.18423	1562	16.5883
ERR13927576.18424	1558	18.4024
ERR13927576.18425	1621	17.0179
ERR13927576.18426	1608	18.3296
ERR13927576.18427	1492	15.8834
ERR13927576.18428	1578	16.3023
ERR13927576.18429	1582	15.8944
ERR13927576.18430	1561	16.7546
ERR13927576.18431	1557	15.2331
ERR13927576.18432	1573	16.8601
ERR13927576.18433	1575	16.3467
ERR13927576.18434	1605	17.5477
ERR13927576.18435	1500	13.9593
ERR13927576.18436	1688	16.5539
ERR13927576.18437	1584	16.6237
ERR13927576.18438	1490	15.7262
ERR13927576.18439	1556	19.0662
ERR13927576.18440	1587	16.7624
ERR13927576.18441	1531	13.9295
ERR13927576.18442	1583	17.3291
ERR13927576.18443	1572	19.2812
ERR13927576.18444	1602	18.4682
ERR13927576.18445	1589	17.4745
ERR13927576.18446	412	17.9296
ERR13927576.18447	1547	16.7195
ERR13927576.18448	1558	17.8723
ERR13927576.18449	1563	16.2406
ERR13927576.18450	1547	16.2443
ERR13927576.18451	1587	19.7429
ERR13927576.18452	1550	19.5032
ERR13927576.18453	1545	16.1683
ERR13927576.18454	1538	15.9421
ERR13927576.18455	1557	18.4509
ERR13927576.18456	1608	19.8302
ERR13927576.18457	1568	18.0249
ERR13927576.18458	1584	17.3346
ERR13927576.18459	1142	15.9632
ERR13927576.18460	1558	14.3806
ERR13927576.18461	1578	20.7275
ERR13927576.18462	1577	19.3335
ERR13927576.18463	1576	18.8382
ERR13927576.18464	1552	18.3061
ERR13927576.18465	1563	16.3736
ERR13927576.18466	1562	16.7958
ERR13927576.18467	1608	17.9658
ERR13927576.18468	1563	15.8061
ERR13927576.18469	1596	15.2343
ERR13927576.18470	1556	21.5039
ERR13927576.18471	1563	18.2258
ERR13927576.18472	1553	17.3084
ERR13927576.18473	1616	21.1467
ERR13927576.18474	1253	17.1931
ERR13927576.18475	1561	18.1262
ERR13927576.18476	1590	17.3918
ERR13927576.18477	1557	15.0392
ERR13927576.18478	219	16.9817
ERR13927576.18479	1543	19.1063
ERR13927576.18480	1637	16.8332
ERR13927576.18481	1564	14.7903
ERR13927576.18482	1583	15.1251
ERR13927576.18483	1570	16.8783
ERR13927576.18484	1571	15.8409
ERR13927576.18485	1570	18.9860
ERR13927576.18486	1032	18.7907
ERR13927576.18487	1112	20.6826
ERR13927576.18488	1602	16.2278
ERR13927576.18489	1566	17.6054
ERR13927576.18490	1593	20.1632
ERR13927576.18491	1541	18.5587
ERR13927576.18492	1557	16.2139
ERR13927576.18493	1576	14.8382
ERR13927576.18494	1552	17.3370
ERR13927576.18495	1579	15.5123
ERR13927576.18496	1554	18.5553
ERR13927576.18497	1570	17.9879
ERR13927576.18498	1568	16.4509
ERR13927576.18499	1447	16.8728
ERR13927576.18500	1547	17.1196
ERR13927576.18501	1559	18.4945
ERR13927576.18502	1596	17.4474
ERR13927576.18503	1569	18.5838
ERR13927576.18504	1569	17.6737
ERR13927576.18505	1554	15.8430
ERR13927576.18506	1552	16.1411
ERR13927576.18507	1569	16.7897
ERR13927576.18508	1525	16.3010
ERR13927576.18509	1574	17.9943
ERR13927576.18510	1558	14.9012
ERR13927576.18511	1533	16.6699
ERR13927576.18512	1575	18.3740
ERR13927576.18513	1581	17.4225
ERR13927576.18514	1558	15.6720
ERR13927576.18515	1533	16.0639
ERR13927576.18516	1554	20.2658
ERR13927576.18517	1552	14.9897
ERR13927576.18518	1573	18.3223
ERR13927576.18519	1483	16.5489
ERR13927576.18520	324	16.2377
ERR13927576.18521	1573	15.0763
ERR13927576.18522	1541	15.7268
ERR13927576.18523	1580	17.7633
ERR13927576.18524	1595	21.4514
ERR13927576.18525	1195	18.3531
ERR13927576.18526	1571	14.8275
ERR13927576.18527	1630	15.5025
ERR13927576.18528	1557	19.0456
ERR13927576.18529	1579	18.6669
ERR13927576.18530	1559	17.9371
ERR13927576.18531	1569	19.1708
ERR13927576.18532	1579	16.3078
ERR13927576.18533	1558	16.9191
ERR13927576.18534	600	15.8983
ERR13927576.18535	1583	17.4239
ERR13927576.18536	1566	19.4406
ERR13927576.18537	1582	18.5455
ERR13927576.18538	1565	16.5463
ERR13927576.18539	1569	18.1109
ERR13927576.18540	1572	16.2933
ERR13927576.18541	1573	20.6853
ERR13927576.18542	1277	17.8097
ERR13927576.18543	811	16.5721
ERR13927576.18544	1571	18.3094
ERR13927576.18545	1563	16.9699
ERR13927576.18546	1573	16.6790
ERR13927576.18547	1544	14.9935
ERR13927576.18548	1444	15.9460
ERR13927576.18549	1562	16.1786
ERR13927576.18550	1609	17.7017
ERR13927576.18551	1530	13.9111
ERR13927576.18552	1565	18.5010
ERR13927576.18553	1565	17.2550
ERR13927576.18554	1478	16.1942
ERR13927576.18555	1573	16.7031
ERR13927576.18556	1576	15.9867
ERR13927576.18557	1565	15.0435
ERR13927576.18558	1594	16.2742
ERR13927576.18559	1520	18.6967
ERR13927576.18560	1565	14.8192
ERR13927576.18561	1572	20.0859
ERR13927576.18562	1580	19.5386
ERR13927576.18563	1559	18.0629
ERR13927576.18564	1190	15.7689
ERR13927576.18565	1546	17.9295
ERR13927576.18566	1559	17.4933
ERR13927576.18567	1595	15.4897
ERR13927576.18568	1581	19.0639
ERR13927576.18569	1556	19.1465
ERR13927576.18570	1590	15.4975
ERR13927576.18571	1547	17.7117
ERR13927576.18572	881	18.0068
ERR13927576.18573	395	14.4835
ERR13927576.18574	1588	16.0579
ERR13927576.18575	1593	17.0640
ERR13927576.18576	1550	15.7755
ERR13927576.18577	1535	17.3485
ERR13927576.18578	1572	17.0051
ERR13927576.18579	1546	15.5569
ERR13927576.18580	1574	16.7942
ERR13927576.18581	1569	16.8808
ERR13927576.18582	1548	19.5452
ERR13927576.18583	1579	16.5028
ERR13927576.18584	400	15.7225
ERR13927576.18585	1561	17.0237
ERR13927576.18586	1540	18.2779
ERR13927576.18587	1532	15.3675
ERR13927576.18588	1542	17.6038
ERR13927576.18589	1593	17.1444
ERR13927576.18590	1616	15.5347
ERR13927576.18591	1604	17.2163
ERR13927576.18592	1580	20.7589
ERR13927576.18593	1556	16.7892
ERR13927576.18594	1593	20.3421
ERR13927576.18595	1563	19.2642
ERR13927576.18596	1358	14.3056
ERR13927576.18597	1587	17.8147
ERR13927576.18598	1571	19.3240
ERR13927576.18599	1623	20.7455
ERR13927576.18600	1542	15.5668
ERR13927576.18601	1579	19.5649
ERR13927576.18602	1562	17.8598
ERR13927576.18603	1534	17.5411
ERR13927576.18604	1570	17.3452
ERR13927576.18605	941	19.5484
ERR13927576.18606	1061	16.3987
ERR13927576.18607	1571	14.9745
ERR13927576.18608	1586	17.9237
ERR13927576.18609	1591	18.1873
ERR13927576.18610	1584	18.0309
ERR13927576.18611	1579	16.1849
ERR13927576.18612	1539	18.1014
ERR13927576.18613	1599	14.9593
ERR13927576.18614	1565	17.0185
ERR13927576.18615	1570	19.5217
ERR13927576.18616	1138	16.4974
ERR13927576.18617	1413	17.9745
ERR13927576.18618	1578	17.5038
ERR13927576.18619	1540	16.9299
ERR13927576.18620	1514	17.0026
ERR13927576.18621	1565	19.6262
ERR13927576.18622	1122	17.5125
ERR13927576.18623	1562	16.9712
ERR13927576.18624	1568	18.7570
ERR13927576.18625	1598	15.3611
ERR13927576.18626	1556	16.5077
ERR13927576.18627	1596	18.3966
ERR13927576.18628	1551	15.7569
ERR13927576.18629	1565	16.1604
ERR13927576.18630	1610	16.7894
ERR13927576.18631	1498	13.8692
ERR13927576.18632	1572	15.4510
ERR13927576.18633	1599	18.8643
ERR13927576.18634	1571	18.8574
ERR13927576.18635	1573	18.0788
ERR13927576.18636	1583	16.2798
ERR13927576.18637	1568	15.4994
ERR13927576.18638	1563	17.4837
ERR13927576.18639	1575	19.3619
ERR13927576.18640	1549	15.0755
ERR13927576.18641	1553	16.3857
ERR13927576.18642	1566	19.4891
ERR13927576.18643	1530	18.7111
ERR13927576.18644	1579	20.2647
ERR13927576.18645	1564	18.0569
ERR13927576.18646	1510	15.0616
ERR13927576.18647	1590	15.5333
ERR13927576.18648	1568	19.3533
ERR13927576.18649	1569	18.5080
ERR13927576.18650	1564	18.7596
ERR13927576.18651	1539	15.8402
ERR13927576.18652	1571	17.7823
ERR13927576.18653	1597	18.6343
ERR13927576.18654	1580	16.6285
ERR13927576.18655	1567	20.3657
ERR13927576.18656	1558	17.5815
ERR13927576.18657	1563	15.6161
ERR13927576.18658	1573	15.3001
ERR13927576.18659	1542	14.0545
ERR13927576.18660	1582	17.2174
ERR13927576.18661	1560	20.7436
ERR13927576.18662	1526	17.6252
ERR13927576.18663	1564	17.2033
ERR13927576.18664	1579	16.8714
ERR13927576.18665	1554	17.7947
ERR13927576.18666	1592	20.7343
ERR13927576.18667	1563	16.4747
ERR13927576.18668	1602	18.1654
ERR13927576.18669	1571	16.0064
ERR13927576.18670	1571	14.6805
ERR13927576.18671	1560	16.2192
ERR13927576.18672	1520	15.0296
ERR13927576.18673	1551	19.3320
ERR13927576.18674	1712	16.4504
ERR13927576.18675	1555	18.5550
ERR13927576.18676	1591	18.2678
ERR13927576.18677	1579	16.4991
ERR13927576.18678	1526	14.2798
ERR13927576.18679	1561	16.9936
ERR13927576.18680	1570	18.4529
ERR13927576.18681	1588	17.3092
ERR13927576.18682	1573	17.3388
ERR13927576.18683	1596	18.8051
ERR13927576.18684	1578	19.3676
ERR13927576.18685	1542	16.3418
ERR13927576.18686	1614	16.7200
ERR13927576.18687	1545	18.7670
ERR13927576.18688	1549	21.2143
ERR13927576.18689	1595	17.4897
ERR13927576.18690	1537	17.0618
ERR13927576.18691	1553	17.7708
ERR13927576.18692	1591	16.5915
ERR13927576.18693	1603	20.2595
ERR13927576.18694	1582	17.3192
ERR13927576.18695	1558	17.6502
ERR13927576.18696	1521	15.4629
ERR13927576.18697	1549	17.5190
ERR13927576.18698	1543	15.9320
ERR13927576.18699	1561	18.3953
ERR13927576.18700	1605	19.9788
ERR13927576.18701	1594	19.2240
ERR13927576.18702	1589	16.6381
ERR13927576.18703	1545	17.8375
ERR13927576.18704	1562	15.0659
ERR13927576.18705	1167	17.9229
ERR13927576.18706	1554	17.2304
ERR13927576.18707	1548	15.6421
ERR13927576.18708	1576	15.3756
ERR13927576.18709	1565	16.4895
ERR13927576.18710	1645	19.9763
ERR13927576.18711	1576	15.2094
ERR13927576.18712	1544	15.3925
ERR13927576.18713	1559	18.3380
ERR13927576.18714	1552	15.8905
ERR13927576.18715	1573	20.4380
ERR13927576.18716	1553	18.8802
ERR13927576.18717	1550	16.7632
ERR13927576.18718	1575	15.5917
ERR13927576.18719	1595	18.4583
ERR13927576.18720	1575	19.9917
ERR13927576.18721	1519	16.2416
ERR13927576.18722	1596	15.2237
ERR13927576.18723	1638	21.9976
ERR13927576.18724	1531	17.6368
ERR13927576.18725	1588	18.1763
ERR13927576.18726	1611	17.2787
ERR13927576.18727	1558	18.1714
ERR13927576.18728	1565	17.4268
ERR13927576.18729	1497	15.8063
ERR13927576.18730	1582	17.0442
ERR13927576.18731	1545	15.5016
ERR13927576.18732	1580	17.9981
ERR13927576.18733	1598	18.8536
ERR13927576.18734	1585	19.9710
ERR13927576.18735	1563	19.6724
ERR13927576.18736	1581	17.9330
ERR13927576.18737	1571	14.7479
ERR13927576.18738	1599	17.5159
ERR13927576.18739	1555	18.9627
ERR13927576.18740	1565	17.4933
ERR13927576.18741	1566	18.2982
ERR13927576.18742	1602	15.6036
ERR13927576.18743	1552	16.8434
ERR13927576.18744	1549	18.3428
ERR13927576.18745	1577	18.4756
ERR13927576.18746	1582	17.2314
ERR13927576.18747	1546	18.8331
ERR13927576.18748	1561	16.9430
ERR13927576.18749	1129	14.1639
ERR13927576.18750	1587	20.1159
ERR13927576.18751	1589	17.3317
ERR13927576.18752	1576	17.0768
ERR13927576.18753	1560	17.7994
ERR13927576.18754	1556	15.5842
ERR13927576.18755	734	16.8624
ERR13927576.18756	1575	17.6679
ERR13927576.18757	1559	19.7344
ERR13927576.18758	1556	18.7950
ERR13927576.18759	1564	17.1100
ERR13927576.18760	1563	17.3436
ERR13927576.18761	1570	20.2624
ERR13927576.18762	1575	21.7251
ERR13927576.18763	1549	19.5068
ERR13927576.18764	1606	16.4664
ERR13927576.18765	1558	18.3755
ERR13927576.18766	1596	19.0627
ERR13927576.18767	1568	19.5223
ERR13927576.18768	1591	14.8309
ERR13927576.18769	1543	14.6539
ERR13927576.18770	1569	18.7157
ERR13927576.18771	1591	18.1439
ERR13927576.18772	1616	17.8608
ERR13927576.18773	1549	17.8851
ERR13927576.18774	1561	14.6912
ERR13927576.18775	1567	19.6388
ERR13927576.18776	1547	19.5068
ERR13927576.18777	1538	16.7523
ERR13927576.18778	1559	16.2906
ERR13927576.18779	1571	16.0917
ERR13927576.18780	1572	21.5394
ERR13927576.18781	1585	16.1621
ERR13927576.18782	1540	17.3662
ERR13927576.18783	1548	22.1693
ERR13927576.18784	1580	18.1430
ERR13927576.18785	1592	15.7249
ERR13927576.18786	1495	14.8876
ERR13927576.18787	1553	15.5976
ERR13927576.18788	1576	17.2208
ERR13927576.18789	1574	19.6906
ERR13927576.18790	1526	14.5413
ERR13927576.18791	1555	20.3627
ERR13927576.18792	1552	18.0168
ERR13927576.18793	1613	17.5604
ERR13927576.18794	1607	19.1263
ERR13927576.18795	1561	19.0269
ERR13927576.18796	1561	17.2095
ERR13927576.18797	1565	19.0620
ERR13927576.18798	1583	17.5635
ERR13927576.18799	1603	16.8983
ERR13927576.18800	1559	18.6292
ERR13927576.18801	1491	14.7753
ERR13927576.18802	1558	17.6739
ERR13927576.18803	1572	16.2786
ERR13927576.18804	1541	17.8670
ERR13927576.18805	1547	17.1099
ERR13927576.18806	1572	16.0216
ERR13927576.18807	1588	17.0655
ERR13927576.18808	1581	18.5370
ERR13927576.18809	166	15.9578
ERR13927576.18810	1590	20.2516
ERR13927576.18811	1515	15.1050
ERR13927576.18812	1552	18.4845
ERR13927576.18813	391	17.4680
ERR13927576.18814	1580	19.4766
ERR13927576.18815	1551	17.4365
ERR13927576.18816	1590	17.0585
ERR13927576.18817	1578	18.9316
ERR13927576.18818	1572	17.9065
ERR13927576.18819	1562	21.0787
ERR13927576.18820	1560	16.3179
ERR13927576.18821	1577	17.0837
ERR13927576.18822	1579	18.3027
ERR13927576.18823	1589	18.1699
ERR13927576.18824	1591	17.6612
ERR13927576.18825	1585	17.0132
ERR13927576.18826	1570	17.2943
ERR13927576.18827	1551	18.9768
ERR13927576.18828	1602	16.9001
ERR13927576.18829	1564	15.0614
ERR13927576.18830	1567	15.2929
ERR13927576.18831	405	17.9062
ERR13927576.18832	1538	17.5813
ERR13927576.18833	1571	17.6957
ERR13927576.18834	1580	18.1620
ERR13927576.18835	1575	15.5721
ERR13927576.18836	1564	19.5422
ERR13927576.18837	1275	18.4431
ERR13927576.18838	1605	15.1308
ERR13927576.18839	1546	18.0770
ERR13927576.18840	1561	17.1659
ERR13927576.18841	1571	17.5175
ERR13927576.18842	1563	16.7409
ERR13927576.18843	1549	15.9471
ERR13927576.18844	1561	20.3177
ERR13927576.18845	1585	20.8435
ERR13927576.18846	1583	18.9431
ERR13927576.18847	1536	18.7715
ERR13927576.18848	1612	18.3486
ERR13927576.18849	1553	18.0818
ERR13927576.18850	1556	20.5880
ERR13927576.18851	1567	17.7549
ERR13927576.18852	1592	19.7236
ERR13927576.18853	1540	16.1831
ERR13927576.18854	1550	18.6832
ERR13927576.18855	1572	15.7780
ERR13927576.18856	1573	20.4495
ERR13927576.18857	1557	18.1304
ERR13927576.18858	1572	17.0407
ERR13927576.18859	1598	15.9130
ERR13927576.18860	1496	17.6571
ERR13927576.18861	1538	16.2640
ERR13927576.18862	1565	14.9808
ERR13927576.18863	1540	16.3143
ERR13927576.18864	1574	15.1341
ERR13927576.18865	1585	16.8284
ERR13927576.18866	1570	18.1000
ERR13927576.18867	1559	17.7704
ERR13927576.18868	1559	15.9012
ERR13927576.18869	1590	18.3226
ERR13927576.18870	1511	15.4308
ERR13927576.18871	1574	17.3774
ERR13927576.18872	1589	16.5167
ERR13927576.18873	1158	17.8290
ERR13927576.18874	223	17.7040
ERR13927576.18875	1567	16.7881
ERR13927576.18876	1541	17.7300
ERR13927576.18877	1561	17.3645
ERR13927576.18878	1568	21.3571
ERR13927576.18879	1576	17.9569
ERR13927576.18880	1554	15.4820
ERR13927576.18881	1255	18.9124
ERR13927576.18882	1554	16.6094
ERR13927576.18883	1571	15.8460
ERR13927576.18884	1562	17.1440
ERR13927576.18885	1561	18.0135
ERR13927576.18886	1582	17.3388
ERR13927576.18887	1580	19.5386
ERR13927576.18888	1579	19.0526
ERR13927576.18889	1549	14.6798
ERR13927576.18890	1515	16.1399
ERR13927576.18891	1576	17.0971
ERR13927576.18892	1555	18.9672
ERR13927576.18893	1555	18.7511
ERR13927576.18894	1557	15.3076
ERR13927576.18895	1581	14.6192
ERR13927576.18896	1531	16.3919
ERR13927576.18897	1581	17.2100
ERR13927576.18898	1568	16.3642
ERR13927576.18899	1607	18.6005
ERR13927576.18900	1537	16.1880
ERR13927576.18901	1588	16.0372
ERR13927576.18902	1572	15.1069
ERR13927576.18903	1534	16.4837
ERR13927576.18904	1619	17.1810
ERR13927576.18905	1586	16.1627
ERR13927576.18906	1566	19.7752
ERR13927576.18907	1556	18.2506
ERR13927576.18908	1592	18.5251
ERR13927576.18909	1618	17.8245
ERR13927576.18910	1587	15.1991
ERR13927576.18911	1583	16.8471
ERR13927576.18912	1548	14.7332
ERR13927576.18913	1561	18.5336
ERR13927576.18914	1604	20.0742
ERR13927576.18915	1609	16.3182
ERR13927576.18916	1547	19.6122
ERR13927576.18917	1576	17.0387
ERR13927576.18918	1540	14.4013
ERR13927576.18919	1651	16.5161
ERR13927576.18920	1566	20.0211
ERR13927576.18921	1575	16.4483
ERR13927576.18922	1571	17.5512
ERR13927576.18923	1527	16.6758
ERR13927576.18924	1448	15.9206
ERR13927576.18925	1564	16.7570
ERR13927576.18926	1605	16.1358
ERR13927576.18927	1527	17.5907
ERR13927576.18928	1562	17.0531
ERR13927576.18929	1585	16.9413
ERR13927576.18930	1443	17.8427
ERR13927576.18931	1582	17.5215
ERR13927576.18932	1550	18.0716
ERR13927576.18933	1204	16.0789
ERR13927576.18934	1578	16.2636
ERR13927576.18935	1574	19.2389
ERR13927576.18936	1543	19.6721
ERR13927576.18937	1609	17.5513
ERR13927576.18938	1627	15.3755
ERR13927576.18939	1588	18.7783
ERR13927576.18940	1553	16.3542
ERR13927576.18941	1570	16.2083
ERR13927576.18942	1556	16.6401
ERR13927576.18943	1597	18.4853
ERR13927576.18944	1554	19.3160
ERR13927576.18945	1553	15.8158
ERR13927576.18946	1579	16.0469
ERR13927576.18947	1572	18.1056
ERR13927576.18948	1588	16.3709
ERR13927576.18949	1408	18.2116
ERR13927576.18950	1535	17.3635
ERR13927576.18951	1580	15.8051
ERR13927576.18952	1574	18.8348
ERR13927576.18953	1551	14.3720
ERR13927576.18954	1557	16.3757
ERR13927576.18955	1573	18.2912
ERR13927576.18956	1563	16.2482
ERR13927576.18957	1580	19.4348
ERR13927576.18958	1535	17.3147
ERR13927576.18959	1583	19.3853
ERR13927576.18960	1582	18.0973
ERR13927576.18961	1573	16.9409
ERR13927576.18962	1585	15.1653
ERR13927576.18963	1557	17.1092
ERR13927576.18964	1598	16.5882
ERR13927576.18965	1578	14.0894
ERR13927576.18966	3121	15.7366
ERR13927576.18967	1571	16.9962
ERR13927576.18968	1578	17.2288
ERR13927576.18969	1583	16.9545
ERR13927576.18970	1525	15.9646
ERR13927576.18971	1577	16.9797
ERR13927576.18972	1572	18.2513
ERR13927576.18973	1518	15.6996
ERR13927576.18974	1540	15.4461
ERR13927576.18975	1593	17.2272
ERR13927576.18976	1597	18.8647
ERR13927576.18977	1542	16.1154
ERR13927576.18978	1574	18.5686
ERR13927576.18979	1538	15.2815
ERR13927576.18980	1539	17.6771
ERR13927576.18981	1484	15.0876
ERR13927576.18982	1580	19.2987
ERR13927576.18983	1538	15.3589
ERR13927576.18984	1654	16.7781
ERR13927576.18985	1596	17.4624
ERR13927576.18986	1595	14.8809
ERR13927576.18987	1551	20.0864
ERR13927576.18988	1589	15.5828
ERR13927576.18989	681	14.6461
ERR13927576.18990	1600	17.0981
ERR13927576.18991	1556	16.2159
ERR13927576.18992	1547	17.8151
ERR13927576.18993	1600	14.2975
ERR13927576.18994	1537	17.4782
ERR13927576.18995	1610	17.0404
ERR13927576.18996	1561	15.5529
ERR13927576.18997	1615	20.4025
ERR13927576.18998	1547	15.6930
ERR13927576.18999	1559	18.4426
ERR13927576.19000	1551	19.0858
ERR13927576.19001	1682	19.4727
ERR13927576.19002	1527	16.5108
ERR13927576.19003	1569	20.0057
ERR13927576.19004	1577	14.9531
ERR13927576.19005	1554	17.8237
ERR13927576.19006	1557	16.4387
ERR13927576.19007	1724	17.3625
ERR13927576.19008	1558	16.8010
ERR13927576.19009	1567	18.2961
ERR13927576.19010	1567	16.9324
ERR13927576.19011	1589	15.7067
ERR13927576.19012	1530	16.8092
ERR13927576.19013	1582	19.5645
ERR13927576.19014	1560	20.7500
ERR13927576.19015	1568	18.3603
ERR13927576.19016	1552	16.4214
ERR13927576.19017	1573	14.4209
ERR13927576.19018	1560	14.0667
ERR13927576.19019	1587	18.1664
ERR13927576.19020	1564	15.5748
ERR13927576.19021	1561	20.6874
ERR13927576.19022	1562	18.9046
ERR13927576.19023	1559	17.1963
ERR13927576.19024	1567	16.3299
ERR13927576.19025	1552	15.7945
ERR13927576.19026	1566	17.0396
ERR13927576.19027	1579	14.7726
ERR13927576.19028	1577	17.0006
ERR13927576.19029	1148	19.9582
ERR13927576.19030	1581	17.3194
ERR13927576.19031	1587	15.7032
ERR13927576.19032	1579	18.3952
ERR13927576.19033	1555	18.2977
ERR13927576.19034	1580	16.3532
ERR13927576.19035	1554	14.7671
ERR13927576.19036	1548	16.5504
ERR13927576.19037	1556	16.4852
ERR13927576.19038	1566	17.1552
ERR13927576.19039	1560	16.5122
ERR13927576.19040	1569	16.9318
ERR13927576.19041	1571	16.6111
ERR13927576.19042	1560	17.9558
ERR13927576.19043	1560	16.5391
ERR13927576.19044	1562	21.2977
ERR13927576.19045	1594	16.2164
ERR13927576.19046	1602	18.3720
ERR13927576.19047	1630	20.8411
ERR13927576.19048	1593	16.4658
ERR13927576.19049	1564	20.3894
ERR13927576.19050	1583	18.1642
ERR13927576.19051	1554	17.5483
ERR13927576.19052	1586	16.1217
ERR13927576.19053	1527	17.8861
ERR13927576.19054	1596	17.4687
ERR13927576.19055	1594	17.1035
ERR13927576.19056	1544	15.9223
ERR13927576.19057	1559	16.8473
ERR13927576.19058	334	16.7126
ERR13927576.19059	1580	16.6937
ERR13927576.19060	1561	17.3767
ERR13927576.19061	1548	17.4302
ERR13927576.19062	1021	18.4927
ERR13927576.19063	1568	19.9203
ERR13927576.19064	1571	15.7282
ERR13927576.19065	1610	18.7031
ERR13927576.19066	1588	19.8564
ERR13927576.19067	1566	16.7682
ERR13927576.19068	1575	18.5429
ERR13927576.19069	1564	15.3299
ERR13927576.19070	1587	15.6597
ERR13927576.19071	1447	14.8977
ERR13927576.19072	1563	15.3442
ERR13927576.19073	1570	14.7350
ERR13927576.19074	1587	17.0851
ERR13927576.19075	1609	20.2722
ERR13927576.19076	1576	18.6688
ERR13927576.19077	1593	14.9523
ERR13927576.19078	1506	15.1361
ERR13927576.19079	1524	16.4186
ERR13927576.19080	1542	15.0130
ERR13927576.19081	1564	18.8510
ERR13927576.19082	1553	17.4140
ERR13927576.19083	1544	15.5227
ERR13927576.19084	1576	14.5197
ERR13927576.19085	1586	15.7680
ERR13927576.19086	1583	20.2154
ERR13927576.19087	1548	15.7364
ERR13927576.19088	1537	15.9772
ERR13927576.19089	1562	20.6985
ERR13927576.19090	1562	16.0000
ERR13927576.19091	1546	16.4431
ERR13927576.19092	1560	18.4962
ERR13927576.19093	1597	18.2367
ERR13927576.19094	1523	18.1116
ERR13927576.19095	1563	16.5438
ERR13927576.19096	1576	21.3928
ERR13927576.19097	1581	18.8001
ERR13927576.19098	1588	14.8835
ERR13927576.19099	1591	16.7071
ERR13927576.19100	1572	18.0999
ERR13927576.19101	1566	17.9866
ERR13927576.19102	1557	17.3398
ERR13927576.19103	1573	18.6084
ERR13927576.19104	1573	16.8156
ERR13927576.19105	1547	17.0640
ERR13927576.19106	1596	19.5338
ERR13927576.19107	1176	15.1395
ERR13927576.19108	1559	17.0404
ERR13927576.19109	1542	15.6978
ERR13927576.19110	1586	19.0952
ERR13927576.19111	1556	18.6870
ERR13927576.19112	1580	18.1070
ERR13927576.19113	1576	21.6593
ERR13927576.19114	1528	17.5301
ERR13927576.19115	1543	15.4666
ERR13927576.19116	1635	17.4000
ERR13927576.19117	1572	19.1628
ERR13927576.19118	1546	20.4567
ERR13927576.19119	1541	16.0980
ERR13927576.19120	1582	18.3527
ERR13927576.19121	1571	17.9497
ERR13927576.19122	1018	16.5265
ERR13927576.19123	1581	18.5661
ERR13927576.19124	1592	19.0936
ERR13927576.19125	1563	18.6807
ERR13927576.19126	1557	15.1734
ERR13927576.19127	1562	16.8624
ERR13927576.19128	1562	16.0544
ERR13927576.19129	1548	18.3443
ERR13927576.19130	1574	19.7389
ERR13927576.19131	1580	18.9532
ERR13927576.19132	1578	18.7383
ERR13927576.19133	1574	18.6372
ERR13927576.19134	1573	18.8735
ERR13927576.19135	1537	15.4632
ERR13927576.19136	1568	19.3495
ERR13927576.19137	1552	16.5264
ERR13927576.19138	1495	14.6569
ERR13927576.19139	1577	19.5587
ERR13927576.19140	1587	16.8003
ERR13927576.19141	1575	16.1530
ERR13927576.19142	1568	14.5982
ERR13927576.19143	1556	15.9454
ERR13927576.19144	1569	21.2129
ERR13927576.19145	1571	15.5933
ERR13927576.19146	1556	16.8323
ERR13927576.19147	1551	15.3914
ERR13927576.19148	1610	16.5938
ERR13927576.19149	546	17.4835
ERR13927576.19150	1548	15.0317
ERR13927576.19151	1566	14.9221
ERR13927576.19152	1558	18.8030
ERR13927576.19153	1577	16.1281
ERR13927576.19154	1280	16.5977
ERR13927576.19155	1566	18.5575
ERR13927576.19156	1628	17.5528
ERR13927576.19157	655	15.6992
ERR13927576.19158	1554	19.4106
ERR13927576.19159	1566	16.5932
ERR13927576.19160	1563	17.5259
ERR13927576.19161	1596	18.8910
ERR13927576.19162	1574	15.6849
ERR13927576.19163	1573	15.6236
ERR13927576.19164	1560	17.7859
ERR13927576.19165	1565	16.7719
ERR13927576.19166	1559	16.4580
ERR13927576.19167	1549	18.1549
ERR13927576.19168	1542	19.7639
ERR13927576.19169	1578	17.6572
ERR13927576.19170	1595	16.3254
ERR13927576.19171	1573	16.7839
ERR13927576.19172	1590	17.7975
ERR13927576.19173	1570	16.3382
ERR13927576.19174	1588	16.7676
ERR13927576.19175	1566	18.1916
ERR13927576.19176	1561	17.4279
ERR13927576.19177	1558	19.0475
ERR13927576.19178	1560	17.1853
ERR13927576.19179	1536	15.2103
ERR13927576.19180	1575	17.8629
ERR13927576.19181	1552	15.5876
ERR13927576.19182	1577	15.5732
ERR13927576.19183	1561	21.7367
ERR13927576.19184	1560	17.8673
ERR13927576.19185	1597	18.8003
ERR13927576.19186	1595	16.5329
ERR13927576.19187	1572	15.5083
ERR13927576.19188	1559	19.5619
ERR13927576.19189	1588	13.8766
ERR13927576.19190	1563	17.0749
ERR13927576.19191	1591	18.9761
ERR13927576.19192	1543	18.2035
ERR13927576.19193	1552	16.1772
ERR13927576.19194	1602	16.4763
ERR13927576.19195	1538	17.5975
ERR13927576.19196	1566	16.7037
ERR13927576.19197	1561	16.2582
ERR13927576.19198	1594	15.0075
ERR13927576.19199	1549	17.2763
ERR13927576.19200	1559	16.6716
ERR13927576.19201	1574	20.1798
ERR13927576.19202	1561	20.9513
ERR13927576.19203	1559	15.5362
ERR13927576.19204	1587	16.4612
ERR13927576.19205	1557	18.0957
ERR13927576.19206	700	17.6757
ERR13927576.19207	364	15.0055
ERR13927576.19208	1594	18.8080
ERR13927576.19209	1528	14.6728
ERR13927576.19210	1558	14.7548
ERR13927576.19211	1550	16.2587
ERR13927576.19212	1542	20.5473
ERR13927576.19213	1554	16.0026
ERR13927576.19214	1592	19.7927
ERR13927576.19215	1585	18.6372
ERR13927576.19216	1570	16.5420
ERR13927576.19217	1546	16.8402
ERR13927576.19218	1594	20.6361
ERR13927576.19219	1585	19.3773
ERR13927576.19220	1530	17.3137
ERR13927576.19221	1596	16.0232
ERR13927576.19222	1611	20.8721
ERR13927576.19223	1538	17.7087
ERR13927576.19224	1556	18.7866
ERR13927576.19225	1551	18.0903
ERR13927576.19226	1572	17.3957
ERR13927576.19227	1553	15.9910
ERR13927576.19228	1556	15.5656
ERR13927576.19229	1531	15.2384
ERR13927576.19230	1588	21.1341
ERR13927576.19231	1575	15.1968
ERR13927576.19232	1576	18.4505
ERR13927576.19233	1551	16.6583
ERR13927576.19234	1747	19.9943
ERR13927576.19235	1559	15.1013
ERR13927576.19236	1638	17.4438
ERR13927576.19237	1535	18.9954
ERR13927576.19238	1581	16.8545
ERR13927576.19239	1576	15.1916
ERR13927576.19240	1551	18.6634
ERR13927576.19241	1571	18.1852
ERR13927576.19242	1584	17.2955
ERR13927576.19243	1544	16.5130
ERR13927576.19244	1604	18.1315
ERR13927576.19245	1563	18.0601
ERR13927576.19246	1582	18.8850
ERR13927576.19247	1613	17.8388
ERR13927576.19248	1549	16.6307
ERR13927576.19249	1560	18.7827
ERR13927576.19250	1555	15.5518
ERR13927576.19251	1555	14.6765
ERR13927576.19252	1591	18.0383
ERR13927576.19253	1564	17.2513
ERR13927576.19254	1540	14.7117
ERR13927576.19255	1561	17.1070
ERR13927576.19256	1571	15.9243
ERR13927576.19257	1551	17.9678
ERR13927576.19258	1578	16.4994
ERR13927576.19259	1559	16.2303
ERR13927576.19260	1629	16.0012
ERR13927576.19261	1574	16.7313
ERR13927576.19262	1570	16.6828
ERR13927576.19263	1577	18.3088
ERR13927576.19264	1595	20.0727
ERR13927576.19265	1556	19.0842
ERR13927576.19266	1544	17.9961
ERR13927576.19267	1572	18.6546
ERR13927576.19268	1564	20.4162
ERR13927576.19269	1553	17.4134
ERR13927576.19270	1578	16.6603
ERR13927576.19271	1547	18.1881
ERR13927576.19272	1561	17.8046
ERR13927576.19273	1564	15.1957
ERR13927576.19274	1609	17.2617
ERR13927576.19275	1573	17.8678
ERR13927576.19276	1553	16.4572
ERR13927576.19277	1430	15.0301
ERR13927576.19278	1609	16.0659
ERR13927576.19279	1613	18.6057
ERR13927576.19280	1518	16.6792
ERR13927576.19281	1551	18.0322
ERR13927576.19282	1535	17.3681
ERR13927576.19283	1573	17.7273
ERR13927576.19284	1558	16.6284
ERR13927576.19285	1545	16.3916
ERR13927576.19286	1545	18.7528
ERR13927576.19287	1558	18.8389
ERR13927576.19288	1109	18.3030
ERR13927576.19289	1576	16.5228
ERR13927576.19290	1562	16.5474
ERR13927576.19291	1531	16.7583
ERR13927576.19292	1535	16.9062
ERR13927576.19293	1576	15.4575
ERR13927576.19294	1559	16.3547
ERR13927576.19295	751	16.0360
ERR13927576.19296	1566	15.1405
ERR13927576.19297	1549	19.6733
ERR13927576.19298	1555	17.4849
ERR13927576.19299	1570	21.1732
ERR13927576.19300	1602	19.9020
ERR13927576.19301	1541	16.4620
ERR13927576.19302	1550	14.9013
ERR13927576.19303	1558	18.4750
ERR13927576.19304	291	16.2921
ERR13927576.19305	1585	15.8524
ERR13927576.19306	1589	18.6407
ERR13927576.19307	1504	16.5738
ERR13927576.19308	1551	16.6364
ERR13927576.19309	1649	17.0788
ERR13927576.19310	1570	17.9529
ERR13927576.19311	1556	14.6067
ERR13927576.19312	1577	16.0101
ERR13927576.19313	1534	13.9889
ERR13927576.19314	1596	18.1071
ERR13927576.19315	1588	15.6996
ERR13927576.19316	1545	16.4544
ERR13927576.19317	481	19.4470
ERR13927576.19318	1575	17.8533
ERR13927576.19319	1545	16.7275
ERR13927576.19320	1568	15.4866
ERR13927576.19321	1569	16.5653
ERR13927576.19322	1540	15.8052
ERR13927576.19323	1550	17.7181
ERR13927576.19324	1590	15.6396
ERR13927576.19325	1549	15.1311
ERR13927576.19326	2948	18.4193
ERR13927576.19327	1590	17.0994
ERR13927576.19328	1530	17.8163
ERR13927576.19329	1591	17.0754
ERR13927576.19330	1287	15.8236
ERR13927576.19331	1557	16.0366
ERR13927576.19332	1579	17.5332
ERR13927576.19333	1570	15.3439
ERR13927576.19334	1580	15.7437
ERR13927576.19335	1570	15.3064
ERR13927576.19336	1575	19.7073
ERR13927576.19337	1572	18.3581
ERR13927576.19338	1564	14.1739
ERR13927576.19339	1530	16.0797
ERR13927576.19340	1561	17.1288
ERR13927576.19341	1524	19.7362
ERR13927576.19342	1608	15.7425
ERR13927576.19343	1573	16.3255
ERR13927576.19344	1585	20.3855
ERR13927576.19345	746	16.8794
ERR13927576.19346	1585	19.0372
ERR13927576.19347	1567	16.5265
ERR13927576.19348	1550	16.3116
ERR13927576.19349	1592	18.3386
ERR13927576.19350	1432	17.6453
ERR13927576.19351	1371	18.5164
ERR13927576.19352	1579	16.6415
ERR13927576.19353	1531	17.5761
ERR13927576.19354	1555	16.3215
ERR13927576.19355	1590	20.2516
ERR13927576.19356	1521	16.3333
ERR13927576.19357	1546	14.9528
ERR13927576.19358	1515	16.9043
ERR13927576.19359	1585	19.2151
ERR13927576.19360	1459	16.3592
ERR13927576.19361	1551	19.3881
ERR13927576.19362	1569	17.4831
ERR13927576.19363	1570	18.4783
ERR13927576.19364	1556	19.3560
ERR13927576.19365	1571	17.4195
ERR13927576.19366	1592	19.2575
ERR13927576.19367	1583	17.3822
ERR13927576.19368	1570	17.3459
ERR13927576.19369	1549	16.3944
ERR13927576.19370	1578	16.7414
ERR13927576.19371	1557	15.5100
ERR13927576.19372	1523	14.6303
ERR13927576.19373	1613	15.3007
ERR13927576.19374	1586	15.6066
ERR13927576.19375	449	21.7283
ERR13927576.19376	1532	14.9445
ERR13927576.19377	1568	15.8017
ERR13927576.19378	1582	17.3875
ERR13927576.19379	1566	18.7139
ERR13927576.19380	1566	16.9732
ERR13927576.19381	1586	18.0233
ERR13927576.19382	1539	17.7199
ERR13927576.19383	1578	17.2193
ERR13927576.19384	1565	17.3042
ERR13927576.19385	1584	17.6181
ERR13927576.19386	1567	17.5801
ERR13927576.19387	1564	17.9821
ERR13927576.19388	1588	16.4578
ERR13927576.19389	1586	16.6986
ERR13927576.19390	1550	17.7587
ERR13927576.19391	1574	17.8443
ERR13927576.19392	1567	16.6637
ERR13927576.19393	1574	16.9485
ERR13927576.19394	1559	17.6164
ERR13927576.19395	1590	16.3289
ERR13927576.19396	1503	15.1876
ERR13927576.19397	1562	15.1703
ERR13927576.19398	1543	18.5567
ERR13927576.19399	1578	19.5710
ERR13927576.19400	1522	15.5578
ERR13927576.19401	1499	18.0367
ERR13927576.19402	1536	14.7038
ERR13927576.19403	1584	18.8428
ERR13927576.19404	1582	18.4899
ERR13927576.19405	1591	17.0490
ERR13927576.19406	1509	17.1093
ERR13927576.19407	1574	18.9968
ERR13927576.19408	1578	18.1388
ERR13927576.19409	1557	18.4361
ERR13927576.19410	1560	16.9391
ERR13927576.19411	1543	15.9734
ERR13927576.19412	1580	18.9443
ERR13927576.19413	1541	18.3258
ERR13927576.19414	1602	19.6292
ERR13927576.19415	1553	17.2601
ERR13927576.19416	1559	15.3329
ERR13927576.19417	1564	15.7027
ERR13927576.19418	1547	16.2224
ERR13927576.19419	1574	16.7065
ERR13927576.19420	1549	17.3919
ERR13927576.19421	1586	17.3291
ERR13927576.19422	1559	18.2335
ERR13927576.19423	1532	16.0607
ERR13927576.19424	1562	18.5883
ERR13927576.19425	1575	18.7524
ERR13927576.19426	233	14.3262
ERR13927576.19427	1586	15.7579
ERR13927576.19428	1588	17.6039
ERR13927576.19429	1526	18.4941
ERR13927576.19430	1569	17.5908
ERR13927576.19431	1555	19.6399
ERR13927576.19432	1556	18.4010
ERR13927576.19433	1551	19.2663
ERR13927576.19434	1545	17.2375
ERR13927576.19435	1574	20.1804
ERR13927576.19436	1578	17.3175
ERR13927576.19437	1537	16.1158
ERR13927576.19438	1644	16.9891
ERR13927576.19439	1543	17.0136
ERR13927576.19440	1623	18.5484
ERR13927576.19441	1554	16.2851
ERR13927576.19442	1567	17.2438
ERR13927576.19443	1546	15.5116
ERR13927576.19444	1572	19.5852
ERR13927576.19445	3085	18.0467
ERR13927576.19446	554	18.3773
ERR13927576.19447	1582	19.7301
ERR13927576.19448	1554	19.4646
ERR13927576.19449	1578	16.8796
ERR13927576.19450	1577	19.7381
ERR13927576.19451	883	14.8890
ERR13927576.19452	1540	19.3279
ERR13927576.19453	1583	15.9065
ERR13927576.19454	1606	17.9975
ERR13927576.19455	1524	16.9088
ERR13927576.19456	313	15.7508
ERR13927576.19457	1327	18.6285
ERR13927576.19458	1559	15.1751
ERR13927576.19459	1571	15.8415
ERR13927576.19460	1577	18.2803
ERR13927576.19461	1524	17.1588
ERR13927576.19462	1557	21.2486
ERR13927576.19463	1550	18.1523
ERR13927576.19464	1567	16.3210
ERR13927576.19465	1540	16.6455
ERR13927576.19466	1573	20.6058
ERR13927576.19467	1490	20.8953
ERR13927576.19468	1671	17.9126
ERR13927576.19469	1493	15.7810
ERR13927576.19470	1559	18.3329
ERR13927576.19471	1319	19.1069
ERR13927576.19472	1540	17.8831
ERR13927576.19473	1570	15.9866
ERR13927576.19474	1582	19.9842
ERR13927576.19475	1628	18.1787
ERR13927576.19476	1569	18.8993
ERR13927576.19477	1546	19.3545
ERR13927576.19478	1562	17.7625
ERR13927576.19479	1598	16.1170
ERR13927576.19480	1568	19.4541
ERR13927576.19481	1547	20.8171
ERR13927576.19482	1565	14.3367
ERR13927576.19483	1603	19.6900
ERR13927576.19484	1566	18.4617
ERR13927576.19485	1560	16.8154
ERR13927576.19486	1583	15.8067
ERR13927576.19487	1575	16.7238
ERR13927576.19488	1564	19.8945
ERR13927576.19489	1563	17.9814
ERR13927576.19490	1194	17.2580
ERR13927576.19491	1582	15.1947
ERR13927576.19492	1571	17.9338
ERR13927576.19493	1554	19.0270
ERR13927576.19494	1567	19.1576
ERR13927576.19495	1588	15.6965
ERR13927576.19496	1567	21.2036
ERR13927576.19497	1615	16.7697
ERR13927576.19498	1547	19.0730
ERR13927576.19499	1562	16.8784
ERR13927576.19500	1547	18.3710
ERR13927576.19501	1600	17.0619
ERR13927576.19502	1564	15.2583
ERR13927576.19503	1550	16.4548
ERR13927576.19504	1603	18.4679
ERR13927576.19505	1583	19.6121
ERR13927576.19506	1573	19.3007
ERR13927576.19507	1533	16.7658
ERR13927576.19508	1595	19.9536
ERR13927576.19509	1549	17.2937
ERR13927576.19510	1561	16.7201
ERR13927576.19511	1632	18.8382
ERR13927576.19512	1572	18.6546
ERR13927576.19513	1572	16.4421
ERR13927576.19514	1530	15.9379
ERR13927576.19515	1560	18.4122
ERR13927576.19516	1462	13.9945
ERR13927576.19517	1552	18.3750
ERR13927576.19518	1590	16.4792
ERR13927576.19519	1588	18.0888
ERR13927576.19520	1592	17.2808
ERR13927576.19521	1571	17.4749
ERR13927576.19522	1537	16.6936
ERR13927576.19523	1561	15.2947
ERR13927576.19524	1577	18.5802
ERR13927576.19525	1544	16.8193
ERR13927576.19526	1655	18.2556
ERR13927576.19527	1596	17.5764
ERR13927576.19528	1584	15.8782
ERR13927576.19529	1561	16.5791
ERR13927576.19530	1563	18.2540
ERR13927576.19531	1637	18.2951
ERR13927576.19532	1549	16.4009
ERR13927576.19533	1550	16.7181
ERR13927576.19534	1537	15.6825
ERR13927576.19535	1577	17.8706
ERR13927576.19536	1574	19.0089
ERR13927576.19537	1640	14.4774
ERR13927576.19538	1570	15.4732
ERR13927576.19539	1563	17.1753
ERR13927576.19540	1550	18.7671
ERR13927576.19541	1557	18.1304
ERR13927576.19542	1574	18.8291
ERR13927576.19543	1522	14.8745
ERR13927576.19544	1562	15.6037
ERR13927576.19545	1261	14.7827
ERR13927576.19546	1414	14.6853
ERR13927576.19547	1560	16.6423
ERR13927576.19548	1583	19.2937
ERR13927576.19549	1575	15.4089
ERR13927576.19550	894	16.6443
ERR13927576.19551	1570	18.4936
ERR13927576.19552	1555	16.0817
ERR13927576.19553	1530	20.2908
ERR13927576.19554	1565	15.8581
ERR13927576.19555	1518	15.2536
ERR13927576.19556	1334	15.3951
ERR13927576.19557	1572	16.4510
ERR13927576.19558	945	21.7651
ERR13927576.19559	1574	15.5775
ERR13927576.19560	1555	17.2180
ERR13927576.19561	1550	15.9529
ERR13927576.19562	1482	14.4919
ERR13927576.19563	1561	17.7406
ERR13927576.19564	1588	15.4364
ERR13927576.19565	1566	16.9527
ERR13927576.19566	1556	13.9730
ERR13927576.19567	1557	16.2235
ERR13927576.19568	1560	16.5763
ERR13927576.19569	1528	16.3325
ERR13927576.19570	1585	19.5211
ERR13927576.19571	1557	15.5793
ERR13927576.19572	1582	17.0044
ERR13927576.19573	1577	20.8015
ERR13927576.19574	1562	18.1504
ERR13927576.19575	1580	20.8532
ERR13927576.19576	1590	20.6893
ERR13927576.19577	963	16.4860
ERR13927576.19578	1567	17.1953
ERR13927576.19579	1575	19.6025
ERR13927576.19580	1530	19.0288
ERR13927576.19581	1565	15.6812
ERR13927576.19582	1550	18.1639
ERR13927576.19583	1606	18.7098
ERR13927576.19584	1555	19.0534
ERR13927576.19585	1589	16.3562
ERR13927576.19586	1588	17.7563
ERR13927576.19587	1568	20.1633
ERR13927576.19588	1588	17.1026
ERR13927576.19589	1564	19.9610
ERR13927576.19590	1585	17.3041
ERR13927576.19591	1554	15.6364
ERR13927576.19592	1584	16.0606
ERR13927576.19593	1583	17.2413
ERR13927576.19594	1582	18.5253
ERR13927576.19595	1550	19.7439
ERR13927576.19596	798	15.2494
ERR13927576.19597	1550	19.4858
ERR13927576.19598	1600	19.0781
ERR13927576.19599	1568	19.9273
ERR13927576.19600	1574	16.4714
ERR13927576.19601	1502	17.9368
ERR13927576.19602	1107	16.5917
ERR13927576.19603	1551	19.9787
ERR13927576.19604	1563	19.2630
ERR13927576.19605	1532	15.0078
ERR13927576.19606	1578	21.2700
ERR13927576.19607	1527	16.5527
ERR13927576.19608	1575	16.1829
ERR13927576.19609	1567	19.4990
ERR13927576.19610	1580	15.8481
ERR13927576.19611	1524	18.3202
ERR13927576.19612	1551	19.4790
ERR13927576.19613	1525	18.2944
ERR13927576.19614	1581	18.0689
ERR13927576.19615	1601	19.6408
ERR13927576.19616	1575	18.0432
ERR13927576.19617	1588	21.4150
ERR13927576.19618	1547	16.7453
ERR13927576.19619	1569	18.9490
ERR13927576.19620	1590	18.8843
ERR13927576.19621	1559	18.5670
ERR13927576.19622	1586	15.2472
ERR13927576.19623	1593	18.3289
ERR13927576.19624	1563	17.7991
ERR13927576.19625	1558	17.4262
ERR13927576.19626	1539	17.6023
ERR13927576.19627	1576	19.2475
ERR13927576.19628	1530	19.1144
ERR13927576.19629	1500	19.8840
ERR13927576.19630	1602	15.8683
ERR13927576.19631	1542	19.8327
ERR13927576.19632	1559	16.5343
ERR13927576.19633	1575	15.4705
ERR13927576.19634	1499	15.7332
ERR13927576.19635	731	16.9672
ERR13927576.19636	1557	18.3738
ERR13927576.19637	1562	15.6140
ERR13927576.19638	3133	16.2534
ERR13927576.19639	1568	17.6352
ERR13927576.19640	1597	19.8992
ERR13927576.19641	1548	19.1957
ERR13927576.19642	894	19.2897
ERR13927576.19643	1598	19.1026
ERR13927576.19644	1540	19.6773
ERR13927576.19645	1559	15.5779
ERR13927576.19646	1559	17.4875
ERR13927576.19647	1606	17.8979
ERR13927576.19648	1593	18.1268
ERR13927576.19649	1578	19.3105
ERR13927576.19650	1574	21.7757
ERR13927576.19651	1614	15.9362
ERR13927576.19652	1581	14.7211
ERR13927576.19653	1555	18.3685
ERR13927576.19654	1592	18.9454
ERR13927576.19655	1575	18.2178
ERR13927576.19656	1627	17.5200
ERR13927576.19657	1556	17.0302
ERR13927576.19658	1567	19.3835
ERR13927576.19659	1561	19.1832
ERR13927576.19660	1573	15.4463
ERR13927576.19661	1561	17.2562
ERR13927576.19662	1550	15.5832
ERR13927576.19663	1576	18.7195
ERR13927576.19664	1572	19.8359
ERR13927576.19665	1531	17.7263
ERR13927576.19666	1552	14.6031
ERR13927576.19667	1585	16.7085
ERR13927576.19668	1566	22.0651
ERR13927576.19669	1537	15.7677
ERR13927576.19670	1577	17.0945
ERR13927576.19671	1622	18.1467
ERR13927576.19672	1171	17.6644
ERR13927576.19673	1510	15.7887
ERR13927576.19674	1534	15.8794
ERR13927576.19675	1618	16.9759
ERR13927576.19676	1597	15.8128
ERR13927576.19677	1591	19.4733
ERR13927576.19678	1582	15.8502
ERR13927576.19679	1560	17.7763
ERR13927576.19680	1568	18.4196
ERR13927576.19681	1559	18.0289
ERR13927576.19682	1574	17.0629
ERR13927576.19683	1561	17.4753
ERR13927576.19684	1596	16.2757
ERR13927576.19685	1591	21.2049
ERR13927576.19686	1457	14.8662
ERR13927576.19687	1553	17.5544
ERR13927576.19688	1597	14.2699
ERR13927576.19689	1572	16.9606
ERR13927576.19690	1541	16.0967
ERR13927576.19691	1562	16.9302
ERR13927576.19692	1613	19.5518
ERR13927576.19693	1566	20.9585
ERR13927576.19694	1533	17.6771
ERR13927576.19695	1563	18.4459
ERR13927576.19696	1549	20.8528
ERR13927576.19697	1592	16.8210
ERR13927576.19698	1565	22.9872
ERR13927576.19699	1541	17.5445
ERR13927576.19700	1548	18.2558
ERR13927576.19701	1551	15.0258
ERR13927576.19702	1588	17.7557
ERR13927576.19703	1551	17.1560
ERR13927576.19704	1576	19.1041
ERR13927576.19705	1584	17.7140
ERR13927576.19706	1580	17.3544
ERR13927576.19707	1574	17.1239
ERR13927576.19708	1568	19.2264
ERR13927576.19709	1568	17.3559
ERR13927576.19710	1568	17.0115
ERR13927576.19711	1570	18.6255
ERR13927576.19712	1572	17.4523
ERR13927576.19713	1572	15.9135
ERR13927576.19714	1570	16.4936
ERR13927576.19715	1556	15.1125
ERR13927576.19716	1543	16.5599
ERR13927576.19717	1512	15.3393
ERR13927576.19718	1556	18.5816
ERR13927576.19719	1556	15.7089
ERR13927576.19720	1556	15.3008
ERR13927576.19721	1557	19.7855
ERR13927576.19722	1538	16.1905
ERR13927576.19723	1596	15.9624
ERR13927576.19724	1529	18.4742
ERR13927576.19725	1581	19.2764
ERR13927576.19726	1604	15.0648
ERR13927576.19727	1570	19.2185
ERR13927576.19728	1539	14.8122
ERR13927576.19729	1579	19.6092
ERR13927576.19730	1554	17.9607
ERR13927576.19731	1593	16.8738
ERR13927576.19732	1546	18.4864
ERR13927576.19733	1577	18.0013
ERR13927576.19734	1563	17.0134
ERR13927576.19735	1580	17.3722
ERR13927576.19736	1534	19.0248
ERR13927576.19737	1555	17.0733
ERR13927576.19738	1562	18.8521
ERR13927576.19739	1623	15.3691
ERR13927576.19740	1524	14.9278
ERR13927576.19741	1508	17.0497
ERR13927576.19742	1571	14.9854
ERR13927576.19743	1541	16.8637
ERR13927576.19744	1552	18.7474
ERR13927576.19745	1567	17.6088
ERR13927576.19746	1576	19.9943
ERR13927576.19747	1573	21.0312
ERR13927576.19748	1559	17.2232
ERR13927576.19749	1569	18.8419
ERR13927576.19750	1603	16.7623
ERR13927576.19751	1558	16.8139
ERR13927576.19752	1556	18.7654
ERR13927576.19753	1550	16.1103
ERR13927576.19754	1606	16.9153
ERR13927576.19755	1559	18.1270
ERR13927576.19756	1515	15.3102
ERR13927576.19757	1572	20.8263
ERR13927576.19758	1535	16.8977
ERR13927576.19759	1592	20.1351
ERR13927576.19760	1560	15.6846
ERR13927576.19761	1568	14.7781
ERR13927576.19762	1573	15.7978
ERR13927576.19763	1567	17.5609
ERR13927576.19764	1558	17.7112
ERR13927576.19765	1541	15.9001
ERR13927576.19766	1541	15.0980
ERR13927576.19767	1559	18.4881
ERR13927576.19768	1526	15.9784
ERR13927576.19769	1539	14.5770
ERR13927576.19770	1577	15.7749
ERR13927576.19771	1565	17.3917
ERR13927576.19772	1545	17.1269
ERR13927576.19773	1576	16.6161
ERR13927576.19774	1549	15.5868
ERR13927576.19775	1586	17.3739
ERR13927576.19776	1600	17.2400
ERR13927576.19777	1553	15.1410
ERR13927576.19778	1557	16.7026
ERR13927576.19779	1583	20.5622
ERR13927576.19780	1526	17.7176
ERR13927576.19781	1579	16.2964
ERR13927576.19782	1550	16.1284
ERR13927576.19783	1539	17.8096
ERR13927576.19784	1592	17.0408
ERR13927576.19785	1552	19.6276
ERR13927576.19786	1480	15.0676
ERR13927576.19787	1572	15.0331
ERR13927576.19788	1589	16.8773
ERR13927576.19789	1586	19.9275
ERR13927576.19790	1567	15.2451
ERR13927576.19791	1557	19.1002
ERR13927576.19792	1560	17.2231
ERR13927576.19793	773	15.0970
ERR13927576.19794	1563	16.4389
ERR13927576.19795	1578	15.8276
ERR13927576.19796	1545	19.2667
ERR13927576.19797	1545	19.7644
ERR13927576.19798	1583	16.4889
ERR13927576.19799	1566	17.1948
ERR13927576.19800	1600	15.3394
ERR13927576.19801	1578	17.1432
ERR13927576.19802	1600	16.3600
ERR13927576.19803	1585	18.7716
ERR13927576.19804	1487	16.3100
ERR13927576.19805	1548	21.5891
ERR13927576.19806	1267	18.5896
ERR13927576.19807	1048	16.3416
ERR13927576.19808	1594	21.0571
ERR13927576.19809	1562	21.6601
ERR13927576.19810	1592	16.8587
ERR13927576.19811	1591	17.4048
ERR13927576.19812	1598	20.1859
ERR13927576.19813	1586	15.1816
ERR13927576.19814	1568	15.9260
ERR13927576.19815	1569	14.9815
ERR13927576.19816	1555	17.9048
ERR13927576.19817	1587	19.7946
ERR13927576.19818	1501	15.8108
ERR13927576.19819	1573	16.8589
ERR13927576.19820	1589	18.3272
ERR13927576.19821	1608	18.0460
ERR13927576.19822	1563	16.1663
ERR13927576.19823	1614	18.9529
ERR13927576.19824	1616	19.9016
ERR13927576.19825	1548	16.7158
ERR13927576.19826	1583	15.2931
ERR13927576.19827	1553	16.7193
ERR13927576.19828	1591	19.4620
ERR13927576.19829	1580	15.6089
ERR13927576.19830	1599	19.4165
ERR13927576.19831	1540	17.2948
ERR13927576.19832	1600	18.0188
ERR13927576.19833	1589	15.4355
ERR13927576.19834	1566	16.4221
ERR13927576.19835	1552	19.5251
ERR13927576.19836	1553	15.4681
ERR13927576.19837	1536	16.6908
ERR13927576.19838	429	15.7786
ERR13927576.19839	1515	16.1149
ERR13927576.19840	317	14.6120
ERR13927576.19841	1598	16.4431
ERR13927576.19842	1561	17.5983
ERR13927576.19843	1628	17.2598
ERR13927576.19844	1582	16.3034
ERR13927576.19845	1561	18.1980
ERR13927576.19846	1593	19.5650
ERR13927576.19847	1588	20.4207
ERR13927576.19848	1570	18.2809
ERR13927576.19849	1555	15.2103
ERR13927576.19850	1616	20.7141
ERR13927576.19851	1563	15.9463
ERR13927576.19852	1548	19.3669
ERR13927576.19853	1602	15.7797
ERR13927576.19854	1573	14.6491
ERR13927576.19855	1579	15.8619
ERR13927576.19856	1598	17.9549
ERR13927576.19857	1543	16.7570
ERR13927576.19858	1570	14.4701
ERR13927576.19859	1551	15.6067
ERR13927576.19860	1567	13.6356
ERR13927576.19861	1587	16.0851
ERR13927576.19862	1547	20.7557
ERR13927576.19863	1555	16.1923
ERR13927576.19864	3097	17.4356
ERR13927576.19865	1554	15.8616
ERR13927576.19866	1568	19.7704
ERR13927576.19867	1557	16.4271
ERR13927576.19868	1551	18.0181
ERR13927576.19869	1537	16.0358
ERR13927576.19870	1540	19.8701
ERR13927576.19871	1557	14.0469
ERR13927576.19872	1570	21.0038
ERR13927576.19873	1605	16.4897
ERR13927576.19874	1586	19.9029
ERR13927576.19875	1569	18.3799
ERR13927576.19876	1584	19.2986
ERR13927576.19877	1517	18.1826
ERR13927576.19878	1547	15.5016
ERR13927576.19879	1592	19.1018
ERR13927576.19880	1497	15.6199
ERR13927576.19881	1684	19.9002
ERR13927576.19882	1552	20.1817
ERR13927576.19883	1515	19.4944
ERR13927576.19884	1303	16.1804
ERR13927576.19885	1555	19.2309
ERR13927576.19886	1585	18.5199
ERR13927576.19887	1555	16.7305
ERR13927576.19888	1589	19.6941
ERR13927576.19889	1574	19.7211
ERR13927576.19890	1558	13.7773
ERR13927576.19891	1627	15.7283
ERR13927576.19892	1581	18.8634
ERR13927576.19893	1603	15.1641
ERR13927576.19894	1565	15.7981
ERR13927576.19895	1584	18.2961
ERR13927576.19896	1558	16.2336
ERR13927576.19897	1563	18.5342
ERR13927576.19898	1586	18.2982
ERR13927576.19899	1567	16.0300
ERR13927576.19900	1566	18.2388
ERR13927576.19901	1566	18.3155
ERR13927576.19902	1584	18.1370
ERR13927576.19903	1558	17.4159
ERR13927576.19904	1571	16.7199
ERR13927576.19905	1561	15.2095
ERR13927576.19906	1563	17.6136
ERR13927576.19907	1537	15.5693
ERR13927576.19908	1425	18.6660
ERR13927576.19909	1576	20.2659
ERR13927576.19910	1523	16.6737
ERR13927576.19911	1572	19.7844
ERR13927576.19912	1570	18.3357
ERR13927576.19913	1595	19.6621
ERR13927576.19914	1541	17.2576
ERR13927576.19915	1524	20.2631
ERR13927576.19916	1602	16.6760
ERR13927576.19917	1578	17.3492
ERR13927576.19918	1575	14.3486
ERR13927576.19919	1556	17.1806
ERR13927576.19920	1567	19.8417
ERR13927576.19921	1556	16.8830
ERR13927576.19922	1555	15.5434
ERR13927576.19923	1521	15.8153
ERR13927576.19924	1602	19.0543
ERR13927576.19925	1579	20.0323
ERR13927576.19926	1540	14.2987
ERR13927576.19927	1564	16.8312
ERR13927576.19928	1566	17.9444
ERR13927576.19929	1571	14.5092
ERR13927576.19930	1518	15.8485
ERR13927576.19931	1546	18.7794
ERR13927576.19932	1577	19.3240
ERR13927576.19933	1598	17.6308
ERR13927576.19934	1561	14.1307
ERR13927576.19935	1586	18.6450
ERR13927576.19936	1563	19.7895
ERR13927576.19937	1588	16.7601
ERR13927576.19938	1553	15.3632
ERR13927576.19939	1531	16.4677
ERR13927576.19940	1556	16.3875
ERR13927576.19941	1565	18.5227
ERR13927576.19942	1571	14.9707
ERR13927576.19943	1602	16.5218
ERR13927576.19944	1564	14.8248
ERR13927576.19945	1579	17.7270
ERR13927576.19946	1549	17.7198
ERR13927576.19947	1556	16.7442
ERR13927576.19948	1571	15.0834
ERR13927576.19949	1560	15.3667
ERR13927576.19950	1488	16.9052
ERR13927576.19951	1228	17.0041
ERR13927576.19952	1572	17.0483
ERR13927576.19953	1576	15.1428
ERR13927576.19954	1535	17.4899
ERR13927576.19955	706	15.3258
ERR13927576.19956	1586	15.3544
ERR13927576.19957	1412	16.7429
ERR13927576.19958	1590	16.0126
ERR13927576.19959	1562	16.3303
ERR13927576.19960	1566	19.5000
ERR13927576.19961	1576	17.3008
ERR13927576.19962	1537	16.5023
ERR13927576.19963	1537	17.1561
ERR13927576.19964	1558	15.7670
ERR13927576.19965	1584	16.4432
ERR13927576.19966	1539	18.4938
ERR13927576.19967	1575	15.9917
ERR13927576.19968	1552	15.6263
ERR13927576.19969	1588	20.3753
ERR13927576.19970	1580	22.3297
ERR13927576.19971	1384	15.4003
ERR13927576.19972	1596	18.2450
ERR13927576.19973	1550	15.3916
ERR13927576.19974	1601	17.2448
ERR13927576.19975	429	16.2587
ERR13927576.19976	1612	18.7146
ERR13927576.19977	1551	17.3520
ERR13927576.19978	1588	15.9093
ERR13927576.19979	1557	15.8934
ERR13927576.19980	1567	17.0377
ERR13927576.19981	1562	15.7081
ERR13927576.19982	1567	17.7754
ERR13927576.19983	1571	18.3132
ERR13927576.19984	236	17.5551
ERR13927576.19985	1469	18.1940
ERR13927576.19986	1579	16.1349
ERR13927576.19987	1546	17.1455
ERR13927576.19988	1559	16.2348
ERR13927576.19989	1579	19.5516
ERR13927576.19990	1581	18.4428
ERR13927576.19991	1578	14.6971
ERR13927576.19992	1426	15.9404
ERR13927576.19993	1580	16.4823
ERR13927576.19994	1546	20.9017
ERR13927576.19995	1583	21.0967
ERR13927576.19996	1556	16.0765
ERR13927576.19997	1555	17.3859
ERR13927576.19998	1595	16.5361
ERR13927576.19999	1574	18.9530
ERR13927576.20000	1561	15.7015
ERR13927576.20001	1582	15.2819
ERR13927576.20002	1573	14.3249
ERR13927576.20003	1573	15.5556
ERR13927576.20004	1533	14.7045
ERR13927576.20005	1555	15.0733
ERR13927576.20006	1566	15.1992
ERR13927576.20007	1545	16.7398
ERR13927576.20008	1544	15.9495
ERR13927576.20009	1561	18.0519
ERR13927576.20010	1566	17.7082
ERR13927576.20011	1589	15.4437
ERR13927576.20012	1502	17.6811
ERR13927576.20013	1584	15.4943
ERR13927576.20014	1589	19.3713
ERR13927576.20015	1595	16.5116
ERR13927576.20016	1564	20.1451
ERR13927576.20017	1553	14.6574
ERR13927576.20018	1544	18.8154
ERR13927576.20019	1537	17.2843
ERR13927576.20020	1512	16.7566
ERR13927576.20021	1582	20.4336
ERR13927576.20022	1532	16.3198
ERR13927576.20023	1575	18.7968
ERR13927576.20024	1553	16.4353
ERR13927576.20025	1517	16.5452
ERR13927576.20026	1560	18.4045
ERR13927576.20027	1573	15.4113
ERR13927576.20028	1598	19.3323
ERR13927576.20029	1039	17.4187
ERR13927576.20030	1585	19.8839
ERR13927576.20031	1571	18.3794
ERR13927576.20032	1537	16.4580
ERR13927576.20033	1574	19.2535
ERR13927576.20034	1554	18.8488
ERR13927576.20035	1594	16.9668
ERR13927576.20036	1586	17.2629
ERR13927576.20037	1410	19.0468
ERR13927576.20038	1577	15.4711
ERR13927576.20039	1550	17.7000
ERR13927576.20040	1570	18.7701
ERR13927576.20041	1549	17.5978
ERR13927576.20042	1593	17.1607
ERR13927576.20043	1550	17.4039
ERR13927576.20044	1586	15.9899
ERR13927576.20045	1580	18.2500
ERR13927576.20046	1571	16.4679
ERR13927576.20047	1555	15.4135
ERR13927576.20048	1565	16.9802
ERR13927576.20049	1529	16.6233
ERR13927576.20050	1489	15.3311
ERR13927576.20051	1576	14.7322
ERR13927576.20052	1579	19.1900
ERR13927576.20053	1551	15.7711
ERR13927576.20054	1555	17.6823
ERR13927576.20055	1558	15.9769
ERR13927576.20056	1550	19.8613
ERR13927576.20057	277	17.2202
ERR13927576.20058	1571	18.0255
ERR13927576.20059	1615	18.8322
ERR13927576.20060	1553	15.6671
ERR13927576.20061	1641	15.2492
ERR13927576.20062	1585	18.6114
ERR13927576.20063	1568	16.3967
ERR13927576.20064	1578	16.5811
ERR13927576.20065	1599	14.8899
ERR13927576.20066	1538	16.1541
ERR13927576.20067	1558	15.9153
ERR13927576.20068	1553	17.0200
ERR13927576.20069	1559	16.8743
ERR13927576.20070	1573	16.0769
ERR13927576.20071	1553	15.7669
ERR13927576.20072	1552	19.0870
ERR13927576.20073	1610	18.8609
ERR13927576.20074	3120	18.9269
ERR13927576.20075	1519	17.5701
ERR13927576.20076	1564	16.0134
ERR13927576.20077	1543	14.3830
ERR13927576.20078	1580	15.2120
ERR13927576.20079	1532	14.6619
ERR13927576.20080	1575	19.0400
ERR13927576.20081	1556	18.2943
ERR13927576.20082	1041	18.2805
ERR13927576.20083	1564	19.2813
ERR13927576.20084	1515	16.8066
ERR13927576.20085	1615	15.7734
ERR13927576.20086	1570	18.0261
ERR13927576.20087	1415	14.8643
ERR13927576.20088	1574	16.4841
ERR13927576.20089	1557	17.5376
ERR13927576.20090	1568	16.5453
ERR13927576.20091	1574	19.6290
ERR13927576.20092	1570	17.5503
ERR13927576.20093	1598	16.1008
ERR13927576.20094	1595	19.3179
ERR13927576.20095	1562	16.9219
ERR13927576.20096	1543	19.5075
ERR13927576.20097	1577	17.7242
ERR13927576.20098	1597	16.0795
ERR13927576.20099	1539	14.3463
ERR13927576.20100	236	14.7627
ERR13927576.20101	1579	20.0070
ERR13927576.20102	1414	17.8345
ERR13927576.20103	1594	17.9473
ERR13927576.20104	1566	18.9668
ERR13927576.20105	1562	17.7081
ERR13927576.20106	1571	17.8078
ERR13927576.20107	1568	15.9860
ERR13927576.20108	1549	18.3215
ERR13927576.20109	1550	15.1258
ERR13927576.20110	1563	16.7633
ERR13927576.20111	1582	14.8869
ERR13927576.20112	1563	16.6564
ERR13927576.20113	1584	17.7835
ERR13927576.20114	1573	18.2390
ERR13927576.20115	1561	15.4311
ERR13927576.20116	1576	17.0044
ERR13927576.20117	1589	19.3461
ERR13927576.20118	1586	18.7497
ERR13927576.20119	1531	16.8034
ERR13927576.20120	1507	16.7518
ERR13927576.20121	1540	15.8591
ERR13927576.20122	1567	20.2163
ERR13927576.20123	1609	16.2915
ERR13927576.20124	1577	17.2124
ERR13927576.20125	1580	20.1209
ERR13927576.20126	1531	17.5924
ERR13927576.20127	1558	17.1213
ERR13927576.20128	1543	16.6092
ERR13927576.20129	1567	15.6471
ERR13927576.20130	1585	17.6473
ERR13927576.20131	1552	19.3905
ERR13927576.20132	1541	17.2609
ERR13927576.20133	1563	18.2821
ERR13927576.20134	1538	18.1691
ERR13927576.20135	1555	16.7376
ERR13927576.20136	1573	19.7228
ERR13927576.20137	1548	16.6227
ERR13927576.20138	1568	21.8457
ERR13927576.20139	1585	16.0334
ERR13927576.20140	1607	20.2278
ERR13927576.20141	1567	19.7766
ERR13927576.20142	1563	16.8823
ERR13927576.20143	1576	17.3280
ERR13927576.20144	1551	16.4881
ERR13927576.20145	1595	19.2226
ERR13927576.20146	1590	19.5660
ERR13927576.20147	1550	17.1781
ERR13927576.20148	1487	17.7492
ERR13927576.20149	1604	16.9320
ERR13927576.20150	1484	16.1765
ERR13927576.20151	1577	22.1401
ERR13927576.20152	1577	21.6493
ERR13927576.20153	1569	15.4869
ERR13927576.20154	1618	15.5340
ERR13927576.20155	1538	17.9382
ERR13927576.20156	1548	18.0672
ERR13927576.20157	1574	21.1099
ERR13927576.20158	1512	19.4802
ERR13927576.20159	1400	16.9943
ERR13927576.20160	1561	16.9488
ERR13927576.20161	1540	16.5630
ERR13927576.20162	1610	17.9944
ERR13927576.20163	1559	16.9519
ERR13927576.20164	1590	17.5648
ERR13927576.20165	1570	19.7586
ERR13927576.20166	1586	19.0328
ERR13927576.20167	1582	17.8167
ERR13927576.20168	1576	16.3769
ERR13927576.20169	1537	17.5439
ERR13927576.20170	1561	18.8616
ERR13927576.20171	1566	17.6686
ERR13927576.20172	1588	18.6725
ERR13927576.20173	1576	19.4118
ERR13927576.20174	1558	18.0796
ERR13927576.20175	1619	18.0673
ERR13927576.20176	1553	19.8995
ERR13927576.20177	1545	16.3625
ERR13927576.20178	1079	19.5218
ERR13927576.20179	1547	16.2340
ERR13927576.20180	1544	17.5907
ERR13927576.20181	1490	16.4651
ERR13927576.20182	1546	15.5162
ERR13927576.20183	1581	18.7040
ERR13927576.20184	1609	16.2735
ERR13927576.20185	1562	16.1556
ERR13927576.20186	1611	15.2595
ERR13927576.20187	1557	18.4952
ERR13927576.20188	1588	17.2481
ERR13927576.20189	1591	15.3828
ERR13927576.20190	1578	21.6743
ERR13927576.20191	1603	21.8646
ERR13927576.20192	1568	17.5045
ERR13927576.20193	1539	16.1917
ERR13927576.20194	1569	15.7349
ERR13927576.20195	1571	14.8810
ERR13927576.20196	1557	16.4271
ERR13927576.20197	1582	16.7168
ERR13927576.20198	1569	18.0510
ERR13927576.20199	1555	19.9151
ERR13927576.20200	1548	18.1079
ERR13927576.20201	1545	19.1029
ERR13927576.20202	1550	17.5761
ERR13927576.20203	1559	14.1469
ERR13927576.20204	1597	16.6769
ERR13927576.20205	1543	16.7200
ERR13927576.20206	1568	18.2296
ERR13927576.20207	1559	16.6536
ERR13927576.20208	1539	18.4776
ERR13927576.20209	1549	18.1382
ERR13927576.20210	1546	14.8713
ERR13927576.20211	1580	18.8994
ERR13927576.20212	1555	15.2392
ERR13927576.20213	1616	18.1095
ERR13927576.20214	1586	16.5549
ERR13927576.20215	1547	16.1454
ERR13927576.20216	1561	16.2518
ERR13927576.20217	1601	18.4354
ERR13927576.20218	1553	19.4630
ERR13927576.20219	1594	16.1819
ERR13927576.20220	1559	19.8948
ERR13927576.20221	1585	20.5344
ERR13927576.20222	1575	14.4832
ERR13927576.20223	1595	21.6583
ERR13927576.20224	1571	18.4653
ERR13927576.20225	1585	16.2334
ERR13927576.20226	1534	16.5150
ERR13927576.20227	1529	16.3983
ERR13927576.20228	1577	16.2638
ERR13927576.20229	1590	18.1170
ERR13927576.20230	1599	20.6273
ERR13927576.20231	1552	15.8995
ERR13927576.20232	1571	19.7352
ERR13927576.20233	1557	15.4271
ERR13927576.20234	1601	20.7814
ERR13927576.20235	1599	18.0163
ERR13927576.20236	1570	19.4076
ERR13927576.20237	1571	20.0707
ERR13927576.20238	1556	18.1272
ERR13927576.20239	1533	16.8741
ERR13927576.20240	1563	16.7447
ERR13927576.20241	1568	22.5497
ERR13927576.20242	1544	16.4592
ERR13927576.20243	1557	17.3025
ERR13927576.20244	1613	18.8456
ERR13927576.20245	1442	17.4688
ERR13927576.20246	1555	16.0392
ERR13927576.20247	1550	17.5748
ERR13927576.20248	1548	20.5943
ERR13927576.20249	1556	16.7262
ERR13927576.20250	1578	19.4563
ERR13927576.20251	1567	18.6420
ERR13927576.20252	1576	18.8452
ERR13927576.20253	1543	18.1730
ERR13927576.20254	1577	22.0063
ERR13927576.20255	1590	17.2119
ERR13927576.20256	1594	19.0420
ERR13927576.20257	1565	18.7080
ERR13927576.20258	1577	17.9011
ERR13927576.20259	1544	16.5162
ERR13927576.20260	1527	18.2547
ERR13927576.20261	1582	15.8420
ERR13927576.20262	1575	18.8508
ERR13927576.20263	1521	14.5615
ERR13927576.20264	1577	18.9360
ERR13927576.20265	1237	15.4479
ERR13927576.20266	1562	19.3988
ERR13927576.20267	1591	16.6857
ERR13927576.20268	1569	20.1332
ERR13927576.20269	1552	16.7287
ERR13927576.20270	1551	15.5983
ERR13927576.20271	1618	16.8399
ERR13927576.20272	451	15.4745
ERR13927576.20273	1556	15.0122
ERR13927576.20274	1562	16.3784
ERR13927576.20275	1561	17.4484
ERR13927576.20276	1554	17.2780
ERR13927576.20277	1594	16.6550
ERR13927576.20278	1582	20.0480
ERR13927576.20279	1591	16.9334
ERR13927576.20280	1548	14.5407
ERR13927576.20281	1575	20.1314
ERR13927576.20282	1596	18.4449
ERR13927576.20283	1570	17.3280
ERR13927576.20284	1555	17.3987
ERR13927576.20285	1578	16.3923
ERR13927576.20286	1599	15.6291
ERR13927576.20287	1547	15.7395
ERR13927576.20288	1555	17.0592
ERR13927576.20289	1568	17.2060
ERR13927576.20290	1579	18.1539
ERR13927576.20291	1550	17.6142
ERR13927576.20292	1537	18.4522
ERR13927576.20293	1588	16.8974
ERR13927576.20294	1544	17.8245
ERR13927576.20295	1564	17.6439
ERR13927576.20296	1559	16.1238
ERR13927576.20297	1568	15.3909
ERR13927576.20298	1562	19.5999
ERR13927576.20299	1551	19.2063
ERR13927576.20300	1593	16.2976
ERR13927576.20301	1551	17.0206
ERR13927576.20302	1599	18.2595
ERR13927576.20303	1567	16.8366
ERR13927576.20304	1563	16.4760
ERR13927576.20305	1565	15.7208
ERR13927576.20306	1580	19.5234
ERR13927576.20307	1569	17.2479
ERR13927576.20308	1573	16.4838
ERR13927576.20309	1578	14.7256
ERR13927576.20310	1591	15.2382
ERR13927576.20311	1507	15.1062
ERR13927576.20312	1540	16.7065
ERR13927576.20313	1578	17.5418
ERR13927576.20314	1570	18.8414
ERR13927576.20315	1569	18.0051
ERR13927576.20316	1525	17.7075
ERR13927576.20317	1586	17.5019
ERR13927576.20318	1570	20.5949
ERR13927576.20319	1468	16.8174
ERR13927576.20320	1567	17.7077
ERR13927576.20321	1597	16.9624
ERR13927576.20322	1552	16.5677
ERR13927576.20323	1292	15.2175
ERR13927576.20324	1535	14.1303
ERR13927576.20325	1569	16.3952
ERR13927576.20326	1593	14.8569
ERR13927576.20327	1557	19.4457
ERR13927576.20328	1557	15.9184
ERR13927576.20329	1574	18.0635
ERR13927576.20330	1565	17.2160
ERR13927576.20331	1570	16.3497
ERR13927576.20332	1550	17.4600
ERR13927576.20333	1052	16.0304
ERR13927576.20334	1565	16.1099
ERR13927576.20335	1538	16.8908
ERR13927576.20336	1558	16.7375
ERR13927576.20337	1594	18.0408
ERR13927576.20338	1587	19.1613
ERR13927576.20339	1546	16.2723
ERR13927576.20340	1580	18.2620
ERR13927576.20341	1614	16.5409
ERR13927576.20342	1581	17.1588
ERR13927576.20343	1574	16.0178
ERR13927576.20344	1732	17.8355
ERR13927576.20345	1586	17.0359
ERR13927576.20346	1572	17.1705
ERR13927576.20347	1532	15.6260
ERR13927576.20348	854	16.1370
ERR13927576.20349	1621	17.1789
ERR13927576.20350	1619	16.9197
ERR13927576.20351	1582	16.0727
ERR13927576.20352	1574	18.5381
ERR13927576.20353	1583	16.4359
ERR13927576.20354	1602	19.5200
ERR13927576.20355	1572	19.1775
ERR13927576.20356	1535	16.2143
ERR13927576.20357	1575	18.1835
ERR13927576.20358	1580	20.7437
ERR13927576.20359	1621	16.7798
ERR13927576.20360	1554	16.4073
ERR13927576.20361	1594	19.2673
ERR13927576.20362	1566	19.1731
ERR13927576.20363	1619	18.2569
ERR13927576.20364	1573	20.1449
ERR13927576.20365	1578	18.5082
ERR13927576.20366	1555	18.5344
ERR13927576.20367	1547	18.8455
ERR13927576.20368	1544	15.4657
ERR13927576.20369	1561	17.1461
ERR13927576.20370	1576	16.3756
ERR13927576.20371	1569	18.2243
ERR13927576.20372	1628	16.5682
ERR13927576.20373	1554	18.8591
ERR13927576.20374	1553	16.0612
ERR13927576.20375	1553	17.4997
ERR13927576.20376	662	16.8308
ERR13927576.20377	1560	17.9583
ERR13927576.20378	1593	15.1996
ERR13927576.20379	1586	18.6967
ERR13927576.20380	1560	16.2795
ERR13927576.20381	1561	18.0955
ERR13927576.20382	1536	16.5664
ERR13927576.20383	790	17.3481
ERR13927576.20384	1553	18.4598
ERR13927576.20385	1507	14.5368
ERR13927576.20386	1577	17.4788
ERR13927576.20387	1569	16.3461
ERR13927576.20388	1561	18.0993
ERR13927576.20389	1584	18.3889
ERR13927576.20390	3124	20.1841
ERR13927576.20391	1569	17.2518
ERR13927576.20392	1572	17.4237
ERR13927576.20393	1544	18.3685
ERR13927576.20394	1589	17.3279
ERR13927576.20395	1574	17.5470
ERR13927576.20396	1575	15.4267
ERR13927576.20397	1566	19.0607
ERR13927576.20398	1552	17.3125
ERR13927576.20399	1606	17.1457
ERR13927576.20400	1616	17.7153
ERR13927576.20401	989	15.9565
ERR13927576.20402	892	16.8767
ERR13927576.20403	1551	16.4681
ERR13927576.20404	1577	18.0165
ERR13927576.20405	561	17.7576
ERR13927576.20406	1525	16.2872
ERR13927576.20407	1586	16.5177
ERR13927576.20408	1597	17.6788
ERR13927576.20409	1637	16.9194
ERR13927576.20410	1584	18.5196
ERR13927576.20411	1586	17.0984
ERR13927576.20412	2744	16.3805
ERR13927576.20413	1392	15.4612
ERR13927576.20414	1579	16.4946
ERR13927576.20415	1606	16.5753
ERR13927576.20416	1567	17.4697
ERR13927576.20417	1597	16.2492
ERR13927576.20418	1600	17.1350
ERR13927576.20419	1554	17.7967
ERR13927576.20420	1592	14.4686
ERR13927576.20421	1614	17.2485
ERR13927576.20422	1576	17.5914
ERR13927576.20423	1602	18.6242
ERR13927576.20424	322	14.6832
ERR13927576.20425	1513	15.8890
ERR13927576.20426	1569	16.5468
ERR13927576.20427	1564	17.0288
ERR13927576.20428	1594	18.1807
ERR13927576.20429	1523	16.8253
ERR13927576.20430	1559	19.7691
ERR13927576.20431	1534	18.1877
ERR13927576.20432	1583	23.4681
ERR13927576.20433	1564	18.0326
ERR13927576.20434	1571	16.9975
ERR13927576.20435	1579	19.1678
ERR13927576.20436	1560	18.7962
ERR13927576.20437	1574	20.0680
ERR13927576.20438	1568	20.1550
ERR13927576.20439	1590	15.5333
ERR13927576.20440	1570	16.0153
ERR13927576.20441	1513	15.1745
ERR13927576.20442	1571	22.9554
ERR13927576.20443	1571	16.0904
ERR13927576.20444	1595	18.0238
ERR13927576.20445	1565	17.3150
ERR13927576.20446	1585	18.3438
ERR13927576.20447	1565	17.0792
ERR13927576.20448	1571	16.6034
ERR13927576.20449	1586	16.6917
ERR13927576.20450	1595	18.8865
ERR13927576.20451	1539	16.6972
ERR13927576.20452	1575	18.6895
ERR13927576.20453	1578	17.2928
ERR13927576.20454	1555	16.5929
ERR13927576.20455	1524	17.8898
ERR13927576.20456	1576	15.7405
ERR13927576.20457	1520	17.9921
ERR13927576.20458	1569	19.0210
ERR13927576.20459	1604	19.3055
ERR13927576.20460	241	14.8672
ERR13927576.20461	1572	17.7093
ERR13927576.20462	1575	17.4222
ERR13927576.20463	1559	15.7550
ERR13927576.20464	1566	17.0830
ERR13927576.20465	1564	16.4578
ERR13927576.20466	1564	17.3389
ERR13927576.20467	1587	16.8702
ERR13927576.20468	1547	14.5527
ERR13927576.20469	1547	16.8164
ERR13927576.20470	1556	16.0141
ERR13927576.20471	1571	18.6575
ERR13927576.20472	1556	15.1973
ERR13927576.20473	1550	17.8381
ERR13927576.20474	1589	18.8861
ERR13927576.20475	3156	16.7006
ERR13927576.20476	1535	13.4951
ERR13927576.20477	1534	17.0209
ERR13927576.20478	1586	15.7863
ERR13927576.20479	1561	18.5099
ERR13927576.20480	1571	17.1999
ERR13927576.20481	1590	19.9082
ERR13927576.20482	1578	17.6984
ERR13927576.20483	1556	15.4062
ERR13927576.20484	1542	17.7555
ERR13927576.20485	1573	17.0572
ERR13927576.20486	1602	18.0893
ERR13927576.20487	1529	17.6318
ERR13927576.20488	1576	16.3204
ERR13927576.20489	1578	15.5615
ERR13927576.20490	1564	18.4469
ERR13927576.20491	1582	16.2845
ERR13927576.20492	1634	16.7417
ERR13927576.20493	1533	15.8141
ERR13927576.20494	1087	17.7534
ERR13927576.20495	1667	17.0222
ERR13927576.20496	1527	16.3726
ERR13927576.20497	1559	16.5741
ERR13927576.20498	413	14.0436
ERR13927576.20499	1571	16.4984
ERR13927576.20500	1569	17.2779
ERR13927576.20501	1552	17.6553
ERR13927576.20502	1574	15.8590
ERR13927576.20503	1633	17.9173
ERR13927576.20504	1563	15.8183
ERR13927576.20505	1242	15.4396
ERR13927576.20506	1481	15.3221
ERR13927576.20507	1491	16.4306
ERR13927576.20508	1561	16.2793
ERR13927576.20509	1525	18.4669
ERR13927576.20510	1551	19.2340
ERR13927576.20511	1570	17.4904
ERR13927576.20512	1561	20.3523
ERR13927576.20513	1569	19.3416
ERR13927576.20514	1623	18.4941
ERR13927576.20515	1555	19.8367
ERR13927576.20516	1550	17.3587
ERR13927576.20517	1559	19.7729
ERR13927576.20518	1557	19.4644
ERR13927576.20519	1533	14.8787
ERR13927576.20520	1572	15.5363
ERR13927576.20521	1573	17.2257
ERR13927576.20522	1582	15.4058
ERR13927576.20523	1578	19.9265
ERR13927576.20524	1591	15.6857
ERR13927576.20525	1559	19.9044
ERR13927576.20526	1545	16.2628
ERR13927576.20527	1567	17.6439
ERR13927576.20528	1591	20.1157
ERR13927576.20529	1570	17.8669
ERR13927576.20530	1574	15.7814
ERR13927576.20531	1580	18.6203
ERR13927576.20532	1539	15.2151
ERR13927576.20533	1576	15.0996
ERR13927576.20534	1553	17.4411
ERR13927576.20535	1535	15.5668
ERR13927576.20536	1555	17.9363
ERR13927576.20537	1601	17.3891
ERR13927576.20538	1583	17.0543
ERR13927576.20539	1587	18.0794
ERR13927576.20540	1564	16.3363
ERR13927576.20541	1562	16.0928
ERR13927576.20542	1577	19.8307
ERR13927576.20543	1557	16.4708
ERR13927576.20544	1559	17.4208
ERR13927576.20545	1557	17.6057
ERR13927576.20546	1553	19.3554
ERR13927576.20547	1564	19.4821
ERR13927576.20548	1568	19.6333
ERR13927576.20549	1555	18.5023
ERR13927576.20550	1525	15.0020
ERR13927576.20551	1585	17.3502
ERR13927576.20552	1585	20.1407
ERR13927576.20553	1610	17.5602
ERR13927576.20554	1549	17.8618
ERR13927576.20555	1566	17.7701
ERR13927576.20556	1552	18.1327
ERR13927576.20557	1538	17.1001
ERR13927576.20558	1574	16.8259
ERR13927576.20559	1618	18.5847
ERR13927576.20560	1599	17.9931
ERR13927576.20561	1570	15.6701
ERR13927576.20562	1577	18.4147
ERR13927576.20563	1561	17.4702
ERR13927576.20564	1602	16.1174
ERR13927576.20565	1586	15.7484
ERR13927576.20566	1592	15.6401
ERR13927576.20567	1584	20.7513
ERR13927576.20568	1559	16.5285
ERR13927576.20569	1579	16.8638
ERR13927576.20570	1436	17.7639
ERR13927576.20571	1578	16.4594
ERR13927576.20572	1568	19.7341
ERR13927576.20573	1553	16.4694
ERR13927576.20574	1576	16.3395
ERR13927576.20575	1534	15.8794
ERR13927576.20576	1549	18.9580
ERR13927576.20577	414	17.4879
ERR13927576.20578	1571	17.5417
ERR13927576.20579	1598	17.5707
ERR13927576.20580	1590	14.9503
ERR13927576.20581	1558	18.0841
ERR13927576.20582	1564	16.2257
ERR13927576.20583	1528	16.0046
ERR13927576.20584	1573	15.8328
ERR13927576.20585	1536	15.6100
ERR13927576.20586	1590	16.7289
ERR13927576.20587	1589	18.8427
ERR13927576.20588	1553	15.7457
ERR13927576.20589	1554	19.3063
ERR13927576.20590	1558	17.9185
ERR13927576.20591	1616	14.4517
ERR13927576.20592	1557	15.1773
ERR13927576.20593	1586	20.2724
ERR13927576.20594	1571	17.8256
ERR13927576.20595	1630	20.7258
ERR13927576.20596	1553	18.3110
ERR13927576.20597	1540	16.4864
ERR13927576.20598	1593	15.9278
ERR13927576.20599	1570	17.3363
ERR13927576.20600	1579	17.9177
ERR13927576.20601	1575	18.5378
ERR13927576.20602	1561	17.1794
ERR13927576.20603	1562	15.6248
ERR13927576.20604	1561	17.5766
ERR13927576.20605	1533	15.4083
ERR13927576.20606	1554	17.7568
ERR13927576.20607	1572	17.1202
ERR13927576.20608	1638	15.9676
ERR13927576.20609	1555	16.5672
ERR13927576.20610	1521	15.9678
ERR13927576.20611	1571	18.7479
ERR13927576.20612	1521	18.1611
ERR13927576.20613	1565	15.5246
ERR13927576.20614	1546	19.7749
ERR13927576.20615	1545	15.7392
ERR13927576.20616	1555	18.6270
ERR13927576.20617	1594	17.9272
ERR13927576.20618	1610	19.5882
ERR13927576.20619	1570	18.4274
ERR13927576.20620	1564	22.4373
ERR13927576.20621	1594	17.8105
ERR13927576.20622	1567	20.2859
ERR13927576.20623	1583	18.0259
ERR13927576.20624	1563	16.8733
ERR13927576.20625	1546	16.6462
ERR13927576.20626	1564	19.7404
ERR13927576.20627	1583	18.3051
ERR13927576.20628	1607	17.8345
ERR13927576.20629	1595	16.0063
ERR13927576.20630	1557	16.4663
ERR13927576.20631	1587	16.0057
ERR13927576.20632	220	17.8136
ERR13927576.20633	1551	16.9607
ERR13927576.20634	1519	17.3693
ERR13927576.20635	1549	15.9225
ERR13927576.20636	1571	19.9160
ERR13927576.20637	1561	16.1057
ERR13927576.20638	1552	16.4098
ERR13927576.20639	1526	17.7588
ERR13927576.20640	1551	16.1534
ERR13927576.20641	1566	16.6769
ERR13927576.20642	1574	19.5654
ERR13927576.20643	1549	19.3215
ERR13927576.20644	1563	15.6564
ERR13927576.20645	1553	19.8480
ERR13927576.20646	1585	16.7514
ERR13927576.20647	1545	19.3735
ERR13927576.20648	1593	19.2122
ERR13927576.20649	1594	16.5107
ERR13927576.20650	1584	18.7620
ERR13927576.20651	1547	17.2004
ERR13927576.20652	1294	18.9189
ERR13927576.20653	1512	17.6164
ERR13927576.20654	1559	16.9756
ERR13927576.20655	1563	19.1804
ERR13927576.20656	1500	16.9353
ERR13927576.20657	1565	18.6652
ERR13927576.20658	1555	16.5685
ERR13927576.20659	1551	19.4449
ERR13927576.20660	1560	17.3231
ERR13927576.20661	1553	19.8203
ERR13927576.20662	1566	17.2216
ERR13927576.20663	1546	17.6624
ERR13927576.20664	1577	17.3627
ERR13927576.20665	1589	16.4437
ERR13927576.20666	1620	18.5562
ERR13927576.20667	1547	15.3109
ERR13927576.20668	1586	15.5063
ERR13927576.20669	1533	18.1800
ERR13927576.20670	1570	17.8127
ERR13927576.20671	1565	18.4639
ERR13927576.20672	1533	18.9876
ERR13927576.20673	1554	15.1416
ERR13927576.20674	1576	16.6808
ERR13927576.20675	1553	16.7431
ERR13927576.20676	1552	16.8963
ERR13927576.20677	1540	15.4792
ERR13927576.20678	1570	16.1051
ERR13927576.20679	1548	18.4632
ERR13927576.20680	1591	20.8171
ERR13927576.20681	1580	16.7411
ERR13927576.20682	1577	16.7185
ERR13927576.20683	1514	14.4908
ERR13927576.20684	1560	17.4699
ERR13927576.20685	1518	17.5481
ERR13927576.20686	1073	18.7176
ERR13927576.20687	1609	16.5283
ERR13927576.20688	1570	20.6752
ERR13927576.20689	1563	17.2873
ERR13927576.20690	1557	16.4066
ERR13927576.20691	1557	16.6301
ERR13927576.20692	630	15.8540
ERR13927576.20693	566	15.0654
ERR13927576.20694	1507	16.0352
ERR13927576.20695	1566	18.6156
ERR13927576.20696	1532	18.1586
ERR13927576.20697	1495	14.8147
ERR13927576.20698	1546	15.4230
ERR13927576.20699	1556	21.3123
ERR13927576.20700	1504	16.3491
ERR13927576.20701	1551	18.6299
ERR13927576.20702	1512	16.3201
ERR13927576.20703	1595	19.4997
ERR13927576.20704	1527	18.6077
ERR13927576.20705	1557	18.6557
ERR13927576.20706	1596	15.2538
ERR13927576.20707	1534	16.0756
ERR13927576.20708	1577	16.6347
ERR13927576.20709	1558	17.7272
ERR13927576.20710	1567	17.5367
ERR13927576.20711	1550	16.0948
ERR13927576.20712	1550	18.9755
ERR13927576.20713	1543	18.1426
ERR13927576.20714	1520	15.1079
ERR13927576.20715	1519	15.1205
ERR13927576.20716	1558	15.8273
ERR13927576.20717	1595	18.4288
ERR13927576.20718	1634	17.4327
ERR13927576.20719	1561	18.4638
ERR13927576.20720	1593	17.0986
ERR13927576.20721	1555	19.5968
ERR13927576.20722	1567	17.8883
ERR13927576.20723	1572	16.4383
ERR13927576.20724	1559	18.4407
ERR13927576.20725	1567	18.7626
ERR13927576.20726	1558	15.7574
ERR13927576.20727	1614	17.7646
ERR13927576.20728	1552	16.7674
ERR13927576.20729	1571	16.9669
ERR13927576.20730	1555	16.1016
ERR13927576.20731	680	14.7529
ERR13927576.20732	1576	16.3744
ERR13927576.20733	1556	20.2616
ERR13927576.20734	1545	17.7521
ERR13927576.20735	1559	16.3284
ERR13927576.20736	1560	19.6506
ERR13927576.20737	1556	18.6305
ERR13927576.20738	1576	15.7348
ERR13927576.20739	1568	16.7953
ERR13927576.20740	1543	19.0791
ERR13927576.20741	1571	20.4411
ERR13927576.20742	1598	19.9531
ERR13927576.20743	1565	15.4588
ERR13927576.20744	1553	17.2717
ERR13927576.20745	1538	16.1125
ERR13927576.20746	1569	16.0427
ERR13927576.20747	1547	16.6231
ERR13927576.20748	1570	18.6064
ERR13927576.20749	1551	19.4062
ERR13927576.20750	1597	16.9086
ERR13927576.20751	1557	19.1092
ERR13927576.20752	1568	18.4420
ERR13927576.20753	3016	17.1363
ERR13927576.20754	1559	18.6626
ERR13927576.20755	1532	14.6919
ERR13927576.20756	1551	16.5139
ERR13927576.20757	1548	19.1486
ERR13927576.20758	1619	17.9673
ERR13927576.20759	1239	17.8249
ERR13927576.20760	1597	18.3663
ERR13927576.20761	1558	17.0154
ERR13927576.20762	1582	18.9071
ERR13927576.20763	1576	18.4061
ERR13927576.20764	1570	18.1637
ERR13927576.20765	1576	16.7798
ERR13927576.20766	1590	18.3252
ERR13927576.20767	1600	15.6700
ERR13927576.20768	1552	17.4607
ERR13927576.20769	1564	16.7410
ERR13927576.20770	1580	18.1791
ERR13927576.20771	1596	18.8315
ERR13927576.20772	1550	18.2381
ERR13927576.20773	1553	15.8796
ERR13927576.20774	1568	20.2143
ERR13927576.20775	1544	15.6367
ERR13927576.20776	1564	17.6662
ERR13927576.20777	1577	14.7216
ERR13927576.20778	1577	15.7933
ERR13927576.20779	1579	19.5643
ERR13927576.20780	1553	19.9202
ERR13927576.20781	1568	14.9120
ERR13927576.20782	1573	16.9841
ERR13927576.20783	1558	15.4750
ERR13927576.20784	1595	17.1304
ERR13927576.20785	1609	16.1131
ERR13927576.20786	1565	16.8019
ERR13927576.20787	1590	17.0843
ERR13927576.20788	1576	17.8566
ERR13927576.20789	1553	18.1050
ERR13927576.20790	1170	16.4940
ERR13927576.20791	1563	19.7159
ERR13927576.20792	1582	16.6378
ERR13927576.20793	1556	17.5958
ERR13927576.20794	1566	19.5115
ERR13927576.20795	1566	19.4042
ERR13927576.20796	1547	16.5191
ERR13927576.20797	1562	18.2868
ERR13927576.20798	1583	17.2672
ERR13927576.20799	1539	15.1696
ERR13927576.20800	1566	16.7612
ERR13927576.20801	1584	15.3472
ERR13927576.20802	1571	16.2973
ERR13927576.20803	1600	18.3863
ERR13927576.20804	1509	15.4718
ERR13927576.20805	1560	15.9244
ERR13927576.20806	1567	16.5029
ERR13927576.20807	1538	15.5878
ERR13927576.20808	1577	17.7166
ERR13927576.20809	793	14.5536
ERR13927576.20810	1577	16.3906
ERR13927576.20811	1554	19.1017
ERR13927576.20812	1544	19.5162
ERR13927576.20813	1574	17.7516
ERR13927576.20814	1562	15.6620
ERR13927576.20815	1591	17.6361
ERR13927576.20816	1228	16.9015
ERR13927576.20817	1564	18.7142
ERR13927576.20818	1592	18.3957
ERR13927576.20819	1553	16.7534
ERR13927576.20820	1576	16.1497
ERR13927576.20821	463	18.5551
ERR13927576.20822	1569	14.4054
ERR13927576.20823	1539	17.5763
ERR13927576.20824	1528	15.8030
ERR13927576.20825	1568	17.2883
ERR13927576.20826	1571	15.1814
ERR13927576.20827	1594	15.5433
ERR13927576.20828	1496	17.8743
ERR13927576.20829	1538	17.9311
ERR13927576.20830	1548	15.8960
ERR13927576.20831	1596	18.4142
ERR13927576.20832	1536	16.8698
ERR13927576.20833	1508	17.9363
ERR13927576.20834	1593	14.5681
ERR13927576.20835	1555	16.8842
ERR13927576.20836	1604	18.3741
ERR13927576.20837	1562	17.0967
ERR13927576.20838	1548	15.3333
ERR13927576.20839	1526	16.1776
ERR13927576.20840	1555	16.0592
ERR13927576.20841	1474	19.3521
ERR13927576.20842	1594	17.6713
ERR13927576.20843	1564	19.4501
ERR13927576.20844	1548	15.6880
ERR13927576.20845	1572	19.1336
ERR13927576.20846	1529	18.4951
ERR13927576.20847	1604	15.3822
ERR13927576.20848	1574	16.9282
ERR13927576.20849	1623	17.8731
ERR13927576.20850	1512	16.8069
ERR13927576.20851	1561	16.0493
ERR13927576.20852	1515	15.7043
ERR13927576.20853	1559	15.2476
ERR13927576.20854	1561	19.4158
ERR13927576.20855	1559	14.4779
ERR13927576.20856	1595	17.5812
ERR13927576.20857	1590	17.5019
ERR13927576.20858	1559	20.2848
ERR13927576.20859	1532	17.4674
ERR13927576.20860	1549	17.0284
ERR13927576.20861	1555	16.0424
ERR13927576.20862	1585	16.9363
ERR13927576.20863	1561	16.3523
ERR13927576.20864	1592	17.9623
ERR13927576.20865	1608	14.4764
ERR13927576.20866	1563	19.1695
ERR13927576.20867	1567	17.3701
ERR13927576.20868	1611	15.2365
ERR13927576.20869	1018	14.9519
ERR13927576.20870	1567	16.8653
ERR13927576.20871	1589	18.7508
ERR13927576.20872	1154	20.5269
ERR13927576.20873	1553	21.8042
ERR13927576.20874	1566	17.8263
ERR13927576.20875	1567	18.4659
ERR13927576.20876	1591	17.3118
ERR13927576.20877	1541	14.3413
ERR13927576.20878	1514	17.5079
ERR13927576.20879	1550	18.8819
ERR13927576.20880	1555	16.9325
ERR13927576.20881	1565	18.0990
ERR13927576.20882	1589	16.1989
ERR13927576.20883	1570	16.2548
ERR13927576.20884	1566	16.3308
ERR13927576.20885	1569	19.1007
ERR13927576.20886	1570	16.0841
ERR13927576.20887	1559	15.9192
ERR13927576.20888	1567	18.4837
ERR13927576.20889	1599	17.7636
ERR13927576.20890	1542	15.4274
ERR13927576.20891	1579	19.1564
ERR13927576.20892	1538	16.6502
ERR13927576.20893	1565	17.6978
ERR13927576.20894	1570	17.1573
ERR13927576.20895	1589	18.6501
ERR13927576.20896	1528	15.4581
ERR13927576.20897	1551	18.9761
ERR13927576.20898	1509	15.3645
ERR13927576.20899	1596	18.8195
ERR13927576.20900	1564	19.7436
ERR13927576.20901	907	17.9008
ERR13927576.20902	1572	18.0204
ERR13927576.20903	1564	17.1937
ERR13927576.20904	1543	16.0758
ERR13927576.20905	1537	16.0781
ERR13927576.20906	1447	15.7920
ERR13927576.20907	1557	15.6236
ERR13927576.20908	1551	16.2295
ERR13927576.20909	1615	15.3344
ERR13927576.20910	1410	15.1716
ERR13927576.20911	1572	18.0274
ERR13927576.20912	1593	17.8286
ERR13927576.20913	1571	17.9414
ERR13927576.20914	1535	15.0906
ERR13927576.20915	1593	17.5078
ERR13927576.20916	1579	17.2166
ERR13927576.20917	1538	14.8661
ERR13927576.20918	1576	16.7525
ERR13927576.20919	1568	17.8922
ERR13927576.20920	1573	16.9123
ERR13927576.20921	1545	18.5074
ERR13927576.20922	1532	14.5529
ERR13927576.20923	1584	17.5612
ERR13927576.20924	1570	18.2643
ERR13927576.20925	1553	17.4675
ERR13927576.20926	1591	18.3036
ERR13927576.20927	1576	20.1428
ERR13927576.20928	1571	18.8052
ERR13927576.20929	1505	18.5555
ERR13927576.20930	1546	16.0000
ERR13927576.20931	1318	20.6707
ERR13927576.20932	1590	17.1478
ERR13927576.20933	1604	16.8435
ERR13927576.20934	1531	15.7590
ERR13927576.20935	1567	20.1378
ERR13927576.20936	1569	17.6482
ERR13927576.20937	1543	15.6662
ERR13927576.20938	1564	15.4003
ERR13927576.20939	1594	17.6945
ERR13927576.20940	1554	17.7291
ERR13927576.20941	1482	15.7908
ERR13927576.20942	1571	19.2731
ERR13927576.20943	1540	18.9039
ERR13927576.20944	1554	17.4775
ERR13927576.20945	1554	17.1673
ERR13927576.20946	1567	18.7288
ERR13927576.20947	1535	17.9765
ERR13927576.20948	1555	15.4740
ERR13927576.20949	1594	16.6675
ERR13927576.20950	1673	17.0837
ERR13927576.20951	1576	19.1421
ERR13927576.20952	1568	15.5753
ERR13927576.20953	1556	16.5668
ERR13927576.20954	1582	19.4204
ERR13927576.20955	1591	19.1477
ERR13927576.20956	1579	17.1501
ERR13927576.20957	1577	16.1103
ERR13927576.20958	1562	17.0723
ERR13927576.20959	1565	15.1764
ERR13927576.20960	1049	17.1745
ERR13927576.20961	1562	17.9533
ERR13927576.20962	1571	15.3972
ERR13927576.20963	1584	20.3245
ERR13927576.20964	1554	15.4369
ERR13927576.20965	1562	15.4590
ERR13927576.20966	1550	16.4981
ERR13927576.20967	1554	19.2619
ERR13927576.20968	1545	17.7152
ERR13927576.20969	1552	17.6559
ERR13927576.20970	1581	17.1708
ERR13927576.20971	1574	16.5940
ERR13927576.20972	1558	16.6675
ERR13927576.20973	1570	19.8459
ERR13927576.20974	1574	18.1258
ERR13927576.20975	1531	16.0856
ERR13927576.20976	1570	16.4669
ERR13927576.20977	1473	15.6606
ERR13927576.20978	1574	16.3374
ERR13927576.20979	1566	18.6558
ERR13927576.20980	1552	16.1997
ERR13927576.20981	1556	19.4441
ERR13927576.20982	1570	15.5490
ERR13927576.20983	1539	14.7096
ERR13927576.20984	1556	16.0746
ERR13927576.20985	1518	15.7497
ERR13927576.20986	1552	19.6018
ERR13927576.20987	1545	18.8239
ERR13927576.20988	1512	17.1171
ERR13927576.20989	1564	16.5595
ERR13927576.20990	1570	17.2618
ERR13927576.20991	1540	16.2344
ERR13927576.20992	1540	15.7701
ERR13927576.20993	1540	17.4162
ERR13927576.20994	1548	14.7681
ERR13927576.20995	1574	16.2319
ERR13927576.20996	1557	17.4971
ERR13927576.20997	1559	18.1648
ERR13927576.20998	1556	19.0553
ERR13927576.20999	1600	18.2869
ERR13927576.21000	1532	15.1390
ERR13927576.21001	1566	17.7369
ERR13927576.21002	1584	17.7039
ERR13927576.21003	1607	17.8575
ERR13927576.21004	1588	18.8369
ERR13927576.21005	1545	17.7929
ERR13927576.21006	1551	17.1180
ERR13927576.21007	1582	17.5670
ERR13927576.21008	1579	15.1476
ERR13927576.21009	1566	17.4400
ERR13927576.21010	1566	19.4093
ERR13927576.21011	1574	17.6798
ERR13927576.21012	1579	17.1482
ERR13927576.21013	1538	15.2536
ERR13927576.21014	1560	20.6558
ERR13927576.21015	862	17.3573
ERR13927576.21016	1585	16.5041
ERR13927576.21017	1512	15.9782
ERR13927576.21018	1595	16.3028
ERR13927576.21019	1558	18.8479
ERR13927576.21020	1557	18.8491
ERR13927576.21021	1570	17.4975
ERR13927576.21022	1545	17.5605
ERR13927576.21023	1598	15.7159
ERR13927576.21024	1554	15.7027
ERR13927576.21025	1579	16.1077
ERR13927576.21026	1566	17.0192
ERR13927576.21027	1593	20.1770
ERR13927576.21028	1568	16.9681
ERR13927576.21029	1596	19.2299
ERR13927576.21030	1569	17.0580
ERR13927576.21031	1597	18.3231
ERR13927576.21032	1595	16.0150
ERR13927576.21033	1572	16.1883
ERR13927576.21034	1544	20.4048
ERR13927576.21035	1506	16.0976
ERR13927576.21036	1557	16.9955
ERR13927576.21037	1570	18.4140
ERR13927576.21038	1591	15.0805
ERR13927576.21039	1551	17.9059
ERR13927576.21040	1550	18.4290
ERR13927576.21041	1572	21.1094
ERR13927576.21042	1544	16.7481
ERR13927576.21043	1565	18.4581
ERR13927576.21044	1550	18.0716
ERR13927576.21045	1518	15.2075
ERR13927576.21046	1564	19.1407
ERR13927576.21047	1562	17.2977
ERR13927576.21048	1546	17.3331
ERR13927576.21049	627	14.7911
ERR13927576.21050	1586	14.7762
ERR13927576.21051	1590	15.6604
ERR13927576.21052	737	19.1859
ERR13927576.21053	1345	17.7822
ERR13927576.21054	1570	17.7981
ERR13927576.21055	1535	15.4879
ERR13927576.21056	1586	18.2730
ERR13927576.21057	1584	16.6338
ERR13927576.21058	1561	17.6143
ERR13927576.21059	1585	17.7401
ERR13927576.21060	1352	19.0888
ERR13927576.21061	1593	19.1042
ERR13927576.21062	1567	16.7013
ERR13927576.21063	1568	18.4439
ERR13927576.21064	1560	19.8788
ERR13927576.21065	1556	15.5977
ERR13927576.21066	1598	19.5369
ERR13927576.21067	1570	18.3873
ERR13927576.21068	1604	15.7219
ERR13927576.21069	1575	17.5378
ERR13927576.21070	1559	16.9173
ERR13927576.21071	1536	15.6178
ERR13927576.21072	347	14.8646
ERR13927576.21073	1532	15.0405
ERR13927576.21074	1566	16.0300
ERR13927576.21075	1593	16.0452
ERR13927576.21076	1589	17.3744
ERR13927576.21077	1571	18.1820
ERR13927576.21078	1596	15.9474
ERR13927576.21079	1573	17.8862
ERR13927576.21080	1553	17.5254
ERR13927576.21081	1557	16.4284
ERR13927576.21082	1536	17.4421
ERR13927576.21083	1497	14.4997
ERR13927576.21084	1618	17.1891
ERR13927576.21085	1544	15.8536
ERR13927576.21086	1574	18.6982
ERR13927576.21087	1620	17.1778
ERR13927576.21088	1577	16.8795
ERR13927576.21089	1575	14.2025
ERR13927576.21090	1096	16.8057
ERR13927576.21091	1515	16.5419
ERR13927576.21092	1503	16.7046
ERR13927576.21093	1584	17.0751
ERR13927576.21094	1589	18.1265
ERR13927576.21095	1587	15.7902
ERR13927576.21096	1549	16.5236
ERR13927576.21097	1603	17.6344
ERR13927576.21098	1535	17.3075
ERR13927576.21099	1594	17.5433
ERR13927576.21100	1536	14.9421
ERR13927576.21101	1549	19.5416
ERR13927576.21102	1539	15.1241
ERR13927576.21103	1596	16.4511
ERR13927576.21104	1554	16.4221
ERR13927576.21105	1577	15.5263
ERR13927576.21106	1556	15.7918
ERR13927576.21107	1606	19.3973
ERR13927576.21108	1529	16.9588
ERR13927576.21109	1554	17.7497
ERR13927576.21110	1560	17.0731
ERR13927576.21111	1569	18.3123
ERR13927576.21112	1560	19.6154
ERR13927576.21113	1550	15.9574
ERR13927576.21114	1534	16.1904
ERR13927576.21115	1565	17.3572
ERR13927576.21116	1566	17.9585
ERR13927576.21117	1593	18.3635
ERR13927576.21118	1547	16.3303
ERR13927576.21119	1583	16.4352
ERR13927576.21120	1587	16.0082
ERR13927576.21121	1596	17.9373
ERR13927576.21122	1565	16.4153
ERR13927576.21123	309	16.8673
ERR13927576.21124	1575	16.3968
ERR13927576.21125	1527	15.7649
ERR13927576.21126	1579	17.5168
ERR13927576.21127	1597	17.5729
ERR13927576.21128	1554	16.1429
ERR13927576.21129	1570	15.8981
ERR13927576.21130	1581	19.3295
ERR13927576.21131	1547	18.6283
ERR13927576.21132	1539	16.4971
ERR13927576.21133	1569	18.1568
ERR13927576.21134	1554	20.0779
ERR13927576.21135	1557	18.6840
ERR13927576.21136	1587	17.6345
ERR13927576.21137	1610	16.3497
ERR13927576.21138	1546	19.2995
ERR13927576.21139	1579	15.4547
ERR13927576.21140	1564	17.0902
ERR13927576.21141	1606	18.3064
ERR13927576.21142	1612	19.5682
ERR13927576.21143	1550	18.0987
ERR13927576.21144	1554	21.9588
ERR13927576.21145	1545	16.5903
ERR13927576.21146	1535	16.1349
ERR13927576.21147	1614	16.6995
ERR13927576.21148	1563	18.2374
ERR13927576.21149	1548	15.3211
ERR13927576.21150	1600	15.5925
ERR13927576.21151	1580	15.7506
ERR13927576.21152	1553	17.9150
ERR13927576.21153	1574	16.9797
ERR13927576.21154	1584	17.7128
ERR13927576.21155	1582	18.6220
ERR13927576.21156	1550	17.3729
ERR13927576.21157	1326	16.2843
ERR13927576.21158	1566	15.2542
ERR13927576.21159	1590	20.8208
ERR13927576.21160	1540	15.6506
ERR13927576.21161	1554	16.3172
ERR13927576.21162	1581	16.1379
ERR13927576.21163	1547	15.2644
ERR13927576.21164	1579	15.7004
ERR13927576.21165	1549	16.1685
ERR13927576.21166	1261	15.3458
ERR13927576.21167	1553	16.9968
ERR13927576.21168	1572	19.2716
ERR13927576.21169	1541	18.0331
ERR13927576.21170	1557	14.1670
ERR13927576.21171	1605	16.0548
ERR13927576.21172	1553	19.3851
ERR13927576.21173	1551	15.9168
ERR13927576.21174	1569	19.8948
ERR13927576.21175	1552	16.8718
ERR13927576.21176	1554	15.3546
ERR13927576.21177	1575	17.9860
ERR13927576.21178	1580	18.3278
ERR13927576.21179	1577	18.6595
ERR13927576.21180	1589	14.1108
ERR13927576.21181	1559	17.2803
ERR13927576.21182	1565	21.3214
ERR13927576.21183	1552	17.3827
ERR13927576.21184	1570	15.9631
ERR13927576.21185	1562	19.1959
ERR13927576.21186	1581	17.8223
ERR13927576.21187	1518	17.4921
ERR13927576.21188	1588	16.0233
ERR13927576.21189	1559	16.5997
ERR13927576.21190	1486	16.3082
ERR13927576.21191	1527	17.2947
ERR13927576.21192	1526	15.3388
ERR13927576.21193	1634	18.6438
ERR13927576.21194	1568	18.3712
ERR13927576.21195	1550	16.8994
ERR13927576.21196	1579	17.0513
ERR13927576.21197	1562	17.7497
ERR13927576.21198	1549	16.5255
ERR13927576.21199	1542	17.5882
ERR13927576.21200	1571	16.9007
ERR13927576.21201	1566	17.5057
ERR13927576.21202	1550	15.3490
ERR13927576.21203	1579	15.3705
ERR13927576.21204	1592	18.9730
ERR13927576.21205	1559	18.7293
ERR13927576.21206	1580	19.2854
ERR13927576.21207	1595	17.1292
ERR13927576.21208	1543	17.5269
ERR13927576.21209	1559	18.5869
ERR13927576.21210	1562	19.6818
ERR13927576.21211	1576	19.7456
ERR13927576.21212	1438	15.3519
ERR13927576.21213	1571	18.1489
ERR13927576.21214	1552	17.5477
ERR13927576.21215	1595	16.9831
ERR13927576.21216	1586	15.7018
ERR13927576.21217	1559	18.6632
ERR13927576.21218	1561	22.0711
ERR13927576.21219	1583	18.3266
ERR13927576.21220	1547	18.1907
ERR13927576.21221	1459	16.2495
ERR13927576.21222	1537	17.7846
ERR13927576.21223	1555	20.2765
ERR13927576.21224	1560	16.6917
ERR13927576.21225	1567	20.0511
ERR13927576.21226	1569	17.3996
ERR13927576.21227	1539	16.9916
ERR13927576.21228	1557	14.7450
ERR13927576.21229	1515	15.7894
ERR13927576.21230	1572	16.6126
ERR13927576.21231	1574	18.1849
ERR13927576.21232	1591	17.7203
ERR13927576.21233	1542	16.2432
ERR13927576.21234	1583	17.2874
ERR13927576.21235	1570	16.6057
ERR13927576.21236	1562	15.2612
ERR13927576.21237	1534	16.8018
ERR13927576.21238	1561	16.8527
ERR13927576.21239	1572	18.8677
ERR13927576.21240	1588	15.9490
ERR13927576.21241	1564	17.0774
ERR13927576.21242	1517	15.9018
ERR13927576.21243	1148	16.7378
ERR13927576.21244	1542	17.5480
ERR13927576.21245	1515	18.2310
ERR13927576.21246	1532	17.9367
ERR13927576.21247	1509	15.8443
ERR13927576.21248	1606	15.9116
ERR13927576.21249	1561	19.4805
ERR13927576.21250	1583	16.4984
ERR13927576.21251	1559	16.6947
ERR13927576.21252	1508	16.6850
ERR13927576.21253	1550	19.5697
ERR13927576.21254	866	20.2390
ERR13927576.21255	1557	18.9820
ERR13927576.21256	1547	17.4822
ERR13927576.21257	1540	17.3019
ERR13927576.21258	1504	18.2161
ERR13927576.21259	1591	18.1301
ERR13927576.21260	1572	16.3168
ERR13927576.21261	1577	16.2238
ERR13927576.21262	1582	17.2244
ERR13927576.21263	530	15.8358
ERR13927576.21264	1582	18.1226
ERR13927576.21265	1603	16.1454
ERR13927576.21266	1545	16.0634
ERR13927576.21267	1612	22.3890
ERR13927576.21268	1556	18.3541
ERR13927576.21269	1544	18.0065
ERR13927576.21270	1562	18.9821
ERR13927576.21271	1576	17.5260
ERR13927576.21272	1540	20.0721
ERR13927576.21273	1560	19.7058
ERR13927576.21274	1545	16.3696
ERR13927576.21275	1607	17.8706
ERR13927576.21276	1575	16.5829
ERR13927576.21277	1548	19.6305
ERR13927576.21278	1596	20.3434
ERR13927576.21279	1587	15.9628
ERR13927576.21280	1568	16.5191
ERR13927576.21281	1591	18.8894
ERR13927576.21282	1563	19.0134
ERR13927576.21283	1567	17.6056
ERR13927576.21284	1554	15.2889
ERR13927576.21285	1557	15.5189
ERR13927576.21286	1619	18.1872
ERR13927576.21287	1565	16.7163
ERR13927576.21288	1549	15.5455
ERR13927576.21289	1531	16.8570
ERR13927576.21290	1552	17.1476
ERR13927576.21291	1568	16.7022
ERR13927576.21292	1570	17.9758
ERR13927576.21293	1593	17.5593
ERR13927576.21294	1551	16.7421
ERR13927576.21295	1209	15.7792
ERR13927576.21296	1531	16.3037
ERR13927576.21297	1560	17.6929
ERR13927576.21298	1571	16.4647
ERR13927576.21299	1573	17.7813
ERR13927576.21300	1558	15.5892
ERR13927576.21301	1552	17.9523
ERR13927576.21302	1554	16.8629
ERR13927576.21303	1567	20.4710
ERR13927576.21304	1565	17.7578
ERR13927576.21305	1582	15.1580
ERR13927576.21306	1551	16.4139
ERR13927576.21307	2353	16.0255
ERR13927576.21308	1571	17.4023
ERR13927576.21309	1567	17.9617
ERR13927576.21310	1584	17.0328
ERR13927576.21311	1572	17.5184
ERR13927576.21312	1565	15.6639
ERR13927576.21313	1609	16.9447
ERR13927576.21314	1596	16.3365
ERR13927576.21315	1006	15.6044
ERR13927576.21316	1560	17.3090
ERR13927576.21317	1579	18.2274
ERR13927576.21318	1565	21.3476
ERR13927576.21319	1547	16.8533
ERR13927576.21320	1548	15.7054
ERR13927576.21321	1595	17.4922
ERR13927576.21322	1600	20.5756
ERR13927576.21323	1574	16.4346
ERR13927576.21324	1560	17.6058
ERR13927576.21325	1581	19.5395
ERR13927576.21326	1561	18.6041
ERR13927576.21327	1564	16.0026
ERR13927576.21328	1573	15.0102
ERR13927576.21329	1555	16.2849
ERR13927576.21330	1607	21.2844
ERR13927576.21331	1582	15.8477
ERR13927576.21332	1534	16.3018
ERR13927576.21333	1529	18.6553
ERR13927576.21334	1576	15.6415
ERR13927576.21335	1576	16.0615
ERR13927576.21336	1537	18.1522
ERR13927576.21337	1559	16.6068
ERR13927576.21338	1552	18.5026
ERR13927576.21339	1613	16.6981
ERR13927576.21340	1566	20.0006
ERR13927576.21341	1557	16.1875
ERR13927576.21342	1097	16.3309
ERR13927576.21343	1530	16.1497
ERR13927576.21344	1573	18.1958
ERR13927576.21345	1605	15.8685
ERR13927576.21346	1569	15.2734
ERR13927576.21347	1558	15.9801
ERR13927576.21348	1557	18.5511
ERR13927576.21349	1619	17.2292
ERR13927576.21350	1618	16.2281
ERR13927576.21351	1591	17.0710
ERR13927576.21352	1559	19.9230
ERR13927576.21353	1611	18.6872
ERR13927576.21354	1562	21.0948
ERR13927576.21355	1556	15.6099
ERR13927576.21356	961	17.7908
ERR13927576.21357	1554	15.6120
ERR13927576.21358	1557	18.3854
ERR13927576.21359	1576	16.5799
ERR13927576.21360	1600	19.1019
ERR13927576.21361	1558	15.1457
ERR13927576.21362	1564	18.7231
ERR13927576.21363	1568	18.2902
ERR13927576.21364	1566	18.8608
ERR13927576.21365	1530	16.9229
ERR13927576.21366	1581	17.0550
ERR13927576.21367	1562	19.4008
ERR13927576.21368	1564	16.3574
ERR13927576.21369	1572	20.5394
ERR13927576.21370	1577	16.4971
ERR13927576.21371	618	17.9903
ERR13927576.21372	1578	17.6730
ERR13927576.21373	1571	17.9714
ERR13927576.21374	1508	18.8110
ERR13927576.21375	189	15.2169
ERR13927576.21376	1546	17.0770
ERR13927576.21377	1417	18.3564
ERR13927576.21378	1569	15.5895
ERR13927576.21379	1573	16.0070
ERR13927576.21380	1562	20.0250
ERR13927576.21381	1541	16.5762
ERR13927576.21382	1583	16.8939
ERR13927576.21383	1545	16.8091
ERR13927576.21384	1587	17.2552
ERR13927576.21385	1557	17.6904
ERR13927576.21386	1542	16.2990
ERR13927576.21387	1593	21.3817
ERR13927576.21388	1583	17.1055
ERR13927576.21389	1393	14.6037
ERR13927576.21390	1590	17.6987
ERR13927576.21391	1586	15.6967
ERR13927576.21392	1572	16.6705
ERR13927576.21393	1577	18.5485
ERR13927576.21394	1559	15.4490
ERR13927576.21395	1583	20.7069
ERR13927576.21396	1520	16.2454
ERR13927576.21397	1573	19.1221
ERR13927576.21398	1583	17.6961
ERR13927576.21399	1564	15.9885
ERR13927576.21400	1536	17.9714
ERR13927576.21401	1552	18.0960
ERR13927576.21402	1571	15.1725
ERR13927576.21403	1595	17.3122
ERR13927576.21404	1506	15.7490
ERR13927576.21405	1578	19.8213
ERR13927576.21406	1570	20.7745
ERR13927576.21407	1585	18.3855
ERR13927576.21408	1594	17.4548
ERR13927576.21409	1564	15.2276
ERR13927576.21410	1544	17.2053
ERR13927576.21411	1559	17.4817
ERR13927576.21412	1557	14.6474
ERR13927576.21413	1543	16.1102
ERR13927576.21414	1571	15.4965
ERR13927576.21415	1513	19.9577
ERR13927576.21416	1548	16.1169
ERR13927576.21417	1542	16.2069
ERR13927576.21418	1581	18.7672
ERR13927576.21419	1589	17.0654
ERR13927576.21420	1608	17.2568
ERR13927576.21421	1557	16.5607
ERR13927576.21422	1573	17.9797
ERR13927576.21423	1554	17.7490
ERR13927576.21424	1570	16.4006
ERR13927576.21425	1559	17.2360
ERR13927576.21426	1494	15.5074
ERR13927576.21427	1561	17.1486
ERR13927576.21428	1554	14.9260
ERR13927576.21429	1592	16.3053
ERR13927576.21430	1460	19.2541
ERR13927576.21431	1571	17.6722
ERR13927576.21432	1581	17.2151
ERR13927576.21433	1574	18.0191
ERR13927576.21434	1572	16.9122
ERR13927576.21435	1642	17.7856
ERR13927576.21436	1563	16.4044
ERR13927576.21437	1541	18.2395
ERR13927576.21438	1570	16.8204
ERR13927576.21439	1572	18.1858
ERR13927576.21440	1578	17.7820
ERR13927576.21441	1578	16.0234
ERR13927576.21442	1603	19.4354
ERR13927576.21443	1611	17.5351
ERR13927576.21444	1536	15.2207
ERR13927576.21445	1555	15.4585
ERR13927576.21446	1567	16.8411
ERR13927576.21447	1576	15.9258
ERR13927576.21448	1531	15.9360
ERR13927576.21449	1543	15.9702
ERR13927576.21450	1549	16.1343
ERR13927576.21451	1538	17.5195
ERR13927576.21452	1546	15.9728
ERR13927576.21453	1060	14.7896
ERR13927576.21454	1528	15.6656
ERR13927576.21455	1586	15.5429
ERR13927576.21456	1554	15.1364
ERR13927576.21457	1593	16.0082
ERR13927576.21458	1545	16.5612
ERR13927576.21459	1570	18.6038
ERR13927576.21460	1527	15.4538
ERR13927576.21461	1560	16.4833
ERR13927576.21462	1571	17.6741
ERR13927576.21463	709	15.9605
ERR13927576.21464	1497	15.7836
ERR13927576.21465	1560	19.8410
ERR13927576.21466	1569	17.9050
ERR13927576.21467	1552	14.6070
ERR13927576.21468	1578	15.6793
ERR13927576.21469	1579	18.8056
ERR13927576.21470	1593	14.9874
ERR13927576.21471	1547	16.8933
ERR13927576.21472	1547	17.9457
ERR13927576.21473	1550	17.6645
ERR13927576.21474	1593	17.9893
ERR13927576.21475	1531	16.8948
ERR13927576.21476	1585	17.3066
ERR13927576.21477	1559	19.4003
ERR13927576.21478	1546	17.1688
ERR13927576.21479	1582	17.5455
ERR13927576.21480	1578	17.5013
ERR13927576.21481	1541	15.3258
ERR13927576.21482	1543	17.2404
ERR13927576.21483	1528	18.5360
ERR13927576.21484	1330	16.4203
ERR13927576.21485	1569	17.7094
ERR13927576.21486	1542	18.3703
ERR13927576.21487	1560	18.1872
ERR13927576.21488	1572	18.6768
ERR13927576.21489	1559	16.8428
ERR13927576.21490	1587	19.0082
ERR13927576.21491	242	16.8926
ERR13927576.21492	1548	14.9180
ERR13927576.21493	1558	17.7458
ERR13927576.21494	1576	16.7443
ERR13927576.21495	1567	15.7664
ERR13927576.21496	1564	15.7193
ERR13927576.21497	1560	15.9615
ERR13927576.21498	1590	16.4962
ERR13927576.21499	1450	17.5393
ERR13927576.21500	1576	18.5247
ERR13927576.21501	1551	16.4139
ERR13927576.21502	1590	17.3440
ERR13927576.21503	1533	19.4834
ERR13927576.21504	1574	17.7878
ERR13927576.21505	1560	19.3474
ERR13927576.21506	1572	15.6966
ERR13927576.21507	1587	16.0151
ERR13927576.21508	1592	19.5345
ERR13927576.21509	1541	15.1973
ERR13927576.21510	1565	15.6639
ERR13927576.21511	1559	18.3175
ERR13927576.21512	1596	15.5201
ERR13927576.21513	1582	19.2010
ERR13927576.21514	1554	19.7986
ERR13927576.21515	1573	17.1716
ERR13927576.21516	1592	15.2984
ERR13927576.21517	1531	17.9092
ERR13927576.21518	1527	17.8415
ERR13927576.21519	1528	14.1865
ERR13927576.21520	1591	16.3520
ERR13927576.21521	1558	19.2291
ERR13927576.21522	1533	16.3607
ERR13927576.21523	1568	16.7647
ERR13927576.21524	1622	18.0055
ERR13927576.21525	652	17.9862
ERR13927576.21526	1567	17.6260
ERR13927576.21527	1557	14.5793
ERR13927576.21528	1595	19.8163
ERR13927576.21529	1595	16.5091
ERR13927576.21530	1541	16.9332
ERR13927576.21531	1577	18.8370
ERR13927576.21532	1597	17.9368
ERR13927576.21533	256	17.4844
ERR13927576.21534	1563	18.7793
ERR13927576.21535	1553	16.8699
ERR13927576.21536	1593	16.8374
ERR13927576.21537	1569	18.0057
ERR13927576.21538	1597	17.2129
ERR13927576.21539	1603	19.4223
ERR13927576.21540	1558	15.1386
ERR13927576.21541	1565	18.7930
ERR13927576.21542	1564	17.4124
ERR13927576.21543	580	18.8121
ERR13927576.21544	1559	16.8993
ERR13927576.21545	1077	16.3352
ERR13927576.21546	1542	18.0279
ERR13927576.21547	1576	15.9175
ERR13927576.21548	1512	15.7156
ERR13927576.21549	1594	17.4730
ERR13927576.21550	1563	17.3768
ERR13927576.21551	1529	14.4127
ERR13927576.21552	886	16.2573
ERR13927576.21553	1558	16.9499
ERR13927576.21554	1570	19.8796
ERR13927576.21555	1560	15.8763
ERR13927576.21556	1551	17.6015
ERR13927576.21557	1550	16.1613
ERR13927576.21558	1573	18.6173
ERR13927576.21559	1536	14.6745
ERR13927576.21560	1560	18.0064
ERR13927576.21561	1559	14.7293
ERR13927576.21562	1535	16.8007
ERR13927576.21563	1561	18.0679
ERR13927576.21564	1532	19.6573
ERR13927576.21565	1549	19.1956
ERR13927576.21566	1580	16.1411
ERR13927576.21567	1570	17.2395
ERR13927576.21568	1571	15.3571
ERR13927576.21569	1550	16.5600
ERR13927576.21570	1549	18.2021
ERR13927576.21571	1600	17.4144
ERR13927576.21572	1580	17.8019
ERR13927576.21573	1577	18.2930
ERR13927576.21574	1639	17.8334
ERR13927576.21575	1571	17.8994
ERR13927576.21576	1554	19.7555
ERR13927576.21577	1592	14.9253
ERR13927576.21578	1570	15.7561
ERR13927576.21579	1572	15.6406
ERR13927576.21580	1575	19.2451
ERR13927576.21581	1573	19.6186
ERR13927576.21582	1592	16.1344
ERR13927576.21583	1590	16.2296
ERR13927576.21584	1570	17.1185
ERR13927576.21585	1564	16.5972
ERR13927576.21586	1575	18.5613
ERR13927576.21587	1530	16.8163
ERR13927576.21588	1535	16.6853
ERR13927576.21589	1582	17.9292
ERR13927576.21590	1545	16.6673
ERR13927576.21591	1554	18.2375
ERR13927576.21592	1547	19.5262
ERR13927576.21593	1551	15.0374
ERR13927576.21594	1567	17.4193
ERR13927576.21595	1554	16.6287
ERR13927576.21596	1564	16.1285
ERR13927576.21597	1550	18.3026
ERR13927576.21598	1566	18.7305
ERR13927576.21599	1560	18.7173
ERR13927576.21600	1561	14.6682
ERR13927576.21601	1561	14.7245
ERR13927576.21602	1532	16.4543
ERR13927576.21603	1598	18.8479
ERR13927576.21604	1553	17.5357
ERR13927576.21605	1410	14.7950
ERR13927576.21606	1316	17.5942
ERR13927576.21607	1559	17.7171
ERR13927576.21608	1586	17.1690
ERR13927576.21609	1558	16.4153
ERR13927576.21610	1558	18.3838
ERR13927576.21611	1606	16.9695
ERR13927576.21612	1553	16.5287
ERR13927576.21613	1570	18.2038
ERR13927576.21614	1600	16.0569
ERR13927576.21615	1551	17.0542
ERR13927576.21616	1570	17.0318
ERR13927576.21617	1547	20.8119
ERR13927576.21618	1592	18.0653
ERR13927576.21619	1552	18.1701
ERR13927576.21620	1574	18.9244
ERR13927576.21621	628	17.4236
ERR13927576.21622	1577	17.1224
ERR13927576.21623	1619	17.3657
ERR13927576.21624	1526	17.5970
ERR13927576.21625	1621	15.7717
ERR13927576.21626	1226	17.0179
ERR13927576.21627	1561	14.8520
ERR13927576.21628	1575	19.3117
ERR13927576.21629	1565	15.8550
ERR13927576.21630	1522	16.6183
ERR13927576.21631	1576	18.6256
ERR13927576.21632	1563	18.3576
ERR13927576.21633	1564	18.1925
ERR13927576.21634	1554	16.4537
ERR13927576.21635	1581	17.7736
ERR13927576.21636	1565	17.5029
ERR13927576.21637	1588	18.6940
ERR13927576.21638	1529	19.2577
ERR13927576.21639	1559	16.5337
ERR13927576.21640	1543	15.4601
ERR13927576.21641	1546	16.8066
ERR13927576.21642	1585	19.6221
ERR13927576.21643	1574	19.3920
ERR13927576.21644	1533	17.2909
ERR13927576.21645	1541	16.2609
ERR13927576.21646	1596	18.0758
ERR13927576.21647	1575	15.9676
ERR13927576.21648	1554	18.3327
ERR13927576.21649	1547	18.9153
ERR13927576.21650	1602	18.5943
ERR13927576.21651	1526	17.7425
ERR13927576.21652	1537	18.5081
ERR13927576.21653	1590	18.4755
ERR13927576.21654	1562	17.5640
ERR13927576.21655	1575	15.3079
ERR13927576.21656	1539	17.5673
ERR13927576.21657	1605	16.9489
ERR13927576.21658	1563	16.5157
ERR13927576.21659	1502	15.7497
ERR13927576.21660	1573	16.5289
ERR13927576.21661	1592	17.9686
ERR13927576.21662	1586	16.7245
ERR13927576.21663	1612	17.9342
ERR13927576.21664	1533	15.0007
ERR13927576.21665	1375	16.1993
ERR13927576.21666	1559	16.7203
ERR13927576.21667	1595	18.0458
ERR13927576.21668	1541	17.8196
ERR13927576.21669	1579	16.3458
ERR13927576.21670	1560	16.0231
ERR13927576.21671	1566	17.1526
ERR13927576.21672	1564	15.6387
ERR13927576.21673	1551	16.9890
ERR13927576.21674	1512	17.4345
ERR13927576.21675	1560	16.8500
ERR13927576.21676	1545	18.2440
ERR13927576.21677	1588	16.0686
ERR13927576.21678	1581	16.3466
ERR13927576.21679	1562	16.6415
ERR13927576.21680	1577	16.3798
ERR13927576.21681	1571	15.4825
ERR13927576.21682	1546	16.6695
ERR13927576.21683	1579	18.9677
ERR13927576.21684	1560	15.8833
ERR13927576.21685	1556	16.5996
ERR13927576.21686	1581	16.7356
ERR13927576.21687	1535	16.9980
ERR13927576.21688	1558	15.4467
ERR13927576.21689	1548	17.6292
ERR13927576.21690	1529	15.3041
ERR13927576.21691	690	13.6710
ERR13927576.21692	1590	18.7220
ERR13927576.21693	1574	17.1506
ERR13927576.21694	904	17.6515
ERR13927576.21695	1581	15.7780
ERR13927576.21696	1638	18.0586
ERR13927576.21697	1576	14.9093
ERR13927576.21698	1588	18.5315
ERR13927576.21699	1556	17.7269
ERR13927576.21700	1579	20.3312
ERR13927576.21701	1548	15.1751
ERR13927576.21702	1543	17.1724
ERR13927576.21703	1559	17.7434
ERR13927576.21704	1575	16.6495
ERR13927576.21705	1555	22.0617
ERR13927576.21706	1549	17.0110
ERR13927576.21707	1609	14.2474
ERR13927576.21708	1573	15.8423
ERR13927576.21709	1567	16.8634
ERR13927576.21710	1594	16.5207
ERR13927576.21711	1565	17.2166
ERR13927576.21712	1016	18.4980
ERR13927576.21713	1541	15.2576
ERR13927576.21714	1569	17.0210
ERR13927576.21715	1565	14.9105
ERR13927576.21716	1548	15.1363
ERR13927576.21717	1587	17.0857
ERR13927576.21718	1597	16.4358
ERR13927576.21719	1572	15.2004
ERR13927576.21720	1548	16.8127
ERR13927576.21721	1551	16.5635
ERR13927576.21722	1583	15.6191
ERR13927576.21723	1577	17.2454
ERR13927576.21724	1527	16.6365
ERR13927576.21725	1535	16.7642
ERR13927576.21726	1566	15.8895
ERR13927576.21727	1580	16.8665
ERR13927576.21728	1566	16.4860
ERR13927576.21729	1545	16.2641
ERR13927576.21730	1578	19.0108
ERR13927576.21731	1540	14.9558
ERR13927576.21732	1554	15.6712
ERR13927576.21733	1559	19.2322
ERR13927576.21734	1570	19.5892
ERR13927576.21735	1569	16.6660
ERR13927576.21736	1536	14.9043
ERR13927576.21737	1532	18.7278
ERR13927576.21738	1518	18.8860
ERR13927576.21739	1573	16.5251
ERR13927576.21740	1574	17.4498
ERR13927576.21741	986	17.9412
ERR13927576.21742	1566	16.2503
ERR13927576.21743	1562	16.0243
ERR13927576.21744	1535	18.2039
ERR13927576.21745	1583	16.1503
ERR13927576.21746	1532	14.2402
ERR13927576.21747	1592	16.4133
ERR13927576.21748	1560	17.9506
ERR13927576.21749	1551	17.2482
ERR13927576.21750	1523	17.3986
ERR13927576.21751	1575	16.9035
ERR13927576.21752	1581	18.0531
ERR13927576.21753	1550	18.7716
ERR13927576.21754	1138	15.8849
ERR13927576.21755	1558	14.9692
ERR13927576.21756	1552	14.4923
ERR13927576.21757	1557	14.3976
ERR13927576.21758	1528	18.4437
ERR13927576.21759	1559	16.8704
ERR13927576.21760	1593	18.0490
ERR13927576.21761	1552	17.2829
ERR13927576.21762	1563	17.4926
ERR13927576.21763	1598	17.7672
ERR13927576.21764	1503	16.2542
ERR13927576.21765	1574	15.9041
ERR13927576.21766	1562	18.2490
ERR13927576.21767	1562	17.5327
ERR13927576.21768	1572	16.0267
ERR13927576.21769	1555	16.9100
ERR13927576.21770	1553	14.9053
ERR13927576.21771	1573	15.8411
ERR13927576.21772	1594	17.8632
ERR13927576.21773	1566	17.0338
ERR13927576.21774	1544	16.9197
ERR13927576.21775	1565	19.8045
ERR13927576.21776	1600	15.5044
ERR13927576.21777	1558	17.6072
ERR13927576.21778	1543	19.0525
ERR13927576.21779	1609	16.6314
ERR13927576.21780	1567	17.0019
ERR13927576.21781	1553	16.5448
ERR13927576.21782	1558	16.9878
ERR13927576.21783	1540	17.5286
ERR13927576.21784	1536	15.1549
ERR13927576.21785	1578	18.3714
ERR13927576.21786	1554	15.5026
ERR13927576.21787	1566	17.6086
ERR13927576.21788	1562	15.4353
ERR13927576.21789	1566	17.5051
ERR13927576.21790	1554	17.2703
ERR13927576.21791	1554	14.3970
ERR13927576.21792	1578	18.0672
ERR13927576.21793	1571	19.1591
ERR13927576.21794	1588	17.0479
ERR13927576.21795	1570	17.2325
ERR13927576.21796	1562	18.2542
ERR13927576.21797	1570	18.4019
ERR13927576.21798	1573	15.3675
ERR13927576.21799	1550	15.2271
ERR13927576.21800	1577	19.1731
ERR13927576.21801	1568	18.2679
ERR13927576.21802	1494	14.9016
ERR13927576.21803	1546	15.7322
ERR13927576.21804	1529	15.4925
ERR13927576.21805	1578	18.9924
ERR13927576.21806	1543	16.2437
ERR13927576.21807	1564	15.5313
ERR13927576.21808	1559	16.6523
ERR13927576.21809	1555	15.1865
ERR13927576.21810	1529	17.8770
ERR13927576.21811	1550	16.6716
ERR13927576.21812	1615	15.3375
ERR13927576.21813	1552	16.0354
ERR13927576.21814	1545	16.6149
ERR13927576.21815	1492	14.4960
ERR13927576.21816	1644	16.9319
ERR13927576.21817	1548	19.4884
ERR13927576.21818	1594	17.1136
ERR13927576.21819	1602	16.5599
ERR13927576.21820	1557	17.4136
ERR13927576.21821	1571	16.2355
ERR13927576.21822	1574	19.0184
ERR13927576.21823	1498	16.1662
ERR13927576.21824	1662	16.6468
ERR13927576.21825	1587	17.7921
ERR13927576.21826	1590	18.0723
ERR13927576.21827	1605	16.6536
ERR13927576.21828	1559	16.9974
ERR13927576.21829	1566	17.7478
ERR13927576.21830	1574	18.0737
ERR13927576.21831	1593	14.0132
ERR13927576.21832	1590	17.4113
ERR13927576.21833	1266	18.3017
ERR13927576.21834	1562	18.4539
ERR13927576.21835	1582	16.9684
ERR13927576.21836	1576	18.9194
ERR13927576.21837	1498	15.7957
ERR13927576.21838	1524	15.5597
ERR13927576.21839	242	15.0455
ERR13927576.21840	1576	17.8299
ERR13927576.21841	1622	19.6621
ERR13927576.21842	1529	15.1341
ERR13927576.21843	1560	16.4923
ERR13927576.21844	1566	14.8908
ERR13927576.21845	1552	19.7970
ERR13927576.21846	1550	17.6587
ERR13927576.21847	1570	16.9592
ERR13927576.21848	1581	16.2170
ERR13927576.21849	1582	17.0177
ERR13927576.21850	1570	17.4516
ERR13927576.21851	1593	14.3321
ERR13927576.21852	1566	16.6328
ERR13927576.21853	1569	18.6718
ERR13927576.21854	1586	17.4918
ERR13927576.21855	2112	20.7263
ERR13927576.21856	1557	17.9332
ERR13927576.21857	1572	14.4332
ERR13927576.21858	1585	18.0902
ERR13927576.21859	1566	21.4662
ERR13927576.21860	1547	17.0291
ERR13927576.21861	1575	15.5848
ERR13927576.21862	1537	16.5615
ERR13927576.21863	3175	15.5493
ERR13927576.21864	1524	16.2723
ERR13927576.21865	1527	15.5593
ERR13927576.21866	1565	16.7738
ERR13927576.21867	1506	14.9290
ERR13927576.21868	1567	16.2916
ERR13927576.21869	1528	16.2736
ERR13927576.21870	1536	15.5684
ERR13927576.21871	1599	15.6648
ERR13927576.21872	1557	16.2042
ERR13927576.21873	1274	18.3226
ERR13927576.21874	1593	18.5562
ERR13927576.21875	1617	18.8652
ERR13927576.21876	1541	17.1759
ERR13927576.21877	1524	19.0545
ERR13927576.21878	1558	17.0905
ERR13927576.21879	1492	14.8700
ERR13927576.21880	1542	19.2879
ERR13927576.21881	1560	16.8558
ERR13927576.21882	1572	16.5178
ERR13927576.21883	1518	16.6318
ERR13927576.21884	1562	16.6434
ERR13927576.21885	1546	16.5084
ERR13927576.21886	1152	21.4861
ERR13927576.21887	1596	17.4204
ERR13927576.21888	1562	18.8099
ERR13927576.21889	1561	16.7572
ERR13927576.21890	1595	17.7223
ERR13927576.21891	1589	20.4915
ERR13927576.21892	1525	16.0577
ERR13927576.21893	1541	15.7975
ERR13927576.21894	1585	19.1703
ERR13927576.21895	1536	16.3620
ERR13927576.21896	1556	18.5199
ERR13927576.21897	1555	18.9093
ERR13927576.21898	1539	16.1293
ERR13927576.21899	1562	16.4008
ERR13927576.21900	1569	18.4627
ERR13927576.21901	1549	17.5901
ERR13927576.21902	1584	17.8327
ERR13927576.21903	1540	16.0701
ERR13927576.21904	1549	16.8263
ERR13927576.21905	1587	18.5772
ERR13927576.21906	1587	17.5961
ERR13927576.21907	1530	20.5895
ERR13927576.21908	1584	19.7828
ERR13927576.21909	1597	17.0119
ERR13927576.21910	1545	17.4155
ERR13927576.21911	265	15.3170
ERR13927576.21912	1558	16.7863
ERR13927576.21913	1535	17.7759
ERR13927576.21914	1573	20.5613
ERR13927576.21915	1571	18.2463
ERR13927576.21916	1569	15.6176
ERR13927576.21917	1566	16.2886
ERR13927576.21918	1556	16.9762
ERR13927576.21919	1510	15.6702
ERR13927576.21920	1587	16.2029
ERR13927576.21921	1572	18.0948
ERR13927576.21922	1558	16.8736
ERR13927576.21923	1514	14.3593
ERR13927576.21924	1564	18.9584
ERR13927576.21925	1526	18.9017
ERR13927576.21926	1588	16.3123
ERR13927576.21927	1567	17.6075
ERR13927576.21928	1553	15.2183
ERR13927576.21929	1596	16.6855
ERR13927576.21930	1548	17.6757
ERR13927576.21931	1570	19.2573
ERR13927576.21932	1161	15.5805
ERR13927576.21933	1552	15.2242
ERR13927576.21934	1555	18.8868
ERR13927576.21935	1527	15.4014
ERR13927576.21936	1562	17.7337
ERR13927576.21937	1566	16.1328
ERR13927576.21938	1563	16.3397
ERR13927576.21939	1576	15.5673
ERR13927576.21940	1533	14.5349
ERR13927576.21941	1585	16.5931
ERR13927576.21942	1565	15.9246
ERR13927576.21943	1527	16.9181
ERR13927576.21944	1575	20.5225
ERR13927576.21945	1548	15.3792
ERR13927576.21946	1581	15.0500
ERR13927576.21947	1557	17.6782
ERR13927576.21948	1542	19.4877
ERR13927576.21949	1560	19.4660
ERR13927576.21950	1568	16.9216
ERR13927576.21951	1573	20.5728
ERR13927576.21952	1612	17.1414
ERR13927576.21953	1584	18.3927
ERR13927576.21954	1578	15.9696
ERR13927576.21955	1536	18.9102
ERR13927576.21956	1553	15.7289
ERR13927576.21957	1560	17.9000
ERR13927576.21958	1591	14.9290
ERR13927576.21959	1582	16.8154
ERR13927576.21960	1544	19.1503
ERR13927576.21961	1540	16.0929
ERR13927576.21962	1555	16.5852
ERR13927576.21963	1568	17.7264
ERR13927576.21964	1569	16.3932
ERR13927576.21965	1499	16.2488
ERR13927576.21966	1584	16.6402
ERR13927576.21967	1574	14.0152
ERR13927576.21968	1583	17.7498
ERR13927576.21969	1568	14.8960
ERR13927576.21970	1500	14.6880
ERR13927576.21971	1567	16.8181
ERR13927576.21972	1539	15.4113
ERR13927576.21973	1547	20.0537
ERR13927576.21974	1531	16.5865
ERR13927576.21975	1575	16.5397
ERR13927576.21976	1572	16.7246
ERR13927576.21977	1551	16.8343
ERR13927576.21978	1526	18.0721
ERR13927576.21979	1568	18.8495
ERR13927576.21980	1601	18.6159
ERR13927576.21981	1567	16.4825
ERR13927576.21982	923	17.3489
ERR13927576.21983	1597	19.8741
ERR13927576.21984	1558	21.1701
ERR13927576.21985	1589	17.7470
ERR13927576.21986	1566	16.3883
ERR13927576.21987	1561	16.7745
ERR13927576.21988	1568	18.6486
ERR13927576.21989	1556	19.2275
ERR13927576.21990	1569	16.7897
ERR13927576.21991	1533	17.1807
ERR13927576.21992	1559	15.8480
ERR13927576.21993	1557	18.7091
ERR13927576.21994	1604	15.4807
ERR13927576.21995	1530	15.5850
ERR13927576.21996	1565	17.8843
ERR13927576.21997	1537	15.7502
ERR13927576.21998	1589	18.4336
ERR13927576.21999	1542	17.6952
ERR13927576.22000	1552	15.5851
ERR13927576.22001	1545	17.9139
ERR13927576.22002	1664	15.6617
ERR13927576.22003	1557	16.1773
ERR13927576.22004	1527	15.7518
ERR13927576.22005	1559	17.1244
ERR13927576.22006	1572	14.9790
ERR13927576.22007	1554	17.8288
ERR13927576.22008	1559	16.3996
ERR13927576.22009	1562	15.4802
ERR13927576.22010	1546	16.2574
ERR13927576.22011	1590	17.5899
ERR13927576.22012	1549	17.0065
ERR13927576.22013	1607	15.5016
ERR13927576.22014	1596	17.1128
ERR13927576.22015	1558	18.7323
ERR13927576.22016	1586	15.0561
ERR13927576.22017	1535	16.6287
ERR13927576.22018	1566	17.3959
ERR13927576.22019	1521	17.0572
ERR13927576.22020	1538	14.9831
ERR13927576.22021	1191	18.0126
ERR13927576.22022	1583	17.2451
ERR13927576.22023	1587	18.3636
ERR13927576.22024	1571	16.4265
ERR13927576.22025	1561	19.1070
ERR13927576.22026	1555	20.2662
ERR13927576.22027	1542	17.3080
ERR13927576.22028	1609	18.3070
ERR13927576.22029	1571	19.3087
ERR13927576.22030	1604	17.4358
ERR13927576.22031	1497	15.5578
ERR13927576.22032	1587	17.2583
ERR13927576.22033	1216	17.4539
ERR13927576.22034	1548	17.8598
ERR13927576.22035	1541	16.3245
ERR13927576.22036	1581	18.2764
ERR13927576.22037	1584	15.1395
ERR13927576.22038	1551	18.1457
ERR13927576.22039	1588	14.7890
ERR13927576.22040	1605	18.8336
ERR13927576.22041	1533	15.1670
ERR13927576.22042	1575	17.9606
ERR13927576.22043	1566	19.5102
ERR13927576.22044	1540	15.2539
ERR13927576.22045	1554	16.0000
ERR13927576.22046	1555	17.1878
ERR13927576.22047	1583	17.7145
ERR13927576.22048	1556	17.0045
ERR13927576.22049	1544	18.0758
ERR13927576.22050	1561	16.0666
ERR13927576.22051	1554	16.2741
ERR13927576.22052	1538	17.0104
ERR13927576.22053	1537	19.9278
ERR13927576.22054	981	19.5851
ERR13927576.22055	1567	20.1315
ERR13927576.22056	1549	15.4706
ERR13927576.22057	267	15.9963
ERR13927576.22058	1546	15.5291
ERR13927576.22059	1588	16.1795
ERR13927576.22060	1547	15.3891
ERR13927576.22061	1613	16.7415
ERR13927576.22062	1586	15.7352
ERR13927576.22063	1565	18.1482
ERR13927576.22064	1581	17.9532
ERR13927576.22065	1571	16.6614
ERR13927576.22066	1550	14.8574
ERR13927576.22067	1565	18.4946
ERR13927576.22068	1571	16.8453
ERR13927576.22069	1555	18.9061
ERR13927576.22070	1577	17.8586
ERR13927576.22071	1564	17.3382
ERR13927576.22072	1562	17.8790
ERR13927576.22073	1558	18.2535
ERR13927576.22074	1580	19.6373
ERR13927576.22075	1556	20.1844
ERR13927576.22076	1617	17.0810
ERR13927576.22077	1559	16.7838
ERR13927576.22078	1316	17.9658
ERR13927576.22079	1609	15.5320
ERR13927576.22080	1571	17.4131
ERR13927576.22081	1580	15.4671
ERR13927576.22082	1577	16.0349
ERR13927576.22083	1540	17.7727
ERR13927576.22084	1579	19.2318
ERR13927576.22085	1541	16.5328
ERR13927576.22086	1549	16.0194
ERR13927576.22087	1569	17.1797
ERR13927576.22088	1538	15.6593
ERR13927576.22089	1546	15.5446
ERR13927576.22090	1580	15.7646
ERR13927576.22091	1596	14.6297
ERR13927576.22092	1576	17.8204
ERR13927576.22093	1555	18.4296
ERR13927576.22094	1533	16.9139
ERR13927576.22095	1561	14.1896
ERR13927576.22096	1567	17.6414
ERR13927576.22097	1547	19.5669
ERR13927576.22098	1575	15.4057
ERR13927576.22099	1533	16.0515
ERR13927576.22100	1572	15.7551
ERR13927576.22101	1590	16.1969
ERR13927576.22102	1563	17.8746
ERR13927576.22103	1562	16.3412
ERR13927576.22104	1575	19.0051
ERR13927576.22105	1556	20.6748
ERR13927576.22106	1548	20.2519
ERR13927576.22107	1576	17.1536
ERR13927576.22108	1578	18.6673
ERR13927576.22109	1551	16.8214
ERR13927576.22110	1581	16.8267
ERR13927576.22111	1584	16.0669
ERR13927576.22112	1529	16.7390
ERR13927576.22113	1565	18.8543
ERR13927576.22114	1526	15.5000
ERR13927576.22115	1542	15.1187
ERR13927576.22116	1487	17.2502
ERR13927576.22117	1549	16.8425
ERR13927576.22118	1556	14.9711
ERR13927576.22119	1544	16.4896
ERR13927576.22120	1590	15.6956
ERR13927576.22121	1576	15.6853
ERR13927576.22122	1567	15.1851
ERR13927576.22123	1536	16.6048
ERR13927576.22124	1558	18.7253
ERR13927576.22125	1552	17.7236
ERR13927576.22126	1558	17.0116
ERR13927576.22127	1527	17.9391
ERR13927576.22128	1554	18.1532
ERR13927576.22129	1550	15.7097
ERR13927576.22130	1548	14.5187
ERR13927576.22131	1569	16.5354
ERR13927576.22132	1561	16.5426
ERR13927576.22133	1557	17.4444
ERR13927576.22134	1639	18.0586
ERR13927576.22135	1602	18.1542
ERR13927576.22136	1561	18.8744
ERR13927576.22137	1558	16.5700
ERR13927576.22138	1560	16.1878
ERR13927576.22139	1573	17.9072
ERR13927576.22140	1585	16.5779
ERR13927576.22141	1554	16.2413
ERR13927576.22142	1564	16.3267
ERR13927576.22143	1533	15.2896
ERR13927576.22144	1590	15.7145
ERR13927576.22145	1549	17.7444
ERR13927576.22146	642	18.6293
ERR13927576.22147	1525	17.1534
ERR13927576.22148	1544	16.5505
ERR13927576.22149	1563	17.9910
ERR13927576.22150	1590	20.0340
ERR13927576.22151	1551	16.3185
ERR13927576.22152	1553	16.5473
ERR13927576.22153	1556	18.4846
ERR13927576.22154	1559	17.7152
ERR13927576.22155	1560	16.0026
ERR13927576.22156	1564	15.7327
ERR13927576.22157	1577	16.9074
ERR13927576.22158	1558	16.0456
ERR13927576.22159	1563	17.3295
ERR13927576.22160	1558	17.3504
ERR13927576.22161	1557	19.5954
ERR13927576.22162	1593	15.3465
ERR13927576.22163	1580	17.0690
ERR13927576.22164	1573	17.0915
ERR13927576.22165	1554	16.8571
ERR13927576.22166	1556	16.4884
ERR13927576.22167	1585	17.3628
ERR13927576.22168	1586	16.9943
ERR13927576.22169	1556	15.7596
ERR13927576.22170	1585	16.4820
ERR13927576.22171	1575	16.8851
ERR13927576.22172	1581	17.3125
ERR13927576.22173	1559	17.7139
ERR13927576.22174	1550	16.8232
ERR13927576.22175	1593	17.8230
ERR13927576.22176	1580	17.1494
ERR13927576.22177	1623	15.5508
ERR13927576.22178	1568	17.7915
ERR13927576.22179	1554	15.6718
ERR13927576.22180	1568	17.7085
ERR13927576.22181	1565	16.5891
ERR13927576.22182	1590	21.3541
ERR13927576.22183	1570	18.7223
ERR13927576.22184	1529	16.4630
ERR13927576.22185	1584	15.9280
ERR13927576.22186	1605	16.4199
ERR13927576.22187	526	15.9163
ERR13927576.22188	1552	15.6282
ERR13927576.22189	1519	18.2469
ERR13927576.22190	1556	19.5463
ERR13927576.22191	1576	18.8934
ERR13927576.22192	1548	16.5026
ERR13927576.22193	1462	16.2155
ERR13927576.22194	1570	16.4051
ERR13927576.22195	1585	15.9104
ERR13927576.22196	1544	15.1528
ERR13927576.22197	1522	17.3318
ERR13927576.22198	1519	15.9190
ERR13927576.22199	1576	17.0178
ERR13927576.22200	1554	16.3784
ERR13927576.22201	1523	18.1110
ERR13927576.22202	1535	14.3726
ERR13927576.22203	1550	16.6929
ERR13927576.22204	1537	18.3839
ERR13927576.22205	1583	18.8724
ERR13927576.22206	1564	15.8990
ERR13927576.22207	1582	19.4551
ERR13927576.22208	1604	14.9034
ERR13927576.22209	1533	15.9785
ERR13927576.22210	1560	19.7218
ERR13927576.22211	1586	15.9842
ERR13927576.22212	1584	16.8788
ERR13927576.22213	229	14.0393
ERR13927576.22214	1614	19.0682
ERR13927576.22215	1560	19.4090
ERR13927576.22216	584	16.2209
ERR13927576.22217	1587	19.2275
ERR13927576.22218	1544	14.8277
ERR13927576.22219	1596	15.4029
ERR13927576.22220	1584	17.0619
ERR13927576.22221	1571	17.2292
ERR13927576.22222	1586	20.6545
ERR13927576.22223	1595	15.9561
ERR13927576.22224	1531	16.2965
ERR13927576.22225	1560	17.8410
ERR13927576.22226	1566	19.1028
ERR13927576.22227	1547	17.8817
ERR13927576.22228	1468	16.9782
ERR13927576.22229	1620	17.0747
ERR13927576.22230	1559	16.9025
ERR13927576.22231	1576	18.6783
ERR13927576.22232	1442	19.3107
ERR13927576.22233	1551	15.3972
ERR13927576.22234	1563	16.4984
ERR13927576.22235	1583	15.5041
ERR13927576.22236	1570	16.1318
ERR13927576.22237	1551	16.6306
ERR13927576.22238	1491	16.0684
ERR13927576.22239	1621	17.5848
ERR13927576.22240	1566	19.2676
ERR13927576.22241	1604	18.0162
ERR13927576.22242	1604	16.7606
ERR13927576.22243	1575	17.1911
ERR13927576.22244	1636	18.1381
ERR13927576.22245	1559	16.9153
ERR13927576.22246	1565	17.3188
ERR13927576.22247	1619	19.4287
ERR13927576.22248	1585	18.5653
ERR13927576.22249	1563	15.1638
ERR13927576.22250	1548	14.8088
ERR13927576.22251	1570	18.0930
ERR13927576.22252	1565	14.3086
ERR13927576.22253	1561	17.8616
ERR13927576.22254	1538	16.4057
ERR13927576.22255	1416	18.0261
ERR13927576.22256	1533	17.0378
ERR13927576.22257	1534	18.3370
ERR13927576.22258	1578	18.5399
ERR13927576.22259	1545	18.8803
ERR13927576.22260	1576	16.3674
ERR13927576.22261	1589	16.5154
ERR13927576.22262	1578	16.5368
ERR13927576.22263	1539	15.7199
ERR13927576.22264	1566	19.8499
ERR13927576.22265	1568	19.1888
ERR13927576.22266	1557	15.1856
ERR13927576.22267	1517	16.2057
ERR13927576.22268	1570	17.5490
ERR13927576.22269	1541	16.6684
ERR13927576.22270	1539	18.3860
ERR13927576.22271	1535	18.5316
ERR13927576.22272	1547	17.7401
ERR13927576.22273	1580	16.4595
ERR13927576.22274	1598	18.1202
ERR13927576.22275	1542	15.5992
ERR13927576.22276	1578	15.3118
ERR13927576.22277	1556	14.9608
ERR13927576.22278	1585	20.9054
ERR13927576.22279	1590	18.4220
ERR13927576.22280	1562	15.8227
ERR13927576.22281	1532	17.2963
ERR13927576.22282	1571	16.2158
ERR13927576.22283	1555	17.4887
ERR13927576.22284	1566	15.8570
ERR13927576.22285	1531	16.8713
ERR13927576.22286	1545	18.8434
ERR13927576.22287	1582	18.3780
ERR13927576.22288	1571	18.7295
ERR13927576.22289	1566	19.0594
ERR13927576.22290	1561	16.3824
ERR13927576.22291	1543	16.3610
ERR13927576.22292	1588	17.7664
ERR13927576.22293	1540	16.2156
ERR13927576.22294	1541	18.6288
ERR13927576.22295	1520	14.5928
ERR13927576.22296	1531	15.5892
ERR13927576.22297	1546	16.5278
ERR13927576.22298	1570	16.0701
ERR13927576.22299	1540	20.1110
ERR13927576.22300	1598	17.7253
ERR13927576.22301	1589	18.9239
ERR13927576.22302	1577	17.0336
ERR13927576.22303	1556	15.2712
ERR13927576.22304	1548	18.2726
ERR13927576.22305	1531	16.7178
ERR13927576.22306	1578	17.1616
ERR13927576.22307	1527	17.5108
ERR13927576.22308	1566	17.4559
ERR13927576.22309	1533	17.0522
ERR13927576.22310	1544	16.5453
ERR13927576.22311	1578	17.4880
ERR13927576.22312	1578	17.6965
ERR13927576.22313	1546	17.9023
ERR13927576.22314	1544	15.9398
ERR13927576.22315	1625	17.5188
ERR13927576.22316	1560	19.2192
ERR13927576.22317	1578	16.7484
ERR13927576.22318	1581	16.7476
ERR13927576.22319	1576	16.8154
ERR13927576.22320	1607	15.7704
ERR13927576.22321	1517	15.7785
ERR13927576.22322	1558	16.1560
ERR13927576.22323	1586	15.9338
ERR13927576.22324	1558	17.7863
ERR13927576.22325	1550	15.8413
ERR13927576.22326	1543	17.8963
ERR13927576.22327	1529	19.1406
ERR13927576.22328	1565	18.0754
ERR13927576.22329	1569	16.0408
ERR13927576.22330	1566	17.0849
ERR13927576.22331	1528	16.0596
ERR13927576.22332	1581	18.3561
ERR13927576.22333	1559	16.2348
ERR13927576.22334	1548	15.4864
ERR13927576.22335	1656	17.2059
ERR13927576.22336	1577	18.8269
ERR13927576.22337	1236	16.6141
ERR13927576.22338	1584	18.6174
ERR13927576.22339	795	18.6679
ERR13927576.22340	1536	19.5527
ERR13927576.22341	1577	15.8459
ERR13927576.22342	1590	19.5623
ERR13927576.22343	1599	20.7724
ERR13927576.22344	1582	15.3976
ERR13927576.22345	1570	16.0796
ERR13927576.22346	1537	16.0358
ERR13927576.22347	1553	16.3194
ERR13927576.22348	1582	15.9842
ERR13927576.22349	1569	16.9261
ERR13927576.22350	1588	15.3659
ERR13927576.22351	1569	18.8795
ERR13927576.22352	1504	18.7294
ERR13927576.22353	1507	15.9967
ERR13927576.22354	1534	19.4237
ERR13927576.22355	1559	18.8948
ERR13927576.22356	697	16.3615
ERR13927576.22357	1553	16.8422
ERR13927576.22358	1592	17.6589
ERR13927576.22359	1567	18.5067
ERR13927576.22360	1529	15.9464
ERR13927576.22361	1594	17.3877
ERR13927576.22362	1556	15.4467
ERR13927576.22363	1544	15.0058
ERR13927576.22364	1542	19.0720
ERR13927576.22365	1507	15.1068
ERR13927576.22366	1552	16.6817
ERR13927576.22367	1542	17.0772
ERR13927576.22368	1556	16.3432
ERR13927576.22369	1579	17.1963
ERR13927576.22370	1571	17.2457
ERR13927576.22371	1254	20.2145
ERR13927576.22372	1532	16.9569
ERR13927576.22373	1574	16.0133
ERR13927576.22374	1548	19.4147
ERR13927576.22375	1537	19.9447
ERR13927576.22376	1555	17.4148
ERR13927576.22377	1569	16.4379
ERR13927576.22378	1583	18.8566
ERR13927576.22379	1584	17.5701
ERR13927576.22380	1582	18.2560
ERR13927576.22381	1542	19.3846
ERR13927576.22382	1493	14.8721
ERR13927576.22383	1556	17.2963
ERR13927576.22384	1562	15.0493
ERR13927576.22385	1579	17.9943
ERR13927576.22386	1516	17.8054
ERR13927576.22387	1566	19.0926
ERR13927576.22388	1560	16.2801
ERR13927576.22389	1551	15.4597
ERR13927576.22390	1602	16.2503
ERR13927576.22391	1571	17.1725
ERR13927576.22392	1561	15.3703
ERR13927576.22393	1573	18.7190
ERR13927576.22394	1583	15.2514
ERR13927576.22395	1517	17.1905
ERR13927576.22396	1554	15.8134
ERR13927576.22397	1601	17.7121
ERR13927576.22398	1567	16.8787
ERR13927576.22399	1541	17.0714
ERR13927576.22400	964	15.8952
ERR13927576.22401	1588	16.2393
ERR13927576.22402	1572	15.4268
ERR13927576.22403	1553	21.1198
ERR13927576.22404	1575	16.5232
ERR13927576.22405	1569	18.4761
ERR13927576.22406	1561	20.1499
ERR13927576.22407	1575	17.7067
ERR13927576.22408	1609	19.0752
ERR13927576.22409	1560	15.8769
ERR13927576.22410	1561	17.7623
ERR13927576.22411	1559	16.8409
ERR13927576.22412	1569	19.3588
ERR13927576.22413	1585	16.1691
ERR13927576.22414	1552	17.2313
ERR13927576.22415	1567	17.1953
ERR13927576.22416	1569	17.9898
ERR13927576.22417	1549	15.5539
ERR13927576.22418	1565	16.3310
ERR13927576.22419	1239	20.5182
ERR13927576.22420	1637	16.3415
ERR13927576.22421	1528	17.8868
ERR13927576.22422	1593	17.2536
ERR13927576.22423	1563	18.1107
ERR13927576.22424	1535	16.5792
ERR13927576.22425	1563	16.3141
ERR13927576.22426	1517	15.9591
ERR13927576.22427	1564	18.1982
ERR13927576.22428	1482	16.1559
ERR13927576.22429	1572	17.8702
ERR13927576.22430	990	18.3939
ERR13927576.22431	1558	20.3068
ERR13927576.22432	1563	18.3775
ERR13927576.22433	1537	16.8894
ERR13927576.22434	1562	15.2196
ERR13927576.22435	1562	16.4264
ERR13927576.22436	1522	15.9323
ERR13927576.22437	1541	16.2927
ERR13927576.22438	1564	17.5639
ERR13927576.22439	1043	16.4247
ERR13927576.22440	1574	15.7986
ERR13927576.22441	1566	16.9317
ERR13927576.22442	1581	18.8191
ERR13927576.22443	1570	16.9006
ERR13927576.22444	1611	16.1620
ERR13927576.22445	1563	18.7153
ERR13927576.22446	1573	19.3617
ERR13927576.22447	1536	16.3444
ERR13927576.22448	1569	16.0663
ERR13927576.22449	1560	18.7115
ERR13927576.22450	1583	16.6759
ERR13927576.22451	1585	19.2669
ERR13927576.22452	1514	15.8428
ERR13927576.22453	1567	19.2770
ERR13927576.22454	1569	20.7884
ERR13927576.22455	1524	17.4587
ERR13927576.22456	1594	15.9906
ERR13927576.22457	1542	15.8301
ERR13927576.22458	1163	18.9441
ERR13927576.22459	1602	16.6311
ERR13927576.22460	1531	17.8138
ERR13927576.22461	1529	15.2668
ERR13927576.22462	1570	19.3376
ERR13927576.22463	1563	18.8241
ERR13927576.22464	1566	17.8550
ERR13927576.22465	1617	18.9697
ERR13927576.22466	1556	17.6857
ERR13927576.22467	1029	15.9339
ERR13927576.22468	1572	16.3893
ERR13927576.22469	1579	17.9240
ERR13927576.22470	1546	17.1235
ERR13927576.22471	1585	18.0341
ERR13927576.22472	1569	17.8566
ERR13927576.22473	1561	17.2562
ERR13927576.22474	1582	16.4090
ERR13927576.22475	1559	17.9782
ERR13927576.22476	1546	17.4890
ERR13927576.22477	1588	19.6543
ERR13927576.22478	1533	19.7025
ERR13927576.22479	1567	17.6362
ERR13927576.22480	1521	17.4431
ERR13927576.22481	1559	16.5382
ERR13927576.22482	1533	15.4410
ERR13927576.22483	1454	14.7930
ERR13927576.22484	1531	19.0261
ERR13927576.22485	1557	16.9428
ERR13927576.22486	1532	15.3936
ERR13927576.22487	1403	16.7627
ERR13927576.22488	1580	16.1443
ERR13927576.22489	1548	16.4218
ERR13927576.22490	1584	16.2064
ERR13927576.22491	1567	17.4218
ERR13927576.22492	1547	15.9114
ERR13927576.22493	1570	16.4975
ERR13927576.22494	1561	16.4792
ERR13927576.22495	1557	17.6705
ERR13927576.22496	1571	15.2871
ERR13927576.22497	1575	18.0413
ERR13927576.22498	1553	18.7244
ERR13927576.22499	1560	16.7910
ERR13927576.22500	1546	16.3946
ERR13927576.22501	1564	14.9687
ERR13927576.22502	1614	20.7646
ERR13927576.22503	1574	19.3272
ERR13927576.22504	354	16.6328
ERR13927576.22505	1533	16.0587
ERR13927576.22506	1577	17.7717
ERR13927576.22507	1557	17.3642
ERR13927576.22508	1539	17.5867
ERR13927576.22509	1562	16.7010
ERR13927576.22510	1539	18.1118
ERR13927576.22511	1239	19.0161
ERR13927576.22512	1527	17.2600
ERR13927576.22513	1560	17.7603
ERR13927576.22514	1565	17.2249
ERR13927576.22515	1564	14.6982
ERR13927576.22516	1560	15.5686
ERR13927576.22517	1583	18.2243
ERR13927576.22518	1602	16.8689
ERR13927576.22519	1556	16.0013
ERR13927576.22520	1581	19.6996
ERR13927576.22521	1547	17.5934
ERR13927576.22522	1555	16.6103
ERR13927576.22523	1518	15.5415
ERR13927576.22524	1564	17.0051
ERR13927576.22525	1194	15.0678
ERR13927576.22526	1069	17.2629
ERR13927576.22527	1577	17.1985
ERR13927576.22528	1568	16.5191
ERR13927576.22529	1542	17.1628
ERR13927576.22530	1558	18.8723
ERR13927576.22531	1615	18.0124
ERR13927576.22532	1550	17.5394
ERR13927576.22533	1532	16.9556
ERR13927576.22534	1569	15.7285
ERR13927576.22535	298	18.0772
ERR13927576.22536	1541	15.4263
ERR13927576.22537	1544	17.9210
ERR13927576.22538	1554	17.0135
ERR13927576.22539	1550	19.6252
ERR13927576.22540	1569	16.1109
ERR13927576.22541	916	17.8210
ERR13927576.22542	1051	16.1922
ERR13927576.22543	1564	16.5965
ERR13927576.22544	1557	15.7759
ERR13927576.22545	943	15.9873
ERR13927576.22546	1627	18.6675
ERR13927576.22547	1579	18.5757
ERR13927576.22548	1694	17.6033
ERR13927576.22549	1565	18.7195
ERR13927576.22550	1558	17.1489
ERR13927576.22551	1543	17.2670
ERR13927576.22552	1550	18.0348
ERR13927576.22553	1500	18.0793
ERR13927576.22554	1574	16.7529
ERR13927576.22555	1588	17.6921
ERR13927576.22556	525	16.7352
ERR13927576.22557	1576	17.6523
ERR13927576.22558	1548	17.5872
ERR13927576.22559	1561	16.1095
ERR13927576.22560	1545	18.4893
ERR13927576.22561	1534	14.8598
ERR13927576.22562	1598	18.2866
ERR13927576.22563	1562	17.4149
ERR13927576.22564	1554	17.5135
ERR13927576.22565	1538	15.6463
ERR13927576.22566	1563	19.6513
ERR13927576.22567	1571	19.2272
ERR13927576.22568	1532	17.9713
ERR13927576.22569	1520	17.5197
ERR13927576.22570	1545	16.4129
ERR13927576.22571	1562	15.1639
ERR13927576.22572	1567	15.6969
ERR13927576.22573	1588	15.8741
ERR13927576.22574	1581	17.4010
ERR13927576.22575	1566	17.6098
ERR13927576.22576	1557	16.5042
ERR13927576.22577	1570	16.5981
ERR13927576.22578	1525	16.8092
ERR13927576.22579	1559	16.3695
ERR13927576.22580	1554	16.7780
ERR13927576.22581	693	16.2626
ERR13927576.22582	1554	16.0006
ERR13927576.22583	1546	17.3072
ERR13927576.22584	1609	17.6265
ERR13927576.22585	1545	16.2220
ERR13927576.22586	1546	15.6436
ERR13927576.22587	1562	18.3041
ERR13927576.22588	1296	15.6721
ERR13927576.22589	356	13.5365
ERR13927576.22590	1603	16.4610
ERR13927576.22591	1615	18.6898
ERR13927576.22592	1570	18.8280
ERR13927576.22593	1588	17.8841
ERR13927576.22594	1541	18.6243
ERR13927576.22595	1542	16.5519
ERR13927576.22596	526	16.5856
ERR13927576.22597	1550	19.9142
ERR13927576.22598	1582	18.1226
ERR13927576.22599	1505	16.6930
ERR13927576.22600	1502	14.6724
ERR13927576.22601	1534	19.0189
ERR13927576.22602	1556	17.9518
ERR13927576.22603	976	17.0164
ERR13927576.22604	1585	18.2233
ERR13927576.22605	1540	16.7273
ERR13927576.22606	1572	17.0623
ERR13927576.22607	1629	17.5881
ERR13927576.22608	1574	16.1398
ERR13927576.22609	1582	16.2958
ERR13927576.22610	1365	17.8535
ERR13927576.22611	1615	15.8805
ERR13927576.22612	1553	15.5602
ERR13927576.22613	1543	17.5081
ERR13927576.22614	1527	16.9267
ERR13927576.22615	1565	16.2358
ERR13927576.22616	1575	19.9010
ERR13927576.22617	1599	16.0738
ERR13927576.22618	1543	17.6695
ERR13927576.22619	1589	15.0252
ERR13927576.22620	1602	16.6080
ERR13927576.22621	1574	18.1207
ERR13927576.22622	1560	17.6237
ERR13927576.22623	1586	16.2888
ERR13927576.22624	1553	16.3117
ERR13927576.22625	1531	14.8197
ERR13927576.22626	1550	15.9813
ERR13927576.22627	1559	14.2117
ERR13927576.22628	1571	17.9936
ERR13927576.22629	1568	16.9860
ERR13927576.22630	1569	16.9694
ERR13927576.22631	1536	16.9329
ERR13927576.22632	1576	18.3832
ERR13927576.22633	1460	17.0979
ERR13927576.22634	1576	16.2138
ERR13927576.22635	1559	18.3509
ERR13927576.22636	1581	17.3858
ERR13927576.22637	1550	15.7161
ERR13927576.22638	1583	18.6949
ERR13927576.22639	1570	15.7274
ERR13927576.22640	1569	16.0395
ERR13927576.22641	1580	17.1753
ERR13927576.22642	1572	17.2863
ERR13927576.22643	1552	18.3769
ERR13927576.22644	298	13.5336
ERR13927576.22645	1569	19.1338
ERR13927576.22646	1580	18.7620
ERR13927576.22647	1562	17.9616
ERR13927576.22648	1570	17.3376
ERR13927576.22649	1566	16.9272
ERR13927576.22650	1541	17.5529
ERR13927576.22651	1584	15.7165
ERR13927576.22652	1552	15.7552
ERR13927576.22653	1564	16.2027
ERR13927576.22654	1573	14.1341
ERR13927576.22655	1545	18.6822
ERR13927576.22656	1588	16.6411
ERR13927576.22657	1523	15.2804
ERR13927576.22658	1540	16.5253
ERR13927576.22659	621	13.1417
ERR13927576.22660	1565	18.3048
ERR13927576.22661	1594	17.3689
ERR13927576.22662	1588	16.5579
ERR13927576.22663	1584	19.8194
ERR13927576.22664	1584	19.4583
ERR13927576.22665	1570	18.8140
ERR13927576.22666	1559	16.5433
ERR13927576.22667	1571	17.9987
ERR13927576.22668	1577	17.9753
ERR13927576.22669	1565	17.3949
ERR13927576.22670	1558	20.0950
ERR13927576.22671	1546	20.2290
ERR13927576.22672	1528	15.9797
ERR13927576.22673	1577	17.4166
ERR13927576.22674	1559	18.3829
ERR13927576.22675	1566	14.4189
ERR13927576.22676	1500	16.8973
ERR13927576.22677	1583	19.0082
ERR13927576.22678	1583	17.0019
ERR13927576.22679	1543	16.8918
ERR13927576.22680	1518	17.9084
ERR13927576.22681	1523	16.7157
ERR13927576.22682	1573	16.4005
ERR13927576.22683	1578	17.1895
ERR13927576.22684	1524	15.9075
ERR13927576.22685	1551	15.4881
ERR13927576.22686	1583	18.3285
ERR13927576.22687	1580	17.7266
ERR13927576.22688	1601	18.6721
ERR13927576.22689	1566	18.5530
ERR13927576.22690	1563	16.3429
ERR13927576.22691	1185	18.1578
ERR13927576.22692	795	15.9597
ERR13927576.22693	1559	17.7267
ERR13927576.22694	1541	18.2193
ERR13927576.22695	1563	16.2284
ERR13927576.22696	1583	18.3847
ERR13927576.22697	1562	15.8054
ERR13927576.22698	1558	16.6021
ERR13927576.22699	1544	15.5240
ERR13927576.22700	1570	16.0178
ERR13927576.22701	1516	15.4670
ERR13927576.22702	1547	15.5398
ERR13927576.22703	1574	16.6874
ERR13927576.22704	1577	17.2238
ERR13927576.22705	1564	18.7781
ERR13927576.22706	1550	14.6748
ERR13927576.22707	1566	15.7554
ERR13927576.22708	1589	17.7281
ERR13927576.22709	1559	17.2354
ERR13927576.22710	1548	18.1479
ERR13927576.22711	967	15.0631
ERR13927576.22712	1595	17.3737
ERR13927576.22713	1556	17.7789
ERR13927576.22714	1548	17.2371
ERR13927576.22715	1601	17.9169
ERR13927576.22716	1540	16.1403
ERR13927576.22717	1543	16.3908
ERR13927576.22718	1575	17.7003
ERR13927576.22719	1464	17.5710
ERR13927576.22720	1558	17.9108
ERR13927576.22721	1575	15.7587
ERR13927576.22722	1561	17.3261
ERR13927576.22723	1317	19.0623
ERR13927576.22724	1507	17.5547
ERR13927576.22725	1578	17.3783
ERR13927576.22726	1589	17.4808
ERR13927576.22727	1534	16.2601
ERR13927576.22728	1541	16.6989
ERR13927576.22729	1588	21.9137
ERR13927576.22730	1580	16.5981
ERR13927576.22731	1596	15.6366
ERR13927576.22732	1504	15.5605
ERR13927576.22733	1570	18.9732
ERR13927576.22734	1570	19.8803
ERR13927576.22735	1548	15.4722
ERR13927576.22736	1583	18.0524
ERR13927576.22737	1561	17.7476
ERR13927576.22738	1562	17.0538
ERR13927576.22739	1562	19.2311
ERR13927576.22740	1583	21.3689
ERR13927576.22741	1578	18.5120
ERR13927576.22742	1528	15.8115
ERR13927576.22743	1558	16.5039
ERR13927576.22744	1535	19.2026
ERR13927576.22745	1561	18.6771
ERR13927576.22746	1569	16.6826
ERR13927576.22747	1585	18.6858
ERR13927576.22748	1591	18.7938
ERR13927576.22749	1579	18.8835
ERR13927576.22750	1533	16.2655
ERR13927576.22751	1569	16.0376
ERR13927576.22752	1593	18.7037
ERR13927576.22753	1578	18.6274
ERR13927576.22754	1552	14.8808
ERR13927576.22755	1545	16.5139
ERR13927576.22756	1554	19.5586
ERR13927576.22757	699	17.2732
ERR13927576.22758	1549	16.3047
ERR13927576.22759	1573	15.0242
ERR13927576.22760	1563	16.0985
ERR13927576.22761	1587	15.6440
ERR13927576.22762	1552	15.2030
ERR13927576.22763	1524	17.5886
ERR13927576.22764	1574	15.2618
ERR13927576.22765	1578	16.5722
ERR13927576.22766	1576	16.7284
ERR13927576.22767	1563	19.1836
ERR13927576.22768	1525	15.6826
ERR13927576.22769	1534	15.9420
ERR13927576.22770	1551	16.9742
ERR13927576.22771	1567	17.3146
ERR13927576.22772	1552	14.8647
ERR13927576.22773	1518	16.9361
ERR13927576.22774	1544	17.3063
ERR13927576.22775	1581	19.2467
ERR13927576.22776	1550	17.4742
ERR13927576.22777	1577	18.0926
ERR13927576.22778	278	15.3345
ERR13927576.22779	1567	17.0006
ERR13927576.22780	1541	16.8423
ERR13927576.22781	868	15.3226
ERR13927576.22782	1581	17.2201
ERR13927576.22783	1561	18.2300
ERR13927576.22784	1580	19.5329
ERR13927576.22785	1595	16.2577
ERR13927576.22786	1571	15.9847
ERR13927576.22787	1547	17.6451
ERR13927576.22788	1580	17.0171
ERR13927576.22789	1575	15.5752
ERR13927576.22790	1562	18.5064
ERR13927576.22791	1470	18.3857
ERR13927576.22792	1269	15.7541
ERR13927576.22793	1592	20.7318
ERR13927576.22794	1556	15.7558
ERR13927576.22795	1570	16.2771
ERR13927576.22796	1529	16.4846
ERR13927576.22797	1572	21.2805
ERR13927576.22798	1581	15.6679
ERR13927576.22799	1554	16.4434
ERR13927576.22800	1527	15.2338
ERR13927576.22801	1639	18.5998
ERR13927576.22802	1558	16.4487
ERR13927576.22803	1557	16.1978
ERR13927576.22804	1561	16.6803
ERR13927576.22805	1586	17.3386
ERR13927576.22806	1556	17.7590
ERR13927576.22807	1525	15.8033
ERR13927576.22808	1574	18.2891
ERR13927576.22809	1614	17.3773
ERR13927576.22810	1585	15.4164
ERR13927576.22811	1574	17.3316
ERR13927576.22812	1580	17.7551
ERR13927576.22813	1587	21.5640
ERR13927576.22814	1554	17.9099
ERR13927576.22815	781	19.5519
ERR13927576.22816	1563	18.0154
ERR13927576.22817	1585	19.1874
ERR13927576.22818	1574	20.7656
ERR13927576.22819	1570	16.9771
ERR13927576.22820	1582	17.1207
ERR13927576.22821	1570	17.6255
ERR13927576.22822	1615	19.6570
ERR13927576.22823	1519	19.7334
ERR13927576.22824	1572	18.5216
ERR13927576.22825	1568	15.9165
ERR13927576.22826	1566	16.0958
ERR13927576.22827	1549	16.6217
ERR13927576.22828	1606	17.4595
ERR13927576.22829	1589	14.8508
ERR13927576.22830	1524	17.1312
ERR13927576.22831	1586	16.4962
ERR13927576.22832	1560	17.8115
ERR13927576.22833	1575	19.2527
ERR13927576.22834	1612	17.1272
ERR13927576.22835	1556	15.9299
ERR13927576.22836	1552	17.8769
ERR13927576.22837	1561	15.6374
ERR13927576.22838	1561	18.0705
ERR13927576.22839	1586	15.9792
ERR13927576.22840	1570	14.8299
ERR13927576.22841	1540	14.9292
ERR13927576.22842	1588	18.0031
ERR13927576.22843	1586	17.6507
ERR13927576.22844	1552	17.9233
ERR13927576.22845	1566	14.8103
ERR13927576.22846	1527	15.3202
ERR13927576.22847	1495	17.5532
ERR13927576.22848	1583	18.9463
ERR13927576.22849	1570	14.7363
ERR13927576.22850	1586	20.4149
ERR13927576.22851	1531	15.4598
ERR13927576.22852	1571	17.4895
ERR13927576.22853	1571	17.4258
ERR13927576.22854	1580	18.3797
ERR13927576.22855	1492	14.9269
ERR13927576.22856	1549	18.5797
ERR13927576.22857	1573	19.3884
ERR13927576.22858	1559	16.4849
ERR13927576.22859	1562	17.6325
ERR13927576.22860	1332	16.8288
ERR13927576.22861	1580	19.4956
ERR13927576.22862	1564	18.7858
ERR13927576.22863	1577	16.6715
ERR13927576.22864	1569	17.5577
ERR13927576.22865	1519	16.1422
ERR13927576.22866	1537	15.2407
ERR13927576.22867	1571	15.5220
ERR13927576.22868	1548	16.8385
ERR13927576.22869	1551	16.8304
ERR13927576.22870	1571	16.8192
ERR13927576.22871	1584	19.9880
ERR13927576.22872	1618	18.6625
ERR13927576.22873	1578	18.6635
ERR13927576.22874	1546	16.0453
ERR13927576.22875	1591	19.2275
ERR13927576.22876	1551	17.1283
ERR13927576.22877	1557	16.7020
ERR13927576.22878	1577	16.5688
ERR13927576.22879	1632	14.5025
ERR13927576.22880	1574	18.6645
ERR13927576.22881	1547	19.5876
ERR13927576.22882	1491	15.9229
ERR13927576.22883	1561	18.5189
ERR13927576.22884	1527	13.6031
ERR13927576.22885	1555	18.9910
ERR13927576.22886	1021	14.8227
ERR13927576.22887	1561	15.4920
ERR13927576.22888	1586	19.2623
ERR13927576.22889	1571	19.4278
ERR13927576.22890	1529	15.4807
ERR13927576.22891	1551	17.5525
ERR13927576.22892	1623	15.7726
ERR13927576.22893	1323	16.4127
ERR13927576.22894	1579	17.8835
ERR13927576.22895	1540	17.6091
ERR13927576.22896	1575	20.3410
ERR13927576.22897	1552	17.6488
ERR13927576.22898	1602	19.0106
ERR13927576.22899	1568	20.3642
ERR13927576.22900	1540	16.8221
ERR13927576.22901	1588	17.1902
ERR13927576.22902	1536	17.2259
ERR13927576.22903	1586	14.9540
ERR13927576.22904	1563	19.4005
ERR13927576.22905	1526	15.2634
ERR13927576.22906	1602	16.3770
ERR13927576.22907	1591	19.4764
ERR13927576.22908	1562	15.9481
ERR13927576.22909	1570	17.9019
ERR13927576.22910	1553	15.4533
ERR13927576.22911	1574	16.2217
ERR13927576.22912	1567	20.0440
ERR13927576.22913	1569	16.6820
ERR13927576.22914	1575	18.1803
ERR13927576.22915	1559	17.0385
ERR13927576.22916	1593	18.6811
ERR13927576.22917	1573	19.7133
ERR13927576.22918	1586	18.9042
ERR13927576.22919	1230	19.5878
ERR13927576.22920	1577	20.5967
ERR13927576.22921	1497	17.2425
ERR13927576.22922	1535	15.8130
ERR13927576.22923	1567	17.0121
ERR13927576.22924	1589	18.1573
ERR13927576.22925	1515	16.6356
ERR13927576.22926	1559	17.1520
ERR13927576.22927	1526	15.8486
ERR13927576.22928	1582	19.1979
ERR13927576.22929	1510	15.8874
ERR13927576.22930	1581	20.2132
ERR13927576.22931	1559	20.1264
ERR13927576.22932	1583	15.7151
ERR13927576.22933	1533	15.5610
ERR13927576.22934	1578	19.2041
ERR13927576.22935	1555	19.8791
ERR13927576.22936	1556	14.8843
ERR13927576.22937	1535	18.0801
ERR13927576.22938	1549	17.0077
ERR13927576.22939	1608	17.0118
ERR13927576.22940	1558	19.4827
ERR13927576.22941	1562	15.5954
ERR13927576.22942	1595	18.9912
ERR13927576.22943	1585	16.4423
ERR13927576.22944	1542	15.0156
ERR13927576.22945	1553	17.8075
ERR13927576.22946	1598	17.9424
ERR13927576.22947	1586	16.7591
ERR13927576.22948	1560	15.6276
ERR13927576.22949	1578	17.8270
ERR13927576.22950	1598	17.0244
ERR13927576.22951	1547	18.7330
ERR13927576.22952	1546	17.4314
ERR13927576.22953	1534	14.5372
ERR13927576.22954	1593	17.5047
ERR13927576.22955	1573	17.0483
ERR13927576.22956	1567	18.5290
ERR13927576.22957	1584	16.5574
ERR13927576.22958	1524	18.6752
ERR13927576.22959	1560	18.2179
ERR13927576.22960	1580	16.8475
ERR13927576.22961	1561	19.4625
ERR13927576.22962	1538	16.0384
ERR13927576.22963	1572	17.3524
ERR13927576.22964	1583	15.5035
ERR13927576.22965	1574	16.7535
ERR13927576.22966	1560	17.5494
ERR13927576.22967	1563	16.5074
ERR13927576.22968	1526	16.0446
ERR13927576.22969	1602	16.6941
ERR13927576.22970	1560	16.3494
ERR13927576.22971	1605	16.1738
ERR13927576.22972	1582	16.7491
ERR13927576.22973	1567	18.6643
ERR13927576.22974	1578	16.9968
ERR13927576.22975	1578	19.7028
ERR13927576.22976	1573	17.6459
ERR13927576.22977	1551	18.3424
ERR13927576.22978	1596	17.2650
ERR13927576.22979	722	15.0512
ERR13927576.22980	1513	16.1210
ERR13927576.22981	1559	18.4881
ERR13927576.22982	316	15.4747
ERR13927576.22983	1603	17.9713
ERR13927576.22984	1561	18.6406
ERR13927576.22985	1562	15.8470
ERR13927576.22986	1583	19.1800
ERR13927576.22987	1539	16.6972
ERR13927576.22988	1584	20.4223
ERR13927576.22989	1578	18.8390
ERR13927576.22990	1548	20.1169
ERR13927576.22991	1574	18.3005
ERR13927576.22992	1543	15.2003
ERR13927576.22993	1576	19.0108
ERR13927576.22994	1591	13.7442
ERR13927576.22995	1526	14.7294
ERR13927576.22996	1555	17.3672
ERR13927576.22997	1025	16.2820
ERR13927576.22998	1542	15.3586
ERR13927576.22999	1566	15.6526
ERR13927576.23000	1559	16.1693
ERR13927576.23001	181	17.5138
ERR13927576.23002	1548	16.4864
ERR13927576.23003	1580	17.2146
ERR13927576.23004	1546	16.2387
ERR13927576.23005	1576	19.5387
ERR13927576.23006	1565	16.8946
ERR13927576.23007	1546	17.4243
ERR13927576.23008	1566	16.0517
ERR13927576.23009	1582	15.2332
ERR13927576.23010	1558	17.3851
ERR13927576.23011	1553	16.5557
ERR13927576.23012	1553	17.8319
ERR13927576.23013	1580	17.9987
ERR13927576.23014	1558	18.5417
ERR13927576.23015	1572	19.2207
ERR13927576.23016	1581	17.5180
ERR13927576.23017	1581	17.5446
ERR13927576.23018	1540	17.0818
ERR13927576.23019	1518	15.9835
ERR13927576.23020	1592	15.5239
ERR13927576.23021	1559	17.5690
ERR13927576.23022	1575	19.7651
ERR13927576.23023	1569	17.7215
ERR13927576.23024	1576	18.1402
ERR13927576.23025	1574	16.4485
ERR13927576.23026	1549	15.3447
ERR13927576.23027	1569	16.7852
ERR13927576.23028	1581	16.1531
ERR13927576.23029	1570	16.3580
ERR13927576.23030	1538	18.0358
ERR13927576.23031	614	16.5065
ERR13927576.23032	1555	14.4971
ERR13927576.23033	1594	17.4950
ERR13927576.23034	1559	17.1642
ERR13927576.23035	1577	18.7641
ERR13927576.23036	1530	16.6497
ERR13927576.23037	1581	20.7698
ERR13927576.23038	1520	17.6908
ERR13927576.23039	1542	16.5169
ERR13927576.23040	1561	15.5541
ERR13927576.23041	1562	15.6684
ERR13927576.23042	1540	18.3675
ERR13927576.23043	1614	19.5025
ERR13927576.23044	1561	15.8962
ERR13927576.23045	1567	16.6490
ERR13927576.23046	1544	17.1172
ERR13927576.23047	1580	17.8165
ERR13927576.23048	1586	16.2232
ERR13927576.23049	1580	17.3715
ERR13927576.23050	1571	18.1489
ERR13927576.23051	1564	17.5000
ERR13927576.23052	1556	18.2609
ERR13927576.23053	1572	18.1571
ERR13927576.23054	1549	21.5094
ERR13927576.23055	1522	15.9671
ERR13927576.23056	1571	17.6805
ERR13927576.23057	1566	15.9068
ERR13927576.23058	1545	17.3314
ERR13927576.23059	1539	16.6855
ERR13927576.23060	1577	16.5453
ERR13927576.23061	1579	17.8651
ERR13927576.23062	1584	16.3819
ERR13927576.23063	1575	15.1505
ERR13927576.23064	1524	15.9764
ERR13927576.23065	1564	17.2136
ERR13927576.23066	1580	16.8139
ERR13927576.23067	1593	17.9925
ERR13927576.23068	1550	17.4935
ERR13927576.23069	1559	17.2117
ERR13927576.23070	1576	19.1656
ERR13927576.23071	1531	16.6656
ERR13927576.23072	1513	15.3285
ERR13927576.23073	1248	18.8197
ERR13927576.23074	1586	17.5776
ERR13927576.23075	1525	14.5187
ERR13927576.23076	1524	17.7822
ERR13927576.23077	1499	15.2608
ERR13927576.23078	1565	20.2799
ERR13927576.23079	1571	18.5487
ERR13927576.23080	1560	17.3288
ERR13927576.23081	1555	17.6714
ERR13927576.23082	1618	19.9017
ERR13927576.23083	1355	16.4229
ERR13927576.23084	1549	16.8160
ERR13927576.23085	1571	18.4755
ERR13927576.23086	1567	16.1053
ERR13927576.23087	1554	19.0013
ERR13927576.23088	1465	15.0137
ERR13927576.23089	1522	18.3936
ERR13927576.23090	1591	21.3558
ERR13927576.23091	1613	17.6317
ERR13927576.23092	1555	17.4347
ERR13927576.23093	1555	16.8232
ERR13927576.23094	1556	17.5424
ERR13927576.23095	1562	15.6268
ERR13927576.23096	1553	14.6452
ERR13927576.23097	1563	14.8944
ERR13927576.23098	1571	18.4647
ERR13927576.23099	1596	18.1898
ERR13927576.23100	1537	16.2798
ERR13927576.23101	1596	17.8120
ERR13927576.23102	1577	17.0590
ERR13927576.23103	1596	16.3615
ERR13927576.23104	1582	17.6049
ERR13927576.23105	1528	15.2395
ERR13927576.23106	1513	15.7237
ERR13927576.23107	1573	16.6058
ERR13927576.23108	1599	15.0544
ERR13927576.23109	1568	16.6626
ERR13927576.23110	1405	15.7808
ERR13927576.23111	1550	18.1806
ERR13927576.23112	1565	18.1265
ERR13927576.23113	1544	16.5123
ERR13927576.23114	1607	17.4530
ERR13927576.23115	1557	17.1702
ERR13927576.23116	1582	16.0702
ERR13927576.23117	1543	15.3001
ERR13927576.23118	1565	16.1061
ERR13927576.23119	1521	15.3346
ERR13927576.23120	1544	17.9067
ERR13927576.23121	1586	18.0776
ERR13927576.23122	1428	17.2843
ERR13927576.23123	804	17.0386
ERR13927576.23124	1608	17.1779
ERR13927576.23125	1584	18.6035
ERR13927576.23126	1570	19.3541
ERR13927576.23127	1553	16.4044
ERR13927576.23128	1569	18.1460
ERR13927576.23129	1580	17.9430
ERR13927576.23130	1556	15.5694
ERR13927576.23131	1553	17.1481
ERR13927576.23132	1589	18.7458
ERR13927576.23133	1615	16.7152
ERR13927576.23134	1555	15.9370
ERR13927576.23135	1575	18.1416
ERR13927576.23136	1539	17.8954
ERR13927576.23137	1584	15.3504
ERR13927576.23138	1585	17.8252
ERR13927576.23139	1552	16.7584
ERR13927576.23140	1537	15.2863
ERR13927576.23141	322	17.8758
ERR13927576.23142	1569	16.9554
ERR13927576.23143	1551	17.2766
ERR13927576.23144	1548	14.8165
ERR13927576.23145	1561	17.4350
ERR13927576.23146	1614	15.7435
ERR13927576.23147	1591	16.8341
ERR13927576.23148	1592	19.2123
ERR13927576.23149	1594	17.7051
ERR13927576.23150	1560	16.5314
ERR13927576.23151	1539	17.1319
ERR13927576.23152	1529	15.8509
ERR13927576.23153	1526	18.5308
ERR13927576.23154	1560	16.7058
ERR13927576.23155	1548	17.7106
ERR13927576.23156	1545	17.0330
ERR13927576.23157	1557	17.1651
ERR13927576.23158	1507	16.4731
ERR13927576.23159	1573	17.7349
ERR13927576.23160	1549	17.0394
ERR13927576.23161	1543	17.8568
ERR13927576.23162	1560	15.5917
ERR13927576.23163	1559	18.3996
ERR13927576.23164	1594	18.6970
ERR13927576.23165	1546	17.6611
ERR13927576.23166	1491	15.2186
ERR13927576.23167	1577	17.6741
ERR13927576.23168	1536	15.4108
ERR13927576.23169	1570	17.6408
ERR13927576.23170	1595	20.1066
ERR13927576.23171	1573	17.3751
ERR13927576.23172	1587	15.8935
ERR13927576.23173	1575	14.9962
ERR13927576.23174	1611	19.6294
ERR13927576.23175	1584	16.4078
ERR13927576.23176	1568	16.0395
ERR13927576.23177	1563	17.8375
ERR13927576.23178	1583	18.7960
ERR13927576.23179	1563	19.1542
ERR13927576.23180	1542	15.3262
ERR13927576.23181	1568	16.8202
ERR13927576.23182	1607	15.2228
ERR13927576.23183	1590	18.8075
ERR13927576.23184	1564	16.0607
ERR13927576.23185	1548	16.8482
ERR13927576.23186	1538	15.4759
ERR13927576.23187	1419	20.4087
ERR13927576.23188	1583	18.6759
ERR13927576.23189	1596	19.3208
ERR13927576.23190	1545	15.4712
ERR13927576.23191	3149	18.2045
ERR13927576.23192	1585	16.8656
ERR13927576.23193	1569	18.5188
ERR13927576.23194	1574	15.5165
ERR13927576.23195	1565	17.5278
ERR13927576.23196	1433	15.7027
ERR13927576.23197	1583	21.6702
ERR13927576.23198	1588	19.9994
ERR13927576.23199	1577	18.0114
ERR13927576.23200	1558	15.5276
ERR13927576.23201	1574	19.8418
ERR13927576.23202	1482	14.8630
ERR13927576.23203	1527	20.2187
ERR13927576.23204	1579	16.9759
ERR13927576.23205	1572	15.6482
ERR13927576.23206	1558	15.4320
ERR13927576.23207	1539	18.5296
ERR13927576.23208	1557	17.4258
ERR13927576.23209	1569	18.5934
ERR13927576.23210	1541	15.9481
ERR13927576.23211	1574	17.8399
ERR13927576.23212	1532	14.5320
ERR13927576.23213	1602	21.3514
ERR13927576.23214	1547	15.2521
ERR13927576.23215	1569	17.4149
ERR13927576.23216	1563	18.0768
ERR13927576.23217	1600	17.4581
ERR13927576.23218	1540	16.8968
ERR13927576.23219	1561	18.0474
ERR13927576.23220	1562	20.3681
ERR13927576.23221	1574	15.5508
ERR13927576.23222	1540	16.1000
ERR13927576.23223	1569	18.6775
ERR13927576.23224	1577	18.8345
ERR13927576.23225	1545	16.4304
ERR13927576.23226	1553	15.8042
ERR13927576.23227	1575	18.0832
ERR13927576.23228	1518	15.4480
ERR13927576.23229	1578	18.2117
ERR13927576.23230	1533	16.9452
ERR13927576.23231	495	16.5919
ERR13927576.23232	1594	17.8984
ERR13927576.23233	450	18.4578
ERR13927576.23234	1544	14.7338
ERR13927576.23235	1610	19.4565
ERR13927576.23236	1572	17.3187
ERR13927576.23237	1579	19.5016
ERR13927576.23238	1569	17.0191
ERR13927576.23239	1618	19.2176
ERR13927576.23240	1539	16.4509
ERR13927576.23241	1549	15.9070
ERR13927576.23242	1592	17.8241
ERR13927576.23243	462	16.4827
ERR13927576.23244	1588	17.4654
ERR13927576.23245	1594	18.9504
ERR13927576.23246	1536	16.2643
ERR13927576.23247	1553	17.6600
ERR13927576.23248	1554	19.5045
ERR13927576.23249	1555	17.5222
ERR13927576.23250	1553	16.8216
ERR13927576.23251	1554	14.9961
ERR13927576.23252	1609	21.1989
ERR13927576.23253	1570	16.1847
ERR13927576.23254	1570	15.2140
ERR13927576.23255	1551	17.7421
ERR13927576.23256	1563	18.4139
ERR13927576.23257	1545	17.5845
ERR13927576.23258	1548	17.7894
ERR13927576.23259	1159	16.1907
ERR13927576.23260	1478	15.5142
ERR13927576.23261	1569	18.9197
ERR13927576.23262	1563	18.6833
ERR13927576.23263	1532	15.2350
ERR13927576.23264	1582	16.0676
ERR13927576.23265	1570	18.7777
ERR13927576.23266	1585	18.0246
ERR13927576.23267	1542	17.4728
ERR13927576.23268	1529	15.5088
ERR13927576.23269	1536	18.6146
ERR13927576.23270	1582	19.8224
ERR13927576.23271	1547	18.5255
ERR13927576.23272	1543	17.1160
ERR13927576.23273	1574	16.6455
ERR13927576.23274	1564	18.5045
ERR13927576.23275	1526	17.0708
ERR13927576.23276	1601	18.5759
ERR13927576.23277	1567	18.1666
ERR13927576.23278	1568	19.8769
ERR13927576.23279	1530	15.2484
ERR13927576.23280	1516	15.3635
ERR13927576.23281	1559	19.8922
ERR13927576.23282	1445	17.4125
ERR13927576.23283	1577	17.9100
ERR13927576.23284	1579	18.3426
ERR13927576.23285	1577	20.9341
ERR13927576.23286	1579	19.0633
ERR13927576.23287	1622	20.0857
ERR13927576.23288	1541	18.4711
ERR13927576.23289	1571	18.5786
ERR13927576.23290	1549	18.7424
ERR13927576.23291	1516	16.1365
ERR13927576.23292	1584	17.6420
ERR13927576.23293	1573	20.1882
ERR13927576.23294	1584	18.4160
ERR13927576.23295	1553	16.4012
ERR13927576.23296	1587	17.9572
ERR13927576.23297	1560	17.0846
ERR13927576.23298	1555	17.8000
ERR13927576.23299	1535	17.9713
ERR13927576.23300	1571	16.5907
ERR13927576.23301	1529	15.9222
ERR13927576.23302	1580	16.1816
ERR13927576.23303	1549	17.8560
ERR13927576.23304	1583	16.8023
ERR13927576.23305	1580	17.4519
ERR13927576.23306	1569	18.7584
ERR13927576.23307	1585	18.1893
ERR13927576.23308	1557	15.2948
ERR13927576.23309	1590	17.3698
ERR13927576.23310	1553	15.1848
ERR13927576.23311	1594	18.8162
ERR13927576.23312	1560	16.7429
ERR13927576.23313	1553	18.7006
ERR13927576.23314	1533	15.2329
ERR13927576.23315	1547	19.0614
ERR13927576.23316	1558	18.9454
ERR13927576.23317	1570	19.0809
ERR13927576.23318	1569	17.1211
ERR13927576.23319	1554	21.0727
ERR13927576.23320	1566	19.8921
ERR13927576.23321	1568	16.6684
ERR13927576.23322	1575	17.4622
ERR13927576.23323	261	15.2720
ERR13927576.23324	1572	19.3422
ERR13927576.23325	1262	16.2147
ERR13927576.23326	1581	18.1290
ERR13927576.23327	1562	21.9213
ERR13927576.23328	1499	18.4476
ERR13927576.23329	1606	18.8132
ERR13927576.23330	1575	17.4749
ERR13927576.23331	1574	17.8221
ERR13927576.23332	1569	17.3308
ERR13927576.23333	1557	18.4021
ERR13927576.23334	1560	16.5885
ERR13927576.23335	1582	14.2238
ERR13927576.23336	1562	18.3259
ERR13927576.23337	1534	17.7953
ERR13927576.23338	1599	16.1964
ERR13927576.23339	1540	18.2143
ERR13927576.23340	1557	14.9075
ERR13927576.23341	1587	18.4562
ERR13927576.23342	1550	19.2729
ERR13927576.23343	1559	17.0988
ERR13927576.23344	1574	17.6785
ERR13927576.23345	1586	18.7068
ERR13927576.23346	1509	15.6733
ERR13927576.23347	1563	17.7313
ERR13927576.23348	1557	15.4001
ERR13927576.23349	1542	15.0195
ERR13927576.23350	1554	17.3764
ERR13927576.23351	1612	16.6725
ERR13927576.23352	1587	15.6667
ERR13927576.23353	1564	17.0102
ERR13927576.23354	1560	18.4109
ERR13927576.23355	1530	18.2288
ERR13927576.23356	1557	16.9743
ERR13927576.23357	1533	15.5212
ERR13927576.23358	1555	14.9865
ERR13927576.23359	1579	14.6092
ERR13927576.23360	1556	19.0861
ERR13927576.23361	1586	16.8960
ERR13927576.23362	1570	18.0439
ERR13927576.23363	1588	19.3741
ERR13927576.23364	1617	21.0860
ERR13927576.23365	1591	20.5060
ERR13927576.23366	1513	15.5254
ERR13927576.23367	1570	18.4395
ERR13927576.23368	1564	16.2890
ERR13927576.23369	1560	15.8071
ERR13927576.23370	1548	17.5220
ERR13927576.23371	1534	15.9518
ERR13927576.23372	1579	15.6390
ERR13927576.23373	1542	19.8677
ERR13927576.23374	1535	15.5055
ERR13927576.23375	1547	17.8694
ERR13927576.23376	1553	17.6619
ERR13927576.23377	1547	16.4725
ERR13927576.23378	1576	18.2126
ERR13927576.23379	1558	15.7516
ERR13927576.23380	1604	19.3105
ERR13927576.23381	1573	15.2943
ERR13927576.23382	1555	18.2109
ERR13927576.23383	1556	15.3683
ERR13927576.23384	1602	19.2896
ERR13927576.23385	1504	15.5439
ERR13927576.23386	1570	16.3083
ERR13927576.23387	1563	14.2988
ERR13927576.23388	1589	20.0384
ERR13927576.23389	1569	16.5194
ERR13927576.23390	1589	16.1076
ERR13927576.23391	1588	17.3275
ERR13927576.23392	1553	18.4501
ERR13927576.23393	1560	16.9564
ERR13927576.23394	1545	17.1450
ERR13927576.23395	1539	15.6719
ERR13927576.23396	1589	18.7602
ERR13927576.23397	1565	16.9067
ERR13927576.23398	1600	17.1444
ERR13927576.23399	1476	15.6267
ERR13927576.23400	1529	16.1190
ERR13927576.23401	1561	17.0307
ERR13927576.23402	1560	15.0391
ERR13927576.23403	1541	16.4562
ERR13927576.23404	1585	17.2423
ERR13927576.23405	209	14.7464
ERR13927576.23406	1542	16.3923
ERR13927576.23407	1023	16.5523
ERR13927576.23408	1593	20.7979
ERR13927576.23409	1357	19.7052
ERR13927576.23410	1557	18.6898
ERR13927576.23411	1548	16.4884
ERR13927576.23412	1585	17.1981
ERR13927576.23413	1538	16.5228
ERR13927576.23414	1520	15.2829
ERR13927576.23415	1557	19.8337
ERR13927576.23416	1544	18.0887
ERR13927576.23417	1571	19.3596
ERR13927576.23418	1551	18.6099
ERR13927576.23419	1546	18.1410
ERR13927576.23420	1571	16.6085
ERR13927576.23421	1562	18.3188
ERR13927576.23422	1558	17.1053
ERR13927576.23423	1602	17.4451
ERR13927576.23424	1527	17.5095
ERR13927576.23425	1555	17.5627
ERR13927576.23426	1584	17.9211
ERR13927576.23427	1535	18.2827
ERR13927576.23428	1527	16.2737
ERR13927576.23429	1598	17.7441
ERR13927576.23430	1548	15.9961
ERR13927576.23431	1601	15.9269
ERR13927576.23432	1605	15.4199
ERR13927576.23433	1559	16.9673
ERR13927576.23434	1678	18.0638
ERR13927576.23435	1573	20.3973
ERR13927576.23436	1613	16.8270
ERR13927576.23437	1561	17.6092
ERR13927576.23438	1580	15.8443
ERR13927576.23439	1150	16.3452
ERR13927576.23440	1582	18.8496
ERR13927576.23441	1569	16.8126
ERR13927576.23442	1578	21.1160
ERR13927576.23443	1541	14.6483
ERR13927576.23444	1566	18.0536
ERR13927576.23445	1242	16.0475
ERR13927576.23446	1580	20.6006
ERR13927576.23447	1579	19.4883
ERR13927576.23448	1550	19.8742
ERR13927576.23449	1554	17.8288
ERR13927576.23450	1537	17.3813
ERR13927576.23451	1544	18.0486
ERR13927576.23452	1554	20.1152
ERR13927576.23453	1593	16.1406
ERR13927576.23454	1566	17.3365
ERR13927576.23455	1590	17.3654
ERR13927576.23456	1541	16.1428
ERR13927576.23457	1588	18.8363
ERR13927576.23458	1562	18.1805
ERR13927576.23459	1543	16.2314
ERR13927576.23460	1546	17.1746
ERR13927576.23461	1567	15.2738
ERR13927576.23462	1573	21.2181
ERR13927576.23463	1581	15.4529
ERR13927576.23464	1592	17.6815
ERR13927576.23465	1589	15.5935
ERR13927576.23466	1515	18.7855
ERR13927576.23467	1586	15.2806
ERR13927576.23468	1573	19.4259
ERR13927576.23469	1538	17.7068
ERR13927576.23470	1543	14.2683
ERR13927576.23471	1558	15.0032
ERR13927576.23472	1822	24.8359
ERR13927576.23473	1543	15.9475
ERR13927576.23474	1619	19.8271
ERR13927576.23475	1580	17.7291
ERR13927576.23476	1554	18.0792
ERR13927576.23477	1566	18.8314
ERR13927576.23478	1571	19.9370
ERR13927576.23479	1562	18.3399
ERR13927576.23480	1103	16.7153
ERR13927576.23481	1568	18.3093
ERR13927576.23482	1545	15.2356
ERR13927576.23483	1574	16.7795
ERR13927576.23484	1557	17.8086
ERR13927576.23485	1557	15.9608
ERR13927576.23486	1560	20.9250
ERR13927576.23487	1568	18.8489
ERR13927576.23488	1573	16.0038
ERR13927576.23489	1525	16.5272
ERR13927576.23490	1552	16.0934
ERR13927576.23491	1582	15.9627
ERR13927576.23492	1560	21.1090
ERR13927576.23493	1584	16.8005
ERR13927576.23494	1576	17.4581
ERR13927576.23495	1558	17.3139
ERR13927576.23496	1586	18.1822
ERR13927576.23497	1555	14.8514
ERR13927576.23498	1596	17.6122
ERR13927576.23499	1572	19.4345
ERR13927576.23500	1517	18.0494
ERR13927576.23501	1582	16.8426
ERR13927576.23502	1572	19.5324
ERR13927576.23503	1089	15.3333
ERR13927576.23504	1516	16.3272
ERR13927576.23505	1574	16.8914
ERR13927576.23506	1551	18.2760
ERR13927576.23507	1599	18.1814
ERR13927576.23508	1542	17.8949
ERR13927576.23509	1573	18.0814
ERR13927576.23510	1563	16.8983
ERR13927576.23511	1599	17.9475
ERR13927576.23512	1575	17.2324
ERR13927576.23513	1566	17.7216
ERR13927576.23514	1569	17.8853
ERR13927576.23515	1542	19.0447
ERR13927576.23516	660	14.1394
ERR13927576.23517	1576	18.2786
ERR13927576.23518	1587	17.0183
ERR13927576.23519	1585	18.0498
ERR13927576.23520	1593	16.2385
ERR13927576.23521	1556	18.0803
ERR13927576.23522	1558	17.0700
ERR13927576.23523	1562	17.0551
ERR13927576.23524	1576	17.4448
ERR13927576.23525	1577	18.7368
ERR13927576.23526	1556	20.1118
ERR13927576.23527	1558	18.4730
ERR13927576.23528	1579	17.4953
ERR13927576.23529	1555	18.1299
ERR13927576.23530	1583	15.3664
ERR13927576.23531	1572	16.9676
ERR13927576.23532	1567	18.6605
ERR13927576.23533	1576	16.1846
ERR13927576.23534	1570	17.4299
ERR13927576.23535	1626	15.7829
ERR13927576.23536	1560	17.8872
ERR13927576.23537	1572	17.5254
ERR13927576.23538	1592	18.8756
ERR13927576.23539	1592	15.8222
ERR13927576.23540	1529	15.6122
ERR13927576.23541	1577	18.9321
ERR13927576.23542	1559	17.5683
ERR13927576.23543	1543	17.0324
ERR13927576.23544	1582	19.0057
ERR13927576.23545	1590	17.1717
ERR13927576.23546	1551	18.1231
ERR13927576.23547	1559	17.1116
ERR13927576.23548	1539	15.0383
ERR13927576.23549	1595	17.2176
ERR13927576.23550	741	16.8259
ERR13927576.23551	1635	17.4911
ERR13927576.23552	1554	18.3990
ERR13927576.23553	1608	16.9652
ERR13927576.23554	1538	16.5007
ERR13927576.23555	1580	20.2696
ERR13927576.23556	1589	18.0264
ERR13927576.23557	1584	18.0436
ERR13927576.23558	1615	17.6650
ERR13927576.23559	1603	18.2171
ERR13927576.23560	1590	19.1862
ERR13927576.23561	1560	15.9333
ERR13927576.23562	1601	18.6771
ERR13927576.23563	1575	17.8978
ERR13927576.23564	1699	15.7116
ERR13927576.23565	1555	19.1704
ERR13927576.23566	1567	18.0408
ERR13927576.23567	938	15.4414
ERR13927576.23568	1575	19.3740
ERR13927576.23569	1541	16.7359
ERR13927576.23570	1583	16.3872
ERR13927576.23571	1580	15.2861
ERR13927576.23572	1604	16.4894
ERR13927576.23573	1572	19.3155
ERR13927576.23574	1489	16.6844
ERR13927576.23575	1569	18.7948
ERR13927576.23576	1563	18.8093
ERR13927576.23577	1568	19.4177
ERR13927576.23578	1538	16.3453
ERR13927576.23579	1598	20.5663
ERR13927576.23580	1551	17.1418
ERR13927576.23581	1523	15.2272
ERR13927576.23582	1536	18.4141
ERR13927576.23583	1545	16.8861
ERR13927576.23584	1559	16.4092
ERR13927576.23585	1543	16.7647
ERR13927576.23586	1113	18.0171
ERR13927576.23587	1512	15.7996
ERR13927576.23588	1501	15.1472
ERR13927576.23589	1566	17.6667
ERR13927576.23590	1572	18.1221
ERR13927576.23591	1563	15.2290
ERR13927576.23592	1562	19.6370
ERR13927576.23593	1385	18.1913
ERR13927576.23594	1561	19.0237
ERR13927576.23595	1555	17.8373
ERR13927576.23596	269	18.1673
ERR13927576.23597	1556	16.8593
ERR13927576.23598	1557	17.2653
ERR13927576.23599	1572	20.0636
ERR13927576.23600	1588	16.4975
ERR13927576.23601	1557	16.6333
ERR13927576.23602	1564	18.1036
ERR13927576.23603	1630	17.2644
ERR13927576.23604	1547	15.8843
ERR13927576.23605	1102	17.5753
ERR13927576.23606	2709	14.8830
ERR13927576.23607	1565	19.1712
ERR13927576.23608	1570	16.7701
ERR13927576.23609	1563	18.9187
ERR13927576.23610	1590	20.9830
ERR13927576.23611	1520	14.7849
ERR13927576.23612	1540	17.0422
ERR13927576.23613	1557	21.1092
ERR13927576.23614	1552	19.5445
ERR13927576.23615	1567	16.3504
ERR13927576.23616	1564	19.1087
ERR13927576.23617	1582	15.0676
ERR13927576.23618	1549	18.4274
ERR13927576.23619	1553	15.8377
ERR13927576.23620	1531	17.2005
ERR13927576.23621	1555	19.4611
ERR13927576.23622	1551	18.5590
ERR13927576.23623	1504	19.1443
ERR13927576.23624	1336	15.0719
ERR13927576.23625	1603	18.0306
ERR13927576.23626	1550	18.3368
ERR13927576.23627	1591	16.2451
ERR13927576.23628	1546	19.5330
ERR13927576.23629	1544	15.6846
ERR13927576.23630	1561	19.0250
ERR13927576.23631	1624	15.8097
ERR13927576.23632	1590	17.6937
ERR13927576.23633	1571	18.9612
ERR13927576.23634	1576	18.3610
ERR13927576.23635	1589	18.4802
ERR13927576.23636	1549	18.2963
ERR13927576.23637	1570	18.8178
ERR13927576.23638	1285	20.1346
ERR13927576.23639	1512	18.6019
ERR13927576.23640	209	16.2010
ERR13927576.23641	1577	21.0609
ERR13927576.23642	1576	19.1688
ERR13927576.23643	1541	17.3381
ERR13927576.23644	1577	17.2974
ERR13927576.23645	1559	16.3175
ERR13927576.23646	1523	14.7131
ERR13927576.23647	1554	16.6242
ERR13927576.23648	1562	16.8598
ERR13927576.23649	1580	19.1601
ERR13927576.23650	1594	17.4580
ERR13927576.23651	1537	16.5179
ERR13927576.23652	1575	16.4229
ERR13927576.23653	1569	16.2836
ERR13927576.23654	1570	19.8376
ERR13927576.23655	1546	17.3292
ERR13927576.23656	1613	17.4210
ERR13927576.23657	1554	18.1017
ERR13927576.23658	1139	17.4293
ERR13927576.23659	1564	16.5556
ERR13927576.23660	1563	16.5995
ERR13927576.23661	1548	17.0840
ERR13927576.23662	1556	20.7076
ERR13927576.23663	1551	18.0542
ERR13927576.23664	777	17.6615
ERR13927576.23665	1552	18.4536
ERR13927576.23666	1552	16.6430
ERR13927576.23667	1565	16.5757
ERR13927576.23668	1555	18.9537
ERR13927576.23669	1550	16.8755
ERR13927576.23670	1580	16.5380
ERR13927576.23671	1541	18.3303
ERR13927576.23672	1564	18.2295
ERR13927576.23673	1535	15.6997
ERR13927576.23674	1488	15.9946
ERR13927576.23675	1605	17.1277
ERR13927576.23676	1534	19.5450
ERR13927576.23677	1551	18.2876
ERR13927576.23678	1554	16.0245
ERR13927576.23679	1551	16.8872
ERR13927576.23680	1533	14.5310
ERR13927576.23681	1574	20.0229
ERR13927576.23682	1562	17.5333
ERR13927576.23683	1570	17.7522
ERR13927576.23684	1571	17.4029
ERR13927576.23685	1575	16.7016
ERR13927576.23686	1527	18.8874
ERR13927576.23687	1608	18.6816
ERR13927576.23688	1571	17.8307
ERR13927576.23689	1604	19.4564
ERR13927576.23690	1591	18.9428
ERR13927576.23691	1555	18.4855
ERR13927576.23692	343	16.7201
ERR13927576.23693	1567	19.8883
ERR13927576.23694	1569	19.2511
ERR13927576.23695	1533	19.3333
ERR13927576.23696	1611	16.2768
ERR13927576.23697	1625	16.3582
ERR13927576.23698	1593	15.5888
ERR13927576.23699	1550	19.2961
ERR13927576.23700	1590	16.9113
ERR13927576.23701	1576	19.1123
ERR13927576.23702	1608	18.2904
ERR13927576.23703	1570	18.8229
ERR13927576.23704	1564	17.8645
ERR13927576.23705	1568	18.9726
ERR13927576.23706	1569	20.6055
ERR13927576.23707	1619	17.7690
ERR13927576.23708	1573	21.4736
ERR13927576.23709	1551	16.2386
ERR13927576.23710	1543	15.2625
ERR13927576.23711	1596	18.4085
ERR13927576.23712	1545	20.3074
ERR13927576.23713	1161	14.2506
ERR13927576.23714	1565	19.0812
ERR13927576.23715	1558	15.3081
ERR13927576.23716	1613	17.8357
ERR13927576.23717	1408	18.8523
ERR13927576.23718	1571	19.2088
ERR13927576.23719	1553	19.6304
ERR13927576.23720	1547	18.0149
ERR13927576.23721	1580	16.8835
ERR13927576.23722	1573	17.7107
ERR13927576.23723	1571	17.0541
ERR13927576.23724	1092	16.3242
ERR13927576.23725	1577	19.2613
ERR13927576.23726	1584	18.7879
ERR13927576.23727	1543	18.2359
ERR13927576.23728	1628	18.5878
ERR13927576.23729	1574	20.5496
ERR13927576.23730	1558	18.5834
ERR13927576.23731	1562	18.2305
ERR13927576.23732	1390	18.1784
ERR13927576.23733	1615	16.7480
ERR13927576.23734	1554	16.0663
ERR13927576.23735	1626	17.7331
ERR13927576.23736	1571	17.6174
ERR13927576.23737	1571	21.4532
ERR13927576.23738	1584	18.0644
ERR13927576.23739	1573	17.8353
ERR13927576.23740	1530	18.6856
ERR13927576.23741	1592	17.5974
ERR13927576.23742	1575	18.5810
ERR13927576.23743	1577	17.5542
ERR13927576.23744	1560	15.0962
ERR13927576.23745	1522	19.0158
ERR13927576.23746	1566	19.0587
ERR13927576.23747	1560	18.8256
ERR13927576.23748	1567	17.6599
ERR13927576.23749	1533	18.8591
ERR13927576.23750	1586	19.7926
ERR13927576.23751	1709	19.8163
ERR13927576.23752	1007	17.7537
ERR13927576.23753	1547	16.3704
ERR13927576.23754	1596	19.2914
ERR13927576.23755	1556	14.9184
ERR13927576.23756	1613	18.6714
ERR13927576.23757	1547	18.4292
ERR13927576.23758	1606	18.1961
ERR13927576.23759	1579	18.6162
ERR13927576.23760	1547	16.4952
ERR13927576.23761	1555	15.8849
ERR13927576.23762	1585	17.3401
ERR13927576.23763	1581	14.4927
ERR13927576.23764	1569	16.1676
ERR13927576.23765	3047	15.4562
ERR13927576.23766	1557	17.9127
ERR13927576.23767	1219	17.6194
ERR13927576.23768	1563	18.3954
ERR13927576.23769	1551	16.1522
ERR13927576.23770	1557	19.7001
ERR13927576.23771	1620	20.4235
ERR13927576.23772	1511	17.2952
ERR13927576.23773	1595	15.6878
ERR13927576.23774	1547	17.7763
ERR13927576.23775	203	14.4877
ERR13927576.23776	1560	17.1160
ERR13927576.23777	1577	17.2885
ERR13927576.23778	1588	15.7865
ERR13927576.23779	1530	14.9490
ERR13927576.23780	1568	17.4267
ERR13927576.23781	1586	16.0189
ERR13927576.23782	1570	18.8949
ERR13927576.23783	1567	19.7505
ERR13927576.23784	1552	19.8177
ERR13927576.23785	1575	18.1105
ERR13927576.23786	1565	20.8633
ERR13927576.23787	1550	17.8677
ERR13927576.23788	1571	19.9325
ERR13927576.23789	1486	16.9475
ERR13927576.23790	1578	18.8992
ERR13927576.23791	1569	18.4716
ERR13927576.23792	1575	18.6400
ERR13927576.23793	1555	16.9093
ERR13927576.23794	1531	16.4507
ERR13927576.23795	1583	18.3575
ERR13927576.23796	1547	16.9748
ERR13927576.23797	1550	16.0342
ERR13927576.23798	1572	20.0630
ERR13927576.23799	1575	20.5321
ERR13927576.23800	1563	19.2809
ERR13927576.23801	1558	18.4146
ERR13927576.23802	1523	16.3552
ERR13927576.23803	1959	16.8586
ERR13927576.23804	1550	18.4561
ERR13927576.23805	1609	18.6433
ERR13927576.23806	1581	18.2815
ERR13927576.23807	1513	17.3325
ERR13927576.23808	1549	15.7566
ERR13927576.23809	1546	18.0524
ERR13927576.23810	1590	18.3654
ERR13927576.23811	1537	18.5153
ERR13927576.23812	1541	17.7385
ERR13927576.23813	1518	15.7319
ERR13927576.23814	1556	18.2037
ERR13927576.23815	1580	20.2576
ERR13927576.23816	1612	17.9311
ERR13927576.23817	1545	16.7029
ERR13927576.23818	1576	17.7919
ERR13927576.23819	1558	18.2798
ERR13927576.23820	1564	16.5269
ERR13927576.23821	1573	19.0598
ERR13927576.23822	1558	20.3973
ERR13927576.23823	1604	15.9794
ERR13927576.23824	3127	16.9623
ERR13927576.23825	1563	17.0467
ERR13927576.23826	1565	19.3150
ERR13927576.23827	1579	18.5795
ERR13927576.23828	1585	18.9722
ERR13927576.23829	1574	17.6811
ERR13927576.23830	1590	18.3843
ERR13927576.23831	1550	18.9116
ERR13927576.23832	1536	17.3073
ERR13927576.23833	1574	15.4015
ERR13927576.23834	1555	18.0553
ERR13927576.23835	1579	15.4687
ERR13927576.23836	1566	17.4725
ERR13927576.23837	1572	16.8963
ERR13927576.23838	1567	16.4129
ERR13927576.23839	1560	16.8705
ERR13927576.23840	1568	17.0083
ERR13927576.23841	1536	16.4668
ERR13927576.23842	1609	18.5109
ERR13927576.23843	1545	15.5683
ERR13927576.23844	1525	18.7567
ERR13927576.23845	1566	16.5479
ERR13927576.23846	1559	18.3714
ERR13927576.23847	1567	18.3440
ERR13927576.23848	1544	17.4858
ERR13927576.23849	1566	17.3027
ERR13927576.23850	1561	16.9898
ERR13927576.23851	1590	18.6302
ERR13927576.23852	1610	18.8211
ERR13927576.23853	1561	21.7143
ERR13927576.23854	1573	17.8258
ERR13927576.23855	1629	18.9945
ERR13927576.23856	1614	18.9827
ERR13927576.23857	1537	14.9291
ERR13927576.23858	1528	20.2729
ERR13927576.23859	1547	17.0924
ERR13927576.23860	1554	19.6094
ERR13927576.23861	1581	17.5003
ERR13927576.23862	1612	18.6588
ERR13927576.23863	1510	15.5583
ERR13927576.23864	1607	18.5022
ERR13927576.23865	1575	17.1181
ERR13927576.23866	1552	18.1392
ERR13927576.23867	1584	16.3333
ERR13927576.23868	1541	18.7787
ERR13927576.23869	1565	18.6875
ERR13927576.23870	1575	19.6603
ERR13927576.23871	1569	15.4238
ERR13927576.23872	1572	18.4631
ERR13927576.23873	1555	18.8605
ERR13927576.23874	1565	16.8109
ERR13927576.23875	1562	19.3451
ERR13927576.23876	1625	17.4498
ERR13927576.23877	1569	17.4060
ERR13927576.23878	1588	18.0126
ERR13927576.23879	1555	18.3312
ERR13927576.23880	1561	19.0147
ERR13927576.23881	1544	16.2960
ERR13927576.23882	1541	16.8877
ERR13927576.23883	1525	16.2334
ERR13927576.23884	1582	17.6618
ERR13927576.23885	1556	18.2359
ERR13927576.23886	1544	16.8925
ERR13927576.23887	1556	16.9859
ERR13927576.23888	1563	17.9431
ERR13927576.23889	1502	17.1778
ERR13927576.23890	1217	17.1002
ERR13927576.23891	1585	21.9817
ERR13927576.23892	1529	16.5579
ERR13927576.23893	1589	21.0856
ERR13927576.23894	1546	15.5712
ERR13927576.23895	1583	15.1263
ERR13927576.23896	1573	17.3980
ERR13927576.23897	1520	15.9447
ERR13927576.23898	1625	18.1655
ERR13927576.23899	1549	15.2595
ERR13927576.23900	1556	17.0688
ERR13927576.23901	1555	18.1479
ERR13927576.23902	1575	16.6641
ERR13927576.23903	1015	17.2887
ERR13927576.23904	1559	16.1482
ERR13927576.23905	1573	18.9199
ERR13927576.23906	1556	16.2596
ERR13927576.23907	1564	17.8702
ERR13927576.23908	1577	17.2498
ERR13927576.23909	1542	16.9228
ERR13927576.23910	1539	16.7654
ERR13927576.23911	1563	16.9143
ERR13927576.23912	1516	15.9914
ERR13927576.23913	1597	16.6281
ERR13927576.23914	1557	16.8067
ERR13927576.23915	1569	15.6010
ERR13927576.23916	1566	17.6169
ERR13927576.23917	1505	15.5993
ERR13927576.23918	1542	18.8943
ERR13927576.23919	1595	15.3235
ERR13927576.23920	1436	16.5362
ERR13927576.23921	1565	17.6805
ERR13927576.23922	1553	18.8435
ERR13927576.23923	1571	17.5258
ERR13927576.23924	1557	16.9833
ERR13927576.23925	1562	15.2843
ERR13927576.23926	1548	18.0420
ERR13927576.23927	1519	14.8993
ERR13927576.23928	1576	17.3192
ERR13927576.23929	1536	17.1361
ERR13927576.23930	1574	18.3494
ERR13927576.23931	1568	16.5096
ERR13927576.23932	1567	17.1174
ERR13927576.23933	1562	17.2644
ERR13927576.23934	1583	15.3816
ERR13927576.23935	1538	16.1014
ERR13927576.23936	1591	16.2483
ERR13927576.23937	1544	17.7889
ERR13927576.23938	1556	17.2905
ERR13927576.23939	1556	18.3702
ERR13927576.23940	1467	17.6394
ERR13927576.23941	1581	21.8672
ERR13927576.23942	1620	17.4352
ERR13927576.23943	1570	17.3376
ERR13927576.23944	1584	17.0101
ERR13927576.23945	1536	18.2181
ERR13927576.23946	1558	15.6598
ERR13927576.23947	1485	16.4061
ERR13927576.23948	1556	16.1272
ERR13927576.23949	1552	19.4401
ERR13927576.23950	1542	16.9870
ERR13927576.23951	1460	15.2137
ERR13927576.23952	1567	19.4805
ERR13927576.23953	1525	16.2761
ERR13927576.23954	1569	15.5749
ERR13927576.23955	1549	19.2795
ERR13927576.23956	1589	18.3883
ERR13927576.23957	1594	19.8118
ERR13927576.23958	1523	17.0217
ERR13927576.23959	1562	18.0192
ERR13927576.23960	1469	14.4758
ERR13927576.23961	1577	18.2999
ERR13927576.23962	1545	16.5223
ERR13927576.23963	1539	15.9324
ERR13927576.23964	1572	17.0757
ERR13927576.23965	1536	16.2188
ERR13927576.23966	1604	16.5586
ERR13927576.23967	1582	16.8824
ERR13927576.23968	1582	16.2092
ERR13927576.23969	1563	17.5861
ERR13927576.23970	1486	17.6965
ERR13927576.23971	1551	20.7653
ERR13927576.23972	1515	14.9571
ERR13927576.23973	1594	19.4918
ERR13927576.23974	1575	16.6000
ERR13927576.23975	1536	15.9434
ERR13927576.23976	1551	15.7814
ERR13927576.23977	1356	13.9823
ERR13927576.23978	3072	14.9688
ERR13927576.23979	1551	17.8524
ERR13927576.23980	1540	18.2123
ERR13927576.23981	1585	17.2921
ERR13927576.23982	1561	16.9340
ERR13927576.23983	1579	16.8974
ERR13927576.23984	1551	16.4075
ERR13927576.23985	1562	16.7593
ERR13927576.23986	1601	18.1305
ERR13927576.23987	1653	17.4186
ERR13927576.23988	1576	15.3217
ERR13927576.23989	1549	17.8108
ERR13927576.23990	1502	18.8862
ERR13927576.23991	1550	20.0832
ERR13927576.23992	1581	20.0278
ERR13927576.23993	1551	15.8369
ERR13927576.23994	1543	17.3078
ERR13927576.23995	1550	17.9490
ERR13927576.23996	1556	18.3772
ERR13927576.23997	1493	15.6731
ERR13927576.23998	1587	17.6616
ERR13927576.23999	1535	15.6534
ERR13927576.24000	1582	19.0942
ERR13927576.24001	1568	19.0810
ERR13927576.24002	1569	18.7559
ERR13927576.24003	929	14.5070
ERR13927576.24004	1515	18.5835
ERR13927576.24005	1570	20.0561
ERR13927576.24006	1571	16.0286
ERR13927576.24007	1559	15.1180
ERR13927576.24008	1603	14.6201
ERR13927576.24009	1553	19.8706
ERR13927576.24010	1542	17.8476
ERR13927576.24011	1547	15.8177
ERR13927576.24012	1570	19.2363
ERR13927576.24013	1601	17.2236
ERR13927576.24014	1564	16.6208
ERR13927576.24015	1550	17.9561
ERR13927576.24016	699	16.4149
ERR13927576.24017	1557	18.4271
ERR13927576.24018	1572	16.8041
ERR13927576.24019	1589	20.0378
ERR13927576.24020	1558	18.0623
ERR13927576.24021	1564	19.5684
ERR13927576.24022	1599	16.8537
ERR13927576.24023	1568	18.9011
ERR13927576.24024	1533	17.2440
ERR13927576.24025	1551	15.5035
ERR13927576.24026	1572	18.2977
ERR13927576.24027	1580	18.5266
ERR13927576.24028	1560	16.4276
ERR13927576.24029	1591	18.3576
ERR13927576.24030	884	17.5181
ERR13927576.24031	1561	16.8104
ERR13927576.24032	1557	18.0295
ERR13927576.24033	1568	19.9560
ERR13927576.24034	1561	16.8751
ERR13927576.24035	1556	17.5231
ERR13927576.24036	1555	14.8212
ERR13927576.24037	1572	17.5681
ERR13927576.24038	1584	17.2513
ERR13927576.24039	1579	20.4775
ERR13927576.24040	1551	16.8788
ERR13927576.24041	1054	18.5342
ERR13927576.24042	1594	18.1255
ERR13927576.24043	1532	16.1084
ERR13927576.24044	1598	16.1220
ERR13927576.24045	1544	17.9560
ERR13927576.24046	1545	16.3489
ERR13927576.24047	1567	15.5067
ERR13927576.24048	1562	16.0909
ERR13927576.24049	1558	16.8472
ERR13927576.24050	1554	18.9099
ERR13927576.24051	1532	16.8649
ERR13927576.24052	508	20.3465
ERR13927576.24053	1536	16.0540
ERR13927576.24054	1670	20.4539
ERR13927576.24055	1303	16.3400
ERR13927576.24056	1551	19.6138
ERR13927576.24057	1577	20.4597
ERR13927576.24058	1550	18.4639
ERR13927576.24059	1571	19.4940
ERR13927576.24060	1566	18.2695
ERR13927576.24061	1633	19.3362
ERR13927576.24062	1558	17.4942
ERR13927576.24063	1591	19.0082
ERR13927576.24064	911	16.8123
ERR13927576.24065	1579	17.8562
ERR13927576.24066	1586	16.5227
ERR13927576.24067	1562	18.9597
ERR13927576.24068	1524	15.9646
ERR13927576.24069	1559	15.9506
ERR13927576.24070	1556	17.8477
ERR13927576.24071	1560	18.1878
ERR13927576.24072	1533	15.1402
ERR13927576.24073	1550	16.6703
ERR13927576.24074	1552	17.7236
ERR13927576.24075	1589	16.7401
ERR13927576.24076	1551	16.3327
ERR13927576.24077	1579	19.7175
ERR13927576.24078	1580	18.2949
ERR13927576.24079	1543	17.7680
ERR13927576.24080	1562	17.7234
ERR13927576.24081	1564	19.5844
ERR13927576.24082	1636	16.5526
ERR13927576.24083	1525	17.5141
ERR13927576.24084	1521	14.7936
ERR13927576.24085	1571	18.0509
ERR13927576.24086	1564	17.6477
ERR13927576.24087	1542	17.1492
ERR13927576.24088	1564	17.2756
ERR13927576.24089	1549	16.1988
ERR13927576.24090	1578	20.0051
ERR13927576.24091	1556	17.4524
ERR13927576.24092	1790	20.2156
ERR13927576.24093	1550	18.0574
ERR13927576.24094	1605	19.6199
ERR13927576.24095	1560	20.7788
ERR13927576.24096	1612	19.8542
ERR13927576.24097	1514	17.1453
ERR13927576.24098	1549	20.8715
ERR13927576.24099	1510	14.6927
ERR13927576.24100	1572	18.2118
ERR13927576.24101	1573	19.0903
ERR13927576.24102	1601	15.9813
ERR13927576.24103	925	13.8919
ERR13927576.24104	1543	18.7959
ERR13927576.24105	1618	18.0278
ERR13927576.24106	1570	17.0650
ERR13927576.24107	1568	18.0287
ERR13927576.24108	1566	19.6086
ERR13927576.24109	1576	18.0305
ERR13927576.24110	1567	19.5571
ERR13927576.24111	1583	17.5869
ERR13927576.24112	1545	15.8207
ERR13927576.24113	1574	18.9295
ERR13927576.24114	1626	17.7718
ERR13927576.24115	1580	18.6089
ERR13927576.24116	567	18.5750
ERR13927576.24117	1566	17.4693
ERR13927576.24118	1565	17.9732
ERR13927576.24119	1575	18.0533
ERR13927576.24120	1562	17.0973
ERR13927576.24121	1521	15.7548
ERR13927576.24122	1530	18.2863
ERR13927576.24123	1581	16.6901
ERR13927576.24124	1579	17.3483
ERR13927576.24125	1593	18.4501
ERR13927576.24126	1561	17.7277
ERR13927576.24127	1503	15.1710
ERR13927576.24128	1579	18.3749
ERR13927576.24129	1550	18.4748
ERR13927576.24130	1563	15.8311
ERR13927576.24131	1575	18.1810
ERR13927576.24132	1611	16.1577
ERR13927576.24133	1576	17.3261
ERR13927576.24134	1476	16.4566
ERR13927576.24135	1581	21.2511
ERR13927576.24136	1526	18.4482
ERR13927576.24137	1585	21.1319
ERR13927576.24138	1548	18.2655
ERR13927576.24139	1573	17.6459
ERR13927576.24140	1515	18.2924
ERR13927576.24141	1367	16.4579
ERR13927576.24142	1565	16.7776
ERR13927576.24143	1572	16.2010
ERR13927576.24144	1600	16.5237
ERR13927576.24145	1588	19.3866
ERR13927576.24146	1540	17.5857
ERR13927576.24147	1565	16.7003
ERR13927576.24148	1544	17.2494
ERR13927576.24149	1585	17.1672
ERR13927576.24150	1577	20.5301
ERR13927576.24151	1572	16.3403
ERR13927576.24152	1570	17.4726
ERR13927576.24153	1577	17.2308
ERR13927576.24154	1560	18.1846
ERR13927576.24155	3080	16.0756
ERR13927576.24156	1574	18.8609
ERR13927576.24157	1561	16.0852
ERR13927576.24158	1555	15.0437
ERR13927576.24159	1524	17.5781
ERR13927576.24160	1536	17.6367
ERR13927576.24161	1566	17.5939
ERR13927576.24162	1621	15.5034
ERR13927576.24163	1573	17.5817
ERR13927576.24164	556	17.2338
ERR13927576.24165	1550	16.8800
ERR13927576.24166	1580	18.6076
ERR13927576.24167	1591	18.1974
ERR13927576.24168	1584	17.6951
ERR13927576.24169	1408	19.9567
ERR13927576.24170	1559	19.7922
ERR13927576.24171	1586	19.2509
ERR13927576.24172	1574	18.1131
ERR13927576.24173	1548	17.8547
ERR13927576.24174	1545	15.4498
ERR13927576.24175	1574	16.0667
ERR13927576.24176	1575	18.3346
ERR13927576.24177	1572	15.1641
ERR13927576.24178	204	16.4510
ERR13927576.24179	1554	19.1338
ERR13927576.24180	1541	16.5354
ERR13927576.24181	1561	18.1896
ERR13927576.24182	1565	18.5942
ERR13927576.24183	1591	18.0880
ERR13927576.24184	1553	17.8764
ERR13927576.24185	1581	18.9602
ERR13927576.24186	1556	17.1620
ERR13927576.24187	1571	17.1229
ERR13927576.24188	1553	16.9156
ERR13927576.24189	1535	17.2860
ERR13927576.24190	1555	14.2997
ERR13927576.24191	1592	17.6847
ERR13927576.24192	1563	18.4850
ERR13927576.24193	1542	14.7445
ERR13927576.24194	1555	17.9408
ERR13927576.24195	1559	16.1956
ERR13927576.24196	1594	14.8306
ERR13927576.24197	1517	15.6566
ERR13927576.24198	1558	17.1425
ERR13927576.24199	1086	14.9300
ERR13927576.24200	1507	17.1858
ERR13927576.24201	1537	16.1496
ERR13927576.24202	1570	18.4580
ERR13927576.24203	1561	16.0557
ERR13927576.24204	1615	14.7337
ERR13927576.24205	698	17.6705
ERR13927576.24206	1519	16.8479
ERR13927576.24207	1574	18.0889
ERR13927576.24208	406	16.0049
ERR13927576.24209	1570	19.7197
ERR13927576.24210	1554	16.6589
ERR13927576.24211	1581	15.9235
ERR13927576.24212	1560	16.0571
ERR13927576.24213	1507	15.4386
ERR13927576.24214	1594	14.6939
ERR13927576.24215	1503	16.9182
ERR13927576.24216	556	17.0216
ERR13927576.24217	1346	20.0423
ERR13927576.24218	826	15.2530
ERR13927576.24219	1558	17.3466
ERR13927576.24220	1234	18.3436
ERR13927576.24221	1527	17.4008
ERR13927576.24222	1537	15.9102
ERR13927576.24223	1504	16.3105
ERR13927576.24224	1430	16.0748
ERR13927576.24225	1549	17.1821
ERR13927576.24226	1573	17.4221
ERR13927576.24227	1550	15.5226
ERR13927576.24228	1565	16.4070
ERR13927576.24229	1524	15.7736
ERR13927576.24230	1361	16.8957
ERR13927576.24231	1560	16.7878
ERR13927576.24232	1583	15.7871
ERR13927576.24233	1498	15.4232
ERR13927576.24234	3185	14.9058
ERR13927576.24235	1602	18.3202
ERR13927576.24236	1562	18.1581
ERR13927576.24237	1493	18.8922
ERR13927576.24238	1523	16.1819
ERR13927576.24239	1464	14.7787
ERR13927576.24240	1611	17.3973
ERR13927576.24241	1360	16.7588
ERR13927576.24242	1553	15.7547
ERR13927576.24243	1577	16.5758
ERR13927576.24244	860	16.9279
ERR13927576.24245	1573	16.7279
ERR13927576.24246	1566	14.9642
ERR13927576.24247	1498	18.1142
ERR13927576.24248	1567	15.2170
ERR13927576.24249	1510	14.9556
ERR13927576.24250	1531	15.6937
ERR13927576.24251	1554	18.9517
ERR13927576.24252	1567	16.0077
ERR13927576.24253	1574	16.5928
ERR13927576.24254	1588	16.0636
ERR13927576.24255	1588	17.8652
ERR13927576.24256	1537	17.8647
ERR13927576.24257	1554	16.9472
ERR13927576.24258	919	14.5103
ERR13927576.24259	1129	16.1940
ERR13927576.24260	1389	14.7171
ERR13927576.24261	3224	17.0422
ERR13927576.24262	1562	17.9885
ERR13927576.24263	1550	17.2342
ERR13927576.24264	1596	16.1629
ERR13927576.24265	1565	16.5521
ERR13927576.24266	1551	18.6879
ERR13927576.24267	1423	17.4982
ERR13927576.24268	1536	16.2930
ERR13927576.24269	458	17.1376
ERR13927576.24270	1508	18.3793
ERR13927576.24271	1561	15.9660
ERR13927576.24272	1565	18.9674
ERR13927576.24273	1604	15.4458
ERR13927576.24274	1431	15.5807
ERR13927576.24275	1565	16.7751
ERR13927576.24276	1615	18.4557
ERR13927576.24277	1590	17.7031
ERR13927576.24278	1533	15.8206
ERR13927576.24279	1568	14.8163
ERR13927576.24280	1504	15.4840
ERR13927576.24281	882	14.8594
ERR13927576.24282	1545	16.7430
ERR13927576.24283	797	16.6989
ERR13927576.24284	1371	19.1524
ERR13927576.24285	1173	14.8159
ERR13927576.24286	1560	16.5109
ERR13927576.24287	1547	17.7686
ERR13927576.24288	431	17.7749
ERR13927576.24289	1523	15.4616
ERR13927576.24290	561	18.4813
ERR13927576.24291	1539	16.9831
ERR13927576.24292	1461	20.6845
ERR13927576.24293	1557	17.0193
ERR13927576.24294	1589	16.5211
ERR13927576.24295	1542	18.0966
ERR13927576.24296	1548	18.2009
ERR13927576.24297	1541	14.9942
ERR13927576.24298	1602	17.7166
ERR13927576.24299	1546	16.1494
ERR13927576.24300	961	14.7294
ERR13927576.24301	1526	15.2123
ERR13927576.24302	1565	17.2153
ERR13927576.24303	1503	15.0173
ERR13927576.24304	2099	16.2015
ERR13927576.24305	1266	17.0782
ERR13927576.24306	1496	15.4953
ERR13927576.24307	1542	16.6394
ERR13927576.24308	1559	20.0115
ERR13927576.24309	1592	17.5609
ERR13927576.24310	1509	16.6375
ERR13927576.24311	1507	14.4698
ERR13927576.24312	1478	15.4520
ERR13927576.24313	1518	14.4638
ERR13927576.24314	1582	17.2187
ERR13927576.24315	1573	16.1577
ERR13927576.24316	1671	16.0192
ERR13927576.24317	1288	15.2026
ERR13927576.24318	1538	16.5273
ERR13927576.24319	1580	17.2867
ERR13927576.24320	1519	20.8881
ERR13927576.24321	1559	14.7749
ERR13927576.24322	1522	19.2924
ERR13927576.24323	1555	17.5196
ERR13927576.24324	1536	14.1562
ERR13927576.24325	1564	15.6451
ERR13927576.24326	1178	15.5153
ERR13927576.24327	1505	17.3621
ERR13927576.24328	1542	14.9948
ERR13927576.24329	1546	18.9715
ERR13927576.24330	1537	15.7801
ERR13927576.24331	1244	21.0555
ERR13927576.24332	1554	14.7143
ERR13927576.24333	1551	15.2959
ERR13927576.24334	1516	16.0297
ERR13927576.24335	1561	18.1883
ERR13927576.24336	1583	16.0006
ERR13927576.24337	1555	14.5923
ERR13927576.24338	1532	17.7213
ERR13927576.24339	1555	18.7415
ERR13927576.24340	1501	15.4977
ERR13927576.24341	1587	17.8544
ERR13927576.24342	1533	18.7489
ERR13927576.24343	1547	17.9321
ERR13927576.24344	1459	15.6429
ERR13927576.24345	1540	15.6377
ERR13927576.24346	1529	16.3244
ERR13927576.24347	1571	17.3864
ERR13927576.24348	1507	14.6516
ERR13927576.24349	1547	15.7498
ERR13927576.24350	1568	16.3386
ERR13927576.24351	1572	17.2767
ERR13927576.24352	1544	18.9229
ERR13927576.24353	1570	15.5962
ERR13927576.24354	1548	17.3346
ERR13927576.24355	1528	16.3076
ERR13927576.24356	1490	15.7530
ERR13927576.24357	1149	15.0157
ERR13927576.24358	1567	19.5501
ERR13927576.24359	1720	18.3640
ERR13927576.24360	1578	17.8599
ERR13927576.24361	1584	14.7273
ERR13927576.24362	1461	15.3559
ERR13927576.24363	1546	16.6417
ERR13927576.24364	1183	18.7532
ERR13927576.24365	1508	15.4516
ERR13927576.24366	1554	15.5373
ERR13927576.24367	1541	19.3180
ERR13927576.24368	1524	19.7047
ERR13927576.24369	1610	17.8720
ERR13927576.24370	1516	16.5106
