read_id	length	mean_Q
ERR13927504.1	1529	15.8404
ERR13927504.2	265	11.9623
ERR13927504.3	178	12.2528
ERR13927504.4	1545	15.6518
ERR13927504.5	674	14.0875
ERR13927504.6	1539	14.4282
ERR13927504.7	1488	14.6022
ERR13927504.8	1577	14.6893
ERR13927504.9	1533	15.6660
ERR13927504.10	1517	13.7779
ERR13927504.11	1476	14.4485
ERR13927504.12	1576	17.1580
ERR13927504.13	1575	15.8908
ERR13927504.14	1516	14.8067
ERR13927504.15	1541	14.2583
ERR13927504.16	1553	16.4965
ERR13927504.17	1556	13.5456
ERR13927504.18	467	12.7837
ERR13927504.19	1621	13.9161
ERR13927504.20	1541	16.1291
ERR13927504.21	1545	13.8718
ERR13927504.22	1520	14.4079
ERR13927504.23	1560	15.0449
ERR13927504.24	1579	15.8543
ERR13927504.25	1524	15.7795
ERR13927504.26	1487	13.8285
ERR13927504.27	1564	16.1995
ERR13927504.28	1533	16.7065
ERR13927504.29	1185	14.5781
ERR13927504.30	1508	15.7374
ERR13927504.31	1563	14.5969
ERR13927504.32	1573	15.1182
ERR13927504.33	1536	14.5651
ERR13927504.34	249	10.9759
ERR13927504.35	1621	15.9038
ERR13927504.36	1534	13.7640
ERR13927504.37	1576	17.3242
ERR13927504.38	1509	16.1398
ERR13927504.39	1535	15.3629
ERR13927504.40	1559	15.3797
ERR13927504.41	779	12.9281
ERR13927504.42	1562	15.0589
ERR13927504.43	1044	13.8487
ERR13927504.44	1547	14.1008
ERR13927504.45	1557	16.2017
ERR13927504.46	1559	13.9827
ERR13927504.47	1326	15.6154
ERR13927504.48	1574	15.2357
ERR13927504.49	1495	14.5023
ERR13927504.50	1528	15.7343
ERR13927504.51	1587	14.9401
ERR13927504.52	1578	17.6850
ERR13927504.53	1538	14.8830
ERR13927504.54	1581	15.4485
ERR13927504.55	1568	15.4050
ERR13927504.56	1567	14.7237
ERR13927504.57	1464	16.3395
ERR13927504.58	1529	14.8875
ERR13927504.59	1542	14.5091
ERR13927504.60	1506	14.1846
ERR13927504.61	1492	14.7393
ERR13927504.62	1563	15.1408
ERR13927504.63	1608	15.1287
ERR13927504.64	1547	16.5482
ERR13927504.65	1578	16.3346
ERR13927504.66	181	13.7514
ERR13927504.67	1521	15.1683
ERR13927504.68	1578	14.3764
ERR13927504.69	1542	15.1978
ERR13927504.70	1567	14.4320
ERR13927504.71	1581	16.4763
ERR13927504.72	1540	14.5325
ERR13927504.73	1506	14.1368
ERR13927504.74	1554	15.5952
ERR13927504.75	1528	15.0177
ERR13927504.76	1526	15.0773
ERR13927504.77	1566	16.3876
ERR13927504.78	1556	15.1240
ERR13927504.79	1549	16.5042
ERR13927504.80	1551	14.0554
ERR13927504.81	1573	16.5022
ERR13927504.82	1522	14.6971
ERR13927504.83	2213	22.9065
ERR13927504.84	1526	15.5904
ERR13927504.85	1543	14.3778
ERR13927504.86	1549	14.3493
ERR13927504.87	1580	13.6880
ERR13927504.88	1553	16.0039
ERR13927504.89	1569	15.8827
ERR13927504.90	1560	15.3385
ERR13927504.91	1502	15.9134
ERR13927504.92	1528	16.0955
ERR13927504.93	1551	17.0193
ERR13927504.94	1613	14.9684
ERR13927504.95	1571	15.1388
ERR13927504.96	1575	15.7308
ERR13927504.97	1557	16.0417
ERR13927504.98	1546	16.5873
ERR13927504.99	1521	14.9928
ERR13927504.100	1567	14.4448
ERR13927504.101	1554	14.8147
ERR13927504.102	1449	14.5776
ERR13927504.103	1556	14.9846
ERR13927504.104	1652	16.3517
ERR13927504.105	1583	14.0082
ERR13927504.106	1570	16.9987
ERR13927504.107	1514	13.1334
ERR13927504.108	523	13.5545
ERR13927504.109	1555	15.5068
ERR13927504.110	1559	15.4708
ERR13927504.111	1569	15.3862
ERR13927504.112	1475	14.2014
ERR13927504.113	1519	14.2192
ERR13927504.114	1538	16.1651
ERR13927504.115	1477	13.9587
ERR13927504.116	1487	14.4512
ERR13927504.117	1534	15.8383
ERR13927504.118	1580	16.7348
ERR13927504.119	1505	13.6352
ERR13927504.120	1445	14.5239
ERR13927504.121	529	12.6200
ERR13927504.122	1591	14.1571
ERR13927504.123	1576	15.1491
ERR13927504.124	1488	15.8380
ERR13927504.125	1552	15.0728
ERR13927504.126	1586	15.1299
ERR13927504.127	1528	15.3822
ERR13927504.128	1575	14.9562
ERR13927504.129	1540	15.5110
ERR13927504.130	1503	14.9674
ERR13927504.131	1535	16.9550
ERR13927504.132	1569	15.7699
ERR13927504.133	1559	13.9262
ERR13927504.134	1711	14.1882
ERR13927504.135	1563	13.4363
ERR13927504.136	1547	14.3814
ERR13927504.137	1549	14.9232
ERR13927504.138	1536	15.0807
ERR13927504.139	1277	14.4448
ERR13927504.140	1574	15.3424
ERR13927504.141	1547	17.5495
ERR13927504.142	1563	14.9731
ERR13927504.143	1541	15.1454
ERR13927504.144	1540	14.5325
ERR13927504.145	1511	14.2502
ERR13927504.146	1545	15.7087
ERR13927504.147	1529	14.8470
ERR13927504.148	1520	13.5553
ERR13927504.149	1504	15.0080
ERR13927504.150	1542	14.9812
ERR13927504.151	1555	16.0804
ERR13927504.152	1509	14.4175
ERR13927504.153	1541	14.4387
ERR13927504.154	1557	14.4226
ERR13927504.155	1561	17.8930
ERR13927504.156	1591	16.0987
ERR13927504.157	1523	16.1937
ERR13927504.158	606	14.8201
ERR13927504.159	1490	14.1940
ERR13927504.160	1530	14.7765
ERR13927504.161	1573	15.8913
ERR13927504.162	1564	16.0198
ERR13927504.163	1555	14.5762
ERR13927504.164	1510	13.7060
ERR13927504.165	1563	14.5310
ERR13927504.166	1547	15.8759
ERR13927504.167	1527	14.4244
ERR13927504.168	1578	15.5501
ERR13927504.169	1540	15.6370
ERR13927504.170	1553	16.3271
ERR13927504.171	1551	14.1812
ERR13927504.172	1506	15.5212
ERR13927504.173	1561	16.2357
ERR13927504.174	1530	14.0105
ERR13927504.175	1551	16.0387
ERR13927504.176	1552	14.4330
ERR13927504.177	1562	15.6985
ERR13927504.178	1551	14.4449
ERR13927504.179	1559	15.6632
ERR13927504.180	1539	14.3028
ERR13927504.181	1510	13.4099
ERR13927504.182	793	14.4111
ERR13927504.183	1254	13.9354
ERR13927504.184	1581	14.8166
ERR13927504.185	1484	13.3032
ERR13927504.186	215	10.9814
ERR13927504.187	1529	14.9941
ERR13927504.188	1561	15.6028
ERR13927504.189	1539	15.4815
ERR13927504.190	1570	15.3248
ERR13927504.191	1544	15.3199
ERR13927504.192	1546	14.2439
ERR13927504.193	1535	16.1537
ERR13927504.194	1511	13.9246
ERR13927504.195	1491	14.8095
ERR13927504.196	1514	14.1856
ERR13927504.197	1545	15.0550
ERR13927504.198	1552	14.1778
ERR13927504.199	1618	15.6273
ERR13927504.200	1561	14.0295
ERR13927504.201	1584	15.7172
ERR13927504.202	1578	16.6179
ERR13927504.203	1546	14.7924
ERR13927504.204	369	15.6125
ERR13927504.205	1529	13.9791
ERR13927504.206	1523	14.0703
ERR13927504.207	208	11.1635
ERR13927504.208	1637	18.0672
ERR13927504.209	1603	14.9414
ERR13927504.210	1574	15.4581
ERR13927504.211	1609	14.8931
ERR13927504.212	1540	16.5714
ERR13927504.213	1539	14.4971
ERR13927504.214	1589	14.8993
ERR13927504.215	946	13.9619
ERR13927504.216	1555	15.5531
ERR13927504.217	1595	15.6376
ERR13927504.218	1542	14.6829
ERR13927504.219	156	14.8269
ERR13927504.220	1566	14.0536
ERR13927504.221	1580	14.2247
ERR13927504.222	1539	15.6615
ERR13927504.223	220	16.6227
ERR13927504.224	1560	14.2385
ERR13927504.225	1599	14.3965
ERR13927504.226	1576	14.4810
ERR13927504.227	1537	14.0846
ERR13927504.228	253	11.7391
ERR13927504.229	1523	14.3775
ERR13927504.230	1578	15.2662
ERR13927504.231	1528	14.7971
ERR13927504.232	1543	14.6267
ERR13927504.233	1553	13.7817
ERR13927504.234	283	12.3675
ERR13927504.235	1538	14.4974
ERR13927504.236	1586	15.4256
ERR13927504.237	1509	15.5547
ERR13927504.238	1564	15.2724
ERR13927504.239	1563	15.6180
ERR13927504.240	295	13.9051
ERR13927504.241	1536	15.1237
ERR13927504.242	1564	15.6017
ERR13927504.243	884	13.7353
ERR13927504.244	1556	15.3715
ERR13927504.245	1576	15.3902
ERR13927504.246	1707	15.7762
ERR13927504.247	1548	14.7913
ERR13927504.248	1552	14.5045
ERR13927504.249	1556	14.2751
ERR13927504.250	348	14.9971
ERR13927504.251	239	11.8787
ERR13927504.252	1547	14.0989
ERR13927504.253	1529	15.0098
ERR13927504.254	466	14.6073
ERR13927504.255	1547	13.7175
ERR13927504.256	1529	14.2145
ERR13927504.257	1594	13.7622
ERR13927504.258	1552	14.3647
ERR13927504.259	1574	16.2637
ERR13927504.260	166	10.2048
ERR13927504.261	1575	15.7200
ERR13927504.262	1573	15.1704
ERR13927504.263	224	11.0759
ERR13927504.264	1572	14.4885
ERR13927504.265	1555	14.2997
ERR13927504.266	1596	15.6385
ERR13927504.267	1516	15.1062
ERR13927504.268	844	15.8104
ERR13927504.269	212	12.7358
ERR13927504.270	1585	14.4713
ERR13927504.271	1554	14.9640
ERR13927504.272	1573	15.1596
ERR13927504.273	1591	14.4236
ERR13927504.274	1587	15.7801
ERR13927504.275	1558	13.7291
ERR13927504.276	1569	14.9707
ERR13927504.277	1565	14.0901
ERR13927504.278	1566	16.0217
ERR13927504.279	1555	15.3942
ERR13927504.280	1597	15.2004
ERR13927504.281	1542	14.0370
ERR13927504.282	1534	14.4524
ERR13927504.283	1558	14.3158
ERR13927504.284	1543	14.9780
ERR13927504.285	1530	15.2405
ERR13927504.286	1578	14.7744
ERR13927504.287	1601	14.9082
ERR13927504.288	1523	15.1097
ERR13927504.289	1511	14.9140
ERR13927504.290	1481	15.2275
ERR13927504.291	1512	15.9378
ERR13927504.292	1543	16.2890
ERR13927504.293	1024	14.4951
ERR13927504.294	1363	15.4784
ERR13927504.295	1554	15.6004
ERR13927504.296	1495	14.4789
ERR13927504.297	1518	14.5810
ERR13927504.298	1480	13.8784
ERR13927504.299	1510	16.5139
ERR13927504.300	1527	15.0753
ERR13927504.301	1508	14.1936
ERR13927504.302	1546	15.5796
ERR13927504.303	1500	14.0853
ERR13927504.304	1495	14.6147
ERR13927504.305	1568	14.3559
ERR13927504.306	1482	15.8812
ERR13927504.307	1512	15.3776
ERR13927504.308	670	14.0418
ERR13927504.309	1420	15.5606
ERR13927504.310	1543	14.7395
ERR13927504.311	1551	15.0870
ERR13927504.312	1596	14.8528
ERR13927504.313	1224	14.7181
ERR13927504.314	1548	16.8592
ERR13927504.315	1535	15.6137
ERR13927504.316	958	15.1618
ERR13927504.317	1441	15.1804
ERR13927504.318	1462	14.9480
ERR13927504.319	1527	14.9306
ERR13927504.320	1525	14.9475
ERR13927504.321	1557	15.9390
ERR13927504.322	1549	16.0529
ERR13927504.323	192	15.5729
ERR13927504.324	1545	13.9430
ERR13927504.325	1550	15.4355
ERR13927504.326	1575	15.7251
ERR13927504.327	1571	16.7537
ERR13927504.328	1497	15.5758
ERR13927504.329	1415	15.6664
ERR13927504.330	1551	17.1844
ERR13927504.331	1530	14.1706
ERR13927504.332	1510	14.7146
ERR13927504.333	1569	14.7578
ERR13927504.334	1570	15.2019
ERR13927504.335	1531	15.3220
ERR13927504.336	532	12.9962
ERR13927504.337	438	14.7626
ERR13927504.338	1553	15.6497
ERR13927504.339	1553	14.4057
ERR13927504.340	1530	15.0124
ERR13927504.341	1511	14.2786
ERR13927504.342	179	18.5642
ERR13927504.343	1745	15.9037
ERR13927504.344	1585	15.8612
ERR13927504.345	1592	15.2180
ERR13927504.346	1572	14.8244
ERR13927504.347	1588	14.5302
ERR13927504.348	1493	16.2083
ERR13927504.349	1554	16.6184
ERR13927504.350	1574	15.2033
ERR13927504.351	1512	16.0423
ERR13927504.352	1551	14.3366
ERR13927504.353	222	13.3288
ERR13927504.354	1552	15.0367
ERR13927504.355	1553	15.0753
ERR13927504.356	915	15.2645
ERR13927504.357	939	14.8711
ERR13927504.358	1520	15.7474
ERR13927504.359	1575	13.9695
ERR13927504.360	1574	15.2421
ERR13927504.361	525	12.6686
ERR13927504.362	1542	14.9228
ERR13927504.363	1591	14.7838
ERR13927504.364	1540	15.1364
ERR13927504.365	1504	15.6835
ERR13927504.366	1582	14.0455
ERR13927504.367	1541	14.1382
ERR13927504.368	1573	16.2505
ERR13927504.369	1485	15.9030
ERR13927504.370	1550	14.5974
ERR13927504.371	1614	14.9597
ERR13927504.372	1568	15.6460
ERR13927504.373	1537	13.9453
ERR13927504.374	1557	14.1959
ERR13927504.375	1538	14.0787
ERR13927504.376	1476	12.9214
ERR13927504.377	1564	14.4201
ERR13927504.378	1032	13.8401
ERR13927504.379	1585	15.8322
ERR13927504.380	1531	15.9706
ERR13927504.381	1552	15.4465
ERR13927504.382	1604	16.6035
ERR13927504.383	1557	13.8189
ERR13927504.384	1578	14.9018
ERR13927504.385	1588	14.1259
ERR13927504.386	1583	14.1232
ERR13927504.387	1568	14.6409
ERR13927504.388	1528	14.4705
ERR13927504.389	1644	15.0760
ERR13927504.390	1579	15.3629
ERR13927504.391	1546	16.3984
ERR13927504.392	1581	15.4383
ERR13927504.393	1525	13.9016
ERR13927504.394	1551	13.6744
ERR13927504.395	1510	15.2404
ERR13927504.396	1570	15.0936
ERR13927504.397	1551	15.1038
ERR13927504.398	1610	14.3273
ERR13927504.399	1574	15.1233
ERR13927504.400	835	14.6946
ERR13927504.401	1587	17.3636
ERR13927504.402	1587	15.2205
ERR13927504.403	1576	16.6174
ERR13927504.404	1557	13.1888
ERR13927504.405	1531	14.9197
ERR13927504.406	1574	15.4206
ERR13927504.407	1570	15.2268
ERR13927504.408	1558	13.8992
ERR13927504.409	1517	14.8649
ERR13927504.410	1600	15.3656
ERR13927504.411	1572	15.2220
ERR13927504.412	1579	14.6707
ERR13927504.413	222	15.9865
ERR13927504.414	1552	15.9620
ERR13927504.415	1578	14.9259
ERR13927504.416	1586	16.0315
ERR13927504.417	956	14.0523
ERR13927504.418	1522	14.2989
ERR13927504.419	1549	14.9929
ERR13927504.420	1502	14.7650
ERR13927504.421	1619	15.1174
ERR13927504.422	1581	14.6964
ERR13927504.423	215	12.5023
ERR13927504.424	832	18.9796
ERR13927504.425	1688	15.4402
ERR13927504.426	1567	14.5756
ERR13927504.427	1550	13.7839
ERR13927504.428	1552	15.0561
ERR13927504.429	1583	16.5483
ERR13927504.430	1524	13.8287
ERR13927504.431	1596	14.5940
ERR13927504.432	1546	13.9754
ERR13927504.433	1520	15.4691
ERR13927504.434	1581	14.7887
ERR13927504.435	1656	16.7107
ERR13927504.436	1592	15.5094
ERR13927504.437	1515	16.6924
ERR13927504.438	459	14.0174
ERR13927504.439	1639	15.9908
ERR13927504.440	1581	14.6154
ERR13927504.441	1584	16.3952
ERR13927504.442	1439	14.3982
ERR13927504.443	1472	15.2935
ERR13927504.444	1546	15.8784
ERR13927504.445	1544	15.1043
ERR13927504.446	1522	14.6124
ERR13927504.447	1512	15.2011
ERR13927504.448	380	13.7000
ERR13927504.449	1595	14.9323
ERR13927504.450	1515	15.5050
ERR13927504.451	1711	18.0339
ERR13927504.452	1591	16.1339
ERR13927504.453	1562	14.5762
ERR13927504.454	1545	13.9508
ERR13927504.455	1532	14.5013
ERR13927504.456	1547	14.4686
ERR13927504.457	1542	14.1077
ERR13927504.458	1586	16.0076
ERR13927504.459	422	13.2346
ERR13927504.460	1568	15.2449
ERR13927504.461	1487	15.3793
ERR13927504.462	1552	16.3711
ERR13927504.463	469	13.0938
ERR13927504.464	1562	17.0134
ERR13927504.465	1585	16.1035
ERR13927504.466	1542	15.0837
ERR13927504.467	874	14.1934
ERR13927504.468	1544	16.0130
ERR13927504.469	1540	15.6604
ERR13927504.470	1565	15.2843
ERR13927504.471	1640	14.8537
ERR13927504.472	1563	16.3084
ERR13927504.473	1558	15.2375
ERR13927504.474	1627	14.2600
ERR13927504.475	1521	15.4931
ERR13927504.476	1599	16.0876
ERR13927504.477	1562	14.9219
ERR13927504.478	1579	14.4984
ERR13927504.479	1558	14.9634
ERR13927504.480	1578	16.7041
ERR13927504.481	1550	14.3181
ERR13927504.482	1548	14.7868
ERR13927504.483	1541	14.6892
ERR13927504.484	1528	15.2808
ERR13927504.485	321	14.5857
ERR13927504.486	1545	14.4887
ERR13927504.487	1550	16.2168
ERR13927504.488	1556	14.4467
ERR13927504.489	1561	15.4382
ERR13927504.490	1540	15.2799
ERR13927504.491	1574	14.2706
ERR13927504.492	1545	15.3223
ERR13927504.493	1547	14.7589
ERR13927504.494	1565	15.8901
ERR13927504.495	1558	15.8306
ERR13927504.496	1560	14.6744
ERR13927504.497	1575	15.5016
ERR13927504.498	1543	14.8879
ERR13927504.499	1585	14.3912
ERR13927504.500	586	15.1451
ERR13927504.501	1534	14.9505
ERR13927504.502	1547	14.5960
ERR13927504.503	1556	16.0135
ERR13927504.504	1632	14.8725
ERR13927504.505	1547	14.2889
ERR13927504.506	1556	15.0206
ERR13927504.507	1532	15.6651
ERR13927504.508	1528	16.3076
ERR13927504.509	1583	14.9640
ERR13927504.510	1542	15.7918
ERR13927504.511	1537	15.1548
ERR13927504.512	1521	15.7370
ERR13927504.513	984	14.4949
ERR13927504.514	1546	13.8532
ERR13927504.515	518	14.4749
ERR13927504.516	212	16.2028
ERR13927504.517	1500	15.1093
ERR13927504.518	1566	14.2867
ERR13927504.519	1547	14.6102
ERR13927504.520	1580	15.6614
ERR13927504.521	1542	14.4663
ERR13927504.522	1561	14.8085
ERR13927504.523	1544	15.2001
ERR13927504.524	1506	15.2165
ERR13927504.525	1536	15.6452
ERR13927504.526	1547	17.3032
ERR13927504.527	328	13.0457
ERR13927504.528	1541	13.7411
ERR13927504.529	1521	15.2952
ERR13927504.530	1552	14.9659
ERR13927504.531	1537	14.9980
ERR13927504.532	1529	14.5749
ERR13927504.533	1561	14.9827
ERR13927504.534	1587	15.5388
ERR13927504.535	1555	14.4334
ERR13927504.536	1578	15.5976
ERR13927504.537	1552	15.9491
ERR13927504.538	1584	16.0297
ERR13927504.539	1529	15.8313
ERR13927504.540	1577	14.1890
ERR13927504.541	1571	15.8530
ERR13927504.542	198	13.7576
ERR13927504.543	229	11.9520
ERR13927504.544	1564	14.7756
ERR13927504.545	1580	15.9323
ERR13927504.546	1559	14.4490
ERR13927504.547	1533	15.9132
ERR13927504.548	1535	14.3837
ERR13927504.549	1184	17.0676
ERR13927504.550	182	11.1429
ERR13927504.551	1563	15.2802
ERR13927504.552	434	15.4724
ERR13927504.553	1561	15.8065
ERR13927504.554	1520	13.6743
ERR13927504.555	1588	15.6952
ERR13927504.556	798	15.1905
ERR13927504.557	1607	15.0404
ERR13927504.558	1424	14.7135
ERR13927504.559	1563	16.3724
ERR13927504.560	1553	16.4501
ERR13927504.561	1571	14.3966
ERR13927504.562	851	15.0870
ERR13927504.563	1531	14.5532
ERR13927504.564	1565	14.9035
ERR13927504.565	1534	15.1669
ERR13927504.566	1547	14.7563
ERR13927504.567	190	13.2263
ERR13927504.568	1586	14.6665
ERR13927504.569	1589	14.2643
ERR13927504.570	1533	15.4194
ERR13927504.571	1552	15.5825
ERR13927504.572	870	15.3195
ERR13927504.573	1563	14.9974
ERR13927504.574	1572	15.3015
ERR13927504.575	1582	14.2952
ERR13927504.576	1575	15.2825
ERR13927504.577	1580	16.2348
ERR13927504.578	1582	15.3584
ERR13927504.579	1558	14.7131
ERR13927504.580	192	10.8646
ERR13927504.581	1504	15.6616
ERR13927504.582	1548	14.7422
ERR13927504.583	1560	14.9301
ERR13927504.584	1525	13.5174
ERR13927504.585	1523	15.4327
ERR13927504.586	1571	16.4990
ERR13927504.587	1570	15.7242
ERR13927504.588	1558	15.2022
ERR13927504.589	1546	14.7374
ERR13927504.590	867	14.5052
ERR13927504.591	1575	15.6273
ERR13927504.592	1542	15.2399
ERR13927504.593	1579	15.0532
ERR13927504.594	1528	14.7768
ERR13927504.595	1533	16.9093
ERR13927504.596	1543	14.8458
ERR13927504.597	1486	15.5552
ERR13927504.598	1567	15.0191
ERR13927504.599	1601	15.9956
ERR13927504.600	1563	15.9930
ERR13927504.601	1297	14.0979
ERR13927504.602	1559	16.2899
ERR13927504.603	1541	16.2453
ERR13927504.604	1549	16.3060
ERR13927504.605	1573	14.7355
ERR13927504.606	1536	14.9219
ERR13927504.607	1656	14.7307
ERR13927504.608	1508	13.5763
ERR13927504.609	1616	15.4035
ERR13927504.610	1513	14.4931
ERR13927504.611	1579	14.5795
ERR13927504.612	241	14.4689
ERR13927504.613	1537	15.8484
ERR13927504.614	1558	15.7169
ERR13927504.615	1536	16.0078
ERR13927504.616	199	12.8291
ERR13927504.617	802	17.5673
ERR13927504.618	1574	14.9740
ERR13927504.619	201	13.1443
ERR13927504.620	1032	13.4922
ERR13927504.621	1575	15.9937
ERR13927504.622	1527	14.5553
ERR13927504.623	1547	15.2980
ERR13927504.624	1560	16.2128
ERR13927504.625	1607	14.6254
ERR13927504.626	1585	16.0543
ERR13927504.627	1533	15.4286
ERR13927504.628	1577	17.2289
ERR13927504.629	1595	14.7586
ERR13927504.630	1571	15.3132
ERR13927504.631	1581	16.4820
ERR13927504.632	1573	14.5296
ERR13927504.633	1578	14.8422
ERR13927504.634	1530	15.0941
ERR13927504.635	1435	15.8139
ERR13927504.636	1584	14.7595
ERR13927504.637	1532	15.1606
ERR13927504.638	205	12.5659
ERR13927504.639	1579	15.8499
ERR13927504.640	1577	16.4775
ERR13927504.641	1567	13.6650
ERR13927504.642	1604	15.7774
ERR13927504.643	1547	15.0187
ERR13927504.644	1583	14.5452
ERR13927504.645	1619	14.2903
ERR13927504.646	1583	15.2021
ERR13927504.647	1575	15.7714
ERR13927504.648	1612	15.1030
ERR13927504.649	1546	14.2380
ERR13927504.650	1555	14.4508
ERR13927504.651	1567	15.5361
ERR13927504.652	1566	15.7452
ERR13927504.653	1503	16.0699
ERR13927504.654	1541	14.3530
ERR13927504.655	1554	16.5032
ERR13927504.656	1586	15.9388
ERR13927504.657	1594	15.0690
ERR13927504.658	1576	16.4664
ERR13927504.659	1387	15.8558
ERR13927504.660	1528	15.1734
ERR13927504.661	1546	14.9321
ERR13927504.662	1458	13.6859
ERR13927504.663	1545	14.7126
ERR13927504.664	1571	15.2648
ERR13927504.665	1579	14.8936
ERR13927504.666	1616	14.4530
ERR13927504.667	1544	14.0324
ERR13927504.668	1527	13.8343
ERR13927504.669	1573	16.4539
ERR13927504.670	1557	15.7367
ERR13927504.671	1583	15.7353
ERR13927504.672	1553	15.4437
ERR13927504.673	1539	15.6452
ERR13927504.674	1607	15.4823
ERR13927504.675	1528	14.6963
ERR13927504.676	1594	15.6688
ERR13927504.677	1562	14.4206
ERR13927504.678	1592	15.0905
ERR13927504.679	1521	14.9862
ERR13927504.680	1584	17.2746
ERR13927504.681	1545	15.3851
ERR13927504.682	1533	13.9322
ERR13927504.683	1581	14.1891
ERR13927504.684	1526	15.4135
ERR13927504.685	1555	15.2180
ERR13927504.686	1406	15.2518
ERR13927504.687	1564	14.6758
ERR13927504.688	1607	14.1649
ERR13927504.689	1558	14.1444
ERR13927504.690	1519	15.7097
ERR13927504.691	1528	14.2179
ERR13927504.692	1526	16.8034
ERR13927504.693	1577	14.6614
ERR13927504.694	1629	14.9847
ERR13927504.695	1593	15.5556
ERR13927504.696	206	12.7816
ERR13927504.697	1695	14.7870
ERR13927504.698	1543	14.1251
ERR13927504.699	1554	15.5238
ERR13927504.700	1529	16.0301
ERR13927504.701	1620	16.9235
ERR13927504.702	1552	15.4008
ERR13927504.703	1600	15.1325
ERR13927504.704	1559	15.0507
ERR13927504.705	1552	17.2938
ERR13927504.706	1553	13.5538
ERR13927504.707	178	11.8202
ERR13927504.708	1613	14.9783
ERR13927504.709	1585	14.8164
ERR13927504.710	1429	15.3065
ERR13927504.711	1544	15.3141
ERR13927504.712	1571	15.6575
ERR13927504.713	1591	15.0383
ERR13927504.714	1549	15.9987
ERR13927504.715	1565	14.8863
ERR13927504.716	1553	15.6652
ERR13927504.717	1544	14.6794
ERR13927504.718	1539	13.3587
ERR13927504.719	1525	15.7856
ERR13927504.720	1535	14.8612
ERR13927504.721	1535	14.7114
ERR13927504.722	1321	14.6964
ERR13927504.723	1553	15.2466
ERR13927504.724	1533	14.1866
ERR13927504.725	1558	16.9044
ERR13927504.726	1541	15.9786
ERR13927504.727	1560	15.3019
ERR13927504.728	1577	14.6373
ERR13927504.729	1556	14.9081
ERR13927504.730	1539	15.0819
ERR13927504.731	1613	15.5995
ERR13927504.732	1548	15.2700
ERR13927504.733	1562	16.3022
ERR13927504.734	264	12.4735
ERR13927504.735	1544	15.1367
ERR13927504.736	1577	15.3602
ERR13927504.737	1550	14.7497
ERR13927504.738	196	10.3878
ERR13927504.739	1537	16.4105
ERR13927504.740	1534	14.6434
ERR13927504.741	1559	14.2309
ERR13927504.742	1543	14.2767
ERR13927504.743	1586	15.6917
ERR13927504.744	1559	15.8396
ERR13927504.745	1557	16.6012
ERR13927504.746	1566	14.8653
ERR13927504.747	1634	15.0263
ERR13927504.748	1595	15.5047
ERR13927504.749	1458	14.1193
ERR13927504.750	1523	13.2436
ERR13927504.751	1539	15.1442
ERR13927504.752	1536	14.4167
ERR13927504.753	1564	15.5128
ERR13927504.754	1552	14.6224
ERR13927504.755	1319	15.2297
ERR13927504.756	918	13.5022
ERR13927504.757	1521	15.7554
ERR13927504.758	1640	15.0470
ERR13927504.759	1566	16.4400
ERR13927504.760	1564	16.9463
ERR13927504.761	1539	16.2658
ERR13927504.762	1572	14.8168
ERR13927504.763	1591	14.8768
ERR13927504.764	1536	14.4701
ERR13927504.765	1579	16.4547
ERR13927504.766	1531	14.0869
ERR13927504.767	1588	16.4950
ERR13927504.768	1538	15.6743
ERR13927504.769	1529	14.4382
ERR13927504.770	1565	16.4812
ERR13927504.771	1573	14.3846
ERR13927504.772	1541	16.1694
ERR13927504.773	1547	15.3646
ERR13927504.774	1535	16.2065
ERR13927504.775	1502	16.0340
ERR13927504.776	1533	14.3712
ERR13927504.777	1599	15.9781
ERR13927504.778	1491	15.0959
ERR13927504.779	1503	14.3965
ERR13927504.780	1573	16.1335
ERR13927504.781	1529	15.3793
ERR13927504.782	1567	15.2814
ERR13927504.783	1504	14.7340
ERR13927504.784	1543	16.0590
ERR13927504.785	1520	14.8342
ERR13927504.786	1544	16.0136
ERR13927504.787	1557	14.5055
ERR13927504.788	840	14.3667
ERR13927504.789	842	14.2720
ERR13927504.790	1595	15.5969
ERR13927504.791	1575	15.5359
ERR13927504.792	1544	16.3886
ERR13927504.793	1556	14.7288
ERR13927504.794	1547	14.7822
ERR13927504.795	1512	14.5317
ERR13927504.796	1553	17.2994
ERR13927504.797	1553	15.1185
ERR13927504.798	2511	15.8777
ERR13927504.799	1467	14.9611
ERR13927504.800	1565	14.6767
ERR13927504.801	1533	15.4403
ERR13927504.802	1564	15.9207
ERR13927504.803	1521	14.1361
ERR13927504.804	1551	13.9691
ERR13927504.805	1525	15.7397
ERR13927504.806	1529	15.1700
ERR13927504.807	181	16.4917
ERR13927504.808	1594	14.6907
ERR13927504.809	1548	15.1040
ERR13927504.810	1481	14.0446
ERR13927504.811	237	17.6793
ERR13927504.812	1574	14.7382
ERR13927504.813	1566	14.6731
ERR13927504.814	1540	13.8214
ERR13927504.815	1571	15.0229
ERR13927504.816	1555	15.7659
ERR13927504.817	1561	15.9757
ERR13927504.818	350	11.8829
ERR13927504.819	1516	15.0270
ERR13927504.820	1579	15.9018
ERR13927504.821	1470	13.8810
ERR13927504.822	1554	15.8732
ERR13927504.823	1549	15.0252
ERR13927504.824	1595	14.9724
ERR13927504.825	1482	15.9582
ERR13927504.826	183	14.8852
ERR13927504.827	1547	13.3665
ERR13927504.828	1557	15.5087
ERR13927504.829	1568	15.2500
ERR13927504.830	249	12.7992
ERR13927504.831	1595	14.6727
ERR13927504.832	1583	15.1832
ERR13927504.833	1541	13.8553
ERR13927504.834	1554	14.4466
ERR13927504.835	1572	14.3982
ERR13927504.836	1551	15.7402
ERR13927504.837	217	13.0968
ERR13927504.838	1535	16.1277
ERR13927504.839	1592	15.3606
ERR13927504.840	1516	15.3951
ERR13927504.841	1595	15.9655
ERR13927504.842	1541	13.7703
ERR13927504.843	1538	16.5676
ERR13927504.844	1530	14.0614
ERR13927504.845	1565	15.0696
ERR13927504.846	1507	14.4831
ERR13927504.847	1554	15.2979
ERR13927504.848	1526	14.8565
ERR13927504.849	171	11.7427
ERR13927504.850	1564	14.9847
ERR13927504.851	1577	15.3589
ERR13927504.852	1583	14.1737
ERR13927504.853	1578	14.5570
ERR13927504.854	1546	15.4386
ERR13927504.855	1539	15.4795
ERR13927504.856	1485	14.1899
ERR13927504.857	1539	15.2489
ERR13927504.858	1583	15.5426
ERR13927504.859	1511	15.7657
ERR13927504.860	1551	14.8852
ERR13927504.861	1654	14.5840
ERR13927504.862	1552	17.0290
ERR13927504.863	1525	15.0603
ERR13927504.864	1523	16.7374
ERR13927504.865	1524	14.7395
ERR13927504.866	1595	15.2476
ERR13927504.867	1578	14.6844
ERR13927504.868	179	14.8603
ERR13927504.869	1580	15.9177
ERR13927504.870	685	12.7693
ERR13927504.871	1554	16.6319
ERR13927504.872	1564	15.7986
ERR13927504.873	1509	15.3241
ERR13927504.874	1475	14.1661
ERR13927504.875	1505	15.5150
ERR13927504.876	1476	15.5725
ERR13927504.877	215	13.6930
ERR13927504.878	1557	14.4933
ERR13927504.879	1580	14.7880
ERR13927504.880	1551	14.7898
ERR13927504.881	1568	15.6824
ERR13927504.882	1582	15.6233
ERR13927504.883	1542	16.2685
ERR13927504.884	341	14.0000
ERR13927504.885	1518	17.0870
ERR13927504.886	1583	14.1623
ERR13927504.887	1582	15.5752
ERR13927504.888	1557	15.1773
ERR13927504.889	758	13.9103
ERR13927504.890	1425	16.3389
ERR13927504.891	1569	16.7884
ERR13927504.892	220	15.1818
ERR13927504.893	3027	15.8679
ERR13927504.894	1552	15.5490
ERR13927504.895	1575	15.9981
ERR13927504.896	1487	14.0773
ERR13927504.897	1583	14.0922
ERR13927504.898	1548	16.7093
ERR13927504.899	1574	15.9924
ERR13927504.900	1547	15.3549
ERR13927504.901	1584	14.8497
ERR13927504.902	1489	15.7898
ERR13927504.903	1558	15.8530
ERR13927504.904	1565	15.0933
ERR13927504.905	1590	16.2774
ERR13927504.906	1538	15.5826
ERR13927504.907	1581	15.0987
ERR13927504.908	1594	14.7779
ERR13927504.909	1584	16.0884
ERR13927504.910	147	8.1088
ERR13927504.911	1546	15.8900
ERR13927504.912	1535	14.7375
ERR13927504.913	1550	15.5510
ERR13927504.914	1574	15.6861
ERR13927504.915	1561	16.4023
ERR13927504.916	1564	15.4859
ERR13927504.917	1314	17.2861
ERR13927504.918	1568	15.5230
ERR13927504.919	212	16.1792
ERR13927504.920	238	12.3445
ERR13927504.921	1527	13.3170
ERR13927504.922	1514	15.2437
ERR13927504.923	1565	14.1546
ERR13927504.924	1482	15.8792
ERR13927504.925	1589	14.5519
ERR13927504.926	1601	15.4909
ERR13927504.927	1592	15.8090
ERR13927504.928	1573	15.4921
ERR13927504.929	1534	14.3286
ERR13927504.930	1514	15.3857
ERR13927504.931	1564	16.3645
ERR13927504.932	1572	15.9930
ERR13927504.933	1539	15.5939
ERR13927504.934	1556	14.8246
ERR13927504.935	1279	15.4457
ERR13927504.936	1571	15.0439
ERR13927504.937	1543	17.2242
ERR13927504.938	1488	16.0840
ERR13927504.939	1524	14.6936
ERR13927504.940	207	11.7101
ERR13927504.941	1565	15.9463
ERR13927504.942	1145	14.3799
ERR13927504.943	1578	15.4227
ERR13927504.944	1542	14.2866
ERR13927504.945	1535	14.9427
ERR13927504.946	1579	15.4725
ERR13927504.947	1435	16.9659
ERR13927504.948	1599	15.3784
ERR13927504.949	1539	15.3619
ERR13927504.950	1529	13.8921
ERR13927504.951	1477	15.5328
ERR13927504.952	1577	14.9461
ERR13927504.953	1514	15.0647
ERR13927504.954	1610	15.1578
ERR13927504.955	1517	16.8886
ERR13927504.956	1551	15.5319
ERR13927504.957	964	18.3060
ERR13927504.958	1527	14.3975
ERR13927504.959	1559	15.4894
ERR13927504.960	1579	14.6111
ERR13927504.961	1540	15.3565
ERR13927504.962	1566	14.8723
ERR13927504.963	1525	15.0564
ERR13927504.964	1532	17.0483
ERR13927504.965	1544	15.9974
ERR13927504.966	1508	14.7294
ERR13927504.967	1558	15.0411
ERR13927504.968	1542	15.0486
ERR13927504.969	1589	17.5721
ERR13927504.970	1594	15.2095
ERR13927504.971	1560	16.2179
ERR13927504.972	1573	15.5448
ERR13927504.973	1576	15.3642
ERR13927504.974	1547	15.9489
ERR13927504.975	1543	17.2158
ERR13927504.976	1580	15.0538
ERR13927504.977	1537	16.3819
ERR13927504.978	194	15.6289
ERR13927504.979	1549	16.5675
ERR13927504.980	1520	14.0737
ERR13927504.981	1582	16.6037
ERR13927504.982	1558	15.3453
ERR13927504.983	225	14.6044
ERR13927504.984	1545	16.5301
ERR13927504.985	1550	14.3826
ERR13927504.986	1546	16.1960
ERR13927504.987	1550	17.2374
ERR13927504.988	1535	14.9023
ERR13927504.989	1562	15.9949
ERR13927504.990	1479	14.6308
ERR13927504.991	1532	15.6195
ERR13927504.992	1500	14.5013
ERR13927504.993	1437	14.8928
ERR13927504.994	1526	16.4122
ERR13927504.995	1500	16.4473
ERR13927504.996	1592	16.5088
ERR13927504.997	1585	14.8517
ERR13927504.998	1567	15.1295
ERR13927504.999	1568	15.5778
ERR13927504.1000	1528	15.2349
ERR13927504.1001	1526	14.9771
ERR13927504.1002	1601	15.5128
ERR13927504.1003	1578	16.3771
ERR13927504.1004	1536	17.1973
ERR13927504.1005	1571	15.7142
ERR13927504.1006	1567	15.2750
ERR13927504.1007	1535	15.4436
ERR13927504.1008	1592	14.7362
ERR13927504.1009	1519	15.2567
ERR13927504.1010	219	15.2283
ERR13927504.1011	1573	14.9409
ERR13927504.1012	1517	15.5524
ERR13927504.1013	191	15.6649
ERR13927504.1014	1553	15.8648
ERR13927504.1015	1575	16.3263
ERR13927504.1016	1533	15.7789
ERR13927504.1017	1547	15.3484
ERR13927504.1018	1518	17.3906
ERR13927504.1019	1562	14.3508
ERR13927504.1020	1112	13.6556
ERR13927504.1021	1496	14.6925
ERR13927504.1022	1540	14.3052
ERR13927504.1023	1533	16.9980
ERR13927504.1024	1505	15.7860
ERR13927504.1025	1576	15.1542
ERR13927504.1026	1553	14.3232
ERR13927504.1027	1538	14.9129
ERR13927504.1028	1522	15.3752
ERR13927504.1029	1534	14.6493
ERR13927504.1030	1447	15.6683
ERR13927504.1031	1488	14.9214
ERR13927504.1032	1588	15.9118
ERR13927504.1033	1571	14.0891
ERR13927504.1034	1525	15.4511
ERR13927504.1035	1558	15.7728
ERR13927504.1036	3001	15.9334
ERR13927504.1037	1541	15.4231
ERR13927504.1038	1523	13.8615
ERR13927504.1039	1559	15.1899
ERR13927504.1040	1566	15.8627
ERR13927504.1041	1520	15.5296
ERR13927504.1042	1558	15.1136
ERR13927504.1043	1537	16.4183
ERR13927504.1044	1566	14.8531
ERR13927504.1045	1549	14.9600
ERR13927504.1046	1553	15.0811
ERR13927504.1047	1591	15.8385
ERR13927504.1048	1596	15.2738
ERR13927504.1049	1552	15.5541
ERR13927504.1050	1506	16.2623
ERR13927504.1051	1481	15.1384
ERR13927504.1052	1526	17.5223
ERR13927504.1053	1565	14.7086
ERR13927504.1054	1532	15.3903
ERR13927504.1055	1565	14.7118
ERR13927504.1056	1142	15.6585
ERR13927504.1057	1459	13.5182
ERR13927504.1058	1539	17.0728
ERR13927504.1059	668	13.1257
ERR13927504.1060	1064	16.3562
ERR13927504.1061	1546	15.1863
ERR13927504.1062	1571	16.3603
ERR13927504.1063	1559	16.3970
ERR13927504.1064	1528	17.1453
ERR13927504.1065	1502	15.4947
ERR13927504.1066	1578	17.4493
ERR13927504.1067	1290	15.9062
ERR13927504.1068	1557	15.9961
ERR13927504.1069	1573	14.4050
ERR13927504.1070	1535	14.4319
ERR13927504.1071	1539	15.4711
ERR13927504.1072	782	13.9220
ERR13927504.1073	1560	14.4378
ERR13927504.1074	1552	15.5586
ERR13927504.1075	1573	15.1405
ERR13927504.1076	1525	16.3187
ERR13927504.1077	1558	14.9134
ERR13927504.1078	1492	15.5389
ERR13927504.1079	1560	13.9763
ERR13927504.1080	634	14.5379
ERR13927504.1081	1530	16.5895
ERR13927504.1082	1482	15.0769
ERR13927504.1083	1528	14.8743
ERR13927504.1084	193	14.4093
ERR13927504.1085	1565	16.0211
ERR13927504.1086	1522	14.8765
ERR13927504.1087	1565	14.3131
ERR13927504.1088	1587	15.4669
ERR13927504.1089	456	18.1360
ERR13927504.1090	1509	14.0729
ERR13927504.1091	449	14.0690
ERR13927504.1092	1565	15.7316
ERR13927504.1093	1506	14.7995
ERR13927504.1094	1467	14.2849
ERR13927504.1095	1569	15.0319
ERR13927504.1096	288	13.0660
ERR13927504.1097	1508	15.4967
ERR13927504.1098	1540	15.4442
ERR13927504.1099	1566	15.5128
ERR13927504.1100	1560	14.8769
ERR13927504.1101	1542	16.0551
ERR13927504.1102	1571	14.9682
ERR13927504.1103	1584	15.7487
ERR13927504.1104	1539	15.9272
ERR13927504.1105	1568	14.6805
ERR13927504.1106	1558	17.1142
ERR13927504.1107	1508	14.3236
ERR13927504.1108	1618	15.9036
ERR13927504.1109	1540	16.4818
ERR13927504.1110	752	14.5931
ERR13927504.1111	1534	15.6199
ERR13927504.1112	547	14.6728
ERR13927504.1113	1518	16.0863
ERR13927504.1114	1561	14.8225
ERR13927504.1115	1586	15.3279
ERR13927504.1116	1543	15.2216
ERR13927504.1117	1543	14.4135
ERR13927504.1118	1559	15.2207
ERR13927504.1119	1583	14.4207
ERR13927504.1120	1570	15.9140
ERR13927504.1121	1534	15.1512
ERR13927504.1122	1535	15.2541
ERR13927504.1123	1552	14.4420
ERR13927504.1124	1571	15.2215
ERR13927504.1125	197	15.7462
ERR13927504.1126	1594	15.0395
ERR13927504.1127	1509	15.3366
ERR13927504.1128	1573	14.8837
ERR13927504.1129	1514	15.2285
ERR13927504.1130	1486	14.7678
ERR13927504.1131	1515	15.1743
ERR13927504.1132	1552	14.5966
ERR13927504.1133	1546	15.3318
ERR13927504.1134	1517	15.3276
ERR13927504.1135	1542	15.6900
ERR13927504.1136	1500	14.3073
ERR13927504.1137	1556	15.7429
ERR13927504.1138	1570	14.5369
ERR13927504.1139	1545	15.3489
ERR13927504.1140	1548	14.4412
ERR13927504.1141	1540	15.6604
ERR13927504.1142	1419	16.3080
ERR13927504.1143	1570	16.2726
ERR13927504.1144	1512	15.1217
ERR13927504.1145	352	15.9631
ERR13927504.1146	1576	14.6586
ERR13927504.1147	1549	15.5920
ERR13927504.1148	1551	15.0316
ERR13927504.1149	1533	15.6034
ERR13927504.1150	1494	13.9946
ERR13927504.1151	1587	15.0202
ERR13927504.1152	198	15.9293
ERR13927504.1153	1582	16.5291
ERR13927504.1154	1515	15.8680
ERR13927504.1155	812	14.4002
ERR13927504.1156	1573	16.8239
ERR13927504.1157	1539	15.0474
ERR13927504.1158	1479	14.9905
ERR13927504.1159	1538	15.4623
ERR13927504.1160	1539	17.2008
ERR13927504.1161	815	13.8957
ERR13927504.1162	1562	13.7081
ERR13927504.1163	1547	15.4047
ERR13927504.1164	183	11.8579
ERR13927504.1165	1564	14.0812
ERR13927504.1166	1545	16.5256
ERR13927504.1167	1562	15.6280
ERR13927504.1168	1589	15.1919
ERR13927504.1169	1550	14.0639
ERR13927504.1170	1480	14.8311
ERR13927504.1171	1590	15.1730
ERR13927504.1172	1550	14.6103
ERR13927504.1173	1593	16.5085
ERR13927504.1174	178	14.8708
ERR13927504.1175	1533	14.1559
ERR13927504.1176	728	15.3146
ERR13927504.1177	1537	14.0534
ERR13927504.1178	1527	14.2122
ERR13927504.1179	1564	14.5499
ERR13927504.1180	1525	17.5430
ERR13927504.1181	1510	14.6172
ERR13927504.1182	1498	15.3284
ERR13927504.1183	246	14.8699
ERR13927504.1184	1535	14.8866
ERR13927504.1185	1579	14.7150
ERR13927504.1186	1551	15.9852
ERR13927504.1187	1565	14.1393
ERR13927504.1188	1595	15.4263
ERR13927504.1189	1577	16.8713
ERR13927504.1190	1582	16.2130
ERR13927504.1191	1513	14.7356
ERR13927504.1192	1530	15.0948
ERR13927504.1193	1507	13.6735
ERR13927504.1194	1589	16.4374
ERR13927504.1195	1563	14.6833
ERR13927504.1196	1526	14.4338
ERR13927504.1197	1530	14.9529
ERR13927504.1198	1927	20.1520
ERR13927504.1199	1551	16.5983
ERR13927504.1200	1538	14.8810
ERR13927504.1201	1578	15.9949
ERR13927504.1202	1576	15.3528
ERR13927504.1203	1559	16.9737
ERR13927504.1204	1560	14.9167
ERR13927504.1205	1167	14.5476
ERR13927504.1206	1525	13.1495
ERR13927504.1207	1541	15.1694
ERR13927504.1208	1491	15.0020
ERR13927504.1209	1515	14.4957
ERR13927504.1210	1572	14.8282
ERR13927504.1211	1381	15.5438
ERR13927504.1212	1588	15.5479
ERR13927504.1213	1557	15.0983
ERR13927504.1214	1394	14.6858
ERR13927504.1215	1534	16.0926
ERR13927504.1216	1032	15.2703
ERR13927504.1217	1573	16.6707
ERR13927504.1218	1536	15.5013
ERR13927504.1219	1577	14.9746
ERR13927504.1220	1565	14.1150
ERR13927504.1221	1543	15.7440
ERR13927504.1222	1581	15.1341
ERR13927504.1223	1535	15.4801
ERR13927504.1224	1600	16.1650
ERR13927504.1225	1517	15.6335
ERR13927504.1226	1531	16.6362
ERR13927504.1227	1574	14.8551
ERR13927504.1228	1595	15.3505
ERR13927504.1229	1519	13.9151
ERR13927504.1230	1544	14.6211
ERR13927504.1231	1495	14.9786
ERR13927504.1232	1569	14.0089
ERR13927504.1233	1494	14.6191
ERR13927504.1234	1507	17.6085
ERR13927504.1235	1555	16.2424
ERR13927504.1236	1566	16.0575
ERR13927504.1237	1538	15.7250
ERR13927504.1238	1547	15.8739
ERR13927504.1239	1572	16.9637
ERR13927504.1240	1551	16.0516
ERR13927504.1241	1504	15.5239
ERR13927504.1242	1518	15.0079
ERR13927504.1243	1502	15.7763
ERR13927504.1244	1489	14.9456
ERR13927504.1245	1557	14.6866
ERR13927504.1246	1552	16.9878
ERR13927504.1247	1565	14.6511
ERR13927504.1248	1602	14.9313
ERR13927504.1249	1512	16.7546
ERR13927504.1250	1554	15.1654
ERR13927504.1251	1530	15.4797
ERR13927504.1252	1557	15.6782
ERR13927504.1253	225	14.9956
ERR13927504.1254	1536	14.8001
ERR13927504.1255	1568	15.4267
ERR13927504.1256	1481	14.4767
ERR13927504.1257	1535	15.9394
ERR13927504.1258	1285	15.6965
ERR13927504.1259	1561	16.1102
ERR13927504.1260	1130	14.6752
ERR13927504.1261	1525	15.2485
ERR13927504.1262	1543	16.2268
ERR13927504.1263	1514	14.3871
ERR13927504.1264	1647	16.4189
ERR13927504.1265	1558	16.9095
ERR13927504.1266	1434	14.7364
ERR13927504.1267	1525	13.9279
ERR13927504.1268	1542	15.9533
ERR13927504.1269	1550	16.6297
ERR13927504.1270	1567	15.3676
ERR13927504.1271	1564	14.8574
ERR13927504.1272	1435	16.1596
ERR13927504.1273	1590	16.0283
ERR13927504.1274	1573	15.7705
ERR13927504.1275	1512	14.9358
ERR13927504.1276	1568	14.9318
ERR13927504.1277	1552	14.8537
ERR13927504.1278	1244	16.4847
ERR13927504.1279	1531	16.0170
ERR13927504.1280	1566	15.4074
ERR13927504.1281	1569	15.7476
ERR13927504.1282	1535	15.7857
ERR13927504.1283	1590	15.0006
ERR13927504.1284	1559	15.8108
ERR13927504.1285	1544	15.2992
ERR13927504.1286	1522	14.8344
ERR13927504.1287	1539	14.8571
ERR13927504.1288	1505	14.2910
ERR13927504.1289	1569	15.1249
ERR13927504.1290	1589	16.2209
ERR13927504.1291	1536	14.7194
ERR13927504.1292	1547	16.2780
ERR13927504.1293	1436	16.3663
ERR13927504.1294	1560	14.3372
ERR13927504.1295	1584	15.9110
ERR13927504.1296	1550	16.9845
ERR13927504.1297	1563	15.0544
ERR13927504.1298	1531	15.8419
ERR13927504.1299	319	15.4671
ERR13927504.1300	1577	15.9486
ERR13927504.1301	213	12.7887
ERR13927504.1302	1560	15.0769
ERR13927504.1303	311	12.4791
ERR13927504.1304	1584	15.3567
ERR13927504.1305	1609	15.7470
ERR13927504.1306	1572	14.2939
ERR13927504.1307	1542	14.8774
ERR13927504.1308	1541	15.8871
ERR13927504.1309	1574	15.2058
ERR13927504.1310	1557	14.6583
ERR13927504.1311	1544	15.4139
ERR13927504.1312	170	11.7765
ERR13927504.1313	1622	14.8428
ERR13927504.1314	1577	16.3456
ERR13927504.1315	1507	14.5342
ERR13927504.1316	1535	14.9726
ERR13927504.1317	1480	14.0486
ERR13927504.1318	1568	15.8903
ERR13927504.1319	1557	15.4470
ERR13927504.1320	1550	16.4587
ERR13927504.1321	1592	17.3970
ERR13927504.1322	942	13.2410
ERR13927504.1323	1546	16.0970
ERR13927504.1324	1530	14.4647
ERR13927504.1325	704	16.8082
ERR13927504.1326	1539	14.9116
ERR13927504.1327	1528	14.6630
ERR13927504.1328	1525	15.9220
ERR13927504.1329	1529	14.8934
ERR13927504.1330	650	13.8985
ERR13927504.1331	1431	14.3466
ERR13927504.1332	1589	15.1674
ERR13927504.1333	1472	14.3628
ERR13927504.1334	1528	15.6361
ERR13927504.1335	1559	14.5394
ERR13927504.1336	1443	15.9882
ERR13927504.1337	1553	14.5422
ERR13927504.1338	1561	16.4113
ERR13927504.1339	214	16.7103
ERR13927504.1340	1579	13.9208
ERR13927504.1341	1517	15.5590
ERR13927504.1342	1546	17.3525
ERR13927504.1343	1580	15.0253
ERR13927504.1344	1495	15.3906
ERR13927504.1345	3128	16.3683
ERR13927504.1346	709	14.5543
ERR13927504.1347	1411	15.2502
ERR13927504.1348	1502	14.3289
ERR13927504.1349	1502	15.1984
ERR13927504.1350	1485	15.1596
ERR13927504.1351	1490	15.3034
ERR13927504.1352	1521	15.7364
ERR13927504.1353	1566	15.8563
ERR13927504.1354	1600	15.9488
ERR13927504.1355	1525	15.0210
ERR13927504.1356	1522	14.7424
ERR13927504.1357	1696	15.5289
ERR13927504.1358	1580	14.0259
ERR13927504.1359	1542	15.4994
ERR13927504.1360	1464	15.1045
ERR13927504.1361	1531	15.8106
ERR13927504.1362	1545	14.8576
ERR13927504.1363	223	11.3184
ERR13927504.1364	315	12.2254
ERR13927504.1365	1248	14.7348
ERR13927504.1366	1553	16.9253
ERR13927504.1367	1566	13.7976
ERR13927504.1368	311	15.5563
ERR13927504.1369	1524	14.0925
ERR13927504.1370	1190	14.7882
ERR13927504.1371	1501	15.5949
ERR13927504.1372	1500	13.7453
ERR13927504.1373	1571	14.6671
ERR13927504.1374	1505	15.7581
ERR13927504.1375	211	12.7630
ERR13927504.1376	1580	16.1614
ERR13927504.1377	1540	15.0065
ERR13927504.1378	1510	15.8073
ERR13927504.1379	1323	16.6674
ERR13927504.1380	1537	15.0163
ERR13927504.1381	634	13.7918
ERR13927504.1382	1612	13.9969
ERR13927504.1383	1532	15.2918
ERR13927504.1384	1513	14.0608
ERR13927504.1385	1277	18.3031
ERR13927504.1386	783	14.7969
ERR13927504.1387	1560	14.3276
ERR13927504.1388	1565	15.0786
ERR13927504.1389	447	13.9060
ERR13927504.1390	3043	15.2077
ERR13927504.1391	1545	16.0401
ERR13927504.1392	1580	16.1848
ERR13927504.1393	1574	15.5197
ERR13927504.1394	1532	16.1586
ERR13927504.1395	1560	18.3179
ERR13927504.1396	1545	18.7896
ERR13927504.1397	1568	15.6537
ERR13927504.1398	1571	18.2712
ERR13927504.1399	1555	18.5794
ERR13927504.1400	1591	18.9145
ERR13927504.1401	1586	19.6267
ERR13927504.1402	1592	20.6966
ERR13927504.1403	1536	16.7383
ERR13927504.1404	1549	16.0768
ERR13927504.1405	1563	14.6225
ERR13927504.1406	1584	16.3308
ERR13927504.1407	1527	15.0079
ERR13927504.1408	1571	20.4545
ERR13927504.1409	1558	17.8960
ERR13927504.1410	1584	17.6414
ERR13927504.1411	1568	18.5440
ERR13927504.1412	1503	16.5389
ERR13927504.1413	1562	15.9994
ERR13927504.1414	1544	16.3303
ERR13927504.1415	1560	13.7538
ERR13927504.1416	1574	17.8126
ERR13927504.1417	1584	16.1218
ERR13927504.1418	1573	15.3541
ERR13927504.1419	1376	17.0836
ERR13927504.1420	1584	17.6490
ERR13927504.1421	1574	18.1722
ERR13927504.1422	3155	17.3312
ERR13927504.1423	1585	17.4858
ERR13927504.1424	1046	16.4264
ERR13927504.1425	1560	17.3622
ERR13927504.1426	1608	18.0765
ERR13927504.1427	1512	18.3929
ERR13927504.1428	1158	15.0708
ERR13927504.1429	1599	21.8849
ERR13927504.1430	1582	18.6555
ERR13927504.1431	1575	17.2844
ERR13927504.1432	1524	17.0249
ERR13927504.1433	1583	16.8673
ERR13927504.1434	1564	17.2551
ERR13927504.1435	1582	17.0626
ERR13927504.1436	1347	17.2584
ERR13927504.1437	1528	18.9882
ERR13927504.1438	1554	18.4125
ERR13927504.1439	1543	17.5275
ERR13927504.1440	1570	20.4541
ERR13927504.1441	1595	18.7881
ERR13927504.1442	1555	18.5042
ERR13927504.1443	1519	17.2673
ERR13927504.1444	1557	16.3372
ERR13927504.1445	1605	16.0044
ERR13927504.1446	1579	14.3528
ERR13927504.1447	1573	18.0388
ERR13927504.1448	1542	16.2121
ERR13927504.1449	1567	17.0804
ERR13927504.1450	1306	17.0191
ERR13927504.1451	1566	17.7567
ERR13927504.1452	1660	16.0548
ERR13927504.1453	1597	18.4784
ERR13927504.1454	1588	16.0775
ERR13927504.1455	1570	17.3185
ERR13927504.1456	980	19.9133
ERR13927504.1457	1606	17.0984
ERR13927504.1458	1568	16.7895
ERR13927504.1459	1562	16.5999
ERR13927504.1460	1574	16.2014
ERR13927504.1461	1546	15.2076
ERR13927504.1462	1575	17.6502
ERR13927504.1463	1580	16.2639
ERR13927504.1464	1590	18.9899
ERR13927504.1465	1580	16.2848
ERR13927504.1466	1549	15.2679
ERR13927504.1467	1594	19.7541
ERR13927504.1468	1545	16.2757
ERR13927504.1469	1582	18.8995
ERR13927504.1470	1548	18.9335
ERR13927504.1471	1549	14.5810
ERR13927504.1472	1580	20.1127
ERR13927504.1473	1000	15.3640
ERR13927504.1474	1577	20.0583
ERR13927504.1475	1526	15.9515
ERR13927504.1476	1558	16.7099
ERR13927504.1477	1542	14.7114
ERR13927504.1478	1608	16.8333
ERR13927504.1479	1537	17.9603
ERR13927504.1480	1551	17.2012
ERR13927504.1481	1547	16.4253
ERR13927504.1482	1560	16.6840
ERR13927504.1483	1591	17.7096
ERR13927504.1484	1558	19.0680
ERR13927504.1485	1508	15.9370
ERR13927504.1486	1576	16.2069
ERR13927504.1487	1563	18.8618
ERR13927504.1488	1550	20.7000
ERR13927504.1489	1559	16.2893
ERR13927504.1490	1584	15.7992
ERR13927504.1491	1578	16.9962
ERR13927504.1492	1577	18.9848
ERR13927504.1493	1552	15.3099
ERR13927504.1494	995	16.7910
ERR13927504.1495	1599	15.7967
ERR13927504.1496	702	16.3974
ERR13927504.1497	1578	16.3340
ERR13927504.1498	1594	18.4360
ERR13927504.1499	1358	14.7128
ERR13927504.1500	1578	16.0989
ERR13927504.1501	1555	17.6071
ERR13927504.1502	1539	16.2885
ERR13927504.1503	1592	15.8549
ERR13927504.1504	1547	17.1028
ERR13927504.1505	1482	15.7139
ERR13927504.1506	1520	14.1875
ERR13927504.1507	1571	15.7670
ERR13927504.1508	1545	14.6104
ERR13927504.1509	1548	15.8559
ERR13927504.1510	1568	20.1167
ERR13927504.1511	1187	14.7641
ERR13927504.1512	1585	17.8050
ERR13927504.1513	1584	17.0619
ERR13927504.1514	1554	16.7252
ERR13927504.1515	1562	18.2772
ERR13927504.1516	1590	19.0094
ERR13927504.1517	243	15.3539
ERR13927504.1518	1525	15.7587
ERR13927504.1519	1553	17.9105
ERR13927504.1520	1344	15.8080
ERR13927504.1521	1581	16.2207
ERR13927504.1522	1550	19.5497
ERR13927504.1523	1560	16.5032
ERR13927504.1524	1612	19.5292
ERR13927504.1525	1595	18.2658
ERR13927504.1526	1266	15.7409
ERR13927504.1527	1575	16.6787
ERR13927504.1528	1613	17.0738
ERR13927504.1529	1549	18.0781
ERR13927504.1530	1582	17.7250
ERR13927504.1531	1533	16.4116
ERR13927504.1532	687	17.6128
ERR13927504.1533	1546	20.1352
ERR13927504.1534	1574	18.1125
ERR13927504.1535	1574	18.3119
ERR13927504.1536	1559	22.2341
ERR13927504.1537	1577	17.9550
ERR13927504.1538	448	18.6674
ERR13927504.1539	1615	17.8433
ERR13927504.1540	1578	17.9208
ERR13927504.1541	1575	16.4698
ERR13927504.1542	1580	18.6196
ERR13927504.1543	986	17.4959
ERR13927504.1544	1578	16.3175
ERR13927504.1545	1582	17.6372
ERR13927504.1546	1549	16.0975
ERR13927504.1547	1580	17.7152
ERR13927504.1548	1576	14.1624
ERR13927504.1549	1583	17.9406
ERR13927504.1550	1575	16.7029
ERR13927504.1551	1546	19.2704
ERR13927504.1552	1547	18.6761
ERR13927504.1553	1525	15.4957
ERR13927504.1554	1567	20.4008
ERR13927504.1555	1631	15.1649
ERR13927504.1556	1542	16.3126
ERR13927504.1557	1569	18.2033
ERR13927504.1558	1541	15.8845
ERR13927504.1559	1574	15.1360
ERR13927504.1560	1487	16.2535
ERR13927504.1561	492	18.5183
ERR13927504.1562	1587	17.1424
ERR13927504.1563	1590	17.8686
ERR13927504.1564	1577	17.5238
ERR13927504.1565	1561	13.7226
ERR13927504.1566	1559	17.7813
ERR13927504.1567	1544	18.2565
ERR13927504.1568	1581	17.0949
ERR13927504.1569	1555	15.5781
ERR13927504.1570	1584	15.1989
ERR13927504.1571	1708	16.8080
ERR13927504.1572	1584	19.7551
ERR13927504.1573	1569	16.1020
ERR13927504.1574	1547	15.6962
ERR13927504.1575	1624	17.3861
ERR13927504.1576	1525	16.0511
ERR13927504.1577	1512	16.9769
ERR13927504.1578	1223	17.6443
ERR13927504.1579	1566	18.5204
ERR13927504.1580	1542	16.8003
ERR13927504.1581	1557	15.7187
ERR13927504.1582	1560	17.5506
ERR13927504.1583	1555	17.0219
ERR13927504.1584	1314	16.8858
ERR13927504.1585	1551	18.3611
ERR13927504.1586	1174	15.3646
ERR13927504.1587	1557	17.6358
ERR13927504.1588	1546	17.1287
ERR13927504.1589	1344	18.9583
ERR13927504.1590	1619	18.1600
ERR13927504.1591	1578	17.6439
ERR13927504.1592	1549	16.7908
ERR13927504.1593	1570	19.3236
ERR13927504.1594	1587	15.1273
ERR13927504.1595	1570	17.0191
ERR13927504.1596	1553	15.2241
ERR13927504.1597	1560	19.2609
ERR13927504.1598	1311	17.7239
ERR13927504.1599	1566	15.3799
ERR13927504.1600	1577	17.7115
ERR13927504.1601	1586	14.7207
ERR13927504.1602	1582	16.5480
ERR13927504.1603	1588	17.4805
ERR13927504.1604	1582	18.7314
ERR13927504.1605	1512	15.0443
ERR13927504.1606	1542	15.4351
ERR13927504.1607	1577	16.4813
ERR13927504.1608	1585	19.4271
ERR13927504.1609	1587	19.9603
ERR13927504.1610	1561	16.4625
ERR13927504.1611	1625	16.7206
ERR13927504.1612	1556	15.8329
ERR13927504.1613	1077	19.3018
ERR13927504.1614	1550	16.3497
ERR13927504.1615	1571	18.9975
ERR13927504.1616	1587	16.8059
ERR13927504.1617	1588	16.3369
ERR13927504.1618	1569	16.5220
ERR13927504.1619	1554	18.8134
ERR13927504.1620	1547	17.6206
ERR13927504.1621	1576	17.1802
ERR13927504.1622	1548	19.3185
ERR13927504.1623	1579	17.3414
ERR13927504.1624	1572	19.1177
ERR13927504.1625	1570	20.4070
ERR13927504.1626	1572	16.9676
ERR13927504.1627	1547	19.0847
ERR13927504.1628	1527	17.3621
ERR13927504.1629	1582	18.1580
ERR13927504.1630	1590	19.8862
ERR13927504.1631	1554	18.5869
ERR13927504.1632	1603	18.8197
ERR13927504.1633	1579	20.4908
ERR13927504.1634	1578	17.5469
ERR13927504.1635	1596	19.6228
ERR13927504.1636	1601	16.1761
ERR13927504.1637	1566	16.2644
ERR13927504.1638	1562	17.9853
ERR13927504.1639	1604	14.7463
ERR13927504.1640	1559	17.1283
ERR13927504.1641	1585	16.6448
ERR13927504.1642	815	15.8417
ERR13927504.1643	1585	18.3943
ERR13927504.1644	1562	18.0615
ERR13927504.1645	1204	20.5739
ERR13927504.1646	1560	14.3526
ERR13927504.1647	1573	16.6802
ERR13927504.1648	1551	16.7685
ERR13927504.1649	1609	17.1771
ERR13927504.1650	1639	20.4149
ERR13927504.1651	1583	16.6128
ERR13927504.1652	1564	18.5991
ERR13927504.1653	1564	15.9290
ERR13927504.1654	1589	17.5381
ERR13927504.1655	1581	13.7641
ERR13927504.1656	1369	16.1045
ERR13927504.1657	1578	16.4525
ERR13927504.1658	1569	18.1096
ERR13927504.1659	1540	16.3552
ERR13927504.1660	1530	15.5281
ERR13927504.1661	1572	17.7335
ERR13927504.1662	1587	16.3207
ERR13927504.1663	1572	17.8053
ERR13927504.1664	1530	15.9392
ERR13927504.1665	927	13.9407
ERR13927504.1666	1552	18.4330
ERR13927504.1667	1547	15.8668
ERR13927504.1668	1587	18.7234
ERR13927504.1669	1583	16.6001
ERR13927504.1670	1612	16.9336
ERR13927504.1671	1521	19.2387
ERR13927504.1672	1552	15.5754
ERR13927504.1673	1560	16.4750
ERR13927504.1674	1588	22.0176
ERR13927504.1675	1628	15.5147
ERR13927504.1676	667	16.0840
ERR13927504.1677	1588	17.6839
ERR13927504.1678	1556	17.6812
ERR13927504.1679	1565	16.1668
ERR13927504.1680	1577	15.6982
ERR13927504.1681	976	17.0348
ERR13927504.1682	1578	21.2205
ERR13927504.1683	1584	18.7083
ERR13927504.1684	1523	16.0906
ERR13927504.1685	1573	17.4209
ERR13927504.1686	1549	15.0988
ERR13927504.1687	1576	17.4987
ERR13927504.1688	1691	17.7197
ERR13927504.1689	1731	16.0716
ERR13927504.1690	1542	16.0253
ERR13927504.1691	1573	15.3140
ERR13927504.1692	1132	14.6564
ERR13927504.1693	1569	17.4678
ERR13927504.1694	1578	19.3828
ERR13927504.1695	729	20.8779
ERR13927504.1696	1587	19.9256
ERR13927504.1697	1574	20.0267
ERR13927504.1698	1583	16.2186
ERR13927504.1699	1582	17.2699
ERR13927504.1700	1558	18.3652
ERR13927504.1701	1608	18.5852
ERR13927504.1702	1570	19.5268
ERR13927504.1703	1555	15.8264
ERR13927504.1704	1571	15.9841
ERR13927504.1705	1525	17.0951
ERR13927504.1706	1571	15.2062
ERR13927504.1707	1402	16.1220
ERR13927504.1708	1542	18.3878
ERR13927504.1709	1564	18.2711
ERR13927504.1710	1597	15.1634
ERR13927504.1711	1521	14.6660
ERR13927504.1712	1527	15.8415
ERR13927504.1713	1564	17.1330
ERR13927504.1714	1520	15.7664
ERR13927504.1715	1568	17.6205
ERR13927504.1716	1578	16.6191
ERR13927504.1717	1529	18.8201
ERR13927504.1718	1582	17.0645
ERR13927504.1719	1564	16.0281
ERR13927504.1720	1592	16.4146
ERR13927504.1721	1563	19.3385
ERR13927504.1722	1549	15.0194
ERR13927504.1723	1544	17.7455
ERR13927504.1724	1542	15.3327
ERR13927504.1725	1511	15.4401
ERR13927504.1726	1545	14.3495
ERR13927504.1727	1632	20.5282
ERR13927504.1728	1482	18.6140
ERR13927504.1729	1559	19.7992
ERR13927504.1730	1547	16.9903
ERR13927504.1731	1591	16.9019
ERR13927504.1732	1541	16.0578
ERR13927504.1733	1584	18.4514
ERR13927504.1734	1576	17.5539
ERR13927504.1735	1547	18.0265
ERR13927504.1736	1197	16.5246
ERR13927504.1737	1576	17.6783
ERR13927504.1738	1567	16.7907
ERR13927504.1739	1611	17.0621
ERR13927504.1740	1561	17.6003
ERR13927504.1741	1558	19.7850
ERR13927504.1742	1584	18.3037
ERR13927504.1743	1582	17.2314
ERR13927504.1744	1579	17.1590
ERR13927504.1745	1605	20.3346
ERR13927504.1746	1594	17.2189
ERR13927504.1747	259	15.9807
ERR13927504.1748	1596	20.1754
ERR13927504.1749	1606	16.3132
ERR13927504.1750	1595	21.3179
ERR13927504.1751	1591	15.4085
ERR13927504.1752	1579	16.3420
ERR13927504.1753	1584	17.0669
ERR13927504.1754	1589	17.7917
ERR13927504.1755	1496	14.1644
ERR13927504.1756	1568	19.5816
ERR13927504.1757	1594	17.9686
ERR13927504.1758	1587	16.7492
ERR13927504.1759	1561	18.3741
ERR13927504.1760	1563	20.6750
ERR13927504.1761	1591	17.9899
ERR13927504.1762	1562	16.7170
ERR13927504.1763	1569	16.2103
ERR13927504.1764	1526	15.8827
ERR13927504.1765	1551	15.9284
ERR13927504.1766	1531	14.9804
ERR13927504.1767	1575	15.2038
ERR13927504.1768	1565	17.5732
ERR13927504.1769	1530	15.2830
ERR13927504.1770	1538	16.9831
ERR13927504.1771	1620	15.4525
ERR13927504.1772	1577	16.0926
ERR13927504.1773	1579	16.8455
ERR13927504.1774	1566	19.1405
ERR13927504.1775	1595	18.8589
ERR13927504.1776	1568	18.3138
ERR13927504.1777	1545	16.6731
ERR13927504.1778	1562	20.1741
ERR13927504.1779	1579	15.6023
ERR13927504.1780	1559	17.1591
ERR13927504.1781	1567	17.1487
ERR13927504.1782	1576	18.0761
ERR13927504.1783	1554	14.9125
ERR13927504.1784	1561	14.4190
ERR13927504.1785	1547	15.3484
ERR13927504.1786	1558	18.8479
ERR13927504.1787	1576	18.0907
ERR13927504.1788	1592	18.2808
ERR13927504.1789	1560	15.7199
ERR13927504.1790	1537	15.3995
ERR13927504.1791	1558	17.2169
ERR13927504.1792	1551	18.7086
ERR13927504.1793	1576	19.2766
ERR13927504.1794	1542	16.7944
ERR13927504.1795	1576	18.1910
ERR13927504.1796	1573	15.2200
ERR13927504.1797	1611	17.0459
ERR13927504.1798	1576	21.1288
ERR13927504.1799	1579	15.4927
ERR13927504.1800	1570	18.4166
ERR13927504.1801	1566	16.4559
ERR13927504.1802	1596	16.2086
ERR13927504.1803	1635	17.3884
ERR13927504.1804	1570	16.8682
ERR13927504.1805	1579	15.4699
ERR13927504.1806	1561	16.7675
ERR13927504.1807	1601	17.4266
ERR13927504.1808	1585	18.4776
ERR13927504.1809	1525	15.4630
ERR13927504.1810	1577	17.0476
ERR13927504.1811	1552	16.3756
ERR13927504.1812	1554	15.3964
ERR13927504.1813	1559	17.4272
ERR13927504.1814	1568	17.1288
ERR13927504.1815	1571	15.7855
ERR13927504.1816	1569	19.0472
ERR13927504.1817	1588	16.7462
ERR13927504.1818	1554	15.1409
ERR13927504.1819	1532	14.3766
ERR13927504.1820	1549	19.0349
ERR13927504.1821	1529	16.1223
ERR13927504.1822	1597	17.7595
ERR13927504.1823	1556	16.3965
ERR13927504.1824	1547	14.5456
ERR13927504.1825	1575	18.5613
ERR13927504.1826	1594	17.4592
ERR13927504.1827	1575	16.1371
ERR13927504.1828	1205	17.5095
ERR13927504.1829	1560	15.9519
ERR13927504.1830	1553	18.2337
ERR13927504.1831	1565	14.8997
ERR13927504.1832	1547	18.4557
ERR13927504.1833	1577	14.6405
ERR13927504.1834	1570	19.1127
ERR13927504.1835	1608	16.5634
ERR13927504.1836	1536	19.1641
ERR13927504.1837	1568	17.6180
ERR13927504.1838	1569	18.7699
ERR13927504.1839	1554	17.8726
ERR13927504.1840	1565	16.6799
ERR13927504.1841	1261	17.6891
ERR13927504.1842	1549	17.5726
ERR13927504.1843	1190	16.1134
ERR13927504.1844	1480	20.3885
ERR13927504.1845	1606	18.1905
ERR13927504.1846	1554	19.6094
ERR13927504.1847	1539	15.1793
ERR13927504.1848	1573	19.0407
ERR13927504.1849	1574	17.2262
ERR13927504.1850	1595	15.9386
ERR13927504.1851	1566	16.3238
ERR13927504.1852	1570	19.2433
ERR13927504.1853	1519	15.2324
ERR13927504.1854	1566	17.1003
ERR13927504.1855	1563	18.1472
ERR13927504.1856	1568	16.7934
ERR13927504.1857	1453	19.0055
ERR13927504.1858	1532	16.3577
ERR13927504.1859	1597	18.9812
ERR13927504.1860	1566	15.9674
ERR13927504.1861	1573	15.1640
ERR13927504.1862	1509	16.2465
ERR13927504.1863	1524	16.5197
ERR13927504.1864	1534	15.9309
ERR13927504.1865	1546	15.5446
ERR13927504.1866	1536	20.3984
ERR13927504.1867	1334	18.0742
ERR13927504.1868	1594	19.1719
ERR13927504.1869	1540	13.1922
ERR13927504.1870	1595	15.8715
ERR13927504.1871	1562	17.7689
ERR13927504.1872	1586	19.8802
ERR13927504.1873	1553	18.2344
ERR13927504.1874	1553	16.6272
ERR13927504.1875	1588	15.6215
ERR13927504.1876	1135	14.6996
ERR13927504.1877	1593	15.5599
ERR13927504.1878	1583	15.6216
ERR13927504.1879	1558	17.7234
ERR13927504.1880	1567	18.6407
ERR13927504.1881	1557	19.3847
ERR13927504.1882	1600	15.2875
ERR13927504.1883	1568	16.3960
ERR13927504.1884	1581	18.8482
ERR13927504.1885	1588	16.0800
ERR13927504.1886	1535	16.3225
ERR13927504.1887	1578	16.0139
ERR13927504.1888	1564	17.0748
ERR13927504.1889	1516	16.6207
ERR13927504.1890	1579	19.0519
ERR13927504.1891	1543	18.8924
ERR13927504.1892	1551	16.9923
ERR13927504.1893	867	15.0196
ERR13927504.1894	1588	18.4874
ERR13927504.1895	1599	18.9512
ERR13927504.1896	941	17.9851
ERR13927504.1897	1581	14.0689
ERR13927504.1898	1506	14.6169
ERR13927504.1899	1536	17.3809
ERR13927504.1900	1560	16.8006
ERR13927504.1901	1587	17.9710
ERR13927504.1902	1592	16.4428
ERR13927504.1903	1569	15.2690
ERR13927504.1904	1523	14.4793
ERR13927504.1905	1581	17.3795
ERR13927504.1906	1537	14.0384
ERR13927504.1907	1608	19.5236
ERR13927504.1908	1531	15.8158
ERR13927504.1909	1567	18.3242
ERR13927504.1910	1564	15.4444
ERR13927504.1911	1580	17.1354
ERR13927504.1912	1574	18.7738
ERR13927504.1913	1566	17.0773
ERR13927504.1914	1580	16.8399
ERR13927504.1915	1505	14.4791
ERR13927504.1916	1612	16.3499
ERR13927504.1917	1570	17.9083
ERR13927504.1918	1563	16.1612
ERR13927504.1919	1579	19.7593
ERR13927504.1920	1564	14.6247
ERR13927504.1921	3098	18.5403
ERR13927504.1922	195	14.9692
ERR13927504.1923	1548	15.6621
ERR13927504.1924	1623	17.1201
ERR13927504.1925	1536	14.6133
ERR13927504.1926	1575	15.6552
ERR13927504.1927	1595	19.2188
ERR13927504.1928	1570	16.8796
ERR13927504.1929	1565	17.1387
ERR13927504.1930	1600	18.6331
ERR13927504.1931	1553	14.2988
ERR13927504.1932	1226	17.3303
ERR13927504.1933	1581	17.3877
ERR13927504.1934	1554	17.7979
ERR13927504.1935	1564	15.8344
ERR13927504.1936	1497	17.6981
ERR13927504.1937	1533	15.3151
ERR13927504.1938	1579	17.7809
ERR13927504.1939	1592	15.8367
ERR13927504.1940	1564	17.5454
ERR13927504.1941	1527	15.3897
ERR13927504.1942	1523	16.7341
ERR13927504.1943	1582	18.8167
ERR13927504.1944	1567	17.9592
ERR13927504.1945	1540	14.4318
ERR13927504.1946	1531	17.1986
ERR13927504.1947	1573	16.4463
ERR13927504.1948	1574	17.6912
ERR13927504.1949	797	17.4128
ERR13927504.1950	1622	17.4809
ERR13927504.1951	820	18.3756
ERR13927504.1952	1594	17.1399
ERR13927504.1953	1549	15.1214
ERR13927504.1954	1590	16.3283
ERR13927504.1955	1556	16.3824
ERR13927504.1956	1566	19.7905
ERR13927504.1957	1577	16.2555
ERR13927504.1958	1578	16.5691
ERR13927504.1959	1531	14.2031
ERR13927504.1960	1229	21.9894
ERR13927504.1961	1582	17.8856
ERR13927504.1962	1224	16.2557
ERR13927504.1963	1573	15.7559
ERR13927504.1964	1554	17.7278
ERR13927504.1965	1362	15.4949
ERR13927504.1966	1544	17.9987
ERR13927504.1967	1622	16.7959
ERR13927504.1968	1584	17.2418
ERR13927504.1969	1523	17.9383
ERR13927504.1970	1588	17.6744
ERR13927504.1971	1562	15.9744
ERR13927504.1972	1572	16.0248
ERR13927504.1973	1576	18.5165
ERR13927504.1974	1613	18.3658
ERR13927504.1975	1536	16.7096
ERR13927504.1976	1516	16.1741
ERR13927504.1977	1584	17.0309
ERR13927504.1978	1558	16.6412
ERR13927504.1979	1581	18.3125
ERR13927504.1980	1532	16.8433
ERR13927504.1981	1550	17.3858
ERR13927504.1982	1552	16.2294
ERR13927504.1983	1563	14.1593
ERR13927504.1984	1570	18.0803
ERR13927504.1985	1572	17.2595
ERR13927504.1986	1592	16.6338
ERR13927504.1987	1573	16.6980
ERR13927504.1988	1564	15.9827
ERR13927504.1989	1570	19.8764
ERR13927504.1990	1593	19.7119
ERR13927504.1991	1570	15.5223
ERR13927504.1992	1578	17.0247
ERR13927504.1993	1542	15.2147
ERR13927504.1994	1586	15.2434
ERR13927504.1995	1525	16.2243
ERR13927504.1996	1588	16.2903
ERR13927504.1997	2150	15.8484
ERR13927504.1998	1519	18.3134
ERR13927504.1999	1541	20.4945
ERR13927504.2000	1348	16.2441
ERR13927504.2001	1550	17.0884
ERR13927504.2002	1564	17.6829
ERR13927504.2003	1567	15.1295
ERR13927504.2004	1578	18.5894
ERR13927504.2005	1563	16.4402
ERR13927504.2006	1594	16.2635
ERR13927504.2007	1582	17.3831
ERR13927504.2008	1546	16.1953
ERR13927504.2009	1559	15.2328
ERR13927504.2010	1559	18.3502
ERR13927504.2011	1566	16.5083
ERR13927504.2012	1557	20.0931
ERR13927504.2013	1548	16.5497
ERR13927504.2014	1587	18.1916
ERR13927504.2015	1551	15.5132
ERR13927504.2016	1534	18.2066
ERR13927504.2017	1606	15.4919
ERR13927504.2018	1565	15.1578
ERR13927504.2019	1585	18.1975
ERR13927504.2020	1541	16.6055
ERR13927504.2021	1575	16.0254
ERR13927504.2022	1518	17.0705
ERR13927504.2023	1534	15.4439
ERR13927504.2024	1570	18.2548
ERR13927504.2025	1600	16.6531
ERR13927504.2026	1584	17.4154
ERR13927504.2027	1574	19.9479
ERR13927504.2028	1541	18.7709
ERR13927504.2029	1567	16.9349
ERR13927504.2030	1523	14.3204
ERR13927504.2031	1571	17.8791
ERR13927504.2032	1347	17.0000
ERR13927504.2033	1573	19.6058
ERR13927504.2034	1571	16.1935
ERR13927504.2035	1571	14.9491
ERR13927504.2036	1579	16.7517
ERR13927504.2037	1558	18.2689
ERR13927504.2038	1559	14.8993
ERR13927504.2039	1573	19.5041
ERR13927504.2040	1605	15.8860
ERR13927504.2041	1651	18.0690
ERR13927504.2042	1577	15.4394
ERR13927504.2043	1549	16.7431
ERR13927504.2044	1594	19.3156
ERR13927504.2045	1553	16.2898
ERR13927504.2046	1208	16.8725
ERR13927504.2047	1534	16.5926
ERR13927504.2048	1553	16.8113
ERR13927504.2049	1512	16.5258
ERR13927504.2050	1568	20.0159
ERR13927504.2051	1577	15.0419
ERR13927504.2052	1591	16.7662
ERR13927504.2053	1563	16.2105
ERR13927504.2054	1553	16.6922
ERR13927504.2055	1570	17.0936
ERR13927504.2056	1558	18.3030
ERR13927504.2057	1564	16.1675
ERR13927504.2058	1600	16.3931
ERR13927504.2059	533	17.2645
ERR13927504.2060	1538	18.3401
ERR13927504.2061	1597	18.0088
ERR13927504.2062	1458	18.0988
ERR13927504.2063	1576	17.9264
ERR13927504.2064	1576	16.3807
ERR13927504.2065	1562	17.8931
ERR13927504.2066	1610	18.9441
ERR13927504.2067	1602	14.9401
ERR13927504.2068	1579	20.3078
ERR13927504.2069	1581	17.6825
ERR13927504.2070	1561	18.0269
ERR13927504.2071	1554	14.9093
ERR13927504.2072	1565	15.2990
ERR13927504.2073	1574	18.3939
ERR13927504.2074	1582	18.6334
ERR13927504.2075	1572	19.9637
ERR13927504.2076	1578	19.2674
ERR13927504.2077	1279	18.1228
ERR13927504.2078	1616	17.7871
ERR13927504.2079	1566	18.7778
ERR13927504.2080	1567	17.5763
ERR13927504.2081	1574	16.5102
ERR13927504.2082	1575	16.9232
ERR13927504.2083	1574	15.8075
ERR13927504.2084	1586	16.6860
ERR13927504.2085	1634	17.5857
ERR13927504.2086	1570	17.3185
ERR13927504.2087	1602	17.3346
ERR13927504.2088	1527	14.8481
ERR13927504.2089	1585	15.8347
ERR13927504.2090	1559	16.1520
ERR13927504.2091	1652	16.2258
ERR13927504.2092	1584	16.1218
ERR13927504.2093	1574	16.8844
ERR13927504.2094	1573	17.6917
ERR13927504.2095	1573	15.9186
ERR13927504.2096	1548	18.5788
ERR13927504.2097	1572	20.1698
ERR13927504.2098	1586	17.7093
ERR13927504.2099	1573	15.3179
ERR13927504.2100	1581	17.6243
ERR13927504.2101	1558	18.5661
ERR13927504.2102	1563	16.2866
ERR13927504.2103	1567	17.7843
ERR13927504.2104	1581	15.2644
ERR13927504.2105	1607	16.9309
ERR13927504.2106	1582	18.1953
ERR13927504.2107	1554	17.7323
ERR13927504.2108	1601	19.0750
ERR13927504.2109	1566	15.1941
ERR13927504.2110	1540	20.4377
ERR13927504.2111	1581	16.1929
ERR13927504.2112	1585	15.5338
ERR13927504.2113	1574	17.2961
ERR13927504.2114	1596	15.9630
ERR13927504.2115	1007	20.3078
ERR13927504.2116	1580	17.1835
ERR13927504.2117	1593	15.8136
ERR13927504.2118	1504	14.3710
ERR13927504.2119	1569	19.7272
ERR13927504.2120	1495	16.0829
ERR13927504.2121	1562	18.8739
ERR13927504.2122	1578	16.3777
ERR13927504.2123	1582	17.4223
ERR13927504.2124	1474	16.9790
ERR13927504.2125	1542	15.7140
ERR13927504.2126	1518	16.8689
ERR13927504.2127	1564	17.2884
ERR13927504.2128	1527	15.6523
ERR13927504.2129	1566	15.9093
ERR13927504.2130	1593	16.3522
ERR13927504.2131	971	16.5396
ERR13927504.2132	1557	18.2659
ERR13927504.2133	1571	16.5194
ERR13927504.2134	1554	14.1300
ERR13927504.2135	1561	19.5119
ERR13927504.2136	1570	21.5471
ERR13927504.2137	229	18.5895
ERR13927504.2138	1547	19.7027
ERR13927504.2139	1550	18.4310
ERR13927504.2140	1566	18.2631
ERR13927504.2141	1605	16.6573
ERR13927504.2142	1464	16.4542
ERR13927504.2143	1558	16.7105
ERR13927504.2144	1568	15.3355
ERR13927504.2145	1538	15.2354
ERR13927504.2146	1601	19.1736
ERR13927504.2147	1548	17.1699
ERR13927504.2148	1553	15.7431
ERR13927504.2149	1559	16.6908
ERR13927504.2150	1559	16.0237
ERR13927504.2151	1594	18.9806
ERR13927504.2152	1599	19.0969
ERR13927504.2153	1584	17.5038
ERR13927504.2154	1564	18.1202
ERR13927504.2155	1564	15.9962
ERR13927504.2156	1568	16.1365
ERR13927504.2157	1593	14.8876
ERR13927504.2158	1584	16.6837
ERR13927504.2159	1584	19.1452
ERR13927504.2160	1581	18.0620
ERR13927504.2161	1546	15.7354
ERR13927504.2162	1561	20.8258
ERR13927504.2163	1605	17.6567
ERR13927504.2164	1579	15.8879
ERR13927504.2165	1621	18.4263
ERR13927504.2166	1572	16.5102
ERR13927504.2167	1554	16.5296
ERR13927504.2168	1498	16.0694
ERR13927504.2169	1597	19.5592
ERR13927504.2170	1552	19.0631
ERR13927504.2171	1617	18.8602
ERR13927504.2172	1511	17.3627
ERR13927504.2173	1573	19.3884
ERR13927504.2174	1581	15.7432
ERR13927504.2175	270	17.2259
ERR13927504.2176	1579	16.0399
ERR13927504.2177	1597	16.9330
ERR13927504.2178	1571	16.1770
ERR13927504.2179	1550	17.0697
ERR13927504.2180	1566	15.5600
ERR13927504.2181	903	16.9059
ERR13927504.2182	185	17.2000
ERR13927504.2183	1593	20.1017
ERR13927504.2184	1591	18.1515
ERR13927504.2185	1569	19.4895
ERR13927504.2186	1599	19.2226
ERR13927504.2187	1291	15.8792
ERR13927504.2188	1570	19.6217
ERR13927504.2189	1677	17.5492
ERR13927504.2190	981	17.2630
ERR13927504.2191	1528	15.8874
ERR13927504.2192	1554	17.8481
ERR13927504.2193	1578	15.5729
ERR13927504.2194	1547	17.3601
ERR13927504.2195	1641	15.2566
ERR13927504.2196	1134	18.6526
ERR13927504.2197	955	18.4974
ERR13927504.2198	1609	16.2704
ERR13927504.2199	1579	17.1406
ERR13927504.2200	1543	17.1711
ERR13927504.2201	1544	15.9229
ERR13927504.2202	1598	17.7672
ERR13927504.2203	781	17.5429
ERR13927504.2204	1552	18.3164
ERR13927504.2205	1569	19.7304
ERR13927504.2206	1583	17.0278
ERR13927504.2207	1562	16.8643
ERR13927504.2208	1604	20.0287
ERR13927504.2209	1581	17.7337
ERR13927504.2210	1555	16.6302
ERR13927504.2211	1599	19.1370
ERR13927504.2212	1563	17.6699
ERR13927504.2213	1517	15.7713
ERR13927504.2214	1558	16.9012
ERR13927504.2215	1446	15.1238
ERR13927504.2216	1546	16.5957
ERR13927504.2217	1525	15.7751
ERR13927504.2218	1607	16.0292
ERR13927504.2219	1580	17.2354
ERR13927504.2220	1566	16.5951
ERR13927504.2221	1562	17.7036
ERR13927504.2222	1558	20.0944
ERR13927504.2223	1489	16.9872
ERR13927504.2224	1640	16.7494
ERR13927504.2225	850	18.1188
ERR13927504.2226	1459	15.7327
ERR13927504.2227	1574	15.7789
ERR13927504.2228	1551	16.7801
ERR13927504.2229	1582	16.6327
ERR13927504.2230	1555	14.9621
ERR13927504.2231	1354	17.5414
ERR13927504.2232	1570	21.1975
ERR13927504.2233	1572	17.6972
ERR13927504.2234	1073	18.5536
ERR13927504.2235	1556	16.5026
ERR13927504.2236	1056	17.6117
ERR13927504.2237	1551	18.4610
ERR13927504.2238	1592	18.8687
ERR13927504.2239	1572	17.6737
ERR13927504.2240	1559	15.9346
ERR13927504.2241	1507	16.1778
ERR13927504.2242	1566	18.1641
ERR13927504.2243	1569	17.2964
ERR13927504.2244	1583	16.0423
ERR13927504.2245	1648	17.1432
ERR13927504.2246	1567	20.1149
ERR13927504.2247	1571	17.2183
ERR13927504.2248	1557	15.7649
ERR13927504.2249	1552	14.4897
ERR13927504.2250	1561	15.6502
ERR13927504.2251	1582	16.7547
ERR13927504.2252	1594	15.1292
ERR13927504.2253	1568	14.5969
ERR13927504.2254	1538	17.3765
ERR13927504.2255	1580	16.6468
ERR13927504.2256	1544	14.3944
ERR13927504.2257	1580	17.4006
ERR13927504.2258	1560	18.5891
ERR13927504.2259	1545	13.9793
ERR13927504.2260	1556	15.8207
ERR13927504.2261	1547	17.2631
ERR13927504.2262	1560	14.6071
ERR13927504.2263	1563	19.6852
ERR13927504.2264	1614	16.4585
ERR13927504.2265	1534	14.8631
ERR13927504.2266	1589	17.5469
ERR13927504.2267	1567	16.0983
ERR13927504.2268	1486	16.5585
ERR13927504.2269	1555	19.1756
ERR13927504.2270	1553	17.3059
ERR13927504.2271	1572	20.1609
ERR13927504.2272	1580	14.6430
ERR13927504.2273	1564	16.0032
ERR13927504.2274	1531	14.5663
ERR13927504.2275	1584	20.1357
ERR13927504.2276	1556	16.4370
ERR13927504.2277	1544	19.9806
ERR13927504.2278	1570	17.9446
ERR13927504.2279	1570	17.9318
ERR13927504.2280	1224	16.5564
ERR13927504.2281	1548	16.5911
ERR13927504.2282	1557	17.0745
ERR13927504.2283	1570	17.4146
ERR13927504.2284	1570	17.0006
ERR13927504.2285	1594	18.5163
ERR13927504.2286	1582	16.3957
ERR13927504.2287	1573	18.5518
ERR13927504.2288	1516	15.6464
ERR13927504.2289	1518	15.7194
ERR13927504.2290	1640	17.3665
ERR13927504.2291	1585	20.0177
ERR13927504.2292	1535	16.4039
ERR13927504.2293	1552	15.9291
ERR13927504.2294	1582	16.5632
ERR13927504.2295	1563	17.3065
ERR13927504.2296	1578	18.8403
ERR13927504.2297	1574	17.0407
ERR13927504.2298	1590	16.2786
ERR13927504.2299	1569	16.4334
ERR13927504.2300	1321	16.4587
ERR13927504.2301	1540	18.2558
ERR13927504.2302	1567	18.3644
ERR13927504.2303	1550	16.9632
ERR13927504.2304	1520	16.3270
ERR13927504.2305	1551	16.0451
ERR13927504.2306	1558	18.5513
ERR13927504.2307	1585	17.0006
ERR13927504.2308	1562	18.3233
ERR13927504.2309	1539	15.4237
ERR13927504.2310	1579	16.0792
ERR13927504.2311	1555	16.8109
ERR13927504.2312	1584	17.0328
ERR13927504.2313	1594	16.4147
ERR13927504.2314	1576	18.9683
ERR13927504.2315	1579	16.4294
ERR13927504.2316	1518	15.4802
ERR13927504.2317	1578	17.4531
ERR13927504.2318	1531	14.6943
ERR13927504.2319	1034	19.3907
ERR13927504.2320	1562	15.9558
ERR13927504.2321	1589	21.2165
ERR13927504.2322	1548	15.2364
ERR13927504.2323	1512	13.7143
ERR13927504.2324	1558	17.1906
ERR13927504.2325	1560	16.6731
ERR13927504.2326	1598	19.9524
ERR13927504.2327	1565	17.6831
ERR13927504.2328	1583	15.0404
ERR13927504.2329	1290	20.6465
ERR13927504.2330	1567	17.2431
ERR13927504.2331	1568	20.5064
ERR13927504.2332	1579	15.4060
ERR13927504.2333	1624	16.8904
ERR13927504.2334	1568	16.3055
ERR13927504.2335	1571	16.6906
ERR13927504.2336	1471	15.8579
ERR13927504.2337	1570	14.3102
ERR13927504.2338	1311	16.3768
ERR13927504.2339	1542	16.2737
ERR13927504.2340	1577	17.5923
ERR13927504.2341	1548	15.0659
ERR13927504.2342	1548	17.7771
ERR13927504.2343	1551	18.7144
ERR13927504.2344	1525	17.2144
ERR13927504.2345	1587	17.5312
ERR13927504.2346	1571	16.8950
ERR13927504.2347	1596	15.7895
ERR13927504.2348	1593	18.6591
ERR13927504.2349	1577	19.9892
ERR13927504.2350	1592	17.4334
ERR13927504.2351	1534	16.2027
ERR13927504.2352	1539	15.7719
ERR13927504.2353	1560	17.3244
ERR13927504.2354	1546	20.1307
ERR13927504.2355	1524	18.9980
ERR13927504.2356	1589	19.1353
ERR13927504.2357	1566	15.5958
ERR13927504.2358	1577	19.0977
ERR13927504.2359	1584	17.5019
ERR13927504.2360	1567	16.0836
ERR13927504.2361	1582	15.9286
ERR13927504.2362	1580	16.6924
ERR13927504.2363	1558	16.8216
ERR13927504.2364	1567	17.1110
ERR13927504.2365	1522	14.5756
ERR13927504.2366	1599	17.3759
ERR13927504.2367	1595	23.2038
ERR13927504.2368	1579	18.3192
ERR13927504.2369	1565	16.7649
ERR13927504.2370	1574	15.3088
ERR13927504.2371	1570	16.4962
ERR13927504.2372	1589	15.7338
ERR13927504.2373	1381	18.4728
ERR13927504.2374	1583	17.4454
ERR13927504.2375	1569	17.5182
ERR13927504.2376	1530	18.1039
ERR13927504.2377	1571	18.3673
ERR13927504.2378	1584	17.6982
ERR13927504.2379	1544	16.4747
ERR13927504.2380	1586	16.7491
ERR13927504.2381	1554	20.1023
ERR13927504.2382	1536	15.5905
ERR13927504.2383	1593	16.8876
ERR13927504.2384	1568	15.4732
ERR13927504.2385	1483	17.0877
ERR13927504.2386	1566	17.1603
ERR13927504.2387	1542	15.9721
ERR13927504.2388	1515	16.6924
ERR13927504.2389	1572	14.3785
ERR13927504.2390	1544	14.8199
ERR13927504.2391	1546	18.1779
ERR13927504.2392	1227	16.7514
ERR13927504.2393	1533	18.6497
ERR13927504.2394	1486	14.5330
ERR13927504.2395	1600	18.6325
ERR13927504.2396	1538	15.7471
ERR13927504.2397	1560	19.2551
ERR13927504.2398	1554	15.8571
ERR13927504.2399	1575	16.4463
ERR13927504.2400	1583	15.5117
ERR13927504.2401	1591	18.8108
ERR13927504.2402	1561	16.0782
ERR13927504.2403	1585	16.3779
ERR13927504.2404	1500	14.7453
ERR13927504.2405	1609	16.9621
ERR13927504.2406	1595	16.8596
ERR13927504.2407	1558	18.3286
ERR13927504.2408	1485	16.3690
ERR13927504.2409	1532	16.9014
ERR13927504.2410	1561	16.9212
ERR13927504.2411	1526	15.4450
ERR13927504.2412	1544	18.5285
ERR13927504.2413	1587	18.4310
ERR13927504.2414	1589	19.7363
ERR13927504.2415	1577	15.5942
ERR13927504.2416	1546	16.8344
ERR13927504.2417	1541	15.7690
ERR13927504.2418	1577	19.9201
ERR13927504.2419	1389	18.3369
ERR13927504.2420	1589	19.9119
ERR13927504.2421	1574	16.8475
ERR13927504.2422	1566	16.7963
ERR13927504.2423	651	14.0630
ERR13927504.2424	1555	15.0791
ERR13927504.2425	1578	17.6641
ERR13927504.2426	1579	15.3572
ERR13927504.2427	1561	16.6432
ERR13927504.2428	1219	14.0468
ERR13927504.2429	1539	18.0097
ERR13927504.2430	1595	16.9755
ERR13927504.2431	1540	15.4442
ERR13927504.2432	1580	17.8937
ERR13927504.2433	1559	19.0083
ERR13927504.2434	1547	15.0860
ERR13927504.2435	1575	16.7003
ERR13927504.2436	1585	18.0341
ERR13927504.2437	1574	18.8278
ERR13927504.2438	1586	18.5284
ERR13927504.2439	1583	17.4207
ERR13927504.2440	1575	15.5537
ERR13927504.2441	1204	14.9419
ERR13927504.2442	1561	15.3101
ERR13927504.2443	1563	17.0230
ERR13927504.2444	1586	16.8991
ERR13927504.2445	1599	16.2689
ERR13927504.2446	1632	15.9179
ERR13927504.2447	1579	19.8233
ERR13927504.2448	1578	16.6128
ERR13927504.2449	1576	19.8756
ERR13927504.2450	1551	16.4539
ERR13927504.2451	1582	18.7788
ERR13927504.2452	1442	15.9133
ERR13927504.2453	1520	14.3507
ERR13927504.2454	1552	18.1959
ERR13927504.2455	1583	17.5123
ERR13927504.2456	1551	17.1625
ERR13927504.2457	1577	18.7495
ERR13927504.2458	1593	15.5813
ERR13927504.2459	1585	17.8574
ERR13927504.2460	1561	16.5567
ERR13927504.2461	1579	16.4060
ERR13927504.2462	1583	18.0625
ERR13927504.2463	1556	14.5874
ERR13927504.2464	1576	16.7589
ERR13927504.2465	1588	17.4710
ERR13927504.2466	1585	15.9956
ERR13927504.2467	1547	17.6096
ERR13927504.2468	1496	14.7386
ERR13927504.2469	1549	19.4216
ERR13927504.2470	1562	18.8143
ERR13927504.2471	1579	17.0469
ERR13927504.2472	1569	15.6259
ERR13927504.2473	1580	15.0804
ERR13927504.2474	1558	15.6650
ERR13927504.2475	1556	21.1575
ERR13927504.2476	1588	16.8596
ERR13927504.2477	1527	17.3373
ERR13927504.2478	1559	19.3066
ERR13927504.2479	1550	15.9665
ERR13927504.2480	795	15.0994
ERR13927504.2481	1551	16.6738
ERR13927504.2482	1136	17.0748
ERR13927504.2483	1627	16.5937
ERR13927504.2484	1541	20.2797
ERR13927504.2485	1581	17.3922
ERR13927504.2486	1579	18.7042
ERR13927504.2487	1583	15.3809
ERR13927504.2488	1563	16.8189
ERR13927504.2489	1558	16.6739
ERR13927504.2490	1574	18.0940
ERR13927504.2491	1562	18.3329
ERR13927504.2492	1541	17.4737
ERR13927504.2493	1569	16.0765
ERR13927504.2494	1525	18.8656
ERR13927504.2495	313	14.6965
ERR13927504.2496	1526	15.3735
ERR13927504.2497	1608	17.0653
ERR13927504.2498	1556	17.0071
ERR13927504.2499	1579	15.2267
ERR13927504.2500	1652	16.2791
ERR13927504.2501	1554	17.5759
ERR13927504.2502	216	11.9352
ERR13927504.2503	1577	19.2410
ERR13927504.2504	1538	14.7230
ERR13927504.2505	1560	14.8083
ERR13927504.2506	260	14.9885
ERR13927504.2507	1579	19.3990
ERR13927504.2508	1529	18.7992
ERR13927504.2509	1538	17.5728
ERR13927504.2510	1585	17.2883
ERR13927504.2511	1615	19.2111
ERR13927504.2512	1559	17.8223
ERR13927504.2513	1590	16.7830
ERR13927504.2514	1543	17.7524
ERR13927504.2515	1598	20.2096
ERR13927504.2516	1535	18.8521
ERR13927504.2517	1578	14.4151
ERR13927504.2518	1511	14.3640
ERR13927504.2519	1553	15.8442
ERR13927504.2520	1553	15.8036
ERR13927504.2521	1597	20.3482
ERR13927504.2522	1570	16.2433
ERR13927504.2523	1589	18.1145
ERR13927504.2524	1570	17.4338
ERR13927504.2525	1570	15.4529
ERR13927504.2526	1578	17.4068
ERR13927504.2527	1598	17.3861
ERR13927504.2528	1588	18.2859
ERR13927504.2529	1585	18.2568
ERR13927504.2530	1543	14.7680
ERR13927504.2531	1534	18.3305
ERR13927504.2532	1602	14.3976
ERR13927504.2533	1622	18.8520
ERR13927504.2534	1565	16.8185
ERR13927504.2535	1570	18.3605
ERR13927504.2536	1490	17.1148
ERR13927504.2537	1563	14.8957
ERR13927504.2538	1545	19.4246
ERR13927504.2539	1560	19.9750
ERR13927504.2540	1581	18.8994
ERR13927504.2541	1576	14.6364
ERR13927504.2542	1548	16.3934
ERR13927504.2543	1536	15.6979
ERR13927504.2544	1611	15.3277
ERR13927504.2545	1544	19.9210
ERR13927504.2546	1560	16.5109
ERR13927504.2547	1533	14.8584
ERR13927504.2548	1627	16.7886
ERR13927504.2549	1606	19.0349
ERR13927504.2550	1558	17.5398
ERR13927504.2551	1572	17.1667
ERR13927504.2552	1543	17.7265
ERR13927504.2553	1591	16.0195
ERR13927504.2554	1563	15.5496
ERR13927504.2555	1576	19.5444
ERR13927504.2556	1559	15.6318
ERR13927504.2557	1574	19.3736
ERR13927504.2558	1596	17.5833
ERR13927504.2559	1533	15.1272
ERR13927504.2560	1557	14.4290
ERR13927504.2561	1542	16.2925
ERR13927504.2562	1600	18.9175
ERR13927504.2563	1555	16.2804
ERR13927504.2564	1573	19.8576
ERR13927504.2565	1531	14.7773
ERR13927504.2566	1560	16.1250
ERR13927504.2567	1573	15.0731
ERR13927504.2568	1617	16.6178
ERR13927504.2569	1587	15.6043
ERR13927504.2570	1510	14.8351
ERR13927504.2571	1605	20.9072
ERR13927504.2572	1563	15.1158
ERR13927504.2573	1492	18.1307
ERR13927504.2574	1574	15.7637
ERR13927504.2575	1591	19.9893
ERR13927504.2576	1525	18.6262
ERR13927504.2577	1566	17.0051
ERR13927504.2578	700	17.3657
ERR13927504.2579	1558	18.1239
ERR13927504.2580	1552	15.2687
ERR13927504.2581	1541	17.9254
ERR13927504.2582	242	16.4132
ERR13927504.2583	1585	17.5104
ERR13927504.2584	1536	15.1582
ERR13927504.2585	1586	17.2257
ERR13927504.2586	1590	16.4252
ERR13927504.2587	286	15.0769
ERR13927504.2588	1588	18.6675
ERR13927504.2589	1587	17.0460
ERR13927504.2590	1579	16.4566
ERR13927504.2591	1583	16.7044
ERR13927504.2592	1586	15.7667
ERR13927504.2593	1591	17.7404
ERR13927504.2594	1587	17.0504
ERR13927504.2595	1548	16.0401
ERR13927504.2596	1596	18.0094
ERR13927504.2597	1575	17.5790
ERR13927504.2598	1319	14.3745
ERR13927504.2599	1592	18.1997
ERR13927504.2600	1578	16.0735
ERR13927504.2601	1558	16.7092
ERR13927504.2602	1505	15.1136
ERR13927504.2603	1536	16.2422
ERR13927504.2604	1590	19.1855
ERR13927504.2605	1561	17.8328
ERR13927504.2606	1577	19.1528
ERR13927504.2607	1542	14.7477
ERR13927504.2608	1525	15.8820
ERR13927504.2609	1583	19.0853
ERR13927504.2610	1557	17.6853
ERR13927504.2611	1062	16.3522
ERR13927504.2612	1590	17.2214
ERR13927504.2613	1582	15.6966
ERR13927504.2614	1595	15.2276
ERR13927504.2615	1557	17.6596
ERR13927504.2616	1535	16.2782
ERR13927504.2617	1083	16.5088
ERR13927504.2618	1587	16.8897
ERR13927504.2619	1562	16.1882
ERR13927504.2620	1544	17.1658
ERR13927504.2621	1546	18.3079
ERR13927504.2622	1554	16.1544
ERR13927504.2623	1235	18.6518
ERR13927504.2624	1600	16.1006
ERR13927504.2625	1552	15.4530
ERR13927504.2626	1574	17.2382
ERR13927504.2627	1538	13.9909
ERR13927504.2628	1593	21.2542
ERR13927504.2629	1600	19.4106
ERR13927504.2630	1547	18.1138
ERR13927504.2631	1566	17.1743
ERR13927504.2632	1585	16.9375
ERR13927504.2633	1566	17.7880
ERR13927504.2634	1576	15.1555
ERR13927504.2635	1549	18.9212
ERR13927504.2636	1542	19.6582
ERR13927504.2637	1573	16.1322
ERR13927504.2638	1559	19.3271
ERR13927504.2639	1461	17.1143
ERR13927504.2640	1583	16.6582
ERR13927504.2641	1542	17.5940
ERR13927504.2642	1547	17.0886
ERR13927504.2643	1592	18.1702
ERR13927504.2644	1491	15.7572
ERR13927504.2645	1550	19.0858
ERR13927504.2646	1580	18.2956
ERR13927504.2647	1531	15.5095
ERR13927504.2648	1592	18.0389
ERR13927504.2649	1576	17.7341
ERR13927504.2650	1554	16.5187
ERR13927504.2651	1275	17.8722
ERR13927504.2652	1505	16.8100
ERR13927504.2653	1558	18.3235
ERR13927504.2654	1588	17.2777
ERR13927504.2655	1598	16.2678
ERR13927504.2656	1545	15.9042
ERR13927504.2657	1578	17.9487
ERR13927504.2658	1597	15.4383
ERR13927504.2659	1590	18.1698
ERR13927504.2660	1591	18.0603
ERR13927504.2661	1561	18.5330
ERR13927504.2662	1550	19.0484
ERR13927504.2663	1576	15.5400
ERR13927504.2664	1584	15.7904
ERR13927504.2665	1563	18.1817
ERR13927504.2666	1611	16.7151
ERR13927504.2667	1599	19.3208
ERR13927504.2668	1545	16.1644
ERR13927504.2669	1555	15.3222
ERR13927504.2670	1539	18.9552
ERR13927504.2671	1587	17.2766
ERR13927504.2672	1568	16.9962
ERR13927504.2673	1357	15.1887
ERR13927504.2674	1546	15.3926
ERR13927504.2675	1600	18.0025
ERR13927504.2676	1567	16.6107
ERR13927504.2677	1587	17.5419
ERR13927504.2678	1565	16.0364
ERR13927504.2679	1549	14.5597
ERR13927504.2680	1601	15.6621
ERR13927504.2681	1574	17.3100
ERR13927504.2682	1553	17.9324
ERR13927504.2683	1602	19.8552
ERR13927504.2684	1566	16.5038
ERR13927504.2685	1608	16.0510
ERR13927504.2686	1582	18.3546
ERR13927504.2687	1570	19.2350
ERR13927504.2688	1581	18.2536
ERR13927504.2689	1585	15.2656
ERR13927504.2690	1581	18.2460
ERR13927504.2691	1594	16.5314
ERR13927504.2692	1541	15.6703
ERR13927504.2693	1546	15.3305
ERR13927504.2694	1700	16.2006
ERR13927504.2695	1232	16.9456
ERR13927504.2696	1595	17.6426
ERR13927504.2697	1551	15.4900
ERR13927504.2698	1588	15.8942
ERR13927504.2699	1591	16.3991
ERR13927504.2700	1557	15.2177
ERR13927504.2701	1585	16.6429
ERR13927504.2702	1565	18.3310
ERR13927504.2703	1512	14.6958
ERR13927504.2704	1574	19.1410
ERR13927504.2705	3119	16.1792
ERR13927504.2706	1565	17.0473
ERR13927504.2707	1576	19.3852
ERR13927504.2708	1577	16.8624
ERR13927504.2709	1576	20.1003
ERR13927504.2710	1570	17.5637
ERR13927504.2711	1597	14.2361
ERR13927504.2712	1585	18.8479
ERR13927504.2713	1554	17.4820
ERR13927504.2714	1415	15.8078
ERR13927504.2715	1584	15.2178
ERR13927504.2716	1585	16.1230
ERR13927504.2717	1578	17.1394
ERR13927504.2718	1551	18.4848
ERR13927504.2719	1720	15.7657
ERR13927504.2720	1553	17.4127
ERR13927504.2721	1529	16.2165
ERR13927504.2722	1614	18.3817
ERR13927504.2723	1570	14.7968
ERR13927504.2724	210	19.6905
ERR13927504.2725	1575	20.3073
ERR13927504.2726	1606	16.5100
ERR13927504.2727	1572	17.7869
ERR13927504.2728	1585	17.9287
ERR13927504.2729	1569	18.0325
ERR13927504.2730	1556	19.3599
ERR13927504.2731	1562	15.4251
ERR13927504.2732	1545	18.5890
ERR13927504.2733	1559	15.4843
ERR13927504.2734	1565	17.3942
ERR13927504.2735	1514	18.4749
ERR13927504.2736	1556	16.8425
ERR13927504.2737	1554	17.3855
ERR13927504.2738	1566	20.0313
ERR13927504.2739	1551	17.5996
ERR13927504.2740	1566	15.8774
ERR13927504.2741	1592	15.8229
ERR13927504.2742	1545	17.6744
ERR13927504.2743	1581	17.6970
ERR13927504.2744	1597	18.2129
ERR13927504.2745	786	18.0827
ERR13927504.2746	1560	16.3455
ERR13927504.2747	1561	17.9084
ERR13927504.2748	1537	17.6012
ERR13927504.2749	1545	15.6485
ERR13927504.2750	1559	16.4362
ERR13927504.2751	1550	15.4284
ERR13927504.2752	1563	17.8746
ERR13927504.2753	1563	18.1747
ERR13927504.2754	1573	17.1844
ERR13927504.2755	1581	22.3580
ERR13927504.2756	1559	16.7030
ERR13927504.2757	1572	16.4587
ERR13927504.2758	1600	18.4894
ERR13927504.2759	1586	18.9451
ERR13927504.2760	1585	15.7306
ERR13927504.2761	1566	17.0147
ERR13927504.2762	1557	19.2595
ERR13927504.2763	1562	17.3713
ERR13927504.2764	1559	16.8717
ERR13927504.2765	1540	19.5182
ERR13927504.2766	1591	15.7096
ERR13927504.2767	227	20.2423
ERR13927504.2768	1595	21.5687
ERR13927504.2769	1708	15.0925
ERR13927504.2770	1555	19.3338
ERR13927504.2771	1563	18.8215
ERR13927504.2772	1576	15.9505
ERR13927504.2773	1589	19.8282
ERR13927504.2774	1577	16.7394
ERR13927504.2775	1560	15.7385
ERR13927504.2776	1552	19.1688
ERR13927504.2777	1540	15.3000
ERR13927504.2778	1617	15.4372
ERR13927504.2779	1634	18.6561
ERR13927504.2780	1570	18.8274
ERR13927504.2781	1560	17.8865
ERR13927504.2782	1584	17.1806
ERR13927504.2783	1580	17.1329
ERR13927504.2784	1572	16.2328
ERR13927504.2785	1601	15.7064
ERR13927504.2786	1542	22.1141
ERR13927504.2787	1596	15.1535
ERR13927504.2788	1573	19.5722
ERR13927504.2789	1537	19.9226
ERR13927504.2790	1570	19.9401
ERR13927504.2791	1545	18.3443
ERR13927504.2792	1585	18.1256
ERR13927504.2793	1566	15.7848
ERR13927504.2794	1541	18.2362
ERR13927504.2795	1543	16.8762
ERR13927504.2796	1558	19.9814
ERR13927504.2797	245	14.9306
ERR13927504.2798	1573	20.9854
ERR13927504.2799	1558	16.8877
ERR13927504.2800	1580	19.3975
ERR13927504.2801	1596	19.2776
ERR13927504.2802	1501	17.4310
ERR13927504.2803	1580	14.8443
ERR13927504.2804	1609	15.9341
ERR13927504.2805	1593	17.7922
ERR13927504.2806	1559	18.3175
ERR13927504.2807	1591	16.4645
ERR13927504.2808	1579	17.7112
ERR13927504.2809	1581	17.9342
ERR13927504.2810	1559	17.2187
ERR13927504.2811	1573	20.2390
ERR13927504.2812	1571	17.4169
ERR13927504.2813	1606	17.9421
ERR13927504.2814	1572	18.8505
ERR13927504.2815	1561	17.3824
ERR13927504.2816	1545	17.3068
ERR13927504.2817	1557	17.8279
ERR13927504.2818	1603	15.3175
ERR13927504.2819	1581	19.6743
ERR13927504.2820	1577	18.7121
ERR13927504.2821	1562	16.4776
ERR13927504.2822	1569	17.5844
ERR13927504.2823	1564	18.2033
ERR13927504.2824	1576	16.0838
ERR13927504.2825	1598	15.1884
ERR13927504.2826	1524	15.8386
ERR13927504.2827	1573	19.5524
ERR13927504.2828	1588	16.5151
ERR13927504.2829	1537	14.4008
ERR13927504.2830	1549	19.9212
ERR13927504.2831	1561	18.0602
ERR13927504.2832	1554	16.8951
ERR13927504.2833	1582	16.6808
ERR13927504.2834	1578	18.8973
ERR13927504.2835	1555	14.6026
ERR13927504.2836	1585	15.4549
ERR13927504.2837	1585	16.6057
ERR13927504.2838	1542	19.5525
ERR13927504.2839	1554	19.0495
ERR13927504.2840	1554	16.3012
ERR13927504.2841	1579	15.2704
ERR13927504.2842	1549	19.2537
ERR13927504.2843	1554	17.7471
ERR13927504.2844	1019	17.1021
ERR13927504.2845	1577	20.7622
ERR13927504.2846	1570	18.9637
ERR13927504.2847	1545	17.5359
ERR13927504.2848	1597	20.2962
ERR13927504.2849	1405	18.6484
ERR13927504.2850	1580	17.4228
ERR13927504.2851	1557	14.5189
ERR13927504.2852	1590	18.3013
ERR13927504.2853	1566	16.5996
ERR13927504.2854	1582	21.2472
ERR13927504.2855	1558	17.2259
ERR13927504.2856	1555	14.3698
ERR13927504.2857	1539	20.4366
ERR13927504.2858	1530	17.3510
ERR13927504.2859	1629	16.1197
ERR13927504.2860	1588	17.4345
ERR13927504.2861	1554	18.0418
ERR13927504.2862	1567	15.9840
ERR13927504.2863	1449	13.9441
ERR13927504.2864	1562	17.9488
ERR13927504.2865	1564	18.1816
ERR13927504.2866	1604	17.3990
ERR13927504.2867	1568	18.0013
ERR13927504.2868	1539	14.1144
ERR13927504.2869	1545	14.5663
ERR13927504.2870	1566	18.3359
ERR13927504.2871	1576	15.3020
ERR13927504.2872	1518	15.9638
ERR13927504.2873	1590	16.3107
ERR13927504.2874	1579	20.5225
ERR13927504.2875	1541	14.9825
ERR13927504.2876	1546	17.7490
ERR13927504.2877	1582	18.4981
ERR13927504.2878	1580	15.4804
ERR13927504.2879	1575	17.8311
ERR13927504.2880	1591	16.8517
ERR13927504.2881	1569	20.6444
ERR13927504.2882	1573	16.8290
ERR13927504.2883	1537	18.9863
ERR13927504.2884	1549	14.8993
ERR13927504.2885	1563	17.2674
ERR13927504.2886	1523	15.1471
ERR13927504.2887	1583	16.0442
ERR13927504.2888	583	16.1887
ERR13927504.2889	1556	15.2352
ERR13927504.2890	1609	15.4643
ERR13927504.2891	1590	16.7157
ERR13927504.2892	1556	17.9929
ERR13927504.2893	921	15.6797
ERR13927504.2894	1520	15.7783
ERR13927504.2895	1593	18.7489
ERR13927504.2896	3164	18.3183
ERR13927504.2897	1617	17.1039
ERR13927504.2898	1525	20.0177
ERR13927504.2899	1551	16.1547
ERR13927504.2900	1560	15.9397
ERR13927504.2901	1546	15.4864
ERR13927504.2902	1553	17.9317
ERR13927504.2903	1572	19.0382
ERR13927504.2904	1551	18.4468
ERR13927504.2905	1570	18.2650
ERR13927504.2906	1567	16.4027
ERR13927504.2907	1571	17.1082
ERR13927504.2908	693	15.9105
ERR13927504.2909	1593	17.2674
ERR13927504.2910	1557	17.9647
ERR13927504.2911	1537	18.6129
ERR13927504.2912	1610	16.4373
ERR13927504.2913	1535	15.4684
ERR13927504.2914	1522	17.1531
ERR13927504.2915	1557	19.1882
ERR13927504.2916	531	16.9115
ERR13927504.2917	1569	16.4844
ERR13927504.2918	1601	15.7701
ERR13927504.2919	1603	17.6126
ERR13927504.2920	1580	17.3595
ERR13927504.2921	1569	17.6004
ERR13927504.2922	1558	15.4275
ERR13927504.2923	1564	15.9258
ERR13927504.2924	1556	19.0823
ERR13927504.2925	1596	16.1711
ERR13927504.2926	1478	15.5433
ERR13927504.2927	1552	14.9272
ERR13927504.2928	1554	20.4183
ERR13927504.2929	1575	17.0781
ERR13927504.2930	1588	21.7204
ERR13927504.2931	1540	16.6182
ERR13927504.2932	1567	14.6535
ERR13927504.2933	1594	15.6650
ERR13927504.2934	1576	13.5977
ERR13927504.2935	1551	16.0239
ERR13927504.2936	1567	17.4850
ERR13927504.2937	1549	15.7908
ERR13927504.2938	1600	20.9044
ERR13927504.2939	1568	18.2902
ERR13927504.2940	1542	18.0052
ERR13927504.2941	1605	18.0741
ERR13927504.2942	1567	16.8060
ERR13927504.2943	1564	18.5051
ERR13927504.2944	1161	18.6968
ERR13927504.2945	1553	20.6523
ERR13927504.2946	1546	19.7969
ERR13927504.2947	1567	16.8539
ERR13927504.2948	1545	15.4712
ERR13927504.2949	1583	17.4479
ERR13927504.2950	1579	16.4611
ERR13927504.2951	1560	15.5615
ERR13927504.2952	1563	17.9015
ERR13927504.2953	1573	17.7489
ERR13927504.2954	1529	16.3623
ERR13927504.2955	1511	16.2660
ERR13927504.2956	1546	15.3765
ERR13927504.2957	1580	17.4133
ERR13927504.2958	1583	17.1472
ERR13927504.2959	1585	15.6044
ERR13927504.2960	1562	19.3982
ERR13927504.2961	1567	19.5865
ERR13927504.2962	1569	16.6775
ERR13927504.2963	1222	16.7504
ERR13927504.2964	1568	19.4114
ERR13927504.2965	1559	14.9108
ERR13927504.2966	1563	18.3960
ERR13927504.2967	1541	16.9948
ERR13927504.2968	1557	19.2075
ERR13927504.2969	1605	18.0660
ERR13927504.2970	1559	20.0269
ERR13927504.2971	1549	16.0420
ERR13927504.2972	1576	15.4175
ERR13927504.2973	1580	15.4956
ERR13927504.2974	1560	16.4628
ERR13927504.2975	1525	15.6525
ERR13927504.2976	1577	15.7705
ERR13927504.2977	3069	17.5810
ERR13927504.2978	1603	15.5084
ERR13927504.2979	1569	15.3932
ERR13927504.2980	1561	16.3812
ERR13927504.2981	1605	18.7171
ERR13927504.2982	1575	19.7810
ERR13927504.2983	1563	18.7198
ERR13927504.2984	1566	19.1335
ERR13927504.2985	1567	17.1461
ERR13927504.2986	1596	16.3640
ERR13927504.2987	1571	21.5869
ERR13927504.2988	1246	16.6766
ERR13927504.2989	1581	19.3074
ERR13927504.2990	1582	16.2908
ERR13927504.2991	1554	16.1815
ERR13927504.2992	1564	18.2967
ERR13927504.2993	1582	17.4943
ERR13927504.2994	1586	17.9868
ERR13927504.2995	610	17.5475
ERR13927504.2996	1568	16.1939
ERR13927504.2997	1572	18.4052
ERR13927504.2998	1603	18.9857
ERR13927504.2999	1572	18.8842
ERR13927504.3000	1555	17.0135
ERR13927504.3001	1549	16.3725
ERR13927504.3002	1559	17.9320
ERR13927504.3003	1548	15.5342
ERR13927504.3004	1565	19.9962
ERR13927504.3005	1519	14.5918
ERR13927504.3006	1589	19.8653
ERR13927504.3007	1564	19.6771
ERR13927504.3008	1589	19.1441
ERR13927504.3009	1571	15.4360
ERR13927504.3010	1527	16.6451
ERR13927504.3011	1547	16.6380
ERR13927504.3012	1546	16.0944
ERR13927504.3013	1518	16.2134
ERR13927504.3014	1591	17.0251
ERR13927504.3015	1489	14.9637
ERR13927504.3016	1564	15.8561
ERR13927504.3017	1575	19.2368
ERR13927504.3018	1548	17.4412
ERR13927504.3019	1585	16.8808
ERR13927504.3020	1587	15.7662
ERR13927504.3021	1577	19.9353
ERR13927504.3022	1544	15.3582
ERR13927504.3023	1585	18.1028
ERR13927504.3024	1550	16.3768
ERR13927504.3025	1583	16.7511
ERR13927504.3026	1593	16.6240
ERR13927504.3027	1590	19.6931
ERR13927504.3028	1585	16.3369
ERR13927504.3029	1570	15.4936
ERR13927504.3030	1342	20.4888
ERR13927504.3031	1537	13.6304
ERR13927504.3032	1587	15.5621
ERR13927504.3033	1437	17.7738
ERR13927504.3034	1559	17.4721
ERR13927504.3035	584	15.5274
ERR13927504.3036	1557	14.9461
ERR13927504.3037	1552	16.0071
ERR13927504.3038	1606	19.7503
ERR13927504.3039	1556	16.2082
ERR13927504.3040	1550	17.3355
ERR13927504.3041	1594	15.0759
ERR13927504.3042	1553	16.3323
ERR13927504.3043	1581	17.1151
ERR13927504.3044	1558	18.2792
ERR13927504.3045	1567	15.2004
ERR13927504.3046	1638	18.3700
ERR13927504.3047	1539	16.9851
ERR13927504.3048	1561	16.6899
ERR13927504.3049	1548	17.6034
ERR13927504.3050	1552	21.4497
ERR13927504.3051	1103	18.3908
ERR13927504.3052	1582	17.8173
ERR13927504.3053	1554	15.9286
ERR13927504.3054	981	19.4067
ERR13927504.3055	1647	19.2453
ERR13927504.3056	1564	16.9015
ERR13927504.3057	1570	16.6223
ERR13927504.3058	1535	17.5759
ERR13927504.3059	1562	17.5576
ERR13927504.3060	1582	17.4893
ERR13927504.3061	1568	18.0663
ERR13927504.3062	1524	16.6719
ERR13927504.3063	1571	17.2826
ERR13927504.3064	1571	15.9593
ERR13927504.3065	1573	18.2517
ERR13927504.3066	391	15.0997
ERR13927504.3067	1542	14.2471
ERR13927504.3068	1579	18.6675
ERR13927504.3069	1585	17.3615
ERR13927504.3070	1498	16.9579
ERR13927504.3071	1563	16.9053
ERR13927504.3072	1570	15.6834
ERR13927504.3073	1577	17.4052
ERR13927504.3074	1594	15.8808
ERR13927504.3075	1580	17.0677
ERR13927504.3076	1546	18.5194
ERR13927504.3077	1570	18.5325
ERR13927504.3078	1564	20.6656
ERR13927504.3079	1571	16.8797
ERR13927504.3080	1535	17.0078
ERR13927504.3081	1581	15.9507
ERR13927504.3082	1550	16.7632
ERR13927504.3083	1563	18.3084
ERR13927504.3084	1529	16.7286
ERR13927504.3085	1592	15.8681
ERR13927504.3086	1565	15.8460
ERR13927504.3087	1521	15.8074
ERR13927504.3088	1524	14.2979
ERR13927504.3089	1547	17.3885
ERR13927504.3090	1603	15.9757
ERR13927504.3091	842	15.7755
ERR13927504.3092	1565	16.8792
ERR13927504.3093	1504	16.0725
ERR13927504.3094	1550	15.7923
ERR13927504.3095	1544	17.2720
ERR13927504.3096	1563	18.1958
ERR13927504.3097	1541	16.1019
ERR13927504.3098	1562	18.6108
ERR13927504.3099	1548	17.0575
ERR13927504.3100	1589	17.3361
ERR13927504.3101	1569	16.1918
ERR13927504.3102	1558	18.6784
ERR13927504.3103	1564	18.2199
ERR13927504.3104	1582	14.7440
ERR13927504.3105	218	20.2523
ERR13927504.3106	1537	17.8913
ERR13927504.3107	1589	17.8018
ERR13927504.3108	1556	16.1960
ERR13927504.3109	1567	16.7109
ERR13927504.3110	1573	18.5270
ERR13927504.3111	1589	16.8414
ERR13927504.3112	1598	19.2791
ERR13927504.3113	1516	15.8384
ERR13927504.3114	1566	15.2088
ERR13927504.3115	1527	17.7511
ERR13927504.3116	1594	16.3256
ERR13927504.3117	1568	19.8833
ERR13927504.3118	1492	14.4933
ERR13927504.3119	1546	19.3144
ERR13927504.3120	1574	19.7783
ERR13927504.3121	1582	15.9747
ERR13927504.3122	1600	20.3069
ERR13927504.3123	715	14.7860
ERR13927504.3124	1558	17.0295
ERR13927504.3125	1579	19.5073
ERR13927504.3126	1528	16.3285
ERR13927504.3127	1590	16.2874
ERR13927504.3128	1553	18.6613
ERR13927504.3129	1578	14.4385
ERR13927504.3130	1584	20.4426
ERR13927504.3131	1499	15.7458
ERR13927504.3132	1521	14.7232
ERR13927504.3133	1548	17.0478
ERR13927504.3134	581	16.2754
ERR13927504.3135	1564	16.8459
ERR13927504.3136	1559	16.1918
ERR13927504.3137	1535	16.2599
ERR13927504.3138	884	18.9887
ERR13927504.3139	1579	18.4991
ERR13927504.3140	1586	18.8058
ERR13927504.3141	1548	20.1357
ERR13927504.3142	1533	16.7378
ERR13927504.3143	1563	22.4165
ERR13927504.3144	1556	15.4287
ERR13927504.3145	1614	16.6016
ERR13927504.3146	1601	16.9613
ERR13927504.3147	1563	15.2271
ERR13927504.3148	428	19.1121
ERR13927504.3149	1542	18.2639
ERR13927504.3150	1516	17.2447
ERR13927504.3151	1617	15.0921
ERR13927504.3152	1566	19.0453
ERR13927504.3153	1590	17.6415
ERR13927504.3154	1566	15.5077
ERR13927504.3155	1550	20.6561
ERR13927504.3156	1532	15.9452
ERR13927504.3157	1569	19.4806
ERR13927504.3158	1523	15.1779
ERR13927504.3159	1615	17.5300
ERR13927504.3160	1581	17.5636
ERR13927504.3161	1574	19.5801
ERR13927504.3162	1592	20.4969
ERR13927504.3163	1580	20.4063
ERR13927504.3164	1561	16.1256
ERR13927504.3165	1546	16.2245
ERR13927504.3166	1572	15.3798
ERR13927504.3167	1573	17.5620
ERR13927504.3168	1562	19.6127
ERR13927504.3169	1553	18.2640
ERR13927504.3170	1545	18.9178
ERR13927504.3171	1562	17.5346
ERR13927504.3172	1546	19.3260
ERR13927504.3173	1598	18.3967
ERR13927504.3174	1577	20.1763
ERR13927504.3175	1557	16.2222
ERR13927504.3176	1516	13.7223
ERR13927504.3177	1574	15.8895
ERR13927504.3178	1539	15.3756
ERR13927504.3179	1545	16.2220
ERR13927504.3180	1613	17.0304
ERR13927504.3181	1578	18.4626
ERR13927504.3182	1512	17.8036
ERR13927504.3183	1495	18.2107
ERR13927504.3184	1502	16.6518
ERR13927504.3185	1476	17.8808
ERR13927504.3186	1574	16.1017
ERR13927504.3187	1267	18.3781
ERR13927504.3188	1539	17.0656
ERR13927504.3189	1557	16.8272
ERR13927504.3190	1541	18.8572
ERR13927504.3191	1585	16.9836
ERR13927504.3192	1231	15.8684
ERR13927504.3193	1609	17.5768
ERR13927504.3194	1555	16.3762
ERR13927504.3195	1580	19.5038
ERR13927504.3196	1300	18.6769
ERR13927504.3197	1557	16.7778
ERR13927504.3198	1570	16.8981
ERR13927504.3199	1555	17.6412
ERR13927504.3200	1138	15.2144
ERR13927504.3201	1553	16.5679
ERR13927504.3202	1569	20.8005
ERR13927504.3203	1587	15.7347
ERR13927504.3204	1582	19.3167
ERR13927504.3205	1553	18.4179
ERR13927504.3206	1353	17.3917
ERR13927504.3207	1562	16.9123
ERR13927504.3208	1546	17.2303
ERR13927504.3209	1555	17.2624
ERR13927504.3210	1532	15.5587
ERR13927504.3211	1576	17.7430
ERR13927504.3212	1556	15.5572
ERR13927504.3213	1583	19.3152
ERR13927504.3214	1558	18.3806
ERR13927504.3215	1593	15.0904
ERR13927504.3216	1569	15.8407
ERR13927504.3217	1457	15.3281
ERR13927504.3218	1033	15.2865
ERR13927504.3219	1550	16.8490
ERR13927504.3220	1581	17.8330
ERR13927504.3221	1607	17.2371
ERR13927504.3222	1604	17.9314
ERR13927504.3223	481	16.9834
ERR13927504.3224	1516	15.1478
ERR13927504.3225	1589	16.2568
ERR13927504.3226	1402	15.4601
ERR13927504.3227	1538	17.0793
ERR13927504.3228	1582	15.6707
ERR13927504.3229	1580	19.1316
ERR13927504.3230	1554	17.9273
ERR13927504.3231	1585	19.0315
ERR13927504.3232	1563	16.1030
ERR13927504.3233	1566	14.6488
ERR13927504.3234	1549	16.4797
ERR13927504.3235	1521	18.0539
ERR13927504.3236	1580	17.8158
ERR13927504.3237	1586	18.5095
ERR13927504.3238	1562	17.8393
ERR13927504.3239	1583	18.5325
ERR13927504.3240	1554	15.9665
ERR13927504.3241	1577	18.4705
ERR13927504.3242	1575	18.5079
ERR13927504.3243	1575	17.7486
ERR13927504.3244	1521	16.5930
ERR13927504.3245	1574	18.7529
ERR13927504.3246	1575	18.6978
ERR13927504.3247	1561	15.0391
ERR13927504.3248	1561	14.3376
ERR13927504.3249	1557	20.3796
ERR13927504.3250	1514	16.9736
ERR13927504.3251	1511	16.0649
ERR13927504.3252	805	15.0957
ERR13927504.3253	1571	16.6321
ERR13927504.3254	1544	15.1587
ERR13927504.3255	1554	15.1377
ERR13927504.3256	1591	18.4689
ERR13927504.3257	1361	14.5547
ERR13927504.3258	1619	17.1779
ERR13927504.3259	1576	17.0228
ERR13927504.3260	1553	18.9176
ERR13927504.3261	1570	19.2293
ERR13927504.3262	1603	19.7193
ERR13927504.3263	1497	18.1830
ERR13927504.3264	1549	18.3125
ERR13927504.3265	1616	17.6436
ERR13927504.3266	1603	19.1659
ERR13927504.3267	1549	15.6746
ERR13927504.3268	1553	17.0013
ERR13927504.3269	1537	16.0293
ERR13927504.3270	1491	15.5164
ERR13927504.3271	1565	19.0581
ERR13927504.3272	1553	18.6645
ERR13927504.3273	1548	15.7745
ERR13927504.3274	1585	17.9584
ERR13927504.3275	1571	19.1279
ERR13927504.3276	1586	16.7667
ERR13927504.3277	1598	18.4330
ERR13927504.3278	1515	16.5525
ERR13927504.3279	1560	15.5404
ERR13927504.3280	1541	16.3933
ERR13927504.3281	1547	15.5262
ERR13927504.3282	1577	17.1795
ERR13927504.3283	1536	15.1628
ERR13927504.3284	804	17.2823
ERR13927504.3285	1576	17.9429
ERR13927504.3286	1560	18.3699
ERR13927504.3287	1519	15.1962
ERR13927504.3288	1559	16.0571
ERR13927504.3289	1561	16.9193
ERR13927504.3290	1547	15.6942
ERR13927504.3291	1018	16.4450
ERR13927504.3292	1555	18.8206
ERR13927504.3293	1569	19.6450
ERR13927504.3294	1559	15.1495
ERR13927504.3295	1571	15.0197
ERR13927504.3296	1570	16.9510
ERR13927504.3297	675	16.8430
ERR13927504.3298	1560	18.5071
ERR13927504.3299	1526	17.2031
ERR13927504.3300	1558	19.4904
ERR13927504.3301	1555	15.9865
ERR13927504.3302	1589	15.9629
ERR13927504.3303	1573	18.9332
ERR13927504.3304	1521	14.2380
ERR13927504.3305	1545	16.3515
ERR13927504.3306	1575	16.1625
ERR13927504.3307	1564	17.4111
ERR13927504.3308	1571	17.7842
ERR13927504.3309	1579	18.1153
ERR13927504.3310	1557	17.9987
ERR13927504.3311	1558	17.2946
ERR13927504.3312	1593	18.4476
ERR13927504.3313	1110	15.8811
ERR13927504.3314	764	16.1322
ERR13927504.3315	1554	18.7149
ERR13927504.3316	1653	18.4761
ERR13927504.3317	1599	18.5979
ERR13927504.3318	1599	17.9543
ERR13927504.3319	1575	19.2279
ERR13927504.3320	1563	17.8989
ERR13927504.3321	1582	16.4943
ERR13927504.3322	1572	16.4962
ERR13927504.3323	1544	15.9249
ERR13927504.3324	1510	15.2762
ERR13927504.3325	1580	16.8639
ERR13927504.3326	1034	17.3404
ERR13927504.3327	1560	18.4038
ERR13927504.3328	1551	20.2869
ERR13927504.3329	1584	17.2582
ERR13927504.3330	968	17.1570
ERR13927504.3331	433	14.4342
ERR13927504.3332	1558	17.6091
ERR13927504.3333	1540	16.1519
ERR13927504.3334	1597	17.4208
ERR13927504.3335	1570	15.8459
ERR13927504.3336	1720	16.5099
ERR13927504.3337	1580	16.4810
ERR13927504.3338	1570	16.9000
ERR13927504.3339	1601	16.7558
ERR13927504.3340	1569	18.4576
ERR13927504.3341	1576	18.4264
ERR13927504.3342	990	17.1788
ERR13927504.3343	1554	19.1911
ERR13927504.3344	1554	16.8057
ERR13927504.3345	1571	15.6136
ERR13927504.3346	1546	15.1546
ERR13927504.3347	1549	16.7134
ERR13927504.3348	1536	15.0566
ERR13927504.3349	1549	18.1801
ERR13927504.3350	1552	17.0477
ERR13927504.3351	1522	15.6695
ERR13927504.3352	1557	15.4258
ERR13927504.3353	1567	16.6228
ERR13927504.3354	1638	19.9921
ERR13927504.3355	1553	15.4198
ERR13927504.3356	1576	16.0330
ERR13927504.3357	1527	15.2823
ERR13927504.3358	1591	17.6059
ERR13927504.3359	1565	18.6454
ERR13927504.3360	1526	17.9286
ERR13927504.3361	1548	19.5866
ERR13927504.3362	1587	17.8702
ERR13927504.3363	1579	16.0196
ERR13927504.3364	1543	17.0123
ERR13927504.3365	1533	15.1670
ERR13927504.3366	1583	17.3557
ERR13927504.3367	1568	20.4847
ERR13927504.3368	1525	14.5607
ERR13927504.3369	1590	17.9497
ERR13927504.3370	1560	15.1821
ERR13927504.3371	1497	18.5524
ERR13927504.3372	1598	18.1158
ERR13927504.3373	2172	17.2343
ERR13927504.3374	1555	15.4952
ERR13927504.3375	1602	17.6898
ERR13927504.3376	1563	19.3295
ERR13927504.3377	1553	16.0786
ERR13927504.3378	1577	18.1484
ERR13927504.3379	1586	16.3852
ERR13927504.3380	1580	18.8918
ERR13927504.3381	1557	16.9467
ERR13927504.3382	1563	16.9648
ERR13927504.3383	1555	16.1588
ERR13927504.3384	1531	17.8576
ERR13927504.3385	1609	17.1516
ERR13927504.3386	1566	15.5619
ERR13927504.3387	1574	14.4409
ERR13927504.3388	1543	14.0214
ERR13927504.3389	1570	19.4146
ERR13927504.3390	1552	15.7403
ERR13927504.3391	1583	18.2274
ERR13927504.3392	1532	18.2774
ERR13927504.3393	1554	16.3932
ERR13927504.3394	1551	17.9368
ERR13927504.3395	1605	17.8361
ERR13927504.3396	1540	18.7558
ERR13927504.3397	511	17.3249
ERR13927504.3398	1552	15.4066
ERR13927504.3399	1547	16.1021
ERR13927504.3400	1540	16.6981
ERR13927504.3401	1564	17.9859
ERR13927504.3402	1577	19.5390
ERR13927504.3403	1540	16.7747
ERR13927504.3404	1591	19.5581
ERR13927504.3405	1553	17.0779
ERR13927504.3406	1616	17.0452
ERR13927504.3407	1564	14.8868
ERR13927504.3408	1544	16.9521
ERR13927504.3409	1577	16.0342
ERR13927504.3410	1520	17.3566
ERR13927504.3411	1549	16.2079
ERR13927504.3412	1567	17.0721
ERR13927504.3413	1533	17.4253
ERR13927504.3414	1559	15.6876
ERR13927504.3415	1563	14.1446
ERR13927504.3416	1574	15.1804
ERR13927504.3417	1590	15.8629
ERR13927504.3418	1549	16.3609
ERR13927504.3419	1537	18.6246
ERR13927504.3420	1569	16.9592
ERR13927504.3421	1566	19.7931
ERR13927504.3422	1553	16.3651
ERR13927504.3423	1559	15.8467
ERR13927504.3424	1601	18.7252
ERR13927504.3425	1575	18.1867
ERR13927504.3426	1576	16.7633
ERR13927504.3427	1522	13.6242
ERR13927504.3428	1559	16.8525
ERR13927504.3429	975	17.7374
ERR13927504.3430	1520	15.6553
ERR13927504.3431	1568	18.0147
ERR13927504.3432	1565	17.4358
ERR13927504.3433	1530	17.6216
ERR13927504.3434	1534	15.4752
ERR13927504.3435	1535	16.8293
ERR13927504.3436	1582	17.1391
ERR13927504.3437	1544	15.5032
ERR13927504.3438	1574	18.7236
ERR13927504.3439	1565	15.4888
ERR13927504.3440	1533	17.2368
ERR13927504.3441	1537	15.7209
ERR13927504.3442	1492	15.8519
ERR13927504.3443	1534	15.9681
ERR13927504.3444	1581	18.4503
ERR13927504.3445	1589	18.5607
ERR13927504.3446	1565	19.4658
ERR13927504.3447	1584	18.7449
ERR13927504.3448	1554	18.2362
ERR13927504.3449	1565	17.8735
ERR13927504.3450	1512	15.0086
ERR13927504.3451	1579	16.0494
ERR13927504.3452	1597	15.4728
ERR13927504.3453	1575	16.7073
ERR13927504.3454	1550	17.7890
ERR13927504.3455	1576	18.9448
ERR13927504.3456	1560	17.8526
ERR13927504.3457	1466	16.1535
ERR13927504.3458	1537	18.2355
ERR13927504.3459	1514	16.9102
ERR13927504.3460	1567	17.0153
ERR13927504.3461	1561	18.7796
ERR13927504.3462	1546	18.7691
ERR13927504.3463	1553	17.1404
ERR13927504.3464	1576	15.6973
ERR13927504.3465	1584	20.9703
ERR13927504.3466	1560	19.0974
ERR13927504.3467	1612	17.5112
ERR13927504.3468	1578	15.9734
ERR13927504.3469	1564	15.6336
ERR13927504.3470	1553	16.1732
ERR13927504.3471	1576	18.6796
ERR13927504.3472	1576	17.8534
ERR13927504.3473	1566	19.9253
ERR13927504.3474	1582	17.2838
ERR13927504.3475	1533	18.9870
ERR13927504.3476	1573	18.9962
ERR13927504.3477	1571	16.5372
ERR13927504.3478	1508	19.1963
ERR13927504.3479	1576	15.6548
ERR13927504.3480	1546	17.1313
ERR13927504.3481	1512	17.7698
ERR13927504.3482	1602	14.6561
ERR13927504.3483	624	15.0304
ERR13927504.3484	1596	15.9718
ERR13927504.3485	1562	16.6511
ERR13927504.3486	1518	15.5619
ERR13927504.3487	227	11.7137
ERR13927504.3488	1568	17.8119
ERR13927504.3489	1557	16.0873
ERR13927504.3490	1571	17.0624
ERR13927504.3491	1588	16.1908
ERR13927504.3492	1587	16.8916
ERR13927504.3493	1568	17.6237
ERR13927504.3494	1558	16.9801
ERR13927504.3495	1546	19.8849
ERR13927504.3496	1567	16.8819
ERR13927504.3497	1560	18.3391
ERR13927504.3498	1544	16.2034
ERR13927504.3499	1561	19.0288
ERR13927504.3500	1572	15.2347
ERR13927504.3501	1578	16.6477
ERR13927504.3502	1544	15.2966
ERR13927504.3503	1586	18.5813
ERR13927504.3504	1613	18.6423
ERR13927504.3505	1529	15.4598
ERR13927504.3506	1571	15.2521
ERR13927504.3507	1566	18.5326
ERR13927504.3508	1548	18.0084
ERR13927504.3509	1585	16.7098
ERR13927504.3510	1567	17.8902
ERR13927504.3511	1579	18.7910
ERR13927504.3512	1536	18.5632
ERR13927504.3513	1555	16.9376
ERR13927504.3514	1566	14.7982
ERR13927504.3515	1568	15.8635
ERR13927504.3516	1586	16.6362
ERR13927504.3517	1569	16.6252
ERR13927504.3518	1574	18.4898
ERR13927504.3519	1574	15.6753
ERR13927504.3520	1566	16.6207
ERR13927504.3521	1561	17.9795
ERR13927504.3522	1563	18.6686
ERR13927504.3523	1564	16.7660
ERR13927504.3524	1593	17.3038
ERR13927504.3525	1595	17.1925
ERR13927504.3526	1505	16.7967
ERR13927504.3527	1560	16.5679
ERR13927504.3528	1159	18.1018
ERR13927504.3529	181	14.6464
ERR13927504.3530	1589	17.1126
ERR13927504.3531	1527	16.0341
ERR13927504.3532	1542	17.9637
ERR13927504.3533	1591	19.5883
ERR13927504.3534	1576	15.0603
ERR13927504.3535	1578	17.3549
ERR13927504.3536	1685	18.1377
ERR13927504.3537	1536	18.7669
ERR13927504.3538	1534	16.8403
ERR13927504.3539	1573	18.7076
ERR13927504.3540	1573	17.0833
ERR13927504.3541	1565	17.6754
ERR13927504.3542	1515	18.5571
ERR13927504.3543	1553	19.0586
ERR13927504.3544	1515	14.9736
ERR13927504.3545	1535	15.3583
ERR13927504.3546	1278	16.9413
ERR13927504.3547	1592	19.5942
ERR13927504.3548	1553	16.4211
ERR13927504.3549	1572	16.6380
ERR13927504.3550	1511	16.1602
ERR13927504.3551	1595	19.3141
ERR13927504.3552	1567	19.9336
ERR13927504.3553	1595	18.7592
ERR13927504.3554	1505	16.0186
ERR13927504.3555	1540	15.7000
ERR13927504.3556	1569	18.3977
ERR13927504.3557	1497	15.7555
ERR13927504.3558	1571	19.3482
ERR13927504.3559	1583	16.4277
ERR13927504.3560	922	15.6171
ERR13927504.3561	1576	20.0755
ERR13927504.3562	1568	18.7430
ERR13927504.3563	1565	19.4658
ERR13927504.3564	1545	17.3333
ERR13927504.3565	1559	16.3496
ERR13927504.3566	1558	17.3030
ERR13927504.3567	1586	17.4741
ERR13927504.3568	1590	15.1761
ERR13927504.3569	1585	19.8435
ERR13927504.3570	1540	16.7357
ERR13927504.3571	1568	18.9732
ERR13927504.3572	1554	17.3810
ERR13927504.3573	1554	18.1570
ERR13927504.3574	1592	15.2475
ERR13927504.3575	1563	15.2681
ERR13927504.3576	1570	18.3191
ERR13927504.3577	1542	18.3275
ERR13927504.3578	1576	17.7881
ERR13927504.3579	1586	17.2806
ERR13927504.3580	1522	15.3430
ERR13927504.3581	1544	17.3141
ERR13927504.3582	1587	15.5778
ERR13927504.3583	1546	18.1481
ERR13927504.3584	1589	18.0629
ERR13927504.3585	1573	17.0540
ERR13927504.3586	1575	18.9759
ERR13927504.3587	1580	17.8291
ERR13927504.3588	1572	18.7125
ERR13927504.3589	1537	17.3598
ERR13927504.3590	1521	15.8126
ERR13927504.3591	1453	17.9449
ERR13927504.3592	1535	16.8293
ERR13927504.3593	1577	16.7020
ERR13927504.3594	1537	16.1269
ERR13927504.3595	1580	16.5551
ERR13927504.3596	1574	16.9689
ERR13927504.3597	1549	19.3447
ERR13927504.3598	1547	19.0336
ERR13927504.3599	1562	17.2791
ERR13927504.3600	1566	18.7318
ERR13927504.3601	1560	15.2212
ERR13927504.3602	1523	17.8864
ERR13927504.3603	1552	17.8273
ERR13927504.3604	1587	17.8859
ERR13927504.3605	1552	18.5187
ERR13927504.3606	1578	16.9835
ERR13927504.3607	1535	15.9642
ERR13927504.3608	1554	18.4472
ERR13927504.3609	1587	16.4033
ERR13927504.3610	1566	18.1175
ERR13927504.3611	1591	18.3180
ERR13927504.3612	1556	14.8156
ERR13927504.3613	393	14.1654
ERR13927504.3614	1556	16.6967
ERR13927504.3615	1586	16.9414
ERR13927504.3616	1560	14.3571
ERR13927504.3617	1553	18.7927
ERR13927504.3618	1570	15.5796
ERR13927504.3619	1546	15.7587
ERR13927504.3620	1564	17.4335
ERR13927504.3621	1546	16.1287
ERR13927504.3622	1544	17.0855
ERR13927504.3623	1563	18.7607
ERR13927504.3624	1552	19.4169
ERR13927504.3625	1570	17.7943
ERR13927504.3626	1558	16.2670
ERR13927504.3627	1526	18.8185
ERR13927504.3628	1557	17.7469
ERR13927504.3629	1579	18.1077
ERR13927504.3630	1524	16.1398
ERR13927504.3631	1551	18.2211
ERR13927504.3632	1548	19.3902
ERR13927504.3633	1578	16.5323
ERR13927504.3634	1532	18.3009
ERR13927504.3635	1554	15.7690
ERR13927504.3636	1571	18.5570
ERR13927504.3637	1568	19.7672
ERR13927504.3638	1605	17.0729
ERR13927504.3639	1399	15.9585
ERR13927504.3640	1618	18.0328
ERR13927504.3641	1547	16.1836
ERR13927504.3642	1559	16.3348
ERR13927504.3643	1547	15.4331
ERR13927504.3644	1517	17.1068
ERR13927504.3645	1532	15.5803
ERR13927504.3646	1555	19.0566
ERR13927504.3647	390	18.1231
ERR13927504.3648	1551	17.8936
ERR13927504.3649	1586	16.3695
ERR13927504.3650	1537	17.1008
ERR13927504.3651	1581	19.6363
ERR13927504.3652	1535	17.6938
ERR13927504.3653	1562	16.0371
ERR13927504.3654	1569	17.5194
ERR13927504.3655	1568	15.7130
ERR13927504.3656	1568	18.5835
ERR13927504.3657	1566	17.9266
ERR13927504.3658	1591	17.8404
ERR13927504.3659	1482	16.4474
ERR13927504.3660	1530	15.6490
ERR13927504.3661	1593	17.3955
ERR13927504.3662	1528	16.8881
ERR13927504.3663	1570	17.6102
ERR13927504.3664	1575	15.6063
ERR13927504.3665	1566	17.3704
ERR13927504.3666	1548	15.7248
ERR13927504.3667	1568	20.0848
ERR13927504.3668	1583	17.8926
ERR13927504.3669	1565	19.1188
ERR13927504.3670	1573	17.3395
ERR13927504.3671	1351	14.8882
ERR13927504.3672	1533	14.0417
ERR13927504.3673	1558	18.4050
ERR13927504.3674	1558	17.2741
ERR13927504.3675	1550	15.3677
ERR13927504.3676	1528	15.6957
ERR13927504.3677	1557	18.8908
ERR13927504.3678	1529	16.7750
ERR13927504.3679	1562	19.0941
ERR13927504.3680	1551	17.7079
ERR13927504.3681	1595	21.9837
ERR13927504.3682	1546	16.1986
ERR13927504.3683	1511	17.0020
ERR13927504.3684	1580	17.9734
ERR13927504.3685	1552	17.5122
ERR13927504.3686	1563	19.2169
ERR13927504.3687	1558	18.9814
ERR13927504.3688	1559	17.4131
ERR13927504.3689	1580	18.1367
ERR13927504.3690	1573	18.6256
ERR13927504.3691	1517	14.9974
ERR13927504.3692	1579	16.0874
ERR13927504.3693	1306	17.2879
ERR13927504.3694	1552	16.2468
ERR13927504.3695	343	19.7026
ERR13927504.3696	1525	17.0682
ERR13927504.3697	1566	18.3391
ERR13927504.3698	1556	16.0675
ERR13927504.3699	1530	15.8660
ERR13927504.3700	1579	17.8277
ERR13927504.3701	1539	16.9539
ERR13927504.3702	1536	16.9707
ERR13927504.3703	1565	16.2863
ERR13927504.3704	1572	18.9828
ERR13927504.3705	1551	16.8614
ERR13927504.3706	1597	16.0814
ERR13927504.3707	1598	16.3367
ERR13927504.3708	1541	18.0363
ERR13927504.3709	1570	16.1089
ERR13927504.3710	1547	17.3885
ERR13927504.3711	1568	16.3960
ERR13927504.3712	1530	16.1471
ERR13927504.3713	1585	16.1249
ERR13927504.3714	1573	17.4501
ERR13927504.3715	975	17.1508
ERR13927504.3716	1504	16.0299
ERR13927504.3717	1535	15.4235
ERR13927504.3718	1545	18.1087
ERR13927504.3719	1586	17.8701
ERR13927504.3720	1536	16.6185
ERR13927504.3721	1542	20.1744
ERR13927504.3722	1578	16.2826
ERR13927504.3723	1591	17.6977
ERR13927504.3724	1556	19.9698
ERR13927504.3725	1530	17.8209
ERR13927504.3726	1413	16.0771
ERR13927504.3727	1510	16.0596
ERR13927504.3728	1571	17.1572
ERR13927504.3729	1595	16.9285
ERR13927504.3730	1528	15.8148
ERR13927504.3731	930	15.1398
ERR13927504.3732	1577	19.7863
ERR13927504.3733	1566	14.8544
ERR13927504.3734	1565	16.1438
ERR13927504.3735	1504	18.4601
ERR13927504.3736	1573	19.7432
ERR13927504.3737	1563	16.5304
ERR13927504.3738	1545	17.2401
ERR13927504.3739	1564	16.4015
ERR13927504.3740	1554	15.5373
ERR13927504.3741	1577	20.1059
ERR13927504.3742	1504	15.8883
ERR13927504.3743	1584	16.1957
ERR13927504.3744	1539	17.0175
ERR13927504.3745	1648	17.6329
ERR13927504.3746	3068	19.6649
ERR13927504.3747	1589	17.5872
ERR13927504.3748	1561	15.9334
ERR13927504.3749	3117	14.8274
ERR13927504.3750	1505	17.1023
ERR13927504.3751	1534	15.6252
ERR13927504.3752	1544	15.7565
ERR13927504.3753	1581	18.9696
ERR13927504.3754	1496	14.3884
ERR13927504.3755	1563	17.1798
ERR13927504.3756	1559	18.8326
ERR13927504.3757	1553	19.7238
ERR13927504.3758	1539	18.5094
ERR13927504.3759	1538	15.6996
ERR13927504.3760	1567	19.2910
ERR13927504.3761	1581	14.4934
ERR13927504.3762	1557	16.8362
ERR13927504.3763	1559	15.2091
ERR13927504.3764	1548	18.5633
ERR13927504.3765	1566	17.4777
ERR13927504.3766	1625	16.8523
ERR13927504.3767	1618	20.7423
ERR13927504.3768	1570	20.2873
ERR13927504.3769	1553	17.0721
ERR13927504.3770	1584	18.5082
ERR13927504.3771	1536	16.9056
ERR13927504.3772	1561	16.5599
ERR13927504.3773	1406	17.9872
ERR13927504.3774	1577	18.7603
ERR13927504.3775	1584	19.4388
ERR13927504.3776	1557	15.8369
ERR13927504.3777	1572	16.2894
ERR13927504.3778	1474	14.9776
ERR13927504.3779	1590	18.6497
ERR13927504.3780	1568	19.3329
ERR13927504.3781	1559	19.2482
ERR13927504.3782	1568	19.1059
ERR13927504.3783	1563	17.2290
ERR13927504.3784	1521	14.3918
ERR13927504.3785	1574	16.0419
ERR13927504.3786	1545	16.5424
ERR13927504.3787	1536	16.2572
ERR13927504.3788	1513	14.6722
ERR13927504.3789	1549	18.2117
ERR13927504.3790	1546	17.7270
ERR13927504.3791	1561	15.6829
ERR13927504.3792	1560	17.2577
ERR13927504.3793	1439	16.6338
ERR13927504.3794	1530	17.6510
ERR13927504.3795	1537	15.4066
ERR13927504.3796	1570	16.8605
ERR13927504.3797	1538	18.2939
ERR13927504.3798	1627	17.8722
ERR13927504.3799	1222	19.2692
ERR13927504.3800	1564	18.1458
ERR13927504.3801	1624	18.7167
ERR13927504.3802	1500	16.2333
ERR13927504.3803	1555	17.7408
ERR13927504.3804	1556	18.5694
ERR13927504.3805	1561	17.8700
ERR13927504.3806	1564	17.3043
ERR13927504.3807	1551	15.4036
ERR13927504.3808	1621	16.4830
ERR13927504.3809	1552	15.9774
ERR13927504.3810	1560	15.9077
ERR13927504.3811	1571	18.7085
ERR13927504.3812	1571	17.0605
ERR13927504.3813	1550	16.6594
ERR13927504.3814	1607	19.1357
ERR13927504.3815	1550	16.0774
ERR13927504.3816	1576	21.0000
ERR13927504.3817	1561	17.9180
ERR13927504.3818	1520	15.6592
ERR13927504.3819	1592	19.2506
ERR13927504.3820	1581	16.3985
ERR13927504.3821	1578	16.6033
ERR13927504.3822	1562	18.6844
ERR13927504.3823	1587	19.2665
ERR13927504.3824	1055	19.1801
ERR13927504.3825	1557	17.5016
ERR13927504.3826	1559	16.7043
ERR13927504.3827	1539	15.3476
ERR13927504.3828	1605	20.3595
ERR13927504.3829	1590	17.0189
ERR13927504.3830	1569	19.7935
ERR13927504.3831	1569	17.1383
ERR13927504.3832	1518	15.9420
ERR13927504.3833	1530	16.3261
ERR13927504.3834	1356	16.3990
ERR13927504.3835	1559	14.9153
ERR13927504.3836	1560	18.2205
ERR13927504.3837	1565	18.2141
ERR13927504.3838	1562	17.8956
ERR13927504.3839	1559	19.8409
ERR13927504.3840	1544	18.4799
ERR13927504.3841	597	19.3836
ERR13927504.3842	1563	19.3193
ERR13927504.3843	1567	16.7033
ERR13927504.3844	1595	17.0313
ERR13927504.3845	1537	17.9018
ERR13927504.3846	1540	16.4896
ERR13927504.3847	1560	15.6821
ERR13927504.3848	1558	16.1759
ERR13927504.3849	1519	15.0099
ERR13927504.3850	1576	17.1409
ERR13927504.3851	1553	16.3149
ERR13927504.3852	1569	16.6342
ERR13927504.3853	254	16.0039
ERR13927504.3854	1555	16.1505
ERR13927504.3855	1535	17.9355
ERR13927504.3856	1560	16.2769
ERR13927504.3857	1594	18.4178
ERR13927504.3858	1587	15.1204
ERR13927504.3859	1443	14.7055
ERR13927504.3860	1560	14.3878
ERR13927504.3861	1513	17.8044
ERR13927504.3862	1561	18.6131
ERR13927504.3863	1559	16.3611
ERR13927504.3864	1548	16.2087
ERR13927504.3865	1537	15.8289
ERR13927504.3866	1543	17.9760
ERR13927504.3867	1567	16.9285
ERR13927504.3868	1540	16.1916
ERR13927504.3869	1566	16.6162
ERR13927504.3870	1508	18.5245
ERR13927504.3871	1559	16.2842
ERR13927504.3872	1550	17.4761
ERR13927504.3873	1601	18.2317
ERR13927504.3874	1549	16.3138
ERR13927504.3875	1564	17.8900
ERR13927504.3876	1559	17.3958
ERR13927504.3877	1571	16.1871
ERR13927504.3878	1500	16.0413
ERR13927504.3879	1612	17.3251
ERR13927504.3880	1583	18.9419
ERR13927504.3881	1549	18.3493
ERR13927504.3882	1578	16.5469
ERR13927504.3883	1573	16.5041
ERR13927504.3884	1598	19.3642
ERR13927504.3885	1533	15.3829
ERR13927504.3886	1527	15.5527
ERR13927504.3887	1591	18.7788
ERR13927504.3888	1582	20.6176
ERR13927504.3889	1484	14.9508
ERR13927504.3890	1562	15.2977
ERR13927504.3891	1539	16.9045
ERR13927504.3892	1593	16.8719
ERR13927504.3893	1556	17.6215
ERR13927504.3894	1572	18.2933
ERR13927504.3895	1010	16.3040
ERR13927504.3896	1563	17.9725
ERR13927504.3897	1566	17.2382
ERR13927504.3898	1583	18.5407
ERR13927504.3899	1538	16.1352
ERR13927504.3900	1546	16.9094
ERR13927504.3901	1527	16.0085
ERR13927504.3902	1098	16.3534
ERR13927504.3903	1327	15.3188
ERR13927504.3904	1559	16.4702
ERR13927504.3905	1555	17.0772
ERR13927504.3906	1557	20.4759
ERR13927504.3907	1535	14.9681
ERR13927504.3908	1565	15.3022
ERR13927504.3909	1542	17.2296
ERR13927504.3910	1550	16.4277
ERR13927504.3911	1591	16.2847
ERR13927504.3912	1258	15.8895
ERR13927504.3913	1517	16.7614
ERR13927504.3914	1549	18.2137
ERR13927504.3915	1573	19.1653
ERR13927504.3916	1525	17.2170
ERR13927504.3917	1575	17.8343
ERR13927504.3918	1572	16.1330
ERR13927504.3919	1561	20.0096
ERR13927504.3920	1559	19.4317
ERR13927504.3921	1604	15.5792
ERR13927504.3922	1560	17.8949
ERR13927504.3923	1548	15.0988
ERR13927504.3924	1557	21.2017
ERR13927504.3925	1558	16.1707
ERR13927504.3926	1544	18.4605
ERR13927504.3927	1551	18.2476
ERR13927504.3928	1571	18.1439
ERR13927504.3929	1566	21.3397
ERR13927504.3930	1582	18.2642
ERR13927504.3931	1540	18.9455
ERR13927504.3932	1489	15.1739
ERR13927504.3933	1598	17.2459
ERR13927504.3934	1587	18.8859
ERR13927504.3935	1573	16.0915
ERR13927504.3936	1555	15.6701
ERR13927504.3937	1548	16.2862
ERR13927504.3938	1579	18.3781
ERR13927504.3939	1599	16.5722
ERR13927504.3940	1558	18.2407
ERR13927504.3941	1590	17.8629
ERR13927504.3942	1590	15.8258
ERR13927504.3943	1572	19.4911
ERR13927504.3944	1545	16.5340
ERR13927504.3945	1576	19.2494
ERR13927504.3946	1518	19.0619
ERR13927504.3947	1530	17.2778
ERR13927504.3948	1586	19.2535
ERR13927504.3949	1571	16.8759
ERR13927504.3950	1567	15.0613
ERR13927504.3951	186	16.9946
ERR13927504.3952	1541	17.5445
ERR13927504.3953	1566	19.0951
ERR13927504.3954	1566	16.5651
ERR13927504.3955	1558	17.6078
ERR13927504.3956	1534	15.5039
ERR13927504.3957	1573	20.0172
ERR13927504.3958	1561	15.7527
ERR13927504.3959	1604	17.2837
ERR13927504.3960	1537	18.5146
ERR13927504.3961	1575	15.6794
ERR13927504.3962	1520	15.5987
ERR13927504.3963	1599	16.6673
ERR13927504.3964	1559	16.8961
ERR13927504.3965	1547	16.9192
ERR13927504.3966	1578	16.1565
ERR13927504.3967	1549	17.5823
ERR13927504.3968	1569	16.2664
ERR13927504.3969	1605	15.9190
ERR13927504.3970	1511	17.2078
ERR13927504.3971	1582	18.0196
ERR13927504.3972	1589	19.5198
ERR13927504.3973	1530	16.6928
ERR13927504.3974	1578	15.7560
ERR13927504.3975	1531	16.8236
ERR13927504.3976	1560	16.2917
ERR13927504.3977	1560	17.7840
ERR13927504.3978	1552	16.8744
ERR13927504.3979	1580	18.1848
ERR13927504.3980	1569	16.6526
ERR13927504.3981	1042	18.0250
ERR13927504.3982	1572	15.1304
ERR13927504.3983	1544	17.7617
ERR13927504.3984	1522	19.6899
ERR13927504.3985	1426	15.7910
ERR13927504.3986	1561	18.2172
ERR13927504.3987	1535	18.4749
ERR13927504.3988	1533	16.2361
ERR13927504.3989	1533	16.7038
ERR13927504.3990	1550	18.8239
ERR13927504.3991	1564	17.7142
ERR13927504.3992	1583	19.9324
ERR13927504.3993	1557	16.2299
ERR13927504.3994	1541	19.6243
ERR13927504.3995	1570	17.8096
ERR13927504.3996	1589	18.6262
ERR13927504.3997	1591	22.2778
ERR13927504.3998	1575	18.4908
ERR13927504.3999	1534	15.8840
ERR13927504.4000	1585	15.3350
ERR13927504.4001	1555	14.4720
ERR13927504.4002	1542	15.5843
ERR13927504.4003	1581	19.2087
ERR13927504.4004	1575	17.7194
ERR13927504.4005	1531	16.2861
ERR13927504.4006	1625	17.8689
ERR13927504.4007	1539	18.3866
ERR13927504.4008	1543	15.2054
ERR13927504.4009	1557	18.2267
ERR13927504.4010	1533	17.5956
ERR13927504.4011	1574	18.5553
ERR13927504.4012	1162	17.8124
ERR13927504.4013	1588	19.7311
ERR13927504.4014	1541	18.0396
ERR13927504.4015	1523	17.5489
ERR13927504.4016	1470	13.9544
ERR13927504.4017	1193	15.0168
ERR13927504.4018	1563	16.0275
ERR13927504.4019	1558	17.0886
ERR13927504.4020	1552	18.5122
ERR13927504.4021	1515	16.9406
ERR13927504.4022	1531	17.2384
ERR13927504.4023	1622	18.1554
ERR13927504.4024	1560	17.9763
ERR13927504.4025	1571	19.5130
ERR13927504.4026	1645	17.8760
ERR13927504.4027	1536	15.9570
ERR13927504.4028	1545	16.0706
ERR13927504.4029	1545	15.4252
ERR13927504.4030	1574	17.3208
ERR13927504.4031	1541	15.9241
ERR13927504.4032	1539	19.2794
ERR13927504.4033	1534	17.2171
ERR13927504.4034	1526	17.5459
ERR13927504.4035	1575	16.0279
ERR13927504.4036	1554	16.3005
ERR13927504.4037	1543	16.5295
ERR13927504.4038	1610	18.7391
ERR13927504.4039	1527	18.0314
ERR13927504.4040	1517	18.5076
ERR13927504.4041	1513	17.0899
ERR13927504.4042	1558	15.8171
ERR13927504.4043	1552	16.3505
ERR13927504.4044	1579	15.6384
ERR13927504.4045	1564	16.7442
ERR13927504.4046	1559	16.1700
ERR13927504.4047	1558	16.0931
ERR13927504.4048	1581	17.7577
ERR13927504.4049	1594	19.4040
ERR13927504.4050	1426	16.8114
ERR13927504.4051	1558	19.2246
ERR13927504.4052	1491	15.8632
ERR13927504.4053	1570	15.6688
ERR13927504.4054	1529	15.8385
ERR13927504.4055	1566	14.7363
ERR13927504.4056	1335	15.7019
ERR13927504.4057	1548	14.5995
ERR13927504.4058	1574	18.0000
ERR13927504.4059	1563	16.2790
ERR13927504.4060	1599	17.4584
ERR13927504.4061	1119	17.9366
ERR13927504.4062	1578	20.0082
ERR13927504.4063	1553	18.7946
ERR13927504.4064	1594	18.8965
ERR13927504.4065	1568	18.0753
ERR13927504.4066	1624	17.6034
ERR13927504.4067	1538	16.5637
ERR13927504.4068	1561	17.9616
ERR13927504.4069	1565	16.4824
ERR13927504.4070	1569	16.4455
ERR13927504.4071	1544	17.1211
ERR13927504.4072	1569	16.7661
ERR13927504.4073	1564	18.5294
ERR13927504.4074	1314	16.7420
ERR13927504.4075	685	16.9212
ERR13927504.4076	1523	15.0190
ERR13927504.4077	1573	18.3566
ERR13927504.4078	1582	16.0436
ERR13927504.4079	1563	17.7633
ERR13927504.4080	1525	17.0262
ERR13927504.4081	1516	16.5013
ERR13927504.4082	1564	16.4699
ERR13927504.4083	1565	18.9086
ERR13927504.4084	1552	17.9001
ERR13927504.4085	1574	18.5839
ERR13927504.4086	1551	17.3127
ERR13927504.4087	1526	16.7765
ERR13927504.4088	308	20.0779
ERR13927504.4089	1552	20.7564
ERR13927504.4090	1582	16.8628
ERR13927504.4091	1522	19.5112
ERR13927504.4092	1516	16.4763
ERR13927504.4093	1574	15.8227
ERR13927504.4094	1568	17.5746
ERR13927504.4095	1542	17.4125
ERR13927504.4096	1571	16.6168
ERR13927504.4097	1573	16.9447
ERR13927504.4098	1547	17.8895
ERR13927504.4099	1560	17.3667
ERR13927504.4100	1545	17.6990
ERR13927504.4101	1608	18.4652
ERR13927504.4102	1558	17.7734
ERR13927504.4103	1532	16.9445
ERR13927504.4104	1506	18.2849
ERR13927504.4105	1524	17.9777
ERR13927504.4106	1537	17.2108
ERR13927504.4107	1568	17.0931
ERR13927504.4108	1554	19.1602
ERR13927504.4109	1547	17.3950
ERR13927504.4110	1560	19.8096
ERR13927504.4111	1582	18.1643
ERR13927504.4112	1584	18.7942
ERR13927504.4113	1582	17.4665
ERR13927504.4114	1558	17.4891
ERR13927504.4115	1582	18.7769
ERR13927504.4116	1557	18.1766
ERR13927504.4117	1530	15.7235
ERR13927504.4118	1567	17.9732
ERR13927504.4119	1552	17.2371
ERR13927504.4120	1563	18.6871
ERR13927504.4121	1132	18.4920
ERR13927504.4122	1472	15.0217
ERR13927504.4123	1522	15.2950
ERR13927504.4124	1544	17.1354
ERR13927504.4125	1588	18.6877
ERR13927504.4126	1533	17.2851
ERR13927504.4127	1563	18.6424
ERR13927504.4128	1559	18.1738
ERR13927504.4129	1543	17.3765
ERR13927504.4130	1611	16.2377
ERR13927504.4131	1584	15.7917
ERR13927504.4132	1559	17.1129
ERR13927504.4133	1052	19.4639
ERR13927504.4134	1580	18.7709
ERR13927504.4135	1541	17.4426
ERR13927504.4136	1594	19.3752
ERR13927504.4137	1547	19.6593
ERR13927504.4138	1565	18.7105
ERR13927504.4139	1554	16.5174
ERR13927504.4140	1593	18.5336
ERR13927504.4141	1575	14.6743
ERR13927504.4142	1553	16.1352
ERR13927504.4143	1553	18.8809
ERR13927504.4144	1578	17.2357
ERR13927504.4145	1535	16.9863
ERR13927504.4146	1549	17.3996
ERR13927504.4147	1549	17.5985
ERR13927504.4148	1575	20.3276
ERR13927504.4149	1573	17.7152
ERR13927504.4150	1571	16.6792
ERR13927504.4151	1593	17.8041
ERR13927504.4152	1564	20.4546
ERR13927504.4153	1570	18.1771
ERR13927504.4154	1528	16.9274
ERR13927504.4155	1596	17.6911
ERR13927504.4156	1592	17.3423
ERR13927504.4157	1564	19.1630
ERR13927504.4158	1631	17.5015
ERR13927504.4159	1582	18.4444
ERR13927504.4160	1556	15.2012
ERR13927504.4161	1558	16.6643
ERR13927504.4162	1573	16.7349
ERR13927504.4163	1564	15.1643
ERR13927504.4164	1581	15.7653
ERR13927504.4165	1578	21.3340
ERR13927504.4166	1561	17.2249
ERR13927504.4167	1534	15.7040
ERR13927504.4168	1601	18.5247
ERR13927504.4169	1589	17.8546
ERR13927504.4170	1569	18.2396
ERR13927504.4171	1449	16.6770
ERR13927504.4172	1577	16.6252
ERR13927504.4173	1566	17.6756
ERR13927504.4174	1572	18.0636
ERR13927504.4175	1576	18.8655
ERR13927504.4176	1490	15.1772
ERR13927504.4177	1570	16.5981
ERR13927504.4178	1600	14.1406
ERR13927504.4179	1598	19.0957
ERR13927504.4180	1199	17.4679
ERR13927504.4181	1356	18.0442
ERR13927504.4182	1589	17.5979
ERR13927504.4183	1600	16.1731
ERR13927504.4184	1567	17.8622
ERR13927504.4185	1551	17.4339
ERR13927504.4186	1494	18.7296
ERR13927504.4187	1540	15.5708
ERR13927504.4188	1555	17.6862
ERR13927504.4189	1587	20.5381
ERR13927504.4190	1540	16.6662
ERR13927504.4191	1581	18.6104
ERR13927504.4192	1520	16.5743
ERR13927504.4193	581	15.7367
ERR13927504.4194	1572	18.0903
ERR13927504.4195	1569	18.3952
ERR13927504.4196	1466	17.1862
ERR13927504.4197	1548	18.1589
ERR13927504.4198	1595	15.0226
ERR13927504.4199	1565	18.1265
ERR13927504.4200	1494	17.9284
ERR13927504.4201	1546	17.5595
ERR13927504.4202	1567	16.5495
ERR13927504.4203	1559	18.1347
ERR13927504.4204	1517	14.6533
ERR13927504.4205	1569	18.9203
ERR13927504.4206	1579	17.8322
ERR13927504.4207	1580	18.6241
ERR13927504.4208	1540	16.5429
ERR13927504.4209	1557	18.1349
ERR13927504.4210	1565	16.2607
ERR13927504.4211	1529	17.8241
ERR13927504.4212	1605	15.4935
ERR13927504.4213	1587	17.7020
ERR13927504.4214	1504	16.1749
ERR13927504.4215	680	14.2912
ERR13927504.4216	1580	18.6380
ERR13927504.4217	1586	17.4193
ERR13927504.4218	1565	19.3067
ERR13927504.4219	1630	18.8675
ERR13927504.4220	1423	18.3050
ERR13927504.4221	1544	15.8854
ERR13927504.4222	1572	18.7207
ERR13927504.4223	1575	17.4019
ERR13927504.4224	1558	17.8415
ERR13927504.4225	1494	14.6734
ERR13927504.4226	1581	17.7027
ERR13927504.4227	1549	18.9393
ERR13927504.4228	1574	17.1074
ERR13927504.4229	1571	17.4087
ERR13927504.4230	1569	18.7814
ERR13927504.4231	1568	18.8144
ERR13927504.4232	1541	16.6548
ERR13927504.4233	1542	17.7815
ERR13927504.4234	1562	16.9686
ERR13927504.4235	1567	18.7920
ERR13927504.4236	1596	16.5514
ERR13927504.4237	1556	16.7333
ERR13927504.4238	1276	20.5408
ERR13927504.4239	1559	18.3881
ERR13927504.4240	1558	16.0501
ERR13927504.4241	1572	18.1260
ERR13927504.4242	1485	18.5239
ERR13927504.4243	1713	20.6019
ERR13927504.4244	1538	15.9434
ERR13927504.4245	964	17.0799
ERR13927504.4246	1565	18.7112
ERR13927504.4247	1535	16.9068
ERR13927504.4248	1536	18.4342
ERR13927504.4249	1536	17.2161
ERR13927504.4250	1600	17.7369
ERR13927504.4251	1567	19.4071
ERR13927504.4252	1572	18.3085
ERR13927504.4253	1562	17.4545
ERR13927504.4254	1562	18.5288
ERR13927504.4255	1778	16.3240
ERR13927504.4256	1558	17.9185
ERR13927504.4257	1563	20.1855
ERR13927504.4258	1569	18.6150
ERR13927504.4259	1548	18.2119
ERR13927504.4260	1635	16.4911
ERR13927504.4261	1557	15.9101
ERR13927504.4262	1575	18.2584
ERR13927504.4263	1579	18.3262
ERR13927504.4264	1526	17.7444
ERR13927504.4265	1602	15.4638
ERR13927504.4266	1547	16.4893
ERR13927504.4267	1527	16.2508
ERR13927504.4268	1550	19.8652
ERR13927504.4269	1580	18.8291
ERR13927504.4270	1544	19.0194
ERR13927504.4271	1574	15.7179
ERR13927504.4272	1767	19.5540
ERR13927504.4273	1555	15.4495
ERR13927504.4274	1516	16.9993
ERR13927504.4275	1528	15.0995
ERR13927504.4276	1570	18.1726
ERR13927504.4277	1591	15.8674
ERR13927504.4278	1573	16.1144
ERR13927504.4279	1555	18.4817
ERR13927504.4280	1506	15.6454
ERR13927504.4281	1577	18.5098
ERR13927504.4282	1552	16.7126
ERR13927504.4283	1580	19.1962
ERR13927504.4284	1784	16.7607
ERR13927504.4285	1600	16.9000
ERR13927504.4286	1566	17.9259
ERR13927504.4287	1566	16.0421
ERR13927504.4288	1565	17.5527
ERR13927504.4289	1590	13.4950
ERR13927504.4290	1550	15.4819
ERR13927504.4291	1582	14.7889
ERR13927504.4292	1541	16.1622
ERR13927504.4293	1539	15.9162
ERR13927504.4294	544	17.5625
ERR13927504.4295	1540	17.1799
ERR13927504.4296	1579	20.3832
ERR13927504.4297	1544	16.9942
ERR13927504.4298	1562	16.7727
ERR13927504.4299	1577	19.0545
ERR13927504.4300	1551	17.0954
ERR13927504.4301	1567	16.2291
ERR13927504.4302	1545	16.5178
ERR13927504.4303	1559	18.7640
ERR13927504.4304	888	16.3908
ERR13927504.4305	1552	18.2577
ERR13927504.4306	1539	17.3034
ERR13927504.4307	1562	17.2010
ERR13927504.4308	1550	15.6258
ERR13927504.4309	1549	19.5494
ERR13927504.4310	1550	16.5929
ERR13927504.4311	1535	16.1876
ERR13927504.4312	1538	15.9142
ERR13927504.4313	1559	16.0423
ERR13927504.4314	1533	16.2231
ERR13927504.4315	1554	17.0734
ERR13927504.4316	1522	16.9238
ERR13927504.4317	1587	17.9496
ERR13927504.4318	1568	16.8833
ERR13927504.4319	1520	14.6539
ERR13927504.4320	1566	17.5006
ERR13927504.4321	1546	16.1268
ERR13927504.4322	1334	16.1882
ERR13927504.4323	1586	16.5057
ERR13927504.4324	1532	16.0790
ERR13927504.4325	1582	18.8464
ERR13927504.4326	1621	17.1400
ERR13927504.4327	1540	18.2974
ERR13927504.4328	1576	20.3534
ERR13927504.4329	1548	16.4412
ERR13927504.4330	1590	18.1421
ERR13927504.4331	1339	16.0172
ERR13927504.4332	1563	16.2860
ERR13927504.4333	1568	17.6760
ERR13927504.4334	1577	16.9556
ERR13927504.4335	1578	18.2902
ERR13927504.4336	1553	16.8075
ERR13927504.4337	1587	18.9332
ERR13927504.4338	3048	17.7411
ERR13927504.4339	1519	15.3957
ERR13927504.4340	1553	18.5454
ERR13927504.4341	1550	15.7026
ERR13927504.4342	1585	18.6524
ERR13927504.4343	1572	16.5534
ERR13927504.4344	1540	16.1864
ERR13927504.4345	1556	17.3946
ERR13927504.4346	1562	17.4213
ERR13927504.4347	1331	16.8550
ERR13927504.4348	1517	18.2742
ERR13927504.4349	1572	18.2831
ERR13927504.4350	1595	18.2558
ERR13927504.4351	1557	18.6885
ERR13927504.4352	1571	16.3654
ERR13927504.4353	1332	15.8926
ERR13927504.4354	1053	17.3124
ERR13927504.4355	1540	18.1799
ERR13927504.4356	1549	16.7811
ERR13927504.4357	1519	14.3298
ERR13927504.4358	1556	15.3644
ERR13927504.4359	1605	17.8199
ERR13927504.4360	1582	18.9652
ERR13927504.4361	1549	16.2873
ERR13927504.4362	1558	19.5488
ERR13927504.4363	1559	18.3040
ERR13927504.4364	1548	17.5110
ERR13927504.4365	1494	16.7430
ERR13927504.4366	1328	17.1099
ERR13927504.4367	1574	16.4562
ERR13927504.4368	1517	16.0686
ERR13927504.4369	1569	17.0408
ERR13927504.4370	1552	16.0077
ERR13927504.4371	1518	15.0639
ERR13927504.4372	1555	21.3768
ERR13927504.4373	1560	16.0064
ERR13927504.4374	1584	15.7753
ERR13927504.4375	1577	16.0590
ERR13927504.4376	1584	16.4539
ERR13927504.4377	1548	16.5820
ERR13927504.4378	1580	17.4209
ERR13927504.4379	1580	16.1266
ERR13927504.4380	1399	20.2123
ERR13927504.4381	1545	15.1392
ERR13927504.4382	1582	18.7712
ERR13927504.4383	1572	17.0337
ERR13927504.4384	1554	19.0180
ERR13927504.4385	1607	16.3628
ERR13927504.4386	1594	15.9184
ERR13927504.4387	1537	17.6858
ERR13927504.4388	1584	17.8592
ERR13927504.4389	1578	17.0995
ERR13927504.4390	1550	17.6039
ERR13927504.4391	1535	17.2033
ERR13927504.4392	1545	17.2071
ERR13927504.4393	1521	16.1893
ERR13927504.4394	1557	15.8947
ERR13927504.4395	1553	17.5512
ERR13927504.4396	1581	16.6464
ERR13927504.4397	1573	15.9968
ERR13927504.4398	1567	17.8047
ERR13927504.4399	1503	16.9115
ERR13927504.4400	1574	17.6728
ERR13927504.4401	888	14.9077
ERR13927504.4402	1531	18.8472
ERR13927504.4403	1569	18.0688
ERR13927504.4404	1524	14.6496
ERR13927504.4405	1590	17.6535
ERR13927504.4406	1234	16.9092
ERR13927504.4407	1543	17.4452
ERR13927504.4408	1582	18.5936
ERR13927504.4409	1567	18.8047
ERR13927504.4410	1480	15.4176
ERR13927504.4411	1552	17.3164
ERR13927504.4412	1570	16.6134
ERR13927504.4413	1568	15.7423
ERR13927504.4414	1567	17.9987
ERR13927504.4415	1574	16.4466
ERR13927504.4416	1564	16.4949
ERR13927504.4417	1568	18.5166
ERR13927504.4418	1576	15.6428
ERR13927504.4419	1522	16.6919
ERR13927504.4420	1550	15.3258
ERR13927504.4421	1612	19.7885
ERR13927504.4422	1555	17.2656
ERR13927504.4423	1542	16.2244
ERR13927504.4424	934	15.8694
ERR13927504.4425	1562	17.5531
ERR13927504.4426	1552	17.3131
ERR13927504.4427	1418	16.2384
ERR13927504.4428	1561	20.0397
ERR13927504.4429	1548	16.3385
ERR13927504.4430	1555	16.7582
ERR13927504.4431	1521	15.5503
ERR13927504.4432	1557	17.4740
ERR13927504.4433	1553	18.1024
ERR13927504.4434	1553	18.8931
ERR13927504.4435	1560	16.2859
ERR13927504.4436	1537	16.4431
ERR13927504.4437	1563	17.4012
ERR13927504.4438	1571	17.1190
ERR13927504.4439	1511	15.3395
ERR13927504.4440	1574	16.8571
ERR13927504.4441	1501	14.9081
ERR13927504.4442	1557	15.4817
ERR13927504.4443	1525	14.1193
ERR13927504.4444	1572	15.0649
ERR13927504.4445	1576	19.5165
ERR13927504.4446	1564	18.0697
ERR13927504.4447	1583	17.2489
ERR13927504.4448	1579	20.3053
ERR13927504.4449	1590	17.9440
ERR13927504.4450	1535	16.8430
ERR13927504.4451	1561	16.8334
ERR13927504.4452	1560	15.7468
ERR13927504.4453	1520	18.6618
ERR13927504.4454	1580	16.8601
ERR13927504.4455	1557	18.2068
ERR13927504.4456	1615	18.5046
ERR13927504.4457	1492	15.4129
ERR13927504.4458	1563	18.1676
ERR13927504.4459	1553	18.0850
ERR13927504.4460	1569	16.3136
ERR13927504.4461	1589	15.5053
ERR13927504.4462	1599	16.6154
ERR13927504.4463	1570	17.5293
ERR13927504.4464	1032	14.4370
ERR13927504.4465	1553	18.0567
ERR13927504.4466	1568	19.4120
ERR13927504.4467	1550	18.0394
ERR13927504.4468	1558	16.8800
ERR13927504.4469	1519	16.4852
ERR13927504.4470	1538	17.7536
ERR13927504.4471	1586	15.2743
ERR13927504.4472	1524	18.3064
ERR13927504.4473	1572	15.6565
ERR13927504.4474	1583	17.3026
ERR13927504.4475	1522	17.5913
ERR13927504.4476	1567	18.9394
ERR13927504.4477	1616	19.4554
ERR13927504.4478	1555	18.4598
ERR13927504.4479	1575	20.4400
ERR13927504.4480	1533	15.2981
ERR13927504.4481	1539	16.6517
ERR13927504.4482	1537	16.1054
ERR13927504.4483	1572	18.3925
ERR13927504.4484	1530	16.7137
ERR13927504.4485	1579	15.5421
ERR13927504.4486	1596	16.3089
ERR13927504.4487	1545	18.4401
ERR13927504.4488	1584	19.9943
ERR13927504.4489	1552	18.8183
ERR13927504.4490	1588	18.6593
ERR13927504.4491	1597	17.8854
ERR13927504.4492	1558	17.1964
ERR13927504.4493	1511	16.1032
ERR13927504.4494	1560	15.0750
ERR13927504.4495	1557	16.4232
ERR13927504.4496	1510	15.2980
ERR13927504.4497	1561	15.2793
ERR13927504.4498	1554	16.6268
ERR13927504.4499	1519	15.4016
ERR13927504.4500	1520	16.0704
ERR13927504.4501	1580	16.5209
ERR13927504.4502	1590	20.4233
ERR13927504.4503	1581	17.3435
ERR13927504.4504	1543	17.3357
ERR13927504.4505	1573	16.7870
ERR13927504.4506	1571	17.6130
ERR13927504.4507	1579	15.9506
ERR13927504.4508	1562	17.8764
ERR13927504.4509	1556	19.4139
ERR13927504.4510	1565	17.8441
ERR13927504.4511	1545	18.6900
ERR13927504.4512	1588	19.0359
ERR13927504.4513	1589	14.9572
ERR13927504.4514	1547	15.7136
ERR13927504.4515	1495	15.5846
ERR13927504.4516	1079	18.7590
ERR13927504.4517	1560	16.8192
ERR13927504.4518	1562	17.9085
ERR13927504.4519	1578	16.3504
ERR13927504.4520	1592	17.2651
ERR13927504.4521	1572	17.2608
ERR13927504.4522	1576	16.9321
ERR13927504.4523	1565	15.1572
ERR13927504.4524	1531	15.1332
ERR13927504.4525	1598	17.1026
ERR13927504.4526	1563	16.4139
ERR13927504.4527	1577	17.8472
ERR13927504.4528	1588	19.0705
ERR13927504.4529	1558	18.8832
ERR13927504.4530	1594	17.0402
ERR13927504.4531	1557	15.2319
ERR13927504.4532	1545	19.5650
ERR13927504.4533	1568	16.5013
ERR13927504.4534	1526	18.0695
ERR13927504.4535	1553	17.5737
ERR13927504.4536	1468	18.3304
ERR13927504.4537	1555	17.3910
ERR13927504.4538	1565	18.3565
ERR13927504.4539	1549	16.9832
ERR13927504.4540	1531	19.1927
ERR13927504.4541	1582	18.7035
ERR13927504.4542	1561	16.7976
ERR13927504.4543	1563	17.0109
ERR13927504.4544	1481	15.3903
ERR13927504.4545	1505	17.1083
ERR13927504.4546	1163	14.2236
ERR13927504.4547	1587	19.2136
ERR13927504.4548	667	18.1274
ERR13927504.4549	1520	15.9908
ERR13927504.4550	1543	16.3448
ERR13927504.4551	1556	16.8548
ERR13927504.4552	1542	15.4747
ERR13927504.4553	1454	17.1664
ERR13927504.4554	1529	14.2531
ERR13927504.4555	1547	18.0582
ERR13927504.4556	1543	16.6196
ERR13927504.4557	1555	15.6598
ERR13927504.4558	1541	15.9766
ERR13927504.4559	1575	14.2273
ERR13927504.4560	1582	17.6568
ERR13927504.4561	1585	16.6120
ERR13927504.4562	1517	18.4403
ERR13927504.4563	1566	19.6220
ERR13927504.4564	1523	17.4905
ERR13927504.4565	1588	17.9093
ERR13927504.4566	1529	16.9019
ERR13927504.4567	1548	16.5924
ERR13927504.4568	1546	15.8286
ERR13927504.4569	1564	17.1061
ERR13927504.4570	1574	21.8526
ERR13927504.4571	1611	14.4730
ERR13927504.4572	1537	14.9883
ERR13927504.4573	1583	16.4687
ERR13927504.4574	1577	16.9727
ERR13927504.4575	1525	17.3685
ERR13927504.4576	1564	15.7436
ERR13927504.4577	1494	15.9993
ERR13927504.4578	1570	16.2280
ERR13927504.4579	1568	18.5861
ERR13927504.4580	1532	16.4086
ERR13927504.4581	1566	20.8685
ERR13927504.4582	1539	16.4698
ERR13927504.4583	1529	18.3473
ERR13927504.4584	1583	17.7846
ERR13927504.4585	1640	18.5957
ERR13927504.4586	1560	18.5462
ERR13927504.4587	1577	19.2124
ERR13927504.4588	1582	14.7971
ERR13927504.4589	1516	15.1959
ERR13927504.4590	1530	17.2033
ERR13927504.4591	1548	16.5342
ERR13927504.4592	1534	18.8149
ERR13927504.4593	1561	18.3792
ERR13927504.4594	1549	15.3196
ERR13927504.4595	1564	17.5422
ERR13927504.4596	1574	16.8799
ERR13927504.4597	1529	18.0347
ERR13927504.4598	1571	15.8771
ERR13927504.4599	1577	19.5453
ERR13927504.4600	1543	16.4848
ERR13927504.4601	1560	17.5654
ERR13927504.4602	1492	19.4732
ERR13927504.4603	1584	18.9104
ERR13927504.4604	1577	18.1839
ERR13927504.4605	1587	16.6213
ERR13927504.4606	1576	18.7957
ERR13927504.4607	1575	19.0171
ERR13927504.4608	1586	16.3544
ERR13927504.4609	1567	18.5948
ERR13927504.4610	1580	19.6070
ERR13927504.4611	1572	16.7322
ERR13927504.4612	1524	16.3451
ERR13927504.4613	1569	17.4054
ERR13927504.4614	1546	19.4017
ERR13927504.4615	1555	15.7794
ERR13927504.4616	1601	19.3148
ERR13927504.4617	1583	21.5167
ERR13927504.4618	1554	17.3565
ERR13927504.4619	1557	16.4406
ERR13927504.4620	1607	15.6161
ERR13927504.4621	1569	17.8961
ERR13927504.4622	1547	18.1622
ERR13927504.4623	1559	20.2393
ERR13927504.4624	1580	18.1184
ERR13927504.4625	880	15.6045
ERR13927504.4626	1575	19.5778
ERR13927504.4627	1516	19.6161
ERR13927504.4628	1514	17.3415
ERR13927504.4629	1566	18.4713
ERR13927504.4630	1539	16.5003
ERR13927504.4631	1583	20.0967
ERR13927504.4632	1576	18.7709
ERR13927504.4633	1553	17.4939
ERR13927504.4634	1571	15.8071
ERR13927504.4635	1544	15.9566
ERR13927504.4636	1568	18.4841
ERR13927504.4637	1544	16.2338
ERR13927504.4638	1490	18.5282
ERR13927504.4639	1582	15.8116
ERR13927504.4640	1567	16.1787
ERR13927504.4641	1565	17.7323
ERR13927504.4642	1507	14.9197
ERR13927504.4643	1546	19.7361
ERR13927504.4644	1514	15.9610
ERR13927504.4645	1564	17.7276
ERR13927504.4646	1566	17.2178
ERR13927504.4647	1389	17.0698
ERR13927504.4648	1564	17.9827
ERR13927504.4649	1566	18.2759
ERR13927504.4650	1544	15.9955
ERR13927504.4651	1586	18.9477
ERR13927504.4652	520	17.1096
ERR13927504.4653	1582	22.1795
ERR13927504.4654	1582	17.7946
ERR13927504.4655	1564	17.3798
ERR13927504.4656	752	16.8152
ERR13927504.4657	1570	17.6637
ERR13927504.4658	1595	16.1962
ERR13927504.4659	1596	16.4029
ERR13927504.4660	1597	17.8604
ERR13927504.4661	1573	16.5995
ERR13927504.4662	1528	18.8318
ERR13927504.4663	1568	16.4675
ERR13927504.4664	1189	15.3255
ERR13927504.4665	1504	19.2453
ERR13927504.4666	1547	19.1047
ERR13927504.4667	1328	16.9706
ERR13927504.4668	1523	18.5896
ERR13927504.4669	1535	17.9831
ERR13927504.4670	1570	15.8879
ERR13927504.4671	1573	17.9193
ERR13927504.4672	1550	17.1690
ERR13927504.4673	1647	18.2842
ERR13927504.4674	1565	17.2064
ERR13927504.4675	1571	16.4628
ERR13927504.4676	1547	16.7582
ERR13927504.4677	1558	17.1110
ERR13927504.4678	1566	17.6986
ERR13927504.4679	1563	19.0832
ERR13927504.4680	1563	15.6155
ERR13927504.4681	1564	18.6362
ERR13927504.4682	1481	14.8758
ERR13927504.4683	1552	15.9452
ERR13927504.4684	1587	18.7417
ERR13927504.4685	1583	18.8774
ERR13927504.4686	1570	17.8885
ERR13927504.4687	1573	18.0299
ERR13927504.4688	1559	15.6998
ERR13927504.4689	1315	18.2327
ERR13927504.4690	1552	15.2191
ERR13927504.4691	1237	18.3428
ERR13927504.4692	1579	18.5434
ERR13927504.4693	1567	16.0447
ERR13927504.4694	1577	15.5466
ERR13927504.4695	1577	16.5212
ERR13927504.4696	1581	18.1986
ERR13927504.4697	1545	16.8725
ERR13927504.4698	1561	17.1224
ERR13927504.4699	1618	17.5630
ERR13927504.4700	1387	19.3562
ERR13927504.4701	1580	18.9804
ERR13927504.4702	1554	16.1725
ERR13927504.4703	1572	22.7920
ERR13927504.4704	1551	16.8575
ERR13927504.4705	1552	17.8009
ERR13927504.4706	353	15.9972
ERR13927504.4707	1575	18.1244
ERR13927504.4708	515	14.7476
ERR13927504.4709	1561	17.2767
ERR13927504.4710	1493	15.2632
ERR13927504.4711	1564	17.5121
ERR13927504.4712	1520	15.7895
ERR13927504.4713	1541	18.5457
ERR13927504.4714	1543	15.9008
ERR13927504.4715	1558	17.0841
ERR13927504.4716	1579	17.2818
ERR13927504.4717	1514	15.8018
ERR13927504.4718	1524	17.8202
ERR13927504.4719	1578	16.2687
ERR13927504.4720	1527	15.6640
ERR13927504.4721	1573	17.8519
ERR13927504.4722	1519	16.9954
ERR13927504.4723	1548	17.9916
ERR13927504.4724	1560	17.6545
ERR13927504.4725	1516	15.1451
ERR13927504.4726	1552	17.8061
ERR13927504.4727	1330	15.1910
ERR13927504.4728	1597	18.4421
ERR13927504.4729	1555	16.5190
ERR13927504.4730	1567	18.0542
ERR13927504.4731	1556	17.6523
ERR13927504.4732	1544	17.0913
ERR13927504.4733	1569	18.2792
ERR13927504.4734	1589	17.8043
ERR13927504.4735	1584	16.7216
ERR13927504.4736	1567	17.4895
ERR13927504.4737	1535	17.1785
ERR13927504.4738	1508	16.3541
ERR13927504.4739	1522	14.8745
ERR13927504.4740	1483	17.0641
ERR13927504.4741	1574	17.6353
ERR13927504.4742	1089	19.5280
ERR13927504.4743	1574	15.4047
ERR13927504.4744	1552	16.4014
ERR13927504.4745	1553	15.8049
ERR13927504.4746	1581	19.2290
ERR13927504.4747	1553	17.3355
ERR13927504.4748	1194	19.6474
ERR13927504.4749	1554	18.6873
ERR13927504.4750	1527	17.1054
ERR13927504.4751	1535	17.2436
ERR13927504.4752	1568	16.1276
ERR13927504.4753	1569	16.4321
ERR13927504.4754	1581	18.6357
ERR13927504.4755	1569	18.3862
ERR13927504.4756	1254	16.6834
ERR13927504.4757	1552	18.4207
ERR13927504.4758	1584	14.9893
ERR13927504.4759	1551	17.9774
ERR13927504.4760	1589	22.1038
ERR13927504.4761	1598	15.9418
ERR13927504.4762	1543	18.3299
ERR13927504.4763	1547	17.7104
ERR13927504.4764	1542	17.5389
ERR13927504.4765	1577	18.5973
ERR13927504.4766	1433	14.8367
ERR13927504.4767	1538	17.5878
ERR13927504.4768	1514	18.0608
ERR13927504.4769	1577	18.4673
ERR13927504.4770	1537	17.8673
ERR13927504.4771	1578	17.6331
ERR13927504.4772	1562	18.1492
ERR13927504.4773	1539	16.7901
ERR13927504.4774	1519	16.7255
ERR13927504.4775	1583	17.7296
ERR13927504.4776	1535	17.4306
ERR13927504.4777	1569	21.9758
ERR13927504.4778	1534	16.1936
ERR13927504.4779	1574	20.0184
ERR13927504.4780	1572	19.6927
ERR13927504.4781	1555	15.8109
ERR13927504.4782	1592	19.6533
ERR13927504.4783	1516	18.3971
ERR13927504.4784	1634	15.0667
ERR13927504.4785	1550	19.9665
ERR13927504.4786	1389	17.0482
ERR13927504.4787	1551	16.9104
ERR13927504.4788	1530	16.6869
ERR13927504.4789	1570	14.3217
ERR13927504.4790	1530	18.0895
ERR13927504.4791	1576	19.0254
ERR13927504.4792	1583	18.7524
ERR13927504.4793	1541	18.7794
ERR13927504.4794	1587	17.4537
ERR13927504.4795	1533	17.5088
ERR13927504.4796	1196	15.3746
ERR13927504.4797	1550	15.7477
ERR13927504.4798	1546	16.9955
ERR13927504.4799	1540	15.8831
ERR13927504.4800	1561	17.6291
ERR13927504.4801	1505	14.8977
ERR13927504.4802	1592	19.3700
ERR13927504.4803	1574	18.0362
ERR13927504.4804	1529	15.9595
ERR13927504.4805	1482	16.8623
ERR13927504.4806	1562	20.4878
ERR13927504.4807	1621	19.0808
ERR13927504.4808	1499	16.7065
ERR13927504.4809	1560	15.3994
ERR13927504.4810	1571	17.5621
ERR13927504.4811	1596	19.2838
ERR13927504.4812	1544	18.4268
ERR13927504.4813	1202	15.7196
ERR13927504.4814	1541	15.7385
ERR13927504.4815	1513	15.9240
ERR13927504.4816	1589	17.5072
ERR13927504.4817	1557	19.2197
ERR13927504.4818	1516	17.1016
ERR13927504.4819	1503	14.8383
ERR13927504.4820	1558	18.3453
ERR13927504.4821	1533	15.7932
ERR13927504.4822	1548	17.7642
ERR13927504.4823	1501	16.0486
ERR13927504.4824	1493	16.9980
ERR13927504.4825	1537	16.1093
ERR13927504.4826	1532	14.7572
ERR13927504.4827	1106	16.6429
ERR13927504.4828	1572	18.0312
ERR13927504.4829	1560	16.8244
ERR13927504.4830	1607	15.3143
ERR13927504.4831	1561	15.4215
ERR13927504.4832	3217	16.1349
ERR13927504.4833	1585	18.7905
ERR13927504.4834	1535	18.7055
ERR13927504.4835	1573	16.4387
ERR13927504.4836	1416	17.3058
ERR13927504.4837	1537	15.6766
ERR13927504.4838	1580	16.9405
ERR13927504.4839	1557	18.7110
ERR13927504.4840	1638	17.3291
ERR13927504.4841	1012	18.0168
ERR13927504.4842	1562	19.5653
ERR13927504.4843	1575	17.0959
ERR13927504.4844	1588	19.3035
ERR13927504.4845	1544	17.6937
ERR13927504.4846	1571	18.7995
ERR13927504.4847	1536	16.4583
ERR13927504.4848	1571	17.0503
ERR13927504.4849	1539	16.1345
ERR13927504.4850	1504	17.4016
ERR13927504.4851	1594	17.3400
ERR13927504.4852	1576	17.0133
ERR13927504.4853	1546	19.9664
ERR13927504.4854	1578	18.7605
ERR13927504.4855	1577	17.1953
ERR13927504.4856	1572	17.2284
ERR13927504.4857	1537	16.7866
ERR13927504.4858	1560	16.3051
ERR13927504.4859	1558	19.5449
ERR13927504.4860	1536	19.1452
ERR13927504.4861	994	19.0282
ERR13927504.4862	1588	18.5806
ERR13927504.4863	1568	19.3941
ERR13927504.4864	1582	17.4311
ERR13927504.4865	1552	15.7803
ERR13927504.4866	1465	14.2116
ERR13927504.4867	1629	15.6280
ERR13927504.4868	1547	18.0672
ERR13927504.4869	1375	16.5738
ERR13927504.4870	1615	19.6186
ERR13927504.4871	1561	16.3889
ERR13927504.4872	1491	19.5292
ERR13927504.4873	1576	18.6688
ERR13927504.4874	1544	16.8990
ERR13927504.4875	1574	17.6747
ERR13927504.4876	1640	17.3348
ERR13927504.4877	1545	14.0537
ERR13927504.4878	1521	16.6765
ERR13927504.4879	1564	15.9949
ERR13927504.4880	845	15.6651
ERR13927504.4881	1581	16.4858
ERR13927504.4882	1060	18.9840
ERR13927504.4883	1519	16.4352
ERR13927504.4884	1510	19.3947
ERR13927504.4885	1577	17.3665
ERR13927504.4886	1561	17.4292
ERR13927504.4887	1543	17.8840
ERR13927504.4888	1536	14.7337
ERR13927504.4889	1511	18.3190
ERR13927504.4890	1549	15.5391
ERR13927504.4891	1566	17.2216
ERR13927504.4892	1452	15.3829
ERR13927504.4893	1303	18.1312
ERR13927504.4894	1543	15.5671
ERR13927504.4895	1554	19.6281
ERR13927504.4896	1569	16.5411
ERR13927504.4897	855	19.9567
ERR13927504.4898	1561	15.6156
ERR13927504.4899	1016	15.6614
ERR13927504.4900	1593	17.4545
ERR13927504.4901	1569	18.6367
ERR13927504.4902	1558	18.2882
ERR13927504.4903	1549	19.4022
ERR13927504.4904	1553	17.4288
ERR13927504.4905	1564	18.7487
ERR13927504.4906	1583	16.4112
ERR13927504.4907	620	18.4113
ERR13927504.4908	1555	18.2186
ERR13927504.4909	1574	16.3177
ERR13927504.4910	1539	17.2177
ERR13927504.4911	1583	17.2533
ERR13927504.4912	1558	18.9044
ERR13927504.4913	1590	16.6742
ERR13927504.4914	1545	21.8621
ERR13927504.4915	1553	19.1075
ERR13927504.4916	1571	19.5856
ERR13927504.4917	1512	14.7599
ERR13927504.4918	1574	17.9968
ERR13927504.4919	1553	15.8287
ERR13927504.4920	1551	18.5912
ERR13927504.4921	1495	15.1211
ERR13927504.4922	1579	16.9538
ERR13927504.4923	1552	17.5709
ERR13927504.4924	1548	15.2119
ERR13927504.4925	1581	15.9209
ERR13927504.4926	1565	19.4115
ERR13927504.4927	1503	19.5110
ERR13927504.4928	953	21.7754
ERR13927504.4929	1537	16.6656
ERR13927504.4930	1568	19.1129
ERR13927504.4931	712	16.1559
ERR13927504.4932	1529	16.2845
ERR13927504.4933	1553	18.0225
ERR13927504.4934	1582	19.5645
ERR13927504.4935	1575	16.8032
ERR13927504.4936	1562	17.7439
ERR13927504.4937	1601	18.7027
ERR13927504.4938	1515	14.4244
ERR13927504.4939	1547	17.4622
ERR13927504.4940	1493	16.6296
ERR13927504.4941	1568	17.2640
ERR13927504.4942	1149	17.9608
ERR13927504.4943	756	16.5106
ERR13927504.4944	1557	18.0552
ERR13927504.4945	1651	19.6802
ERR13927504.4946	1027	16.1850
ERR13927504.4947	1558	20.7599
ERR13927504.4948	1495	17.0916
ERR13927504.4949	1548	16.0775
ERR13927504.4950	1502	16.3242
ERR13927504.4951	1542	17.4274
ERR13927504.4952	1561	18.3530
ERR13927504.4953	1589	15.9257
ERR13927504.4954	1567	15.9170
ERR13927504.4955	1544	15.6671
ERR13927504.4956	1463	16.9125
ERR13927504.4957	1572	17.2239
ERR13927504.4958	1542	17.4994
ERR13927504.4959	1536	15.4922
ERR13927504.4960	1527	15.1264
ERR13927504.4961	1369	17.6698
ERR13927504.4962	1601	17.8076
ERR13927504.4963	1549	17.6094
ERR13927504.4964	1553	18.3683
ERR13927504.4965	1577	16.6189
ERR13927504.4966	1555	18.5537
ERR13927504.4967	1589	16.2253
ERR13927504.4968	1562	18.7650
ERR13927504.4969	1584	19.5631
ERR13927504.4970	956	17.7688
ERR13927504.4971	1537	15.9779
ERR13927504.4972	1569	15.7916
ERR13927504.4973	537	18.0912
ERR13927504.4974	1569	18.4156
ERR13927504.4975	1550	18.2265
ERR13927504.4976	1540	15.1240
ERR13927504.4977	1520	16.0474
ERR13927504.4978	1566	17.5166
ERR13927504.4979	1572	18.6749
ERR13927504.4980	1557	19.0482
ERR13927504.4981	1561	15.9436
ERR13927504.4982	1556	17.5623
ERR13927504.4983	1571	18.0255
ERR13927504.4984	1576	16.1923
ERR13927504.4985	1554	18.6229
ERR13927504.4986	1576	19.3223
ERR13927504.4987	797	15.8720
ERR13927504.4988	1596	16.5526
ERR13927504.4989	1509	16.5408
ERR13927504.4990	1586	18.4010
ERR13927504.4991	1544	19.9514
ERR13927504.4992	1555	16.4322
ERR13927504.4993	1564	20.3235
ERR13927504.4994	1590	17.8887
ERR13927504.4995	1562	16.6690
ERR13927504.4996	1556	17.4608
ERR13927504.4997	1556	18.9036
ERR13927504.4998	1564	18.0313
ERR13927504.4999	1566	16.0983
ERR13927504.5000	1558	16.9910
ERR13927504.5001	1553	16.0650
ERR13927504.5002	1575	17.6787
ERR13927504.5003	1605	20.9215
ERR13927504.5004	1531	15.9771
ERR13927504.5005	1566	17.3123
ERR13927504.5006	1571	18.0344
ERR13927504.5007	1576	16.0324
ERR13927504.5008	1586	16.7478
ERR13927504.5009	1591	16.9478
ERR13927504.5010	1553	17.5956
ERR13927504.5011	1569	18.1504
ERR13927504.5012	1585	17.2896
ERR13927504.5013	1556	19.1504
ERR13927504.5014	1573	17.7330
ERR13927504.5015	1601	18.4716
ERR13927504.5016	1577	16.2150
ERR13927504.5017	957	16.8788
ERR13927504.5018	1576	16.9645
ERR13927504.5019	1489	16.2874
ERR13927504.5020	1619	19.8122
ERR13927504.5021	1577	16.1535
ERR13927504.5022	1550	18.9839
ERR13927504.5023	1574	21.6944
ERR13927504.5024	1566	16.6079
ERR13927504.5025	1575	17.1568
ERR13927504.5026	1577	16.6855
ERR13927504.5027	1537	15.9551
ERR13927504.5028	1574	18.3653
ERR13927504.5029	1546	15.5343
ERR13927504.5030	1562	17.4955
ERR13927504.5031	1545	18.0078
ERR13927504.5032	1597	17.7783
ERR13927504.5033	1538	17.8628
ERR13927504.5034	1169	16.4517
ERR13927504.5035	1551	17.6944
ERR13927504.5036	1574	15.7109
ERR13927504.5037	1567	16.7626
ERR13927504.5038	1558	19.0905
ERR13927504.5039	1545	16.1327
ERR13927504.5040	1555	18.3119
ERR13927504.5041	1528	16.7330
ERR13927504.5042	1472	18.5455
ERR13927504.5043	1207	16.5642
ERR13927504.5044	1508	14.3488
ERR13927504.5045	1612	19.3567
ERR13927504.5046	1601	15.9650
ERR13927504.5047	1549	15.8709
ERR13927504.5048	1549	16.6611
ERR13927504.5049	1549	16.6204
ERR13927504.5050	1573	19.1939
ERR13927504.5051	1523	19.0991
ERR13927504.5052	1570	15.6484
ERR13927504.5053	1578	18.9087
ERR13927504.5054	1578	18.0596
ERR13927504.5055	1509	15.5805
ERR13927504.5056	1547	17.3788
ERR13927504.5057	1582	15.5550
ERR13927504.5058	845	17.8651
ERR13927504.5059	1607	16.1649
ERR13927504.5060	446	15.9709
ERR13927504.5061	1515	14.6290
ERR13927504.5062	1535	15.0339
ERR13927504.5063	1563	15.1958
ERR13927504.5064	1521	16.4504
ERR13927504.5065	1581	18.4655
ERR13927504.5066	1424	14.6728
ERR13927504.5067	1542	16.3800
ERR13927504.5068	1226	15.6998
ERR13927504.5069	1632	17.5876
ERR13927504.5070	1542	17.3541
ERR13927504.5071	1549	18.5100
ERR13927504.5072	1543	17.9073
ERR13927504.5073	1576	16.9803
ERR13927504.5074	1552	18.6115
ERR13927504.5075	1577	19.1198
ERR13927504.5076	1537	17.2973
ERR13927504.5077	1577	17.1947
ERR13927504.5078	1568	19.5026
ERR13927504.5079	1593	16.2247
ERR13927504.5080	1508	15.3408
ERR13927504.5081	1566	18.2107
ERR13927504.5082	1583	16.9274
ERR13927504.5083	1557	15.3821
ERR13927504.5084	1508	15.8568
ERR13927504.5085	1550	15.1568
ERR13927504.5086	1550	16.5916
ERR13927504.5087	1564	16.7788
ERR13927504.5088	1556	16.2384
ERR13927504.5089	1562	17.1216
ERR13927504.5090	1593	16.4269
ERR13927504.5091	1549	19.6804
ERR13927504.5092	221	14.6923
ERR13927504.5093	1561	16.9347
ERR13927504.5094	1567	16.6241
ERR13927504.5095	1527	16.8330
ERR13927504.5096	1255	15.5976
ERR13927504.5097	1552	16.6037
ERR13927504.5098	1583	15.8515
ERR13927504.5099	1555	20.7659
ERR13927504.5100	1584	20.5777
ERR13927504.5101	1566	16.6507
ERR13927504.5102	1581	16.9431
ERR13927504.5103	1502	16.2756
ERR13927504.5104	1527	16.5711
ERR13927504.5105	1552	15.7732
ERR13927504.5106	1556	16.5161
ERR13927504.5107	1564	19.3683
ERR13927504.5108	1533	18.4716
ERR13927504.5109	446	16.6973
ERR13927504.5110	1176	19.0493
ERR13927504.5111	1571	18.4736
ERR13927504.5112	1550	15.1613
ERR13927504.5113	1605	18.2368
ERR13927504.5114	1587	20.0183
ERR13927504.5115	1561	17.1057
ERR13927504.5116	1535	16.9153
ERR13927504.5117	1556	15.9659
ERR13927504.5118	1537	17.4782
ERR13927504.5119	1566	18.0587
ERR13927504.5120	1612	18.5354
ERR13927504.5121	1560	16.9538
ERR13927504.5122	1543	15.9164
ERR13927504.5123	1600	19.0200
ERR13927504.5124	1559	19.1360
ERR13927504.5125	1519	19.4931
ERR13927504.5126	1516	16.1359
ERR13927504.5127	1556	17.0835
ERR13927504.5128	1567	15.9738
ERR13927504.5129	1590	19.4616
ERR13927504.5130	1548	16.0736
ERR13927504.5131	1547	16.1176
ERR13927504.5132	1541	15.7846
ERR13927504.5133	1580	16.5696
ERR13927504.5134	1531	14.4154
ERR13927504.5135	1539	19.1871
ERR13927504.5136	1547	16.6509
ERR13927504.5137	1485	15.6983
ERR13927504.5138	1573	17.3020
ERR13927504.5139	1571	18.2222
ERR13927504.5140	1554	15.7490
ERR13927504.5141	1297	15.4341
ERR13927504.5142	1520	16.5546
ERR13927504.5143	1521	17.4701
ERR13927504.5144	1537	16.8003
ERR13927504.5145	1566	16.1596
ERR13927504.5146	1560	16.1276
ERR13927504.5147	1528	16.1584
ERR13927504.5148	1624	16.1675
ERR13927504.5149	1536	16.7773
ERR13927504.5150	1563	17.7633
ERR13927504.5151	1557	16.4021
ERR13927504.5152	1568	17.1193
ERR13927504.5153	1498	16.9426
ERR13927504.5154	1589	15.6702
ERR13927504.5155	1574	17.0470
ERR13927504.5156	1534	19.6571
ERR13927504.5157	1569	20.8980
ERR13927504.5158	1565	16.6300
ERR13927504.5159	1495	15.5398
ERR13927504.5160	1554	16.2812
ERR13927504.5161	1554	17.9402
ERR13927504.5162	1542	17.1667
ERR13927504.5163	1504	16.3850
ERR13927504.5164	1528	17.1525
ERR13927504.5165	1564	19.1650
ERR13927504.5166	1605	16.7159
ERR13927504.5167	1558	16.7766
ERR13927504.5168	1569	17.0644
ERR13927504.5169	1064	16.3891
ERR13927504.5170	1500	15.3100
ERR13927504.5171	1593	18.1475
ERR13927504.5172	1569	15.4500
ERR13927504.5173	1497	17.1750
ERR13927504.5174	1262	18.7013
ERR13927504.5175	1205	15.6266
ERR13927504.5176	1572	15.5744
ERR13927504.5177	1531	18.5846
ERR13927504.5178	1484	15.9434
ERR13927504.5179	1580	16.7108
ERR13927504.5180	1525	14.8866
ERR13927504.5181	1533	16.5584
ERR13927504.5182	1544	20.9851
ERR13927504.5183	591	17.7563
ERR13927504.5184	1543	20.4938
ERR13927504.5185	1580	19.8133
ERR13927504.5186	1554	16.5187
ERR13927504.5187	1560	17.2417
ERR13927504.5188	1518	18.9789
ERR13927504.5189	1580	19.3392
ERR13927504.5190	1566	18.7395
ERR13927504.5191	1567	16.9611
ERR13927504.5192	1543	19.0305
ERR13927504.5193	1605	14.0231
ERR13927504.5194	1551	16.2592
ERR13927504.5195	1574	16.4905
ERR13927504.5196	1497	16.1483
ERR13927504.5197	1560	18.9865
ERR13927504.5198	1551	18.8562
ERR13927504.5199	1559	16.5805
ERR13927504.5200	1581	15.5136
ERR13927504.5201	1552	15.9716
ERR13927504.5202	1551	16.8072
ERR13927504.5203	1577	17.5485
ERR13927504.5204	840	18.3000
ERR13927504.5205	1469	18.4146
ERR13927504.5206	1030	16.7417
ERR13927504.5207	1551	18.2508
ERR13927504.5208	1572	15.7156
ERR13927504.5209	1556	16.1478
ERR13927504.5210	1558	18.3729
ERR13927504.5211	1569	18.5539
ERR13927504.5212	1534	17.0215
ERR13927504.5213	1581	17.3763
ERR13927504.5214	803	17.7920
ERR13927504.5215	1561	17.8463
ERR13927504.5216	1079	16.5783
ERR13927504.5217	1589	16.3518
ERR13927504.5218	674	17.1499
ERR13927504.5219	1513	16.3133
ERR13927504.5220	1558	15.6913
ERR13927504.5221	1569	17.8235
ERR13927504.5222	1568	16.7787
ERR13927504.5223	1555	17.9460
ERR13927504.5224	1548	17.3236
ERR13927504.5225	1562	17.9091
ERR13927504.5226	708	17.7401
ERR13927504.5227	1546	18.7497
ERR13927504.5228	1547	20.4738
ERR13927504.5229	1556	17.9807
ERR13927504.5230	1563	18.6942
ERR13927504.5231	1676	18.9708
ERR13927504.5232	1581	16.1632
ERR13927504.5233	1575	17.6819
ERR13927504.5234	1539	15.5556
ERR13927504.5235	1582	17.5834
ERR13927504.5236	1528	16.7565
ERR13927504.5237	1500	18.1867
ERR13927504.5238	1575	15.9549
ERR13927504.5239	1573	16.7870
ERR13927504.5240	1535	17.6182
ERR13927504.5241	1580	17.7038
ERR13927504.5242	1518	15.4407
ERR13927504.5243	1307	18.5685
ERR13927504.5244	1577	15.2758
ERR13927504.5245	772	17.5389
ERR13927504.5246	1574	17.2065
ERR13927504.5247	1524	20.5886
ERR13927504.5248	1562	17.1946
ERR13927504.5249	1207	15.7672
ERR13927504.5250	1604	14.6197
ERR13927504.5251	1528	15.4777
ERR13927504.5252	1580	16.2816
ERR13927504.5253	1534	15.8781
ERR13927504.5254	1592	16.7450
ERR13927504.5255	1513	15.9643
ERR13927504.5256	1561	16.7104
ERR13927504.5257	1584	17.6218
ERR13927504.5258	1564	16.4098
ERR13927504.5259	1551	17.1283
ERR13927504.5260	1555	17.1222
ERR13927504.5261	1520	16.3803
ERR13927504.5262	1578	15.5399
ERR13927504.5263	380	17.9658
ERR13927504.5264	1561	16.2044
ERR13927504.5265	1592	18.5452
ERR13927504.5266	1550	19.3632
ERR13927504.5267	1537	17.2485
ERR13927504.5268	1559	17.8820
ERR13927504.5269	1570	17.4936
ERR13927504.5270	1512	15.4484
ERR13927504.5271	1582	16.5493
ERR13927504.5272	1499	15.8666
ERR13927504.5273	1553	17.9311
ERR13927504.5274	1560	19.2801
ERR13927504.5275	1574	19.2726
ERR13927504.5276	1586	16.2308
ERR13927504.5277	1553	14.5769
ERR13927504.5278	1581	18.4630
ERR13927504.5279	1570	18.6573
ERR13927504.5280	1518	17.5152
ERR13927504.5281	1571	16.7365
ERR13927504.5282	1541	16.0402
ERR13927504.5283	1611	16.5239
ERR13927504.5284	1542	17.2399
ERR13927504.5285	1534	18.3038
ERR13927504.5286	974	15.7300
ERR13927504.5287	1583	17.4965
ERR13927504.5288	1344	14.4062
ERR13927504.5289	1579	17.6871
ERR13927504.5290	1553	15.8918
ERR13927504.5291	1557	17.9120
ERR13927504.5292	1525	17.8367
ERR13927504.5293	1217	16.2884
ERR13927504.5294	1578	18.6965
ERR13927504.5295	1559	17.4381
ERR13927504.5296	1141	17.0955
ERR13927504.5297	993	17.6727
ERR13927504.5298	1570	16.1561
ERR13927504.5299	1594	20.8519
ERR13927504.5300	1576	16.9169
ERR13927504.5301	1546	18.7743
ERR13927504.5302	1555	20.3614
ERR13927504.5303	1527	16.7708
ERR13927504.5304	1563	19.1228
ERR13927504.5305	1579	18.0272
ERR13927504.5306	1525	18.3725
ERR13927504.5307	1564	17.4405
ERR13927504.5308	1547	17.1441
ERR13927504.5309	300	15.5200
ERR13927504.5310	1551	18.9703
ERR13927504.5311	1569	17.5921
ERR13927504.5312	1559	17.2322
ERR13927504.5313	1558	16.6849
ERR13927504.5314	1296	16.2577
ERR13927504.5315	1533	17.8154
ERR13927504.5316	1576	15.3008
ERR13927504.5317	1555	16.7550
ERR13927504.5318	1559	18.4817
ERR13927504.5319	1568	17.0013
ERR13927504.5320	1553	18.5531
ERR13927504.5321	1559	15.7781
ERR13927504.5322	1198	16.7571
ERR13927504.5323	1521	16.1841
ERR13927504.5324	1541	16.3517
ERR13927504.5325	1536	19.5540
ERR13927504.5326	1574	18.8056
ERR13927504.5327	1557	21.1798
ERR13927504.5328	1610	19.4118
ERR13927504.5329	1258	17.6304
ERR13927504.5330	1512	17.4881
ERR13927504.5331	1564	19.9418
ERR13927504.5332	1562	18.0256
ERR13927504.5333	1531	17.2351
ERR13927504.5334	1569	15.6762
ERR13927504.5335	379	15.1953
ERR13927504.5336	1532	19.2742
ERR13927504.5337	1552	16.7880
ERR13927504.5338	1564	18.7014
ERR13927504.5339	1544	16.5505
ERR13927504.5340	1554	16.9672
ERR13927504.5341	1562	16.8675
ERR13927504.5342	1532	17.9961
ERR13927504.5343	1560	17.0154
ERR13927504.5344	1589	17.4355
ERR13927504.5345	1565	17.8939
ERR13927504.5346	1598	17.3467
ERR13927504.5347	1534	17.4465
ERR13927504.5348	1554	17.5566
ERR13927504.5349	1574	17.0978
ERR13927504.5350	1569	16.3321
ERR13927504.5351	1247	17.2342
ERR13927504.5352	1547	15.4454
ERR13927504.5353	1525	21.4898
ERR13927504.5354	1551	18.6854
ERR13927504.5355	208	16.1298
ERR13927504.5356	1559	17.2033
ERR13927504.5357	1539	17.8259
ERR13927504.5358	1537	17.6448
ERR13927504.5359	1473	17.9260
ERR13927504.5360	1555	19.0804
ERR13927504.5361	1575	14.9689
ERR13927504.5362	1595	18.0840
ERR13927504.5363	1592	17.4950
ERR13927504.5364	856	18.3680
ERR13927504.5365	1586	16.7409
ERR13927504.5366	773	17.4036
ERR13927504.5367	1607	18.2763
ERR13927504.5368	1513	17.8777
ERR13927504.5369	1577	16.9956
ERR13927504.5370	1587	16.3730
ERR13927504.5371	1593	18.9912
ERR13927504.5372	1510	14.6623
ERR13927504.5373	1576	16.8407
ERR13927504.5374	1571	17.1579
ERR13927504.5375	1542	16.1809
ERR13927504.5376	1533	17.4540
ERR13927504.5377	772	18.1166
ERR13927504.5378	1557	17.9191
ERR13927504.5379	1558	15.6091
ERR13927504.5380	1532	14.9008
ERR13927504.5381	1527	16.7590
ERR13927504.5382	1552	17.7178
ERR13927504.5383	1570	17.0287
ERR13927504.5384	1538	15.1365
ERR13927504.5385	1559	19.4118
ERR13927504.5386	1567	19.0664
ERR13927504.5387	1564	19.8529
ERR13927504.5388	1596	19.3972
ERR13927504.5389	1528	18.5046
ERR13927504.5390	1560	16.6872
ERR13927504.5391	1565	17.5444
ERR13927504.5392	1589	18.5790
ERR13927504.5393	1512	16.4193
ERR13927504.5394	1508	17.2341
ERR13927504.5395	1542	17.4611
ERR13927504.5396	1541	18.8624
ERR13927504.5397	1483	16.7438
ERR13927504.5398	1590	18.0006
ERR13927504.5399	1542	17.8904
ERR13927504.5400	1470	15.3728
ERR13927504.5401	1559	17.5972
ERR13927504.5402	992	16.6190
ERR13927504.5403	1552	18.8054
ERR13927504.5404	1561	16.5817
ERR13927504.5405	1569	17.7667
ERR13927504.5406	1556	18.7314
ERR13927504.5407	1565	17.0326
ERR13927504.5408	1545	13.9398
ERR13927504.5409	1527	14.9764
ERR13927504.5410	1583	16.3677
ERR13927504.5411	1600	19.5431
ERR13927504.5412	1529	20.0883
ERR13927504.5413	1548	17.3979
ERR13927504.5414	1583	16.9968
ERR13927504.5415	1566	16.4623
ERR13927504.5416	1496	16.7587
ERR13927504.5417	1377	15.3493
ERR13927504.5418	1549	17.1252
ERR13927504.5419	1582	18.3483
ERR13927504.5420	1438	16.4263
ERR13927504.5421	1550	16.4323
ERR13927504.5422	1542	17.8599
ERR13927504.5423	1682	16.7747
ERR13927504.5424	1557	18.5562
ERR13927504.5425	1553	19.1571
ERR13927504.5426	1562	17.3540
ERR13927504.5427	1577	16.4401
ERR13927504.5428	1516	15.7263
ERR13927504.5429	888	18.9628
ERR13927504.5430	1594	16.5245
ERR13927504.5431	1519	16.6129
ERR13927504.5432	1577	19.2955
ERR13927504.5433	1569	19.3008
ERR13927504.5434	1582	20.1890
ERR13927504.5435	1544	17.7947
ERR13927504.5436	1561	17.5080
ERR13927504.5437	1592	17.4774
ERR13927504.5438	1534	16.1460
ERR13927504.5439	1550	15.2084
ERR13927504.5440	1538	16.0702
ERR13927504.5441	1492	18.3103
ERR13927504.5442	1533	17.8728
ERR13927504.5443	1521	16.4162
ERR13927504.5444	1547	17.9554
ERR13927504.5445	1567	19.5144
ERR13927504.5446	1551	15.7066
ERR13927504.5447	1566	20.1807
ERR13927504.5448	1594	15.7691
ERR13927504.5449	1541	18.9014
ERR13927504.5450	1571	15.7358
ERR13927504.5451	1562	15.4795
ERR13927504.5452	1524	15.2146
ERR13927504.5453	1496	17.5080
ERR13927504.5454	1565	18.2645
ERR13927504.5455	1573	16.9816
ERR13927504.5456	1546	15.3376
ERR13927504.5457	1568	22.9343
ERR13927504.5458	1536	15.5742
ERR13927504.5459	1581	19.4181
ERR13927504.5460	1547	17.8255
ERR13927504.5461	1588	17.5321
ERR13927504.5462	1585	17.3590
ERR13927504.5463	1534	17.1043
ERR13927504.5464	1541	15.5224
ERR13927504.5465	333	12.5526
ERR13927504.5466	1516	15.2757
ERR13927504.5467	1528	15.5838
ERR13927504.5468	1551	16.3875
ERR13927504.5469	1416	20.1956
ERR13927504.5470	1575	16.1632
ERR13927504.5471	458	16.5480
ERR13927504.5472	1556	14.7776
ERR13927504.5473	1343	15.4490
ERR13927504.5474	202	16.8861
ERR13927504.5475	1580	17.4348
ERR13927504.5476	1554	16.6519
ERR13927504.5477	1557	18.1606
ERR13927504.5478	1549	18.5391
ERR13927504.5479	1567	15.8922
ERR13927504.5480	1120	20.0223
ERR13927504.5481	1557	18.0295
ERR13927504.5482	1577	19.3798
ERR13927504.5483	1563	17.9571
ERR13927504.5484	1520	15.7092
ERR13927504.5485	1567	15.3121
ERR13927504.5486	1528	16.2042
ERR13927504.5487	1091	16.4216
ERR13927504.5488	1570	17.0694
ERR13927504.5489	776	16.8570
ERR13927504.5490	1539	14.6335
ERR13927504.5491	1535	17.7987
ERR13927504.5492	1587	17.7908
ERR13927504.5493	1588	19.4981
ERR13927504.5494	1527	17.5246
ERR13927504.5495	1541	16.5672
ERR13927504.5496	1561	17.0397
ERR13927504.5497	1538	15.5260
ERR13927504.5498	1576	18.5825
ERR13927504.5499	1539	17.8532
ERR13927504.5500	499	16.4008
ERR13927504.5501	1569	17.8955
ERR13927504.5502	1632	17.4583
ERR13927504.5503	1546	18.4127
ERR13927504.5504	1547	15.6833
ERR13927504.5505	1531	19.7720
ERR13927504.5506	832	17.3317
ERR13927504.5507	1562	17.4718
ERR13927504.5508	1594	21.1907
ERR13927504.5509	1564	15.9885
ERR13927504.5510	1569	16.4117
ERR13927504.5511	872	18.1239
ERR13927504.5512	1425	16.2723
ERR13927504.5513	1578	21.0665
ERR13927504.5514	1528	16.3226
ERR13927504.5515	1512	18.2011
ERR13927504.5516	1577	18.2974
ERR13927504.5517	1516	16.2975
ERR13927504.5518	1578	17.7693
ERR13927504.5519	1601	20.6983
ERR13927504.5520	1536	18.6276
ERR13927504.5521	1620	16.5796
ERR13927504.5522	1604	20.0281
ERR13927504.5523	1431	16.3571
ERR13927504.5524	1512	15.8591
ERR13927504.5525	1581	15.5579
ERR13927504.5526	1558	18.5347
ERR13927504.5527	1540	15.2435
ERR13927504.5528	1530	16.4255
ERR13927504.5529	1618	18.2794
ERR13927504.5530	1532	17.1260
ERR13927504.5531	1529	16.3421
ERR13927504.5532	1602	17.1916
ERR13927504.5533	1558	18.4031
ERR13927504.5534	1554	17.3333
ERR13927504.5535	1542	16.6686
ERR13927504.5536	1541	18.6905
ERR13927504.5537	1565	15.3073
ERR13927504.5538	1581	15.6059
ERR13927504.5539	1534	19.6975
ERR13927504.5540	1551	19.0845
ERR13927504.5541	1505	16.5894
ERR13927504.5542	1511	17.7485
ERR13927504.5543	1556	16.4743
ERR13927504.5544	1770	19.0429
ERR13927504.5545	1541	16.8592
ERR13927504.5546	1559	15.9923
ERR13927504.5547	1557	18.2357
ERR13927504.5548	1567	17.2916
ERR13927504.5549	1604	20.0505
ERR13927504.5550	1545	18.2971
ERR13927504.5551	1566	15.9163
ERR13927504.5552	1560	17.7410
ERR13927504.5553	1572	18.1406
ERR13927504.5554	1621	18.4429
ERR13927504.5555	1572	19.0534
ERR13927504.5556	1516	15.5106
ERR13927504.5557	1555	14.8990
ERR13927504.5558	1583	18.0985
ERR13927504.5559	1191	18.2091
ERR13927504.5560	1471	16.5017
ERR13927504.5561	1578	18.5741
ERR13927504.5562	991	16.6983
ERR13927504.5563	1579	17.5168
ERR13927504.5564	1560	20.0673
ERR13927504.5565	1530	19.1261
ERR13927504.5566	1544	15.1438
ERR13927504.5567	1591	17.2759
ERR13927504.5568	1521	13.9586
ERR13927504.5569	1567	18.1710
ERR13927504.5570	1572	18.0134
ERR13927504.5571	1566	21.1903
ERR13927504.5572	1580	16.8975
ERR13927504.5573	1565	16.4275
ERR13927504.5574	1130	16.5133
ERR13927504.5575	1550	17.1987
ERR13927504.5576	3123	17.1675
ERR13927504.5577	1572	17.8836
ERR13927504.5578	1599	17.4021
ERR13927504.5579	1565	16.9821
ERR13927504.5580	1598	15.5232
ERR13927504.5581	1576	16.5819
ERR13927504.5582	1519	16.7123
ERR13927504.5583	1536	20.6081
ERR13927504.5584	1572	17.2742
ERR13927504.5585	1530	15.9294
ERR13927504.5586	1495	15.1538
ERR13927504.5587	1561	15.8104
ERR13927504.5588	1577	15.7032
ERR13927504.5589	1632	15.3885
ERR13927504.5590	1565	17.9559
ERR13927504.5591	1538	15.2965
ERR13927504.5592	1541	17.2154
ERR13927504.5593	1566	17.7209
ERR13927504.5594	1544	15.7843
ERR13927504.5595	1545	17.8343
ERR13927504.5596	1538	15.5052
ERR13927504.5597	788	15.0470
ERR13927504.5598	1526	15.2248
ERR13927504.5599	1538	15.4675
ERR13927504.5600	1545	18.6550
ERR13927504.5601	1482	15.9366
ERR13927504.5602	1056	17.5189
ERR13927504.5603	1649	16.1850
ERR13927504.5604	1330	17.6617
ERR13927504.5605	1526	18.0242
ERR13927504.5606	1565	18.3802
ERR13927504.5607	1606	18.3792
ERR13927504.5608	1543	16.5671
ERR13927504.5609	1546	14.8674
ERR13927504.5610	1326	13.9736
ERR13927504.5611	1526	15.3283
ERR13927504.5612	1539	20.2287
ERR13927504.5613	1650	16.4636
ERR13927504.5614	1582	18.6625
ERR13927504.5615	1526	17.1298
ERR13927504.5616	1528	17.0203
ERR13927504.5617	1578	17.6597
ERR13927504.5618	1592	17.9020
ERR13927504.5619	1538	15.8706
ERR13927504.5620	1559	16.8807
ERR13927504.5621	1604	18.9719
ERR13927504.5622	1598	19.6539
ERR13927504.5623	1502	15.4454
ERR13927504.5624	1276	16.3017
ERR13927504.5625	621	17.2174
ERR13927504.5626	1546	17.2613
ERR13927504.5627	1572	17.5293
ERR13927504.5628	1542	17.3327
ERR13927504.5629	1554	16.4067
ERR13927504.5630	1569	17.4570
ERR13927504.5631	1532	17.0953
ERR13927504.5632	1536	16.5033
ERR13927504.5633	1550	18.4606
ERR13927504.5634	1586	18.0958
ERR13927504.5635	1522	13.8929
ERR13927504.5636	1548	18.1163
ERR13927504.5637	1560	17.1109
ERR13927504.5638	1553	15.5370
ERR13927504.5639	859	18.7532
ERR13927504.5640	1574	18.2382
ERR13927504.5641	1536	16.5560
ERR13927504.5642	1548	15.0607
ERR13927504.5643	1576	15.3940
ERR13927504.5644	1573	16.6637
ERR13927504.5645	1548	22.0026
ERR13927504.5646	1537	15.7411
ERR13927504.5647	1563	20.7102
ERR13927504.5648	1582	19.0910
ERR13927504.5649	1507	15.3636
ERR13927504.5650	1553	19.7090
ERR13927504.5651	1567	16.4716
ERR13927504.5652	1767	19.1641
ERR13927504.5653	1573	15.9224
ERR13927504.5654	682	15.2067
ERR13927504.5655	1592	21.4026
ERR13927504.5656	1541	17.9598
ERR13927504.5657	1570	15.9834
ERR13927504.5658	1548	17.9264
ERR13927504.5659	1587	17.9842
ERR13927504.5660	1535	18.9648
ERR13927504.5661	1535	18.2997
ERR13927504.5662	1529	17.2139
ERR13927504.5663	1567	15.0568
ERR13927504.5664	1583	17.6841
ERR13927504.5665	1553	16.7083
ERR13927504.5666	1381	19.8936
ERR13927504.5667	1538	17.9629
ERR13927504.5668	1584	16.4021
ERR13927504.5669	1556	16.8805
ERR13927504.5670	1560	14.4821
ERR13927504.5671	1564	18.1362
ERR13927504.5672	1128	15.3626
ERR13927504.5673	1446	14.0913
ERR13927504.5674	1582	17.8786
ERR13927504.5675	1517	15.8675
ERR13927504.5676	1555	16.1968
ERR13927504.5677	1549	16.9658
ERR13927504.5678	1542	15.9397
ERR13927504.5679	1567	16.6816
ERR13927504.5680	1434	15.3926
ERR13927504.5681	1582	19.0626
ERR13927504.5682	1568	18.2207
ERR13927504.5683	1553	17.2627
ERR13927504.5684	1538	18.4876
ERR13927504.5685	1577	16.6753
ERR13927504.5686	1233	20.0730
ERR13927504.5687	1579	17.9968
ERR13927504.5688	1572	16.2061
ERR13927504.5689	1538	17.7438
ERR13927504.5690	1442	17.2968
ERR13927504.5691	1588	22.0901
ERR13927504.5692	1585	15.9823
ERR13927504.5693	1578	18.9987
ERR13927504.5694	1578	15.4918
ERR13927504.5695	1554	15.4633
ERR13927504.5696	1529	20.9653
ERR13927504.5697	1595	15.6608
ERR13927504.5698	1562	17.4782
ERR13927504.5699	1503	16.5888
ERR13927504.5700	1360	18.2059
ERR13927504.5701	1579	18.0722
ERR13927504.5702	1588	18.8967
ERR13927504.5703	1327	16.1696
ERR13927504.5704	1555	17.0039
ERR13927504.5705	1542	18.9598
ERR13927504.5706	1541	16.6347
ERR13927504.5707	1555	18.9080
ERR13927504.5708	1559	17.6709
ERR13927504.5709	1549	18.7663
ERR13927504.5710	1080	15.8343
ERR13927504.5711	1571	17.3068
ERR13927504.5712	1544	18.1801
ERR13927504.5713	1573	18.5550
ERR13927504.5714	1604	16.4133
ERR13927504.5715	1557	16.7373
ERR13927504.5716	1529	18.4434
ERR13927504.5717	1500	17.0880
ERR13927504.5718	1549	17.4493
ERR13927504.5719	958	15.5355
ERR13927504.5720	1109	18.2083
ERR13927504.5721	1567	15.2534
ERR13927504.5722	1572	20.0649
ERR13927504.5723	1567	18.6343
ERR13927504.5724	1549	17.2628
ERR13927504.5725	1545	15.3689
ERR13927504.5726	1535	16.6573
ERR13927504.5727	1241	17.4392
ERR13927504.5728	1513	15.7938
ERR13927504.5729	1571	17.2279
ERR13927504.5730	1571	17.9459
ERR13927504.5731	1548	15.1227
ERR13927504.5732	1530	20.0039
ERR13927504.5733	1464	16.8490
ERR13927504.5734	1565	18.0511
ERR13927504.5735	1570	20.5261
ERR13927504.5736	403	14.0993
ERR13927504.5737	1596	14.9073
ERR13927504.5738	1568	20.5804
ERR13927504.5739	1506	16.6328
ERR13927504.5740	1487	17.0787
ERR13927504.5741	1570	18.5701
ERR13927504.5742	1534	17.0248
ERR13927504.5743	1593	18.8380
ERR13927504.5744	1578	18.0038
ERR13927504.5745	1601	16.8107
ERR13927504.5746	1553	15.9646
ERR13927504.5747	1537	17.0410
ERR13927504.5748	1556	18.4518
ERR13927504.5749	1623	17.4603
ERR13927504.5750	1568	17.2315
ERR13927504.5751	1583	18.9090
ERR13927504.5752	1522	16.9691
ERR13927504.5753	1291	15.7885
ERR13927504.5754	1380	17.5304
ERR13927504.5755	1569	17.8056
ERR13927504.5756	1543	17.5120
ERR13927504.5757	1537	17.8966
ERR13927504.5758	1542	16.3632
ERR13927504.5759	1563	18.1190
ERR13927504.5760	1550	18.1484
ERR13927504.5761	1488	14.3763
ERR13927504.5762	1568	16.4675
ERR13927504.5763	1530	15.4771
ERR13927504.5764	1577	19.0742
ERR13927504.5765	1577	16.1446
ERR13927504.5766	1484	14.7163
ERR13927504.5767	1575	19.0324
ERR13927504.5768	1592	17.8197
ERR13927504.5769	1538	16.2386
ERR13927504.5770	1576	14.6973
ERR13927504.5771	1557	16.1150
ERR13927504.5772	1513	15.7958
ERR13927504.5773	1586	19.5801
ERR13927504.5774	1565	18.6307
ERR13927504.5775	1488	16.3219
ERR13927504.5776	1584	22.1061
ERR13927504.5777	1564	17.6164
ERR13927504.5778	1553	16.5847
ERR13927504.5779	1557	17.1753
ERR13927504.5780	1561	15.8565
ERR13927504.5781	1562	16.1562
ERR13927504.5782	1551	15.9510
ERR13927504.5783	1209	16.7899
ERR13927504.5784	1557	18.7033
ERR13927504.5785	1573	17.2568
ERR13927504.5786	1440	14.8722
ERR13927504.5787	1553	18.5344
ERR13927504.5788	1585	16.1703
ERR13927504.5789	859	15.1083
ERR13927504.5790	1538	19.2100
ERR13927504.5791	571	16.9177
ERR13927504.5792	3100	16.1003
ERR13927504.5793	1564	18.2551
ERR13927504.5794	1519	16.9467
ERR13927504.5795	1503	16.8370
ERR13927504.5796	1554	16.1088
ERR13927504.5797	1545	16.6997
ERR13927504.5798	1581	18.9342
ERR13927504.5799	1547	15.8048
ERR13927504.5800	1524	15.9961
ERR13927504.5801	1573	15.7394
ERR13927504.5802	1517	18.2096
ERR13927504.5803	1575	16.0648
ERR13927504.5804	1550	18.4665
ERR13927504.5805	1490	16.1738
ERR13927504.5806	1604	18.7936
ERR13927504.5807	1552	18.7249
ERR13927504.5808	1572	18.1686
ERR13927504.5809	1571	14.9650
ERR13927504.5810	1524	15.8957
ERR13927504.5811	1569	18.5672
ERR13927504.5812	1557	14.3295
ERR13927504.5813	1549	16.0904
ERR13927504.5814	1583	20.6589
ERR13927504.5815	1559	19.4336
ERR13927504.5816	1573	16.6141
ERR13927504.5817	1555	21.3929
ERR13927504.5818	1559	17.7434
ERR13927504.5819	1560	15.3276
ERR13927504.5820	1316	19.0821
ERR13927504.5821	1623	20.4880
ERR13927504.5822	1556	18.6350
ERR13927504.5823	1547	16.7182
ERR13927504.5824	1504	16.5565
ERR13927504.5825	1563	17.6296
ERR13927504.5826	1556	17.3477
ERR13927504.5827	1601	17.5053
ERR13927504.5828	1571	20.3183
ERR13927504.5829	1553	17.6883
ERR13927504.5830	1522	17.0256
ERR13927504.5831	1537	19.0280
ERR13927504.5832	1605	20.9931
ERR13927504.5833	1575	17.6921
ERR13927504.5834	1554	16.1680
ERR13927504.5835	1564	16.4028
ERR13927504.5836	880	15.1341
ERR13927504.5837	1522	16.8259
ERR13927504.5838	1578	18.0925
ERR13927504.5839	1538	15.2354
ERR13927504.5840	1593	20.4526
ERR13927504.5841	1305	16.1625
ERR13927504.5842	1569	18.7202
ERR13927504.5843	1565	18.5419
ERR13927504.5844	1570	16.6363
ERR13927504.5845	1187	15.1516
ERR13927504.5846	1542	19.9527
ERR13927504.5847	1523	18.9146
ERR13927504.5848	1535	16.7466
ERR13927504.5849	1558	17.1598
ERR13927504.5850	1579	17.3857
ERR13927504.5851	1589	18.9295
ERR13927504.5852	1572	18.5204
ERR13927504.5853	1568	18.3036
ERR13927504.5854	1603	19.1441
ERR13927504.5855	1584	17.7008
ERR13927504.5856	1585	19.0946
ERR13927504.5857	1566	19.3391
ERR13927504.5858	1540	16.4201
ERR13927504.5859	1550	14.7897
ERR13927504.5860	1117	18.5577
ERR13927504.5861	1540	18.1623
ERR13927504.5862	1565	18.6831
ERR13927504.5863	1579	18.4566
ERR13927504.5864	1575	17.8603
ERR13927504.5865	1603	18.6220
ERR13927504.5866	1571	18.2705
ERR13927504.5867	1564	17.1541
ERR13927504.5868	1584	19.0795
ERR13927504.5869	1620	17.4340
ERR13927504.5870	1528	15.7140
ERR13927504.5871	1534	15.5535
ERR13927504.5872	1570	20.1471
ERR13927504.5873	1526	16.4207
ERR13927504.5874	1583	17.6387
ERR13927504.5875	1522	18.8850
ERR13927504.5876	1566	16.9815
ERR13927504.5877	1239	17.9209
ERR13927504.5878	1542	17.0914
ERR13927504.5879	1553	17.1507
ERR13927504.5880	1586	16.3190
ERR13927504.5881	1511	16.6612
ERR13927504.5882	1561	17.9443
ERR13927504.5883	1548	18.2700
ERR13927504.5884	1573	16.5709
ERR13927504.5885	1584	19.6723
ERR13927504.5886	1527	16.9142
ERR13927504.5887	1519	15.1731
ERR13927504.5888	165	18.3879
ERR13927504.5889	1575	15.6629
ERR13927504.5890	1520	16.7132
ERR13927504.5891	1598	17.9168
ERR13927504.5892	1553	17.1970
ERR13927504.5893	1557	16.6660
ERR13927504.5894	1576	17.0628
ERR13927504.5895	1734	17.9002
ERR13927504.5896	1526	18.0387
ERR13927504.5897	1546	19.2303
ERR13927504.5898	1581	18.8552
ERR13927504.5899	1582	18.0866
ERR13927504.5900	1584	16.2557
ERR13927504.5901	1604	15.0511
ERR13927504.5902	1555	18.9743
ERR13927504.5903	1491	18.5875
ERR13927504.5904	1573	15.2587
ERR13927504.5905	1569	19.0057
ERR13927504.5906	1577	20.2644
ERR13927504.5907	1564	16.2500
ERR13927504.5908	1563	16.8381
ERR13927504.5909	1555	16.7711
ERR13927504.5910	1528	15.4457
ERR13927504.5911	1585	18.3401
ERR13927504.5912	1587	16.6478
ERR13927504.5913	1529	16.4657
ERR13927504.5914	1158	16.5371
ERR13927504.5915	1514	18.4881
ERR13927504.5916	1572	17.0878
ERR13927504.5917	1522	15.2175
ERR13927504.5918	1555	17.4219
ERR13927504.5919	1563	16.5502
ERR13927504.5920	1545	17.2142
ERR13927504.5921	1555	14.4212
ERR13927504.5922	1573	20.1481
ERR13927504.5923	1515	15.4449
ERR13927504.5924	1560	14.6827
ERR13927504.5925	1545	15.3560
ERR13927504.5926	1569	15.2135
ERR13927504.5927	1516	17.0416
ERR13927504.5928	1537	16.0059
ERR13927504.5929	1556	17.6240
ERR13927504.5930	1560	18.2558
ERR13927504.5931	1554	15.4208
ERR13927504.5932	1558	17.2638
ERR13927504.5933	1578	19.7408
ERR13927504.5934	1580	17.6076
ERR13927504.5935	1556	14.1324
ERR13927504.5936	1565	16.6134
ERR13927504.5937	1601	20.9925
ERR13927504.5938	1562	19.4225
ERR13927504.5939	1557	15.1574
ERR13927504.5940	1617	19.1602
ERR13927504.5941	1545	16.9081
ERR13927504.5942	1560	17.3122
ERR13927504.5943	1556	16.9949
ERR13927504.5944	1558	18.5520
ERR13927504.5945	1586	18.1646
ERR13927504.5946	1526	15.5603
ERR13927504.5947	1614	18.2862
ERR13927504.5948	1533	17.5049
ERR13927504.5949	1516	14.9934
ERR13927504.5950	1541	16.5691
ERR13927504.5951	1321	17.1037
ERR13927504.5952	1554	20.0495
ERR13927504.5953	1535	15.8971
ERR13927504.5954	1530	21.7804
ERR13927504.5955	1586	18.0712
ERR13927504.5956	1554	16.9299
ERR13927504.5957	1582	16.1960
ERR13927504.5958	1566	18.3308
ERR13927504.5959	1535	17.2502
ERR13927504.5960	1552	18.7043
ERR13927504.5961	1526	17.6239
ERR13927504.5962	1539	17.0221
ERR13927504.5963	1580	16.9006
ERR13927504.5964	1273	18.8256
ERR13927504.5965	1550	15.8323
ERR13927504.5966	1578	18.1369
ERR13927504.5967	1581	18.3422
ERR13927504.5968	1578	18.1819
ERR13927504.5969	1637	17.0428
ERR13927504.5970	1545	15.9883
ERR13927504.5971	1590	18.3302
ERR13927504.5972	1554	20.1532
ERR13927504.5973	1582	17.9659
ERR13927504.5974	1529	16.4408
ERR13927504.5975	1537	16.4632
ERR13927504.5976	1585	18.2612
ERR13927504.5977	1539	18.3502
ERR13927504.5978	1551	16.5783
ERR13927504.5979	1575	15.5860
ERR13927504.5980	1122	15.1774
ERR13927504.5981	1551	17.0986
ERR13927504.5982	1557	17.4676
ERR13927504.5983	708	14.3701
ERR13927504.5984	1565	17.4569
ERR13927504.5985	1574	18.2033
ERR13927504.5986	1570	18.5121
ERR13927504.5987	1570	16.3178
ERR13927504.5988	1565	19.9987
ERR13927504.5989	1569	17.3569
ERR13927504.5990	1578	15.9601
ERR13927504.5991	1546	16.7950
ERR13927504.5992	1567	16.8705
ERR13927504.5993	1564	19.6560
ERR13927504.5994	1515	16.3234
ERR13927504.5995	1567	16.2827
ERR13927504.5996	1563	19.1939
ERR13927504.5997	1559	17.3727
ERR13927504.5998	1568	17.2302
ERR13927504.5999	1588	17.0907
ERR13927504.6000	1566	17.1648
ERR13927504.6001	1553	15.8847
ERR13927504.6002	1548	18.7474
ERR13927504.6003	1570	15.6707
ERR13927504.6004	1516	17.5567
ERR13927504.6005	1585	18.3066
ERR13927504.6006	1514	15.2048
ERR13927504.6007	1554	17.9221
ERR13927504.6008	1582	17.5917
ERR13927504.6009	1535	16.6775
ERR13927504.6010	1538	15.7542
ERR13927504.6011	1585	18.8776
ERR13927504.6012	1522	17.6590
ERR13927504.6013	1567	16.6031
ERR13927504.6014	1574	17.2859
ERR13927504.6015	1552	17.0135
ERR13927504.6016	1525	16.0007
ERR13927504.6017	1547	16.9864
ERR13927504.6018	1545	15.5359
ERR13927504.6019	1568	20.3151
ERR13927504.6020	1569	21.8662
ERR13927504.6021	1531	18.3057
ERR13927504.6022	1550	14.7310
ERR13927504.6023	1591	17.2847
ERR13927504.6024	1565	18.2147
ERR13927504.6025	1585	16.7855
ERR13927504.6026	1585	17.1438
ERR13927504.6027	1543	15.6688
ERR13927504.6028	1528	16.0412
ERR13927504.6029	1562	16.2516
ERR13927504.6030	1553	19.6220
ERR13927504.6031	1520	19.4020
ERR13927504.6032	1570	16.0898
ERR13927504.6033	1561	17.0000
ERR13927504.6034	1558	18.2279
ERR13927504.6035	1439	16.2085
ERR13927504.6036	1516	18.2843
ERR13927504.6037	1567	19.6254
ERR13927504.6038	1551	14.9516
ERR13927504.6039	1583	19.0126
ERR13927504.6040	1576	19.3839
ERR13927504.6041	1559	19.1135
ERR13927504.6042	1562	20.0000
ERR13927504.6043	528	18.3295
ERR13927504.6044	1643	16.3250
ERR13927504.6045	1016	22.0030
ERR13927504.6046	1573	19.0178
ERR13927504.6047	1465	16.6567
ERR13927504.6048	1585	14.9962
ERR13927504.6049	1576	22.1650
ERR13927504.6050	1540	18.1760
ERR13927504.6051	1530	17.0784
ERR13927504.6052	1562	17.4885
ERR13927504.6053	1565	16.6051
ERR13927504.6054	1568	17.5159
ERR13927504.6055	1134	17.6182
ERR13927504.6056	1534	16.7269
ERR13927504.6057	1337	15.9514
ERR13927504.6058	1494	17.4357
ERR13927504.6059	1548	15.5846
ERR13927504.6060	1490	17.7946
ERR13927504.6061	1579	14.3965
ERR13927504.6062	1515	17.3142
ERR13927504.6063	1563	16.7204
ERR13927504.6064	1589	16.4122
ERR13927504.6065	293	14.5904
ERR13927504.6066	1561	15.3664
ERR13927504.6067	1554	15.2169
ERR13927504.6068	1483	15.6750
ERR13927504.6069	1563	16.4990
ERR13927504.6070	1578	17.6559
ERR13927504.6071	1561	18.9001
ERR13927504.6072	1556	17.2879
ERR13927504.6073	1550	17.9748
ERR13927504.6074	1548	17.3766
ERR13927504.6075	1572	14.9504
ERR13927504.6076	1568	17.5038
ERR13927504.6077	1581	15.6281
ERR13927504.6078	1547	16.9347
ERR13927504.6079	1444	13.9723
ERR13927504.6080	1533	16.7606
ERR13927504.6081	1500	16.1120
ERR13927504.6082	1316	18.1125
ERR13927504.6083	1496	14.9425
ERR13927504.6084	1565	16.9955
ERR13927504.6085	1560	19.6904
ERR13927504.6086	1519	15.7163
ERR13927504.6087	1537	17.8120
ERR13927504.6088	1569	19.9299
ERR13927504.6089	1559	16.9660
ERR13927504.6090	411	16.7178
ERR13927504.6091	1584	17.7689
ERR13927504.6092	1554	17.6384
ERR13927504.6093	1559	16.8089
ERR13927504.6094	1568	18.5038
ERR13927504.6095	1545	19.1197
ERR13927504.6096	1593	18.4294
ERR13927504.6097	1594	17.9003
ERR13927504.6098	1573	14.9911
ERR13927504.6099	1598	17.3373
ERR13927504.6100	1555	18.0720
ERR13927504.6101	1509	15.1750
ERR13927504.6102	1532	18.5901
ERR13927504.6103	1556	15.8901
ERR13927504.6104	1560	17.5013
ERR13927504.6105	1570	15.6522
ERR13927504.6106	1555	16.3627
ERR13927504.6107	1580	16.6342
ERR13927504.6108	1568	19.0708
ERR13927504.6109	1462	17.2059
ERR13927504.6110	1532	16.7977
ERR13927504.6111	1569	16.4825
ERR13927504.6112	1346	17.0230
ERR13927504.6113	1563	17.1267
ERR13927504.6114	1544	17.2753
ERR13927504.6115	1460	15.7747
ERR13927504.6116	1574	21.0781
ERR13927504.6117	1573	17.0801
ERR13927504.6118	1549	16.8096
ERR13927504.6119	1530	17.7882
ERR13927504.6120	1593	18.9309
ERR13927504.6121	1367	14.7249
ERR13927504.6122	1555	18.1942
ERR13927504.6123	1518	17.2563
ERR13927504.6124	1602	17.0830
ERR13927504.6125	1575	17.9759
ERR13927504.6126	1494	19.6051
ERR13927504.6127	1563	16.6353
ERR13927504.6128	1575	18.3086
ERR13927504.6129	1601	18.3898
ERR13927504.6130	1561	17.9571
ERR13927504.6131	495	16.2343
ERR13927504.6132	1580	16.4848
ERR13927504.6133	1597	18.5955
ERR13927504.6134	1561	16.7316
ERR13927504.6135	1556	16.2757
ERR13927504.6136	1599	17.0657
ERR13927504.6137	1555	16.0630
ERR13927504.6138	1529	16.1962
ERR13927504.6139	1539	18.1196
ERR13927504.6140	1572	16.4701
ERR13927504.6141	1576	17.7170
ERR13927504.6142	864	16.1516
ERR13927504.6143	1564	15.4335
ERR13927504.6144	1554	16.0450
ERR13927504.6145	1528	15.9653
ERR13927504.6146	1510	15.4960
ERR13927504.6147	1572	17.1183
ERR13927504.6148	1562	16.0230
ERR13927504.6149	1584	17.1951
ERR13927504.6150	1549	15.6708
ERR13927504.6151	1532	18.4595
ERR13927504.6152	1569	15.9643
ERR13927504.6153	1555	18.2887
ERR13927504.6154	1554	18.0521
ERR13927504.6155	1393	15.5413
ERR13927504.6156	1171	16.6815
ERR13927504.6157	1553	16.5950
ERR13927504.6158	1536	17.9818
ERR13927504.6159	1568	17.1116
ERR13927504.6160	1600	19.1962
ERR13927504.6161	1551	15.7859
ERR13927504.6162	1401	16.9022
ERR13927504.6163	1586	18.3310
ERR13927504.6164	1556	17.4113
ERR13927504.6165	1557	15.5870
ERR13927504.6166	1543	15.8386
ERR13927504.6167	1513	15.4858
ERR13927504.6168	1551	18.8382
ERR13927504.6169	1575	16.9340
ERR13927504.6170	1525	15.0046
ERR13927504.6171	1566	15.7312
ERR13927504.6172	1548	15.9606
ERR13927504.6173	1588	16.5151
ERR13927504.6174	1515	15.1848
ERR13927504.6175	1568	17.8023
ERR13927504.6176	1142	15.6060
ERR13927504.6177	1567	19.1481
ERR13927504.6178	1597	18.1115
ERR13927504.6179	1548	19.5724
ERR13927504.6180	1567	17.3555
ERR13927504.6181	1568	17.7851
ERR13927504.6182	1173	15.4587
ERR13927504.6183	1601	16.1730
ERR13927504.6184	1582	17.6783
ERR13927504.6185	1554	16.9106
ERR13927504.6186	1562	15.4853
ERR13927504.6187	1565	17.9252
ERR13927504.6188	1546	18.2613
ERR13927504.6189	1585	16.0145
ERR13927504.6190	1544	15.9741
ERR13927504.6191	1595	15.6025
ERR13927504.6192	1577	19.1623
ERR13927504.6193	1591	17.4544
ERR13927504.6194	1567	14.2291
ERR13927504.6195	1504	14.5605
ERR13927504.6196	1512	18.5582
ERR13927504.6197	1564	17.7820
ERR13927504.6198	1618	16.2349
ERR13927504.6199	1552	18.7055
ERR13927504.6200	1579	18.2597
ERR13927504.6201	1552	17.1727
ERR13927504.6202	1591	15.8316
ERR13927504.6203	1549	17.5223
ERR13927504.6204	1627	19.0412
ERR13927504.6205	1562	16.5595
ERR13927504.6206	1522	14.7326
ERR13927504.6207	1542	17.1933
ERR13927504.6208	1598	16.7935
ERR13927504.6209	1576	19.5711
ERR13927504.6210	1546	16.8726
ERR13927504.6211	1552	19.2519
ERR13927504.6212	1572	14.7125
ERR13927504.6213	1485	17.1401
ERR13927504.6214	1597	20.4508
ERR13927504.6215	1581	16.5541
ERR13927504.6216	1530	16.9340
ERR13927504.6217	1552	16.8099
ERR13927504.6218	1542	15.9799
ERR13927504.6219	1575	18.9460
ERR13927504.6220	1577	16.1801
ERR13927504.6221	1590	17.1321
ERR13927504.6222	1562	16.2516
ERR13927504.6223	1302	15.7696
ERR13927504.6224	1563	15.6859
ERR13927504.6225	1551	17.0516
ERR13927504.6226	1569	16.9745
ERR13927504.6227	1563	16.3916
ERR13927504.6228	1584	18.6622
ERR13927504.6229	1546	19.4114
ERR13927504.6230	1562	18.2330
ERR13927504.6231	1545	16.2032
ERR13927504.6232	1115	17.1175
ERR13927504.6233	1560	16.8167
ERR13927504.6234	1564	16.0019
ERR13927504.6235	1580	16.5190
ERR13927504.6236	1473	17.7400
ERR13927504.6237	1540	17.5104
ERR13927504.6238	1519	16.1396
ERR13927504.6239	1537	16.7840
ERR13927504.6240	1557	19.0379
ERR13927504.6241	1562	17.1255
ERR13927504.6242	1555	18.2932
ERR13927504.6243	1502	16.3362
ERR13927504.6244	1559	16.6222
ERR13927504.6245	1557	18.6095
ERR13927504.6246	1596	17.2732
ERR13927504.6247	1573	16.8201
ERR13927504.6248	1608	17.4471
ERR13927504.6249	1529	16.7966
ERR13927504.6250	1579	18.6339
ERR13927504.6251	1574	18.5368
ERR13927504.6252	1536	17.0872
ERR13927504.6253	1544	19.4877
ERR13927504.6254	1020	18.6245
ERR13927504.6255	1513	14.5010
ERR13927504.6256	1525	18.0190
ERR13927504.6257	1564	18.0281
ERR13927504.6258	1552	17.2416
ERR13927504.6259	1485	15.8175
ERR13927504.6260	1585	15.7691
ERR13927504.6261	1065	16.5211
ERR13927504.6262	1547	15.5301
ERR13927504.6263	1541	15.9896
ERR13927504.6264	1567	19.5775
ERR13927504.6265	1547	15.3284
ERR13927504.6266	1566	16.5243
ERR13927504.6267	1479	16.3922
ERR13927504.6268	1570	16.3115
ERR13927504.6269	1514	16.1400
ERR13927504.6270	1460	15.2788
ERR13927504.6271	1635	19.1725
ERR13927504.6272	825	16.7273
ERR13927504.6273	1496	17.0876
ERR13927504.6274	1552	19.0329
ERR13927504.6275	1572	21.0706
ERR13927504.6276	1564	17.0115
ERR13927504.6277	1587	17.5608
ERR13927504.6278	1548	17.8714
ERR13927504.6279	1530	16.9882
ERR13927504.6280	1562	15.7382
ERR13927504.6281	1564	18.6566
ERR13927504.6282	1545	17.8570
ERR13927504.6283	1531	18.2665
ERR13927504.6284	1732	16.6894
ERR13927504.6285	1528	17.3063
ERR13927504.6286	1525	16.3744
ERR13927504.6287	1605	17.5738
ERR13927504.6288	1577	19.4458
ERR13927504.6289	1602	18.5518
ERR13927504.6290	1563	16.0736
ERR13927504.6291	1528	16.6610
ERR13927504.6292	1598	19.0213
ERR13927504.6293	1564	16.7941
ERR13927504.6294	1543	16.3065
ERR13927504.6295	1543	19.4958
ERR13927504.6296	1545	17.0362
ERR13927504.6297	1558	16.3023
ERR13927504.6298	1064	16.1908
ERR13927504.6299	1526	15.2516
ERR13927504.6300	1554	17.8932
ERR13927504.6301	1528	17.7003
ERR13927504.6302	1552	16.9948
ERR13927504.6303	1553	17.0019
ERR13927504.6304	1557	17.8979
ERR13927504.6305	1549	16.1078
ERR13927504.6306	1556	16.6812
ERR13927504.6307	1534	17.0306
ERR13927504.6308	1554	18.3848
ERR13927504.6309	1455	13.9196
ERR13927504.6310	1553	17.3928
ERR13927504.6311	1581	18.3422
ERR13927504.6312	1587	21.4524
ERR13927504.6313	1589	16.4764
ERR13927504.6314	1588	18.7110
ERR13927504.6315	1562	18.2465
ERR13927504.6316	1538	17.7003
ERR13927504.6317	1601	16.7726
ERR13927504.6318	1535	19.9251
ERR13927504.6319	1562	17.3854
ERR13927504.6320	1567	17.5954
ERR13927504.6321	1559	17.9237
ERR13927504.6322	1593	18.4369
ERR13927504.6323	1525	17.1410
ERR13927504.6324	1482	15.8070
ERR13927504.6325	226	16.3009
ERR13927504.6326	1257	18.0103
ERR13927504.6327	1486	16.9610
ERR13927504.6328	1227	16.2192
ERR13927504.6329	1562	15.4065
ERR13927504.6330	1597	17.0626
ERR13927504.6331	1586	18.9571
ERR13927504.6332	1565	19.2594
ERR13927504.6333	1595	14.1298
ERR13927504.6334	1531	17.8328
ERR13927504.6335	1588	18.5441
ERR13927504.6336	1586	19.2585
ERR13927504.6337	1558	19.6791
ERR13927504.6338	1642	18.4428
ERR13927504.6339	1547	15.8339
ERR13927504.6340	1574	15.6601
ERR13927504.6341	1613	20.1742
ERR13927504.6342	1584	20.0827
ERR13927504.6343	1538	13.9434
ERR13927504.6344	1533	15.4207
ERR13927504.6345	1573	15.6395
ERR13927504.6346	1602	17.6423
ERR13927504.6347	1572	17.6266
ERR13927504.6348	1583	20.3443
ERR13927504.6349	1599	19.6285
ERR13927504.6350	1536	17.1921
ERR13927504.6351	1099	14.9345
ERR13927504.6352	1559	16.5439
ERR13927504.6353	1590	20.3390
ERR13927504.6354	1579	20.1020
ERR13927504.6355	1117	16.1325
ERR13927504.6356	1570	15.4274
ERR13927504.6357	1522	14.9816
ERR13927504.6358	1481	21.4916
ERR13927504.6359	1566	16.3289
ERR13927504.6360	1570	16.9446
ERR13927504.6361	1590	19.2767
ERR13927504.6362	1540	15.0299
ERR13927504.6363	1555	15.7929
ERR13927504.6364	1548	17.4251
ERR13927504.6365	1546	18.2962
ERR13927504.6366	1546	16.7322
ERR13927504.6367	1519	16.1876
ERR13927504.6368	1555	19.0656
ERR13927504.6369	1237	17.2959
ERR13927504.6370	1576	18.2100
ERR13927504.6371	1579	17.1406
ERR13927504.6372	1469	15.5296
ERR13927504.6373	1600	19.9075
ERR13927504.6374	1605	19.8685
ERR13927504.6375	1556	17.9602
ERR13927504.6376	1267	17.6456
ERR13927504.6377	1565	16.2728
ERR13927504.6378	1572	17.1635
ERR13927504.6379	1549	16.6017
ERR13927504.6380	1589	16.4361
ERR13927504.6381	1554	14.9318
ERR13927504.6382	1570	18.4643
ERR13927504.6383	1590	17.9170
ERR13927504.6384	773	14.9780
ERR13927504.6385	1614	18.0750
ERR13927504.6386	1549	16.5733
ERR13927504.6387	1578	16.6965
ERR13927504.6388	1553	15.6104
ERR13927504.6389	1540	15.8552
ERR13927504.6390	1580	19.7038
ERR13927504.6391	1531	16.9928
ERR13927504.6392	1595	16.1918
ERR13927504.6393	1477	17.5586
ERR13927504.6394	1602	18.2066
ERR13927504.6395	1590	19.1233
ERR13927504.6396	1554	20.4228
ERR13927504.6397	1569	19.3582
ERR13927504.6398	1559	16.3752
ERR13927504.6399	1499	17.2088
ERR13927504.6400	1544	15.0006
ERR13927504.6401	1563	20.5259
ERR13927504.6402	1547	16.4564
ERR13927504.6403	1288	17.7593
ERR13927504.6404	1576	16.2272
ERR13927504.6405	1562	15.5935
ERR13927504.6406	1507	17.2090
ERR13927504.6407	1344	18.3653
ERR13927504.6408	1592	16.6332
ERR13927504.6409	1580	18.9070
ERR13927504.6410	1543	15.4738
ERR13927504.6411	1522	15.2352
ERR13927504.6412	1544	16.9087
ERR13927504.6413	1588	19.3199
ERR13927504.6414	1569	16.0389
ERR13927504.6415	1559	18.0026
ERR13927504.6416	1570	16.9994
ERR13927504.6417	1539	18.2190
ERR13927504.6418	1549	15.7663
ERR13927504.6419	1564	17.0710
ERR13927504.6420	1525	20.8669
ERR13927504.6421	1587	18.7587
ERR13927504.6422	1535	17.4964
ERR13927504.6423	1570	18.6096
ERR13927504.6424	1580	19.4886
ERR13927504.6425	1524	16.7638
ERR13927504.6426	1549	17.9496
ERR13927504.6427	1484	14.7163
ERR13927504.6428	1578	20.2104
ERR13927504.6429	1612	15.7878
ERR13927504.6430	1529	16.9065
ERR13927504.6431	1498	16.5607
ERR13927504.6432	1558	15.6130
ERR13927504.6433	1597	17.1709
ERR13927504.6434	1560	16.4019
ERR13927504.6435	1565	18.0307
ERR13927504.6436	1581	16.6705
ERR13927504.6437	1542	16.1777
ERR13927504.6438	1550	18.4897
ERR13927504.6439	1554	19.9955
ERR13927504.6440	837	17.8208
ERR13927504.6441	1518	17.8412
ERR13927504.6442	1556	17.4717
ERR13927504.6443	1554	16.1165
ERR13927504.6444	1573	18.4266
ERR13927504.6445	1513	19.6120
ERR13927504.6446	1568	18.2309
ERR13927504.6447	1549	17.6488
ERR13927504.6448	1590	18.0843
ERR13927504.6449	1568	16.9158
ERR13927504.6450	1492	15.4323
ERR13927504.6451	1198	19.7796
ERR13927504.6452	1568	15.9726
ERR13927504.6453	1575	17.3473
ERR13927504.6454	1519	15.2271
ERR13927504.6455	1539	19.7070
ERR13927504.6456	1554	16.2645
ERR13927504.6457	1535	14.9590
ERR13927504.6458	1603	15.7480
ERR13927504.6459	1559	16.3714
ERR13927504.6460	1567	19.9821
ERR13927504.6461	1347	16.6407
ERR13927504.6462	1541	18.3413
ERR13927504.6463	3106	16.0834
ERR13927504.6464	1552	18.0812
ERR13927504.6465	1567	15.2049
ERR13927504.6466	1481	14.8643
ERR13927504.6467	1532	18.1403
ERR13927504.6468	1535	15.9609
ERR13927504.6469	1562	18.3111
ERR13927504.6470	1523	17.6579
ERR13927504.6471	1534	18.9987
ERR13927504.6472	1505	17.2266
ERR13927504.6473	1579	19.9614
ERR13927504.6474	1536	15.6393
ERR13927504.6475	1563	17.7575
ERR13927504.6476	1579	20.3363
ERR13927504.6477	1545	16.3812
ERR13927504.6478	1562	18.3848
ERR13927504.6479	1569	16.3703
ERR13927504.6480	1300	18.5885
ERR13927504.6481	1577	17.1921
ERR13927504.6482	1541	16.7281
ERR13927504.6483	641	16.6147
ERR13927504.6484	1577	18.1630
ERR13927504.6485	1542	16.8534
ERR13927504.6486	1585	16.4360
ERR13927504.6487	1570	18.8522
ERR13927504.6488	1536	17.4993
ERR13927504.6489	1518	17.3676
ERR13927504.6490	1584	15.9665
ERR13927504.6491	1577	19.2074
ERR13927504.6492	1564	18.0825
ERR13927504.6493	1386	15.7482
ERR13927504.6494	1533	17.1337
ERR13927504.6495	1503	14.9607
ERR13927504.6496	1545	15.0065
ERR13927504.6497	1521	16.9961
ERR13927504.6498	1553	15.2453
ERR13927504.6499	1576	18.4968
ERR13927504.6500	1553	19.2099
ERR13927504.6501	1523	15.4636
ERR13927504.6502	1562	19.1633
ERR13927504.6503	1556	17.4184
ERR13927504.6504	1519	19.7235
ERR13927504.6505	1560	17.0038
ERR13927504.6506	1569	17.1867
ERR13927504.6507	1521	19.2728
ERR13927504.6508	1543	16.3227
ERR13927504.6509	1559	16.6286
ERR13927504.6510	1577	17.6411
ERR13927504.6511	1590	17.0654
ERR13927504.6512	1560	18.1609
ERR13927504.6513	1587	17.0769
ERR13927504.6514	1540	15.8701
ERR13927504.6515	1527	17.9129
ERR13927504.6516	1535	18.5837
ERR13927504.6517	1568	17.4011
ERR13927504.6518	1537	16.6779
ERR13927504.6519	1560	16.4654
ERR13927504.6520	1514	15.6433
ERR13927504.6521	1559	16.1238
ERR13927504.6522	1568	14.7022
ERR13927504.6523	1522	16.0473
ERR13927504.6524	1584	20.1420
ERR13927504.6525	1542	18.6083
ERR13927504.6526	1574	19.4714
ERR13927504.6527	1605	17.2224
ERR13927504.6528	1543	18.1879
ERR13927504.6529	1179	17.7964
ERR13927504.6530	1530	15.4810
ERR13927504.6531	1498	16.3111
ERR13927504.6532	1574	17.4587
ERR13927504.6533	1562	16.6658
ERR13927504.6534	1562	18.9123
ERR13927504.6535	1559	16.7300
ERR13927504.6536	1566	18.9387
ERR13927504.6537	1575	17.8927
ERR13927504.6538	1501	15.9820
ERR13927504.6539	1545	16.4913
ERR13927504.6540	1586	17.2951
ERR13927504.6541	1568	16.9082
ERR13927504.6542	1535	17.0788
ERR13927504.6543	1580	17.5956
ERR13927504.6544	1536	14.8034
ERR13927504.6545	1576	15.7018
ERR13927504.6546	1539	16.1761
ERR13927504.6547	1569	17.0453
ERR13927504.6548	1555	19.2701
ERR13927504.6549	1578	18.5101
ERR13927504.6550	1599	18.8386
ERR13927504.6551	1550	17.8826
ERR13927504.6552	728	17.2843
ERR13927504.6553	1552	18.3344
ERR13927504.6554	1558	18.1040
ERR13927504.6555	1562	18.2567
ERR13927504.6556	1579	17.3857
ERR13927504.6557	1543	18.4206
ERR13927504.6558	1557	16.2993
ERR13927504.6559	982	19.8534
ERR13927504.6560	1586	17.8178
ERR13927504.6561	1568	16.0536
ERR13927504.6562	1591	18.9478
ERR13927504.6563	1570	15.2389
ERR13927504.6564	1535	18.3837
ERR13927504.6565	1564	15.1586
ERR13927504.6566	1428	16.5189
ERR13927504.6567	1521	15.9244
ERR13927504.6568	1558	18.5475
ERR13927504.6569	1588	17.9301
ERR13927504.6570	1551	19.1244
ERR13927504.6571	1555	16.7743
ERR13927504.6572	1551	15.9587
ERR13927504.6573	1595	16.7398
ERR13927504.6574	1521	15.4845
ERR13927504.6575	1526	16.6743
ERR13927504.6576	1557	16.7315
ERR13927504.6577	1487	15.1614
ERR13927504.6578	1562	18.2855
ERR13927504.6579	1557	18.3776
ERR13927504.6580	1575	16.4838
ERR13927504.6581	1580	17.2285
ERR13927504.6582	1063	14.9483
ERR13927504.6583	1586	16.3897
ERR13927504.6584	1568	16.8935
ERR13927504.6585	1564	16.3529
ERR13927504.6586	1541	15.9799
ERR13927504.6587	1542	18.5441
ERR13927504.6588	3089	17.0783
ERR13927504.6589	1506	16.1780
ERR13927504.6590	1575	17.5143
ERR13927504.6591	1564	16.1458
ERR13927504.6592	1556	16.2860
ERR13927504.6593	958	15.9551
ERR13927504.6594	1583	17.3380
ERR13927504.6595	1553	16.8178
ERR13927504.6596	1532	16.4693
ERR13927504.6597	1577	18.2029
ERR13927504.6598	1573	16.9949
ERR13927504.6599	1538	15.8446
ERR13927504.6600	1571	15.3227
ERR13927504.6601	1547	15.3213
ERR13927504.6602	1537	15.9219
ERR13927504.6603	1536	15.5801
ERR13927504.6604	1550	17.6974
ERR13927504.6605	1593	15.6328
ERR13927504.6606	1563	17.8189
ERR13927504.6607	1568	16.8393
ERR13927504.6608	1576	17.6758
ERR13927504.6609	1543	16.8613
ERR13927504.6610	1542	15.8606
ERR13927504.6611	1580	15.9070
ERR13927504.6612	1561	16.7963
ERR13927504.6613	1558	16.5295
ERR13927504.6614	1545	16.0699
ERR13927504.6615	1584	17.0025
ERR13927504.6616	1539	16.7505
ERR13927504.6617	1550	17.5903
ERR13927504.6618	1576	17.4442
ERR13927504.6619	1557	18.5331
ERR13927504.6620	1541	16.2615
ERR13927504.6621	1549	19.4028
ERR13927504.6622	1578	16.2909
ERR13927504.6623	1580	17.6361
ERR13927504.6624	1569	17.8611
ERR13927504.6625	1554	16.5335
ERR13927504.6626	1581	17.2087
ERR13927504.6627	1567	19.2731
ERR13927504.6628	1503	17.9202
ERR13927504.6629	1522	15.7595
ERR13927504.6630	1583	18.3885
ERR13927504.6631	1562	17.9398
ERR13927504.6632	1543	18.1575
ERR13927504.6633	1554	17.9414
ERR13927504.6634	1535	18.3707
ERR13927504.6635	1529	17.0392
ERR13927504.6636	1564	17.5211
ERR13927504.6637	1474	16.0841
ERR13927504.6638	1565	20.3463
ERR13927504.6639	1463	15.3848
ERR13927504.6640	1605	17.7140
ERR13927504.6641	1527	15.2194
ERR13927504.6642	1587	17.1676
ERR13927504.6643	1603	16.1098
ERR13927504.6644	1502	17.0439
ERR13927504.6645	1545	15.8744
ERR13927504.6646	1597	17.0733
ERR13927504.6647	1558	16.8427
ERR13927504.6648	1547	17.7576
ERR13927504.6649	1572	18.8015
ERR13927504.6650	1521	16.0000
ERR13927504.6651	1545	16.9016
ERR13927504.6652	1561	16.4920
ERR13927504.6653	1602	17.2672
ERR13927504.6654	1570	15.0363
ERR13927504.6655	1465	15.5577
ERR13927504.6656	1528	18.7755
ERR13927504.6657	1514	17.6770
ERR13927504.6658	1544	17.5155
ERR13927504.6659	1533	17.3346
ERR13927504.6660	1549	18.4028
ERR13927504.6661	1562	16.2990
ERR13927504.6662	1558	15.5006
ERR13927504.6663	1542	17.4494
ERR13927504.6664	1512	15.7877
ERR13927504.6665	1432	16.5349
ERR13927504.6666	1541	15.8812
ERR13927504.6667	1552	16.0232
ERR13927504.6668	1564	17.4981
ERR13927504.6669	1569	17.3907
ERR13927504.6670	1541	15.6742
ERR13927504.6671	1533	15.8056
ERR13927504.6672	1528	16.5353
ERR13927504.6673	1587	19.1336
ERR13927504.6674	1551	17.3101
ERR13927504.6675	1588	15.4950
ERR13927504.6676	1558	16.0449
ERR13927504.6677	1717	17.9942
ERR13927504.6678	1515	15.1683
ERR13927504.6679	1567	17.1398
ERR13927504.6680	1576	17.6688
ERR13927504.6681	1579	16.9291
ERR13927504.6682	1587	19.4631
ERR13927504.6683	1584	18.1174
ERR13927504.6684	1507	15.0743
ERR13927504.6685	1339	19.7603
ERR13927504.6686	1585	16.2927
ERR13927504.6687	1578	18.4423
ERR13927504.6688	1563	20.2956
ERR13927504.6689	1719	19.7993
ERR13927504.6690	1556	19.2057
ERR13927504.6691	1558	17.7323
ERR13927504.6692	1560	17.0615
ERR13927504.6693	754	17.5199
ERR13927504.6694	1558	17.5584
ERR13927504.6695	1532	18.2134
ERR13927504.6696	1547	17.9431
ERR13927504.6697	841	17.8942
ERR13927504.6698	1570	18.1287
ERR13927504.6699	1518	14.5487
ERR13927504.6700	1521	15.6917
ERR13927504.6701	1523	18.5351
ERR13927504.6702	1582	18.9210
ERR13927504.6703	1597	16.5942
ERR13927504.6704	1567	20.1678
ERR13927504.6705	1552	16.3982
ERR13927504.6706	1564	16.6803
ERR13927504.6707	1572	17.1660
ERR13927504.6708	1552	18.3731
ERR13927504.6709	1541	16.5042
ERR13927504.6710	1551	17.1412
ERR13927504.6711	1554	17.5251
ERR13927504.6712	1535	16.3016
ERR13927504.6713	1590	17.2730
ERR13927504.6714	1576	16.6555
ERR13927504.6715	1560	18.9712
ERR13927504.6716	1538	17.8134
ERR13927504.6717	1506	17.3997
ERR13927504.6718	1612	14.7748
ERR13927504.6719	1578	17.2890
ERR13927504.6720	1549	16.9968
ERR13927504.6721	1582	15.5398
ERR13927504.6722	1546	15.5550
ERR13927504.6723	1535	17.3687
ERR13927504.6724	1588	17.6461
ERR13927504.6725	1569	17.0746
ERR13927504.6726	1491	17.2535
ERR13927504.6727	1546	17.5582
ERR13927504.6728	1567	18.6924
ERR13927504.6729	1558	18.0006
ERR13927504.6730	1538	15.5787
ERR13927504.6731	1521	17.3241
ERR13927504.6732	1550	17.4194
ERR13927504.6733	1558	16.4005
ERR13927504.6734	1560	16.8109
ERR13927504.6735	1508	16.5471
ERR13927504.6736	1601	21.3454
ERR13927504.6737	1555	17.3280
ERR13927504.6738	1526	15.5256
ERR13927504.6739	1588	19.1675
ERR13927504.6740	1034	14.6277
ERR13927504.6741	1538	16.3414
ERR13927504.6742	1550	19.8181
ERR13927504.6743	1563	15.8106
ERR13927504.6744	1501	18.4557
ERR13927504.6745	1546	16.0252
ERR13927504.6746	1566	18.7299
ERR13927504.6747	1544	16.2358
ERR13927504.6748	1531	16.5402
ERR13927504.6749	1530	15.9739
ERR13927504.6750	1517	16.9802
ERR13927504.6751	1558	18.8697
ERR13927504.6752	1601	18.7614
ERR13927504.6753	1563	18.0243
ERR13927504.6754	1552	14.7758
ERR13927504.6755	1547	16.6606
ERR13927504.6756	1547	17.9858
ERR13927504.6757	1540	15.6143
ERR13927504.6758	1554	16.7349
ERR13927504.6759	1556	15.3297
ERR13927504.6760	1570	18.2274
ERR13927504.6761	1558	15.9987
ERR13927504.6762	1551	16.2605
ERR13927504.6763	1573	19.4183
ERR13927504.6764	1537	17.5368
ERR13927504.6765	1570	14.5427
ERR13927504.6766	1566	16.1660
ERR13927504.6767	1586	18.0826
ERR13927504.6768	1555	17.8669
ERR13927504.6769	1588	21.3696
ERR13927504.6770	1524	17.0860
ERR13927504.6771	1596	18.4699
ERR13927504.6772	1601	16.7933
ERR13927504.6773	1572	16.2405
ERR13927504.6774	1580	19.3734
ERR13927504.6775	1567	18.8309
ERR13927504.6776	1548	15.4910
ERR13927504.6777	1546	16.9541
ERR13927504.6778	1517	17.9862
ERR13927504.6779	1556	19.1677
ERR13927504.6780	1390	15.7252
ERR13927504.6781	1560	16.2301
ERR13927504.6782	1514	18.6598
ERR13927504.6783	1126	16.5320
ERR13927504.6784	1508	18.2454
ERR13927504.6785	1564	17.5013
ERR13927504.6786	1443	19.5080
ERR13927504.6787	1538	17.5306
ERR13927504.6788	1558	17.0032
ERR13927504.6789	1551	16.9400
ERR13927504.6790	1465	16.9072
ERR13927504.6791	1564	16.0691
ERR13927504.6792	1546	15.0783
ERR13927504.6793	1603	17.2115
ERR13927504.6794	1536	19.6217
ERR13927504.6795	1559	21.0911
ERR13927504.6796	1544	18.1457
ERR13927504.6797	1445	17.3502
ERR13927504.6798	1544	16.0266
ERR13927504.6799	1579	16.8556
ERR13927504.6800	1565	19.0288
ERR13927504.6801	1574	19.2141
ERR13927504.6802	1559	17.2008
ERR13927504.6803	1507	14.7412
ERR13927504.6804	1381	20.2824
ERR13927504.6805	1558	16.2343
ERR13927504.6806	1542	17.1757
ERR13927504.6807	1594	20.3821
ERR13927504.6808	1254	17.2735
ERR13927504.6809	1569	16.1160
ERR13927504.6810	1574	18.8348
ERR13927504.6811	1565	18.3681
ERR13927504.6812	1541	16.2070
ERR13927504.6813	1614	16.7398
ERR13927504.6814	1533	16.1755
ERR13927504.6815	1463	16.9604
ERR13927504.6816	1583	15.4795
ERR13927504.6817	1587	14.9616
ERR13927504.6818	1583	15.9615
ERR13927504.6819	1544	17.1917
ERR13927504.6820	1560	16.7962
ERR13927504.6821	1570	17.4000
ERR13927504.6822	1535	17.6326
ERR13927504.6823	1480	16.3216
ERR13927504.6824	1538	15.9961
ERR13927504.6825	1562	16.1204
ERR13927504.6826	1578	18.4487
ERR13927504.6827	1533	17.3966
ERR13927504.6828	1565	17.4607
ERR13927504.6829	1528	18.0281
ERR13927504.6830	1571	19.2992
ERR13927504.6831	1553	16.9221
ERR13927504.6832	1551	16.2044
ERR13927504.6833	1379	15.8057
ERR13927504.6834	1546	16.6630
ERR13927504.6835	1548	17.3973
ERR13927504.6836	1532	16.4471
ERR13927504.6837	1567	18.2572
ERR13927504.6838	1564	15.9815
ERR13927504.6839	1551	18.6344
ERR13927504.6840	1531	16.1750
ERR13927504.6841	1575	16.4127
ERR13927504.6842	1585	20.1451
ERR13927504.6843	1575	17.2921
ERR13927504.6844	1547	17.0317
ERR13927504.6845	1563	15.1484
ERR13927504.6846	1544	15.7999
ERR13927504.6847	1583	19.1592
ERR13927504.6848	1563	15.9687
ERR13927504.6849	1573	18.1265
ERR13927504.6850	1551	19.3133
ERR13927504.6851	1551	16.5532
ERR13927504.6852	1565	17.8722
ERR13927504.6853	1550	17.5161
ERR13927504.6854	1548	18.3521
ERR13927504.6855	209	17.4258
ERR13927504.6856	1583	16.0524
ERR13927504.6857	1572	21.7214
ERR13927504.6858	1558	18.4076
ERR13927504.6859	1566	19.2535
ERR13927504.6860	1558	19.9467
ERR13927504.6861	1533	15.2061
ERR13927504.6862	1584	15.6900
ERR13927504.6863	1553	17.7836
ERR13927504.6864	1225	17.3984
ERR13927504.6865	1579	18.3553
ERR13927504.6866	1538	16.4480
ERR13927504.6867	1395	15.1276
ERR13927504.6868	1583	17.5553
ERR13927504.6869	1555	19.5923
ERR13927504.6870	1510	14.5940
ERR13927504.6871	1544	16.4560
ERR13927504.6872	1559	19.4253
ERR13927504.6873	1591	19.2093
ERR13927504.6874	1538	17.2425
ERR13927504.6875	1551	17.2979
ERR13927504.6876	1543	17.6559
ERR13927504.6877	1558	16.0526
ERR13927504.6878	1556	16.6330
ERR13927504.6879	1579	19.2799
ERR13927504.6880	1587	16.8494
ERR13927504.6881	1546	15.7865
ERR13927504.6882	1142	14.2566
ERR13927504.6883	1546	15.2775
ERR13927504.6884	1558	17.1361
ERR13927504.6885	1517	17.6341
ERR13927504.6886	1571	16.3259
ERR13927504.6887	1575	17.7797
ERR13927504.6888	1558	16.7895
ERR13927504.6889	1586	19.5757
ERR13927504.6890	1546	15.1630
ERR13927504.6891	1355	16.1993
ERR13927504.6892	1538	16.3322
ERR13927504.6893	1550	17.5484
ERR13927504.6894	1541	16.7274
ERR13927504.6895	1590	16.7579
ERR13927504.6896	1531	19.7629
ERR13927504.6897	812	14.7106
ERR13927504.6898	1581	15.6325
ERR13927504.6899	1569	17.8980
ERR13927504.6900	1492	17.4899
ERR13927504.6901	1558	16.4429
ERR13927504.6902	1576	18.1117
ERR13927504.6903	1551	17.1979
ERR13927504.6904	1547	16.9806
ERR13927504.6905	1517	15.6671
ERR13927504.6906	1582	16.6429
ERR13927504.6907	1552	15.7693
ERR13927504.6908	1526	16.4764
ERR13927504.6909	1567	19.0593
ERR13927504.6910	1587	19.2697
ERR13927504.6911	1572	15.8219
ERR13927504.6912	1554	16.9003
ERR13927504.6913	1535	19.2912
ERR13927504.6914	1560	17.7609
ERR13927504.6915	1560	17.9596
ERR13927504.6916	1582	17.4178
ERR13927504.6917	1538	15.3394
ERR13927504.6918	1571	14.6964
ERR13927504.6919	1570	18.7656
ERR13927504.6920	1565	15.5681
ERR13927504.6921	1578	18.1198
ERR13927504.6922	1558	17.6643
ERR13927504.6923	1579	19.0298
ERR13927504.6924	1553	20.5023
ERR13927504.6925	1563	16.3602
ERR13927504.6926	1563	16.4063
ERR13927504.6927	1583	15.5856
ERR13927504.6928	1539	16.0247
ERR13927504.6929	1586	19.5479
ERR13927504.6930	1545	18.8246
ERR13927504.6931	1571	18.5277
ERR13927504.6932	1564	17.1797
ERR13927504.6933	1585	18.4379
ERR13927504.6934	1569	18.3786
ERR13927504.6935	1562	14.2388
ERR13927504.6936	1504	16.1416
ERR13927504.6937	1602	19.9107
ERR13927504.6938	1541	16.3277
ERR13927504.6939	1552	14.4053
ERR13927504.6940	1556	17.2500
ERR13927504.6941	1562	17.7881
ERR13927504.6942	1585	19.1981
ERR13927504.6943	1182	18.1633
ERR13927504.6944	1395	15.3964
ERR13927504.6945	1559	16.4047
ERR13927504.6946	1581	16.0829
ERR13927504.6947	1543	17.6753
ERR13927504.6948	1588	17.9673
ERR13927504.6949	1608	19.5012
ERR13927504.6950	1556	18.6626
ERR13927504.6951	1545	16.5832
ERR13927504.6952	1558	15.3601
ERR13927504.6953	1310	16.5481
ERR13927504.6954	1472	14.8886
ERR13927504.6955	1567	16.4461
ERR13927504.6956	1595	16.3975
ERR13927504.6957	1550	17.7374
ERR13927504.6958	1562	14.7401
ERR13927504.6959	1571	15.9077
ERR13927504.6960	1573	16.6287
ERR13927504.6961	1593	15.6372
ERR13927504.6962	1573	18.7966
ERR13927504.6963	1568	16.0281
ERR13927504.6964	1564	18.0256
ERR13927504.6965	1547	18.3659
ERR13927504.6966	1588	18.7689
ERR13927504.6967	1597	19.3838
ERR13927504.6968	1558	17.2696
ERR13927504.6969	1463	14.1388
ERR13927504.6970	1222	17.4345
ERR13927504.6971	1550	16.1865
ERR13927504.6972	1603	19.7536
ERR13927504.6973	1549	16.8037
ERR13927504.6974	1538	17.7809
ERR13927504.6975	1534	16.9707
ERR13927504.6976	1569	15.8878
ERR13927504.6977	1496	17.7086
ERR13927504.6978	1509	15.9788
ERR13927504.6979	1544	18.8536
ERR13927504.6980	1547	16.7453
ERR13927504.6981	1546	19.7891
ERR13927504.6982	1598	17.4299
ERR13927504.6983	1528	15.7134
ERR13927504.6984	1529	16.5337
ERR13927504.6985	1575	18.3454
ERR13927504.6986	1524	16.9856
ERR13927504.6987	1575	15.6508
ERR13927504.6988	1554	18.5425
ERR13927504.6989	1573	17.5353
ERR13927504.6990	1572	19.5375
ERR13927504.6991	1617	21.0618
ERR13927504.6992	1542	20.0006
ERR13927504.6993	1577	16.3627
ERR13927504.6994	1564	17.9322
ERR13927504.6995	1579	19.1235
ERR13927504.6996	1569	17.1434
ERR13927504.6997	1536	18.8548
ERR13927504.6998	1529	15.4408
ERR13927504.6999	1557	18.5459
ERR13927504.7000	1562	15.3284
ERR13927504.7001	1518	16.4065
ERR13927504.7002	1495	15.7298
ERR13927504.7003	1631	14.5917
ERR13927504.7004	1557	16.9133
ERR13927504.7005	1507	14.4950
ERR13927504.7006	1575	18.2032
ERR13927504.7007	1536	17.4460
ERR13927504.7008	1542	19.8016
ERR13927504.7009	1552	14.7300
ERR13927504.7010	1579	20.5814
ERR13927504.7011	985	17.5279
ERR13927504.7012	1533	16.4553
ERR13927504.7013	1561	19.2409
ERR13927504.7014	1550	17.8090
ERR13927504.7015	1568	15.6237
ERR13927504.7016	1518	15.3933
ERR13927504.7017	1554	17.8314
ERR13927504.7018	1528	17.6355
ERR13927504.7019	1573	15.1977
ERR13927504.7020	1563	19.2399
ERR13927504.7021	1537	17.0156
ERR13927504.7022	1641	18.1664
ERR13927504.7023	464	14.5431
ERR13927504.7024	1542	16.4831
ERR13927504.7025	1571	14.8816
ERR13927504.7026	1337	19.3328
ERR13927504.7027	1561	18.2691
ERR13927504.7028	1506	15.1268
ERR13927504.7029	1524	15.4003
ERR13927504.7030	959	16.9458
ERR13927504.7031	1558	16.8935
ERR13927504.7032	1525	16.0026
ERR13927504.7033	1593	16.7602
ERR13927504.7034	1523	17.1366
ERR13927504.7035	1579	20.7726
ERR13927504.7036	1596	17.6184
ERR13927504.7037	1528	17.2291
ERR13927504.7038	1547	15.6852
ERR13927504.7039	1574	17.4111
ERR13927504.7040	1214	18.3880
ERR13927504.7041	1510	14.6411
ERR13927504.7042	1565	17.5936
ERR13927504.7043	1566	17.4502
ERR13927504.7044	1552	18.2236
ERR13927504.7045	1540	16.9045
ERR13927504.7046	1540	19.0825
ERR13927504.7047	1578	16.0716
ERR13927504.7048	1537	16.2524
ERR13927504.7049	1520	14.3184
ERR13927504.7050	1579	16.6992
ERR13927504.7051	1583	21.0644
ERR13927504.7052	1538	16.6287
ERR13927504.7053	1546	16.6721
ERR13927504.7054	1586	19.7333
ERR13927504.7055	1535	16.7205
ERR13927504.7056	1598	16.1008
ERR13927504.7057	1581	17.1189
ERR13927504.7058	1577	21.4046
ERR13927504.7059	1519	16.1955
ERR13927504.7060	1561	16.1947
ERR13927504.7061	1601	17.8307
ERR13927504.7062	1526	17.9338
ERR13927504.7063	1566	17.5185
ERR13927504.7064	1571	18.9071
ERR13927504.7065	1574	18.1194
ERR13927504.7066	1548	15.3417
ERR13927504.7067	1543	16.0804
ERR13927504.7068	1528	15.8017
ERR13927504.7069	1554	18.0315
ERR13927504.7070	1462	15.6614
ERR13927504.7071	1565	18.5687
ERR13927504.7072	1520	17.1263
ERR13927504.7073	1611	18.1595
ERR13927504.7074	1601	18.7695
ERR13927504.7075	1574	18.3983
ERR13927504.7076	1590	18.1704
ERR13927504.7077	1583	18.6412
ERR13927504.7078	1531	15.7008
ERR13927504.7079	1588	19.7538
ERR13927504.7080	1545	15.4110
ERR13927504.7081	1515	16.2119
ERR13927504.7082	1563	17.9066
ERR13927504.7083	1591	17.8441
ERR13927504.7084	1571	17.9039
ERR13927504.7085	1342	14.5775
ERR13927504.7086	1567	16.0734
ERR13927504.7087	1552	15.7461
ERR13927504.7088	1540	19.6032
ERR13927504.7089	1551	17.1805
ERR13927504.7090	1587	20.3554
ERR13927504.7091	1551	19.5964
ERR13927504.7092	1521	18.6995
ERR13927504.7093	1597	20.9856
ERR13927504.7094	1301	20.1645
ERR13927504.7095	1518	15.0415
ERR13927504.7096	1184	15.4493
ERR13927504.7097	1259	16.8896
ERR13927504.7098	730	14.2247
ERR13927504.7099	1547	18.7666
ERR13927504.7100	1547	20.9373
ERR13927504.7101	1367	19.2238
ERR13927504.7102	1596	20.0576
ERR13927504.7103	1566	16.2529
ERR13927504.7104	1592	18.6426
ERR13927504.7105	1584	17.8188
ERR13927504.7106	1566	15.6903
ERR13927504.7107	1649	16.3663
ERR13927504.7108	1565	19.6166
ERR13927504.7109	1578	19.1248
ERR13927504.7110	1537	16.8803
ERR13927504.7111	1566	18.6290
ERR13927504.7112	1541	18.8897
ERR13927504.7113	1577	16.7464
ERR13927504.7114	1530	19.2072
ERR13927504.7115	1576	16.3731
ERR13927504.7116	1568	17.4828
ERR13927504.7117	1557	15.4952
ERR13927504.7118	1583	16.2798
ERR13927504.7119	1564	20.3977
ERR13927504.7120	1568	17.7570
ERR13927504.7121	1542	16.7361
ERR13927504.7122	1553	15.0425
ERR13927504.7123	1554	18.4440
ERR13927504.7124	1526	16.5872
ERR13927504.7125	1477	14.2031
ERR13927504.7126	1577	16.6062
ERR13927504.7127	1561	14.6919
ERR13927504.7128	1506	18.4323
ERR13927504.7129	1562	17.3259
ERR13927504.7130	1559	20.0860
ERR13927504.7131	1571	19.0452
ERR13927504.7132	1552	16.5554
ERR13927504.7133	1588	18.9603
ERR13927504.7134	1536	16.4629
ERR13927504.7135	2044	22.5641
ERR13927504.7136	1546	15.5343
ERR13927504.7137	1524	17.7080
ERR13927504.7138	1582	19.0847
ERR13927504.7139	1552	18.0451
ERR13927504.7140	1548	15.4238
ERR13927504.7141	1575	16.2305
ERR13927504.7142	941	15.3549
ERR13927504.7143	1583	14.7821
ERR13927504.7144	1566	16.7752
ERR13927504.7145	1012	15.9022
ERR13927504.7146	1576	17.4778
ERR13927504.7147	1521	18.0559
ERR13927504.7148	1523	17.2305
ERR13927504.7149	1573	17.6116
ERR13927504.7150	1469	15.9612
ERR13927504.7151	1139	15.4223
ERR13927504.7152	1563	16.1599
ERR13927504.7153	1588	21.2953
ERR13927504.7154	1585	17.7584
ERR13927504.7155	646	16.5913
ERR13927504.7156	1576	15.4562
ERR13927504.7157	1565	17.7067
ERR13927504.7158	1562	20.2810
ERR13927504.7159	1571	18.3558
ERR13927504.7160	1573	17.3694
ERR13927504.7161	1596	15.4411
ERR13927504.7162	1576	18.8471
ERR13927504.7163	1564	16.1893
ERR13927504.7164	1537	16.6649
ERR13927504.7165	1568	15.2321
ERR13927504.7166	1549	17.1646
ERR13927504.7167	1484	16.8464
ERR13927504.7168	1554	18.0322
ERR13927504.7169	1590	16.1969
ERR13927504.7170	1437	15.5922
ERR13927504.7171	1577	18.3164
ERR13927504.7172	1584	14.9501
ERR13927504.7173	1590	16.2566
ERR13927504.7174	1582	20.7965
ERR13927504.7175	1498	15.7089
ERR13927504.7176	1530	17.1634
ERR13927504.7177	1525	15.8466
ERR13927504.7178	1538	17.0728
ERR13927504.7179	1572	18.4924
ERR13927504.7180	1492	16.8586
ERR13927504.7181	1548	15.1835
ERR13927504.7182	1537	17.0781
ERR13927504.7183	1384	17.3316
ERR13927504.7184	1264	16.9636
ERR13927504.7185	1555	18.9447
ERR13927504.7186	1570	17.2478
ERR13927504.7187	723	15.2697
ERR13927504.7188	1452	16.2679
ERR13927504.7189	1539	15.4211
ERR13927504.7190	1528	15.0438
ERR13927504.7191	1558	20.5623
ERR13927504.7192	1602	18.5712
ERR13927504.7193	1178	17.8404
ERR13927504.7194	1572	18.8009
ERR13927504.7195	1561	18.6131
ERR13927504.7196	1551	19.5706
ERR13927504.7197	1566	16.7625
ERR13927504.7198	1555	16.5576
ERR13927504.7199	1570	14.7134
ERR13927504.7200	1569	21.8254
ERR13927504.7201	1566	18.1820
ERR13927504.7202	1553	16.8081
ERR13927504.7203	1567	18.0134
ERR13927504.7204	1495	18.6234
ERR13927504.7205	1519	16.9085
ERR13927504.7206	1605	19.1134
ERR13927504.7207	1507	15.2522
ERR13927504.7208	1550	17.6594
ERR13927504.7209	1580	18.7924
ERR13927504.7210	1516	15.2243
ERR13927504.7211	1560	16.8083
ERR13927504.7212	1567	15.5520
ERR13927504.7213	1557	19.3019
ERR13927504.7214	1584	18.0025
ERR13927504.7215	1555	15.7717
ERR13927504.7216	1610	18.7292
ERR13927504.7217	1557	17.2203
ERR13927504.7218	1571	16.0153
ERR13927504.7219	1536	17.6230
ERR13927504.7220	1541	16.9585
ERR13927504.7221	1514	15.2847
ERR13927504.7222	1549	15.9613
ERR13927504.7223	1567	18.8992
ERR13927504.7224	1558	22.2054
ERR13927504.7225	1545	14.6168
ERR13927504.7226	1584	19.1597
ERR13927504.7227	1493	16.4548
ERR13927504.7228	1580	15.9829
ERR13927504.7229	1576	17.7195
ERR13927504.7230	1564	17.7551
ERR13927504.7231	1555	16.4617
ERR13927504.7232	1570	16.8459
ERR13927504.7233	1555	18.6251
ERR13927504.7234	1540	16.8240
ERR13927504.7235	1532	16.9432
ERR13927504.7236	1559	16.7915
ERR13927504.7237	1580	17.7873
ERR13927504.7238	1537	15.1952
ERR13927504.7239	1570	18.5643
ERR13927504.7240	1574	15.3132
ERR13927504.7241	1545	17.3430
ERR13927504.7242	1231	17.8757
ERR13927504.7243	1579	17.2964
ERR13927504.7244	1541	17.0357
ERR13927504.7245	1569	16.2103
ERR13927504.7246	1506	15.5637
ERR13927504.7247	1545	18.4000
ERR13927504.7248	1367	16.2875
ERR13927504.7249	1555	15.2006
ERR13927504.7250	1514	16.5575
ERR13927504.7251	1574	18.6652
ERR13927504.7252	1567	16.4084
ERR13927504.7253	1604	16.1128
ERR13927504.7254	1570	19.9796
ERR13927504.7255	1519	17.2699
ERR13927504.7256	1520	15.9184
ERR13927504.7257	1584	19.5821
ERR13927504.7258	1581	15.7982
ERR13927504.7259	1580	16.0095
ERR13927504.7260	1571	20.1560
ERR13927504.7261	1573	17.5556
ERR13927504.7262	1558	20.8838
ERR13927504.7263	1531	18.1137
ERR13927504.7264	1538	18.4135
ERR13927504.7265	973	18.1172
ERR13927504.7266	1531	15.3782
ERR13927504.7267	1553	15.3522
ERR13927504.7268	1556	18.7969
ERR13927504.7269	1554	15.8526
ERR13927504.7270	431	16.1671
ERR13927504.7271	1554	17.9923
ERR13927504.7272	1561	16.9545
ERR13927504.7273	1570	15.1580
ERR13927504.7274	1550	15.8394
ERR13927504.7275	1517	17.4621
ERR13927504.7276	3096	16.4525
ERR13927504.7277	1568	15.1607
ERR13927504.7278	1574	17.8609
ERR13927504.7279	1534	14.7751
ERR13927504.7280	1519	17.0869
ERR13927504.7281	1573	16.3910
ERR13927504.7282	1514	16.0528
ERR13927504.7283	1533	16.2609
ERR13927504.7284	1548	20.2448
ERR13927504.7285	1552	14.9414
ERR13927504.7286	1538	15.3283
ERR13927504.7287	1584	18.9994
ERR13927504.7288	1504	17.9934
ERR13927504.7289	1543	15.7304
ERR13927504.7290	1550	14.5677
ERR13927504.7291	1548	14.4858
ERR13927504.7292	1545	18.4065
ERR13927504.7293	1548	15.8921
ERR13927504.7294	1572	20.7831
ERR13927504.7295	1581	18.5497
ERR13927504.7296	1548	16.2694
ERR13927504.7297	1576	18.9480
ERR13927504.7298	1536	20.7344
ERR13927504.7299	1551	18.6235
ERR13927504.7300	1570	16.3752
ERR13927504.7301	1584	19.1528
ERR13927504.7302	1542	19.6427
ERR13927504.7303	1557	18.9949
ERR13927504.7304	1545	15.3068
ERR13927504.7305	1550	17.2910
ERR13927504.7306	1569	16.8445
ERR13927504.7307	1545	18.0000
ERR13927504.7308	1505	17.0684
ERR13927504.7309	1594	17.5596
ERR13927504.7310	1251	16.3461
ERR13927504.7311	1569	18.8133
ERR13927504.7312	1565	16.4089
ERR13927504.7313	1513	14.4594
ERR13927504.7314	1516	15.1055
ERR13927504.7315	1562	18.8169
ERR13927504.7316	1583	18.6140
ERR13927504.7317	1559	18.9705
ERR13927504.7318	1543	15.5930
ERR13927504.7319	1525	18.1974
ERR13927504.7320	1584	23.3359
ERR13927504.7321	1546	17.5039
ERR13927504.7322	1529	16.0170
ERR13927504.7323	1537	15.7801
ERR13927504.7324	1571	20.5856
ERR13927504.7325	1518	14.6759
ERR13927504.7326	1545	17.5877
ERR13927504.7327	1573	15.5594
ERR13927504.7328	1578	20.4144
ERR13927504.7329	1527	15.4840
ERR13927504.7330	878	15.7267
ERR13927504.7331	1575	18.1848
ERR13927504.7332	1582	18.7137
ERR13927504.7333	1586	16.6425
ERR13927504.7334	1345	18.0684
ERR13927504.7335	1611	18.9690
ERR13927504.7336	1557	17.8382
ERR13927504.7337	1566	20.2739
ERR13927504.7338	1590	18.3730
ERR13927504.7339	1558	15.5295
ERR13927504.7340	1554	17.0985
ERR13927504.7341	1007	20.9156
ERR13927504.7342	1500	16.6640
ERR13927504.7343	1525	15.6826
ERR13927504.7344	1564	16.2449
ERR13927504.7345	1568	15.8253
ERR13927504.7346	1580	18.8709
ERR13927504.7347	1594	17.3413
ERR13927504.7348	1540	15.1617
ERR13927504.7349	1163	16.7489
ERR13927504.7350	1455	17.6275
ERR13927504.7351	1585	17.1558
ERR13927504.7352	1562	15.0314
ERR13927504.7353	1025	18.5512
ERR13927504.7354	1560	16.4788
ERR13927504.7355	1578	19.1115
ERR13927504.7356	1556	18.2365
ERR13927504.7357	1543	15.8769
ERR13927504.7358	1541	15.9091
ERR13927504.7359	1574	18.3596
ERR13927504.7360	1568	15.9809
ERR13927504.7361	1549	15.9329
ERR13927504.7362	1561	17.9295
ERR13927504.7363	1576	21.0780
ERR13927504.7364	1581	18.9886
ERR13927504.7365	1559	16.8518
ERR13927504.7366	1502	18.4328
ERR13927504.7367	1567	16.4327
ERR13927504.7368	1573	18.0795
ERR13927504.7369	1525	16.7207
ERR13927504.7370	1571	15.1572
ERR13927504.7371	1552	20.3003
ERR13927504.7372	1564	16.8574
ERR13927504.7373	1497	15.9165
ERR13927504.7374	796	15.6369
ERR13927504.7375	1581	17.0727
ERR13927504.7376	1567	15.8073
ERR13927504.7377	1582	17.3875
ERR13927504.7378	1564	18.9322
ERR13927504.7379	1551	18.3772
ERR13927504.7380	1572	17.4128
ERR13927504.7381	1538	16.6606
ERR13927504.7382	1558	16.7593
ERR13927504.7383	1559	15.9269
ERR13927504.7384	1461	14.5195
ERR13927504.7385	1559	16.6427
ERR13927504.7386	1523	15.4445
ERR13927504.7387	1556	16.0437
ERR13927504.7388	1523	15.6402
ERR13927504.7389	1566	16.3410
ERR13927504.7390	1593	17.7533
ERR13927504.7391	1555	18.2772
ERR13927504.7392	1549	16.9154
ERR13927504.7393	1551	16.8330
ERR13927504.7394	1557	16.6615
ERR13927504.7395	1583	16.9678
ERR13927504.7396	1559	17.0327
ERR13927504.7397	1563	16.4658
ERR13927504.7398	1575	16.1968
ERR13927504.7399	1569	17.0682
ERR13927504.7400	1546	15.0310
ERR13927504.7401	1541	16.2498
ERR13927504.7402	1518	16.4960
ERR13927504.7403	1572	16.4396
ERR13927504.7404	1593	15.4369
ERR13927504.7405	1553	18.1307
ERR13927504.7406	1551	17.7363
ERR13927504.7407	1555	15.5061
ERR13927504.7408	1519	18.0388
ERR13927504.7409	1540	16.8299
ERR13927504.7410	1546	17.4586
ERR13927504.7411	1563	16.4978
ERR13927504.7412	1560	20.4481
ERR13927504.7413	373	13.2842
ERR13927504.7414	1582	18.0847
ERR13927504.7415	1523	15.3158
ERR13927504.7416	1542	15.6900
ERR13927504.7417	1538	16.8732
ERR13927504.7418	1580	17.3184
ERR13927504.7419	1568	17.6390
ERR13927504.7420	1571	16.5799
ERR13927504.7421	1566	15.3742
ERR13927504.7422	1567	18.5488
ERR13927504.7423	1541	18.1518
ERR13927504.7424	1524	15.0787
ERR13927504.7425	1545	17.1799
ERR13927504.7426	1546	19.1805
ERR13927504.7427	1509	18.0749
ERR13927504.7428	1472	15.4817
ERR13927504.7429	1585	16.6208
ERR13927504.7430	1571	18.3590
ERR13927504.7431	1553	18.0586
ERR13927504.7432	1532	14.7898
ERR13927504.7433	1547	16.8643
ERR13927504.7434	1563	18.2751
ERR13927504.7435	1564	18.2385
ERR13927504.7436	1546	16.7516
ERR13927504.7437	1551	18.2405
ERR13927504.7438	1553	18.2981
ERR13927504.7439	1569	17.9777
ERR13927504.7440	1537	18.3077
ERR13927504.7441	1505	15.7947
ERR13927504.7442	1543	16.0849
ERR13927504.7443	1563	15.6987
ERR13927504.7444	1594	19.4755
ERR13927504.7445	1553	17.3619
ERR13927504.7446	1570	15.5325
ERR13927504.7447	1474	15.1418
ERR13927504.7448	1528	17.0013
ERR13927504.7449	1573	14.9790
ERR13927504.7450	1552	16.8363
ERR13927504.7451	1560	15.9769
ERR13927504.7452	1552	17.9884
ERR13927504.7453	1587	18.3819
ERR13927504.7454	1561	15.5740
ERR13927504.7455	1565	17.5470
ERR13927504.7456	1521	15.3044
ERR13927504.7457	1584	18.8756
ERR13927504.7458	1526	16.0387
ERR13927504.7459	1583	19.5521
ERR13927504.7460	1575	16.9454
ERR13927504.7461	1561	16.6707
ERR13927504.7462	1559	18.2271
ERR13927504.7463	1532	14.3146
ERR13927504.7464	1536	17.4518
ERR13927504.7465	1551	16.1528
ERR13927504.7466	1564	18.5735
ERR13927504.7467	1604	15.9670
ERR13927504.7468	1573	19.6592
ERR13927504.7469	1611	15.1645
ERR13927504.7470	1595	18.5455
ERR13927504.7471	1583	18.6045
ERR13927504.7472	1582	17.8565
ERR13927504.7473	1540	16.8474
ERR13927504.7474	1565	17.3246
ERR13927504.7475	1581	16.6629
ERR13927504.7476	1417	15.9337
ERR13927504.7477	1572	17.3887
ERR13927504.7478	1528	15.6957
ERR13927504.7479	1551	18.2669
ERR13927504.7480	1596	18.1485
ERR13927504.7481	1523	15.1819
ERR13927504.7482	1523	17.1353
ERR13927504.7483	1540	17.8851
ERR13927504.7484	578	16.7682
ERR13927504.7485	1579	18.1558
ERR13927504.7486	1564	17.1471
ERR13927504.7487	1581	15.4111
ERR13927504.7488	1578	20.8150
ERR13927504.7489	1554	16.7471
ERR13927504.7490	1556	18.0874
ERR13927504.7491	1551	16.7982
ERR13927504.7492	1561	21.1518
ERR13927504.7493	1496	18.9545
ERR13927504.7494	1581	18.1834
ERR13927504.7495	1537	14.5777
ERR13927504.7496	1550	17.9065
ERR13927504.7497	1600	19.1475
ERR13927504.7498	1542	14.6835
ERR13927504.7499	1545	18.0356
ERR13927504.7500	1499	15.6004
ERR13927504.7501	1544	16.7487
ERR13927504.7502	1539	17.2079
ERR13927504.7503	1530	17.2059
ERR13927504.7504	1595	19.1191
ERR13927504.7505	1510	18.9205
ERR13927504.7506	1551	19.5100
ERR13927504.7507	1504	15.4754
ERR13927504.7508	849	16.9706
ERR13927504.7509	1602	17.9513
ERR13927504.7510	1554	19.8449
ERR13927504.7511	1545	15.8272
ERR13927504.7512	1558	18.4191
ERR13927504.7513	1515	15.0581
ERR13927504.7514	1511	18.8425
ERR13927504.7515	1556	19.1350
ERR13927504.7516	1535	14.4111
ERR13927504.7517	1557	14.4033
ERR13927504.7518	1603	17.2090
ERR13927504.7519	1546	17.4961
ERR13927504.7520	1558	17.6489
ERR13927504.7521	1214	16.8822
ERR13927504.7522	1487	17.9610
ERR13927504.7523	1527	18.8179
ERR13927504.7524	1596	18.2444
ERR13927504.7525	1544	17.3238
ERR13927504.7526	1573	16.0731
ERR13927504.7527	1552	19.6340
ERR13927504.7528	1552	16.4607
ERR13927504.7529	1585	17.3849
ERR13927504.7530	1502	15.9434
ERR13927504.7531	1567	16.9923
ERR13927504.7532	1540	16.1630
ERR13927504.7533	1510	16.0146
ERR13927504.7534	1542	17.6466
ERR13927504.7535	1528	18.9640
ERR13927504.7536	1552	16.8847
ERR13927504.7537	1517	17.9071
ERR13927504.7538	1577	15.6126
ERR13927504.7539	1575	19.4394
ERR13927504.7540	1552	16.5728
ERR13927504.7541	1539	17.8811
ERR13927504.7542	1572	16.7672
ERR13927504.7543	1479	17.0142
ERR13927504.7544	1543	18.4316
ERR13927504.7545	1567	18.4920
ERR13927504.7546	1576	16.1770
ERR13927504.7547	1555	17.8386
ERR13927504.7548	1601	18.0781
ERR13927504.7549	1578	17.4157
ERR13927504.7550	1562	18.0749
ERR13927504.7551	1583	16.8326
ERR13927504.7552	1481	15.5476
ERR13927504.7553	1561	17.3229
ERR13927504.7554	1583	16.1586
ERR13927504.7555	1573	18.3535
ERR13927504.7556	1560	18.9154
ERR13927504.7557	1566	16.6686
ERR13927504.7558	1562	16.4635
ERR13927504.7559	1519	16.6485
ERR13927504.7560	1569	17.2785
ERR13927504.7561	1553	18.9569
ERR13927504.7562	1567	16.2106
ERR13927504.7563	1548	17.5233
ERR13927504.7564	921	15.4908
ERR13927504.7565	1587	17.8538
ERR13927504.7566	1564	16.8012
ERR13927504.7567	1562	17.5198
ERR13927504.7568	1549	16.0136
ERR13927504.7569	1546	16.0323
ERR13927504.7570	1541	14.9734
ERR13927504.7571	1586	16.5605
ERR13927504.7572	1561	17.1602
ERR13927504.7573	1583	15.6677
ERR13927504.7574	1550	17.9026
ERR13927504.7575	1583	16.7915
ERR13927504.7576	1513	16.4283
ERR13927504.7577	1617	18.3247
ERR13927504.7578	1545	15.6861
ERR13927504.7579	1529	17.1557
ERR13927504.7580	1533	15.3190
ERR13927504.7581	1525	17.9980
ERR13927504.7582	1596	16.6034
ERR13927504.7583	1585	17.2833
ERR13927504.7584	1585	15.3773
ERR13927504.7585	1588	19.1971
ERR13927504.7586	1583	18.9747
ERR13927504.7587	1402	16.5699
ERR13927504.7588	1519	16.1099
ERR13927504.7589	864	17.4572
ERR13927504.7590	1494	15.4565
ERR13927504.7591	1544	19.0719
ERR13927504.7592	1602	18.1835
ERR13927504.7593	1720	18.4093
ERR13927504.7594	1557	19.1387
ERR13927504.7595	1541	17.1402
ERR13927504.7596	1436	17.1692
ERR13927504.7597	1487	17.5783
ERR13927504.7598	1576	16.9549
ERR13927504.7599	1595	18.2364
ERR13927504.7600	1586	16.6141
ERR13927504.7601	1583	19.3152
ERR13927504.7602	1541	15.5769
ERR13927504.7603	1567	21.3178
ERR13927504.7604	966	17.7184
ERR13927504.7605	869	16.4166
ERR13927504.7606	1498	18.2043
ERR13927504.7607	1548	16.6331
ERR13927504.7608	1532	15.9001
ERR13927504.7609	1547	18.6367
ERR13927504.7610	1438	20.6885
ERR13927504.7611	1558	19.4904
ERR13927504.7612	1552	18.7616
ERR13927504.7613	1234	20.5162
ERR13927504.7614	1589	16.1611
ERR13927504.7615	1521	17.3813
ERR13927504.7616	1581	17.0923
ERR13927504.7617	1570	19.4242
ERR13927504.7618	1566	21.1373
ERR13927504.7619	1533	16.8219
ERR13927504.7620	1559	17.9942
ERR13927504.7621	1511	16.8147
ERR13927504.7622	1560	18.6115
ERR13927504.7623	1539	16.6511
ERR13927504.7624	1584	17.7405
ERR13927504.7625	1594	15.1305
ERR13927504.7626	1587	18.7177
ERR13927504.7627	1533	16.4077
ERR13927504.7628	1553	18.2428
ERR13927504.7629	1533	15.0868
ERR13927504.7630	1168	19.1139
ERR13927504.7631	1559	17.1462
ERR13927504.7632	1560	18.7179
ERR13927504.7633	1497	18.2605
ERR13927504.7634	1544	17.7604
ERR13927504.7635	1548	16.0155
ERR13927504.7636	1532	17.1514
ERR13927504.7637	1572	16.5630
ERR13927504.7638	1552	15.8254
ERR13927504.7639	1571	18.5385
ERR13927504.7640	1571	15.2126
ERR13927504.7641	1587	17.7713
ERR13927504.7642	1539	17.5588
ERR13927504.7643	1579	17.4655
ERR13927504.7644	1516	16.4321
ERR13927504.7645	389	16.5013
ERR13927504.7646	1560	16.0686
ERR13927504.7647	1561	15.6643
ERR13927504.7648	1584	16.9343
ERR13927504.7649	1499	15.6251
ERR13927504.7650	1562	17.5775
ERR13927504.7651	1559	16.8146
ERR13927504.7652	1584	18.4684
ERR13927504.7653	986	16.9189
ERR13927504.7654	1555	16.3486
ERR13927504.7655	1555	14.9113
ERR13927504.7656	1586	17.2144
ERR13927504.7657	1543	15.1147
ERR13927504.7658	1571	19.3335
ERR13927504.7659	1575	22.1549
ERR13927504.7660	1234	17.0041
ERR13927504.7661	1581	18.7622
ERR13927504.7662	1578	18.3359
ERR13927504.7663	1547	18.4932
ERR13927504.7664	1564	16.8670
ERR13927504.7665	1540	17.4838
ERR13927504.7666	1533	15.0502
ERR13927504.7667	1551	18.5390
ERR13927504.7668	1669	16.8933
ERR13927504.7669	1566	15.0594
ERR13927504.7670	1556	18.2005
ERR13927504.7671	1551	15.8859
ERR13927504.7672	1556	18.2558
ERR13927504.7673	1569	17.4818
ERR13927504.7674	1470	15.8918
ERR13927504.7675	1519	17.3430
ERR13927504.7676	1567	16.3689
ERR13927504.7677	1550	14.5697
ERR13927504.7678	1501	15.4857
ERR13927504.7679	1574	17.2732
ERR13927504.7680	1598	16.9743
ERR13927504.7681	1560	16.3186
ERR13927504.7682	1551	14.9916
ERR13927504.7683	1585	17.4473
ERR13927504.7684	1567	16.1991
ERR13927504.7685	1526	18.6822
ERR13927504.7686	1552	14.9923
ERR13927504.7687	1595	17.7937
ERR13927504.7688	1499	16.2575
ERR13927504.7689	1574	16.8691
ERR13927504.7690	1518	16.3254
ERR13927504.7691	1544	14.1574
ERR13927504.7692	1554	16.0064
ERR13927504.7693	1158	17.3731
ERR13927504.7694	1527	15.0151
ERR13927504.7695	1560	16.0096
ERR13927504.7696	1509	17.6349
ERR13927504.7697	1521	15.6351
ERR13927504.7698	1517	15.5023
ERR13927504.7699	1540	17.1734
ERR13927504.7700	1552	17.0496
ERR13927504.7701	1558	18.0379
ERR13927504.7702	1590	18.4604
ERR13927504.7703	1535	18.0391
ERR13927504.7704	1363	18.1768
ERR13927504.7705	1466	15.9891
ERR13927504.7706	1583	16.4580
ERR13927504.7707	1539	16.7290
ERR13927504.7708	1530	14.1327
ERR13927504.7709	1583	19.1971
ERR13927504.7710	1534	14.7145
ERR13927504.7711	1577	18.3545
ERR13927504.7712	1574	18.3272
ERR13927504.7713	1566	17.5396
ERR13927504.7714	1549	16.3589
ERR13927504.7715	1459	15.4606
ERR13927504.7716	1526	19.5891
ERR13927504.7717	1548	16.4076
ERR13927504.7718	1586	15.9149
ERR13927504.7719	1527	15.6221
ERR13927504.7720	1537	18.0137
ERR13927504.7721	1545	15.4317
ERR13927504.7722	1548	15.7326
ERR13927504.7723	1534	16.1349
ERR13927504.7724	1552	17.6250
ERR13927504.7725	1571	17.9516
ERR13927504.7726	1562	16.4789
ERR13927504.7727	1444	18.7382
ERR13927504.7728	1484	18.3012
ERR13927504.7729	1579	17.8607
ERR13927504.7730	1543	16.3798
ERR13927504.7731	1544	15.8860
ERR13927504.7732	1543	16.4336
ERR13927504.7733	1562	16.4232
ERR13927504.7734	1567	18.4595
ERR13927504.7735	1577	19.0457
ERR13927504.7736	1549	17.2272
ERR13927504.7737	1546	15.0576
ERR13927504.7738	1576	16.4892
ERR13927504.7739	1381	16.7552
ERR13927504.7740	1575	21.6984
ERR13927504.7741	1568	17.0835
ERR13927504.7742	1565	19.5227
ERR13927504.7743	1578	19.6470
ERR13927504.7744	1539	16.7583
ERR13927504.7745	1552	16.8003
ERR13927504.7746	1545	18.1566
ERR13927504.7747	2911	16.1580
ERR13927504.7748	1591	17.1182
ERR13927504.7749	1570	17.0796
ERR13927504.7750	1670	15.2114
ERR13927504.7751	1584	17.8352
ERR13927504.7752	1066	16.1754
ERR13927504.7753	1572	18.5674
ERR13927504.7754	1538	17.3693
ERR13927504.7755	1593	19.4852
ERR13927504.7756	1558	15.2304
ERR13927504.7757	1557	20.2929
ERR13927504.7758	1540	15.8006
ERR13927504.7759	1564	20.3689
ERR13927504.7760	1546	17.1171
ERR13927504.7761	1572	17.6215
ERR13927504.7762	1581	18.3612
ERR13927504.7763	1586	15.2453
ERR13927504.7764	1591	16.3375
ERR13927504.7765	1570	18.1771
ERR13927504.7766	1582	18.2819
ERR13927504.7767	1570	15.8828
ERR13927504.7768	1502	14.1045
ERR13927504.7769	1563	17.7959
ERR13927504.7770	1566	19.4278
ERR13927504.7771	1581	18.4029
ERR13927504.7772	485	16.6041
ERR13927504.7773	1583	19.0038
ERR13927504.7774	1577	18.2638
ERR13927504.7775	1563	16.7262
ERR13927504.7776	1505	17.9316
ERR13927504.7777	1513	17.1870
ERR13927504.7778	1473	17.7692
ERR13927504.7779	1594	17.8187
ERR13927504.7780	1589	15.6029
ERR13927504.7781	1573	16.8315
ERR13927504.7782	1553	15.8377
ERR13927504.7783	857	17.4387
ERR13927504.7784	1561	17.8213
ERR13927504.7785	1560	18.2776
ERR13927504.7786	1560	18.6660
ERR13927504.7787	1588	17.0995
ERR13927504.7788	1561	18.0448
ERR13927504.7789	1493	13.9973
ERR13927504.7790	1538	16.0228
ERR13927504.7791	1523	14.5640
ERR13927504.7792	1556	15.0411
ERR13927504.7793	1575	16.1213
ERR13927504.7794	1445	15.9356
ERR13927504.7795	1550	18.4690
ERR13927504.7796	1610	18.3404
ERR13927504.7797	1481	14.2134
ERR13927504.7798	796	18.7060
ERR13927504.7799	1569	16.8617
ERR13927504.7800	1568	16.0332
ERR13927504.7801	1550	19.7303
ERR13927504.7802	1558	17.7555
ERR13927504.7803	1557	15.9011
ERR13927504.7804	1546	18.5207
ERR13927504.7805	1617	15.0705
ERR13927504.7806	1508	16.6466
ERR13927504.7807	1569	17.3321
ERR13927504.7808	1569	16.9152
ERR13927504.7809	1553	18.7856
ERR13927504.7810	1591	15.6342
ERR13927504.7811	1567	19.6158
ERR13927504.7812	1576	16.4867
ERR13927504.7813	1045	16.2746
ERR13927504.7814	1559	18.2572
ERR13927504.7815	1560	18.7487
ERR13927504.7816	1538	16.6313
ERR13927504.7817	1567	18.4742
ERR13927504.7818	1579	17.7372
ERR13927504.7819	1562	18.1594
ERR13927504.7820	1563	21.5042
ERR13927504.7821	1549	16.5565
ERR13927504.7822	1570	18.7166
ERR13927504.7823	1566	19.0511
ERR13927504.7824	1541	17.2362
ERR13927504.7825	1533	17.7052
ERR13927504.7826	1544	16.6710
ERR13927504.7827	1600	15.3700
ERR13927504.7828	1616	16.1584
ERR13927504.7829	1562	16.7542
ERR13927504.7830	1513	16.6391
ERR13927504.7831	1582	17.7326
ERR13927504.7832	1486	15.7981
ERR13927504.7833	1555	20.3350
ERR13927504.7834	1530	18.5392
ERR13927504.7835	1573	16.8245
ERR13927504.7836	1533	19.0280
ERR13927504.7837	1581	18.6698
ERR13927504.7838	1552	16.0786
ERR13927504.7839	1513	17.1137
ERR13927504.7840	1535	18.5694
ERR13927504.7841	1552	17.0129
ERR13927504.7842	1510	14.7371
ERR13927504.7843	1366	13.9268
ERR13927504.7844	1602	17.7665
ERR13927504.7845	1555	20.7762
ERR13927504.7846	1582	16.5721
ERR13927504.7847	1595	20.0520
ERR13927504.7848	1578	17.3105
ERR13927504.7849	1577	17.7254
ERR13927504.7850	1516	15.6379
ERR13927504.7851	1551	17.2244
ERR13927504.7852	180	17.2000
ERR13927504.7853	1571	17.0382
ERR13927504.7854	1548	15.9767
ERR13927504.7855	1566	16.5888
ERR13927504.7856	1549	16.1304
ERR13927504.7857	1559	17.3682
ERR13927504.7858	1535	14.9792
ERR13927504.7859	1603	15.9863
ERR13927504.7860	1558	16.4698
ERR13927504.7861	1560	17.1526
ERR13927504.7862	1564	18.8312
ERR13927504.7863	1534	16.9283
ERR13927504.7864	1485	16.2788
ERR13927504.7865	1614	21.0657
ERR13927504.7866	1566	19.0964
ERR13927504.7867	1579	16.1058
ERR13927504.7868	1552	17.2513
ERR13927504.7869	1162	15.3614
ERR13927504.7870	1549	18.6411
ERR13927504.7871	1563	17.3852
ERR13927504.7872	1392	15.6595
ERR13927504.7873	1524	17.9757
ERR13927504.7874	1538	16.2074
ERR13927504.7875	1578	18.7395
ERR13927504.7876	1503	16.3167
ERR13927504.7877	1575	17.4476
ERR13927504.7878	1577	17.8256
ERR13927504.7879	1524	17.8701
ERR13927504.7880	1575	17.1594
ERR13927504.7881	1584	19.9754
ERR13927504.7882	1554	16.6364
ERR13927504.7883	1608	20.3271
ERR13927504.7884	1591	17.7737
ERR13927504.7885	1545	19.3191
ERR13927504.7886	1607	15.8843
ERR13927504.7887	1554	16.4311
ERR13927504.7888	1536	15.3646
ERR13927504.7889	1570	15.6650
ERR13927504.7890	1572	18.0973
ERR13927504.7891	1534	15.8820
ERR13927504.7892	1530	19.2275
ERR13927504.7893	1553	17.1088
ERR13927504.7894	1527	16.8179
ERR13927504.7895	1568	19.9834
ERR13927504.7896	1701	14.4856
ERR13927504.7897	1553	18.8873
ERR13927504.7898	1177	16.1054
ERR13927504.7899	1565	17.5821
ERR13927504.7900	1558	17.6399
ERR13927504.7901	1550	19.6226
ERR13927504.7902	1585	17.3659
ERR13927504.7903	1588	16.5649
ERR13927504.7904	1557	17.4759
ERR13927504.7905	1565	19.7163
ERR13927504.7906	1515	15.5452
ERR13927504.7907	1546	15.0084
ERR13927504.7908	1601	17.8826
ERR13927504.7909	1563	17.2655
ERR13927504.7910	1568	16.5070
ERR13927504.7911	1549	18.5584
ERR13927504.7912	1598	18.1996
ERR13927504.7913	1517	15.5590
ERR13927504.7914	1562	15.2369
ERR13927504.7915	1560	17.5160
ERR13927504.7916	1538	16.4649
ERR13927504.7917	1584	16.7557
ERR13927504.7918	1551	16.0039
ERR13927504.7919	867	16.0819
ERR13927504.7920	1574	16.2745
ERR13927504.7921	1584	18.6660
ERR13927504.7922	1363	14.5642
ERR13927504.7923	1576	16.7798
ERR13927504.7924	1564	15.5818
ERR13927504.7925	1530	16.2582
ERR13927504.7926	1567	17.3727
ERR13927504.7927	1561	17.4984
ERR13927504.7928	1571	18.0961
ERR13927504.7929	1560	18.0058
ERR13927504.7930	1531	13.8080
ERR13927504.7931	1481	17.5395
ERR13927504.7932	1551	16.5184
ERR13927504.7933	1565	14.9744
ERR13927504.7934	1530	17.1673
ERR13927504.7935	1580	16.2975
ERR13927504.7936	1571	15.8816
ERR13927504.7937	1537	17.5634
ERR13927504.7938	1567	18.6254
ERR13927504.7939	1555	18.1023
ERR13927504.7940	1580	18.1854
ERR13927504.7941	1566	17.1660
ERR13927504.7942	1550	16.2910
ERR13927504.7943	1590	16.4308
ERR13927504.7944	1513	18.6761
ERR13927504.7945	1530	16.5307
ERR13927504.7946	1549	14.2544
ERR13927504.7947	827	17.6179
ERR13927504.7948	1541	16.0850
ERR13927504.7949	1551	15.1051
ERR13927504.7950	1579	17.7131
ERR13927504.7951	1560	19.4513
ERR13927504.7952	1076	19.3485
ERR13927504.7953	1543	18.3584
ERR13927504.7954	1599	19.4672
ERR13927504.7955	1593	20.4658
ERR13927504.7956	1576	16.5482
ERR13927504.7957	1607	19.3491
ERR13927504.7958	1590	18.0239
ERR13927504.7959	1454	16.6506
ERR13927504.7960	1539	15.9435
ERR13927504.7961	1575	16.1124
ERR13927504.7962	1578	17.5285
ERR13927504.7963	1541	16.9533
ERR13927504.7964	1571	15.6416
ERR13927504.7965	1561	17.4382
ERR13927504.7966	1304	17.6472
ERR13927504.7967	1562	18.3624
ERR13927504.7968	1575	15.7314
ERR13927504.7969	1567	17.4174
ERR13927504.7970	1577	18.2137
ERR13927504.7971	1565	15.6134
ERR13927504.7972	1547	17.4234
ERR13927504.7973	2447	15.4834
ERR13927504.7974	1569	17.1600
ERR13927504.7975	1568	18.2156
ERR13927504.7976	1563	19.4107
ERR13927504.7977	1549	17.9109
ERR13927504.7978	1559	17.7883
ERR13927504.7979	885	17.2520
ERR13927504.7980	1543	18.8438
ERR13927504.7981	1546	15.9191
ERR13927504.7982	1561	20.2550
ERR13927504.7983	1590	17.6836
ERR13927504.7984	1559	17.8210
ERR13927504.7985	1543	18.1361
ERR13927504.7986	1579	17.4636
ERR13927504.7987	891	15.2637
ERR13927504.7988	1603	18.7692
ERR13927504.7989	1600	16.2794
ERR13927504.7990	834	17.6942
ERR13927504.7991	1547	19.1913
ERR13927504.7992	1371	16.1714
ERR13927504.7993	1557	16.5299
ERR13927504.7994	1570	18.2191
ERR13927504.7995	1588	19.9817
ERR13927504.7996	1562	16.9456
ERR13927504.7997	1590	17.9912
ERR13927504.7998	1590	20.4623
ERR13927504.7999	1571	18.7772
ERR13927504.8000	1560	15.8718
ERR13927504.8001	1557	16.4894
ERR13927504.8002	1513	16.8592
ERR13927504.8003	1529	17.5245
ERR13927504.8004	1556	16.6889
ERR13927504.8005	1578	18.4854
ERR13927504.8006	1536	17.4134
ERR13927504.8007	1570	17.8624
ERR13927504.8008	996	14.3926
ERR13927504.8009	1557	14.5941
ERR13927504.8010	1572	16.8454
ERR13927504.8011	1537	17.5758
ERR13927504.8012	1531	17.9628
ERR13927504.8013	1567	19.1461
ERR13927504.8014	1564	15.5799
ERR13927504.8015	1537	19.1490
ERR13927504.8016	1568	19.1046
ERR13927504.8017	1558	17.7445
ERR13927504.8018	1589	19.7030
ERR13927504.8019	1618	16.0562
ERR13927504.8020	1539	19.8265
ERR13927504.8021	1546	16.4812
ERR13927504.8022	1542	19.6291
ERR13927504.8023	1575	21.2006
ERR13927504.8024	1523	16.5272
ERR13927504.8025	1554	16.2799
ERR13927504.8026	1563	17.1606
ERR13927504.8027	1515	16.4040
ERR13927504.8028	1571	17.6906
ERR13927504.8029	1477	16.3460
ERR13927504.8030	1566	16.9770
ERR13927504.8031	1559	18.9121
ERR13927504.8032	1535	15.9010
ERR13927504.8033	1510	15.4815
ERR13927504.8034	1552	16.1985
ERR13927504.8035	1549	18.7721
ERR13927504.8036	1560	19.0974
ERR13927504.8037	962	17.0198
ERR13927504.8038	1557	16.9717
ERR13927504.8039	1533	15.4723
ERR13927504.8040	1588	16.5409
ERR13927504.8041	1564	19.0134
ERR13927504.8042	1555	17.1511
ERR13927504.8043	1527	18.5887
ERR13927504.8044	1561	18.5657
ERR13927504.8045	1537	15.5901
ERR13927504.8046	1598	16.2691
ERR13927504.8047	1579	18.0418
ERR13927504.8048	1567	16.9668
ERR13927504.8049	1589	17.7080
ERR13927504.8050	1517	17.5597
ERR13927504.8051	1551	16.4191
ERR13927504.8052	1563	17.5694
ERR13927504.8053	1535	17.3088
ERR13927504.8054	1550	18.5110
ERR13927504.8055	1313	18.0244
ERR13927504.8056	1562	16.7420
ERR13927504.8057	1572	19.8244
ERR13927504.8058	1486	16.7732
ERR13927504.8059	1572	17.4020
ERR13927504.8060	1573	18.6078
ERR13927504.8061	1577	19.5054
ERR13927504.8062	1561	18.6675
ERR13927504.8063	1559	17.6851
ERR13927504.8064	1578	20.8035
ERR13927504.8065	1575	17.9200
ERR13927504.8066	1563	19.6987
ERR13927504.8067	1563	17.9591
ERR13927504.8068	1520	18.7750
ERR13927504.8069	1493	15.4494
ERR13927504.8070	1495	18.5565
ERR13927504.8071	1557	16.7026
ERR13927504.8072	1555	18.2154
ERR13927504.8073	1584	17.6660
ERR13927504.8074	1556	16.3548
ERR13927504.8075	1567	19.6082
ERR13927504.8076	1599	19.2470
ERR13927504.8077	1564	19.6861
ERR13927504.8078	1550	19.0084
ERR13927504.8079	3075	16.6354
ERR13927504.8080	1563	17.4754
ERR13927504.8081	1032	16.3411
ERR13927504.8082	1567	16.0160
ERR13927504.8083	1557	18.7328
ERR13927504.8084	1587	21.0699
ERR13927504.8085	1542	18.7899
ERR13927504.8086	1539	15.5744
ERR13927504.8087	1568	17.3380
ERR13927504.8088	1592	19.3587
ERR13927504.8089	1555	15.6624
ERR13927504.8090	1554	18.7124
ERR13927504.8091	1558	15.3832
ERR13927504.8092	1589	16.6035
ERR13927504.8093	3121	18.4133
ERR13927504.8094	1559	16.8358
ERR13927504.8095	1551	18.5106
ERR13927504.8096	1562	15.9245
ERR13927504.8097	1565	16.9974
ERR13927504.8098	1551	17.0690
ERR13927504.8099	1600	19.1000
ERR13927504.8100	1560	17.3628
ERR13927504.8101	1490	16.7027
ERR13927504.8102	1597	20.4227
ERR13927504.8103	1384	16.7803
ERR13927504.8104	1552	18.2043
ERR13927504.8105	1508	16.3322
ERR13927504.8106	1476	16.0969
ERR13927504.8107	1556	16.0219
ERR13927504.8108	1590	16.3006
ERR13927504.8109	1192	16.8331
ERR13927504.8110	1524	15.5387
ERR13927504.8111	1572	16.9173
ERR13927504.8112	1576	18.8008
ERR13927504.8113	1541	17.8482
ERR13927504.8114	1579	17.6586
ERR13927504.8115	1537	17.5231
ERR13927504.8116	1558	19.0828
ERR13927504.8117	1576	16.5438
ERR13927504.8118	1544	16.7992
ERR13927504.8119	1554	17.4466
ERR13927504.8120	1508	15.3660
ERR13927504.8121	1503	18.5695
ERR13927504.8122	1504	16.0226
ERR13927504.8123	1562	18.7849
ERR13927504.8124	1447	17.5232
ERR13927504.8125	1581	16.9133
ERR13927504.8126	1571	19.9873
ERR13927504.8127	1567	17.5207
ERR13927504.8128	1530	16.7105
ERR13927504.8129	1563	16.7025
ERR13927504.8130	1547	15.6742
ERR13927504.8131	1553	16.2073
ERR13927504.8132	1539	16.5029
ERR13927504.8133	1562	16.6543
ERR13927504.8134	1544	17.1418
ERR13927504.8135	1585	18.6265
ERR13927504.8136	1557	16.2068
ERR13927504.8137	1596	16.6435
ERR13927504.8138	1531	18.3906
ERR13927504.8139	1576	16.0140
ERR13927504.8140	1575	17.3981
ERR13927504.8141	1630	17.8883
ERR13927504.8142	1545	17.4013
ERR13927504.8143	1309	17.4553
ERR13927504.8144	1573	21.9803
ERR13927504.8145	1473	18.0122
ERR13927504.8146	1559	17.9250
ERR13927504.8147	1567	17.6267
ERR13927504.8148	1530	16.5987
ERR13927504.8149	1571	15.6652
ERR13927504.8150	1535	14.8345
ERR13927504.8151	1542	15.5558
ERR13927504.8152	1552	15.6662
ERR13927504.8153	1528	15.3410
ERR13927504.8154	1566	19.3729
ERR13927504.8155	1538	16.1040
ERR13927504.8156	1562	17.6908
ERR13927504.8157	1218	19.1232
ERR13927504.8158	1556	18.5328
ERR13927504.8159	1586	15.8310
ERR13927504.8160	1554	17.1371
ERR13927504.8161	1516	15.1022
ERR13927504.8162	1592	18.5283
ERR13927504.8163	1547	16.7466
ERR13927504.8164	1556	18.5482
ERR13927504.8165	1518	14.8188
ERR13927504.8166	1603	16.6700
ERR13927504.8167	1545	17.0324
ERR13927504.8168	1583	18.3228
ERR13927504.8169	1532	18.0907
ERR13927504.8170	1539	15.6134
ERR13927504.8171	1565	18.8479
ERR13927504.8172	1526	16.7831
ERR13927504.8173	1528	14.6446
ERR13927504.8174	1583	18.1718
ERR13927504.8175	1584	19.3554
ERR13927504.8176	1548	17.8798
ERR13927504.8177	1565	18.5687
ERR13927504.8178	1540	19.0065
ERR13927504.8179	1536	19.6035
ERR13927504.8180	189	16.0529
ERR13927504.8181	1571	20.1432
ERR13927504.8182	1171	16.5423
ERR13927504.8183	1521	17.3754
ERR13927504.8184	1557	15.8664
ERR13927504.8185	1575	17.6730
ERR13927504.8186	1629	21.5985
ERR13927504.8187	1523	16.5128
ERR13927504.8188	1544	18.3627
ERR13927504.8189	1529	15.6776
ERR13927504.8190	1492	15.9236
ERR13927504.8191	1564	21.5825
ERR13927504.8192	1561	16.3075
ERR13927504.8193	1555	16.6244
ERR13927504.8194	1592	17.6985
ERR13927504.8195	1125	16.2533
ERR13927504.8196	1551	17.8652
ERR13927504.8197	1564	17.9687
ERR13927504.8198	1548	15.8792
ERR13927504.8199	1309	16.1154
ERR13927504.8200	972	16.3714
ERR13927504.8201	1201	17.5187
ERR13927504.8202	1559	16.3752
ERR13927504.8203	1546	17.4580
ERR13927504.8204	1558	16.8062
ERR13927504.8205	1516	18.1042
ERR13927504.8206	1572	21.7188
ERR13927504.8207	1445	15.8623
ERR13927504.8208	1569	19.6246
ERR13927504.8209	1553	18.5525
ERR13927504.8210	1568	19.5816
ERR13927504.8211	1546	16.7626
ERR13927504.8212	1043	17.2991
ERR13927504.8213	1561	18.3812
ERR13927504.8214	1567	19.8245
ERR13927504.8215	305	16.4984
ERR13927504.8216	1578	19.4899
ERR13927504.8217	1595	19.0721
ERR13927504.8218	1573	17.8875
ERR13927504.8219	1606	18.8076
ERR13927504.8220	1562	17.0282
ERR13927504.8221	1534	17.6421
ERR13927504.8222	1589	18.9906
ERR13927504.8223	1578	17.0412
ERR13927504.8224	1576	17.4448
ERR13927504.8225	1560	17.5506
ERR13927504.8226	1530	16.5183
ERR13927504.8227	1350	20.1059
ERR13927504.8228	1544	16.2215
ERR13927504.8229	1556	15.4010
ERR13927504.8230	1532	16.5875
ERR13927504.8231	1448	15.5338
ERR13927504.8232	1536	18.2604
ERR13927504.8233	1553	16.5377
ERR13927504.8234	1559	18.3162
ERR13927504.8235	1534	16.3840
ERR13927504.8236	1431	17.7456
ERR13927504.8237	1588	19.3728
ERR13927504.8238	1514	15.4148
ERR13927504.8239	1599	17.3127
ERR13927504.8240	1564	18.3945
ERR13927504.8241	1576	18.0336
ERR13927504.8242	1540	15.8273
ERR13927504.8243	1483	15.3493
ERR13927504.8244	1562	19.3073
ERR13927504.8245	1505	15.6073
ERR13927504.8246	1576	17.0438
ERR13927504.8247	1556	18.5591
ERR13927504.8248	1401	18.1406
ERR13927504.8249	1540	17.4701
ERR13927504.8250	1574	20.0775
ERR13927504.8251	1577	21.4426
ERR13927504.8252	1559	21.9942
ERR13927504.8253	1554	16.6268
ERR13927504.8254	1561	18.8072
ERR13927504.8255	1547	19.9302
ERR13927504.8256	1575	18.3625
ERR13927504.8257	1557	19.0180
ERR13927504.8258	1565	19.7105
ERR13927504.8259	1588	17.6965
ERR13927504.8260	1593	19.5782
ERR13927504.8261	1551	20.8897
ERR13927504.8262	1545	16.9612
ERR13927504.8263	1576	18.4505
ERR13927504.8264	1558	18.6849
ERR13927504.8265	1552	18.0631
ERR13927504.8266	1495	16.6508
ERR13927504.8267	1559	17.1700
ERR13927504.8268	1581	18.5250
ERR13927504.8269	1549	16.2705
ERR13927504.8270	1583	18.0828
ERR13927504.8271	1571	16.9784
ERR13927504.8272	1565	15.6000
ERR13927504.8273	1559	18.8313
ERR13927504.8274	1533	18.4214
ERR13927504.8275	1477	16.2221
ERR13927504.8276	1538	18.0566
ERR13927504.8277	1575	18.0946
ERR13927504.8278	1545	17.8227
ERR13927504.8279	1493	16.8232
ERR13927504.8280	1555	16.5428
ERR13927504.8281	1594	19.1430
ERR13927504.8282	1546	14.4191
ERR13927504.8283	1553	18.3580
ERR13927504.8284	1145	15.9031
ERR13927504.8285	869	16.5420
ERR13927504.8286	1499	15.2128
ERR13927504.8287	1564	18.0090
ERR13927504.8288	1574	16.3863
ERR13927504.8289	1542	15.9468
ERR13927504.8290	1510	16.9457
ERR13927504.8291	1573	18.6847
ERR13927504.8292	1113	17.4331
ERR13927504.8293	1522	17.2773
ERR13927504.8294	1546	17.5718
ERR13927504.8295	1531	16.7028
ERR13927504.8296	1529	16.3499
ERR13927504.8297	1554	17.8919
ERR13927504.8298	1515	15.9848
ERR13927504.8299	1544	16.5790
ERR13927504.8300	1550	17.0484
ERR13927504.8301	1557	18.2697
ERR13927504.8302	1603	17.3306
ERR13927504.8303	1572	17.4256
ERR13927504.8304	1522	15.5276
ERR13927504.8305	1543	14.6526
ERR13927504.8306	1557	14.6288
ERR13927504.8307	1535	15.7837
ERR13927504.8308	1550	16.8897
ERR13927504.8309	1082	16.8124
ERR13927504.8310	1567	17.5329
ERR13927504.8311	1543	17.0331
ERR13927504.8312	1575	15.9454
ERR13927504.8313	1508	16.0584
ERR13927504.8314	1565	18.3744
ERR13927504.8315	1569	19.2371
ERR13927504.8316	1538	20.4629
ERR13927504.8317	1550	16.3413
ERR13927504.8318	1571	18.1980
ERR13927504.8319	1541	19.8650
ERR13927504.8320	1542	16.2335
ERR13927504.8321	1604	19.4021
ERR13927504.8322	1524	16.3924
ERR13927504.8323	1582	17.2162
ERR13927504.8324	1570	16.8006
ERR13927504.8325	1554	16.5882
ERR13927504.8326	1548	16.9787
ERR13927504.8327	1581	18.8488
ERR13927504.8328	1578	18.5057
ERR13927504.8329	1560	16.4269
ERR13927504.8330	1557	15.7033
ERR13927504.8331	1541	16.3167
ERR13927504.8332	1568	17.3214
ERR13927504.8333	1544	15.1464
ERR13927504.8334	1552	17.3131
ERR13927504.8335	1136	20.6875
ERR13927504.8336	1559	17.5010
ERR13927504.8337	1580	19.3234
ERR13927504.8338	1523	18.5148
ERR13927504.8339	1561	17.9417
ERR13927504.8340	1548	16.9729
ERR13927504.8341	1522	15.0848
ERR13927504.8342	1582	18.1119
ERR13927504.8343	1516	15.2348
ERR13927504.8344	1499	15.3135
ERR13927504.8345	1556	15.8779
ERR13927504.8346	1540	16.7019
ERR13927504.8347	1571	18.2807
ERR13927504.8348	1572	16.5267
ERR13927504.8349	1557	16.2852
ERR13927504.8350	1589	16.1278
ERR13927504.8351	1559	16.8974
ERR13927504.8352	1577	18.5504
ERR13927504.8353	1549	17.7908
ERR13927504.8354	1546	16.4476
ERR13927504.8355	1596	15.9662
ERR13927504.8356	1554	18.9929
ERR13927504.8357	1511	15.1052
ERR13927504.8358	1569	16.4959
ERR13927504.8359	1543	14.9553
ERR13927504.8360	1528	16.5897
ERR13927504.8361	1517	17.6486
ERR13927504.8362	1561	17.9532
ERR13927504.8363	1532	19.1208
ERR13927504.8364	1556	18.6009
ERR13927504.8365	1551	16.6260
ERR13927504.8366	1537	19.4841
ERR13927504.8367	1529	18.3826
ERR13927504.8368	1547	17.7744
ERR13927504.8369	1433	17.0816
ERR13927504.8370	1550	18.6490
ERR13927504.8371	1570	17.4338
ERR13927504.8372	1539	16.0767
ERR13927504.8373	1453	16.8624
ERR13927504.8374	1568	14.8221
ERR13927504.8375	1537	14.0761
ERR13927504.8376	1588	14.6782
ERR13927504.8377	1563	17.9706
ERR13927504.8378	1507	16.9987
ERR13927504.8379	1572	17.8505
ERR13927504.8380	1484	15.0761
ERR13927504.8381	1623	18.6094
ERR13927504.8382	1568	15.6301
ERR13927504.8383	1578	17.3815
ERR13927504.8384	1554	16.1654
ERR13927504.8385	1537	16.7833
ERR13927504.8386	1556	19.5071
ERR13927504.8387	1554	15.4524
ERR13927504.8388	1538	18.2165
ERR13927504.8389	1558	17.8947
ERR13927504.8390	1583	15.7795
ERR13927504.8391	1539	15.3021
ERR13927504.8392	1578	20.6812
ERR13927504.8393	1569	14.7055
ERR13927504.8394	1629	17.5985
ERR13927504.8395	455	15.2286
ERR13927504.8396	1561	17.3498
ERR13927504.8397	1540	19.9929
ERR13927504.8398	1597	17.7332
ERR13927504.8399	1542	15.4961
ERR13927504.8400	1558	15.0950
ERR13927504.8401	1546	15.5834
ERR13927504.8402	650	17.4400
ERR13927504.8403	442	17.3281
ERR13927504.8404	1527	16.4826
ERR13927504.8405	1596	18.8114
ERR13927504.8406	1513	15.8645
ERR13927504.8407	1601	18.1462
ERR13927504.8408	1583	18.2792
ERR13927504.8409	1534	16.0567
ERR13927504.8410	1545	16.8278
ERR13927504.8411	454	14.4604
ERR13927504.8412	1569	15.6597
ERR13927504.8413	1536	16.6243
ERR13927504.8414	1330	16.5068
ERR13927504.8415	1565	18.3169
ERR13927504.8416	1514	16.4841
ERR13927504.8417	1564	16.5902
ERR13927504.8418	1574	16.1353
ERR13927504.8419	1534	15.3918
ERR13927504.8420	1532	16.3433
ERR13927504.8421	1552	17.4942
ERR13927504.8422	1524	18.9895
ERR13927504.8423	1486	17.0956
ERR13927504.8424	1575	19.4502
ERR13927504.8425	1549	18.2479
ERR13927504.8426	1511	17.1310
ERR13927504.8427	1598	18.2115
ERR13927504.8428	1595	17.5379
ERR13927504.8429	1563	15.5867
ERR13927504.8430	1564	16.0972
ERR13927504.8431	1561	17.5234
ERR13927504.8432	1536	18.2409
ERR13927504.8433	1575	18.1746
ERR13927504.8434	1583	16.8604
ERR13927504.8435	1589	20.5412
ERR13927504.8436	1566	19.5447
ERR13927504.8437	1564	18.2705
ERR13927504.8438	1560	17.1019
ERR13927504.8439	1545	15.8608
ERR13927504.8440	1541	14.6398
ERR13927504.8441	1584	16.4968
ERR13927504.8442	1588	19.5699
ERR13927504.8443	338	13.7663
ERR13927504.8444	1569	17.0637
ERR13927504.8445	1549	15.3325
ERR13927504.8446	1507	14.9376
ERR13927504.8447	1559	17.5388
ERR13927504.8448	1585	18.2719
ERR13927504.8449	1506	17.8672
ERR13927504.8450	1553	17.4965
ERR13927504.8451	1560	17.1045
ERR13927504.8452	1575	17.8140
ERR13927504.8453	1559	19.2809
ERR13927504.8454	1548	20.1977
ERR13927504.8455	1575	19.5606
ERR13927504.8456	1570	20.6643
ERR13927504.8457	1582	22.2377
ERR13927504.8458	1472	14.9701
ERR13927504.8459	826	14.9600
ERR13927504.8460	1569	15.9280
ERR13927504.8461	1562	16.8924
ERR13927504.8462	1575	18.9911
ERR13927504.8463	1562	19.9795
ERR13927504.8464	1555	21.0051
ERR13927504.8465	1561	18.6726
ERR13927504.8466	1553	19.5338
ERR13927504.8467	1574	19.4600
ERR13927504.8468	1541	17.9027
ERR13927504.8469	1314	23.5822
ERR13927504.8470	1589	17.2952
ERR13927504.8471	1576	20.7519
ERR13927504.8472	1570	18.3414
ERR13927504.8473	1552	16.1656
ERR13927504.8474	1583	17.5881
ERR13927504.8475	1540	17.1987
ERR13927504.8476	1040	19.8971
ERR13927504.8477	1582	15.2326
ERR13927504.8478	1568	18.8469
ERR13927504.8479	1538	16.3173
ERR13927504.8480	1529	14.3584
ERR13927504.8481	1572	16.6590
ERR13927504.8482	1299	17.2025
ERR13927504.8483	1541	18.9682
ERR13927504.8484	1563	15.8855
ERR13927504.8485	1546	15.4935
ERR13927504.8486	1564	18.6336
ERR13927504.8487	1562	17.7260
ERR13927504.8488	543	15.9061
ERR13927504.8489	1523	16.1458
ERR13927504.8490	1546	16.5278
ERR13927504.8491	1547	17.8811
ERR13927504.8492	1526	17.8578
ERR13927504.8493	1603	20.3999
ERR13927504.8494	778	19.2468
ERR13927504.8495	1591	20.3646
ERR13927504.8496	552	17.6486
ERR13927504.8497	1575	15.5257
ERR13927504.8498	1557	20.1400
ERR13927504.8499	1555	20.7556
ERR13927504.8500	1594	17.4285
ERR13927504.8501	1549	17.8167
ERR13927504.8502	1581	17.5395
ERR13927504.8503	1555	17.5415
ERR13927504.8504	1494	17.0448
ERR13927504.8505	1556	16.4859
ERR13927504.8506	1577	20.2676
ERR13927504.8507	1552	20.0045
ERR13927504.8508	1561	17.6195
ERR13927504.8509	1584	18.0833
ERR13927504.8510	1553	17.9742
ERR13927504.8511	1362	14.9207
ERR13927504.8512	1470	15.0973
ERR13927504.8513	1555	19.7196
ERR13927504.8514	1475	17.0129
ERR13927504.8515	1555	18.5222
ERR13927504.8516	1539	18.3255
ERR13927504.8517	1607	18.7760
ERR13927504.8518	1354	17.6411
ERR13927504.8519	1547	20.5624
ERR13927504.8520	1567	18.3095
ERR13927504.8521	1547	17.3407
ERR13927504.8522	1534	18.1917
ERR13927504.8523	1532	16.5189
ERR13927504.8524	1583	21.0625
ERR13927504.8525	1478	17.4993
ERR13927504.8526	1556	18.7404
ERR13927504.8527	1560	19.7801
ERR13927504.8528	1533	19.3666
ERR13927504.8529	1531	15.4918
ERR13927504.8530	1510	16.4603
ERR13927504.8531	1556	16.6343
ERR13927504.8532	1420	15.1070
ERR13927504.8533	1553	19.6033
ERR13927504.8534	1516	15.7361
ERR13927504.8535	1592	18.2374
ERR13927504.8536	1538	17.6795
ERR13927504.8537	1577	18.1484
ERR13927504.8538	1522	17.8555
ERR13927504.8539	1555	16.0881
ERR13927504.8540	1553	18.1256
ERR13927504.8541	1534	16.8175
ERR13927504.8542	1570	20.6146
ERR13927504.8543	1564	17.7219
ERR13927504.8544	1535	16.5218
ERR13927504.8545	1335	17.7880
ERR13927504.8546	1582	17.0752
ERR13927504.8547	1577	21.1915
ERR13927504.8548	1601	22.1774
ERR13927504.8549	1520	15.4257
ERR13927504.8550	1578	15.8587
ERR13927504.8551	3139	18.0115
ERR13927504.8552	1528	16.2048
ERR13927504.8553	1566	16.6022
ERR13927504.8554	1568	18.1205
ERR13927504.8555	1567	18.4288
ERR13927504.8556	1578	19.7066
ERR13927504.8557	1535	18.1655
ERR13927504.8558	1603	16.2764
ERR13927504.8559	1558	18.3184
ERR13927504.8560	1558	16.8325
ERR13927504.8561	1560	16.5647
ERR13927504.8562	1546	17.2005
ERR13927504.8563	1586	18.2938
ERR13927504.8564	1533	15.6614
ERR13927504.8565	1570	19.5497
ERR13927504.8566	1553	18.6304
ERR13927504.8567	1566	19.2286
ERR13927504.8568	1525	17.5790
ERR13927504.8569	1541	15.2492
ERR13927504.8570	1554	18.4903
ERR13927504.8571	1510	16.5258
ERR13927504.8572	1553	19.8364
ERR13927504.8573	1536	16.9421
ERR13927504.8574	1715	18.6950
ERR13927504.8575	1579	16.8233
ERR13927504.8576	1526	16.2254
ERR13927504.8577	1537	17.7716
ERR13927504.8578	1599	16.2145
ERR13927504.8579	1510	14.8894
ERR13927504.8580	1543	17.3357
ERR13927504.8581	1580	18.2639
ERR13927504.8582	1524	19.1732
ERR13927504.8583	1563	18.4261
ERR13927504.8584	1533	17.8134
ERR13927504.8585	1522	15.9586
ERR13927504.8586	1537	18.1887
ERR13927504.8587	1564	17.7449
ERR13927504.8588	1572	20.0426
ERR13927504.8589	1562	16.0013
ERR13927504.8590	1578	17.2142
ERR13927504.8591	1551	15.0342
ERR13927504.8592	1545	17.0142
ERR13927504.8593	1554	17.1995
ERR13927504.8594	1538	20.2315
ERR13927504.8595	1103	16.2339
ERR13927504.8596	1562	16.0346
ERR13927504.8597	1517	17.1912
ERR13927504.8598	1571	16.7607
ERR13927504.8599	1567	17.2214
ERR13927504.8600	1545	16.8220
ERR13927504.8601	1530	16.2556
ERR13927504.8602	812	16.3251
ERR13927504.8603	1580	19.0171
ERR13927504.8604	1515	18.0884
ERR13927504.8605	1589	18.8767
ERR13927504.8606	1532	17.1240
ERR13927504.8607	3124	16.4507
ERR13927504.8608	1579	19.1659
ERR13927504.8609	1509	16.1345
ERR13927504.8610	1545	16.6129
ERR13927504.8611	1574	17.3437
ERR13927504.8612	1565	18.9355
ERR13927504.8613	1505	15.6757
ERR13927504.8614	1593	19.0885
ERR13927504.8615	1406	15.9445
ERR13927504.8616	1542	15.9118
ERR13927504.8617	1551	16.0980
ERR13927504.8618	1539	16.3795
ERR13927504.8619	1548	16.3831
ERR13927504.8620	1588	20.2790
ERR13927504.8621	1526	16.6298
ERR13927504.8622	579	19.1313
ERR13927504.8623	1551	15.1541
ERR13927504.8624	1490	15.4537
ERR13927504.8625	1527	17.8350
ERR13927504.8626	1546	15.9243
ERR13927504.8627	1583	16.9962
ERR13927504.8628	1517	19.6104
ERR13927504.8629	1521	17.6667
ERR13927504.8630	1550	17.3955
ERR13927504.8631	1578	17.3707
ERR13927504.8632	1555	17.6219
ERR13927504.8633	1531	17.9118
ERR13927504.8634	1588	16.9125
ERR13927504.8635	1516	15.2032
ERR13927504.8636	1569	17.8751
ERR13927504.8637	1581	19.9355
ERR13927504.8638	1583	18.3348
ERR13927504.8639	1518	14.3333
ERR13927504.8640	1451	16.2943
ERR13927504.8641	1530	15.2503
ERR13927504.8642	1561	17.6169
ERR13927504.8643	365	17.3479
ERR13927504.8644	1585	18.9350
ERR13927504.8645	1565	18.3885
ERR13927504.8646	1625	17.9538
ERR13927504.8647	1543	15.6585
ERR13927504.8648	1518	16.2194
ERR13927504.8649	1552	18.2687
ERR13927504.8650	1569	18.5309
ERR13927504.8651	1507	18.1606
ERR13927504.8652	1545	17.3029
ERR13927504.8653	1538	17.6060
ERR13927504.8654	1577	19.1864
ERR13927504.8655	1524	15.9449
ERR13927504.8656	1448	16.2901
ERR13927504.8657	1594	20.3752
ERR13927504.8658	1532	16.6038
ERR13927504.8659	1580	19.7671
ERR13927504.8660	1585	17.6505
ERR13927504.8661	1559	20.0032
ERR13927504.8662	1545	17.2621
ERR13927504.8663	1366	17.4605
ERR13927504.8664	1475	15.9546
ERR13927504.8665	1575	18.4730
ERR13927504.8666	1561	18.0480
ERR13927504.8667	1532	18.2291
ERR13927504.8668	1540	15.4649
ERR13927504.8669	1545	14.8945
ERR13927504.8670	1584	16.8043
ERR13927504.8671	1490	16.3617
ERR13927504.8672	1534	18.7947
ERR13927504.8673	1566	14.6347
ERR13927504.8674	1534	18.5469
ERR13927504.8675	908	16.8029
ERR13927504.8676	1583	14.8724
ERR13927504.8677	1575	17.0298
ERR13927504.8678	1536	16.8835
ERR13927504.8679	1551	15.7118
ERR13927504.8680	1579	17.1526
ERR13927504.8681	1534	17.3292
ERR13927504.8682	1590	20.4503
ERR13927504.8683	1566	17.6111
ERR13927504.8684	1533	17.1115
ERR13927504.8685	1582	17.5101
ERR13927504.8686	1510	16.4391
ERR13927504.8687	1547	15.3381
ERR13927504.8688	1537	15.7137
ERR13927504.8689	1611	19.1918
ERR13927504.8690	1600	15.8800
ERR13927504.8691	1490	18.6168
ERR13927504.8692	1537	16.4613
ERR13927504.8693	1542	17.8580
ERR13927504.8694	1549	20.1491
ERR13927504.8695	1583	16.5060
ERR13927504.8696	1520	14.6164
ERR13927504.8697	1565	17.0952
ERR13927504.8698	1492	17.6702
ERR13927504.8699	1548	16.5640
ERR13927504.8700	1544	18.0667
ERR13927504.8701	1537	15.2837
ERR13927504.8702	1053	15.2441
ERR13927504.8703	1541	17.8761
ERR13927504.8704	1556	17.8560
ERR13927504.8705	1555	15.8373
ERR13927504.8706	1575	17.6463
ERR13927504.8707	1558	18.1752
ERR13927504.8708	1539	15.3405
ERR13927504.8709	1539	17.7427
ERR13927504.8710	1577	17.0907
ERR13927504.8711	1478	17.1110
ERR13927504.8712	1561	15.6310
ERR13927504.8713	1560	18.5833
ERR13927504.8714	1559	15.3772
ERR13927504.8715	1524	19.4154
ERR13927504.8716	1558	18.0591
ERR13927504.8717	1597	17.9386
ERR13927504.8718	1594	17.6154
ERR13927504.8719	1567	15.1455
ERR13927504.8720	1557	16.0739
ERR13927504.8721	1537	16.7664
ERR13927504.8722	1558	19.5148
ERR13927504.8723	1574	17.5731
ERR13927504.8724	1490	15.1443
ERR13927504.8725	1552	19.1617
ERR13927504.8726	1571	17.9529
ERR13927504.8727	1563	20.0077
ERR13927504.8728	1518	16.0323
ERR13927504.8729	1536	19.8385
ERR13927504.8730	1547	17.4926
ERR13927504.8731	1573	16.2492
ERR13927504.8732	1542	17.7438
ERR13927504.8733	3132	16.5805
ERR13927504.8734	1580	19.2715
ERR13927504.8735	1564	19.1355
ERR13927504.8736	1511	18.1396
ERR13927504.8737	1557	18.0116
ERR13927504.8738	1538	17.8420
ERR13927504.8739	1545	17.1398
ERR13927504.8740	1557	18.4945
ERR13927504.8741	1540	17.2435
ERR13927504.8742	1564	18.6074
ERR13927504.8743	1527	15.7669
ERR13927504.8744	1521	16.1078
ERR13927504.8745	1549	16.2666
ERR13927504.8746	1566	15.4579
ERR13927504.8747	1551	17.1006
ERR13927504.8748	1572	16.5140
ERR13927504.8749	1572	15.8747
ERR13927504.8750	1548	16.6460
ERR13927504.8751	687	18.0757
ERR13927504.8752	1558	15.8421
ERR13927504.8753	1510	18.2775
ERR13927504.8754	1496	15.6337
ERR13927504.8755	1585	18.7136
ERR13927504.8756	1570	16.7274
ERR13927504.8757	1571	17.4850
ERR13927504.8758	1539	17.5627
ERR13927504.8759	1580	21.1608
ERR13927504.8760	1535	16.8156
ERR13927504.8761	1537	17.3286
ERR13927504.8762	1583	18.5123
ERR13927504.8763	1551	18.1663
ERR13927504.8764	1510	15.6636
ERR13927504.8765	1537	17.5277
ERR13927504.8766	1570	19.8975
ERR13927504.8767	1561	17.1467
ERR13927504.8768	1583	20.5692
ERR13927504.8769	1566	18.2305
ERR13927504.8770	1547	19.4809
ERR13927504.8771	1574	18.2910
ERR13927504.8772	839	19.2408
ERR13927504.8773	1544	15.1723
ERR13927504.8774	1568	15.4860
ERR13927504.8775	775	16.6323
ERR13927504.8776	1586	18.0454
ERR13927504.8777	1579	20.2647
ERR13927504.8778	1494	16.0047
ERR13927504.8779	1598	19.6902
ERR13927504.8780	1587	18.8255
ERR13927504.8781	1540	18.9656
ERR13927504.8782	1267	19.4301
ERR13927504.8783	1522	16.1695
ERR13927504.8784	1539	16.1241
ERR13927504.8785	1538	14.7711
ERR13927504.8786	1585	22.3621
ERR13927504.8787	1550	14.7477
ERR13927504.8788	1601	17.1462
ERR13927504.8789	1589	20.2826
ERR13927504.8790	1546	15.2762
ERR13927504.8791	1373	15.8798
ERR13927504.8792	1295	19.2641
ERR13927504.8793	1554	17.0882
ERR13927504.8794	1535	16.6599
ERR13927504.8795	1581	18.0063
ERR13927504.8796	1543	16.7576
ERR13927504.8797	1574	17.0909
ERR13927504.8798	1532	16.0842
ERR13927504.8799	1550	15.5181
ERR13927504.8800	1550	19.6600
ERR13927504.8801	1542	17.5091
ERR13927504.8802	1529	16.7090
ERR13927504.8803	1079	18.0992
ERR13927504.8804	1582	18.3496
ERR13927504.8805	1583	21.3285
ERR13927504.8806	1573	15.4685
ERR13927504.8807	1534	16.3664
ERR13927504.8808	1455	14.7443
ERR13927504.8809	1515	17.2957
ERR13927504.8810	1141	18.8738
ERR13927504.8811	1589	20.2435
ERR13927504.8812	1576	17.5127
ERR13927504.8813	1560	18.3404
ERR13927504.8814	1575	18.9168
ERR13927504.8815	1562	18.0128
ERR13927504.8816	1526	17.6763
ERR13927504.8817	1565	14.3859
ERR13927504.8818	1553	16.8210
ERR13927504.8819	596	18.1594
ERR13927504.8820	1589	20.1460
ERR13927504.8821	1564	16.7481
ERR13927504.8822	1539	17.4743
ERR13927504.8823	1542	15.8709
ERR13927504.8824	1563	18.7441
ERR13927504.8825	1532	15.7415
ERR13927504.8826	1597	17.9455
ERR13927504.8827	1122	15.9795
ERR13927504.8828	1460	15.5596
ERR13927504.8829	849	19.3086
ERR13927504.8830	1534	16.1037
ERR13927504.8831	1542	18.1102
ERR13927504.8832	1516	17.3285
ERR13927504.8833	1517	16.8827
ERR13927504.8834	1570	18.4433
ERR13927504.8835	1590	16.3679
ERR13927504.8836	1511	18.7101
ERR13927504.8837	1590	16.8717
ERR13927504.8838	1423	21.6022
ERR13927504.8839	1002	19.0858
ERR13927504.8840	1551	16.8498
ERR13927504.8841	1559	18.1790
ERR13927504.8842	1586	18.7213
ERR13927504.8843	1542	17.2315
ERR13927504.8844	1551	14.6132
ERR13927504.8845	1590	20.0830
ERR13927504.8846	1582	17.7263
ERR13927504.8847	1531	16.2952
ERR13927504.8848	1578	17.3682
ERR13927504.8849	1545	15.7249
ERR13927504.8850	1570	15.0548
ERR13927504.8851	1558	17.7792
ERR13927504.8852	1565	18.1393
ERR13927504.8853	1569	17.3225
ERR13927504.8854	993	20.2991
ERR13927504.8855	1552	17.7584
ERR13927504.8856	1566	18.7414
ERR13927504.8857	1568	18.6531
ERR13927504.8858	1549	19.1123
ERR13927504.8859	1563	17.6910
ERR13927504.8860	1585	15.8435
ERR13927504.8861	1533	17.3470
ERR13927504.8862	1555	17.1228
ERR13927504.8863	1574	16.2770
ERR13927504.8864	1570	15.9994
ERR13927504.8865	1524	17.0459
ERR13927504.8866	1596	17.2406
ERR13927504.8867	1554	19.7973
ERR13927504.8868	1533	15.9211
ERR13927504.8869	1579	17.8265
ERR13927504.8870	1443	16.4456
ERR13927504.8871	1550	18.2974
ERR13927504.8872	1563	19.4523
ERR13927504.8873	1579	19.9139
ERR13927504.8874	1602	18.4051
ERR13927504.8875	1561	17.6099
ERR13927504.8876	1619	20.2267
ERR13927504.8877	545	19.9119
ERR13927504.8878	1539	17.2034
ERR13927504.8879	1540	20.0494
ERR13927504.8880	1553	17.3580
ERR13927504.8881	1512	19.0040
ERR13927504.8882	1550	15.2613
ERR13927504.8883	1506	18.0418
ERR13927504.8884	1531	16.4500
ERR13927504.8885	1556	18.6581
ERR13927504.8886	1520	16.3243
ERR13927504.8887	1642	16.9708
ERR13927504.8888	1464	15.1762
ERR13927504.8889	1564	16.7474
ERR13927504.8890	1581	18.0164
ERR13927504.8891	1610	17.2938
ERR13927504.8892	1565	16.0473
ERR13927504.8893	1519	16.7380
ERR13927504.8894	1549	16.2014
ERR13927504.8895	1597	18.9587
ERR13927504.8896	1577	19.1477
ERR13927504.8897	1571	18.1738
ERR13927504.8898	1564	17.0448
ERR13927504.8899	1493	16.0482
ERR13927504.8900	1508	14.6950
ERR13927504.8901	1519	16.4779
ERR13927504.8902	1583	15.9324
ERR13927504.8903	1576	19.1986
ERR13927504.8904	1554	19.5438
ERR13927504.8905	1596	17.8202
ERR13927504.8906	1584	17.8093
ERR13927504.8907	1566	17.6309
ERR13927504.8908	1515	17.2502
ERR13927504.8909	1575	19.9276
ERR13927504.8910	1162	17.8391
ERR13927504.8911	1588	17.2135
ERR13927504.8912	1564	17.9162
ERR13927504.8913	1541	15.2057
ERR13927504.8914	1562	16.0506
ERR13927504.8915	1428	16.9797
ERR13927504.8916	1460	14.8582
ERR13927504.8917	1549	17.5991
ERR13927504.8918	1577	18.8180
ERR13927504.8919	1560	15.7359
ERR13927504.8920	1489	17.2478
ERR13927504.8921	1520	16.2941
ERR13927504.8922	1526	16.1186
ERR13927504.8923	1556	16.8573
ERR13927504.8924	1544	19.0104
ERR13927504.8925	1512	15.1918
ERR13927504.8926	1561	15.7136
ERR13927504.8927	981	15.8787
ERR13927504.8928	1587	15.5041
ERR13927504.8929	1554	18.0624
ERR13927504.8930	1545	18.2434
ERR13927504.8931	1565	20.7482
ERR13927504.8932	1528	14.8181
ERR13927504.8933	1536	19.9772
ERR13927504.8934	1546	16.3422
ERR13927504.8935	1556	17.4190
ERR13927504.8936	1586	21.7970
ERR13927504.8937	1535	16.0782
ERR13927504.8938	1571	19.7142
ERR13927504.8939	1530	15.5170
ERR13927504.8940	1522	15.6347
ERR13927504.8941	1566	15.7420
ERR13927504.8942	1546	16.7484
ERR13927504.8943	1565	16.2633
ERR13927504.8944	1420	19.1768
ERR13927504.8945	1571	18.1400
ERR13927504.8946	1552	16.0599
ERR13927504.8947	1519	15.8163
ERR13927504.8948	1563	16.6123
ERR13927504.8949	1458	13.9499
ERR13927504.8950	1565	18.4812
ERR13927504.8951	1540	15.9701
ERR13927504.8952	1587	16.2067
ERR13927504.8953	1533	15.2407
ERR13927504.8954	1533	15.8904
ERR13927504.8955	1583	17.5736
ERR13927504.8956	1494	18.0495
ERR13927504.8957	1550	17.8768
ERR13927504.8958	1468	16.3018
ERR13927504.8959	1489	16.1316
ERR13927504.8960	1548	15.6357
ERR13927504.8961	1059	16.9500
ERR13927504.8962	1548	17.4102
ERR13927504.8963	1564	16.1119
ERR13927504.8964	1541	18.6158
ERR13927504.8965	348	17.5431
ERR13927504.8966	1563	19.8772
ERR13927504.8967	1565	18.9482
ERR13927504.8968	1533	14.6491
ERR13927504.8969	1598	19.1245
ERR13927504.8970	1569	18.0440
ERR13927504.8971	1542	20.2918
ERR13927504.8972	1591	19.7071
ERR13927504.8973	1525	17.5075
ERR13927504.8974	1577	19.1237
ERR13927504.8975	1573	16.8703
ERR13927504.8976	1585	20.1842
ERR13927504.8977	1535	18.2756
ERR13927504.8978	1534	18.5600
ERR13927504.8979	1558	15.2644
ERR13927504.8980	1522	15.8784
ERR13927504.8981	1502	16.6172
ERR13927504.8982	2672	20.1388
ERR13927504.8983	1523	19.5515
ERR13927504.8984	1532	15.4295
ERR13927504.8985	1543	16.4238
ERR13927504.8986	1579	15.6751
ERR13927504.8987	1531	17.3011
ERR13927504.8988	1577	20.0349
ERR13927504.8989	1572	20.7551
ERR13927504.8990	1596	19.1140
ERR13927504.8991	1556	19.7018
ERR13927504.8992	1521	15.7094
ERR13927504.8993	1547	15.2696
ERR13927504.8994	1524	17.0833
ERR13927504.8995	1599	19.9243
ERR13927504.8996	1563	18.8983
ERR13927504.8997	1572	17.3760
ERR13927504.8998	1581	19.0221
ERR13927504.8999	1538	17.3544
ERR13927504.9000	1556	17.9428
ERR13927504.9001	1555	17.9788
ERR13927504.9002	1512	17.4821
ERR13927504.9003	1560	16.8218
ERR13927504.9004	1582	18.3704
ERR13927504.9005	1505	16.3608
ERR13927504.9006	1548	14.4742
ERR13927504.9007	1578	14.9544
ERR13927504.9008	1578	18.3029
ERR13927504.9009	1592	18.0672
ERR13927504.9010	1569	20.7597
ERR13927504.9011	1546	19.2439
ERR13927504.9012	1575	17.2825
ERR13927504.9013	1566	18.3978
ERR13927504.9014	1572	16.5700
ERR13927504.9015	1541	19.8235
ERR13927504.9016	1572	16.1399
ERR13927504.9017	1554	17.0708
ERR13927504.9018	1569	19.1906
ERR13927504.9019	1547	16.8920
ERR13927504.9020	429	15.3916
ERR13927504.9021	1525	16.3685
ERR13927504.9022	1459	17.0912
ERR13927504.9023	1585	16.6145
ERR13927504.9024	1527	17.8828
ERR13927504.9025	1582	15.7314
ERR13927504.9026	1537	17.2563
ERR13927504.9027	1520	16.8303
ERR13927504.9028	1486	15.3075
ERR13927504.9029	1594	17.3269
ERR13927504.9030	1547	16.0045
ERR13927504.9031	1558	20.1297
ERR13927504.9032	1561	18.2582
ERR13927504.9033	1573	15.5645
ERR13927504.9034	1468	15.7098
ERR13927504.9035	1525	17.4111
ERR13927504.9036	1564	18.1886
ERR13927504.9037	1597	16.6963
ERR13927504.9038	1440	18.4097
ERR13927504.9039	1556	19.6395
ERR13927504.9040	1541	16.5211
ERR13927504.9041	1552	17.6115
ERR13927504.9042	1567	20.6522
ERR13927504.9043	1548	16.0187
ERR13927504.9044	1584	15.9419
ERR13927504.9045	1562	18.4936
ERR13927504.9046	1558	17.5796
ERR13927504.9047	1525	15.6085
ERR13927504.9048	1525	16.7266
ERR13927504.9049	1532	19.3799
ERR13927504.9050	1572	18.8321
ERR13927504.9051	1576	18.4784
ERR13927504.9052	1546	17.4191
ERR13927504.9053	1531	19.4546
ERR13927504.9054	1567	17.8807
ERR13927504.9055	1557	19.9428
ERR13927504.9056	1651	16.5403
ERR13927504.9057	1488	18.4194
ERR13927504.9058	1582	18.0082
ERR13927504.9059	1556	18.9434
ERR13927504.9060	1554	18.8430
ERR13927504.9061	1544	16.1043
ERR13927504.9062	1543	17.0006
ERR13927504.9063	1536	15.1602
ERR13927504.9064	1549	20.2892
ERR13927504.9065	1578	16.0000
ERR13927504.9066	1565	16.4281
ERR13927504.9067	1585	16.1584
ERR13927504.9068	1544	19.2519
ERR13927504.9069	1580	20.2956
ERR13927504.9070	1565	18.5035
ERR13927504.9071	1543	16.0830
ERR13927504.9072	1556	17.7095
ERR13927504.9073	1545	16.9443
ERR13927504.9074	1558	16.8498
ERR13927504.9075	1556	16.9769
ERR13927504.9076	1548	18.1660
ERR13927504.9077	1557	16.1137
ERR13927504.9078	1520	15.0388
ERR13927504.9079	1549	16.7276
ERR13927504.9080	1480	17.6750
ERR13927504.9081	1582	18.5247
ERR13927504.9082	1503	17.7705
ERR13927504.9083	1538	17.8088
ERR13927504.9084	1526	17.8814
ERR13927504.9085	1547	17.4661
ERR13927504.9086	1580	16.6487
ERR13927504.9087	1533	14.8598
ERR13927504.9088	1574	18.7935
ERR13927504.9089	1546	17.9534
ERR13927504.9090	1612	18.7947
ERR13927504.9091	1596	20.4486
ERR13927504.9092	1570	14.5357
ERR13927504.9093	1553	18.5750
ERR13927504.9094	1512	15.7341
ERR13927504.9095	1570	17.5739
ERR13927504.9096	1546	20.7988
ERR13927504.9097	1571	16.3151
ERR13927504.9098	1529	17.9686
ERR13927504.9099	1559	15.1860
ERR13927504.9100	1499	17.1755
ERR13927504.9101	1533	18.2420
ERR13927504.9102	1565	16.6914
ERR13927504.9103	1558	15.2484
ERR13927504.9104	1571	18.5048
ERR13927504.9105	1579	20.6985
ERR13927504.9106	1553	15.3838
ERR13927504.9107	1580	19.0905
ERR13927504.9108	1569	18.7546
ERR13927504.9109	1548	15.8689
ERR13927504.9110	1565	16.8435
ERR13927504.9111	1582	16.0487
ERR13927504.9112	1554	17.0373
ERR13927504.9113	1580	17.3222
ERR13927504.9114	1586	18.4111
ERR13927504.9115	1557	17.1387
ERR13927504.9116	3041	17.2795
ERR13927504.9117	1552	15.0503
ERR13927504.9118	1532	16.2507
ERR13927504.9119	1557	16.8137
ERR13927504.9120	1570	18.0796
ERR13927504.9121	1568	15.6716
ERR13927504.9122	348	18.4741
ERR13927504.9123	1138	16.1037
ERR13927504.9124	1554	19.6403
ERR13927504.9125	1582	16.4791
ERR13927504.9126	1565	21.0505
ERR13927504.9127	1558	14.6701
ERR13927504.9128	1419	19.0973
ERR13927504.9129	1559	18.1309
ERR13927504.9130	1569	18.8630
ERR13927504.9131	1568	18.4656
ERR13927504.9132	1396	14.8080
ERR13927504.9133	1542	17.2354
ERR13927504.9134	1275	15.6110
ERR13927504.9135	1332	17.5758
ERR13927504.9136	1568	18.2092
ERR13927504.9137	1472	14.5190
ERR13927504.9138	1561	17.2325
ERR13927504.9139	1576	18.0317
ERR13927504.9140	1568	19.2277
ERR13927504.9141	1585	17.9319
ERR13927504.9142	1565	18.2396
ERR13927504.9143	1508	14.8866
ERR13927504.9144	1525	15.2872
ERR13927504.9145	1543	18.9896
ERR13927504.9146	1555	15.5691
ERR13927504.9147	1584	17.0941
ERR13927504.9148	1579	19.5864
ERR13927504.9149	1570	17.8516
ERR13927504.9150	1573	17.4005
ERR13927504.9151	1560	18.1237
ERR13927504.9152	1538	15.7692
ERR13927504.9153	1569	18.7852
ERR13927504.9154	1501	15.2745
ERR13927504.9155	1538	15.2139
ERR13927504.9156	1578	17.1705
ERR13927504.9157	1514	17.5641
ERR13927504.9158	1523	17.1733
ERR13927504.9159	1704	18.3621
ERR13927504.9160	1533	14.4410
ERR13927504.9161	1597	16.5492
ERR13927504.9162	1562	15.9846
ERR13927504.9163	1530	18.3183
ERR13927504.9164	1520	16.5691
ERR13927504.9165	1450	15.4214
ERR13927504.9166	1564	18.3504
ERR13927504.9167	1500	16.1360
ERR13927504.9168	1591	19.0383
ERR13927504.9169	1536	17.3392
ERR13927504.9170	1548	16.8191
ERR13927504.9171	1523	16.1385
ERR13927504.9172	1581	17.8899
ERR13927504.9173	1599	19.3496
ERR13927504.9174	1571	15.6474
ERR13927504.9175	1543	16.6785
ERR13927504.9176	1588	19.4628
ERR13927504.9177	1594	18.5577
ERR13927504.9178	1292	15.0488
ERR13927504.9179	1575	17.3060
ERR13927504.9180	1545	17.9197
ERR13927504.9181	1540	15.2487
ERR13927504.9182	1554	17.1293
ERR13927504.9183	1654	20.0091
ERR13927504.9184	1563	16.9341
ERR13927504.9185	1479	19.4091
ERR13927504.9186	1556	16.6909
ERR13927504.9187	1529	17.0876
ERR13927504.9188	1512	17.0304
ERR13927504.9189	1566	19.7618
ERR13927504.9190	1585	17.0423
ERR13927504.9191	1541	16.3971
ERR13927504.9192	1576	17.1034
ERR13927504.9193	1517	16.5564
ERR13927504.9194	1541	16.8579
ERR13927504.9195	1413	17.3404
ERR13927504.9196	1561	17.6553
ERR13927504.9197	1522	16.7083
ERR13927504.9198	1560	17.7846
ERR13927504.9199	1574	18.3628
ERR13927504.9200	1542	18.7425
ERR13927504.9201	1563	18.0038
ERR13927504.9202	3094	17.0314
ERR13927504.9203	1559	17.8332
ERR13927504.9204	1519	17.3107
ERR13927504.9205	1508	15.9032
ERR13927504.9206	1547	19.1086
ERR13927504.9207	1579	17.8037
ERR13927504.9208	1558	15.7888
ERR13927504.9209	1569	17.0019
ERR13927504.9210	1499	15.1548
ERR13927504.9211	1557	16.1240
ERR13927504.9212	1535	17.0984
ERR13927504.9213	1515	15.0964
ERR13927504.9214	1544	17.6535
ERR13927504.9215	1535	17.0039
ERR13927504.9216	1527	16.4702
ERR13927504.9217	1588	17.7563
ERR13927504.9218	1574	21.5184
ERR13927504.9219	1424	16.1721
ERR13927504.9220	1551	15.6796
ERR13927504.9221	1564	19.1324
ERR13927504.9222	1540	14.9812
ERR13927504.9223	1574	18.2726
ERR13927504.9224	1581	15.8792
ERR13927504.9225	1535	16.3544
ERR13927504.9226	1571	16.1209
ERR13927504.9227	1537	18.0000
ERR13927504.9228	1541	18.8222
ERR13927504.9229	1549	16.3854
ERR13927504.9230	1587	17.5054
ERR13927504.9231	1572	17.2017
ERR13927504.9232	1547	20.0983
ERR13927504.9233	1573	18.7324
ERR13927504.9234	1557	17.5151
ERR13927504.9235	1577	16.5390
ERR13927504.9236	1539	17.7999
ERR13927504.9237	1575	18.7448
ERR13927504.9238	1579	15.9107
ERR13927504.9239	1533	19.3960
ERR13927504.9240	1572	17.5223
ERR13927504.9241	1548	15.1279
ERR13927504.9242	1577	17.3424
ERR13927504.9243	1588	15.4597
ERR13927504.9244	1524	16.4560
ERR13927504.9245	1612	16.8933
ERR13927504.9246	1523	18.0834
ERR13927504.9247	1513	16.6748
ERR13927504.9248	1541	19.8533
ERR13927504.9249	1520	16.8388
ERR13927504.9250	1578	16.7731
ERR13927504.9251	1578	16.8492
ERR13927504.9252	1470	21.1143
ERR13927504.9253	1446	15.5394
ERR13927504.9254	1557	18.8060
ERR13927504.9255	1469	17.3907
ERR13927504.9256	1572	19.0006
ERR13927504.9257	1535	16.7752
ERR13927504.9258	1548	15.3753
ERR13927504.9259	1543	15.1964
ERR13927504.9260	1559	18.4971
ERR13927504.9261	1539	17.2229
ERR13927504.9262	1562	19.5250
ERR13927504.9263	1524	16.0190
ERR13927504.9264	1530	15.9170
ERR13927504.9265	1580	18.9766
ERR13927504.9266	1543	19.1899
ERR13927504.9267	1573	16.5620
ERR13927504.9268	1563	18.4427
ERR13927504.9269	1545	18.7320
ERR13927504.9270	1555	17.7460
ERR13927504.9271	1553	20.1223
ERR13927504.9272	1548	15.6040
ERR13927504.9273	1511	16.8908
ERR13927504.9274	1481	13.8717
ERR13927504.9275	1573	16.1113
ERR13927504.9276	1488	15.3105
ERR13927504.9277	1562	16.2804
ERR13927504.9278	1512	18.0040
ERR13927504.9279	1528	19.2402
ERR13927504.9280	1527	16.5743
ERR13927504.9281	1541	17.7982
ERR13927504.9282	1507	16.9303
ERR13927504.9283	1494	17.5489
ERR13927504.9284	1525	17.4761
ERR13927504.9285	1571	16.2928
ERR13927504.9286	1579	17.3870
ERR13927504.9287	1612	18.3877
ERR13927504.9288	1582	17.1113
ERR13927504.9289	1485	14.0128
ERR13927504.9290	1578	18.5158
ERR13927504.9291	1566	19.6207
ERR13927504.9292	1599	17.8543
ERR13927504.9293	1548	17.3902
ERR13927504.9294	1494	17.3474
ERR13927504.9295	1549	19.8980
ERR13927504.9296	1535	16.0710
ERR13927504.9297	1555	18.3010
ERR13927504.9298	1551	18.0916
ERR13927504.9299	1594	17.3538
ERR13927504.9300	1594	18.8011
ERR13927504.9301	1557	18.9499
ERR13927504.9302	1583	20.0777
ERR13927504.9303	1607	16.7530
ERR13927504.9304	1564	19.3728
ERR13927504.9305	1551	17.0767
ERR13927504.9306	1530	17.2948
ERR13927504.9307	1194	17.5787
ERR13927504.9308	1546	15.8887
ERR13927504.9309	1499	17.4763
ERR13927504.9310	1524	14.9790
ERR13927504.9311	1563	17.9488
ERR13927504.9312	1476	17.0183
ERR13927504.9313	1531	18.1104
ERR13927504.9314	1554	16.9788
ERR13927504.9315	1574	17.5210
ERR13927504.9316	1490	16.6987
ERR13927504.9317	1543	16.5308
ERR13927504.9318	1546	17.2561
ERR13927504.9319	1487	16.8420
ERR13927504.9320	1581	18.5623
ERR13927504.9321	1555	18.1453
ERR13927504.9322	1557	15.4669
ERR13927504.9323	1563	20.5157
ERR13927504.9324	1567	19.4237
ERR13927504.9325	1448	17.1547
ERR13927504.9326	1573	18.1284
ERR13927504.9327	1531	16.0372
ERR13927504.9328	1553	19.0419
ERR13927504.9329	1535	15.7153
ERR13927504.9330	1538	16.6463
ERR13927504.9331	1496	16.5307
ERR13927504.9332	1543	18.3675
ERR13927504.9333	1561	15.7924
ERR13927504.9334	1352	14.5806
ERR13927504.9335	1538	16.7061
ERR13927504.9336	1553	17.9697
ERR13927504.9337	1572	18.0789
ERR13927504.9338	1538	16.7679
ERR13927504.9339	1574	17.7490
ERR13927504.9340	1494	15.2450
ERR13927504.9341	1526	19.3899
ERR13927504.9342	1591	20.4293
ERR13927504.9343	1579	18.5199
ERR13927504.9344	1542	16.3690
ERR13927504.9345	1547	17.3012
ERR13927504.9346	1526	15.5636
ERR13927504.9347	1530	15.6954
ERR13927504.9348	1517	16.8233
ERR13927504.9349	1596	14.9073
ERR13927504.9350	1598	18.7628
ERR13927504.9351	1548	18.2894
ERR13927504.9352	1580	19.5880
ERR13927504.9353	1548	15.1014
ERR13927504.9354	1131	15.9832
ERR13927504.9355	1518	18.2905
ERR13927504.9356	1552	17.6024
ERR13927504.9357	1488	17.0853
ERR13927504.9358	1538	18.6287
ERR13927504.9359	1553	16.6323
ERR13927504.9360	1552	18.2564
ERR13927504.9361	1578	18.1578
ERR13927504.9362	1549	15.2621
ERR13927504.9363	1529	15.4761
ERR13927504.9364	1525	18.1279
ERR13927504.9365	1550	18.9819
ERR13927504.9366	1530	14.8928
ERR13927504.9367	1523	18.6284
ERR13927504.9368	1590	17.5182
ERR13927504.9369	1553	15.8725
ERR13927504.9370	1540	16.6701
ERR13927504.9371	1572	18.4924
ERR13927504.9372	1571	17.2024
ERR13927504.9373	1588	17.9780
ERR13927504.9374	788	17.4759
ERR13927504.9375	1515	16.1122
ERR13927504.9376	3089	18.3454
ERR13927504.9377	1580	16.6203
ERR13927504.9378	1587	18.4978
ERR13927504.9379	1553	17.0406
ERR13927504.9380	1575	16.7537
ERR13927504.9381	1564	21.2001
ERR13927504.9382	1537	18.6226
ERR13927504.9383	1535	16.4033
ERR13927504.9384	1553	19.4668
ERR13927504.9385	1570	22.0669
ERR13927504.9386	1556	18.2391
ERR13927504.9387	1527	15.5796
ERR13927504.9388	1573	16.3439
ERR13927504.9389	1552	18.3054
ERR13927504.9390	1551	17.3314
ERR13927504.9391	1512	18.0311
ERR13927504.9392	1517	16.7100
ERR13927504.9393	1537	18.2973
ERR13927504.9394	1544	18.6088
ERR13927504.9395	1522	17.0946
ERR13927504.9396	1558	16.7420
ERR13927504.9397	1572	22.7882
ERR13927504.9398	1482	16.8489
ERR13927504.9399	1533	15.3757
ERR13927504.9400	1508	15.8369
ERR13927504.9401	1555	18.0167
ERR13927504.9402	1508	15.6154
ERR13927504.9403	1507	16.2077
ERR13927504.9404	1549	20.9077
ERR13927504.9405	1535	17.1407
ERR13927504.9406	1552	15.4253
ERR13927504.9407	1557	15.8292
ERR13927504.9408	1460	15.0966
ERR13927504.9409	1483	16.0256
ERR13927504.9410	1538	17.5715
ERR13927504.9411	1573	18.5054
ERR13927504.9412	1591	19.5613
ERR13927504.9413	1412	15.0071
ERR13927504.9414	1531	15.5826
ERR13927504.9415	1271	15.5500
ERR13927504.9416	1586	18.8090
ERR13927504.9417	1581	21.2524
ERR13927504.9418	1567	18.7281
ERR13927504.9419	1531	17.4174
ERR13927504.9420	882	16.5113
ERR13927504.9421	1580	19.2703
ERR13927504.9422	1583	19.0297
ERR13927504.9423	1583	15.7359
ERR13927504.9424	1586	16.3197
ERR13927504.9425	1524	16.7808
ERR13927504.9426	1488	15.7493
ERR13927504.9427	1516	16.1121
ERR13927504.9428	1650	17.0933
ERR13927504.9429	1563	15.3500
ERR13927504.9430	1539	14.6998
ERR13927504.9431	1519	17.3845
ERR13927504.9432	1502	14.0899
ERR13927504.9433	1537	17.6753
ERR13927504.9434	1598	22.5788
ERR13927504.9435	1496	15.1290
ERR13927504.9436	1589	18.7048
ERR13927504.9437	1547	14.4370
ERR13927504.9438	1554	15.1474
ERR13927504.9439	1558	15.7657
ERR13927504.9440	1586	18.5340
ERR13927504.9441	1532	16.5183
ERR13927504.9442	1535	16.6795
ERR13927504.9443	1553	16.7611
ERR13927504.9444	1534	17.1851
ERR13927504.9445	1510	15.9583
ERR13927504.9446	1549	18.4939
ERR13927504.9447	1552	15.3119
ERR13927504.9448	1593	18.5957
ERR13927504.9449	1552	17.2055
ERR13927504.9450	1554	18.9099
ERR13927504.9451	1550	18.1490
ERR13927504.9452	1566	15.3748
ERR13927504.9453	1547	19.8106
ERR13927504.9454	1069	16.8307
ERR13927504.9455	991	17.7497
ERR13927504.9456	1567	19.1602
ERR13927504.9457	1569	18.6106
ERR13927504.9458	1528	17.0602
ERR13927504.9459	1599	22.4428
ERR13927504.9460	1614	17.7082
ERR13927504.9461	1547	18.5378
ERR13927504.9462	1432	16.8876
ERR13927504.9463	1542	16.6427
ERR13927504.9464	1510	16.8722
ERR13927504.9465	1538	17.2529
ERR13927504.9466	1545	19.2362
ERR13927504.9467	1579	19.6156
ERR13927504.9468	1556	20.0803
ERR13927504.9469	1574	20.0038
ERR13927504.9470	1534	15.1669
ERR13927504.9471	1541	15.5840
ERR13927504.9472	1606	17.2727
ERR13927504.9473	1453	16.7509
ERR13927504.9474	1525	19.3908
ERR13927504.9475	1588	18.7261
ERR13927504.9476	1548	16.3818
ERR13927504.9477	1538	15.9408
ERR13927504.9478	1580	19.7462
ERR13927504.9479	1554	20.4131
ERR13927504.9480	1509	16.7011
ERR13927504.9481	1527	18.3235
ERR13927504.9482	1546	17.4276
ERR13927504.9483	1540	19.0994
ERR13927504.9484	1586	21.0208
ERR13927504.9485	1560	15.0494
ERR13927504.9486	1575	18.9752
ERR13927504.9487	1545	15.3087
ERR13927504.9488	1558	18.5687
ERR13927504.9489	1544	15.2409
ERR13927504.9490	1583	16.2571
ERR13927504.9491	1176	15.4779
ERR13927504.9492	1581	18.6496
ERR13927504.9493	1579	17.2635
ERR13927504.9494	1560	19.9929
ERR13927504.9495	536	16.2687
ERR13927504.9496	1566	18.5428
ERR13927504.9497	1533	19.7130
ERR13927504.9498	1578	16.3270
ERR13927504.9499	1527	19.1631
ERR13927504.9500	1522	17.1695
ERR13927504.9501	1568	16.0115
ERR13927504.9502	1576	17.0057
ERR13927504.9503	1552	16.4633
ERR13927504.9504	1579	19.6998
ERR13927504.9505	1567	18.6299
ERR13927504.9506	1609	17.4972
ERR13927504.9507	1526	16.0439
ERR13927504.9508	1565	19.4537
ERR13927504.9509	1524	16.5978
ERR13927504.9510	1554	19.1429
ERR13927504.9511	1523	18.3473
ERR13927504.9512	1566	20.0121
ERR13927504.9513	1576	18.6637
ERR13927504.9514	1572	16.4020
ERR13927504.9515	1581	21.1714
ERR13927504.9516	1589	17.3128
ERR13927504.9517	1568	15.3935
ERR13927504.9518	1565	19.6000
ERR13927504.9519	1552	19.2970
ERR13927504.9520	1578	19.5272
ERR13927504.9521	1673	17.2469
ERR13927504.9522	1585	15.2820
ERR13927504.9523	1601	17.8039
ERR13927504.9524	1507	14.8361
ERR13927504.9525	1559	16.4804
ERR13927504.9526	1553	19.0328
ERR13927504.9527	1551	17.9813
ERR13927504.9528	1571	15.1833
ERR13927504.9529	1546	20.1746
ERR13927504.9530	1528	19.6237
ERR13927504.9531	1539	19.9695
ERR13927504.9532	1041	17.0000
ERR13927504.9533	1548	17.6615
ERR13927504.9534	1559	16.7710
ERR13927504.9535	1549	15.8186
ERR13927504.9536	1585	19.9325
ERR13927504.9537	1538	16.3362
ERR13927504.9538	1600	21.8356
ERR13927504.9539	3115	18.6873
ERR13927504.9540	1554	21.6049
ERR13927504.9541	1573	18.8125
ERR13927504.9542	1523	18.5174
ERR13927504.9543	1569	17.8215
ERR13927504.9544	1524	16.0466
ERR13927504.9545	1501	16.4131
ERR13927504.9546	1547	17.1345
ERR13927504.9547	1484	14.6570
ERR13927504.9548	1514	16.8943
ERR13927504.9549	1576	16.9404
ERR13927504.9550	1495	17.0161
ERR13927504.9551	1567	18.2929
ERR13927504.9552	1542	17.5240
ERR13927504.9553	1552	18.4446
ERR13927504.9554	1552	15.2680
ERR13927504.9555	1563	19.0237
ERR13927504.9556	1578	18.7852
ERR13927504.9557	1569	18.1147
ERR13927504.9558	1542	17.8936
ERR13927504.9559	1556	15.5341
ERR13927504.9560	1502	14.7330
ERR13927504.9561	1572	16.7704
ERR13927504.9562	1564	15.5217
ERR13927504.9563	1493	18.6202
ERR13927504.9564	1583	18.5818
ERR13927504.9565	1569	18.4990
ERR13927504.9566	1520	15.3467
ERR13927504.9567	1489	19.1323
ERR13927504.9568	1566	15.3455
ERR13927504.9569	1597	18.9718
ERR13927504.9570	1440	17.6132
ERR13927504.9571	1514	16.9049
ERR13927504.9572	1529	17.9863
ERR13927504.9573	1573	18.2594
ERR13927504.9574	1563	15.7294
ERR13927504.9575	1536	18.0742
ERR13927504.9576	1528	17.2624
ERR13927504.9577	1578	16.6388
ERR13927504.9578	1567	16.0383
ERR13927504.9579	1543	17.2534
ERR13927504.9580	1552	19.6927
ERR13927504.9581	1473	15.6348
ERR13927504.9582	1530	16.8510
ERR13927504.9583	1510	16.0662
ERR13927504.9584	1550	16.7529
ERR13927504.9585	1586	18.2718
ERR13927504.9586	1516	14.8839
ERR13927504.9587	1513	15.3714
ERR13927504.9588	1423	15.3064
ERR13927504.9589	1565	16.8594
ERR13927504.9590	1529	16.7724
ERR13927504.9591	1534	19.3214
ERR13927504.9592	1494	16.0529
ERR13927504.9593	1570	15.0446
ERR13927504.9594	1567	18.8481
ERR13927504.9595	1567	21.7747
ERR13927504.9596	1547	14.9774
ERR13927504.9597	1558	17.2144
ERR13927504.9598	1573	19.7940
ERR13927504.9599	1553	16.4887
ERR13927504.9600	1567	17.2661
ERR13927504.9601	1567	18.2808
ERR13927504.9602	1554	15.4826
ERR13927504.9603	1584	17.6105
ERR13927504.9604	1528	20.0609
ERR13927504.9605	1558	18.8389
ERR13927504.9606	1579	18.4826
ERR13927504.9607	1554	17.7046
ERR13927504.9608	1557	16.2948
ERR13927504.9609	1572	16.0000
ERR13927504.9610	1518	16.9045
ERR13927504.9611	1587	20.6175
ERR13927504.9612	1519	16.4819
ERR13927504.9613	3174	16.3529
ERR13927504.9614	1556	18.8702
ERR13927504.9615	1559	18.0443
ERR13927504.9616	1600	17.5856
ERR13927504.9617	1625	17.3705
ERR13927504.9618	1567	18.2285
ERR13927504.9619	1585	20.6410
ERR13927504.9620	1574	19.5413
ERR13927504.9621	1582	17.7781
ERR13927504.9622	1573	18.9034
ERR13927504.9623	1554	17.5122
ERR13927504.9624	1593	20.3214
ERR13927504.9625	1561	19.8008
ERR13927504.9626	1642	17.8216
ERR13927504.9627	1553	16.5557
ERR13927504.9628	1579	16.3471
ERR13927504.9629	1555	20.8952
ERR13927504.9630	1571	18.9631
ERR13927504.9631	1530	14.4843
ERR13927504.9632	1551	18.2121
ERR13927504.9633	1525	15.5856
ERR13927504.9634	1537	18.2297
ERR13927504.9635	1553	18.8467
ERR13927504.9636	1495	15.4930
ERR13927504.9637	1563	15.2207
ERR13927504.9638	426	18.2300
ERR13927504.9639	1553	18.0361
ERR13927504.9640	1591	19.6688
ERR13927504.9641	1568	22.5657
ERR13927504.9642	1596	19.3271
ERR13927504.9643	1548	16.5568
ERR13927504.9644	1552	19.2719
ERR13927504.9645	1562	21.0698
ERR13927504.9646	1532	16.7898
ERR13927504.9647	1563	16.0576
ERR13927504.9648	1482	17.7706
ERR13927504.9649	1585	18.5521
ERR13927504.9650	1556	19.1041
ERR13927504.9651	1617	18.8794
ERR13927504.9652	1569	19.8802
ERR13927504.9653	1604	17.1160
ERR13927504.9654	1556	20.3085
ERR13927504.9655	1559	16.8089
ERR13927504.9656	1590	21.0459
ERR13927504.9657	1566	16.0434
ERR13927504.9658	1539	16.6862
ERR13927504.9659	1594	15.6205
ERR13927504.9660	1572	18.3995
ERR13927504.9661	1530	17.4346
ERR13927504.9662	1533	16.6849
ERR13927504.9663	1549	17.8502
ERR13927504.9664	1566	18.2829
ERR13927504.9665	1499	15.8212
ERR13927504.9666	1591	19.6003
ERR13927504.9667	1514	15.9168
ERR13927504.9668	1528	16.2984
ERR13927504.9669	1527	15.6215
ERR13927504.9670	1555	18.9305
ERR13927504.9671	1557	16.8240
ERR13927504.9672	1541	16.6645
ERR13927504.9673	1536	17.9329
ERR13927504.9674	1523	14.5890
ERR13927504.9675	1513	18.3291
ERR13927504.9676	1519	16.8216
ERR13927504.9677	1528	16.3946
ERR13927504.9678	1577	16.2245
ERR13927504.9679	1577	19.0057
ERR13927504.9680	1523	16.4636
ERR13927504.9681	1590	18.3855
ERR13927504.9682	1569	16.6597
ERR13927504.9683	1553	19.6491
ERR13927504.9684	1542	15.4883
ERR13927504.9685	1547	17.6820
ERR13927504.9686	1588	18.6499
ERR13927504.9687	1634	16.7521
ERR13927504.9688	1506	15.4442
ERR13927504.9689	1544	16.0019
ERR13927504.9690	1578	18.5621
ERR13927504.9691	1577	18.3538
ERR13927504.9692	1539	18.7693
ERR13927504.9693	1577	18.3437
ERR13927504.9694	1545	16.6298
ERR13927504.9695	1541	15.4108
ERR13927504.9696	1509	17.0166
ERR13927504.9697	1579	19.8562
ERR13927504.9698	1555	17.3891
ERR13927504.9699	1536	17.5137
ERR13927504.9700	1512	15.8353
ERR13927504.9701	1405	20.2982
ERR13927504.9702	1556	18.5006
ERR13927504.9703	1554	16.2748
ERR13927504.9704	1600	15.7275
ERR13927504.9705	1560	17.6090
ERR13927504.9706	1588	14.4553
ERR13927504.9707	1565	15.7796
ERR13927504.9708	1558	16.1431
ERR13927504.9709	1542	15.7789
ERR13927504.9710	1581	18.3030
ERR13927504.9711	1564	20.7621
ERR13927504.9712	1548	17.7326
ERR13927504.9713	1576	18.3484
ERR13927504.9714	1544	15.3672
ERR13927504.9715	1546	16.2801
ERR13927504.9716	1542	18.1997
ERR13927504.9717	1581	16.9911
ERR13927504.9718	1581	20.3416
ERR13927504.9719	1587	17.0284
ERR13927504.9720	1572	21.1679
ERR13927504.9721	1568	18.7723
ERR13927504.9722	1569	18.7393
ERR13927504.9723	1542	15.5551
ERR13927504.9724	1556	17.1105
ERR13927504.9725	1514	15.3554
ERR13927504.9726	1540	19.5364
ERR13927504.9727	1552	17.5058
ERR13927504.9728	1558	18.7490
ERR13927504.9729	1552	15.9568
ERR13927504.9730	1545	18.9780
ERR13927504.9731	1575	18.7003
ERR13927504.9732	1550	17.0948
ERR13927504.9733	918	16.2680
ERR13927504.9734	1495	14.3746
ERR13927504.9735	1597	15.2329
ERR13927504.9736	893	14.4233
ERR13927504.9737	1483	14.7053
ERR13927504.9738	1541	18.2881
ERR13927504.9739	1565	19.4364
ERR13927504.9740	1590	19.5560
ERR13927504.9741	1528	16.6073
ERR13927504.9742	1354	19.0443
ERR13927504.9743	1609	16.9211
ERR13927504.9744	1547	20.5462
ERR13927504.9745	1547	17.3142
ERR13927504.9746	1542	15.7555
ERR13927504.9747	743	19.2032
ERR13927504.9748	1584	15.8194
ERR13927504.9749	1550	16.8665
ERR13927504.9750	1543	16.8957
ERR13927504.9751	1573	18.7120
ERR13927504.9752	1512	15.4226
ERR13927504.9753	1503	15.6733
ERR13927504.9754	1579	18.0367
ERR13927504.9755	1534	16.1134
ERR13927504.9756	1560	19.0359
ERR13927504.9757	1566	17.2905
ERR13927504.9758	1538	19.1456
ERR13927504.9759	1558	16.2632
ERR13927504.9760	1563	20.0019
ERR13927504.9761	1501	16.0067
ERR13927504.9762	1510	17.2762
ERR13927504.9763	1567	19.2431
ERR13927504.9764	1547	17.1118
ERR13927504.9765	1575	18.0413
ERR13927504.9766	1566	19.2950
ERR13927504.9767	1569	17.8260
ERR13927504.9768	1565	19.1457
ERR13927504.9769	1532	19.0601
ERR13927504.9770	1576	20.3744
ERR13927504.9771	1556	20.5906
ERR13927504.9772	1521	17.6226
ERR13927504.9773	1546	18.9922
ERR13927504.9774	1597	15.6894
ERR13927504.9775	1561	16.2050
ERR13927504.9776	1549	18.3525
ERR13927504.9777	1532	16.6599
ERR13927504.9778	1529	17.1714
ERR13927504.9779	1604	19.3728
ERR13927504.9780	1550	17.6277
ERR13927504.9781	1532	18.0379
ERR13927504.9782	1565	17.1521
ERR13927504.9783	1568	16.8610
ERR13927504.9784	1503	15.9920
ERR13927504.9785	1843	20.8307
ERR13927504.9786	1569	18.4844
ERR13927504.9787	1523	15.8536
ERR13927504.9788	1576	16.1098
ERR13927504.9789	1519	17.8539
ERR13927504.9790	1533	15.0861
ERR13927504.9791	1503	17.8935
ERR13927504.9792	1563	19.1152
ERR13927504.9793	1518	15.8103
ERR13927504.9794	1576	17.0431
ERR13927504.9795	1549	17.5391
ERR13927504.9796	1559	17.5625
ERR13927504.9797	1486	16.0983
ERR13927504.9798	1566	19.6571
ERR13927504.9799	1581	18.6338
ERR13927504.9800	1508	16.1671
ERR13927504.9801	1503	15.6973
ERR13927504.9802	1545	20.4757
ERR13927504.9803	1540	16.2500
ERR13927504.9804	1574	18.4314
ERR13927504.9805	1558	16.4698
ERR13927504.9806	1509	15.8304
ERR13927504.9807	1563	18.1907
ERR13927504.9808	1555	21.7878
ERR13927504.9809	1530	16.5425
ERR13927504.9810	1021	15.0627
ERR13927504.9811	1550	17.0671
ERR13927504.9812	1509	15.5944
ERR13927504.9813	3115	18.0921
ERR13927504.9814	1572	18.1234
ERR13927504.9815	1528	16.4961
ERR13927504.9816	1582	16.7668
ERR13927504.9817	1533	17.4123
ERR13927504.9818	1530	19.7235
ERR13927504.9819	1566	15.6469
ERR13927504.9820	1535	17.5857
ERR13927504.9821	1556	16.0334
ERR13927504.9822	1515	16.6172
ERR13927504.9823	1464	15.2254
ERR13927504.9824	1558	19.7490
ERR13927504.9825	1543	15.6902
ERR13927504.9826	1561	16.7168
ERR13927504.9827	1560	16.7141
ERR13927504.9828	1567	16.3740
ERR13927504.9829	1545	15.9735
ERR13927504.9830	1533	14.8793
ERR13927504.9831	1536	15.5469
ERR13927504.9832	1532	14.9334
ERR13927504.9833	1593	21.1632
ERR13927504.9834	1527	16.6974
ERR13927504.9835	1557	16.7746
ERR13927504.9836	1594	18.9856
ERR13927504.9837	1562	15.4033
ERR13927504.9838	1564	16.7769
ERR13927504.9839	1539	19.5997
ERR13927504.9840	1506	17.1102
ERR13927504.9841	1554	16.2297
ERR13927504.9842	1503	16.3699
ERR13927504.9843	1621	15.1851
ERR13927504.9844	1563	16.8740
ERR13927504.9845	1531	16.6074
ERR13927504.9846	1546	15.4489
ERR13927504.9847	1489	16.2713
ERR13927504.9848	1558	17.8915
ERR13927504.9849	1567	17.4295
ERR13927504.9850	1583	17.2874
ERR13927504.9851	3103	15.3732
ERR13927504.9852	1584	16.9388
ERR13927504.9853	1564	19.6260
ERR13927504.9854	1585	16.5710
ERR13927504.9855	1508	14.5477
ERR13927504.9856	1574	17.7319
ERR13927504.9857	1595	15.6859
ERR13927504.9858	1585	19.6814
ERR13927504.9859	1541	18.4841
ERR13927504.9860	1609	16.3959
ERR13927504.9861	1506	15.8911
ERR13927504.9862	1570	17.8274
ERR13927504.9863	1581	15.0259
ERR13927504.9864	1577	17.6969
ERR13927504.9865	1536	17.9681
ERR13927504.9866	1560	16.6628
ERR13927504.9867	1578	17.4081
ERR13927504.9868	1556	17.7301
ERR13927504.9869	1552	17.2216
ERR13927504.9870	1519	18.3766
ERR13927504.9871	1543	18.5314
ERR13927504.9872	1450	15.1986
ERR13927504.9873	1574	15.5813
ERR13927504.9874	1574	17.6245
ERR13927504.9875	1555	16.4064
ERR13927504.9876	1559	16.8666
ERR13927504.9877	1565	15.5470
ERR13927504.9878	1502	14.5859
ERR13927504.9879	1527	15.6045
ERR13927504.9880	1569	18.9860
ERR13927504.9881	1570	15.9605
ERR13927504.9882	1565	15.4339
ERR13927504.9883	1546	18.4495
ERR13927504.9884	1513	17.7105
ERR13927504.9885	1554	16.7484
ERR13927504.9886	1540	14.6721
ERR13927504.9887	1582	17.4545
ERR13927504.9888	1553	17.7997
ERR13927504.9889	1597	15.1190
ERR13927504.9890	1544	18.3381
ERR13927504.9891	1535	20.9831
ERR13927504.9892	1560	20.0737
ERR13927504.9893	1550	16.8619
ERR13927504.9894	1528	19.3469
ERR13927504.9895	1583	16.8945
ERR13927504.9896	1458	16.4005
ERR13927504.9897	1503	17.8090
ERR13927504.9898	1510	15.0603
ERR13927504.9899	1567	16.3325
ERR13927504.9900	1565	16.6403
ERR13927504.9901	1574	16.9377
ERR13927504.9902	1553	15.6774
ERR13927504.9903	1558	17.6155
ERR13927504.9904	1587	16.6169
ERR13927504.9905	1572	18.3193
ERR13927504.9906	1528	15.5164
ERR13927504.9907	1481	17.4058
ERR13927504.9908	1528	17.4195
ERR13927504.9909	1553	15.5312
ERR13927504.9910	1539	16.5874
ERR13927504.9911	1572	18.8982
ERR13927504.9912	1554	17.7091
ERR13927504.9913	1564	16.6093
ERR13927504.9914	1545	16.2634
ERR13927504.9915	1545	18.4738
ERR13927504.9916	1572	18.5375
ERR13927504.9917	1492	15.1025
ERR13927504.9918	1540	16.2623
ERR13927504.9919	1555	17.2431
ERR13927504.9920	1567	16.0664
ERR13927504.9921	1542	16.3444
ERR13927504.9922	1594	19.4812
ERR13927504.9923	1584	15.3182
ERR13927504.9924	1561	19.9167
ERR13927504.9925	1597	19.4803
ERR13927504.9926	1592	20.5528
ERR13927504.9927	1478	14.9296
ERR13927504.9928	1565	15.2716
ERR13927504.9929	1511	17.1416
ERR13927504.9930	1592	20.6457
ERR13927504.9931	1581	16.6528
ERR13927504.9932	1543	16.7071
ERR13927504.9933	1589	17.1982
ERR13927504.9934	1496	18.7533
ERR13927504.9935	1558	17.2792
ERR13927504.9936	1536	15.1432
ERR13927504.9937	1601	17.1993
ERR13927504.9938	1558	20.0648
ERR13927504.9939	1536	13.9232
ERR13927504.9940	1540	17.1597
ERR13927504.9941	1540	16.7435
ERR13927504.9942	1554	16.9395
ERR13927504.9943	1609	18.2094
ERR13927504.9944	1565	17.4358
ERR13927504.9945	1592	15.4303
ERR13927504.9946	1566	15.6762
ERR13927504.9947	1593	18.4765
ERR13927504.9948	1558	20.7439
ERR13927504.9949	1584	17.2386
ERR13927504.9950	1556	14.4897
ERR13927504.9951	1318	20.0220
ERR13927504.9952	1524	14.7927
ERR13927504.9953	1619	16.3311
ERR13927504.9954	1578	16.9968
ERR13927504.9955	1580	18.3557
ERR13927504.9956	1568	20.8240
ERR13927504.9957	1530	15.3275
ERR13927504.9958	1527	19.3124
ERR13927504.9959	1579	16.6099
ERR13927504.9960	1568	18.4656
ERR13927504.9961	1572	23.2214
ERR13927504.9962	1580	16.6373
ERR13927504.9963	1566	17.2529
ERR13927504.9964	1600	17.5881
ERR13927504.9965	1462	15.0506
ERR13927504.9966	1593	20.2411
ERR13927504.9967	1532	16.2591
ERR13927504.9968	1566	18.9610
ERR13927504.9969	1547	16.2851
ERR13927504.9970	1573	20.1430
ERR13927504.9971	1536	20.2109
ERR13927504.9972	1572	16.2347
ERR13927504.9973	1570	18.3153
ERR13927504.9974	1523	15.3480
ERR13927504.9975	1578	18.1039
ERR13927504.9976	1546	14.2050
ERR13927504.9977	1549	17.0452
ERR13927504.9978	1530	17.8092
ERR13927504.9979	1602	16.2303
ERR13927504.9980	278	12.4065
ERR13927504.9981	1534	16.3605
ERR13927504.9982	1158	15.9784
ERR13927504.9983	1557	15.9030
ERR13927504.9984	1570	16.1287
ERR13927504.9985	1518	17.1014
ERR13927504.9986	1564	16.1662
ERR13927504.9987	1558	18.0096
ERR13927504.9988	1536	17.3255
ERR13927504.9989	1559	16.2296
ERR13927504.9990	1490	18.5376
ERR13927504.9991	1550	17.7813
ERR13927504.9992	1518	15.2661
ERR13927504.9993	1595	18.6263
ERR13927504.9994	1554	16.0393
ERR13927504.9995	1569	15.9962
ERR13927504.9996	1533	17.7606
ERR13927504.9997	1550	16.7974
ERR13927504.9998	1552	19.7442
ERR13927504.9999	1564	16.2871
ERR13927504.10000	1555	14.4212
ERR13927504.10001	1539	16.0981
ERR13927504.10002	1005	16.2876
ERR13927504.10003	1568	18.1620
ERR13927504.10004	1546	17.6028
ERR13927504.10005	1507	16.1579
ERR13927504.10006	1561	15.4036
ERR13927504.10007	1527	15.0537
ERR13927504.10008	1553	15.8983
ERR13927504.10009	1546	17.9955
ERR13927504.10010	1553	18.8835
ERR13927504.10011	1573	18.9657
ERR13927504.10012	1415	16.0064
ERR13927504.10013	1312	20.3087
ERR13927504.10014	1525	15.3974
ERR13927504.10015	1555	17.5035
ERR13927504.10016	1558	16.7599
ERR13927504.10017	1523	15.7433
ERR13927504.10018	1409	15.7367
ERR13927504.10019	1511	16.8498
ERR13927504.10020	1559	13.6600
ERR13927504.10021	1539	15.3749
ERR13927504.10022	1508	16.3568
ERR13927504.10023	1546	20.4702
ERR13927504.10024	1583	16.5496
ERR13927504.10025	1583	17.6791
ERR13927504.10026	1553	19.1256
ERR13927504.10027	1588	16.1511
ERR13927504.10028	1562	16.9654
ERR13927504.10029	1478	16.4384
ERR13927504.10030	1539	15.3905
ERR13927504.10031	1556	16.6967
ERR13927504.10032	1538	15.1788
ERR13927504.10033	1530	19.4954
ERR13927504.10034	1545	15.0621
ERR13927504.10035	1539	14.6517
ERR13927504.10036	1496	14.0575
ERR13927504.10037	1510	16.9921
ERR13927504.10038	1120	16.3973
ERR13927504.10039	1533	17.6458
ERR13927504.10040	1541	15.7904
ERR13927504.10041	1518	15.8538
ERR13927504.10042	1552	16.8305
ERR13927504.10043	1563	18.4715
ERR13927504.10044	1584	16.7576
ERR13927504.10045	1567	14.6975
ERR13927504.10046	1560	17.8135
ERR13927504.10047	1532	17.7598
ERR13927504.10048	1543	19.0026
ERR13927504.10049	1514	15.8520
ERR13927504.10050	1543	16.1847
ERR13927504.10051	607	18.5766
ERR13927504.10052	1532	16.8531
ERR13927504.10053	1531	14.9987
ERR13927504.10054	1564	17.9955
ERR13927504.10055	1547	17.3937
ERR13927504.10056	1533	18.2009
ERR13927504.10057	1565	18.0377
ERR13927504.10058	1575	16.7232
ERR13927504.10059	1494	17.1178
ERR13927504.10060	1566	15.5249
ERR13927504.10061	1560	17.5244
ERR13927504.10062	1352	16.8898
ERR13927504.10063	1546	16.4263
ERR13927504.10064	1527	18.2037
ERR13927504.10065	557	13.7774
ERR13927504.10066	1570	17.3293
ERR13927504.10067	1564	19.1579
ERR13927504.10068	860	17.7744
ERR13927504.10069	1583	17.8819
ERR13927504.10070	1440	16.5736
ERR13927504.10071	1300	15.4162
ERR13927504.10072	1522	15.5499
ERR13927504.10073	1561	15.0641
ERR13927504.10074	1514	18.5575
ERR13927504.10075	1561	14.5817
ERR13927504.10076	1515	14.3208
ERR13927504.10077	1513	18.7614
ERR13927504.10078	1559	19.2598
ERR13927504.10079	1573	15.6790
ERR13927504.10080	1509	16.1252
ERR13927504.10081	1154	16.2617
ERR13927504.10082	1561	17.7457
ERR13927504.10083	1570	16.0268
ERR13927504.10084	1547	18.5249
ERR13927504.10085	1516	14.6669
ERR13927504.10086	1527	18.0013
ERR13927504.10087	1577	17.1313
ERR13927504.10088	1582	20.3818
ERR13927504.10089	1593	17.6585
ERR13927504.10090	1527	16.0596
ERR13927504.10091	1480	14.8277
ERR13927504.10092	1510	15.9808
ERR13927504.10093	1583	18.4087
ERR13927504.10094	1581	20.2524
ERR13927504.10095	1592	18.1815
ERR13927504.10096	1549	17.9490
ERR13927504.10097	1507	19.0292
ERR13927504.10098	1468	14.2050
ERR13927504.10099	1546	17.4360
ERR13927504.10100	1546	15.5013
ERR13927504.10101	1556	15.2860
ERR13927504.10102	1525	17.4407
ERR13927504.10103	1578	15.8035
ERR13927504.10104	1553	17.2131
ERR13927504.10105	1563	15.6347
ERR13927504.10106	1165	16.6910
ERR13927504.10107	1499	16.7765
ERR13927504.10108	1541	16.8417
ERR13927504.10109	1580	18.0525
ERR13927504.10110	1563	18.1958
ERR13927504.10111	1563	16.9168
ERR13927504.10112	1506	16.1428
ERR13927504.10113	1570	16.4153
ERR13927504.10114	1569	17.3314
ERR13927504.10115	1521	16.4970
ERR13927504.10116	1540	16.1000
ERR13927504.10117	1557	18.8523
ERR13927504.10118	1575	19.9746
ERR13927504.10119	1581	18.3327
ERR13927504.10120	1579	14.1140
ERR13927504.10121	1509	14.0934
ERR13927504.10122	1549	15.7676
ERR13927504.10123	1558	15.4788
ERR13927504.10124	1544	17.7934
ERR13927504.10125	1489	14.7260
ERR13927504.10126	1570	15.6777
ERR13927504.10127	1606	18.1893
ERR13927504.10128	1579	18.4376
ERR13927504.10129	1502	15.6931
ERR13927504.10130	1583	17.1409
ERR13927504.10131	1549	18.2240
ERR13927504.10132	1524	16.3904
ERR13927504.10133	1556	16.5386
ERR13927504.10134	1560	18.2808
ERR13927504.10135	1525	16.4689
ERR13927504.10136	1575	17.8127
ERR13927504.10137	1355	15.9638
ERR13927504.10138	1522	16.7562
ERR13927504.10139	1541	16.2213
ERR13927504.10140	1544	16.0777
ERR13927504.10141	1581	19.0696
ERR13927504.10142	1568	15.0510
ERR13927504.10143	1537	17.9564
ERR13927504.10144	1562	17.9661
ERR13927504.10145	1512	14.9656
ERR13927504.10146	1481	16.9271
ERR13927504.10147	1572	17.8594
ERR13927504.10148	1217	16.1512
ERR13927504.10149	1510	16.4821
ERR13927504.10150	1529	15.3237
ERR13927504.10151	1553	16.5499
ERR13927504.10152	1530	17.4144
ERR13927504.10153	1550	17.5839
ERR13927504.10154	1550	14.1787
ERR13927504.10155	1538	16.4545
ERR13927504.10156	1565	19.7521
ERR13927504.10157	1558	18.3466
ERR13927504.10158	1489	16.2109
ERR13927504.10159	1580	15.9734
ERR13927504.10160	1557	19.2241
ERR13927504.10161	1555	18.3556
ERR13927504.10162	1560	13.5622
ERR13927504.10163	1568	14.9413
ERR13927504.10164	1559	15.3598
ERR13927504.10165	1579	16.6726
ERR13927504.10166	1553	18.9948
ERR13927504.10167	1549	16.5526
ERR13927504.10168	1566	18.9272
ERR13927504.10169	1551	20.6151
ERR13927504.10170	1524	14.1680
ERR13927504.10171	1600	20.6525
ERR13927504.10172	1569	17.3206
ERR13927504.10173	550	14.2836
ERR13927504.10174	1367	18.6496
ERR13927504.10175	1551	18.7247
ERR13927504.10176	1543	16.2080
ERR13927504.10177	1563	15.2386
ERR13927504.10178	1538	17.9044
ERR13927504.10179	1558	18.1258
ERR13927504.10180	1459	15.9061
ERR13927504.10181	1569	17.9018
ERR13927504.10182	1579	19.3046
ERR13927504.10183	1550	18.4503
ERR13927504.10184	1510	17.6921
ERR13927504.10185	1566	15.6960
ERR13927504.10186	1522	14.4106
ERR13927504.10187	1511	15.9206
ERR13927504.10188	1556	15.7905
ERR13927504.10189	1553	16.2711
ERR13927504.10190	1590	16.4874
ERR13927504.10191	1530	17.0876
ERR13927504.10192	1529	17.2014
ERR13927504.10193	1574	20.9206
ERR13927504.10194	1554	17.6725
ERR13927504.10195	1530	14.7510
ERR13927504.10196	620	15.0242
ERR13927504.10197	1571	17.3603
ERR13927504.10198	1596	18.2945
ERR13927504.10199	1539	16.1559
ERR13927504.10200	1573	18.5118
ERR13927504.10201	1561	16.2236
ERR13927504.10202	1584	17.1162
ERR13927504.10203	1570	14.6159
ERR13927504.10204	1617	18.2301
ERR13927504.10205	1556	19.1523
ERR13927504.10206	1544	16.0350
ERR13927504.10207	1579	18.9835
ERR13927504.10208	1562	18.9814
ERR13927504.10209	1445	16.1592
ERR13927504.10210	1528	15.8730
ERR13927504.10211	1540	16.6799
ERR13927504.10212	1555	15.8309
ERR13927504.10213	1549	15.9419
ERR13927504.10214	1583	17.0398
ERR13927504.10215	1548	18.4464
ERR13927504.10216	1601	16.1918
ERR13927504.10217	1545	19.3443
ERR13927504.10218	1527	18.7105
ERR13927504.10219	1571	18.0968
ERR13927504.10220	1558	13.5725
ERR13927504.10221	1544	19.4365
ERR13927504.10222	1557	17.6853
ERR13927504.10223	1518	16.1350
ERR13927504.10224	1485	15.4997
ERR13927504.10225	1592	16.9742
ERR13927504.10226	1560	15.8346
ERR13927504.10227	1562	18.2151
ERR13927504.10228	1573	17.7444
ERR13927504.10229	1561	15.6163
ERR13927504.10230	1572	18.4669
ERR13927504.10231	1609	18.5028
ERR13927504.10232	1568	15.7564
ERR13927504.10233	1566	14.5932
ERR13927504.10234	1426	15.3997
ERR13927504.10235	1535	16.7140
ERR13927504.10236	1598	21.0732
ERR13927504.10237	1652	18.7240
ERR13927504.10238	1386	17.0245
ERR13927504.10239	1571	16.3164
ERR13927504.10240	1566	20.1245
ERR13927504.10241	747	14.6386
ERR13927504.10242	1586	16.5738
ERR13927504.10243	1558	16.4069
ERR13927504.10244	1578	20.7643
ERR13927504.10245	1562	17.0653
ERR13927504.10246	1518	15.2852
ERR13927504.10247	1572	17.7723
ERR13927504.10248	1534	19.1441
ERR13927504.10249	1538	14.3309
ERR13927504.10250	1571	17.3565
ERR13927504.10251	1521	15.5227
ERR13927504.10252	1529	16.6808
ERR13927504.10253	1547	19.3613
ERR13927504.10254	1543	15.2191
ERR13927504.10255	1537	14.8731
ERR13927504.10256	1522	16.6485
ERR13927504.10257	1550	18.3697
ERR13927504.10258	1567	18.0000
ERR13927504.10259	1545	16.6699
ERR13927504.10260	1534	16.9283
ERR13927504.10261	1582	17.3464
ERR13927504.10262	1549	17.3719
ERR13927504.10263	1566	15.0345
ERR13927504.10264	1526	15.3473
ERR13927504.10265	1534	13.7718
ERR13927504.10266	1558	16.8954
ERR13927504.10267	1556	14.2166
ERR13927504.10268	1555	15.9093
ERR13927504.10269	1518	16.9012
ERR13927504.10270	1568	18.2047
ERR13927504.10271	1535	16.8111
ERR13927504.10272	1588	18.8237
ERR13927504.10273	1565	16.5489
ERR13927504.10274	1546	17.9340
ERR13927504.10275	1557	16.2241
ERR13927504.10276	1603	18.6744
ERR13927504.10277	1549	17.0910
ERR13927504.10278	1595	16.3016
ERR13927504.10279	1569	18.1090
ERR13927504.10280	1565	16.7457
ERR13927504.10281	1538	15.5273
ERR13927504.10282	1560	16.5173
ERR13927504.10283	1559	19.4856
ERR13927504.10284	1514	17.6704
ERR13927504.10285	1525	14.8793
ERR13927504.10286	1564	15.0313
ERR13927504.10287	1572	16.2964
ERR13927504.10288	1579	18.1653
ERR13927504.10289	1744	19.2701
ERR13927504.10290	1570	15.5688
ERR13927504.10291	1560	16.4763
ERR13927504.10292	1569	17.9446
ERR13927504.10293	1575	19.7803
ERR13927504.10294	1584	18.2071
ERR13927504.10295	1517	17.0587
ERR13927504.10296	1484	16.6247
ERR13927504.10297	1574	15.5940
ERR13927504.10298	1549	17.0620
ERR13927504.10299	1609	17.3530
ERR13927504.10300	1568	16.7781
ERR13927504.10301	1525	16.9928
ERR13927504.10302	1555	15.5826
ERR13927504.10303	1537	17.8172
ERR13927504.10304	1569	18.6992
ERR13927504.10305	1552	19.4472
ERR13927504.10306	1558	17.8164
ERR13927504.10307	1566	16.5453
ERR13927504.10308	1514	13.6896
ERR13927504.10309	1509	14.0159
ERR13927504.10310	1548	17.1059
ERR13927504.10311	1558	14.6881
ERR13927504.10312	1558	14.8941
ERR13927504.10313	1561	18.2268
ERR13927504.10314	1568	19.6084
ERR13927504.10315	1528	16.5753
ERR13927504.10316	1572	19.4078
ERR13927504.10317	1568	17.1677
ERR13927504.10318	1573	18.9256
ERR13927504.10319	1546	16.8816
ERR13927504.10320	1554	13.6551
ERR13927504.10321	1526	17.4758
ERR13927504.10322	1573	15.5423
ERR13927504.10323	1533	16.4266
ERR13927504.10324	1274	15.3069
ERR13927504.10325	1548	16.3779
ERR13927504.10326	1468	14.6069
ERR13927504.10327	1584	15.4520
ERR13927504.10328	1552	17.2764
ERR13927504.10329	1567	16.9598
ERR13927504.10330	1515	17.3624
ERR13927504.10331	1570	15.1669
ERR13927504.10332	1587	18.0844
ERR13927504.10333	1561	18.0583
ERR13927504.10334	1624	15.7143
ERR13927504.10335	1031	15.2066
ERR13927504.10336	1552	15.2603
ERR13927504.10337	1538	15.4239
ERR13927504.10338	1557	14.8908
ERR13927504.10339	1465	14.2027
ERR13927504.10340	1606	20.2945
ERR13927504.10341	1179	15.9143
ERR13927504.10342	1513	15.9670
ERR13927504.10343	1582	16.6220
ERR13927504.10344	751	16.7936
ERR13927504.10345	1562	16.4392
ERR13927504.10346	1561	16.5996
ERR13927504.10347	1554	16.8430
ERR13927504.10348	1454	18.0502
ERR13927504.10349	1572	17.4968
ERR13927504.10350	1551	15.4288
ERR13927504.10351	1540	18.3851
ERR13927504.10352	1513	13.8209
ERR13927504.10353	1318	15.3665
ERR13927504.10354	1580	19.7551
ERR13927504.10355	1563	14.4690
ERR13927504.10356	1497	15.4883
ERR13927504.10357	1570	15.5541
ERR13927504.10358	1549	16.7876
ERR13927504.10359	1530	15.9967
ERR13927504.10360	1526	14.7883
ERR13927504.10361	1554	14.9028
ERR13927504.10362	1575	16.4794
ERR13927504.10363	1545	19.2252
ERR13927504.10364	1578	17.3764
ERR13927504.10365	1541	19.1596
ERR13927504.10366	1530	14.2124
ERR13927504.10367	1572	17.8289
ERR13927504.10368	1564	20.0691
ERR13927504.10369	1541	16.2842
ERR13927504.10370	1559	21.4554
ERR13927504.10371	1547	17.4751
ERR13927504.10372	1514	16.1215
ERR13927504.10373	1598	19.7190
ERR13927504.10374	1587	17.2930
ERR13927504.10375	1575	19.6438
ERR13927504.10376	1566	14.9847
ERR13927504.10377	1541	15.2667
ERR13927504.10378	1551	17.5081
ERR13927504.10379	1558	18.3113
ERR13927504.10380	1528	15.2677
ERR13927504.10381	1523	18.2088
ERR13927504.10382	1562	15.5000
ERR13927504.10383	1578	16.7674
ERR13927504.10384	1563	19.2546
ERR13927504.10385	1528	15.5955
ERR13927504.10386	1570	15.8605
ERR13927504.10387	1534	14.3722
ERR13927504.10388	1591	21.1351
ERR13927504.10389	1523	16.0348
ERR13927504.10390	644	17.0870
ERR13927504.10391	1572	16.8015
ERR13927504.10392	1486	15.0081
ERR13927504.10393	1575	18.9181
ERR13927504.10394	1577	16.9207
ERR13927504.10395	1502	15.7590
ERR13927504.10396	1586	17.1393
ERR13927504.10397	1562	18.1312
ERR13927504.10398	1521	15.7548
ERR13927504.10399	1557	18.3950
ERR13927504.10400	1546	18.3700
ERR13927504.10401	1576	19.3921
ERR13927504.10402	1421	21.0443
ERR13927504.10403	1572	15.0852
ERR13927504.10404	1576	17.2627
ERR13927504.10405	1509	15.5924
ERR13927504.10406	1490	16.5463
ERR13927504.10407	1280	16.3633
ERR13927504.10408	1559	18.1886
ERR13927504.10409	1532	18.0529
ERR13927504.10410	1572	16.4135
ERR13927504.10411	1534	14.5932
ERR13927504.10412	1553	17.1372
ERR13927504.10413	1538	17.3290
ERR13927504.10414	1537	15.4938
ERR13927504.10415	1580	18.7715
ERR13927504.10416	1539	16.3671
ERR13927504.10417	1487	13.9065
ERR13927504.10418	1572	16.3588
ERR13927504.10419	1577	19.5986
ERR13927504.10420	1577	15.4052
ERR13927504.10421	1534	18.0522
ERR13927504.10422	1551	19.2276
ERR13927504.10423	1564	14.5946
ERR13927504.10424	1510	15.4662
ERR13927504.10425	1548	16.6764
ERR13927504.10426	1527	15.9476
ERR13927504.10427	1566	15.8921
ERR13927504.10428	1530	17.1399
ERR13927504.10429	1524	16.8392
ERR13927504.10430	1545	17.2278
ERR13927504.10431	1534	17.5593
ERR13927504.10432	1575	17.2971
ERR13927504.10433	1536	18.8372
ERR13927504.10434	1529	17.2930
ERR13927504.10435	1500	17.0573
ERR13927504.10436	1565	17.0409
ERR13927504.10437	1528	14.8992
ERR13927504.10438	1494	15.6345
ERR13927504.10439	1615	14.7635
ERR13927504.10440	1536	15.5697
ERR13927504.10441	1533	16.7750
ERR13927504.10442	1554	16.0457
ERR13927504.10443	1579	19.7245
ERR13927504.10444	1567	19.6662
ERR13927504.10445	1553	19.0805
ERR13927504.10446	1535	14.6384
ERR13927504.10447	1559	15.9173
ERR13927504.10448	1572	15.6819
ERR13927504.10449	1416	14.2436
ERR13927504.10450	1519	16.2186
ERR13927504.10451	1583	14.9488
ERR13927504.10452	1558	17.2445
ERR13927504.10453	1568	14.4624
ERR13927504.10454	1456	15.8729
ERR13927504.10455	1556	16.8233
ERR13927504.10456	1575	17.8635
ERR13927504.10457	1571	20.0541
ERR13927504.10458	1247	18.7787
ERR13927504.10459	1553	16.2312
ERR13927504.10460	1437	16.1378
ERR13927504.10461	1561	17.7956
ERR13927504.10462	1528	17.6178
ERR13927504.10463	1528	16.4398
ERR13927504.10464	1496	16.0829
ERR13927504.10465	1529	15.0530
ERR13927504.10466	1555	18.9781
ERR13927504.10467	1593	19.0998
ERR13927504.10468	1515	16.8898
ERR13927504.10469	1739	21.3997
ERR13927504.10470	1546	16.0589
ERR13927504.10471	1564	21.3932
ERR13927504.10472	1559	21.8178
ERR13927504.10473	1555	14.0270
ERR13927504.10474	1570	21.3771
ERR13927504.10475	1527	15.3713
ERR13927504.10476	1539	17.3795
ERR13927504.10477	1532	16.2082
ERR13927504.10478	1564	16.4482
ERR13927504.10479	1381	15.5597
ERR13927504.10480	1575	18.9695
ERR13927504.10481	972	15.0422
ERR13927504.10482	1531	14.8426
ERR13927504.10483	1372	16.5036
ERR13927504.10484	1537	17.4743
ERR13927504.10485	1561	18.1563
ERR13927504.10486	1501	14.6616
ERR13927504.10487	3153	17.9112
ERR13927504.10488	1331	16.4035
ERR13927504.10489	1591	18.5600
ERR13927504.10490	1548	16.0252
ERR13927504.10491	1548	15.0601
ERR13927504.10492	1558	13.9024
ERR13927504.10493	1584	15.0852
ERR13927504.10494	1574	20.0712
ERR13927504.10495	1589	18.6243
ERR13927504.10496	1578	15.3435
ERR13927504.10497	1572	17.0922
ERR13927504.10498	1542	15.6174
ERR13927504.10499	1569	18.2894
ERR13927504.10500	1507	15.7060
ERR13927504.10501	1618	20.1996
ERR13927504.10502	1291	17.8257
ERR13927504.10503	1540	16.9234
ERR13927504.10504	1574	18.8679
ERR13927504.10505	1539	18.3528
ERR13927504.10506	1583	18.7625
ERR13927504.10507	1525	15.9679
ERR13927504.10508	1561	15.0788
ERR13927504.10509	1548	19.2022
ERR13927504.10510	1543	15.7634
ERR13927504.10511	1574	17.2757
ERR13927504.10512	1569	17.0217
ERR13927504.10513	1543	15.2424
ERR13927504.10514	1453	13.7103
ERR13927504.10515	1188	16.2584
ERR13927504.10516	1557	15.4091
ERR13927504.10517	1535	15.0059
ERR13927504.10518	1550	16.7839
ERR13927504.10519	1538	17.4116
ERR13927504.10520	1564	18.1189
ERR13927504.10521	1496	15.1277
ERR13927504.10522	1558	15.4185
ERR13927504.10523	1547	17.0659
ERR13927504.10524	1618	19.8609
ERR13927504.10525	1535	21.0254
ERR13927504.10526	1614	15.1648
ERR13927504.10527	1563	18.4926
ERR13927504.10528	1547	19.0705
ERR13927504.10529	1551	18.1128
ERR13927504.10530	1546	17.2005
ERR13927504.10531	1553	18.6536
ERR13927504.10532	1575	19.9606
ERR13927504.10533	1539	14.6719
ERR13927504.10534	1537	18.3500
ERR13927504.10535	1584	15.5953
ERR13927504.10536	3231	17.5088
ERR13927504.10537	1573	16.2111
ERR13927504.10538	1551	16.8511
ERR13927504.10539	1523	15.3001
ERR13927504.10540	1080	15.7046
ERR13927504.10541	1570	17.9796
ERR13927504.10542	1590	15.4327
ERR13927504.10543	1552	15.7977
ERR13927504.10544	1569	15.7177
ERR13927504.10545	1544	16.4313
ERR13927504.10546	1543	17.7148
ERR13927504.10547	1506	18.3911
ERR13927504.10548	1562	17.5736
ERR13927504.10549	1558	16.7953
ERR13927504.10550	1603	17.1747
ERR13927504.10551	1571	15.6785
ERR13927504.10552	1524	16.5860
ERR13927504.10553	1579	19.6067
ERR13927504.10554	1538	21.0546
ERR13927504.10555	1556	18.3413
ERR13927504.10556	273	16.8681
ERR13927504.10557	1537	16.4359
ERR13927504.10558	1557	19.3956
ERR13927504.10559	1556	18.5135
ERR13927504.10560	1570	19.4656
ERR13927504.10561	1567	17.9783
ERR13927504.10562	1517	15.3454
ERR13927504.10563	1575	18.8476
ERR13927504.10564	1515	16.6350
ERR13927504.10565	1582	20.0588
ERR13927504.10566	1553	16.0270
ERR13927504.10567	1545	14.4977
ERR13927504.10568	1573	15.6974
ERR13927504.10569	1564	16.6726
ERR13927504.10570	1557	14.8137
ERR13927504.10571	1556	17.4762
ERR13927504.10572	1585	18.3256
ERR13927504.10573	1577	16.5701
ERR13927504.10574	1374	20.0109
ERR13927504.10575	1532	14.0979
ERR13927504.10576	1484	18.3646
ERR13927504.10577	1580	19.5854
ERR13927504.10578	1591	16.2879
ERR13927504.10579	1585	19.0221
ERR13927504.10580	1577	17.5777
ERR13927504.10581	1554	17.2426
ERR13927504.10582	1329	16.1610
ERR13927504.10583	1549	20.2944
ERR13927504.10584	1561	19.3658
ERR13927504.10585	1555	14.7177
ERR13927504.10586	1471	18.0428
ERR13927504.10587	1503	17.8550
ERR13927504.10588	1572	18.0884
ERR13927504.10589	1551	18.9729
ERR13927504.10590	1494	15.4572
ERR13927504.10591	1544	18.8666
ERR13927504.10592	1591	18.4664
ERR13927504.10593	1577	18.5390
ERR13927504.10594	1562	18.4795
ERR13927504.10595	1583	18.3430
ERR13927504.10596	1614	16.6437
ERR13927504.10597	1517	17.0877
ERR13927504.10598	1565	14.6115
ERR13927504.10599	1588	18.5019
ERR13927504.10600	1533	18.6967
ERR13927504.10601	1552	14.4510
ERR13927504.10602	1536	15.3314
ERR13927504.10603	1512	15.8823
ERR13927504.10604	1558	14.9358
ERR13927504.10605	1557	17.9049
ERR13927504.10606	1523	17.4662
ERR13927504.10607	1538	18.0410
ERR13927504.10608	1567	16.5826
ERR13927504.10609	1585	17.6662
ERR13927504.10610	1538	15.5618
ERR13927504.10611	1550	20.0381
ERR13927504.10612	1595	15.2840
ERR13927504.10613	1567	20.3567
ERR13927504.10614	1531	14.5487
ERR13927504.10615	1546	18.3396
ERR13927504.10616	1543	17.6280
ERR13927504.10617	1536	21.0579
ERR13927504.10618	1546	15.5201
ERR13927504.10619	1582	18.9848
ERR13927504.10620	1561	16.8405
ERR13927504.10621	1552	15.2113
ERR13927504.10622	1553	15.3921
ERR13927504.10623	1395	21.4244
ERR13927504.10624	1531	16.5872
ERR13927504.10625	1553	15.6999
ERR13927504.10626	1507	15.1825
ERR13927504.10627	1561	17.7252
ERR13927504.10628	1580	18.6158
ERR13927504.10629	1585	17.7912
ERR13927504.10630	1553	14.7785
ERR13927504.10631	1529	15.0458
ERR13927504.10632	1569	16.2339
ERR13927504.10633	1542	16.3223
ERR13927504.10634	1542	19.3846
ERR13927504.10635	1588	17.3948
ERR13927504.10636	1564	15.4265
ERR13927504.10637	1570	14.6707
ERR13927504.10638	1476	15.9255
ERR13927504.10639	1514	14.5627
ERR13927504.10640	1569	19.0306
ERR13927504.10641	1575	19.6038
ERR13927504.10642	1524	15.6391
ERR13927504.10643	1571	20.4577
ERR13927504.10644	1336	19.3241
ERR13927504.10645	1577	18.8472
ERR13927504.10646	1575	17.0876
ERR13927504.10647	1574	18.9657
ERR13927504.10648	1504	15.0499
ERR13927504.10649	1499	18.2001
ERR13927504.10650	1569	15.8056
ERR13927504.10651	1336	19.0382
ERR13927504.10652	1549	17.0684
ERR13927504.10653	1544	16.9028
ERR13927504.10654	1545	15.6239
ERR13927504.10655	1582	17.2048
ERR13927504.10656	1551	16.0922
ERR13927504.10657	1505	16.2432
ERR13927504.10658	1543	15.7304
ERR13927504.10659	1558	15.8960
ERR13927504.10660	1512	16.6865
ERR13927504.10661	1548	19.2655
ERR13927504.10662	1529	16.9117
ERR13927504.10663	1069	19.2891
ERR13927504.10664	1572	16.4008
ERR13927504.10665	1607	17.5544
ERR13927504.10666	1547	17.0795
ERR13927504.10667	1424	18.1018
ERR13927504.10668	1557	15.3950
ERR13927504.10669	1561	17.3197
ERR13927504.10670	1545	19.6065
ERR13927504.10671	1511	16.1932
ERR13927504.10672	1542	15.0519
ERR13927504.10673	1595	15.9053
ERR13927504.10674	1562	17.6940
ERR13927504.10675	1620	17.5222
ERR13927504.10676	1553	15.1655
ERR13927504.10677	1574	17.3253
ERR13927504.10678	1263	14.7902
ERR13927504.10679	1566	18.7292
ERR13927504.10680	1549	16.4054
ERR13927504.10681	1568	18.8795
ERR13927504.10682	1556	16.6504
ERR13927504.10683	1521	19.2669
ERR13927504.10684	1544	19.9262
ERR13927504.10685	1559	19.0750
ERR13927504.10686	1391	17.1560
ERR13927504.10687	1509	16.0424
ERR13927504.10688	1533	16.6725
ERR13927504.10689	1533	16.3894
ERR13927504.10690	1561	16.2601
ERR13927504.10691	1512	14.9689
ERR13927504.10692	626	17.4888
ERR13927504.10693	1554	17.8867
ERR13927504.10694	1548	19.3934
ERR13927504.10695	677	17.7238
ERR13927504.10696	1549	16.2021
ERR13927504.10697	1569	15.4952
ERR13927504.10698	1553	17.1101
ERR13927504.10699	1565	17.2141
ERR13927504.10700	1538	15.8414
ERR13927504.10701	1523	15.0190
ERR13927504.10702	1527	15.8802
ERR13927504.10703	1579	16.5826
ERR13927504.10704	1581	19.0006
ERR13927504.10705	1547	15.8830
ERR13927504.10706	1514	14.9155
ERR13927504.10707	1533	18.2087
ERR13927504.10708	1530	17.0405
ERR13927504.10709	1543	17.0201
ERR13927504.10710	1465	16.5031
ERR13927504.10711	1553	19.1893
ERR13927504.10712	1556	16.7963
ERR13927504.10713	1516	15.7177
ERR13927504.10714	1486	16.1716
ERR13927504.10715	1564	16.5934
ERR13927504.10716	1522	15.2116
ERR13927504.10717	1567	16.8213
ERR13927504.10718	1510	14.9424
ERR13927504.10719	1499	15.5590
ERR13927504.10720	1527	16.6103
ERR13927504.10721	1566	17.1162
ERR13927504.10722	1571	17.9319
ERR13927504.10723	1555	17.5479
ERR13927504.10724	1537	17.1438
ERR13927504.10725	1579	20.5149
ERR13927504.10726	1527	15.0707
ERR13927504.10727	1568	16.7130
ERR13927504.10728	1556	16.3567
ERR13927504.10729	1524	17.7251
ERR13927504.10730	1520	15.4816
ERR13927504.10731	1531	18.4206
ERR13927504.10732	1565	17.9233
ERR13927504.10733	1563	15.3909
ERR13927504.10734	1482	18.4447
ERR13927504.10735	1579	17.6238
ERR13927504.10736	1556	16.7249
ERR13927504.10737	1562	16.2484
ERR13927504.10738	1572	17.1648
ERR13927504.10739	1577	20.3304
ERR13927504.10740	1557	18.2736
ERR13927504.10741	1577	16.9651
ERR13927504.10742	1551	18.3308
ERR13927504.10743	1269	16.0788
ERR13927504.10744	1482	16.5135
ERR13927504.10745	745	15.3611
ERR13927504.10746	1533	16.1142
ERR13927504.10747	1558	18.8286
ERR13927504.10748	1582	18.6643
ERR13927504.10749	1571	16.8460
ERR13927504.10750	1568	15.7494
ERR13927504.10751	1559	19.3342
ERR13927504.10752	1587	16.1059
ERR13927504.10753	1561	18.5919
ERR13927504.10754	1542	16.9468
ERR13927504.10755	536	14.9403
ERR13927504.10756	1431	14.6792
ERR13927504.10757	1500	15.7240
ERR13927504.10758	1372	14.0168
ERR13927504.10759	1525	15.0020
ERR13927504.10760	1577	19.9543
ERR13927504.10761	1590	21.6019
ERR13927504.10762	1488	17.0793
ERR13927504.10763	1513	16.1196
ERR13927504.10764	1528	19.0668
ERR13927504.10765	1568	16.7411
ERR13927504.10766	1562	16.6639
ERR13927504.10767	1572	21.6597
ERR13927504.10768	1577	19.1516
ERR13927504.10769	1575	17.9727
ERR13927504.10770	1582	16.5929
ERR13927504.10771	1605	14.3626
ERR13927504.10772	1540	15.1377
ERR13927504.10773	1569	15.5188
ERR13927504.10774	1584	17.1206
ERR13927504.10775	1562	15.9443
ERR13927504.10776	1584	21.1124
ERR13927504.10777	1553	15.3007
ERR13927504.10778	1576	17.0127
ERR13927504.10779	1546	15.5362
ERR13927504.10780	1570	17.9854
ERR13927504.10781	1576	17.6428
ERR13927504.10782	1557	15.7514
ERR13927504.10783	1578	18.0222
ERR13927504.10784	1533	17.6204
ERR13927504.10785	1585	17.3180
ERR13927504.10786	1454	15.1568
ERR13927504.10787	1570	16.0064
ERR13927504.10788	1535	16.4919
ERR13927504.10789	1585	16.3155
ERR13927504.10790	1543	18.7187
ERR13927504.10791	1579	18.5826
ERR13927504.10792	1591	18.6235
ERR13927504.10793	1545	17.6770
ERR13927504.10794	1556	18.7166
ERR13927504.10795	1570	17.7924
ERR13927504.10796	1561	19.2274
ERR13927504.10797	1536	19.8971
ERR13927504.10798	1550	16.8181
ERR13927504.10799	1585	19.1066
ERR13927504.10800	1545	17.9528
ERR13927504.10801	1548	15.6047
ERR13927504.10802	1564	15.4290
ERR13927504.10803	1593	17.6642
ERR13927504.10804	1562	16.6799
ERR13927504.10805	1561	15.7175
ERR13927504.10806	1553	17.5184
ERR13927504.10807	1545	18.1282
ERR13927504.10808	1580	14.9620
ERR13927504.10809	1563	15.6526
ERR13927504.10810	1556	16.3438
ERR13927504.10811	1540	16.7825
ERR13927504.10812	1334	15.9348
ERR13927504.10813	1544	17.6762
ERR13927504.10814	1564	18.2404
ERR13927504.10815	1535	15.4443
ERR13927504.10816	1535	15.7902
ERR13927504.10817	1568	17.3170
ERR13927504.10818	1171	14.9044
ERR13927504.10819	1562	17.5000
ERR13927504.10820	1555	14.6965
ERR13927504.10821	1553	16.7965
ERR13927504.10822	1003	16.1785
ERR13927504.10823	1553	14.4134
ERR13927504.10824	1523	15.6809
ERR13927504.10825	1527	14.7335
ERR13927504.10826	1618	18.4988
ERR13927504.10827	1542	16.2860
ERR13927504.10828	1507	14.4917
ERR13927504.10829	1507	15.1506
ERR13927504.10830	1557	20.2197
ERR13927504.10831	1564	16.2072
ERR13927504.10832	1561	18.3158
ERR13927504.10833	1551	14.4255
ERR13927504.10834	1652	16.9709
ERR13927504.10835	1557	17.4001
ERR13927504.10836	1566	17.2944
ERR13927504.10837	1576	18.1123
ERR13927504.10838	1549	14.9206
ERR13927504.10839	1563	17.6372
ERR13927504.10840	1576	19.4137
ERR13927504.10841	1526	17.0708
ERR13927504.10842	1563	15.4575
ERR13927504.10843	1562	16.2849
ERR13927504.10844	1569	17.1428
ERR13927504.10845	1561	16.3523
ERR13927504.10846	1540	16.0844
ERR13927504.10847	1553	16.7238
ERR13927504.10848	1533	15.6204
ERR13927504.10849	1535	15.3147
ERR13927504.10850	1517	18.2281
ERR13927504.10851	1563	19.5752
ERR13927504.10852	1572	16.8111
ERR13927504.10853	1518	15.9987
ERR13927504.10854	1532	16.0868
ERR13927504.10855	1528	15.3181
ERR13927504.10856	1528	15.7736
ERR13927504.10857	1578	16.5824
ERR13927504.10858	1559	15.0218
ERR13927504.10859	1575	18.7346
ERR13927504.10860	1442	16.9376
ERR13927504.10861	1548	16.2261
ERR13927504.10862	1554	16.3102
ERR13927504.10863	1521	16.6851
ERR13927504.10864	1513	16.0833
ERR13927504.10865	1576	18.3909
ERR13927504.10866	515	16.7456
ERR13927504.10867	1235	18.8777
ERR13927504.10868	1563	18.4696
ERR13927504.10869	1547	17.0246
ERR13927504.10870	1568	15.8642
ERR13927504.10871	1542	16.1252
ERR13927504.10872	1582	17.7111
ERR13927504.10873	1564	16.9354
ERR13927504.10874	1581	16.7584
ERR13927504.10875	1552	17.0374
ERR13927504.10876	1553	16.9633
ERR13927504.10877	1508	15.9582
ERR13927504.10878	1562	15.6748
ERR13927504.10879	1564	17.5607
ERR13927504.10880	1251	16.0504
ERR13927504.10881	1579	18.3452
ERR13927504.10882	1548	17.1421
ERR13927504.10883	1565	16.3157
ERR13927504.10884	733	15.5034
ERR13927504.10885	1526	15.6160
ERR13927504.10886	1522	16.8206
ERR13927504.10887	1575	17.1238
ERR13927504.10888	1554	16.2915
ERR13927504.10889	1552	15.0142
ERR13927504.10890	1570	15.6535
ERR13927504.10891	1573	14.6332
ERR13927504.10892	1588	15.9288
ERR13927504.10893	1166	19.5755
ERR13927504.10894	1561	15.3933
ERR13927504.10895	1595	15.7781
ERR13927504.10896	1549	16.2628
ERR13927504.10897	1579	17.0633
ERR13927504.10898	1709	18.3751
ERR13927504.10899	1509	17.5679
ERR13927504.10900	1576	18.2081
ERR13927504.10901	1572	17.0070
ERR13927504.10902	1557	21.1618
ERR13927504.10903	1560	15.8506
ERR13927504.10904	1577	16.6265
ERR13927504.10905	1532	17.3309
ERR13927504.10906	1568	17.5631
ERR13927504.10907	1568	19.3259
ERR13927504.10908	1543	16.2696
ERR13927504.10909	1590	16.3113
ERR13927504.10910	1203	16.9244
ERR13927504.10911	1578	14.8695
ERR13927504.10912	1558	17.3094
ERR13927504.10913	1571	17.9484
ERR13927504.10914	1565	15.6613
ERR13927504.10915	1540	18.8052
ERR13927504.10916	1562	19.6588
ERR13927504.10917	1563	15.9469
ERR13927504.10918	1584	15.1843
ERR13927504.10919	1555	17.2051
ERR13927504.10920	1487	15.4526
ERR13927504.10921	1588	15.4049
ERR13927504.10922	1551	15.7892
ERR13927504.10923	1523	17.1037
ERR13927504.10924	1494	16.8949
ERR13927504.10925	1545	15.9579
ERR13927504.10926	1564	18.2500
ERR13927504.10927	1540	17.0688
ERR13927504.10928	1582	18.4912
ERR13927504.10929	1628	17.1186
ERR13927504.10930	1568	20.7889
ERR13927504.10931	1493	16.7950
ERR13927504.10932	1545	16.6246
ERR13927504.10933	1588	18.6625
ERR13927504.10934	1558	15.3626
ERR13927504.10935	1512	15.0933
ERR13927504.10936	1577	17.4350
ERR13927504.10937	1066	16.0826
ERR13927504.10938	1530	15.5928
ERR13927504.10939	1514	14.3091
ERR13927504.10940	1563	14.9750
ERR13927504.10941	1590	18.4038
ERR13927504.10942	1550	15.2690
ERR13927504.10943	1567	18.4582
ERR13927504.10944	1540	14.3968
ERR13927504.10945	1519	16.6524
ERR13927504.10946	1554	15.0341
ERR13927504.10947	1548	16.6098
ERR13927504.10948	1579	18.8138
ERR13927504.10949	1563	16.3973
ERR13927504.10950	1557	16.9942
ERR13927504.10951	1550	15.3961
ERR13927504.10952	1578	18.1996
ERR13927504.10953	1530	15.6059
ERR13927504.10954	1555	14.9222
ERR13927504.10955	1172	16.5171
ERR13927504.10956	1536	18.2018
ERR13927504.10957	1554	14.7432
ERR13927504.10958	1534	18.2040
ERR13927504.10959	1555	16.7723
ERR13927504.10960	1581	17.7755
ERR13927504.10961	1586	17.9262
ERR13927504.10962	1565	17.2728
ERR13927504.10963	1529	15.8241
ERR13927504.10964	1521	17.3254
ERR13927504.10965	1566	15.3582
ERR13927504.10966	1487	16.3941
ERR13927504.10967	1591	16.5575
ERR13927504.10968	1540	16.2805
ERR13927504.10969	1576	16.3109
ERR13927504.10970	1579	15.9455
ERR13927504.10971	1564	16.1023
ERR13927504.10972	1575	14.6857
ERR13927504.10973	433	12.6397
ERR13927504.10974	1519	14.8519
ERR13927504.10975	1568	15.7723
ERR13927504.10976	1540	16.2812
ERR13927504.10977	1599	18.8074
ERR13927504.10978	1609	16.9459
ERR13927504.10979	1562	14.4449
ERR13927504.10980	1569	17.5743
ERR13927504.10981	1572	18.1749
ERR13927504.10982	1544	16.1140
ERR13927504.10983	1562	15.8316
ERR13927504.10984	1577	18.7546
ERR13927504.10985	1535	15.0423
ERR13927504.10986	1543	21.1141
ERR13927504.10987	1563	18.4997
ERR13927504.10988	1529	15.5540
ERR13927504.10989	1546	17.1016
ERR13927504.10990	1541	19.7755
ERR13927504.10991	1562	16.0762
ERR13927504.10992	1594	15.4141
ERR13927504.10993	1535	17.1427
ERR13927504.10994	1388	17.7767
ERR13927504.10995	1570	17.3758
ERR13927504.10996	1430	17.0063
ERR13927504.10997	3137	18.4884
ERR13927504.10998	1568	16.1301
ERR13927504.10999	1067	15.2071
ERR13927504.11000	1573	15.3655
ERR13927504.11001	1526	14.3735
ERR13927504.11002	1569	14.2435
ERR13927504.11003	1561	15.8001
ERR13927504.11004	1561	14.2204
ERR13927504.11005	1568	17.1078
ERR13927504.11006	1540	18.3026
ERR13927504.11007	3071	14.8453
ERR13927504.11008	1574	14.9441
ERR13927504.11009	1577	18.4965
ERR13927504.11010	1614	17.4164
ERR13927504.11011	1551	14.9188
ERR13927504.11012	1571	17.0185
ERR13927504.11013	1538	14.8641
ERR13927504.11014	1575	16.2165
ERR13927504.11015	1567	16.3931
ERR13927504.11016	1544	16.4825
ERR13927504.11017	1578	14.6210
ERR13927504.11018	1580	20.2082
ERR13927504.11019	1524	14.8661
ERR13927504.11020	1569	15.9503
ERR13927504.11021	1502	15.4068
ERR13927504.11022	1569	15.2868
ERR13927504.11023	1585	17.1773
ERR13927504.11024	1552	15.2854
ERR13927504.11025	1550	15.8458
ERR13927504.11026	1583	18.7871
ERR13927504.11027	1558	15.4146
ERR13927504.11028	1551	16.8685
ERR13927504.11029	1558	15.1887
ERR13927504.11030	1561	14.9744
ERR13927504.11031	1548	17.8398
ERR13927504.11032	1620	16.8136
ERR13927504.11033	1553	16.4379
ERR13927504.11034	1548	14.6893
ERR13927504.11035	1508	15.2938
ERR13927504.11036	1602	15.2528
ERR13927504.11037	1485	16.0943
ERR13927504.11038	1600	16.6450
ERR13927504.11039	1537	17.4457
ERR13927504.11040	1570	17.0605
ERR13927504.11041	1543	15.9261
ERR13927504.11042	1545	16.9741
ERR13927504.11043	1571	16.0382
ERR13927504.11044	1559	14.9044
ERR13927504.11045	1625	18.7089
ERR13927504.11046	1609	16.7943
ERR13927504.11047	1491	16.4541
ERR13927504.11048	1555	15.5807
ERR13927504.11049	1597	15.7621
ERR13927504.11050	1537	16.8484
ERR13927504.11051	1537	14.7014
ERR13927504.11052	1549	14.8328
ERR13927504.11053	1350	16.1252
ERR13927504.11054	1559	17.7332
ERR13927504.11055	261	17.4023
ERR13927504.11056	1508	15.8355
ERR13927504.11057	1559	23.2194
ERR13927504.11058	1596	19.2199
ERR13927504.11059	1477	15.4942
ERR13927504.11060	1532	15.0268
ERR13927504.11061	1540	15.9318
ERR13927504.11062	1552	18.7101
ERR13927504.11063	1579	17.7163
ERR13927504.11064	1594	15.0063
ERR13927504.11065	1572	14.1501
ERR13927504.11066	1559	20.8666
ERR13927504.11067	1553	18.5460
ERR13927504.11068	1496	13.7701
ERR13927504.11069	1548	17.4490
ERR13927504.11070	1553	16.6433
ERR13927504.11071	1553	18.7135
ERR13927504.11072	1615	16.4372
ERR13927504.11073	1564	16.3478
ERR13927504.11074	1547	16.2418
ERR13927504.11075	1561	17.2127
ERR13927504.11076	1556	18.4557
ERR13927504.11077	1568	16.0191
ERR13927504.11078	1582	16.6802
ERR13927504.11079	1562	17.4738
ERR13927504.11080	1563	15.6852
ERR13927504.11081	984	16.8028
ERR13927504.11082	1535	14.9068
ERR13927504.11083	1517	15.2947
ERR13927504.11084	1536	17.4870
ERR13927504.11085	1592	16.9359
ERR13927504.11086	1545	17.7107
ERR13927504.11087	1569	15.0504
ERR13927504.11088	1538	16.7822
ERR13927504.11089	1517	17.0086
ERR13927504.11090	1538	19.6606
ERR13927504.11091	1504	15.8810
ERR13927504.11092	1557	16.5780
ERR13927504.11093	1569	15.1899
ERR13927504.11094	1568	19.3616
ERR13927504.11095	210	14.2476
ERR13927504.11096	1572	17.2201
ERR13927504.11097	1527	15.8723
ERR13927504.11098	1547	15.0543
ERR13927504.11099	1343	15.5205
ERR13927504.11100	804	17.8172
ERR13927504.11101	1550	16.6471
ERR13927504.11102	1549	17.4551
ERR13927504.11103	1546	21.6281
ERR13927504.11104	1547	14.8998
ERR13927504.11105	1530	16.7935
ERR13927504.11106	1567	19.0421
ERR13927504.11107	1550	18.6477
ERR13927504.11108	1521	15.0007
ERR13927504.11109	1438	14.7789
ERR13927504.11110	1538	16.5000
ERR13927504.11111	1530	16.3301
ERR13927504.11112	1538	15.0228
ERR13927504.11113	1513	15.4137
ERR13927504.11114	1567	17.9234
ERR13927504.11115	1295	18.8247
ERR13927504.11116	1590	17.0736
ERR13927504.11117	1583	18.5022
ERR13927504.11118	1596	15.1071
ERR13927504.11119	1566	18.1335
ERR13927504.11120	1495	15.0763
ERR13927504.11121	1587	14.7467
ERR13927504.11122	3086	15.6345
ERR13927504.11123	1544	15.4935
ERR13927504.11124	1567	16.0517
ERR13927504.11125	1487	14.8776
ERR13927504.11126	1580	20.3677
ERR13927504.11127	1570	18.6541
ERR13927504.11128	1501	16.2358
ERR13927504.11129	1537	14.5992
ERR13927504.11130	1522	14.9238
ERR13927504.11131	1544	16.9994
ERR13927504.11132	1544	16.5997
ERR13927504.11133	1546	16.8266
ERR13927504.11134	1588	16.1725
ERR13927504.11135	1569	16.3601
ERR13927504.11136	1012	16.6818
ERR13927504.11137	1538	16.0098
ERR13927504.11138	1534	14.5913
ERR13927504.11139	1519	16.3502
ERR13927504.11140	1561	16.5170
ERR13927504.11141	1561	16.2825
ERR13927504.11142	1559	18.3682
ERR13927504.11143	1550	16.9652
ERR13927504.11144	1543	18.4310
ERR13927504.11145	1553	16.3535
ERR13927504.11146	1583	15.3266
ERR13927504.11147	1574	15.1639
ERR13927504.11148	1554	17.0174
ERR13927504.11149	1512	14.1607
ERR13927504.11150	1578	15.8511
ERR13927504.11151	1657	17.2800
ERR13927504.11152	1541	18.8975
ERR13927504.11153	1551	18.0761
ERR13927504.11154	1534	16.2014
ERR13927504.11155	1579	16.4706
ERR13927504.11156	1543	17.3791
ERR13927504.11157	1549	18.4093
ERR13927504.11158	835	16.2754
ERR13927504.11159	1591	16.3419
ERR13927504.11160	1513	14.5929
ERR13927504.11161	1586	18.3064
ERR13927504.11162	1579	23.7593
ERR13927504.11163	1253	15.3136
ERR13927504.11164	1546	20.1423
ERR13927504.11165	1553	16.4649
ERR13927504.11166	1562	17.8873
ERR13927504.11167	1564	15.8536
ERR13927504.11168	1551	19.1348
ERR13927504.11169	1589	18.4720
ERR13927504.11170	1540	16.7857
ERR13927504.11171	1541	14.5029
ERR13927504.11172	1552	14.5921
ERR13927504.11173	1920	16.3583
ERR13927504.11174	1462	16.4562
ERR13927504.11175	1567	19.1615
ERR13927504.11176	1563	16.2406
ERR13927504.11177	1560	17.5801
ERR13927504.11178	1573	17.4965
ERR13927504.11179	807	14.5019
ERR13927504.11180	1578	16.9259
ERR13927504.11181	1550	19.3052
ERR13927504.11182	1530	17.1641
ERR13927504.11183	1562	16.5525
ERR13927504.11184	1586	18.7478
ERR13927504.11185	1548	15.7907
ERR13927504.11186	1577	17.6658
ERR13927504.11187	1554	14.9659
ERR13927504.11188	1467	16.6878
ERR13927504.11189	1545	17.3107
ERR13927504.11190	1574	16.0813
ERR13927504.11191	1573	17.4189
ERR13927504.11192	1566	20.4687
ERR13927504.11193	1578	16.0076
ERR13927504.11194	1577	16.2378
ERR13927504.11195	1530	15.3889
ERR13927504.11196	1581	17.9602
ERR13927504.11197	1585	15.5136
ERR13927504.11198	1559	15.7607
ERR13927504.11199	1523	16.5338
ERR13927504.11200	1551	15.8698
ERR13927504.11201	1539	15.3691
ERR13927504.11202	1570	15.0127
ERR13927504.11203	1465	18.1201
ERR13927504.11204	1553	16.4527
ERR13927504.11205	1553	20.4295
ERR13927504.11206	1549	17.9438
ERR13927504.11207	1526	14.8329
ERR13927504.11208	1686	16.0083
ERR13927504.11209	1507	17.9018
ERR13927504.11210	1580	17.1658
ERR13927504.11211	1569	18.1466
ERR13927504.11212	1543	15.9456
ERR13927504.11213	1552	16.6521
ERR13927504.11214	1524	14.2113
ERR13927504.11215	1644	15.7804
ERR13927504.11216	1537	16.8230
ERR13927504.11217	1537	17.0189
ERR13927504.11218	1525	14.5134
ERR13927504.11219	1537	15.2589
ERR13927504.11220	1553	15.8686
ERR13927504.11221	1564	16.8402
ERR13927504.11222	1564	16.7532
ERR13927504.11223	1567	16.2974
ERR13927504.11224	1583	14.1440
ERR13927504.11225	1574	17.2897
ERR13927504.11226	1565	17.7073
ERR13927504.11227	1569	16.6953
ERR13927504.11228	1532	18.4752
ERR13927504.11229	1536	15.9941
ERR13927504.11230	1504	16.9827
ERR13927504.11231	1528	14.9365
ERR13927504.11232	1544	16.3297
ERR13927504.11233	1579	16.9392
ERR13927504.11234	1554	18.8507
ERR13927504.11235	1576	18.1491
ERR13927504.11236	1564	18.3855
ERR13927504.11237	1557	16.7823
ERR13927504.11238	1582	18.3976
ERR13927504.11239	1546	15.9825
ERR13927504.11240	1494	15.1232
ERR13927504.11241	1571	15.1897
ERR13927504.11242	1573	16.7915
ERR13927504.11243	1531	15.9177
ERR13927504.11244	1540	16.1571
ERR13927504.11245	1565	17.6856
ERR13927504.11246	1576	14.6586
ERR13927504.11247	1407	13.9908
ERR13927504.11248	1626	20.2700
ERR13927504.11249	1578	17.7256
ERR13927504.11250	1508	15.2102
ERR13927504.11251	1559	16.2745
ERR13927504.11252	1561	17.7470
ERR13927504.11253	1503	15.1464
ERR13927504.11254	1579	16.5560
ERR13927504.11255	1570	16.0401
ERR13927504.11256	780	14.6641
ERR13927504.11257	1551	24.0761
ERR13927504.11258	1541	17.0973
ERR13927504.11259	1572	17.0598
ERR13927504.11260	1581	14.7736
ERR13927504.11261	1559	18.2739
ERR13927504.11262	1550	18.0819
ERR13927504.11263	1561	18.2761
ERR13927504.11264	1577	16.7083
ERR13927504.11265	1551	15.9852
ERR13927504.11266	1544	17.1308
ERR13927504.11267	1551	16.0974
ERR13927504.11268	1547	14.1681
ERR13927504.11269	1412	17.3654
ERR13927504.11270	1555	16.8225
ERR13927504.11271	1559	17.5818
ERR13927504.11272	1180	15.1864
ERR13927504.11273	1571	18.7053
ERR13927504.11274	1555	17.6887
ERR13927504.11275	1519	18.0494
ERR13927504.11276	1578	17.8612
ERR13927504.11277	1573	14.8525
ERR13927504.11278	1550	15.4768
ERR13927504.11279	1587	19.4934
ERR13927504.11280	1599	15.8049
ERR13927504.11281	1590	16.3654
ERR13927504.11282	1594	14.4523
ERR13927504.11283	1506	14.5757
ERR13927504.11284	1587	17.4745
ERR13927504.11285	1583	19.1807
ERR13927504.11286	1536	16.1452
ERR13927504.11287	1219	15.2658
ERR13927504.11288	1557	18.4592
ERR13927504.11289	1536	16.0924
ERR13927504.11290	1527	14.9142
ERR13927504.11291	1233	16.5028
ERR13927504.11292	1534	17.4368
ERR13927504.11293	1549	18.0652
ERR13927504.11294	1580	16.7082
ERR13927504.11295	1494	16.0950
ERR13927504.11296	1725	19.0296
ERR13927504.11297	1555	16.5415
ERR13927504.11298	1558	15.9544
ERR13927504.11299	1578	17.3010
ERR13927504.11300	1550	19.4716
ERR13927504.11301	1500	15.5880
ERR13927504.11302	1559	16.8935
ERR13927504.11303	1605	19.6349
ERR13927504.11304	1561	15.4747
ERR13927504.11305	1595	15.9078
ERR13927504.11306	1584	14.8927
ERR13927504.11307	1579	15.5896
ERR13927504.11308	1548	15.5988
ERR13927504.11309	1577	15.3912
ERR13927504.11310	1534	14.6897
ERR13927504.11311	1529	16.2184
ERR13927504.11312	1516	14.2678
ERR13927504.11313	1570	16.4299
ERR13927504.11314	1565	17.7744
ERR13927504.11315	1563	15.8407
ERR13927504.11316	1527	18.5684
ERR13927504.11317	1605	17.1788
ERR13927504.11318	1581	16.7008
ERR13927504.11319	1559	16.1822
ERR13927504.11320	1562	21.2740
ERR13927504.11321	1541	16.4562
ERR13927504.11322	1597	20.8441
ERR13927504.11323	1567	16.2802
ERR13927504.11324	1585	16.0183
ERR13927504.11325	1561	15.1435
ERR13927504.11326	1546	14.3396
ERR13927504.11327	1546	15.1455
ERR13927504.11328	1542	16.2257
ERR13927504.11329	1548	18.2571
ERR13927504.11330	1495	13.9224
ERR13927504.11331	1571	16.9453
ERR13927504.11332	883	18.1144
ERR13927504.11333	1568	14.3667
ERR13927504.11334	1569	15.7591
ERR13927504.11335	1569	16.2626
ERR13927504.11336	1548	17.4205
ERR13927504.11337	1510	14.1669
ERR13927504.11338	1550	16.9813
ERR13927504.11339	1507	15.8600
ERR13927504.11340	1549	15.1782
ERR13927504.11341	1562	15.7606
ERR13927504.11342	1606	17.2391
ERR13927504.11343	1567	15.8181
ERR13927504.11344	1535	17.4261
ERR13927504.11345	1282	14.7761
ERR13927504.11346	1559	18.3906
ERR13927504.11347	1561	14.6637
ERR13927504.11348	1563	17.5854
ERR13927504.11349	1556	15.9107
ERR13927504.11350	1502	15.7264
ERR13927504.11351	1542	16.9345
ERR13927504.11352	1551	14.2676
ERR13927504.11353	1499	15.6358
ERR13927504.11354	1579	17.3870
ERR13927504.11355	1558	18.5417
ERR13927504.11356	1567	19.8200
ERR13927504.11357	1547	17.0743
ERR13927504.11358	1558	15.8395
ERR13927504.11359	1569	17.8101
ERR13927504.11360	1554	18.9640
ERR13927504.11361	1544	16.0661
ERR13927504.11362	1535	15.6704
ERR13927504.11363	1557	16.2736
ERR13927504.11364	1587	18.6515
ERR13927504.11365	1535	13.6743
ERR13927504.11366	1532	18.3825
ERR13927504.11367	1545	15.4181
ERR13927504.11368	1577	16.5428
ERR13927504.11369	1584	17.5006
ERR13927504.11370	1600	21.1594
ERR13927504.11371	1549	14.8986
ERR13927504.11372	1551	16.8092
ERR13927504.11373	1567	15.4123
ERR13927504.11374	1531	15.2469
ERR13927504.11375	1567	16.8232
ERR13927504.11376	1561	16.0250
ERR13927504.11377	1526	14.5557
ERR13927504.11378	1557	18.0051
ERR13927504.11379	1136	15.5229
ERR13927504.11380	1428	15.0896
ERR13927504.11381	1554	17.4048
ERR13927504.11382	1546	16.8338
ERR13927504.11383	1407	18.0633
ERR13927504.11384	1561	16.5189
ERR13927504.11385	1540	15.8396
ERR13927504.11386	1521	15.8080
ERR13927504.11387	1574	14.7414
ERR13927504.11388	1485	14.7926
ERR13927504.11389	1538	16.1931
ERR13927504.11390	1530	17.2510
ERR13927504.11391	1541	15.6982
ERR13927504.11392	1588	17.9918
ERR13927504.11393	1556	17.3721
ERR13927504.11394	1588	14.7456
ERR13927504.11395	1567	16.3714
ERR13927504.11396	1574	17.7198
ERR13927504.11397	1528	15.4823
ERR13927504.11398	1308	16.3188
ERR13927504.11399	1569	15.6654
ERR13927504.11400	1562	17.8169
ERR13927504.11401	1625	17.1600
ERR13927504.11402	1574	17.5877
ERR13927504.11403	1536	17.7337
ERR13927504.11404	1438	16.7789
ERR13927504.11405	1538	15.2900
ERR13927504.11406	1555	17.7235
ERR13927504.11407	1518	14.4374
ERR13927504.11408	763	15.5780
ERR13927504.11409	1499	15.6224
ERR13927504.11410	1569	17.2594
ERR13927504.11411	1600	17.4231
ERR13927504.11412	1531	16.1966
ERR13927504.11413	1554	18.4910
ERR13927504.11414	1553	16.0045
ERR13927504.11415	1550	14.6187
ERR13927504.11416	1573	15.7552
ERR13927504.11417	1577	16.8345
ERR13927504.11418	1543	16.0356
ERR13927504.11419	1535	17.0664
ERR13927504.11420	1549	17.1110
ERR13927504.11421	1577	19.9068
ERR13927504.11422	1596	15.1378
ERR13927504.11423	904	17.3772
ERR13927504.11424	1578	18.1122
ERR13927504.11425	1539	17.3437
ERR13927504.11426	1546	15.3959
ERR13927504.11427	1546	18.1384
ERR13927504.11428	1590	18.7786
ERR13927504.11429	1504	15.1888
ERR13927504.11430	1577	16.6354
ERR13927504.11431	1560	24.8731
ERR13927504.11432	1543	15.1329
ERR13927504.11433	1535	14.7401
ERR13927504.11434	1598	18.4487
ERR13927504.11435	1555	15.3318
ERR13927504.11436	1507	16.6184
ERR13927504.11437	1569	14.7718
ERR13927504.11438	1577	21.8859
ERR13927504.11439	1558	16.9544
ERR13927504.11440	1578	18.2497
ERR13927504.11441	1217	18.6122
ERR13927504.11442	1576	18.4315
ERR13927504.11443	1551	18.7357
ERR13927504.11444	1573	20.4596
ERR13927504.11445	1393	16.6432
ERR13927504.11446	1566	15.6558
ERR13927504.11447	1505	14.7668
ERR13927504.11448	1533	15.3816
ERR13927504.11449	1541	14.3225
ERR13927504.11450	1551	16.3843
ERR13927504.11451	1517	14.5300
ERR13927504.11452	1630	15.5761
ERR13927504.11453	1517	15.2907
ERR13927504.11454	1563	18.4331
ERR13927504.11455	1592	16.6319
ERR13927504.11456	1552	17.9265
ERR13927504.11457	1571	16.7473
ERR13927504.11458	1593	18.4557
ERR13927504.11459	1592	18.2067
ERR13927504.11460	1224	17.1560
ERR13927504.11461	1550	15.2516
ERR13927504.11462	1557	15.9448
ERR13927504.11463	1581	16.2385
ERR13927504.11464	1546	18.2063
ERR13927504.11465	1559	15.2399
ERR13927504.11466	1526	16.7005
ERR13927504.11467	1568	18.4528
ERR13927504.11468	1574	15.0902
ERR13927504.11469	1544	16.4624
ERR13927504.11470	1525	16.0223
ERR13927504.11471	1517	14.9249
ERR13927504.11472	1539	18.3671
ERR13927504.11473	1533	17.1011
ERR13927504.11474	1561	15.9135
ERR13927504.11475	1530	16.6634
ERR13927504.11476	1550	17.7890
ERR13927504.11477	1574	18.9987
ERR13927504.11478	1562	17.8316
ERR13927504.11479	1541	15.3290
ERR13927504.11480	1579	18.2286
ERR13927504.11481	1564	15.2474
ERR13927504.11482	1527	18.4119
ERR13927504.11483	1551	14.9104
ERR13927504.11484	1569	16.7234
ERR13927504.11485	1578	20.3910
ERR13927504.11486	1553	15.2589
ERR13927504.11487	1540	15.0481
ERR13927504.11488	1609	17.6283
ERR13927504.11489	1558	18.8960
ERR13927504.11490	1202	16.2005
ERR13927504.11491	1547	17.6930
ERR13927504.11492	1567	16.5884
ERR13927504.11493	1543	15.1646
ERR13927504.11494	1577	18.0482
ERR13927504.11495	1549	18.1659
ERR13927504.11496	1547	16.5908
ERR13927504.11497	1534	17.7399
ERR13927504.11498	1572	18.5687
ERR13927504.11499	1577	16.9556
ERR13927504.11500	1508	16.1731
ERR13927504.11501	1564	15.9341
ERR13927504.11502	1537	18.5023
ERR13927504.11503	1563	15.5470
ERR13927504.11504	1571	16.1649
ERR13927504.11505	1548	18.0730
ERR13927504.11506	1561	16.2242
ERR13927504.11507	1552	15.3731
ERR13927504.11508	1575	19.8851
ERR13927504.11509	1596	17.4135
ERR13927504.11510	1565	15.8588
ERR13927504.11511	1548	17.2513
ERR13927504.11512	1549	14.3357
ERR13927504.11513	1550	16.3077
ERR13927504.11514	1535	15.8710
ERR13927504.11515	1571	20.3660
ERR13927504.11516	1579	16.8790
ERR13927504.11517	1553	15.2440
ERR13927504.11518	1563	16.4351
ERR13927504.11519	1025	15.3317
ERR13927504.11520	1520	16.1645
ERR13927504.11521	1552	16.4691
ERR13927504.11522	1536	15.1133
ERR13927504.11523	1536	16.0137
ERR13927504.11524	1493	15.7562
ERR13927504.11525	1297	17.4595
ERR13927504.11526	1571	15.9854
ERR13927504.11527	1585	15.5874
ERR13927504.11528	1569	17.6367
ERR13927504.11529	1552	17.1727
ERR13927504.11530	1478	16.0291
ERR13927504.11531	1578	17.1084
ERR13927504.11532	1574	15.7510
ERR13927504.11533	1553	18.0251
ERR13927504.11534	1534	17.7171
ERR13927504.11535	1532	15.5176
ERR13927504.11536	1535	14.3016
ERR13927504.11537	1576	17.8509
ERR13927504.11538	1552	16.7197
ERR13927504.11539	1542	17.5480
ERR13927504.11540	1542	15.0875
ERR13927504.11541	1543	15.6824
ERR13927504.11542	1552	15.8215
ERR13927504.11543	1480	14.1824
ERR13927504.11544	1563	16.8017
ERR13927504.11545	1584	18.5574
ERR13927504.11546	1560	14.3853
ERR13927504.11547	1572	15.6940
ERR13927504.11548	1543	15.5917
ERR13927504.11549	1576	16.7151
ERR13927504.11550	1555	17.3981
ERR13927504.11551	1528	15.4895
ERR13927504.11552	1536	18.3027
ERR13927504.11553	1534	15.2868
ERR13927504.11554	1528	16.3056
ERR13927504.11555	1584	18.4968
ERR13927504.11556	1568	16.4611
ERR13927504.11557	1586	18.0151
ERR13927504.11558	1556	14.5495
ERR13927504.11559	1541	14.9740
ERR13927504.11560	1549	15.5339
ERR13927504.11561	1552	17.1624
ERR13927504.11562	1505	16.1615
ERR13927504.11563	1547	16.3846
ERR13927504.11564	1558	16.2747
ERR13927504.11565	1574	16.4797
ERR13927504.11566	1544	15.5589
ERR13927504.11567	1545	17.3806
ERR13927504.11568	1561	17.7796
ERR13927504.11569	1571	16.7441
ERR13927504.11570	1560	16.6705
ERR13927504.11571	1514	15.1288
ERR13927504.11572	1595	17.0972
ERR13927504.11573	1561	14.2729
ERR13927504.11574	1542	16.1524
ERR13927504.11575	1557	16.7726
ERR13927504.11576	1541	16.2174
ERR13927504.11577	1528	17.8691
ERR13927504.11578	1577	16.3938
ERR13927504.11579	1573	20.1329
ERR13927504.11580	1533	15.6112
ERR13927504.11581	1565	17.5291
ERR13927504.11582	1557	15.3462
ERR13927504.11583	955	16.6230
ERR13927504.11584	1591	18.5016
ERR13927504.11585	1518	15.3030
ERR13927504.11586	1539	14.6420
ERR13927504.11587	1560	17.0372
ERR13927504.11588	1582	17.3710
ERR13927504.11589	1570	17.3732
ERR13927504.11590	1550	15.6961
ERR13927504.11591	1515	14.9472
ERR13927504.11592	1547	14.4434
ERR13927504.11593	1548	18.1176
ERR13927504.11594	1594	18.1681
ERR13927504.11595	1580	17.6278
ERR13927504.11596	1538	16.7230
ERR13927504.11597	1609	15.9347
ERR13927504.11598	1618	19.3616
ERR13927504.11599	1563	15.8714
ERR13927504.11600	1579	17.6352
ERR13927504.11601	1574	16.0292
ERR13927504.11602	1122	18.6560
ERR13927504.11603	1558	15.3177
ERR13927504.11604	1570	17.9280
ERR13927504.11605	1573	17.2549
ERR13927504.11606	1564	20.2372
ERR13927504.11607	1594	18.3149
ERR13927504.11608	1569	17.0682
ERR13927504.11609	1592	17.7312
ERR13927504.11610	1588	15.1606
ERR13927504.11611	1356	22.3857
ERR13927504.11612	1553	16.2885
ERR13927504.11613	1553	15.6993
ERR13927504.11614	1561	17.5176
ERR13927504.11615	1572	17.6756
ERR13927504.11616	1546	16.7684
ERR13927504.11617	1575	17.5092
ERR13927504.11618	1557	16.2139
ERR13927504.11619	1595	15.4088
ERR13927504.11620	1529	18.2675
ERR13927504.11621	1554	17.2973
ERR13927504.11622	1548	16.8185
ERR13927504.11623	1568	18.3948
ERR13927504.11624	1543	14.7777
ERR13927504.11625	1599	16.2714
ERR13927504.11626	1533	15.5864
ERR13927504.11627	1599	15.3046
ERR13927504.11628	1560	18.0814
ERR13927504.11629	1567	16.1717
ERR13927504.11630	1507	17.4731
ERR13927504.11631	1524	14.8734
ERR13927504.11632	1580	16.3335
ERR13927504.11633	1558	16.5167
ERR13927504.11634	1513	14.1143
ERR13927504.11635	1601	18.0406
ERR13927504.11636	1535	15.4710
ERR13927504.11637	1601	17.5091
ERR13927504.11638	1574	16.3081
ERR13927504.11639	1561	20.0416
ERR13927504.11640	1550	16.8961
ERR13927504.11641	1593	16.9925
ERR13927504.11642	1562	16.8675
ERR13927504.11643	1537	16.0982
ERR13927504.11644	1568	16.4228
ERR13927504.11645	1562	15.6351
ERR13927504.11646	1566	15.9764
ERR13927504.11647	1506	19.1574
ERR13927504.11648	1546	18.4010
ERR13927504.11649	1573	15.1163
ERR13927504.11650	1542	17.6835
ERR13927504.11651	1471	14.9477
ERR13927504.11652	1590	17.2711
ERR13927504.11653	1407	14.2246
ERR13927504.11654	1575	16.8400
ERR13927504.11655	1538	16.3244
ERR13927504.11656	1522	18.1176
ERR13927504.11657	1581	14.7995
ERR13927504.11658	1569	19.0605
ERR13927504.11659	1577	15.8408
ERR13927504.11660	1508	14.0995
ERR13927504.11661	1586	17.8625
ERR13927504.11662	1565	16.7137
ERR13927504.11663	1515	15.6000
ERR13927504.11664	1573	19.7896
ERR13927504.11665	1564	17.9361
ERR13927504.11666	1534	19.3110
ERR13927504.11667	1584	16.4129
ERR13927504.11668	1500	15.3373
ERR13927504.11669	1519	14.4668
ERR13927504.11670	1569	14.9624
ERR13927504.11671	975	17.0318
ERR13927504.11672	1536	15.2129
ERR13927504.11673	1518	13.8610
ERR13927504.11674	1566	15.7950
ERR13927504.11675	1534	17.1578
ERR13927504.11676	1533	17.9830
ERR13927504.11677	1581	18.1600
ERR13927504.11678	1522	15.7431
ERR13927504.11679	1556	15.1832
ERR13927504.11680	1600	16.6881
ERR13927504.11681	1522	16.5716
ERR13927504.11682	1585	17.4713
ERR13927504.11683	1550	15.0761
ERR13927504.11684	1510	18.0861
ERR13927504.11685	1583	17.7751
ERR13927504.11686	1529	15.2263
ERR13927504.11687	1573	17.5849
ERR13927504.11688	1598	17.5538
ERR13927504.11689	1544	16.3497
ERR13927504.11690	1551	17.1805
ERR13927504.11691	1562	16.1729
ERR13927504.11692	1549	16.5281
ERR13927504.11693	1568	17.5210
ERR13927504.11694	1556	16.1144
ERR13927504.11695	1594	17.4611
ERR13927504.11696	1549	15.2537
ERR13927504.11697	1549	15.6959
ERR13927504.11698	1527	15.0498
ERR13927504.11699	1541	19.2174
ERR13927504.11700	1530	16.4157
ERR13927504.11701	1533	14.8330
ERR13927504.11702	1558	15.5680
ERR13927504.11703	1576	17.2589
ERR13927504.11704	1560	16.8205
ERR13927504.11705	1573	18.5969
ERR13927504.11706	1576	17.4676
ERR13927504.11707	1540	16.1545
ERR13927504.11708	1539	17.4308
ERR13927504.11709	1564	19.0882
ERR13927504.11710	1571	17.5347
ERR13927504.11711	1581	19.7495
ERR13927504.11712	1023	15.4516
ERR13927504.11713	1574	19.7319
ERR13927504.11714	1579	19.0032
ERR13927504.11715	663	16.6290
ERR13927504.11716	1581	18.4662
ERR13927504.11717	1531	16.6741
ERR13927504.11718	1599	16.4028
ERR13927504.11719	1561	17.9718
ERR13927504.11720	1556	15.8451
ERR13927504.11721	1562	14.3067
ERR13927504.11722	1595	16.9630
ERR13927504.11723	1568	16.1837
ERR13927504.11724	1600	16.5525
ERR13927504.11725	1567	14.8271
ERR13927504.11726	1518	16.9203
ERR13927504.11727	1544	18.3575
ERR13927504.11728	1594	14.6066
ERR13927504.11729	1524	16.5302
ERR13927504.11730	1527	14.3438
ERR13927504.11731	1571	17.0592
ERR13927504.11732	1501	15.7109
ERR13927504.11733	1553	16.5448
ERR13927504.11734	1606	19.3151
ERR13927504.11735	1552	17.6811
ERR13927504.11736	1574	17.4492
ERR13927504.11737	1490	14.9114
ERR13927504.11738	1517	15.1147
ERR13927504.11739	1568	15.7564
ERR13927504.11740	1567	15.8105
ERR13927504.11741	1537	16.8256
ERR13927504.11742	1548	14.9025
ERR13927504.11743	1627	15.9975
ERR13927504.11744	1541	15.6515
ERR13927504.11745	1557	17.1188
ERR13927504.11746	1419	14.2960
ERR13927504.11747	1465	14.3024
ERR13927504.11748	1584	16.6692
ERR13927504.11749	1568	15.3693
ERR13927504.11750	1583	17.8174
ERR13927504.11751	1538	15.4356
ERR13927504.11752	1553	14.3741
ERR13927504.11753	1571	19.0165
ERR13927504.11754	1550	18.4839
ERR13927504.11755	1517	15.0897
ERR13927504.11756	1539	15.8278
ERR13927504.11757	1599	18.0782
ERR13927504.11758	1578	20.3568
ERR13927504.11759	1556	18.4492
ERR13927504.11760	1577	18.1065
ERR13927504.11761	1552	16.5863
ERR13927504.11762	1565	14.7930
ERR13927504.11763	1186	21.3954
ERR13927504.11764	1579	18.1938
ERR13927504.11765	1576	16.6542
ERR13927504.11766	1543	17.3318
ERR13927504.11767	1574	15.9168
ERR13927504.11768	1548	17.3043
ERR13927504.11769	1571	15.7938
ERR13927504.11770	1555	17.4463
ERR13927504.11771	1540	18.4045
ERR13927504.11772	1512	14.5648
ERR13927504.11773	1562	17.1024
ERR13927504.11774	1135	16.3101
ERR13927504.11775	1556	17.6530
ERR13927504.11776	1531	17.1052
ERR13927504.11777	1515	17.2878
ERR13927504.11778	1584	18.3706
ERR13927504.11779	1578	15.8473
ERR13927504.11780	1552	15.2339
ERR13927504.11781	1537	17.6383
ERR13927504.11782	1606	17.0660
ERR13927504.11783	1579	17.2027
ERR13927504.11784	1593	18.5712
ERR13927504.11785	1529	17.0477
ERR13927504.11786	1551	16.4700
ERR13927504.11787	1537	15.2759
ERR13927504.11788	1578	16.9170
ERR13927504.11789	1572	18.6164
ERR13927504.11790	1565	18.3304
ERR13927504.11791	1591	18.8737
ERR13927504.11792	1546	16.7374
ERR13927504.11793	1551	16.9536
ERR13927504.11794	1598	17.4994
ERR13927504.11795	1555	15.8309
ERR13927504.11796	1548	13.8463
ERR13927504.11797	1548	16.5917
ERR13927504.11798	1566	14.5581
ERR13927504.11799	1571	15.3507
ERR13927504.11800	1594	15.4956
ERR13927504.11801	1593	18.6943
ERR13927504.11802	1561	17.6195
ERR13927504.11803	221	17.4661
ERR13927504.11804	1541	15.8767
ERR13927504.11805	1524	15.8615
ERR13927504.11806	1562	15.8886
ERR13927504.11807	1566	16.1865
ERR13927504.11808	1598	16.2528
ERR13927504.11809	1557	15.8452
ERR13927504.11810	1570	19.8178
ERR13927504.11811	1536	15.7982
ERR13927504.11812	1575	17.1835
ERR13927504.11813	1580	19.0234
ERR13927504.11814	1593	15.8694
ERR13927504.11815	498	13.6365
ERR13927504.11816	1565	19.1431
ERR13927504.11817	1584	18.2241
ERR13927504.11818	1512	17.8657
ERR13927504.11819	1575	18.7937
ERR13927504.11820	1543	16.3979
ERR13927504.11821	254	11.6969
ERR13927504.11822	1555	14.7640
ERR13927504.11823	1576	17.8014
ERR13927504.11824	1515	16.7452
ERR13927504.11825	1570	17.4669
ERR13927504.11826	1576	16.6567
ERR13927504.11827	1581	15.7970
ERR13927504.11828	1571	16.6232
ERR13927504.11829	1361	14.9486
ERR13927504.11830	1558	15.4859
ERR13927504.11831	1573	18.2333
ERR13927504.11832	1567	17.8430
ERR13927504.11833	1546	17.6734
ERR13927504.11834	1593	15.1155
ERR13927504.11835	1552	14.9414
ERR13927504.11836	1565	16.5540
ERR13927504.11837	1531	16.5669
ERR13927504.11838	1530	21.5641
ERR13927504.11839	1550	15.1239
ERR13927504.11840	1517	20.3527
ERR13927504.11841	1557	17.0430
ERR13927504.11842	1567	18.2029
ERR13927504.11843	1550	17.4910
ERR13927504.11844	1573	17.7381
ERR13927504.11845	1565	16.5438
ERR13927504.11846	1571	17.8402
ERR13927504.11847	1562	16.4302
ERR13927504.11848	1553	14.9073
ERR13927504.11849	1583	17.3152
ERR13927504.11850	1529	14.6095
ERR13927504.11851	1587	17.2810
ERR13927504.11852	1566	17.6379
ERR13927504.11853	1580	17.6696
ERR13927504.11854	1575	16.9403
ERR13927504.11855	1473	16.1460
ERR13927504.11856	1537	17.6402
ERR13927504.11857	265	13.0000
ERR13927504.11858	1545	15.0324
ERR13927504.11859	1599	20.4959
ERR13927504.11860	1553	17.4282
ERR13927504.11861	1558	16.5565
ERR13927504.11862	1565	15.5597
ERR13927504.11863	1565	16.5342
ERR13927504.11864	1571	18.8460
ERR13927504.11865	1572	16.5935
ERR13927504.11866	1553	18.0039
ERR13927504.11867	647	19.2844
ERR13927504.11868	1518	15.7510
ERR13927504.11869	1593	21.3095
ERR13927504.11870	1587	14.3497
ERR13927504.11871	1510	16.9450
ERR13927504.11872	1568	17.9707
ERR13927504.11873	1577	16.0082
ERR13927504.11874	1535	16.8059
ERR13927504.11875	1544	19.0628
ERR13927504.11876	1535	17.5485
ERR13927504.11877	1561	17.0615
ERR13927504.11878	1558	17.3883
ERR13927504.11879	1574	17.9956
ERR13927504.11880	1590	15.0358
ERR13927504.11881	1546	18.4974
ERR13927504.11882	1551	16.8749
ERR13927504.11883	1574	17.8856
ERR13927504.11884	1536	16.7233
ERR13927504.11885	1554	16.4781
ERR13927504.11886	1536	18.7038
ERR13927504.11887	1573	18.4107
ERR13927504.11888	1600	18.2081
ERR13927504.11889	1539	17.2956
ERR13927504.11890	1547	16.7589
ERR13927504.11891	1569	16.4315
ERR13927504.11892	1529	16.1295
ERR13927504.11893	1568	15.5523
ERR13927504.11894	1547	15.5229
ERR13927504.11895	1501	16.3145
ERR13927504.11896	1579	17.1070
ERR13927504.11897	1569	17.0484
ERR13927504.11898	1565	17.8077
ERR13927504.11899	1537	15.4268
ERR13927504.11900	1564	16.9226
ERR13927504.11901	1581	16.7799
ERR13927504.11902	1552	16.5180
ERR13927504.11903	1565	14.7144
ERR13927504.11904	1547	16.0032
ERR13927504.11905	1555	16.3318
ERR13927504.11906	1577	15.6665
ERR13927504.11907	1311	15.9542
ERR13927504.11908	1569	17.5322
ERR13927504.11909	1593	18.8682
ERR13927504.11910	1531	14.0947
ERR13927504.11911	1552	17.8518
ERR13927504.11912	1536	14.1003
ERR13927504.11913	1547	20.4758
ERR13927504.11914	1581	18.7236
ERR13927504.11915	1563	17.9539
ERR13927504.11916	1565	17.0920
ERR13927504.11917	1569	16.3231
ERR13927504.11918	1548	18.3585
ERR13927504.11919	1528	15.2120
ERR13927504.11920	1446	14.7531
ERR13927504.11921	1565	16.8645
ERR13927504.11922	1532	14.9178
ERR13927504.11923	1555	17.7949
ERR13927504.11924	1567	15.5788
ERR13927504.11925	1550	16.2826
ERR13927504.11926	1585	17.4177
ERR13927504.11927	1559	17.3913
ERR13927504.11928	1465	14.9536
ERR13927504.11929	1602	15.7996
ERR13927504.11930	1561	16.4465
ERR13927504.11931	1504	14.7128
ERR13927504.11932	1506	15.1700
ERR13927504.11933	1561	15.2755
ERR13927504.11934	1516	14.4736
ERR13927504.11935	613	16.0962
ERR13927504.11936	1268	17.9203
ERR13927504.11937	1526	15.8801
ERR13927504.11938	830	15.7663
ERR13927504.11939	1524	14.3150
ERR13927504.11940	1529	16.1511
ERR13927504.11941	1542	19.8379
ERR13927504.11942	600	14.5533
ERR13927504.11943	1533	16.3177
ERR13927504.11944	1587	19.5293
ERR13927504.11945	1560	17.7378
ERR13927504.11946	1562	14.0467
ERR13927504.11947	265	15.5019
ERR13927504.11948	1550	15.1632
ERR13927504.11949	1582	14.2908
ERR13927504.11950	1488	14.6714
ERR13927504.11951	1567	17.6267
ERR13927504.11952	1552	17.2229
ERR13927504.11953	1561	15.1294
ERR13927504.11954	1551	18.6622
ERR13927504.11955	1597	16.7214
ERR13927504.11956	1574	16.8329
ERR13927504.11957	1565	18.5572
ERR13927504.11958	1521	14.2229
ERR13927504.11959	1553	17.6420
ERR13927504.11960	1575	18.8457
ERR13927504.11961	1569	15.3894
ERR13927504.11962	1571	17.4157
ERR13927504.11963	1563	17.7639
ERR13927504.11964	1532	15.5581
ERR13927504.11965	1527	14.8880
ERR13927504.11966	1579	17.6846
ERR13927504.11967	1566	16.8557
ERR13927504.11968	1542	16.4228
ERR13927504.11969	1580	15.2519
ERR13927504.11970	1573	16.3452
ERR13927504.11971	1526	15.8486
ERR13927504.11972	1526	14.5210
ERR13927504.11973	1541	14.7249
ERR13927504.11974	1572	15.7093
ERR13927504.11975	1458	14.6845
ERR13927504.11976	1565	17.0256
ERR13927504.11977	1241	17.4311
ERR13927504.11978	1595	15.3611
ERR13927504.11979	1561	15.3004
ERR13927504.11980	1586	16.5397
ERR13927504.11981	1589	20.5513
ERR13927504.11982	1540	15.7403
ERR13927504.11983	1054	16.2391
ERR13927504.11984	1547	16.7957
ERR13927504.11985	1263	15.7363
ERR13927504.11986	1522	13.6708
ERR13927504.11987	1553	15.3986
ERR13927504.11988	1505	15.7654
ERR13927504.11989	1540	17.8006
ERR13927504.11990	1584	16.7734
ERR13927504.11991	1562	17.1447
ERR13927504.11992	1583	18.9368
ERR13927504.11993	1567	17.9553
ERR13927504.11994	1201	15.1624
ERR13927504.11995	1611	18.4308
ERR13927504.11996	1506	15.8997
ERR13927504.11997	1544	16.8063
ERR13927504.11998	2320	17.4366
ERR13927504.11999	1572	16.3594
ERR13927504.12000	1578	16.3954
ERR13927504.12001	1507	17.0975
ERR13927504.12002	1577	17.3646
ERR13927504.12003	1545	17.6777
ERR13927504.12004	1555	16.6450
ERR13927504.12005	1531	14.9732
ERR13927504.12006	1559	16.3252
ERR13927504.12007	1539	17.1007
ERR13927504.12008	1564	17.5703
ERR13927504.12009	1536	17.7930
ERR13927504.12010	1538	18.5358
ERR13927504.12011	1578	16.4708
ERR13927504.12012	1573	17.5499
ERR13927504.12013	1536	14.5801
ERR13927504.12014	1575	15.7549
ERR13927504.12015	1524	15.3970
ERR13927504.12016	1566	17.0057
ERR13927504.12017	1477	15.3358
ERR13927504.12018	1562	19.4405
ERR13927504.12019	1546	14.5000
ERR13927504.12020	1615	17.8805
ERR13927504.12021	1593	19.1576
ERR13927504.12022	1583	15.3550
ERR13927504.12023	1541	16.8858
ERR13927504.12024	1566	16.2586
ERR13927504.12025	1547	18.0103
ERR13927504.12026	1571	20.3189
ERR13927504.12027	1550	15.1716
ERR13927504.12028	1577	19.6823
ERR13927504.12029	1204	19.0291
ERR13927504.12030	1536	16.5632
ERR13927504.12031	844	16.6078
ERR13927504.12032	1535	16.1720
ERR13927504.12033	1587	16.3390
ERR13927504.12034	1582	17.7168
ERR13927504.12035	1503	16.2029
ERR13927504.12036	1568	17.1926
ERR13927504.12037	1519	15.4641
ERR13927504.12038	1547	14.9838
ERR13927504.12039	1562	17.2529
ERR13927504.12040	1598	19.7284
ERR13927504.12041	1540	15.8805
ERR13927504.12042	1551	19.1483
ERR13927504.12043	1563	19.2949
ERR13927504.12044	1577	18.0184
ERR13927504.12045	1567	16.2999
ERR13927504.12046	1378	16.6887
ERR13927504.12047	1549	16.4254
ERR13927504.12048	1564	17.3670
ERR13927504.12049	1569	16.8866
ERR13927504.12050	1535	15.7616
ERR13927504.12051	1569	19.2894
ERR13927504.12052	1541	16.6450
ERR13927504.12053	1541	19.0941
ERR13927504.12054	1571	16.5016
ERR13927504.12055	1532	18.0137
ERR13927504.12056	1522	15.6340
ERR13927504.12057	1524	14.7710
ERR13927504.12058	1603	17.1422
ERR13927504.12059	1570	18.7134
ERR13927504.12060	1553	15.2820
ERR13927504.12061	1557	16.7245
ERR13927504.12062	1524	14.4390
ERR13927504.12063	1569	17.6182
ERR13927504.12064	1561	18.9058
ERR13927504.12065	1570	16.8051
ERR13927504.12066	1553	16.0174
ERR13927504.12067	1605	17.3701
ERR13927504.12068	1519	15.5635
ERR13927504.12069	1535	15.0241
ERR13927504.12070	1584	18.9646
ERR13927504.12071	1550	15.2697
ERR13927504.12072	1559	17.0359
ERR13927504.12073	1556	16.1581
ERR13927504.12074	1562	17.1933
ERR13927504.12075	1552	16.0780
ERR13927504.12076	1472	14.5605
ERR13927504.12077	1559	14.1751
ERR13927504.12078	1530	16.8353
ERR13927504.12079	1540	15.5630
ERR13927504.12080	1539	17.0468
ERR13927504.12081	1529	17.5997
ERR13927504.12082	1610	18.4012
ERR13927504.12083	1534	14.8031
ERR13927504.12084	1570	16.4146
ERR13927504.12085	1597	18.3162
ERR13927504.12086	1979	14.7357
ERR13927504.12087	1574	19.8679
ERR13927504.12088	1583	17.5603
ERR13927504.12089	1561	15.4036
ERR13927504.12090	1555	15.2360
ERR13927504.12091	1565	15.9035
ERR13927504.12092	1491	15.5942
ERR13927504.12093	1570	19.9344
ERR13927504.12094	743	16.1602
ERR13927504.12095	1350	15.7770
ERR13927504.12096	1541	17.1785
ERR13927504.12097	1538	14.3654
ERR13927504.12098	1581	18.1701
ERR13927504.12099	1565	14.8620
ERR13927504.12100	1591	17.7480
ERR13927504.12101	1544	15.1956
ERR13927504.12102	1583	19.8155
ERR13927504.12103	1521	17.5378
ERR13927504.12104	1557	18.0051
ERR13927504.12105	1574	19.0337
ERR13927504.12106	1562	18.1914
ERR13927504.12107	1575	19.8210
ERR13927504.12108	1581	17.9026
ERR13927504.12109	1551	17.4371
ERR13927504.12110	1575	18.9181
ERR13927504.12111	1559	17.2604
ERR13927504.12112	1567	16.4040
ERR13927504.12113	1553	17.1784
ERR13927504.12114	1559	15.5324
ERR13927504.12115	1539	16.1046
ERR13927504.12116	1548	15.1725
ERR13927504.12117	1536	17.5111
ERR13927504.12118	1588	17.3243
ERR13927504.12119	1513	14.7369
ERR13927504.12120	1491	15.2146
ERR13927504.12121	1521	17.4786
ERR13927504.12122	1592	18.6244
ERR13927504.12123	1566	17.4361
ERR13927504.12124	751	18.4048
ERR13927504.12125	1546	17.9088
ERR13927504.12126	1568	19.0019
ERR13927504.12127	1505	16.0518
ERR13927504.12128	1490	15.2087
ERR13927504.12129	1536	14.8158
ERR13927504.12130	1533	14.3542
ERR13927504.12131	1522	16.2497
ERR13927504.12132	1555	15.2315
ERR13927504.12133	1555	16.2637
ERR13927504.12134	1548	15.6234
ERR13927504.12135	1540	17.9701
ERR13927504.12136	1538	18.1482
ERR13927504.12137	1551	15.1257
ERR13927504.12138	1511	15.3435
ERR13927504.12139	1563	15.0064
ERR13927504.12140	1530	15.8549
ERR13927504.12141	1559	15.8505
ERR13927504.12142	1596	17.6961
ERR13927504.12143	1524	17.0663
ERR13927504.12144	1606	17.5535
ERR13927504.12145	1572	16.7430
ERR13927504.12146	1519	17.3081
ERR13927504.12147	1592	17.0226
ERR13927504.12148	1371	16.5602
ERR13927504.12149	1577	17.0850
ERR13927504.12150	1575	15.8349
ERR13927504.12151	1541	17.1888
ERR13927504.12152	1554	18.5444
ERR13927504.12153	1586	15.7900
ERR13927504.12154	1551	15.2540
ERR13927504.12155	1537	17.8985
ERR13927504.12156	1571	16.5054
ERR13927504.12157	1577	17.2448
ERR13927504.12158	1517	16.9262
ERR13927504.12159	1567	20.3803
ERR13927504.12160	1590	16.6755
ERR13927504.12161	1545	15.5476
ERR13927504.12162	1559	18.4856
ERR13927504.12163	1537	17.5023
ERR13927504.12164	1573	16.2339
ERR13927504.12165	1575	16.6806
ERR13927504.12166	1575	18.2692
ERR13927504.12167	1561	16.3472
ERR13927504.12168	1561	17.8104
ERR13927504.12169	1559	15.7287
ERR13927504.12170	1546	15.9974
ERR13927504.12171	1554	19.4035
ERR13927504.12172	1542	17.3437
ERR13927504.12173	1577	18.9512
ERR13927504.12174	1497	15.6426
ERR13927504.12175	1589	18.3826
ERR13927504.12176	1577	16.4648
ERR13927504.12177	1542	18.0370
ERR13927504.12178	1481	16.0979
ERR13927504.12179	1568	18.8508
ERR13927504.12180	1511	14.8564
ERR13927504.12181	1593	16.0942
ERR13927504.12182	1590	18.8390
ERR13927504.12183	1564	19.6324
ERR13927504.12184	1533	15.7515
ERR13927504.12185	1545	15.7191
ERR13927504.12186	1543	16.9274
ERR13927504.12187	1582	18.4646
ERR13927504.12188	1555	16.1678
ERR13927504.12189	719	15.8734
ERR13927504.12190	1509	14.5507
ERR13927504.12191	1578	18.2795
ERR13927504.12192	1579	17.6542
ERR13927504.12193	1554	16.5483
ERR13927504.12194	1528	16.1826
ERR13927504.12195	1556	19.0424
ERR13927504.12196	1572	14.1603
ERR13927504.12197	1526	15.5236
ERR13927504.12198	1540	17.1916
ERR13927504.12199	1571	18.7530
ERR13927504.12200	1596	18.6610
ERR13927504.12201	1611	16.2955
ERR13927504.12202	1545	14.6149
ERR13927504.12203	1569	17.7011
ERR13927504.12204	1573	19.3198
ERR13927504.12205	1579	15.8474
ERR13927504.12206	1561	15.0782
ERR13927504.12207	1542	16.7224
ERR13927504.12208	1558	20.5167
ERR13927504.12209	1551	16.1012
ERR13927504.12210	1592	17.8624
ERR13927504.12211	1544	14.7649
ERR13927504.12212	1540	17.5857
ERR13927504.12213	1540	16.7955
ERR13927504.12214	1567	16.1429
ERR13927504.12215	1516	14.8925
ERR13927504.12216	1550	16.4703
ERR13927504.12217	1547	14.4137
ERR13927504.12218	1533	14.6986
ERR13927504.12219	1581	16.9317
ERR13927504.12220	1582	19.8755
ERR13927504.12221	1513	15.8513
ERR13927504.12222	1536	16.0371
ERR13927504.12223	1545	16.4615
ERR13927504.12224	1528	16.2657
ERR13927504.12225	1577	19.5225
ERR13927504.12226	1521	17.3366
ERR13927504.12227	1637	16.6848
ERR13927504.12228	1580	19.0886
ERR13927504.12229	1597	14.0006
ERR13927504.12230	1564	17.1464
ERR13927504.12231	1561	19.0596
ERR13927504.12232	1615	14.4223
ERR13927504.12233	527	24.7685
ERR13927504.12234	1517	16.3975
ERR13927504.12235	535	15.3869
ERR13927504.12236	613	15.3507
ERR13927504.12237	1549	17.2279
ERR13927504.12238	1562	15.9577
ERR13927504.12239	1557	17.1580
ERR13927504.12240	1530	15.0261
ERR13927504.12241	1554	17.4395
ERR13927504.12242	1569	19.2256
ERR13927504.12243	1585	18.0688
ERR13927504.12244	1589	16.7143
ERR13927504.12245	1562	18.4750
ERR13927504.12246	1541	16.2576
ERR13927504.12247	1545	15.8641
ERR13927504.12248	890	19.8303
ERR13927504.12249	1548	17.9109
ERR13927504.12250	1578	19.7839
ERR13927504.12251	1538	15.9506
ERR13927504.12252	1214	15.0857
ERR13927504.12253	1580	17.0228
ERR13927504.12254	1576	16.1491
ERR13927504.12255	1572	16.0324
ERR13927504.12256	1538	16.7269
ERR13927504.12257	1552	14.9214
ERR13927504.12258	1561	17.9949
ERR13927504.12259	1555	17.5466
ERR13927504.12260	1553	16.4598
ERR13927504.12261	1449	15.9096
ERR13927504.12262	1576	15.2088
ERR13927504.12263	1495	17.0950
ERR13927504.12264	1570	17.5363
ERR13927504.12265	1528	16.8776
ERR13927504.12266	1591	15.6386
ERR13927504.12267	1514	16.8065
ERR13927504.12268	1605	16.4087
ERR13927504.12269	1522	15.3121
ERR13927504.12270	1512	15.3049
ERR13927504.12271	1554	14.9936
ERR13927504.12272	1578	15.8397
ERR13927504.12273	1556	17.1350
ERR13927504.12274	1575	15.6330
ERR13927504.12275	1580	16.4892
ERR13927504.12276	1514	15.3838
ERR13927504.12277	1509	15.6249
ERR13927504.12278	1563	17.3397
ERR13927504.12279	1529	18.0242
ERR13927504.12280	975	14.5364
ERR13927504.12281	1580	16.5316
ERR13927504.12282	1527	16.0026
ERR13927504.12283	1504	15.6144
ERR13927504.12284	1324	16.1269
ERR13927504.12285	1591	19.0585
ERR13927504.12286	1561	16.9033
ERR13927504.12287	1567	17.0300
ERR13927504.12288	1005	16.3920
ERR13927504.12289	1571	16.5290
ERR13927504.12290	1570	16.0452
ERR13927504.12291	1496	17.5100
ERR13927504.12292	1592	18.4039
ERR13927504.12293	1544	16.4806
ERR13927504.12294	1538	17.7802
ERR13927504.12295	1552	18.7403
ERR13927504.12296	1545	18.6220
ERR13927504.12297	1576	18.4657
ERR13927504.12298	1571	18.6932
ERR13927504.12299	1561	15.8661
ERR13927504.12300	1535	14.5355
ERR13927504.12301	1532	14.3264
ERR13927504.12302	1546	18.6365
ERR13927504.12303	1505	16.7150
ERR13927504.12304	1537	17.9753
ERR13927504.12305	1567	14.1500
ERR13927504.12306	1631	17.4090
ERR13927504.12307	1518	13.9855
ERR13927504.12308	1587	16.2728
ERR13927504.12309	1261	15.7827
ERR13927504.12310	1573	18.8703
ERR13927504.12311	1506	15.1959
ERR13927504.12312	1529	17.4729
ERR13927504.12313	1575	16.1556
ERR13927504.12314	423	18.8440
ERR13927504.12315	1588	16.0762
ERR13927504.12316	1548	16.1247
ERR13927504.12317	1560	15.9929
ERR13927504.12318	1589	16.3461
ERR13927504.12319	1526	16.1855
ERR13927504.12320	1509	14.1465
ERR13927504.12321	1588	17.1725
ERR13927504.12322	1546	15.9043
ERR13927504.12323	1508	15.7248
ERR13927504.12324	1519	14.9256
ERR13927504.12325	1582	16.1662
ERR13927504.12326	1541	16.6243
ERR13927504.12327	1704	17.0452
ERR13927504.12328	1010	16.1743
ERR13927504.12329	1576	16.7697
ERR13927504.12330	1557	16.5016
ERR13927504.12331	1579	15.9911
ERR13927504.12332	1565	18.8518
ERR13927504.12333	1573	17.1380
ERR13927504.12334	1591	17.0748
ERR13927504.12335	1553	17.1011
ERR13927504.12336	1551	18.2966
ERR13927504.12337	1541	16.0428
ERR13927504.12338	1525	17.3207
ERR13927504.12339	1591	19.4896
ERR13927504.12340	1587	17.3447
ERR13927504.12341	1595	19.5041
ERR13927504.12342	1547	17.0110
ERR13927504.12343	1545	16.2751
ERR13927504.12344	1536	16.2520
ERR13927504.12345	1545	14.6563
ERR13927504.12346	1529	15.6370
ERR13927504.12347	1576	17.4543
ERR13927504.12348	1524	15.8930
ERR13927504.12349	1588	15.5479
ERR13927504.12350	1554	15.1795
ERR13927504.12351	1540	15.7383
ERR13927504.12352	1557	16.8048
ERR13927504.12353	1559	16.7575
ERR13927504.12354	1568	16.5606
ERR13927504.12355	1544	17.2481
ERR13927504.12356	1555	15.9878
ERR13927504.12357	1532	16.1554
ERR13927504.12358	1550	17.5413
ERR13927504.12359	1563	16.3314
ERR13927504.12360	1588	16.3067
ERR13927504.12361	1012	17.0909
ERR13927504.12362	1569	15.7737
ERR13927504.12363	1456	16.4464
ERR13927504.12364	1564	17.4847
ERR13927504.12365	1589	19.0761
ERR13927504.12366	1588	17.4011
ERR13927504.12367	1586	16.7793
ERR13927504.12368	1507	14.5640
ERR13927504.12369	1582	17.6858
ERR13927504.12370	1540	14.7312
ERR13927504.12371	1577	16.7261
ERR13927504.12372	1553	15.8480
ERR13927504.12373	1528	16.9378
ERR13927504.12374	1554	16.5019
ERR13927504.12375	1508	16.2215
ERR13927504.12376	1547	16.7233
ERR13927504.12377	1561	16.1653
ERR13927504.12378	1557	14.6718
ERR13927504.12379	1557	15.8227
ERR13927504.12380	1509	14.2160
ERR13927504.12381	1548	18.6421
ERR13927504.12382	1547	15.8546
ERR13927504.12383	1544	16.4061
ERR13927504.12384	1553	15.8609
ERR13927504.12385	1549	18.9761
ERR13927504.12386	1579	18.3262
ERR13927504.12387	1579	17.2559
ERR13927504.12388	1546	16.5272
ERR13927504.12389	1552	14.8177
ERR13927504.12390	1586	17.2011
ERR13927504.12391	1548	15.3527
ERR13927504.12392	1510	16.1642
ERR13927504.12393	1544	16.7332
ERR13927504.12394	1607	17.6117
ERR13927504.12395	1594	18.0339
ERR13927504.12396	1548	17.5317
ERR13927504.12397	375	16.4693
ERR13927504.12398	1578	15.9398
ERR13927504.12399	1541	14.2226
ERR13927504.12400	1530	19.8216
ERR13927504.12401	1573	18.6573
ERR13927504.12402	1554	16.6943
ERR13927504.12403	1580	15.8177
ERR13927504.12404	1578	16.3523
ERR13927504.12405	1574	14.7992
ERR13927504.12406	1565	16.3891
ERR13927504.12407	1546	18.4942
ERR13927504.12408	1545	13.9864
ERR13927504.12409	1538	14.7354
ERR13927504.12410	1545	16.4809
ERR13927504.12411	1553	15.1269
ERR13927504.12412	1526	15.9155
ERR13927504.12413	1522	17.3213
ERR13927504.12414	1530	17.1255
ERR13927504.12415	1573	17.4832
ERR13927504.12416	1340	15.4194
ERR13927504.12417	1560	15.0455
ERR13927504.12418	1536	16.3477
ERR13927504.12419	1546	16.8706
ERR13927504.12420	1559	16.7402
ERR13927504.12421	1600	16.6581
ERR13927504.12422	1540	18.3636
ERR13927504.12423	1571	15.5748
ERR13927504.12424	217	18.6175
ERR13927504.12425	1570	17.2172
ERR13927504.12426	1573	17.7705
ERR13927504.12427	1569	15.0446
ERR13927504.12428	1542	17.6407
ERR13927504.12429	1555	15.8232
ERR13927504.12430	1555	16.4952
ERR13927504.12431	1221	16.7985
ERR13927504.12432	1575	15.5606
ERR13927504.12433	1505	16.5422
ERR13927504.12434	1543	17.4874
ERR13927504.12435	1579	17.0304
ERR13927504.12436	1389	18.0857
ERR13927504.12437	1539	16.7122
ERR13927504.12438	1550	16.7729
ERR13927504.12439	999	16.1321
ERR13927504.12440	1511	16.7598
ERR13927504.12441	1545	14.8414
ERR13927504.12442	1575	16.3168
ERR13927504.12443	1600	16.7963
ERR13927504.12444	1404	17.1717
ERR13927504.12445	1553	14.5911
ERR13927504.12446	1563	17.6481
ERR13927504.12447	1575	17.9575
ERR13927504.12448	1538	15.4161
ERR13927504.12449	1579	17.7441
ERR13927504.12450	1551	17.5906
ERR13927504.12451	1555	15.9743
ERR13927504.12452	1556	14.4370
ERR13927504.12453	1567	16.4997
ERR13927504.12454	1550	14.9523
ERR13927504.12455	1398	16.2954
ERR13927504.12456	1587	15.4865
ERR13927504.12457	1561	19.2735
ERR13927504.12458	1497	17.2011
ERR13927504.12459	1586	19.8714
ERR13927504.12460	1549	16.9199
ERR13927504.12461	1549	17.1162
ERR13927504.12462	1556	16.6234
ERR13927504.12463	1592	18.4152
ERR13927504.12464	1559	14.8390
ERR13927504.12465	1553	17.1333
ERR13927504.12466	1574	16.8145
ERR13927504.12467	1565	16.5553
ERR13927504.12468	1202	18.0000
ERR13927504.12469	1542	15.5246
ERR13927504.12470	1549	17.6869
ERR13927504.12471	1574	16.5413
ERR13927504.12472	1556	14.5161
ERR13927504.12473	1421	17.6495
ERR13927504.12474	1541	17.6405
ERR13927504.12475	1707	16.3322
ERR13927504.12476	1558	21.2445
ERR13927504.12477	1581	15.5288
ERR13927504.12478	1508	15.8349
ERR13927504.12479	1567	16.1155
ERR13927504.12480	1599	16.1614
ERR13927504.12481	1553	15.0650
ERR13927504.12482	1574	17.5044
ERR13927504.12483	1554	16.2400
ERR13927504.12484	834	13.7590
ERR13927504.12485	1529	16.2413
ERR13927504.12486	1586	18.8789
ERR13927504.12487	1560	18.3885
ERR13927504.12488	1559	15.9852
ERR13927504.12489	1555	15.4855
ERR13927504.12490	1577	17.8218
ERR13927504.12491	1604	16.8173
ERR13927504.12492	1553	16.2144
ERR13927504.12493	1537	14.9831
ERR13927504.12494	1530	19.4908
ERR13927504.12495	1557	17.2158
ERR13927504.12496	1555	18.3653
ERR13927504.12497	1577	19.6037
ERR13927504.12498	611	14.7889
ERR13927504.12499	1541	15.4964
ERR13927504.12500	1556	16.7616
ERR13927504.12501	1552	16.6192
ERR13927504.12502	1633	18.2413
ERR13927504.12503	1616	17.1442
ERR13927504.12504	1537	15.1705
ERR13927504.12505	1538	15.1612
ERR13927504.12506	1572	21.3861
ERR13927504.12507	1526	16.1664
ERR13927504.12508	1504	16.4082
ERR13927504.12509	1546	14.0226
ERR13927504.12510	1588	16.5668
ERR13927504.12511	1553	16.7090
ERR13927504.12512	1545	14.2848
ERR13927504.12513	1579	14.7625
ERR13927504.12514	1533	17.5492
ERR13927504.12515	1556	17.9312
ERR13927504.12516	1473	14.6945
ERR13927504.12517	1592	15.7268
ERR13927504.12518	1562	17.4667
ERR13927504.12519	1548	17.5245
ERR13927504.12520	1562	17.0948
ERR13927504.12521	1554	16.4151
ERR13927504.12522	1539	15.5588
ERR13927504.12523	1571	17.7174
ERR13927504.12524	1470	16.8707
ERR13927504.12525	1504	14.7773
ERR13927504.12526	1546	15.7342
ERR13927504.12527	1583	16.3064
ERR13927504.12528	1552	18.0657
ERR13927504.12529	1553	17.3741
ERR13927504.12530	1549	19.3731
ERR13927504.12531	1562	16.8995
ERR13927504.12532	1554	17.8411
ERR13927504.12533	1558	16.5687
ERR13927504.12534	1601	16.4341
ERR13927504.12535	1567	19.0817
ERR13927504.12536	1565	15.7387
ERR13927504.12537	1563	18.5598
ERR13927504.12538	1562	15.2177
ERR13927504.12539	1574	16.1017
ERR13927504.12540	1551	17.4939
ERR13927504.12541	1589	18.6853
ERR13927504.12542	1582	19.1334
ERR13927504.12543	1549	16.2608
ERR13927504.12544	1592	16.1068
ERR13927504.12545	1543	19.2942
ERR13927504.12546	1566	17.4246
ERR13927504.12547	1556	15.1003
ERR13927504.12548	1546	18.1235
ERR13927504.12549	1529	17.9274
ERR13927504.12550	1566	15.2542
ERR13927504.12551	1589	15.4500
ERR13927504.12552	1541	15.0545
ERR13927504.12553	1547	16.9463
ERR13927504.12554	1458	17.3601
ERR13927504.12555	1562	14.1280
ERR13927504.12556	1588	16.8293
ERR13927504.12557	1532	19.9961
ERR13927504.12558	1557	19.1291
ERR13927504.12559	1654	16.4359
ERR13927504.12560	1555	14.4849
ERR13927504.12561	1584	19.1319
ERR13927504.12562	1574	15.0419
ERR13927504.12563	1544	15.7163
ERR13927504.12564	1554	14.7606
ERR13927504.12565	1528	17.7749
ERR13927504.12566	1540	18.5091
ERR13927504.12567	1520	15.6329
ERR13927504.12568	1515	14.0739
ERR13927504.12569	1587	16.9168
ERR13927504.12570	1550	17.9316
ERR13927504.12571	1565	14.9054
ERR13927504.12572	1541	16.2706
ERR13927504.12573	1616	16.1182
ERR13927504.12574	1592	15.9943
ERR13927504.12575	758	16.3391
ERR13927504.12576	1581	16.8349
ERR13927504.12577	1571	16.4373
ERR13927504.12578	1595	19.1605
ERR13927504.12579	1568	16.2098
ERR13927504.12580	1532	16.0555
ERR13927504.12581	1544	17.9968
ERR13927504.12582	1541	15.7281
ERR13927504.12583	1590	17.8774
ERR13927504.12584	1575	18.1200
ERR13927504.12585	1615	17.9957
ERR13927504.12586	1565	20.3757
ERR13927504.12587	1563	16.8471
ERR13927504.12588	1554	15.2825
ERR13927504.12589	1570	18.0382
ERR13927504.12590	1569	16.8330
ERR13927504.12591	1548	16.3850
ERR13927504.12592	1579	16.3825
ERR13927504.12593	1547	18.7356
ERR13927504.12594	1200	17.7542
ERR13927504.12595	1629	18.7385
ERR13927504.12596	1535	17.7655
ERR13927504.12597	1573	17.1043
ERR13927504.12598	1571	17.5111
ERR13927504.12599	1579	19.6650
ERR13927504.12600	1528	14.4365
ERR13927504.12601	1545	16.0777
ERR13927504.12602	1562	15.5602
ERR13927504.12603	1539	17.8648
ERR13927504.12604	1576	17.2652
ERR13927504.12605	1436	21.0341
ERR13927504.12606	1537	14.1835
ERR13927504.12607	1566	15.4668
ERR13927504.12608	1577	18.0520
ERR13927504.12609	1597	17.4145
ERR13927504.12610	1569	16.5628
ERR13927504.12611	1621	15.2782
ERR13927504.12612	1583	17.9792
ERR13927504.12613	1564	16.2327
ERR13927504.12614	1578	17.5501
ERR13927504.12615	1536	17.2643
ERR13927504.12616	1539	14.9357
ERR13927504.12617	1584	18.7001
ERR13927504.12618	1357	17.9993
ERR13927504.12619	1557	18.5170
ERR13927504.12620	356	18.1489
ERR13927504.12621	1587	18.1739
ERR13927504.12622	1550	17.2755
ERR13927504.12623	1572	17.3422
ERR13927504.12624	1602	15.8109
ERR13927504.12625	1570	15.9745
ERR13927504.12626	1574	14.9244
ERR13927504.12627	1532	20.3975
ERR13927504.12628	1575	17.0819
ERR13927504.12629	1546	15.8875
ERR13927504.12630	1520	17.2539
ERR13927504.12631	1589	16.3140
ERR13927504.12632	1592	14.6099
ERR13927504.12633	1702	18.3843
ERR13927504.12634	1573	16.0502
ERR13927504.12635	1592	16.4849
ERR13927504.12636	1568	17.4885
ERR13927504.12637	1546	16.5763
ERR13927504.12638	1564	15.2992
ERR13927504.12639	1550	17.7652
ERR13927504.12640	1591	21.7511
ERR13927504.12641	1577	17.6925
ERR13927504.12642	1591	20.0647
ERR13927504.12643	1549	21.3344
ERR13927504.12644	1562	16.6761
ERR13927504.12645	1547	16.0401
ERR13927504.12646	1590	16.8497
ERR13927504.12647	1565	15.8492
ERR13927504.12648	1578	17.2668
ERR13927504.12649	1571	14.9223
ERR13927504.12650	1608	14.8396
ERR13927504.12651	729	19.6337
ERR13927504.12652	1547	15.6445
ERR13927504.12653	1549	19.4990
ERR13927504.12654	1555	18.7968
ERR13927504.12655	1570	16.2115
ERR13927504.12656	1572	15.4555
ERR13927504.12657	1574	17.8139
ERR13927504.12658	1540	18.8448
ERR13927504.12659	1562	19.2663
ERR13927504.12660	1587	17.3529
ERR13927504.12661	1583	17.8598
ERR13927504.12662	1595	17.9273
ERR13927504.12663	1574	22.0280
ERR13927504.12664	1613	20.0936
ERR13927504.12665	1434	17.6478
ERR13927504.12666	1569	15.8917
ERR13927504.12667	1591	16.4431
ERR13927504.12668	1542	17.1673
ERR13927504.12669	1557	16.8985
ERR13927504.12670	1634	16.1004
ERR13927504.12671	1555	20.3511
ERR13927504.12672	1574	18.0381
ERR13927504.12673	1551	17.2424
ERR13927504.12674	1555	18.2103
ERR13927504.12675	1547	17.9690
ERR13927504.12676	1592	15.7802
ERR13927504.12677	1551	18.1805
ERR13927504.12678	1571	20.3730
ERR13927504.12679	1598	15.6108
ERR13927504.12680	1583	19.2495
ERR13927504.12681	1541	17.8540
ERR13927504.12682	1340	18.6657
ERR13927504.12683	1582	16.1169
ERR13927504.12684	1567	15.2348
ERR13927504.12685	1553	16.5757
ERR13927504.12686	1501	16.2705
ERR13927504.12687	1570	17.9713
ERR13927504.12688	1555	18.0746
ERR13927504.12689	1591	16.5588
ERR13927504.12690	1583	16.1529
ERR13927504.12691	1599	19.1088
ERR13927504.12692	1557	16.0167
ERR13927504.12693	1564	18.0134
ERR13927504.12694	1552	17.4137
ERR13927504.12695	1595	17.5567
ERR13927504.12696	1563	18.7051
ERR13927504.12697	1573	19.8055
ERR13927504.12698	1534	14.2829
ERR13927504.12699	1568	17.2985
ERR13927504.12700	1557	17.1959
ERR13927504.12701	1584	18.0000
ERR13927504.12702	1535	18.8489
ERR13927504.12703	1566	18.9783
ERR13927504.12704	1535	18.9564
ERR13927504.12705	1600	16.5450
ERR13927504.12706	1573	18.0604
ERR13927504.12707	1589	15.0025
ERR13927504.12708	1554	15.9646
ERR13927504.12709	1527	17.5167
ERR13927504.12710	1535	14.7492
ERR13927504.12711	1556	16.0257
ERR13927504.12712	1566	16.5294
ERR13927504.12713	1550	15.0142
ERR13927504.12714	1573	15.6656
ERR13927504.12715	1590	16.9182
ERR13927504.12716	1587	19.9786
ERR13927504.12717	1554	16.7259
ERR13927504.12718	1576	18.7424
ERR13927504.12719	1535	14.1557
ERR13927504.12720	1185	16.6996
ERR13927504.12721	1559	20.6196
ERR13927504.12722	1550	18.5923
ERR13927504.12723	1552	17.3396
ERR13927504.12724	1592	18.3599
ERR13927504.12725	1525	14.2223
ERR13927504.12726	1515	14.4271
ERR13927504.12727	1545	18.0958
ERR13927504.12728	1613	15.6330
ERR13927504.12729	1616	16.4722
ERR13927504.12730	1593	18.1142
ERR13927504.12731	1580	21.2120
ERR13927504.12732	1602	20.7235
ERR13927504.12733	1553	16.0251
ERR13927504.12734	1565	21.1176
ERR13927504.12735	1562	16.5128
ERR13927504.12736	928	14.9957
ERR13927504.12737	1567	15.7301
ERR13927504.12738	1596	17.1967
ERR13927504.12739	1591	18.3237
ERR13927504.12740	1585	16.6871
ERR13927504.12741	692	15.6488
ERR13927504.12742	1551	16.2405
ERR13927504.12743	1533	15.0985
ERR13927504.12744	1449	17.1594
ERR13927504.12745	1539	19.6940
ERR13927504.12746	1542	16.7990
ERR13927504.12747	1242	17.1441
ERR13927504.12748	1591	16.1219
ERR13927504.12749	1586	21.0656
ERR13927504.12750	1561	15.8456
ERR13927504.12751	1529	17.9948
ERR13927504.12752	1597	17.4972
ERR13927504.12753	1542	16.4831
ERR13927504.12754	1601	18.7108
ERR13927504.12755	1583	15.2015
ERR13927504.12756	1571	14.6684
ERR13927504.12757	589	16.8846
ERR13927504.12758	1096	15.9535
ERR13927504.12759	1600	19.3062
ERR13927504.12760	1595	18.9699
ERR13927504.12761	1593	18.7671
ERR13927504.12762	1578	19.2605
ERR13927504.12763	1547	16.3950
ERR13927504.12764	1569	18.4277
ERR13927504.12765	1610	16.3298
ERR13927504.12766	1555	15.8836
ERR13927504.12767	1589	17.0592
ERR13927504.12768	1552	18.3247
ERR13927504.12769	1581	17.1524
ERR13927504.12770	1568	15.7162
ERR13927504.12771	1511	15.0490
ERR13927504.12772	1597	18.5285
ERR13927504.12773	1562	17.4187
ERR13927504.12774	1560	18.4026
ERR13927504.12775	1556	16.8387
ERR13927504.12776	1511	14.8504
ERR13927504.12777	1561	16.5810
ERR13927504.12778	1625	17.2849
ERR13927504.12779	1586	19.1589
ERR13927504.12780	1553	18.0522
ERR13927504.12781	546	17.9524
ERR13927504.12782	522	18.8812
ERR13927504.12783	1552	17.5213
ERR13927504.12784	1555	15.5183
ERR13927504.12785	1570	16.8293
ERR13927504.12786	1573	15.8824
ERR13927504.12787	1525	16.2066
ERR13927504.12788	1579	18.5155
ERR13927504.12789	1533	18.2485
ERR13927504.12790	1548	17.8811
ERR13927504.12791	1541	16.4250
ERR13927504.12792	1557	14.9711
ERR13927504.12793	1555	16.3788
ERR13927504.12794	1557	17.2582
ERR13927504.12795	1580	18.4734
ERR13927504.12796	1552	18.5921
ERR13927504.12797	1595	19.4301
ERR13927504.12798	1539	14.4509
ERR13927504.12799	1543	16.7790
ERR13927504.12800	1548	19.1441
ERR13927504.12801	1550	19.3723
ERR13927504.12802	1567	15.1429
ERR13927504.12803	1572	18.2888
ERR13927504.12804	1585	18.3167
ERR13927504.12805	259	18.5290
ERR13927504.12806	1564	17.0109
ERR13927504.12807	1578	17.9620
ERR13927504.12808	1546	16.6675
ERR13927504.12809	1234	18.7447
ERR13927504.12810	1582	19.6650
ERR13927504.12811	1573	17.8627
ERR13927504.12812	1566	18.5109
ERR13927504.12813	1585	16.5565
ERR13927504.12814	1552	20.2004
ERR13927504.12815	1642	17.1790
ERR13927504.12816	1545	15.0511
ERR13927504.12817	1589	19.0843
ERR13927504.12818	1602	14.3870
ERR13927504.12819	1580	19.5816
ERR13927504.12820	1567	16.8162
ERR13927504.12821	1579	20.7929
ERR13927504.12822	1587	16.1531
ERR13927504.12823	1605	16.0361
ERR13927504.12824	1563	17.2009
ERR13927504.12825	1594	19.4216
ERR13927504.12826	1580	19.9038
ERR13927504.12827	1542	17.0869
ERR13927504.12828	1562	15.6344
ERR13927504.12829	1553	17.1140
ERR13927504.12830	1544	16.2915
ERR13927504.12831	1565	15.5335
ERR13927504.12832	1344	17.9435
ERR13927504.12833	1544	16.5972
ERR13927504.12834	1602	17.9407
ERR13927504.12835	1557	14.2678
ERR13927504.12836	1484	16.3551
ERR13927504.12837	1557	17.1021
ERR13927504.12838	1370	14.4679
ERR13927504.12839	1561	15.1076
ERR13927504.12840	1599	16.7824
ERR13927504.12841	1579	15.2109
ERR13927504.12842	1583	21.1434
ERR13927504.12843	1545	15.8951
ERR13927504.12844	1562	18.1479
ERR13927504.12845	1550	15.5058
ERR13927504.12846	1583	15.2533
ERR13927504.12847	1538	16.4740
ERR13927504.12848	1563	18.8509
ERR13927504.12849	1607	19.3578
ERR13927504.12850	1568	18.9923
ERR13927504.12851	1577	19.3798
ERR13927504.12852	1583	17.3689
ERR13927504.12853	1565	15.1450
ERR13927504.12854	1529	15.7959
ERR13927504.12855	1590	16.2912
ERR13927504.12856	1596	16.4029
ERR13927504.12857	1630	15.9270
ERR13927504.12858	1581	18.5237
ERR13927504.12859	498	15.9659
ERR13927504.12860	1581	19.5515
ERR13927504.12861	1529	16.6664
ERR13927504.12862	1575	17.0133
ERR13927504.12863	1560	15.5795
ERR13927504.12864	1598	16.1796
ERR13927504.12865	1552	19.3595
ERR13927504.12866	3193	18.7795
ERR13927504.12867	939	16.7476
ERR13927504.12868	1572	18.6336
ERR13927504.12869	1535	14.8020
ERR13927504.12870	1437	17.4141
ERR13927504.12871	1544	14.6114
ERR13927504.12872	1580	18.6070
ERR13927504.12873	1551	16.8575
ERR13927504.12874	1447	21.4008
ERR13927504.12875	1557	16.3012
ERR13927504.12876	1605	17.4305
ERR13927504.12877	1583	14.7378
ERR13927504.12878	1590	17.8975
ERR13927504.12879	1575	16.1371
ERR13927504.12880	1592	18.2833
ERR13927504.12881	818	16.6724
ERR13927504.12882	1553	15.7888
ERR13927504.12883	1526	14.9908
ERR13927504.12884	1582	17.0594
ERR13927504.12885	1583	16.1491
ERR13927504.12886	1542	16.8405
ERR13927504.12887	1516	16.0073
ERR13927504.12888	1582	16.6820
ERR13927504.12889	1553	16.9202
ERR13927504.12890	1412	16.0659
ERR13927504.12891	1591	20.8900
ERR13927504.12892	1606	16.4726
ERR13927504.12893	1568	16.5051
ERR13927504.12894	1570	17.8382
ERR13927504.12895	1571	17.0649
ERR13927504.12896	1562	16.1344
ERR13927504.12897	1623	17.8965
ERR13927504.12898	1601	18.4260
ERR13927504.12899	1565	16.3438
ERR13927504.12900	1575	15.7575
ERR13927504.12901	1568	19.5115
ERR13927504.12902	1590	16.2403
ERR13927504.12903	1560	18.1667
ERR13927504.12904	1562	15.7452
ERR13927504.12905	1519	15.7373
ERR13927504.12906	1570	16.1338
ERR13927504.12907	1531	16.2809
ERR13927504.12908	1595	17.5856
ERR13927504.12909	1585	14.3420
ERR13927504.12910	1564	19.6202
ERR13927504.12911	1596	17.4267
ERR13927504.12912	1587	17.0687
ERR13927504.12913	1563	15.5182
ERR13927504.12914	1562	15.9181
ERR13927504.12915	1378	16.5559
ERR13927504.12916	1575	17.2775
ERR13927504.12917	1590	16.7591
ERR13927504.12918	1614	20.0805
ERR13927504.12919	1554	20.9498
ERR13927504.12920	1558	14.2445
ERR13927504.12921	1534	16.2014
ERR13927504.12922	1519	15.0296
ERR13927504.12923	1580	16.8684
ERR13927504.12924	1587	19.1531
ERR13927504.12925	1559	17.9949
ERR13927504.12926	1603	17.3119
ERR13927504.12927	1586	18.4779
ERR13927504.12928	1585	19.0511
ERR13927504.12929	1577	22.1985
ERR13927504.12930	1588	20.0233
ERR13927504.12931	1575	19.5162
ERR13927504.12932	1596	21.4875
ERR13927504.12933	1619	15.8765
ERR13927504.12934	1580	17.1538
ERR13927504.12935	1540	17.8221
ERR13927504.12936	1560	17.8327
ERR13927504.12937	1516	15.9974
ERR13927504.12938	1557	14.6037
ERR13927504.12939	1566	16.7733
ERR13927504.12940	1538	19.1112
ERR13927504.12941	1545	17.5696
ERR13927504.12942	1591	18.8328
ERR13927504.12943	1507	15.0159
ERR13927504.12944	1563	17.5784
ERR13927504.12945	1544	18.9203
ERR13927504.12946	1586	17.9231
ERR13927504.12947	1541	17.9260
ERR13927504.12948	1595	18.3555
ERR13927504.12949	1575	18.1149
ERR13927504.12950	1560	16.8212
ERR13927504.12951	1595	16.9605
ERR13927504.12952	1560	15.6160
ERR13927504.12953	1560	16.3462
ERR13927504.12954	1584	15.2904
ERR13927504.12955	1574	17.0832
ERR13927504.12956	1584	18.1692
ERR13927504.12957	1557	16.8150
ERR13927504.12958	1553	13.7907
ERR13927504.12959	1579	18.5839
ERR13927504.12960	1522	15.5539
ERR13927504.12961	1555	19.1389
ERR13927504.12962	1572	18.7939
ERR13927504.12963	576	15.3559
ERR13927504.12964	1538	19.5410
ERR13927504.12965	1557	16.3635
ERR13927504.12966	1570	18.6726
ERR13927504.12967	1577	15.8167
ERR13927504.12968	1577	18.5117
ERR13927504.12969	1572	16.7106
ERR13927504.12970	1573	17.5270
ERR13927504.12971	1564	18.0499
ERR13927504.12972	1583	19.9596
ERR13927504.12973	1580	16.1462
ERR13927504.12974	1595	14.9041
ERR13927504.12975	1589	16.2360
ERR13927504.12976	1560	16.5936
ERR13927504.12977	1516	16.0594
ERR13927504.12978	1560	18.5090
ERR13927504.12979	1567	18.4205
ERR13927504.12980	1569	17.7196
ERR13927504.12981	1554	15.1345
ERR13927504.12982	1543	16.5172
ERR13927504.12983	1527	15.9005
ERR13927504.12984	1563	18.5349
ERR13927504.12985	1558	16.2991
ERR13927504.12986	1572	16.1807
ERR13927504.12987	1572	15.2328
ERR13927504.12988	257	14.3463
ERR13927504.12989	1593	14.6485
ERR13927504.12990	1552	14.3421
ERR13927504.12991	982	15.0255
ERR13927504.12992	1570	15.5293
ERR13927504.12993	1586	17.5618
ERR13927504.12994	1553	16.9253
ERR13927504.12995	1593	18.6271
ERR13927504.12996	1563	16.1254
ERR13927504.12997	1593	18.7583
ERR13927504.12998	1565	19.7035
ERR13927504.12999	1535	15.4632
ERR13927504.13000	1549	18.6714
ERR13927504.13001	1595	15.2426
ERR13927504.13002	1582	17.5044
ERR13927504.13003	1573	16.3001
ERR13927504.13004	1538	18.5065
ERR13927504.13005	1497	17.7595
ERR13927504.13006	1550	15.9465
ERR13927504.13007	1571	16.8345
ERR13927504.13008	1574	18.0197
ERR13927504.13009	1514	17.5383
ERR13927504.13010	1541	18.7073
ERR13927504.13011	1534	16.7855
ERR13927504.13012	1554	15.8958
ERR13927504.13013	1569	13.8362
ERR13927504.13014	1559	18.3560
ERR13927504.13015	1587	18.4505
ERR13927504.13016	1523	16.1911
ERR13927504.13017	1577	18.0425
ERR13927504.13018	1532	17.5503
ERR13927504.13019	1591	18.7806
ERR13927504.13020	1588	18.7324
ERR13927504.13021	1418	16.2377
ERR13927504.13022	1638	17.9780
ERR13927504.13023	1580	18.2146
ERR13927504.13024	1576	15.1536
ERR13927504.13025	1569	18.5315
ERR13927504.13026	1567	14.5201
ERR13927504.13027	1542	17.8917
ERR13927504.13028	1505	19.3110
ERR13927504.13029	1560	16.6026
ERR13927504.13030	1069	17.0674
ERR13927504.13031	1463	16.7457
ERR13927504.13032	1554	17.8475
ERR13927504.13033	1576	17.4740
ERR13927504.13034	1548	18.7674
ERR13927504.13035	1579	15.0070
ERR13927504.13036	1575	16.9524
ERR13927504.13037	1611	18.7138
ERR13927504.13038	1599	16.6448
ERR13927504.13039	793	15.3291
ERR13927504.13040	1556	17.9781
ERR13927504.13041	1539	18.8044
ERR13927504.13042	1592	17.6721
ERR13927504.13043	1596	17.7375
ERR13927504.13044	1634	18.0086
ERR13927504.13045	1579	15.2831
ERR13927504.13046	1585	19.0833
ERR13927504.13047	1599	19.2702
ERR13927504.13048	1595	15.0865
ERR13927504.13049	1557	17.1856
ERR13927504.13050	1595	15.6019
ERR13927504.13051	1539	17.2632
ERR13927504.13052	1556	15.8965
ERR13927504.13053	1604	20.7812
ERR13927504.13054	1540	15.6240
ERR13927504.13055	1610	15.5106
ERR13927504.13056	1550	16.2000
ERR13927504.13057	1518	16.9012
ERR13927504.13058	1604	17.9146
ERR13927504.13059	1550	16.8342
ERR13927504.13060	1573	16.5575
ERR13927504.13061	1509	17.1736
ERR13927504.13062	1593	17.5587
ERR13927504.13063	1580	17.1070
ERR13927504.13064	1557	17.4155
ERR13927504.13065	1560	15.1006
ERR13927504.13066	1596	20.2387
ERR13927504.13067	1610	18.5665
ERR13927504.13068	1543	17.9838
ERR13927504.13069	1567	17.8858
ERR13927504.13070	1265	14.8221
ERR13927504.13071	1558	14.7632
ERR13927504.13072	1586	17.3499
ERR13927504.13073	1558	16.1072
ERR13927504.13074	1586	18.4823
ERR13927504.13075	1523	15.6566
ERR13927504.13076	1588	17.7796
ERR13927504.13077	955	14.9089
ERR13927504.13078	1564	17.0729
ERR13927504.13079	1569	15.6507
ERR13927504.13080	1528	15.5406
ERR13927504.13081	1575	16.0851
ERR13927504.13082	1546	19.7840
ERR13927504.13083	1580	15.5449
ERR13927504.13084	1541	17.0273
ERR13927504.13085	1591	15.8617
ERR13927504.13086	1568	20.5491
ERR13927504.13087	1597	19.4997
ERR13927504.13088	1548	18.4193
ERR13927504.13089	1589	17.4663
ERR13927504.13090	1557	16.9294
ERR13927504.13091	1545	16.7832
ERR13927504.13092	1562	16.2151
ERR13927504.13093	1558	17.4756
ERR13927504.13094	1554	19.5605
ERR13927504.13095	1566	17.3384
ERR13927504.13096	1568	16.1798
ERR13927504.13097	1514	17.5779
ERR13927504.13098	1565	17.4256
ERR13927504.13099	1561	15.1371
ERR13927504.13100	1567	16.1506
ERR13927504.13101	1551	17.8652
ERR13927504.13102	1533	17.0776
ERR13927504.13103	1563	20.6948
ERR13927504.13104	1570	15.8955
ERR13927504.13105	1504	16.0884
ERR13927504.13106	1552	18.5844
ERR13927504.13107	241	15.8672
ERR13927504.13108	1515	16.2574
ERR13927504.13109	1582	17.4216
ERR13927504.13110	1290	14.9078
ERR13927504.13111	1535	18.1225
ERR13927504.13112	1557	17.0732
ERR13927504.13113	1581	19.9962
ERR13927504.13114	1536	18.0247
ERR13927504.13115	1591	17.5776
ERR13927504.13116	1698	16.3840
ERR13927504.13117	1517	14.4812
ERR13927504.13118	1603	16.7511
ERR13927504.13119	1565	17.9067
ERR13927504.13120	1584	16.5417
ERR13927504.13121	1617	18.8800
ERR13927504.13122	1573	15.9803
ERR13927504.13123	1544	19.0725
ERR13927504.13124	1562	18.7234
ERR13927504.13125	1554	18.6261
ERR13927504.13126	1539	15.9136
ERR13927504.13127	1522	19.5217
ERR13927504.13128	1551	17.7337
ERR13927504.13129	1403	15.8232
ERR13927504.13130	1582	16.7421
ERR13927504.13131	1584	19.4830
ERR13927504.13132	1583	17.4056
ERR13927504.13133	1572	16.6170
ERR13927504.13134	1534	15.7595
ERR13927504.13135	1563	18.9040
ERR13927504.13136	1491	16.8384
ERR13927504.13137	1578	15.5887
ERR13927504.13138	1613	18.2288
ERR13927504.13139	1552	18.9330
ERR13927504.13140	1558	15.8755
ERR13927504.13141	1600	20.5425
ERR13927504.13142	1531	18.1653
ERR13927504.13143	1573	18.5842
ERR13927504.13144	1528	14.4562
ERR13927504.13145	1525	16.1515
ERR13927504.13146	1523	15.4478
ERR13927504.13147	1601	16.0787
ERR13927504.13148	1543	18.0927
ERR13927504.13149	1559	14.5779
ERR13927504.13150	1561	18.2710
ERR13927504.13151	1544	15.4579
ERR13927504.13152	1410	19.7539
ERR13927504.13153	1595	17.7285
ERR13927504.13154	1579	17.3882
ERR13927504.13155	1454	15.1960
ERR13927504.13156	1583	18.3721
ERR13927504.13157	1591	19.2627
ERR13927504.13158	1599	20.0869
ERR13927504.13159	1579	16.4693
ERR13927504.13160	1525	16.2866
ERR13927504.13161	1559	16.0956
ERR13927504.13162	1665	14.9327
ERR13927504.13163	1504	15.9747
ERR13927504.13164	1310	17.9511
ERR13927504.13165	1561	19.7425
ERR13927504.13166	1570	19.5860
ERR13927504.13167	1549	20.4629
ERR13927504.13168	1574	17.8227
ERR13927504.13169	1561	15.7976
ERR13927504.13170	1530	15.6641
ERR13927504.13171	1598	20.6414
ERR13927504.13172	1615	18.3183
ERR13927504.13173	1484	17.7736
ERR13927504.13174	1527	17.0642
ERR13927504.13175	1564	15.0480
ERR13927504.13176	1593	18.9956
ERR13927504.13177	1650	14.7564
ERR13927504.13178	1536	18.5098
ERR13927504.13179	1588	17.4528
ERR13927504.13180	1586	15.5914
ERR13927504.13181	1570	14.9389
ERR13927504.13182	1583	16.5452
ERR13927504.13183	1567	17.6560
ERR13927504.13184	1540	14.7805
ERR13927504.13185	1554	15.2181
ERR13927504.13186	1549	15.4822
ERR13927504.13187	1524	16.5427
ERR13927504.13188	1575	15.7848
ERR13927504.13189	1550	15.7174
ERR13927504.13190	1595	14.2759
ERR13927504.13191	1567	17.8213
ERR13927504.13192	1560	15.2288
ERR13927504.13193	1566	16.6782
ERR13927504.13194	1361	15.5929
ERR13927504.13195	1570	17.9815
ERR13927504.13196	1554	14.3964
ERR13927504.13197	1438	17.8477
ERR13927504.13198	1570	15.9726
ERR13927504.13199	1579	16.5193
ERR13927504.13200	1515	16.2884
ERR13927504.13201	1460	15.6753
ERR13927504.13202	1565	20.2939
ERR13927504.13203	1534	15.7145
ERR13927504.13204	1588	19.6788
ERR13927504.13205	1586	15.2560
ERR13927504.13206	1593	16.7495
ERR13927504.13207	1584	20.2847
ERR13927504.13208	1548	15.8346
ERR13927504.13209	1562	14.5474
ERR13927504.13210	1623	15.7887
ERR13927504.13211	1585	14.9571
ERR13927504.13212	1561	17.3831
ERR13927504.13213	1564	20.2769
ERR13927504.13214	1567	21.2636
ERR13927504.13215	1572	16.5433
ERR13927504.13216	1553	16.2022
ERR13927504.13217	1551	22.2585
ERR13927504.13218	1580	17.6753
ERR13927504.13219	1602	19.7141
ERR13927504.13220	1570	15.1860
ERR13927504.13221	1375	16.2451
ERR13927504.13222	1580	18.1038
ERR13927504.13223	1603	16.5240
ERR13927504.13224	1583	16.4953
ERR13927504.13225	1577	18.0799
ERR13927504.13226	1546	18.9224
ERR13927504.13227	1597	17.9756
ERR13927504.13228	1552	17.6095
ERR13927504.13229	1535	19.1199
ERR13927504.13230	1596	18.7519
ERR13927504.13231	1527	16.8952
ERR13927504.13232	1561	16.3549
ERR13927504.13233	1565	15.5661
ERR13927504.13234	3583	17.9330
ERR13927504.13235	1600	17.8900
ERR13927504.13236	1548	14.0588
ERR13927504.13237	217	18.5806
ERR13927504.13238	1549	14.6514
ERR13927504.13239	1168	16.4777
ERR13927504.13240	1589	18.5645
ERR13927504.13241	1540	18.9383
ERR13927504.13242	1561	17.3773
ERR13927504.13243	1541	15.3705
ERR13927504.13244	1551	17.9478
ERR13927504.13245	1562	18.7855
ERR13927504.13246	1568	17.2258
ERR13927504.13247	1564	15.0403
ERR13927504.13248	1567	17.5609
ERR13927504.13249	1577	18.7292
ERR13927504.13250	1566	17.8250
ERR13927504.13251	1557	18.9782
ERR13927504.13252	1593	19.0910
ERR13927504.13253	1558	16.5520
ERR13927504.13254	1631	17.0031
ERR13927504.13255	1576	18.6466
ERR13927504.13256	3163	15.6073
ERR13927504.13257	1522	15.0053
ERR13927504.13258	1595	19.7423
ERR13927504.13259	1584	18.6521
ERR13927504.13260	1530	17.4392
ERR13927504.13261	1135	16.8987
ERR13927504.13262	1471	15.2971
ERR13927504.13263	1588	15.3130
ERR13927504.13264	1564	17.2404
ERR13927504.13265	1560	15.3885
ERR13927504.13266	1575	15.9575
ERR13927504.13267	1557	19.2293
ERR13927504.13268	1597	19.4784
ERR13927504.13269	1039	16.4947
ERR13927504.13270	1565	19.5898
ERR13927504.13271	1579	19.4611
ERR13927504.13272	1503	18.4890
ERR13927504.13273	1601	15.2942
ERR13927504.13274	1556	17.2307
ERR13927504.13275	1602	16.6498
ERR13927504.13276	1513	16.4065
ERR13927504.13277	1118	16.1530
ERR13927504.13278	1593	18.4928
ERR13927504.13279	1484	15.8288
ERR13927504.13280	1586	16.9565
ERR13927504.13281	1565	15.4364
ERR13927504.13282	1578	18.4753
ERR13927504.13283	1571	18.0522
ERR13927504.13284	1482	15.3333
ERR13927504.13285	1613	17.7179
ERR13927504.13286	1600	21.0181
ERR13927504.13287	1198	21.8806
ERR13927504.13288	1574	15.0159
ERR13927504.13289	1552	13.8872
ERR13927504.13290	1589	18.6042
ERR13927504.13291	1592	18.7356
ERR13927504.13292	1530	18.4758
ERR13927504.13293	1561	17.8360
ERR13927504.13294	1571	18.1725
ERR13927504.13295	1506	15.2975
ERR13927504.13296	1556	17.5045
ERR13927504.13297	1489	17.9288
ERR13927504.13298	1592	18.8756
ERR13927504.13299	1302	19.7719
ERR13927504.13300	1578	15.0887
ERR13927504.13301	1567	17.5565
ERR13927504.13302	1545	16.8472
ERR13927504.13303	1540	16.2500
ERR13927504.13304	1548	15.9780
ERR13927504.13305	1551	16.7705
ERR13927504.13306	1526	17.8329
ERR13927504.13307	1539	17.3951
ERR13927504.13308	1553	15.1925
ERR13927504.13309	1572	17.0293
ERR13927504.13310	1543	17.3286
ERR13927504.13311	1562	15.1940
ERR13927504.13312	1588	15.9345
ERR13927504.13313	1584	19.7064
ERR13927504.13314	1586	19.2081
ERR13927504.13315	1560	15.6000
ERR13927504.13316	1556	17.2995
ERR13927504.13317	1558	17.7291
ERR13927504.13318	1561	18.6842
ERR13927504.13319	1521	15.3945
ERR13927504.13320	1560	15.0801
ERR13927504.13321	1591	18.5745
ERR13927504.13322	1581	16.9526
ERR13927504.13323	313	14.7316
ERR13927504.13324	1563	17.9834
ERR13927504.13325	1565	18.2581
ERR13927504.13326	1558	14.8511
ERR13927504.13327	1539	18.6322
ERR13927504.13328	1529	17.0752
ERR13927504.13329	1532	15.3949
ERR13927504.13330	1560	14.7135
ERR13927504.13331	1583	17.0518
ERR13927504.13332	1581	17.8982
ERR13927504.13333	1597	18.0163
ERR13927504.13334	1558	17.1926
ERR13927504.13335	1545	15.5968
ERR13927504.13336	1575	16.0051
ERR13927504.13337	1483	14.8031
ERR13927504.13338	1569	15.6361
ERR13927504.13339	1584	15.3718
ERR13927504.13340	1611	18.7685
ERR13927504.13341	1576	17.7430
ERR13927504.13342	1570	14.6057
ERR13927504.13343	1587	17.7183
ERR13927504.13344	1568	18.7028
ERR13927504.13345	1548	18.4826
ERR13927504.13346	1595	18.8545
ERR13927504.13347	1475	22.9308
ERR13927504.13348	1592	17.8361
ERR13927504.13349	1573	17.6891
ERR13927504.13350	1546	16.3991
ERR13927504.13351	1580	15.4734
ERR13927504.13352	1514	15.4148
ERR13927504.13353	1618	17.3603
ERR13927504.13354	1568	15.4267
ERR13927504.13355	1537	15.8074
ERR13927504.13356	1561	17.3235
ERR13927504.13357	1608	15.3290
ERR13927504.13358	1592	20.7173
ERR13927504.13359	1579	16.5472
ERR13927504.13360	1583	16.7884
ERR13927504.13361	1552	19.4897
ERR13927504.13362	807	17.1958
ERR13927504.13363	1548	19.4671
ERR13927504.13364	1549	15.3196
ERR13927504.13365	1577	15.9188
ERR13927504.13366	1596	15.0019
ERR13927504.13367	1549	15.7056
ERR13927504.13368	1594	17.3701
ERR13927504.13369	1569	16.4251
ERR13927504.13370	1572	17.1533
ERR13927504.13371	1569	14.6068
ERR13927504.13372	1523	17.3585
ERR13927504.13373	1565	15.2812
ERR13927504.13374	1576	17.4036
ERR13927504.13375	1573	18.3566
ERR13927504.13376	1563	16.3423
ERR13927504.13377	1586	17.9786
ERR13927504.13378	1560	17.5385
ERR13927504.13379	1583	20.1832
ERR13927504.13380	1524	18.5190
ERR13927504.13381	525	16.3943
ERR13927504.13382	1574	18.7726
ERR13927504.13383	1552	15.0896
ERR13927504.13384	1562	16.9245
ERR13927504.13385	1587	16.5054
ERR13927504.13386	1578	19.6920
ERR13927504.13387	1574	17.2020
ERR13927504.13388	1564	18.7494
ERR13927504.13389	1597	16.1534
ERR13927504.13390	1558	16.9615
ERR13927504.13391	1547	18.0446
ERR13927504.13392	1580	17.4816
ERR13927504.13393	1555	18.3595
ERR13927504.13394	1519	14.7472
ERR13927504.13395	1574	19.2579
ERR13927504.13396	1567	19.8583
ERR13927504.13397	1559	19.6049
ERR13927504.13398	1414	19.0891
ERR13927504.13399	1570	15.6637
ERR13927504.13400	1541	18.3167
ERR13927504.13401	864	19.3924
ERR13927504.13402	1599	15.8687
ERR13927504.13403	1560	18.5045
ERR13927504.13404	1561	17.2332
ERR13927504.13405	1558	15.8081
ERR13927504.13406	1578	16.9170
ERR13927504.13407	1550	18.7561
ERR13927504.13408	1484	15.1489
ERR13927504.13409	1562	19.4808
ERR13927504.13410	1577	18.3443
ERR13927504.13411	1563	18.4491
ERR13927504.13412	1547	15.9302
ERR13927504.13413	1554	18.2246
ERR13927504.13414	321	20.3209
ERR13927504.13415	1569	18.1759
ERR13927504.13416	1582	18.0310
ERR13927504.13417	1563	15.0717
ERR13927504.13418	1553	15.5216
ERR13927504.13419	1567	16.3529
ERR13927504.13420	1558	19.1945
ERR13927504.13421	1579	17.0925
ERR13927504.13422	1501	16.7628
ERR13927504.13423	1502	16.6318
ERR13927504.13424	1579	19.1773
ERR13927504.13425	1545	15.0369
ERR13927504.13426	1529	17.0935
ERR13927504.13427	1556	19.0129
ERR13927504.13428	1582	16.5322
ERR13927504.13429	1493	16.0898
ERR13927504.13430	1591	20.4626
ERR13927504.13431	1480	16.8885
ERR13927504.13432	1580	18.3500
ERR13927504.13433	1565	18.6153
ERR13927504.13434	1570	17.9586
ERR13927504.13435	1506	17.8645
ERR13927504.13436	1500	16.1860
ERR13927504.13437	1562	15.8662
ERR13927504.13438	1564	16.1963
ERR13927504.13439	1556	16.2474
ERR13927504.13440	1577	16.6944
ERR13927504.13441	1590	18.4440
ERR13927504.13442	1527	15.8107
ERR13927504.13443	1556	17.6979
ERR13927504.13444	1116	18.1685
ERR13927504.13445	1603	16.8790
ERR13927504.13446	1563	15.7134
ERR13927504.13447	1589	15.6973
ERR13927504.13448	1421	17.0134
ERR13927504.13449	1531	17.0438
ERR13927504.13450	1541	14.6016
ERR13927504.13451	1590	17.5541
ERR13927504.13452	1628	14.8550
ERR13927504.13453	1568	17.0695
ERR13927504.13454	1567	17.7135
ERR13927504.13455	628	14.7771
ERR13927504.13456	1581	21.2954
ERR13927504.13457	1563	16.2553
ERR13927504.13458	1539	17.8694
ERR13927504.13459	1511	16.4441
ERR13927504.13460	1554	14.4839
ERR13927504.13461	249	16.3333
ERR13927504.13462	1575	14.2552
ERR13927504.13463	1573	15.7514
ERR13927504.13464	1582	17.0714
ERR13927504.13465	1568	17.2653
ERR13927504.13466	1533	15.8787
ERR13927504.13467	1570	16.3490
ERR13927504.13468	1572	18.1298
ERR13927504.13469	1549	16.6520
ERR13927504.13470	1575	17.4038
ERR13927504.13471	1564	20.5953
ERR13927504.13472	1594	17.7227
ERR13927504.13473	1551	16.4790
ERR13927504.13474	1542	17.4086
ERR13927504.13475	1551	16.2895
ERR13927504.13476	1337	20.2872
ERR13927504.13477	1543	17.9462
ERR13927504.13478	1576	17.2500
ERR13927504.13479	1581	16.0019
ERR13927504.13480	1577	16.2860
ERR13927504.13481	1573	18.8716
ERR13927504.13482	1553	15.8963
ERR13927504.13483	1567	16.5782
ERR13927504.13484	1596	16.1748
ERR13927504.13485	1528	16.7775
ERR13927504.13486	604	18.3758
ERR13927504.13487	1557	17.4220
ERR13927504.13488	1587	19.8992
ERR13927504.13489	1558	17.6149
ERR13927504.13490	1554	19.5238
ERR13927504.13491	1582	17.1138
ERR13927504.13492	1564	16.7666
ERR13927504.13493	1578	19.1584
ERR13927504.13494	1584	18.7405
ERR13927504.13495	1575	17.3619
ERR13927504.13496	1540	15.7208
ERR13927504.13497	1563	17.7083
ERR13927504.13498	1605	17.7601
ERR13927504.13499	1540	15.8500
ERR13927504.13500	1584	20.1976
ERR13927504.13501	1528	16.6257
ERR13927504.13502	1567	16.8443
ERR13927504.13503	1615	16.3288
ERR13927504.13504	912	14.5866
ERR13927504.13505	806	16.5211
ERR13927504.13506	868	14.7247
ERR13927504.13507	1607	20.2520
ERR13927504.13508	1594	17.7917
ERR13927504.13509	1582	15.7396
ERR13927504.13510	1600	18.7225
ERR13927504.13511	1568	17.5478
ERR13927504.13512	1613	15.9206
ERR13927504.13513	1555	15.6701
ERR13927504.13514	1530	17.2150
ERR13927504.13515	1569	17.8961
ERR13927504.13516	1546	20.5802
ERR13927504.13517	1570	15.9338
ERR13927504.13518	1584	18.2847
ERR13927504.13519	1691	16.7351
ERR13927504.13520	1536	16.6660
ERR13927504.13521	1577	15.7882
ERR13927504.13522	1499	15.6658
ERR13927504.13523	1483	16.5462
ERR13927504.13524	1575	17.9467
ERR13927504.13525	1585	15.8076
ERR13927504.13526	1480	16.6703
ERR13927504.13527	1581	19.0923
ERR13927504.13528	1520	14.1711
ERR13927504.13529	1521	15.8133
ERR13927504.13530	1521	15.1216
ERR13927504.13531	1567	15.4505
ERR13927504.13532	1517	14.7601
ERR13927504.13533	1576	17.1478
ERR13927504.13534	1534	15.2256
ERR13927504.13535	1563	16.9053
ERR13927504.13536	1524	18.5125
ERR13927504.13537	1529	18.8457
ERR13927504.13538	1559	16.6992
ERR13927504.13539	1557	15.6885
ERR13927504.13540	1580	15.4316
ERR13927504.13541	1505	14.8385
ERR13927504.13542	1587	17.0725
ERR13927504.13543	1573	15.3935
ERR13927504.13544	1575	16.6190
ERR13927504.13545	1532	15.9726
ERR13927504.13546	1517	16.9525
ERR13927504.13547	1585	22.0391
ERR13927504.13548	1576	17.4937
ERR13927504.13549	1565	16.0243
ERR13927504.13550	1540	15.2227
ERR13927504.13551	1568	18.8629
ERR13927504.13552	1583	20.9210
ERR13927504.13553	1591	20.6185
ERR13927504.13554	1583	17.2584
ERR13927504.13555	1502	16.4874
ERR13927504.13556	1558	14.7131
ERR13927504.13557	1565	16.0869
ERR13927504.13558	1565	15.4837
ERR13927504.13559	1522	18.0775
ERR13927504.13560	1615	19.1814
ERR13927504.13561	460	15.4174
ERR13927504.13562	1555	19.0064
ERR13927504.13563	1608	17.8626
ERR13927504.13564	1571	16.1534
ERR13927504.13565	1342	16.0931
ERR13927504.13566	1603	17.9794
ERR13927504.13567	1525	15.2734
ERR13927504.13568	1575	18.2349
ERR13927504.13569	1517	14.8886
ERR13927504.13570	1053	14.6154
ERR13927504.13571	1562	18.2490
ERR13927504.13572	1520	15.7697
ERR13927504.13573	1559	18.6607
ERR13927504.13574	1580	17.5215
ERR13927504.13575	1556	18.0116
ERR13927504.13576	1553	16.0444
ERR13927504.13577	1559	16.0019
ERR13927504.13578	1551	16.7943
ERR13927504.13579	1565	17.9879
ERR13927504.13580	1528	15.4843
ERR13927504.13581	1543	17.1121
ERR13927504.13582	1551	21.0999
ERR13927504.13583	1538	16.3635
ERR13927504.13584	1552	15.6811
ERR13927504.13585	1498	16.2130
ERR13927504.13586	1517	15.3731
ERR13927504.13587	1567	18.0657
ERR13927504.13588	1529	17.9261
ERR13927504.13589	1576	20.4131
ERR13927504.13590	1559	19.6684
ERR13927504.13591	1487	13.6288
ERR13927504.13592	1579	19.2825
ERR13927504.13593	1574	16.8482
ERR13927504.13594	1565	14.2709
ERR13927504.13595	1588	16.2670
ERR13927504.13596	1542	17.9008
ERR13927504.13597	1534	16.9420
ERR13927504.13598	1562	15.5992
ERR13927504.13599	1591	20.0660
ERR13927504.13600	1527	16.8160
ERR13927504.13601	1525	14.7711
ERR13927504.13602	1528	17.8312
ERR13927504.13603	1581	18.0519
ERR13927504.13604	1578	19.2997
ERR13927504.13605	1602	18.5643
ERR13927504.13606	1558	16.4166
ERR13927504.13607	1417	14.2738
ERR13927504.13608	1562	17.7394
ERR13927504.13609	1526	14.3290
ERR13927504.13610	1543	18.6721
ERR13927504.13611	1511	14.0907
ERR13927504.13612	1549	14.4203
ERR13927504.13613	1502	16.0346
ERR13927504.13614	1534	14.3110
ERR13927504.13615	1531	15.6884
ERR13927504.13616	1549	14.6985
ERR13927504.13617	1556	16.6215
ERR13927504.13618	1595	18.6627
ERR13927504.13619	1566	17.5664
ERR13927504.13620	1555	18.3434
ERR13927504.13621	1544	15.8446
ERR13927504.13622	900	17.2611
ERR13927504.13623	1599	18.5735
ERR13927504.13624	1534	15.8859
ERR13927504.13625	1560	15.9154
ERR13927504.13626	1558	18.8145
ERR13927504.13627	1516	14.9578
ERR13927504.13628	1523	17.3329
ERR13927504.13629	1591	19.6153
ERR13927504.13630	1564	17.2289
ERR13927504.13631	1518	14.5072
ERR13927504.13632	1479	15.5098
ERR13927504.13633	1298	19.3613
ERR13927504.13634	1549	14.6649
ERR13927504.13635	1571	18.5105
ERR13927504.13636	1582	19.4020
ERR13927504.13637	1529	16.6939
ERR13927504.13638	1534	15.7308
ERR13927504.13639	1568	16.0835
ERR13927504.13640	1562	15.4974
ERR13927504.13641	1578	16.8663
ERR13927504.13642	1569	17.8808
ERR13927504.13643	1549	17.4461
ERR13927504.13644	1527	17.0399
ERR13927504.13645	1552	17.5670
ERR13927504.13646	1543	16.8892
ERR13927504.13647	1559	16.8012
ERR13927504.13648	1322	16.6346
ERR13927504.13649	1525	15.6813
ERR13927504.13650	1579	16.5814
ERR13927504.13651	1599	17.0369
ERR13927504.13652	1528	14.9149
ERR13927504.13653	1554	16.9241
ERR13927504.13654	719	17.4103
ERR13927504.13655	1591	16.8906
ERR13927504.13656	1531	15.3703
ERR13927504.13657	1523	16.4531
ERR13927504.13658	1523	18.2226
ERR13927504.13659	1556	16.0707
ERR13927504.13660	1549	17.2563
ERR13927504.13661	1572	19.1266
ERR13927504.13662	1588	16.7576
ERR13927504.13663	1548	16.5245
ERR13927504.13664	1544	16.7390
ERR13927504.13665	1587	20.7795
ERR13927504.13666	1531	18.3423
ERR13927504.13667	1544	14.8990
ERR13927504.13668	1573	18.9498
ERR13927504.13669	1591	17.6656
ERR13927504.13670	1536	17.7493
ERR13927504.13671	1543	15.9657
ERR13927504.13672	1552	17.7945
ERR13927504.13673	1492	16.7614
ERR13927504.13674	1535	17.9466
ERR13927504.13675	1536	16.1862
ERR13927504.13676	1573	15.7870
ERR13927504.13677	1543	16.2754
ERR13927504.13678	3092	17.3829
ERR13927504.13679	1573	17.8989
ERR13927504.13680	1488	18.0820
ERR13927504.13681	1552	16.8582
ERR13927504.13682	1432	16.6376
ERR13927504.13683	1579	16.1254
ERR13927504.13684	1505	15.6000
ERR13927504.13685	1562	17.2612
ERR13927504.13686	1525	15.4538
ERR13927504.13687	1596	16.2563
ERR13927504.13688	1522	15.5434
ERR13927504.13689	1555	14.9415
ERR13927504.13690	1563	17.5234
ERR13927504.13691	1569	17.1434
ERR13927504.13692	1515	16.8713
ERR13927504.13693	1545	15.8505
ERR13927504.13694	1576	17.5235
ERR13927504.13695	1526	16.0839
ERR13927504.13696	1582	15.4703
ERR13927504.13697	1579	19.2419
ERR13927504.13698	1550	15.8213
ERR13927504.13699	1550	17.1516
ERR13927504.13700	1547	16.9787
ERR13927504.13701	1524	17.5079
ERR13927504.13702	1586	16.1375
ERR13927504.13703	1595	14.9386
ERR13927504.13704	1577	20.2080
ERR13927504.13705	1563	16.5125
ERR13927504.13706	1509	15.6296
ERR13927504.13707	1589	17.5916
ERR13927504.13708	1562	16.2490
ERR13927504.13709	1510	16.4914
ERR13927504.13710	1563	19.1011
ERR13927504.13711	1571	21.4290
ERR13927504.13712	1606	18.9489
ERR13927504.13713	1561	17.4324
ERR13927504.13714	1558	17.6181
ERR13927504.13715	1519	15.4635
ERR13927504.13716	1583	17.0670
ERR13927504.13717	1489	15.8784
ERR13927504.13718	1571	16.0318
ERR13927504.13719	1525	16.1652
ERR13927504.13720	1529	16.1956
ERR13927504.13721	1557	19.8497
ERR13927504.13722	1548	16.0879
ERR13927504.13723	1576	15.6777
ERR13927504.13724	1538	18.1762
ERR13927504.13725	1572	16.6145
ERR13927504.13726	1526	15.6743
ERR13927504.13727	1567	17.5405
ERR13927504.13728	1561	16.6605
ERR13927504.13729	1525	16.3082
ERR13927504.13730	1586	19.1078
ERR13927504.13731	1472	14.8247
ERR13927504.13732	1574	18.9085
ERR13927504.13733	1600	15.1837
ERR13927504.13734	1547	15.9373
ERR13927504.13735	1521	16.0756
ERR13927504.13736	1581	17.8830
ERR13927504.13737	1317	18.4100
ERR13927504.13738	1498	15.5020
ERR13927504.13739	1574	18.5661
ERR13927504.13740	846	17.0579
ERR13927504.13741	1553	14.8397
ERR13927504.13742	1559	17.1392
ERR13927504.13743	1524	14.9665
ERR13927504.13744	1546	14.9069
ERR13927504.13745	1542	16.9014
ERR13927504.13746	1568	16.6837
ERR13927504.13747	1561	15.8360
ERR13927504.13748	1530	15.3105
ERR13927504.13749	1584	17.7828
ERR13927504.13750	1587	16.6188
ERR13927504.13751	1546	16.8014
ERR13927504.13752	1566	16.4119
ERR13927504.13753	1497	14.5792
ERR13927504.13754	1568	21.1276
ERR13927504.13755	1529	18.6776
ERR13927504.13756	1201	19.7585
ERR13927504.13757	1552	17.4439
ERR13927504.13758	1591	20.2225
ERR13927504.13759	1540	14.9019
ERR13927504.13760	1539	16.3918
ERR13927504.13761	1494	15.4625
ERR13927504.13762	1433	14.7013
ERR13927504.13763	1569	14.6329
ERR13927504.13764	1444	14.8352
ERR13927504.13765	1542	15.0772
ERR13927504.13766	290	13.4586
ERR13927504.13767	1598	14.7822
ERR13927504.13768	1562	19.4834
ERR13927504.13769	1507	16.7067
ERR13927504.13770	1565	18.6684
ERR13927504.13771	1224	17.2966
ERR13927504.13772	1591	15.9001
ERR13927504.13773	1539	15.8869
ERR13927504.13774	1596	18.7080
ERR13927504.13775	1571	14.7938
ERR13927504.13776	1549	15.8212
ERR13927504.13777	1591	18.4148
ERR13927504.13778	255	17.1569
ERR13927504.13779	1592	13.9899
ERR13927504.13780	1561	17.7585
ERR13927504.13781	1510	14.4305
ERR13927504.13782	1186	16.5885
ERR13927504.13783	1554	17.7786
ERR13927504.13784	1558	19.5417
ERR13927504.13785	1589	20.5765
ERR13927504.13786	1621	15.3775
ERR13927504.13787	1542	17.0610
ERR13927504.13788	1562	16.8476
ERR13927504.13789	1573	19.5143
ERR13927504.13790	1596	18.7381
ERR13927504.13791	1532	15.1345
ERR13927504.13792	1568	15.8355
ERR13927504.13793	1510	16.2397
ERR13927504.13794	1545	16.9417
ERR13927504.13795	1117	18.3250
ERR13927504.13796	1524	17.1056
ERR13927504.13797	1577	18.0044
ERR13927504.13798	1528	17.4306
ERR13927504.13799	1522	16.3830
ERR13927504.13800	1586	16.4899
ERR13927504.13801	1570	14.8376
ERR13927504.13802	1516	15.3391
ERR13927504.13803	1531	16.6813
ERR13927504.13804	1539	17.3548
ERR13927504.13805	1712	18.1898
ERR13927504.13806	1546	14.9799
ERR13927504.13807	764	16.1898
ERR13927504.13808	1563	15.6635
ERR13927504.13809	1525	17.7049
ERR13927504.13810	1510	14.6351
ERR13927504.13811	1523	14.1852
ERR13927504.13812	1561	16.4580
ERR13927504.13813	1548	18.4910
ERR13927504.13814	1187	16.6521
ERR13927504.13815	1533	16.6706
ERR13927504.13816	1569	17.6552
ERR13927504.13817	1579	16.0317
ERR13927504.13818	1570	17.2611
ERR13927504.13819	1331	16.0503
ERR13927504.13820	1492	15.5523
ERR13927504.13821	1608	17.8595
ERR13927504.13822	1017	15.5703
ERR13927504.13823	1542	15.3690
ERR13927504.13824	1553	15.0238
ERR13927504.13825	1586	19.1034
ERR13927504.13826	1577	17.0653
ERR13927504.13827	1526	15.7772
ERR13927504.13828	1559	17.9269
ERR13927504.13829	1555	17.4624
ERR13927504.13830	1551	18.3914
ERR13927504.13831	1533	16.2988
ERR13927504.13832	1567	20.4888
ERR13927504.13833	1541	17.1356
ERR13927504.13834	1535	16.7479
ERR13927504.13835	1446	14.4502
ERR13927504.13836	1528	17.5458
ERR13927504.13837	1532	15.4406
ERR13927504.13838	1565	18.5342
ERR13927504.13839	1545	15.5307
ERR13927504.13840	1554	16.7516
ERR13927504.13841	1569	18.5061
ERR13927504.13842	1534	17.0874
ERR13927504.13843	1483	14.5765
ERR13927504.13844	1510	15.5801
ERR13927504.13845	1522	17.8863
ERR13927504.13846	1591	18.3715
ERR13927504.13847	1520	16.1421
ERR13927504.13848	1587	15.0977
ERR13927504.13849	1570	17.7121
ERR13927504.13850	1549	18.4758
ERR13927504.13851	1556	20.4614
ERR13927504.13852	1545	19.4718
ERR13927504.13853	1521	14.7107
ERR13927504.13854	1479	18.6356
ERR13927504.13855	1451	16.4528
ERR13927504.13856	1404	16.7308
ERR13927504.13857	1562	17.1210
ERR13927504.13858	1570	16.2363
ERR13927504.13859	1517	14.4581
ERR13927504.13860	1584	17.1427
ERR13927504.13861	1193	14.5339
ERR13927504.13862	569	18.8594
ERR13927504.13863	1489	16.3936
ERR13927504.13864	1566	19.2580
ERR13927504.13865	1584	17.0063
ERR13927504.13866	1561	15.3459
ERR13927504.13867	1595	15.9511
ERR13927504.13868	1520	18.8349
ERR13927504.13869	1533	15.4455
ERR13927504.13870	1548	18.4005
ERR13927504.13871	1030	14.2709
ERR13927504.13872	1509	15.2074
ERR13927504.13873	1383	16.4360
ERR13927504.13874	1536	18.5814
ERR13927504.13875	1575	14.5079
ERR13927504.13876	1556	15.6536
ERR13927504.13877	1557	15.3481
ERR13927504.13878	1555	16.2148
ERR13927504.13879	1526	14.6913
ERR13927504.13880	1536	15.7493
ERR13927504.13881	1578	14.9867
ERR13927504.13882	1542	16.2218
ERR13927504.13883	1470	15.5789
ERR13927504.13884	1559	19.6427
ERR13927504.13885	1576	18.6872
ERR13927504.13886	1570	17.4057
ERR13927504.13887	1593	16.0822
ERR13927504.13888	1327	19.4115
ERR13927504.13889	1581	19.2543
ERR13927504.13890	1506	14.3167
ERR13927504.13891	1570	16.2070
ERR13927504.13892	1543	16.0428
ERR13927504.13893	1586	17.9975
ERR13927504.13894	1165	17.7880
ERR13927504.13895	1554	16.4698
ERR13927504.13896	1523	16.8739
ERR13927504.13897	1577	15.7984
ERR13927504.13898	837	16.8698
ERR13927504.13899	1533	16.9941
ERR13927504.13900	1570	17.1694
ERR13927504.13901	1569	16.0975
ERR13927504.13902	1612	18.5552
ERR13927504.13903	1566	14.4157
ERR13927504.13904	1566	19.0702
ERR13927504.13905	1566	16.0179
ERR13927504.13906	1562	16.1376
ERR13927504.13907	1551	16.5048
ERR13927504.13908	1486	14.8324
ERR13927504.13909	1556	15.2089
ERR13927504.13910	1560	17.0577
ERR13927504.13911	1556	17.0739
ERR13927504.13912	1551	16.3224
ERR13927504.13913	1553	16.2003
ERR13927504.13914	1534	19.5541
ERR13927504.13915	1560	17.7955
ERR13927504.13916	1522	16.6163
ERR13927504.13917	1547	15.6606
ERR13927504.13918	1543	19.9229
ERR13927504.13919	1577	15.5130
ERR13927504.13920	1511	15.8398
ERR13927504.13921	600	14.6267
ERR13927504.13922	1550	17.1684
ERR13927504.13923	1594	15.4523
ERR13927504.13924	1526	16.6016
ERR13927504.13925	1539	14.0916
ERR13927504.13926	1574	14.4307
ERR13927504.13927	1546	16.5446
ERR13927504.13928	1534	18.7288
ERR13927504.13929	1575	16.1048
ERR13927504.13930	1553	15.7495
ERR13927504.13931	1566	15.7791
ERR13927504.13932	1559	17.7088
ERR13927504.13933	1560	16.1154
ERR13927504.13934	1575	17.3549
ERR13927504.13935	1542	14.9896
ERR13927504.13936	1567	19.0306
ERR13927504.13937	1546	15.3603
ERR13927504.13938	1552	18.7326
ERR13927504.13939	1572	15.9466
ERR13927504.13940	1549	15.2802
ERR13927504.13941	1589	17.7439
ERR13927504.13942	1603	16.9407
ERR13927504.13943	1463	17.1846
ERR13927504.13944	1477	14.4882
ERR13927504.13945	1547	19.5016
ERR13927504.13946	1545	17.7405
ERR13927504.13947	1554	14.1113
ERR13927504.13948	1538	14.9824
ERR13927504.13949	1610	18.6783
ERR13927504.13950	1466	15.3308
ERR13927504.13951	1581	14.8071
ERR13927504.13952	1212	18.6485
ERR13927504.13953	1563	16.3263
ERR13927504.13954	1584	16.4053
ERR13927504.13955	1597	15.1872
ERR13927504.13956	955	14.0429
ERR13927504.13957	1585	14.5066
ERR13927504.13958	1534	14.7751
ERR13927504.13959	450	13.0689
ERR13927504.13960	1525	16.1489
ERR13927504.13961	1556	15.9357
ERR13927504.13962	1526	15.1737
ERR13927504.13963	1573	18.0718
ERR13927504.13964	1553	16.2028
ERR13927504.13965	1558	17.2875
ERR13927504.13966	1568	19.2162
ERR13927504.13967	1565	15.2824
ERR13927504.13968	1576	17.9918
ERR13927504.13969	1175	17.1132
ERR13927504.13970	1586	18.5530
ERR13927504.13971	1558	17.4544
ERR13927504.13972	1582	17.6087
ERR13927504.13973	1591	17.8548
ERR13927504.13974	1595	18.6458
ERR13927504.13975	1564	15.9329
ERR13927504.13976	1439	15.9152
ERR13927504.13977	1569	18.7100
ERR13927504.13978	1603	16.5328
ERR13927504.13979	1556	18.9184
ERR13927504.13980	1601	15.4753
ERR13927504.13981	1562	16.9405
ERR13927504.13982	1576	17.1904
ERR13927504.13983	1496	15.2894
ERR13927504.13984	1524	15.5085
ERR13927504.13985	1551	17.5448
ERR13927504.13986	816	17.8407
ERR13927504.13987	1549	15.3919
ERR13927504.13988	1503	14.7465
ERR13927504.13989	1593	14.0609
ERR13927504.13990	1566	19.7369
ERR13927504.13991	1568	18.2143
ERR13927504.13992	1568	16.9611
ERR13927504.13993	1564	18.5914
ERR13927504.13994	1576	17.2830
ERR13927504.13995	1550	15.7787
ERR13927504.13996	1564	16.1560
ERR13927504.13997	1549	16.6417
ERR13927504.13998	1589	19.1963
ERR13927504.13999	1237	15.4293
ERR13927504.14000	1537	15.7235
ERR13927504.14001	1532	17.3211
ERR13927504.14002	1541	15.8319
ERR13927504.14003	1555	14.7177
ERR13927504.14004	1548	18.3217
ERR13927504.14005	1554	16.7265
ERR13927504.14006	1625	15.9588
ERR13927504.14007	1569	16.4869
ERR13927504.14008	1573	14.8233
ERR13927504.14009	1581	14.7015
ERR13927504.14010	1555	17.5350
ERR13927504.14011	1581	19.3359
ERR13927504.14012	1540	14.2201
ERR13927504.14013	1594	18.0816
ERR13927504.14014	1530	17.3739
ERR13927504.14015	1525	16.5948
ERR13927504.14016	1543	17.2437
ERR13927504.14017	1559	18.8191
ERR13927504.14018	1574	15.6722
ERR13927504.14019	1535	16.5101
ERR13927504.14020	1565	19.5649
ERR13927504.14021	1536	15.8464
ERR13927504.14022	1586	20.4672
ERR13927504.14023	1583	16.9172
ERR13927504.14024	880	18.7602
ERR13927504.14025	1560	17.2776
ERR13927504.14026	1543	16.8036
ERR13927504.14027	1560	15.3128
ERR13927504.14028	1535	15.6906
ERR13927504.14029	1579	16.8942
ERR13927504.14030	1576	14.0514
ERR13927504.14031	1557	17.5132
ERR13927504.14032	1596	17.3239
ERR13927504.14033	1543	17.6902
ERR13927504.14034	1535	16.3381
ERR13927504.14035	1555	16.6071
ERR13927504.14036	1571	16.1254
ERR13927504.14037	1560	15.5692
ERR13927504.14038	1567	17.8890
ERR13927504.14039	1535	15.0814
ERR13927504.14040	1486	19.1575
ERR13927504.14041	1562	14.7414
ERR13927504.14042	1569	16.3002
ERR13927504.14043	1541	15.8631
ERR13927504.14044	1596	17.0439
ERR13927504.14045	1582	17.4197
ERR13927504.14046	1551	17.1122
ERR13927504.14047	613	15.3931
ERR13927504.14048	863	13.7613
ERR13927504.14049	1570	17.2191
ERR13927504.14050	1641	16.9573
ERR13927504.14051	1572	18.8333
ERR13927504.14052	1554	16.4627
ERR13927504.14053	1572	18.9338
ERR13927504.14054	1532	16.4967
ERR13927504.14055	711	20.9409
ERR13927504.14056	1526	14.9050
ERR13927504.14057	1544	18.9696
ERR13927504.14058	1568	16.7506
ERR13927504.14059	1570	18.4962
ERR13927504.14060	1554	19.3275
ERR13927504.14061	1554	15.6660
ERR13927504.14062	3072	15.3203
ERR13927504.14063	1556	16.2950
ERR13927504.14064	1533	17.8591
ERR13927504.14065	1631	14.8443
ERR13927504.14066	1571	16.5856
ERR13927504.14067	1567	17.1225
ERR13927504.14068	1560	15.7731
ERR13927504.14069	1565	18.3176
ERR13927504.14070	1557	16.1374
ERR13927504.14071	1612	17.0149
ERR13927504.14072	1546	19.2160
ERR13927504.14073	1520	14.5270
ERR13927504.14074	1544	14.7973
ERR13927504.14075	1557	18.2396
ERR13927504.14076	1525	16.0321
ERR13927504.14077	1603	15.2339
ERR13927504.14078	1576	18.3909
ERR13927504.14079	1573	17.0839
ERR13927504.14080	1533	17.5029
ERR13927504.14081	1548	14.9735
ERR13927504.14082	1544	14.2902
ERR13927504.14083	1575	17.2470
ERR13927504.14084	1566	17.7937
ERR13927504.14085	1537	19.2251
ERR13927504.14086	1585	18.3445
ERR13927504.14087	1531	16.7028
ERR13927504.14088	1523	19.2331
ERR13927504.14089	1565	15.0435
ERR13927504.14090	1578	15.7541
ERR13927504.14091	1561	17.7982
ERR13927504.14092	1572	16.9796
ERR13927504.14093	1499	14.5163
ERR13927504.14094	1554	16.6416
ERR13927504.14095	1546	15.6889
ERR13927504.14096	1497	13.7669
ERR13927504.14097	1561	17.3818
ERR13927504.14098	1014	17.4941
ERR13927504.14099	1530	15.9569
ERR13927504.14100	1557	18.6949
ERR13927504.14101	1572	19.1139
ERR13927504.14102	1526	17.2765
ERR13927504.14103	1538	14.9135
ERR13927504.14104	1539	14.7771
ERR13927504.14105	1111	15.6508
ERR13927504.14106	1582	17.6612
ERR13927504.14107	1573	14.8347
ERR13927504.14108	1554	14.5759
ERR13927504.14109	1568	17.8099
ERR13927504.14110	1567	15.8858
ERR13927504.14111	1582	17.8255
ERR13927504.14112	1512	14.3135
ERR13927504.14113	1598	18.0513
ERR13927504.14114	1569	19.4621
ERR13927504.14115	1551	15.5751
ERR13927504.14116	1541	18.5062
ERR13927504.14117	1574	16.8412
ERR13927504.14118	3051	16.2288
ERR13927504.14119	1571	15.9930
ERR13927504.14120	1576	19.2335
ERR13927504.14121	1554	15.9382
ERR13927504.14122	1512	16.5086
ERR13927504.14123	1585	17.7842
ERR13927504.14124	1509	16.0471
ERR13927504.14125	1551	15.3585
ERR13927504.14126	1573	17.6294
ERR13927504.14127	1573	16.8779
ERR13927504.14128	1575	18.9962
ERR13927504.14129	1600	15.7475
ERR13927504.14130	1566	15.9949
ERR13927504.14131	1559	18.3066
ERR13927504.14132	1541	15.1084
ERR13927504.14133	1580	17.5772
ERR13927504.14134	1562	20.0013
ERR13927504.14135	1657	19.7007
ERR13927504.14136	1552	16.6862
ERR13927504.14137	1526	17.1350
ERR13927504.14138	1492	16.2661
ERR13927504.14139	1553	19.8828
ERR13927504.14140	1519	17.2475
ERR13927504.14141	1568	19.1314
ERR13927504.14142	1583	15.7435
ERR13927504.14143	459	15.3159
ERR13927504.14144	1549	15.2692
ERR13927504.14145	1571	18.2228
ERR13927504.14146	1536	16.3971
ERR13927504.14147	1582	15.7699
ERR13927504.14148	812	18.7192
ERR13927504.14149	1569	19.3346
ERR13927504.14150	1519	17.9269
ERR13927504.14151	3134	18.5622
ERR13927504.14152	1540	15.8896
ERR13927504.14153	1577	18.8244
ERR13927504.14154	1394	19.1930
ERR13927504.14155	1550	19.8684
ERR13927504.14156	1552	16.8802
ERR13927504.14157	1563	16.0403
ERR13927504.14158	1543	14.8198
ERR13927504.14159	1472	14.1359
ERR13927504.14160	1580	18.9816
ERR13927504.14161	1546	15.8493
ERR13927504.14162	1573	17.9008
ERR13927504.14163	1506	16.9834
ERR13927504.14164	1523	16.4675
ERR13927504.14165	1553	19.4308
ERR13927504.14166	1528	14.7395
ERR13927504.14167	1513	15.8123
ERR13927504.14168	1553	16.1384
ERR13927504.14169	1562	15.8995
ERR13927504.14170	1540	16.2357
ERR13927504.14171	1576	16.6218
ERR13927504.14172	1495	17.4796
ERR13927504.14173	1540	16.1760
ERR13927504.14174	1572	16.8982
ERR13927504.14175	1566	18.5594
ERR13927504.14176	1339	16.2771
ERR13927504.14177	1575	15.2076
ERR13927504.14178	1574	16.2459
ERR13927504.14179	1420	15.0697
ERR13927504.14180	1550	16.8594
ERR13927504.14181	1581	17.6357
ERR13927504.14182	1588	16.6996
ERR13927504.14183	1546	15.8157
ERR13927504.14184	1569	16.8031
ERR13927504.14185	1445	18.8505
ERR13927504.14186	1588	18.1385
ERR13927504.14187	1550	17.5206
ERR13927504.14188	1548	15.6363
ERR13927504.14189	1584	18.8258
ERR13927504.14190	1569	18.1906
ERR13927504.14191	1583	19.9033
ERR13927504.14192	1578	16.6616
ERR13927504.14193	1576	16.4556
ERR13927504.14194	1508	14.5723
ERR13927504.14195	1561	16.5708
ERR13927504.14196	1587	17.1229
ERR13927504.14197	1526	15.3414
ERR13927504.14198	1531	15.1489
ERR13927504.14199	880	15.1875
ERR13927504.14200	1576	18.5216
ERR13927504.14201	1524	15.9606
ERR13927504.14202	1557	17.1259
ERR13927504.14203	1584	16.6471
ERR13927504.14204	1561	17.4311
ERR13927504.14205	1577	16.1769
ERR13927504.14206	1552	15.9240
ERR13927504.14207	1643	17.0998
ERR13927504.14208	1554	15.2355
ERR13927504.14209	1551	17.2927
ERR13927504.14210	1514	16.2616
ERR13927504.14211	1547	15.0155
ERR13927504.14212	1547	17.0388
ERR13927504.14213	1604	16.5742
ERR13927504.14214	1679	17.8344
ERR13927504.14215	1549	15.2711
ERR13927504.14216	997	17.3220
ERR13927504.14217	1416	17.1624
ERR13927504.14218	1553	14.3059
ERR13927504.14219	1564	20.3184
ERR13927504.14220	1556	14.4968
ERR13927504.14221	1542	16.4909
ERR13927504.14222	1645	17.6395
ERR13927504.14223	1526	14.1671
ERR13927504.14224	1488	15.3589
ERR13927504.14225	1547	15.2198
ERR13927504.14226	1540	15.5286
ERR13927504.14227	1564	20.8248
ERR13927504.14228	1529	15.3519
ERR13927504.14229	1561	16.5868
ERR13927504.14230	1026	16.1628
ERR13927504.14231	1556	16.1581
ERR13927504.14232	1558	19.6502
ERR13927504.14233	1584	15.9792
ERR13927504.14234	3049	15.7501
ERR13927504.14235	1574	17.0978
ERR13927504.14236	1611	17.7387
ERR13927504.14237	1513	15.2862
ERR13927504.14238	1518	16.8076
ERR13927504.14239	1543	15.3130
ERR13927504.14240	1565	17.5738
ERR13927504.14241	1508	16.1326
ERR13927504.14242	1530	15.3654
ERR13927504.14243	1562	18.4725
ERR13927504.14244	1507	15.2389
ERR13927504.14245	1572	15.8435
ERR13927504.14246	1578	17.6489
ERR13927504.14247	1580	15.3437
ERR13927504.14248	1521	13.8580
ERR13927504.14249	1535	15.8899
ERR13927504.14250	1371	15.6995
ERR13927504.14251	1588	15.9786
ERR13927504.14252	1542	15.9747
ERR13927504.14253	1575	16.2737
ERR13927504.14254	1547	15.7783
ERR13927504.14255	1539	15.8564
ERR13927504.14256	1526	15.2038
ERR13927504.14257	1331	16.2201
ERR13927504.14258	1560	16.5141
ERR13927504.14259	1568	17.2736
ERR13927504.14260	1572	17.8174
ERR13927504.14261	1557	16.1419
ERR13927504.14262	1610	16.4776
ERR13927504.14263	1555	14.9460
ERR13927504.14264	1545	14.3204
ERR13927504.14265	1557	17.2325
ERR13927504.14266	1580	18.0424
ERR13927504.14267	842	15.9929
ERR13927504.14268	1501	15.1079
ERR13927504.14269	1538	18.3049
ERR13927504.14270	1568	19.4828
ERR13927504.14271	1570	14.7758
ERR13927504.14272	1559	15.2899
ERR13927504.14273	1593	15.7602
ERR13927504.14274	1557	19.7431
ERR13927504.14275	1542	14.9332
ERR13927504.14276	1604	17.8360
ERR13927504.14277	545	15.4440
ERR13927504.14278	1520	14.9539
ERR13927504.14279	1548	17.8017
ERR13927504.14280	1585	18.0656
ERR13927504.14281	1567	19.5705
ERR13927504.14282	1618	16.7559
ERR13927504.14283	605	15.8496
ERR13927504.14284	1546	15.0977
ERR13927504.14285	1553	15.9620
ERR13927504.14286	1545	16.4576
ERR13927504.14287	1564	14.1758
ERR13927504.14288	1539	17.1176
ERR13927504.14289	1606	18.9944
ERR13927504.14290	1562	18.4955
ERR13927504.14291	1590	17.0308
ERR13927504.14292	1554	18.5972
ERR13927504.14293	1579	18.9056
ERR13927504.14294	1546	15.7730
ERR13927504.14295	1540	16.6325
ERR13927504.14296	1590	16.0308
ERR13927504.14297	1554	17.0978
ERR13927504.14298	1530	16.3281
ERR13927504.14299	1558	19.1412
ERR13927504.14300	1567	15.2374
ERR13927504.14301	1540	19.3253
ERR13927504.14302	588	14.0238
ERR13927504.14303	1592	16.0584
ERR13927504.14304	1582	15.3508
ERR13927504.14305	1604	19.4214
ERR13927504.14306	1456	14.6023
ERR13927504.14307	1541	17.1648
ERR13927504.14308	1561	15.3177
ERR13927504.14309	1550	14.6903
ERR13927504.14310	1587	15.7669
ERR13927504.14311	1565	15.4364
ERR13927504.14312	1501	17.2378
ERR13927504.14313	1576	18.4695
ERR13927504.14314	1526	16.8611
ERR13927504.14315	1550	16.9426
ERR13927504.14316	1548	16.1395
ERR13927504.14317	1537	16.1093
ERR13927504.14318	1585	18.5155
ERR13927504.14319	1544	16.1898
ERR13927504.14320	695	15.6446
ERR13927504.14321	1554	17.3417
ERR13927504.14322	1551	16.1657
ERR13927504.14323	1589	16.6098
ERR13927504.14324	1530	14.4072
ERR13927504.14325	1537	19.1744
ERR13927504.14326	1585	16.2353
ERR13927504.14327	1555	17.2765
ERR13927504.14328	1541	16.8709
ERR13927504.14329	1549	17.3738
ERR13927504.14330	1511	16.5169
ERR13927504.14331	1585	17.7205
ERR13927504.14332	1559	16.4221
ERR13927504.14333	1563	14.8823
ERR13927504.14334	1714	15.3460
ERR13927504.14335	1531	17.3932
ERR13927504.14336	1561	16.4113
ERR13927504.14337	597	14.7789
ERR13927504.14338	1555	17.2328
ERR13927504.14339	1480	15.7561
ERR13927504.14340	1534	17.2066
ERR13927504.14341	1575	19.5022
ERR13927504.14342	1583	16.2021
ERR13927504.14343	1590	16.4075
ERR13927504.14344	728	16.3571
ERR13927504.14345	1241	14.6035
ERR13927504.14346	1568	17.0950
ERR13927504.14347	1301	14.2152
ERR13927504.14348	1553	17.6420
ERR13927504.14349	1520	16.0125
ERR13927504.14350	1525	15.4111
ERR13927504.14351	1528	14.9948
ERR13927504.14352	1576	15.9524
ERR13927504.14353	1548	20.3120
ERR13927504.14354	1528	15.1715
ERR13927504.14355	1530	16.0046
ERR13927504.14356	1220	18.9869
ERR13927504.14357	1580	16.0019
ERR13927504.14358	1548	15.8101
ERR13927504.14359	1586	16.8890
ERR13927504.14360	1574	16.2814
ERR13927504.14361	1536	16.8984
ERR13927504.14362	1557	17.7148
ERR13927504.14363	1546	19.1940
ERR13927504.14364	1550	14.8290
ERR13927504.14365	1603	17.4198
ERR13927504.14366	1524	18.0203
ERR13927504.14367	1569	16.1300
ERR13927504.14368	1566	15.5006
ERR13927504.14369	1532	16.3159
ERR13927504.14370	1581	16.4371
ERR13927504.14371	1542	17.7477
ERR13927504.14372	1562	17.2343
ERR13927504.14373	1474	15.1954
ERR13927504.14374	1508	13.9211
ERR13927504.14375	1540	14.2455
ERR13927504.14376	1518	19.8926
ERR13927504.14377	1511	16.4507
ERR13927504.14378	1526	14.1756
ERR13927504.14379	1498	16.0427
ERR13927504.14380	1553	20.3007
ERR13927504.14381	1580	16.2816
ERR13927504.14382	1545	15.9851
ERR13927504.14383	1508	15.7261
ERR13927504.14384	1530	17.2725
ERR13927504.14385	1565	21.3827
ERR13927504.14386	1539	16.4717
ERR13927504.14387	1538	16.3179
ERR13927504.14388	1542	16.2549
ERR13927504.14389	1569	16.7330
ERR13927504.14390	1495	17.2763
ERR13927504.14391	1559	19.5228
ERR13927504.14392	1555	17.1826
ERR13927504.14393	1413	18.7367
ERR13927504.14394	1568	18.0210
ERR13927504.14395	553	16.7125
ERR13927504.14396	1559	15.5298
ERR13927504.14397	1546	17.6785
ERR13927504.14398	1526	16.2805
ERR13927504.14399	1598	16.2146
ERR13927504.14400	1553	15.3136
ERR13927504.14401	1567	15.7339
ERR13927504.14402	1583	16.9912
ERR13927504.14403	1234	15.3987
ERR13927504.14404	1559	18.3060
ERR13927504.14405	1581	16.4965
ERR13927504.14406	1568	16.5657
ERR13927504.14407	1042	17.2812
ERR13927504.14408	1541	18.5925
ERR13927504.14409	1443	14.3105
ERR13927504.14410	1526	15.7765
ERR13927504.14411	1523	15.8529
ERR13927504.14412	1494	15.5033
ERR13927504.14413	1418	16.1396
ERR13927504.14414	1555	17.1698
ERR13927504.14415	1583	16.7391
ERR13927504.14416	1587	16.9691
ERR13927504.14417	1529	15.9006
ERR13927504.14418	1456	15.9959
ERR13927504.14419	1527	15.9712
ERR13927504.14420	1216	16.1456
ERR13927504.14421	1567	17.2553
ERR13927504.14422	1516	15.9413
ERR13927504.14423	1563	15.7204
ERR13927504.14424	1545	15.6984
ERR13927504.14425	1560	16.1090
ERR13927504.14426	1533	15.2061
ERR13927504.14427	1565	17.9898
ERR13927504.14428	1575	17.9486
ERR13927504.14429	1548	17.3540
ERR13927504.14430	1571	16.9854
ERR13927504.14431	1562	16.5423
ERR13927504.14432	1571	17.5665
ERR13927504.14433	1499	14.8366
ERR13927504.14434	1555	15.5203
ERR13927504.14435	1548	16.8081
ERR13927504.14436	1536	14.8483
ERR13927504.14437	1407	15.7598
ERR13927504.14438	1553	17.8023
ERR13927504.14439	1569	14.9866
ERR13927504.14440	929	18.0495
ERR13927504.14441	1500	16.2560
ERR13927504.14442	1500	15.4460
ERR13927504.14443	1546	18.3079
ERR13927504.14444	1542	17.0298
ERR13927504.14445	1571	18.2247
ERR13927504.14446	1584	15.0057
ERR13927504.14447	1537	14.8399
ERR13927504.14448	1572	17.4059
ERR13927504.14449	1524	15.6680
ERR13927504.14450	1540	14.6929
ERR13927504.14451	1530	15.9399
ERR13927504.14452	1574	20.0318
ERR13927504.14453	1544	16.7047
ERR13927504.14454	1542	17.9818
ERR13927504.14455	1532	16.2676
ERR13927504.14456	1527	17.7682
ERR13927504.14457	1608	17.3806
ERR13927504.14458	1553	17.2698
ERR13927504.14459	1518	14.4987
ERR13927504.14460	1553	14.7212
ERR13927504.14461	764	17.4372
ERR13927504.14462	1556	16.2943
ERR13927504.14463	1556	15.3772
ERR13927504.14464	1579	17.5003
ERR13927504.14465	1510	17.3245
ERR13927504.14466	1522	20.7043
ERR13927504.14467	1536	16.4570
ERR13927504.14468	1551	18.7589
ERR13927504.14469	1377	14.4953
ERR13927504.14470	1565	15.0684
ERR13927504.14471	1594	16.9460
ERR13927504.14472	1570	16.6248
ERR13927504.14473	1518	15.8076
ERR13927504.14474	1555	13.9865
ERR13927504.14475	1568	20.0931
ERR13927504.14476	1534	15.4140
ERR13927504.14477	1562	16.4059
ERR13927504.14478	1564	20.5978
ERR13927504.14479	1559	15.5215
ERR13927504.14480	1564	16.5460
ERR13927504.14481	1585	20.4612
ERR13927504.14482	571	18.4834
ERR13927504.14483	306	16.6797
ERR13927504.14484	1508	15.7626
ERR13927504.14485	1517	17.8273
ERR13927504.14486	1580	16.4487
ERR13927504.14487	1530	18.6830
ERR13927504.14488	1532	17.5313
ERR13927504.14489	1575	16.8311
ERR13927504.14490	1588	20.6606
ERR13927504.14491	1395	16.4860
ERR13927504.14492	1526	16.5832
ERR13927504.14493	1557	16.3603
ERR13927504.14494	1553	15.5287
ERR13927504.14495	1548	18.6944
ERR13927504.14496	1536	17.7513
ERR13927504.14497	1537	15.9187
ERR13927504.14498	1550	17.4116
ERR13927504.14499	1587	15.9672
ERR13927504.14500	1170	20.1197
ERR13927504.14501	1554	14.9472
ERR13927504.14502	1591	14.7844
ERR13927504.14503	1494	16.5870
ERR13927504.14504	1529	16.3839
ERR13927504.14505	1569	17.0586
ERR13927504.14506	1519	15.2067
ERR13927504.14507	1543	14.8866
ERR13927504.14508	1505	15.2990
ERR13927504.14509	1561	18.3517
ERR13927504.14510	1539	18.8583
ERR13927504.14511	1611	16.9652
ERR13927504.14512	1593	16.2341
ERR13927504.14513	1589	16.7898
ERR13927504.14514	1550	16.6458
ERR13927504.14515	1569	16.0567
ERR13927504.14516	1568	16.4554
ERR13927504.14517	1569	15.5513
ERR13927504.14518	1586	19.0599
ERR13927504.14519	1595	20.3586
ERR13927504.14520	1581	17.3257
ERR13927504.14521	1554	17.6943
ERR13927504.14522	1562	17.9353
ERR13927504.14523	1571	17.8975
ERR13927504.14524	1523	15.9396
ERR13927504.14525	484	15.8781
ERR13927504.14526	1527	16.0000
ERR13927504.14527	1562	16.1927
ERR13927504.14528	1259	18.4210
ERR13927504.14529	1586	15.3045
ERR13927504.14530	1580	19.1981
ERR13927504.14531	1554	15.3745
ERR13927504.14532	1581	16.3953
ERR13927504.14533	1600	15.5400
ERR13927504.14534	1544	15.1198
ERR13927504.14535	1539	15.7225
ERR13927504.14536	1567	15.7709
ERR13927504.14537	1584	15.5133
ERR13927504.14538	1581	19.7565
ERR13927504.14539	1533	16.4253
ERR13927504.14540	1562	18.2804
ERR13927504.14541	1537	16.6897
ERR13927504.14542	701	14.6120
ERR13927504.14543	1566	16.7254
ERR13927504.14544	1530	17.9131
ERR13927504.14545	1566	16.8525
ERR13927504.14546	1427	17.1381
ERR13927504.14547	1570	19.7656
ERR13927504.14548	1500	17.3607
ERR13927504.14549	1510	15.5603
ERR13927504.14550	1516	13.6313
ERR13927504.14551	1508	16.8097
ERR13927504.14552	1146	14.9346
ERR13927504.14553	1526	20.6822
ERR13927504.14554	958	18.3372
ERR13927504.14555	1486	16.3890
ERR13927504.14556	1600	16.1475
ERR13927504.14557	1529	16.0988
ERR13927504.14558	1564	18.4322
ERR13927504.14559	1541	17.3374
ERR13927504.14560	1527	15.1284
ERR13927504.14561	1533	14.6425
ERR13927504.14562	1569	18.5507
ERR13927504.14563	1658	15.7346
ERR13927504.14564	1535	16.4573
ERR13927504.14565	1556	15.6639
ERR13927504.14566	1587	15.6641
ERR13927504.14567	1747	17.0910
ERR13927504.14568	1432	15.4406
ERR13927504.14569	1581	19.7603
ERR13927504.14570	1526	16.3912
ERR13927504.14571	1550	17.6303
ERR13927504.14572	1565	18.4192
ERR13927504.14573	1445	16.6519
ERR13927504.14574	1506	15.3971
ERR13927504.14575	1557	16.4188
ERR13927504.14576	691	18.7554
ERR13927504.14577	1542	20.5661
ERR13927504.14578	1554	16.3488
ERR13927504.14579	508	13.5728
ERR13927504.14580	368	13.7717
ERR13927504.14581	1526	19.7051
ERR13927504.14582	1549	15.8909
ERR13927504.14583	1555	16.1601
ERR13927504.14584	1545	15.9845
ERR13927504.14585	1533	16.9596
ERR13927504.14586	1598	16.2046
ERR13927504.14587	1483	14.0566
ERR13927504.14588	1564	16.0109
ERR13927504.14589	344	19.6512
ERR13927504.14590	1571	17.1356
ERR13927504.14591	1565	15.4863
ERR13927504.14592	526	15.4087
ERR13927504.14593	1580	15.6108
ERR13927504.14594	1530	15.4183
ERR13927504.14595	1528	15.3573
ERR13927504.14596	1539	16.3632
ERR13927504.14597	387	14.7183
ERR13927504.14598	1593	17.7075
ERR13927504.14599	1518	17.2727
ERR13927504.14600	1538	16.9480
ERR13927504.14601	1546	16.5304
ERR13927504.14602	1543	16.2003
ERR13927504.14603	1551	15.3243
ERR13927504.14604	1575	17.7714
ERR13927504.14605	1516	15.2058
ERR13927504.14606	1558	17.9544
ERR13927504.14607	1597	16.9787
ERR13927504.14608	1542	14.6310
ERR13927504.14609	1281	18.2279
ERR13927504.14610	1548	15.6621
ERR13927504.14611	1556	16.8201
ERR13927504.14612	660	15.8758
ERR13927504.14613	1557	17.9345
ERR13927504.14614	1531	16.8112
ERR13927504.14615	1568	18.1524
ERR13927504.14616	1550	18.5613
ERR13927504.14617	1575	18.9492
ERR13927504.14618	1559	19.1565
ERR13927504.14619	1563	20.5950
ERR13927504.14620	1495	16.4729
ERR13927504.14621	1533	16.8343
ERR13927504.14622	1564	15.4124
ERR13927504.14623	1550	15.0471
ERR13927504.14624	1557	18.8574
ERR13927504.14625	1502	16.4654
ERR13927504.14626	1546	16.1087
ERR13927504.14627	1563	17.3800
ERR13927504.14628	1545	17.8900
ERR13927504.14629	1538	14.8277
ERR13927504.14630	1564	14.9923
ERR13927504.14631	1578	17.4607
ERR13927504.14632	1581	19.0019
ERR13927504.14633	1604	15.5436
ERR13927504.14634	1214	16.6837
ERR13927504.14635	1129	14.7245
ERR13927504.14636	1579	17.0108
ERR13927504.14637	1557	18.1426
ERR13927504.14638	1567	17.7945
ERR13927504.14639	1582	17.2295
ERR13927504.14640	1541	14.0519
ERR13927504.14641	1518	15.5231
ERR13927504.14642	1535	16.1564
ERR13927504.14643	1308	16.6353
ERR13927504.14644	1555	17.0392
ERR13927504.14645	1564	15.9533
ERR13927504.14646	1408	15.0199
ERR13927504.14647	1534	17.1193
ERR13927504.14648	1586	19.1343
ERR13927504.14649	1172	16.9403
ERR13927504.14650	1550	15.0968
ERR13927504.14651	1530	16.1320
ERR13927504.14652	1562	20.4385
ERR13927504.14653	1543	15.5911
ERR13927504.14654	1544	20.0900
ERR13927504.14655	1558	15.6970
ERR13927504.14656	1553	16.4578
ERR13927504.14657	1579	17.4566
ERR13927504.14658	1572	18.8174
ERR13927504.14659	1556	15.8130
ERR13927504.14660	1533	18.6706
ERR13927504.14661	1530	17.2706
ERR13927504.14662	1560	17.5000
ERR13927504.14663	1568	14.4751
ERR13927504.14664	1531	17.0085
ERR13927504.14665	1518	15.0296
ERR13927504.14666	1583	17.5237
ERR13927504.14667	1557	15.7604
ERR13927504.14668	1579	20.1355
ERR13927504.14669	1542	14.0091
ERR13927504.14670	1554	15.9292
ERR13927504.14671	1587	18.1317
ERR13927504.14672	1461	15.3847
ERR13927504.14673	1308	17.2477
ERR13927504.14674	1524	14.9915
ERR13927504.14675	1571	15.2954
ERR13927504.14676	1548	16.5407
ERR13927504.14677	1538	16.4343
ERR13927504.14678	1550	16.3858
ERR13927504.14679	1543	18.3953
ERR13927504.14680	1506	15.8712
ERR13927504.14681	1546	15.4282
ERR13927504.14682	1556	15.8072
ERR13927504.14683	1595	16.5160
ERR13927504.14684	1452	14.6515
ERR13927504.14685	1514	16.9604
ERR13927504.14686	1569	19.2792
ERR13927504.14687	1561	19.8174
ERR13927504.14688	1564	15.4604
ERR13927504.14689	1543	19.2359
ERR13927504.14690	1521	16.9389
ERR13927504.14691	1543	15.9618
ERR13927504.14692	1552	14.6733
ERR13927504.14693	1593	17.1412
ERR13927504.14694	1535	18.6423
ERR13927504.14695	1594	17.9856
ERR13927504.14696	1560	16.4981
ERR13927504.14697	1519	13.8275
ERR13927504.14698	1540	16.3169
ERR13927504.14699	1497	15.2084
ERR13927504.14700	1508	16.3840
ERR13927504.14701	1553	16.9324
ERR13927504.14702	1502	15.0459
ERR13927504.14703	1267	15.4893
ERR13927504.14704	1578	15.6914
ERR13927504.14705	1571	19.0815
ERR13927504.14706	1570	16.0879
ERR13927504.14707	1540	16.9792
ERR13927504.14708	1537	19.4379
ERR13927504.14709	1599	18.8862
ERR13927504.14710	1583	17.8370
ERR13927504.14711	1575	20.6590
ERR13927504.14712	1538	16.0481
ERR13927504.14713	1549	17.3505
ERR13927504.14714	1537	18.4203
ERR13927504.14715	1577	18.5314
ERR13927504.14716	1557	15.3436
ERR13927504.14717	1573	18.5442
ERR13927504.14718	1538	15.6489
ERR13927504.14719	1562	19.3675
ERR13927504.14720	1561	17.9308
ERR13927504.14721	1514	14.5330
ERR13927504.14722	1570	17.4943
ERR13927504.14723	1556	16.6035
ERR13927504.14724	1569	16.1236
ERR13927504.14725	1540	18.4701
ERR13927504.14726	1533	17.0522
ERR13927504.14727	1571	18.9351
ERR13927504.14728	1516	17.9169
ERR13927504.14729	362	15.5414
ERR13927504.14730	1581	16.0835
ERR13927504.14731	1542	18.4144
ERR13927504.14732	1562	14.4219
ERR13927504.14733	1511	16.1138
ERR13927504.14734	1574	16.2662
ERR13927504.14735	1569	16.4054
ERR13927504.14736	1540	16.6000
ERR13927504.14737	1529	17.4748
ERR13927504.14738	1522	17.6472
ERR13927504.14739	1473	13.9946
ERR13927504.14740	1550	16.7690
ERR13927504.14741	1568	15.3858
ERR13927504.14742	1566	16.8020
ERR13927504.14743	1536	17.4219
ERR13927504.14744	1581	16.7647
ERR13927504.14745	1531	14.1123
ERR13927504.14746	1576	17.1459
ERR13927504.14747	1543	16.2962
ERR13927504.14748	1568	17.9477
ERR13927504.14749	1491	15.1529
ERR13927504.14750	1574	19.2179
ERR13927504.14751	1568	16.2334
ERR13927504.14752	1550	16.2052
ERR13927504.14753	1430	19.8196
ERR13927504.14754	1542	16.5389
ERR13927504.14755	1601	18.7164
ERR13927504.14756	1487	14.8036
ERR13927504.14757	1555	18.2605
ERR13927504.14758	1555	16.4727
ERR13927504.14759	1539	17.3028
ERR13927504.14760	1554	17.7233
ERR13927504.14761	1580	14.8487
ERR13927504.14762	1556	17.9344
ERR13927504.14763	1541	17.6132
ERR13927504.14764	1585	19.7968
ERR13927504.14765	1526	17.0740
ERR13927504.14766	1242	19.7721
ERR13927504.14767	953	17.7870
ERR13927504.14768	1549	14.6643
ERR13927504.14769	1550	17.5542
ERR13927504.14770	1533	16.6921
ERR13927504.14771	1510	16.9099
ERR13927504.14772	1588	17.6606
ERR13927504.14773	862	15.7367
ERR13927504.14774	1552	16.5013
ERR13927504.14775	1549	18.1659
ERR13927504.14776	1541	16.6158
ERR13927504.14777	1581	17.0145
ERR13927504.14778	1529	15.2675
ERR13927504.14779	1551	16.6190
ERR13927504.14780	1565	17.8601
ERR13927504.14781	1529	20.8306
ERR13927504.14782	1585	19.5457
ERR13927504.14783	1545	19.0939
ERR13927504.14784	1514	15.0614
ERR13927504.14785	1561	17.6361
ERR13927504.14786	1551	19.5938
ERR13927504.14787	1548	18.1124
ERR13927504.14788	1488	16.5968
ERR13927504.14789	1589	15.6023
ERR13927504.14790	1548	18.2487
ERR13927504.14791	1510	15.6338
ERR13927504.14792	1535	14.9635
ERR13927504.14793	1590	18.7994
ERR13927504.14794	1558	20.1072
ERR13927504.14795	1507	15.6443
ERR13927504.14796	1566	17.0485
ERR13927504.14797	1521	15.0230
ERR13927504.14798	1589	16.1479
ERR13927504.14799	1587	17.9962
ERR13927504.14800	1575	19.3886
ERR13927504.14801	1544	17.6451
ERR13927504.14802	1564	16.3785
ERR13927504.14803	1571	18.0210
ERR13927504.14804	1491	16.4829
ERR13927504.14805	1580	16.5835
ERR13927504.14806	1554	16.4453
ERR13927504.14807	1533	18.1318
ERR13927504.14808	1586	16.6267
ERR13927504.14809	1549	18.8580
ERR13927504.14810	1526	15.0780
ERR13927504.14811	1572	15.8817
ERR13927504.14812	1554	17.0386
ERR13927504.14813	1562	15.4757
ERR13927504.14814	1561	17.9949
ERR13927504.14815	1567	16.5246
ERR13927504.14816	1493	15.2512
ERR13927504.14817	1561	16.4798
ERR13927504.14818	1548	17.3534
ERR13927504.14819	1563	16.1638
ERR13927504.14820	1572	14.5076
ERR13927504.14821	1529	18.7796
ERR13927504.14822	1611	16.8541
ERR13927504.14823	1559	16.5311
ERR13927504.14824	1528	15.0203
ERR13927504.14825	1533	18.2903
ERR13927504.14826	1540	17.8883
ERR13927504.14827	1563	16.3768
ERR13927504.14828	1550	16.3510
ERR13927504.14829	1515	14.3947
ERR13927504.14830	1593	14.8393
ERR13927504.14831	1573	17.0540
ERR13927504.14832	1515	16.3842
ERR13927504.14833	1521	16.6713
ERR13927504.14834	1542	16.5804
ERR13927504.14835	1537	16.0501
ERR13927504.14836	1573	19.8010
ERR13927504.14837	1567	19.7779
ERR13927504.14838	1548	17.4916
ERR13927504.14839	1579	18.9531
ERR13927504.14840	1487	18.1547
ERR13927504.14841	1580	15.3070
ERR13927504.14842	1406	16.1060
ERR13927504.14843	1537	17.6929
ERR13927504.14844	1539	15.5770
ERR13927504.14845	1585	15.3533
ERR13927504.14846	1569	16.5462
ERR13927504.14847	1508	15.5358
ERR13927504.14848	1560	17.2006
ERR13927504.14849	1585	18.2738
ERR13927504.14850	1516	15.0686
ERR13927504.14851	1583	18.4700
ERR13927504.14852	1584	19.2506
ERR13927504.14853	1538	14.6177
ERR13927504.14854	1512	15.2586
ERR13927504.14855	1531	17.4383
ERR13927504.14856	1564	16.4847
ERR13927504.14857	1555	14.7833
ERR13927504.14858	1586	19.9338
ERR13927504.14859	1545	17.8045
ERR13927504.14860	1540	16.7221
ERR13927504.14861	607	15.3245
ERR13927504.14862	1559	15.4593
ERR13927504.14863	1524	14.3944
ERR13927504.14864	1519	16.5313
ERR13927504.14865	1504	16.4368
ERR13927504.14866	1556	16.5945
ERR13927504.14867	1551	15.3823
ERR13927504.14868	1568	16.6773
ERR13927504.14869	871	14.1412
ERR13927504.14870	1572	20.1228
ERR13927504.14871	1560	16.3897
ERR13927504.14872	679	15.4566
ERR13927504.14873	1574	15.1055
ERR13927504.14874	1487	15.2892
ERR13927504.14875	1491	16.0362
ERR13927504.14876	1551	17.7002
ERR13927504.14877	1566	16.1245
ERR13927504.14878	1585	21.0719
ERR13927504.14879	1485	17.2916
ERR13927504.14880	1519	16.6985
ERR13927504.14881	1599	17.5610
ERR13927504.14882	1584	15.7468
ERR13927504.14883	1531	15.5957
ERR13927504.14884	1559	18.5625
ERR13927504.14885	1539	16.4321
ERR13927504.14886	1594	18.2033
ERR13927504.14887	1510	15.7954
ERR13927504.14888	1569	21.3231
ERR13927504.14889	1585	16.6353
ERR13927504.14890	1466	15.9795
ERR13927504.14891	1553	17.0605
ERR13927504.14892	1547	16.5165
ERR13927504.14893	1540	16.1078
ERR13927504.14894	1545	15.6375
ERR13927504.14895	1576	19.0590
ERR13927504.14896	1551	16.0677
ERR13927504.14897	1562	16.6357
ERR13927504.14898	1567	14.9694
ERR13927504.14899	1578	20.1654
ERR13927504.14900	1594	14.6424
ERR13927504.14901	1575	19.5308
ERR13927504.14902	379	15.5119
ERR13927504.14903	1569	18.2447
ERR13927504.14904	1517	15.4443
ERR13927504.14905	1537	16.0260
ERR13927504.14906	1583	20.3089
ERR13927504.14907	1599	19.8124
ERR13927504.14908	1550	14.9606
ERR13927504.14909	1592	17.4843
ERR13927504.14910	790	16.3759
ERR13927504.14911	1543	18.7310
ERR13927504.14912	1587	18.4455
ERR13927504.14913	1398	15.6810
ERR13927504.14914	1573	16.6631
ERR13927504.14915	1574	17.2198
ERR13927504.14916	1528	15.3671
ERR13927504.14917	1539	15.9441
ERR13927504.14918	1555	18.9196
ERR13927504.14919	1530	15.3902
ERR13927504.14920	1525	15.6236
ERR13927504.14921	1574	16.8907
ERR13927504.14922	1529	17.0164
ERR13927504.14923	1522	16.1156
ERR13927504.14924	1554	19.3282
ERR13927504.14925	1520	16.3776
ERR13927504.14926	1541	17.5801
ERR13927504.14927	1520	15.2770
ERR13927504.14928	1550	16.5613
ERR13927504.14929	1560	18.9417
ERR13927504.14930	1569	16.0727
ERR13927504.14931	1532	16.5640
ERR13927504.14932	1523	17.3986
ERR13927504.14933	1537	15.8894
ERR13927504.14934	1557	14.6635
ERR13927504.14935	1467	14.5685
ERR13927504.14936	1582	17.9418
ERR13927504.14937	1579	16.8993
ERR13927504.14938	1555	16.7949
ERR13927504.14939	1550	17.1503
ERR13927504.14940	1574	18.4759
ERR13927504.14941	1526	16.0727
ERR13927504.14942	1573	18.7419
ERR13927504.14943	1339	16.1934
ERR13927504.14944	1613	15.7681
ERR13927504.14945	1554	15.6480
ERR13927504.14946	1579	17.1716
ERR13927504.14947	1538	17.8004
ERR13927504.14948	1567	16.4327
ERR13927504.14949	1551	19.5996
ERR13927504.14950	1500	16.7207
ERR13927504.14951	1062	17.5650
ERR13927504.14952	1546	17.6462
ERR13927504.14953	1542	15.3113
ERR13927504.14954	1498	14.8465
ERR13927504.14955	1603	17.1809
ERR13927504.14956	1553	17.2389
ERR13927504.14957	1555	14.6617
ERR13927504.14958	1537	17.1900
ERR13927504.14959	1532	16.4778
ERR13927504.14960	1537	19.4112
ERR13927504.14961	1621	17.3905
ERR13927504.14962	1524	16.3484
ERR13927504.14963	1565	16.2690
ERR13927504.14964	1565	15.7220
ERR13927504.14965	1569	16.3728
ERR13927504.14966	1530	15.5745
ERR13927504.14967	1539	14.6829
ERR13927504.14968	1536	16.5059
ERR13927504.14969	1567	16.1921
ERR13927504.14970	1126	17.8783
ERR13927504.14971	1584	16.0404
ERR13927504.14972	1583	17.0929
ERR13927504.14973	1558	16.4262
ERR13927504.14974	1610	17.5547
ERR13927504.14975	1251	15.3917
ERR13927504.14976	1523	16.6093
ERR13927504.14977	1592	18.6897
ERR13927504.14978	1303	14.1044
ERR13927504.14979	1446	14.2573
ERR13927504.14980	1581	17.9627
ERR13927504.14981	1556	15.3605
ERR13927504.14982	1587	17.6276
ERR13927504.14983	1574	17.1868
ERR13927504.14984	1557	19.0437
ERR13927504.14985	1604	18.9458
ERR13927504.14986	1587	15.8626
ERR13927504.14987	1522	15.0210
ERR13927504.14988	1576	16.9562
ERR13927504.14989	1548	15.6699
ERR13927504.14990	1567	15.1646
ERR13927504.14991	1539	15.6218
ERR13927504.14992	1576	18.4042
ERR13927504.14993	1557	14.5806
ERR13927504.14994	1553	19.6478
ERR13927504.14995	1553	18.5312
ERR13927504.14996	1242	17.0008
ERR13927504.14997	1539	18.0143
ERR13927504.14998	1538	16.7718
ERR13927504.14999	1564	18.4879
ERR13927504.15000	1570	15.9981
ERR13927504.15001	1541	15.4361
ERR13927504.15002	1466	14.6651
ERR13927504.15003	1548	16.0917
ERR13927504.15004	1526	16.0616
ERR13927504.15005	1541	16.4951
ERR13927504.15006	1598	14.6001
ERR13927504.15007	1581	16.5218
ERR13927504.15008	1580	16.5000
ERR13927504.15009	1576	20.3128
ERR13927504.15010	1559	17.5189
ERR13927504.15011	1589	15.8999
ERR13927504.15012	1549	21.4461
ERR13927504.15013	1533	18.3196
ERR13927504.15014	1577	18.4008
ERR13927504.15015	1608	15.5131
ERR13927504.15016	1568	20.0886
ERR13927504.15017	1557	15.9107
ERR13927504.15018	1530	20.8020
ERR13927504.15019	1570	15.3439
ERR13927504.15020	1531	16.1378
ERR13927504.15021	1577	15.8928
ERR13927504.15022	1494	13.9779
ERR13927504.15023	1555	16.7068
ERR13927504.15024	1541	16.0604
ERR13927504.15025	1533	17.3412
ERR13927504.15026	1494	17.5950
ERR13927504.15027	1582	15.7977
ERR13927504.15028	1551	19.1032
ERR13927504.15029	1565	16.1776
ERR13927504.15030	1565	15.9687
ERR13927504.15031	1451	16.9904
ERR13927504.15032	1538	17.4922
ERR13927504.15033	1536	16.6283
ERR13927504.15034	1550	20.1516
ERR13927504.15035	1564	15.7129
ERR13927504.15036	1549	19.7121
ERR13927504.15037	1540	17.4364
ERR13927504.15038	1551	16.7602
ERR13927504.15039	1580	16.3278
ERR13927504.15040	1538	17.2107
ERR13927504.15041	1354	17.3050
ERR13927504.15042	1566	17.3078
ERR13927504.15043	1373	17.0408
ERR13927504.15044	1582	16.2901
ERR13927504.15045	1540	16.7773
ERR13927504.15046	1543	15.2262
ERR13927504.15047	1518	16.4111
ERR13927504.15048	1556	19.2211
ERR13927504.15049	1543	18.2048
ERR13927504.15050	1545	16.3333
ERR13927504.15051	1543	17.0758
ERR13927504.15052	1538	18.2087
ERR13927504.15053	1536	18.2389
ERR13927504.15054	1598	17.8849
ERR13927504.15055	1582	16.9956
ERR13927504.15056	1513	16.3384
ERR13927504.15057	1541	18.7904
ERR13927504.15058	1569	20.5570
ERR13927504.15059	1074	17.7635
ERR13927504.15060	1538	14.7653
ERR13927504.15061	1350	20.3119
ERR13927504.15062	1568	19.1244
ERR13927504.15063	1560	16.1359
ERR13927504.15064	1522	15.5526
ERR13927504.15065	1539	15.2021
ERR13927504.15066	1525	16.6734
ERR13927504.15067	1580	16.7367
ERR13927504.15068	1558	16.2599
ERR13927504.15069	248	16.8226
ERR13927504.15070	1535	18.4964
ERR13927504.15071	1568	19.2156
ERR13927504.15072	1537	16.2160
ERR13927504.15073	1581	19.9734
ERR13927504.15074	1591	18.2596
ERR13927504.15075	1561	14.0711
ERR13927504.15076	1526	16.8250
ERR13927504.15077	1556	17.5045
ERR13927504.15078	1595	17.0696
ERR13927504.15079	1542	13.7633
ERR13927504.15080	1559	14.6254
ERR13927504.15081	1586	19.0101
ERR13927504.15082	1558	15.5058
ERR13927504.15083	1558	19.1329
ERR13927504.15084	1555	15.3820
ERR13927504.15085	1585	15.9312
ERR13927504.15086	1533	16.0404
ERR13927504.15087	1573	13.5448
ERR13927504.15088	1573	16.6535
ERR13927504.15089	1562	16.4072
ERR13927504.15090	1523	20.2837
ERR13927504.15091	1514	15.0456
ERR13927504.15092	1541	15.3316
ERR13927504.15093	1577	17.0843
ERR13927504.15094	1536	15.3125
ERR13927504.15095	1587	16.1556
ERR13927504.15096	1541	18.6016
ERR13927504.15097	1561	16.6432
ERR13927504.15098	1517	15.7370
ERR13927504.15099	1533	23.0652
ERR13927504.15100	1566	16.6526
ERR13927504.15101	1551	16.7415
ERR13927504.15102	1567	15.5578
ERR13927504.15103	1543	15.2307
ERR13927504.15104	1575	15.0121
ERR13927504.15105	1588	18.6329
ERR13927504.15106	1540	17.1305
ERR13927504.15107	1579	16.9823
ERR13927504.15108	1556	16.1536
ERR13927504.15109	1539	16.4191
ERR13927504.15110	1526	17.2955
ERR13927504.15111	1540	15.5286
ERR13927504.15112	1556	15.6022
ERR13927504.15113	1546	19.4845
ERR13927504.15114	1548	17.7190
ERR13927504.15115	1526	16.4417
ERR13927504.15116	1555	16.9421
ERR13927504.15117	1539	18.0513
ERR13927504.15118	1542	16.6388
ERR13927504.15119	1544	18.0784
ERR13927504.15120	1554	16.9402
ERR13927504.15121	1568	15.7449
ERR13927504.15122	1528	15.7605
ERR13927504.15123	1559	17.0314
ERR13927504.15124	1554	16.1686
ERR13927504.15125	1542	15.9170
ERR13927504.15126	1548	18.4599
ERR13927504.15127	1568	14.7360
ERR13927504.15128	1538	20.2380
ERR13927504.15129	1562	18.0595
ERR13927504.15130	1559	16.2559
ERR13927504.15131	1588	15.5825
ERR13927504.15132	1544	17.3109
ERR13927504.15133	1596	18.7086
ERR13927504.15134	1569	18.5647
ERR13927504.15135	1575	15.9975
ERR13927504.15136	1564	16.0185
ERR13927504.15137	1553	17.5377
ERR13927504.15138	1533	14.8715
ERR13927504.15139	1548	15.7552
ERR13927504.15140	1569	16.1714
ERR13927504.15141	1531	14.3285
ERR13927504.15142	1556	16.8323
ERR13927504.15143	1572	16.8314
ERR13927504.15144	1524	16.4140
ERR13927504.15145	1506	16.3035
ERR13927504.15146	1543	15.5126
ERR13927504.15147	1533	18.8643
ERR13927504.15148	954	19.2034
ERR13927504.15149	1543	14.9222
ERR13927504.15150	1558	18.6335
ERR13927504.15151	1610	17.2093
ERR13927504.15152	1527	15.9214
ERR13927504.15153	1508	15.0312
ERR13927504.15154	1582	16.9804
ERR13927504.15155	1570	17.7949
ERR13927504.15156	864	15.6273
ERR13927504.15157	1486	15.5040
ERR13927504.15158	1573	17.5073
ERR13927504.15159	1581	15.0835
ERR13927504.15160	1501	15.9773
ERR13927504.15161	1567	19.7792
ERR13927504.15162	1549	17.0904
ERR13927504.15163	1532	16.4491
ERR13927504.15164	1567	16.9451
ERR13927504.15165	1576	16.9315
ERR13927504.15166	1519	16.7972
ERR13927504.15167	1555	16.2984
ERR13927504.15168	1156	16.8633
ERR13927504.15169	1574	17.2522
ERR13927504.15170	1598	19.4656
ERR13927504.15171	1497	15.7896
ERR13927504.15172	1558	18.8954
ERR13927504.15173	1541	19.5724
ERR13927504.15174	1559	15.7030
ERR13927504.15175	1555	15.0424
ERR13927504.15176	1576	18.3623
ERR13927504.15177	1566	17.2197
ERR13927504.15178	1547	18.3161
ERR13927504.15179	1554	13.7265
ERR13927504.15180	1293	15.3341
ERR13927504.15181	1658	16.5712
ERR13927504.15182	1340	16.8313
ERR13927504.15183	1527	21.2417
ERR13927504.15184	1515	15.6574
ERR13927504.15185	1543	14.7103
ERR13927504.15186	1577	17.3570
ERR13927504.15187	1555	15.4572
ERR13927504.15188	1565	16.0843
ERR13927504.15189	1547	17.2489
ERR13927504.15190	1546	16.2419
ERR13927504.15191	1570	16.1675
ERR13927504.15192	1204	17.0673
ERR13927504.15193	1559	16.5613
ERR13927504.15194	1542	16.5370
ERR13927504.15195	1545	16.1178
ERR13927504.15196	1497	17.0661
ERR13927504.15197	1577	15.5948
ERR13927504.15198	1567	19.1985
ERR13927504.15199	1561	17.0871
ERR13927504.15200	1551	17.3075
ERR13927504.15201	1322	15.8623
ERR13927504.15202	1547	20.3762
ERR13927504.15203	1555	18.7331
ERR13927504.15204	1265	14.4640
ERR13927504.15205	1487	16.2999
ERR13927504.15206	1569	17.7763
ERR13927504.15207	1454	15.9133
ERR13927504.15208	1573	17.3204
ERR13927504.15209	1575	17.5537
ERR13927504.15210	1533	17.0091
ERR13927504.15211	1566	16.4349
ERR13927504.15212	845	15.2509
ERR13927504.15213	1574	16.5235
ERR13927504.15214	1550	20.0697
ERR13927504.15215	1556	16.2326
ERR13927504.15216	464	14.7629
ERR13927504.15217	1559	15.8691
ERR13927504.15218	1541	17.6522
ERR13927504.15219	1574	15.6950
ERR13927504.15220	1586	18.3260
ERR13927504.15221	1589	17.3744
ERR13927504.15222	1535	15.7726
ERR13927504.15223	1575	18.7835
ERR13927504.15224	1533	14.4716
ERR13927504.15225	1538	18.0059
ERR13927504.15226	1550	14.9735
ERR13927504.15227	1571	16.1738
ERR13927504.15228	1559	17.8935
ERR13927504.15229	1529	17.4500
ERR13927504.15230	1565	17.6537
ERR13927504.15231	1526	15.5269
ERR13927504.15232	1502	17.1551
ERR13927504.15233	1571	17.4099
ERR13927504.15234	1680	17.4208
ERR13927504.15235	1558	20.2356
ERR13927504.15236	1509	15.5116
ERR13927504.15237	1537	17.7248
ERR13927504.15238	1468	14.8297
ERR13927504.15239	1569	18.9063
ERR13927504.15240	1569	18.0319
ERR13927504.15241	1573	16.9663
ERR13927504.15242	1522	15.9139
ERR13927504.15243	1542	16.2166
ERR13927504.15244	1558	16.4005
ERR13927504.15245	1483	15.4525
ERR13927504.15246	1586	17.3184
ERR13927504.15247	1503	14.9401
ERR13927504.15248	1571	16.5557
ERR13927504.15249	1482	15.1532
ERR13927504.15250	1551	16.7905
ERR13927504.15251	1553	15.7457
ERR13927504.15252	1548	17.0969
ERR13927504.15253	1539	15.2404
ERR13927504.15254	1360	18.8625
ERR13927504.15255	1560	16.5763
ERR13927504.15256	1564	17.7359
ERR13927504.15257	1553	19.4398
ERR13927504.15258	1555	16.5267
ERR13927504.15259	1549	16.0045
ERR13927504.15260	1561	16.4260
ERR13927504.15261	1595	16.9799
ERR13927504.15262	1544	15.1593
ERR13927504.15263	1597	17.8572
ERR13927504.15264	1565	17.7419
ERR13927504.15265	1548	16.4063
ERR13927504.15266	1567	18.5412
ERR13927504.15267	1533	17.7456
ERR13927504.15268	1562	16.8521
ERR13927504.15269	931	15.2009
ERR13927504.15270	1516	14.6511
ERR13927504.15271	327	12.8073
ERR13927504.15272	1574	16.4199
ERR13927504.15273	1561	17.2832
ERR13927504.15274	1594	20.6179
ERR13927504.15275	1570	19.6949
ERR13927504.15276	1583	17.0025
ERR13927504.15277	1547	14.3833
ERR13927504.15278	1565	17.5508
ERR13927504.15279	1493	15.7307
ERR13927504.15280	1516	15.1801
ERR13927504.15281	1565	15.8703
ERR13927504.15282	1554	15.3481
ERR13927504.15283	1535	17.5094
ERR13927504.15284	1589	16.4814
ERR13927504.15285	1571	18.6957
ERR13927504.15286	1570	16.7541
ERR13927504.15287	1519	15.7485
ERR13927504.15288	1569	16.2709
ERR13927504.15289	1543	14.5671
ERR13927504.15290	1577	19.1173
ERR13927504.15291	1573	15.6287
ERR13927504.15292	1535	17.7466
ERR13927504.15293	1531	15.8341
ERR13927504.15294	1577	16.4426
ERR13927504.15295	1534	16.2934
ERR13927504.15296	1568	15.0179
ERR13927504.15297	1521	16.6174
ERR13927504.15298	435	15.6828
ERR13927504.15299	1538	17.2126
ERR13927504.15300	1571	17.6429
ERR13927504.15301	1602	20.5630
ERR13927504.15302	1549	17.3409
ERR13927504.15303	1564	18.7877
ERR13927504.15304	1548	15.9444
ERR13927504.15305	1495	15.6856
ERR13927504.15306	930	15.1871
ERR13927504.15307	1493	15.8359
ERR13927504.15308	1487	15.8655
ERR13927504.15309	1527	14.6798
ERR13927504.15310	1513	15.3318
ERR13927504.15311	1558	16.8652
ERR13927504.15312	1544	17.0939
ERR13927504.15313	1567	19.6701
ERR13927504.15314	777	15.5573
ERR13927504.15315	1569	16.1326
ERR13927504.15316	1545	13.7618
ERR13927504.15317	1543	14.8697
ERR13927504.15318	1577	17.2923
ERR13927504.15319	1533	15.9243
ERR13927504.15320	1530	14.9157
ERR13927504.15321	1585	18.4297
ERR13927504.15322	1575	16.6248
ERR13927504.15323	1518	16.9045
ERR13927504.15324	1562	17.4200
ERR13927504.15325	1566	16.3078
ERR13927504.15326	1487	17.8178
ERR13927504.15327	1530	15.5732
ERR13927504.15328	1565	15.6965
ERR13927504.15329	1454	16.6719
ERR13927504.15330	1517	16.3052
ERR13927504.15331	1566	15.8269
ERR13927504.15332	1562	16.3963
ERR13927504.15333	1564	15.6266
ERR13927504.15334	1523	15.6467
ERR13927504.15335	1610	18.4907
ERR13927504.15336	1518	14.1423
ERR13927504.15337	1561	15.9622
ERR13927504.15338	1529	14.4748
ERR13927504.15339	1571	18.2247
ERR13927504.15340	1554	16.5058
ERR13927504.15341	1561	14.2357
ERR13927504.15342	1529	17.4617
ERR13927504.15343	1567	16.1538
ERR13927504.15344	1554	15.6384
ERR13927504.15345	1562	16.4565
ERR13927504.15346	1539	15.7888
ERR13927504.15347	1528	15.0118
ERR13927504.15348	1549	19.1349
ERR13927504.15349	1515	17.0508
ERR13927504.15350	1556	19.5180
ERR13927504.15351	431	15.0719
ERR13927504.15352	1601	20.5147
ERR13927504.15353	1592	15.0251
ERR13927504.15354	1473	15.5193
ERR13927504.15355	1537	18.4157
ERR13927504.15356	1379	16.4975
ERR13927504.15357	1570	20.2038
ERR13927504.15358	1557	15.1008
ERR13927504.15359	1533	17.4097
ERR13927504.15360	1571	20.7263
ERR13927504.15361	1537	16.5517
ERR13927504.15362	1582	19.1530
ERR13927504.15363	1494	18.4893
ERR13927504.15364	1557	16.6615
ERR13927504.15365	1550	17.7013
ERR13927504.15366	1587	18.2338
ERR13927504.15367	1539	19.5003
ERR13927504.15368	1234	17.8793
ERR13927504.15369	1565	21.4780
ERR13927504.15370	1501	16.3311
ERR13927504.15371	1520	14.1901
ERR13927504.15372	1538	17.8088
ERR13927504.15373	1567	16.8513
ERR13927504.15374	1568	19.1454
ERR13927504.15375	1549	16.6159
ERR13927504.15376	1564	19.5339
ERR13927504.15377	1529	16.4519
ERR13927504.15378	1577	18.7774
ERR13927504.15379	1633	16.3197
ERR13927504.15380	1516	16.6115
ERR13927504.15381	1500	15.6133
ERR13927504.15382	1538	15.6573
ERR13927504.15383	1526	14.5275
ERR13927504.15384	1527	17.2587
ERR13927504.15385	1469	15.4602
ERR13927504.15386	1539	18.7472
ERR13927504.15387	1559	17.0257
ERR13927504.15388	1552	20.8711
ERR13927504.15389	1553	20.3529
ERR13927504.15390	1540	16.3513
ERR13927504.15391	1543	15.2709
ERR13927504.15392	1533	17.8408
ERR13927504.15393	1475	20.0068
ERR13927504.15394	1554	17.4015
ERR13927504.15395	1537	18.0384
ERR13927504.15396	1660	19.7873
ERR13927504.15397	1573	15.5213
ERR13927504.15398	1524	14.6030
ERR13927504.15399	1560	19.8622
ERR13927504.15400	1567	15.2399
ERR13927504.15401	1574	17.4956
ERR13927504.15402	1533	16.6177
ERR13927504.15403	1564	16.0262
ERR13927504.15404	1528	16.2520
ERR13927504.15405	1586	16.2648
ERR13927504.15406	1549	15.4261
ERR13927504.15407	1287	17.7910
ERR13927504.15408	1555	17.7904
ERR13927504.15409	1512	15.2725
ERR13927504.15410	1532	19.2676
ERR13927504.15411	1559	17.7883
ERR13927504.15412	1515	16.5974
ERR13927504.15413	1569	18.1479
ERR13927504.15414	1548	15.1906
ERR13927504.15415	1582	18.4861
ERR13927504.15416	1499	14.9580
ERR13927504.15417	1546	20.1404
ERR13927504.15418	1522	15.3417
ERR13927504.15419	1566	18.1162
ERR13927504.15420	1560	15.5212
ERR13927504.15421	1577	16.9486
ERR13927504.15422	1567	18.4384
ERR13927504.15423	1572	17.6406
ERR13927504.15424	1571	16.3431
ERR13927504.15425	1562	16.6825
ERR13927504.15426	1561	15.6368
ERR13927504.15427	1559	16.4009
ERR13927504.15428	1568	14.9624
ERR13927504.15429	1580	15.9095
ERR13927504.15430	1565	18.0288
ERR13927504.15431	1464	16.7199
ERR13927504.15432	1565	16.3201
ERR13927504.15433	1506	15.7895
ERR13927504.15434	990	18.0374
ERR13927504.15435	1545	16.9430
ERR13927504.15436	1544	17.5291
ERR13927504.15437	1576	19.3401
ERR13927504.15438	1539	18.3392
ERR13927504.15439	1543	16.8581
ERR13927504.15440	1520	17.7566
ERR13927504.15441	1573	15.5722
ERR13927504.15442	1523	14.4176
ERR13927504.15443	1565	15.8971
ERR13927504.15444	1537	20.1288
ERR13927504.15445	1011	18.5648
ERR13927504.15446	1533	18.4821
ERR13927504.15447	1173	15.8713
ERR13927504.15448	1565	19.9444
ERR13927504.15449	1069	16.0309
ERR13927504.15450	1503	13.8975
ERR13927504.15451	401	14.2519
ERR13927504.15452	1560	18.1237
ERR13927504.15453	1598	15.4637
ERR13927504.15454	1589	17.7294
ERR13927504.15455	1499	15.2535
ERR13927504.15456	1576	17.4074
ERR13927504.15457	1565	19.3425
ERR13927504.15458	1574	17.3907
ERR13927504.15459	1100	17.6545
ERR13927504.15460	1570	17.5490
ERR13927504.15461	1517	17.3533
ERR13927504.15462	1555	20.1723
ERR13927504.15463	644	17.3773
ERR13927504.15464	959	15.4619
ERR13927504.15465	1594	20.2992
ERR13927504.15466	1545	18.9353
ERR13927504.15467	1524	17.8720
ERR13927504.15468	1543	18.0395
ERR13927504.15469	1560	15.8218
ERR13927504.15470	1458	15.7963
ERR13927504.15471	1576	16.8750
ERR13927504.15472	1576	20.1821
ERR13927504.15473	1552	16.8563
ERR13927504.15474	1535	17.3049
ERR13927504.15475	1561	21.1121
ERR13927504.15476	1567	18.2585
ERR13927504.15477	1584	20.2355
ERR13927504.15478	1556	16.9852
ERR13927504.15479	1573	16.4711
ERR13927504.15480	1539	15.2001
ERR13927504.15481	1575	20.8133
ERR13927504.15482	994	21.0926
ERR13927504.15483	1416	15.7874
ERR13927504.15484	1548	16.3398
ERR13927504.15485	1584	18.9729
ERR13927504.15486	1576	15.9860
ERR13927504.15487	1546	16.8571
ERR13927504.15488	1548	16.1725
ERR13927504.15489	1573	19.1780
ERR13927504.15490	1579	16.2039
ERR13927504.15491	1528	19.4849
ERR13927504.15492	1517	14.6355
ERR13927504.15493	1550	16.3529
ERR13927504.15494	1585	20.5028
ERR13927504.15495	1576	16.4251
ERR13927504.15496	1549	19.0575
ERR13927504.15497	1445	16.6263
ERR13927504.15498	1511	15.9629
ERR13927504.15499	1581	19.0190
ERR13927504.15500	1566	21.3729
ERR13927504.15501	1520	15.5099
ERR13927504.15502	1538	16.2620
ERR13927504.15503	1547	16.5126
ERR13927504.15504	1554	17.0116
ERR13927504.15505	1571	16.7664
ERR13927504.15506	1558	16.7895
ERR13927504.15507	1534	19.8383
ERR13927504.15508	1549	17.7824
ERR13927504.15509	1562	14.7292
ERR13927504.15510	1558	18.0995
ERR13927504.15511	1582	17.8015
ERR13927504.15512	1565	16.9093
ERR13927504.15513	1515	15.9347
ERR13927504.15514	1544	17.2150
ERR13927504.15515	1498	17.0594
ERR13927504.15516	1525	14.7633
ERR13927504.15517	1554	18.7954
ERR13927504.15518	1541	18.9215
ERR13927504.15519	1519	16.6662
ERR13927504.15520	1519	15.9256
ERR13927504.15521	1530	17.2105
ERR13927504.15522	1564	14.7321
ERR13927504.15523	747	16.6975
ERR13927504.15524	1535	16.8267
ERR13927504.15525	1578	16.4778
ERR13927504.15526	1535	14.3407
ERR13927504.15527	1584	17.5347
ERR13927504.15528	1493	15.8433
ERR13927504.15529	1578	19.4981
ERR13927504.15530	1512	14.3135
ERR13927504.15531	1525	17.8675
ERR13927504.15532	1554	21.3977
ERR13927504.15533	689	15.0029
ERR13927504.15534	1471	14.3576
ERR13927504.15535	918	17.4575
ERR13927504.15536	1531	20.3266
ERR13927504.15537	1497	16.5752
ERR13927504.15538	1544	16.7429
ERR13927504.15539	1530	18.4046
ERR13927504.15540	1554	18.1094
ERR13927504.15541	1550	15.7323
ERR13927504.15542	1512	15.5919
ERR13927504.15543	1509	14.7707
ERR13927504.15544	1548	17.3708
ERR13927504.15545	760	15.8553
ERR13927504.15546	993	16.8056
ERR13927504.15547	1528	16.9653
ERR13927504.15548	1552	18.1501
ERR13927504.15549	1557	16.7123
ERR13927504.15550	1591	16.2935
ERR13927504.15551	1491	15.6325
ERR13927504.15552	1505	15.5096
ERR13927504.15553	1557	17.2479
ERR13927504.15554	1592	19.2582
ERR13927504.15555	1510	14.4278
ERR13927504.15556	1496	17.7667
ERR13927504.15557	1460	14.9212
ERR13927504.15558	1554	17.3925
ERR13927504.15559	1588	16.5787
ERR13927504.15560	1570	16.9210
ERR13927504.15561	1569	16.4200
ERR13927504.15562	1583	18.8377
ERR13927504.15563	992	17.9819
ERR13927504.15564	1564	16.0026
ERR13927504.15565	1465	16.3522
ERR13927504.15566	1507	18.6397
ERR13927504.15567	1580	20.1133
ERR13927504.15568	1624	18.5776
ERR13927504.15569	568	16.5528
ERR13927504.15570	1558	19.0186
ERR13927504.15571	1536	14.7754
ERR13927504.15572	1564	16.5115
ERR13927504.15573	1592	19.6457
ERR13927504.15574	1548	15.6253
ERR13927504.15575	1146	15.7051
ERR13927504.15576	1541	16.1544
ERR13927504.15577	1591	21.4104
ERR13927504.15578	1591	19.9126
ERR13927504.15579	1535	16.7336
ERR13927504.15580	1593	18.8060
ERR13927504.15581	1572	16.8976
ERR13927504.15582	1586	18.8632
ERR13927504.15583	866	14.2702
ERR13927504.15584	1579	16.9341
ERR13927504.15585	1561	18.9641
ERR13927504.15586	1529	15.3401
ERR13927504.15587	1563	15.4370
ERR13927504.15588	1565	16.3150
ERR13927504.15589	1537	17.6799
ERR13927504.15590	1547	17.9089
ERR13927504.15591	1525	15.7010
ERR13927504.15592	1489	15.4291
ERR13927504.15593	1555	18.5441
ERR13927504.15594	1553	16.5293
ERR13927504.15595	1451	17.5768
ERR13927504.15596	1575	15.1752
ERR13927504.15597	1543	16.2813
ERR13927504.15598	1567	17.7243
ERR13927504.15599	1523	16.7557
ERR13927504.15600	1560	19.4500
ERR13927504.15601	1576	15.2678
ERR13927504.15602	1516	15.6299
ERR13927504.15603	1568	15.6250
ERR13927504.15604	1562	18.2977
ERR13927504.15605	1174	17.6312
ERR13927504.15606	1577	20.8681
ERR13927504.15607	1508	15.6989
ERR13927504.15608	1579	15.8474
ERR13927504.15609	1565	17.8083
ERR13927504.15610	1530	17.6850
ERR13927504.15611	1576	18.1015
ERR13927504.15612	1547	16.4977
ERR13927504.15613	1551	17.6686
ERR13927504.15614	1544	16.0149
ERR13927504.15615	1564	16.7762
ERR13927504.15616	1533	15.5975
ERR13927504.15617	1558	17.8967
ERR13927504.15618	1563	15.5106
ERR13927504.15619	1582	18.5733
ERR13927504.15620	1544	16.6030
ERR13927504.15621	1538	19.4057
ERR13927504.15622	1539	15.8532
ERR13927504.15623	1562	18.7964
ERR13927504.15624	1200	18.0675
ERR13927504.15625	1570	19.8217
ERR13927504.15626	1582	17.2743
ERR13927504.15627	1561	15.8712
ERR13927504.15628	1606	20.2540
ERR13927504.15629	1553	18.4327
ERR13927504.15630	1474	14.8711
ERR13927504.15631	1525	15.5023
ERR13927504.15632	1550	16.2639
ERR13927504.15633	1553	18.8635
ERR13927504.15634	1563	17.1036
ERR13927504.15635	1558	19.4840
ERR13927504.15636	1557	19.3539
ERR13927504.15637	1580	18.7975
ERR13927504.15638	1520	16.2493
ERR13927504.15639	1660	15.8343
ERR13927504.15640	1520	19.0289
ERR13927504.15641	1586	17.8840
ERR13927504.15642	585	15.4821
ERR13927504.15643	1589	17.4185
ERR13927504.15644	1542	15.6401
ERR13927504.15645	1523	17.9035
ERR13927504.15646	1504	17.0765
ERR13927504.15647	1544	16.8854
ERR13927504.15648	1550	20.8961
ERR13927504.15649	961	17.1738
ERR13927504.15650	1561	15.2870
ERR13927504.15651	1579	17.8429
ERR13927504.15652	1534	16.8866
ERR13927504.15653	1543	19.7051
ERR13927504.15654	1595	15.2470
ERR13927504.15655	1476	13.7940
ERR13927504.15656	1577	19.1693
ERR13927504.15657	1573	17.0769
ERR13927504.15658	1528	13.7415
ERR13927504.15659	1559	18.4907
ERR13927504.15660	1545	18.2770
ERR13927504.15661	780	16.5987
ERR13927504.15662	1542	16.1933
ERR13927504.15663	1530	15.6582
ERR13927504.15664	1537	17.0241
ERR13927504.15665	1563	18.8209
ERR13927504.15666	1542	17.7244
ERR13927504.15667	1541	16.5230
ERR13927504.15668	1547	15.3445
ERR13927504.15669	1572	18.5452
ERR13927504.15670	1554	15.3411
ERR13927504.15671	1550	18.7574
ERR13927504.15672	1537	16.8575
ERR13927504.15673	1497	15.4562
ERR13927504.15674	1502	15.7104
ERR13927504.15675	1551	18.3469
ERR13927504.15676	1572	14.3944
ERR13927504.15677	1532	18.2735
ERR13927504.15678	1536	17.3574
ERR13927504.15679	1560	18.2314
ERR13927504.15680	1077	18.3909
ERR13927504.15681	1559	15.1886
ERR13927504.15682	1558	15.8216
ERR13927504.15683	1552	15.1849
ERR13927504.15684	1494	17.1051
ERR13927504.15685	1547	16.4441
ERR13927504.15686	1526	19.9345
ERR13927504.15687	1541	18.5140
ERR13927504.15688	1545	15.9935
ERR13927504.15689	1530	15.1895
ERR13927504.15690	1534	17.4035
ERR13927504.15691	1023	16.7429
ERR13927504.15692	1508	18.4324
ERR13927504.15693	1578	18.9728
ERR13927504.15694	1543	15.9345
ERR13927504.15695	1463	14.4368
ERR13927504.15696	1490	14.3664
ERR13927504.15697	1167	17.8175
ERR13927504.15698	1566	18.0900
ERR13927504.15699	1554	15.3829
ERR13927504.15700	1464	16.4481
ERR13927504.15701	1551	17.6428
ERR13927504.15702	1169	18.9127
ERR13927504.15703	1544	19.0427
ERR13927504.15704	1554	14.2967
ERR13927504.15705	1522	15.9172
ERR13927504.15706	1552	15.2809
ERR13927504.15707	1560	16.9756
ERR13927504.15708	148	17.5203
ERR13927504.15709	1508	15.7653
ERR13927504.15710	1545	20.5003
ERR13927504.15711	1505	15.9834
ERR13927504.15712	1581	17.3333
ERR13927504.15713	1561	18.4061
ERR13927504.15714	1528	17.6734
ERR13927504.15715	1605	19.3433
ERR13927504.15716	1594	18.1066
ERR13927504.15717	1571	20.9962
ERR13927504.15718	1565	16.2562
ERR13927504.15719	1562	17.9449
ERR13927504.15720	1552	15.8177
ERR13927504.15721	1553	18.1668
ERR13927504.15722	1588	20.0957
ERR13927504.15723	1576	15.4683
ERR13927504.15724	1551	15.9110
ERR13927504.15725	1568	17.2054
ERR13927504.15726	1554	15.6577
ERR13927504.15727	1285	16.8996
ERR13927504.15728	1579	18.4687
ERR13927504.15729	1557	19.7450
ERR13927504.15730	1159	16.0621
ERR13927504.15731	1571	17.0127
ERR13927504.15732	1513	16.5459
ERR13927504.15733	1538	18.9681
ERR13927504.15734	1541	20.6820
ERR13927504.15735	1539	16.9370
ERR13927504.15736	1562	16.4411
ERR13927504.15737	1565	17.2256
ERR13927504.15738	1537	19.0046
ERR13927504.15739	1538	16.9103
ERR13927504.15740	1557	16.2004
ERR13927504.15741	1544	16.0835
ERR13927504.15742	1068	16.0702
ERR13927504.15743	1565	16.4096
ERR13927504.15744	348	16.1121
ERR13927504.15745	1476	14.8157
ERR13927504.15746	1536	14.8626
ERR13927504.15747	1538	17.7347
ERR13927504.15748	1536	17.8646
ERR13927504.15749	1491	14.6720
ERR13927504.15750	1510	14.4682
ERR13927504.15751	1556	17.9287
ERR13927504.15752	1539	18.9812
ERR13927504.15753	1532	16.5568
ERR13927504.15754	1566	17.6667
ERR13927504.15755	1532	15.4928
ERR13927504.15756	1531	16.1176
ERR13927504.15757	1404	18.7187
ERR13927504.15758	1570	19.8822
ERR13927504.15759	1589	18.2115
ERR13927504.15760	1546	16.3920
ERR13927504.15761	1163	15.7231
ERR13927504.15762	1525	13.8702
ERR13927504.15763	1587	16.3163
ERR13927504.15764	1554	18.0051
ERR13927504.15765	1532	17.1188
ERR13927504.15766	1572	17.0420
ERR13927504.15767	1555	16.4064
ERR13927504.15768	1522	17.4028
ERR13927504.15769	1538	14.5345
ERR13927504.15770	1543	17.8146
ERR13927504.15771	1551	17.9329
ERR13927504.15772	1529	17.0288
ERR13927504.15773	1525	16.2544
ERR13927504.15774	1554	16.4376
ERR13927504.15775	1527	16.2652
ERR13927504.15776	1536	15.8900
ERR13927504.15777	1509	15.1259
ERR13927504.15778	1546	17.4483
ERR13927504.15779	1560	17.2096
ERR13927504.15780	1526	15.8414
ERR13927504.15781	1573	17.9917
ERR13927504.15782	1573	19.5404
ERR13927504.15783	1530	16.3157
ERR13927504.15784	2745	16.1155
ERR13927504.15785	1487	15.3867
ERR13927504.15786	1527	17.1709
ERR13927504.15787	1511	17.1019
ERR13927504.15788	1590	20.0755
ERR13927504.15789	1521	17.1105
ERR13927504.15790	1548	16.6453
ERR13927504.15791	1579	17.9348
ERR13927504.15792	1554	16.0779
ERR13927504.15793	622	18.2251
ERR13927504.15794	1544	17.7228
ERR13927504.15795	1548	15.6822
ERR13927504.15796	1491	15.3649
ERR13927504.15797	1527	16.4224
ERR13927504.15798	1558	16.0674
ERR13927504.15799	1539	15.0799
ERR13927504.15800	1564	18.3223
ERR13927504.15801	1532	15.6110
ERR13927504.15802	1527	16.5115
ERR13927504.15803	1535	15.2117
ERR13927504.15804	1556	17.3445
ERR13927504.15805	1556	20.4055
ERR13927504.15806	1579	16.9614
ERR13927504.15807	1578	19.7490
ERR13927504.15808	1580	19.1544
ERR13927504.15809	1559	19.6331
ERR13927504.15810	1573	18.6694
ERR13927504.15811	1533	14.9132
ERR13927504.15812	1574	16.3126
ERR13927504.15813	1514	17.1869
ERR13927504.15814	1529	16.4794
ERR13927504.15815	1532	16.8107
ERR13927504.15816	1549	17.6585
ERR13927504.15817	1612	16.2581
ERR13927504.15818	1554	15.9395
ERR13927504.15819	1621	19.5632
ERR13927504.15820	1541	17.6016
ERR13927504.15821	1583	18.7517
ERR13927504.15822	1558	19.4217
ERR13927504.15823	1540	16.8097
ERR13927504.15824	1569	17.1224
ERR13927504.15825	1542	16.2737
ERR13927504.15826	1539	15.6693
ERR13927504.15827	1542	14.4838
ERR13927504.15828	1588	18.4912
ERR13927504.15829	1519	15.6333
ERR13927504.15830	1565	16.3220
ERR13927504.15831	1562	19.8579
ERR13927504.15832	1569	17.0198
ERR13927504.15833	1522	16.3982
ERR13927504.15834	3002	15.3681
ERR13927504.15835	1526	16.2438
ERR13927504.15836	1537	18.5563
ERR13927504.15837	1528	15.0648
ERR13927504.15838	1487	16.2636
ERR13927504.15839	1542	14.2218
ERR13927504.15840	1590	16.7792
ERR13927504.15841	1558	16.5526
ERR13927504.15842	1526	15.5046
ERR13927504.15843	1541	15.2946
ERR13927504.15844	1509	15.9682
ERR13927504.15845	1434	16.7204
ERR13927504.15846	1513	14.6358
ERR13927504.15847	1543	15.6280
ERR13927504.15848	1557	16.7585
ERR13927504.15849	1601	16.5453
ERR13927504.15850	1550	15.6213
ERR13927504.15851	1555	16.3936
ERR13927504.15852	1557	18.3179
ERR13927504.15853	1584	17.2677
ERR13927504.15854	1556	20.9614
ERR13927504.15855	1536	13.8105
ERR13927504.15856	1516	16.2170
ERR13927504.15857	711	20.2335
ERR13927504.15858	1507	16.7691
ERR13927504.15859	1499	17.2895
ERR13927504.15860	1533	16.8748
ERR13927504.15861	1556	15.6195
ERR13927504.15862	1563	17.8599
ERR13927504.15863	1521	14.5733
ERR13927504.15864	1523	14.9888
ERR13927504.15865	1563	17.0550
ERR13927504.15866	1470	16.2490
ERR13927504.15867	1556	14.9158
ERR13927504.15868	1558	17.5430
ERR13927504.15869	1580	17.2937
ERR13927504.15870	1708	18.6206
ERR13927504.15871	1544	20.2960
ERR13927504.15872	1565	15.9955
ERR13927504.15873	1553	20.0837
ERR13927504.15874	1535	19.1928
ERR13927504.15875	1584	15.7582
ERR13927504.15876	1567	16.5233
ERR13927504.15877	1508	16.3607
ERR13927504.15878	1545	17.5715
ERR13927504.15879	1467	17.9564
ERR13927504.15880	1560	17.4699
ERR13927504.15881	1488	15.6794
ERR13927504.15882	1339	15.6266
ERR13927504.15883	1573	19.3452
ERR13927504.15884	1543	19.9313
ERR13927504.15885	1519	18.3147
ERR13927504.15886	1519	13.9980
ERR13927504.15887	1547	16.1157
ERR13927504.15888	1536	16.2630
ERR13927504.15889	1532	15.5131
ERR13927504.15890	1536	17.6432
ERR13927504.15891	1574	15.9098
ERR13927504.15892	1543	18.3150
ERR13927504.15893	1552	16.3035
ERR13927504.15894	1550	17.2845
ERR13927504.15895	1571	16.3221
ERR13927504.15896	1537	17.5589
ERR13927504.15897	1533	17.1885
ERR13927504.15898	1552	18.5754
ERR13927504.15899	1588	19.7236
ERR13927504.15900	1140	15.1667
ERR13927504.15901	1558	16.8691
ERR13927504.15902	1576	17.0292
ERR13927504.15903	1586	17.0120
ERR13927504.15904	1544	15.7370
ERR13927504.15905	547	18.3784
ERR13927504.15906	1521	16.2492
ERR13927504.15907	1571	16.2107
ERR13927504.15908	1570	17.4752
ERR13927504.15909	1530	16.3889
ERR13927504.15910	1565	18.7438
ERR13927504.15911	1530	19.6810
ERR13927504.15912	1550	15.7981
ERR13927504.15913	1583	17.5319
ERR13927504.15914	1537	16.5914
ERR13927504.15915	1504	15.9422
ERR13927504.15916	1553	20.3876
ERR13927504.15917	1519	16.3799
ERR13927504.15918	1636	14.2152
ERR13927504.15919	1539	17.9597
ERR13927504.15920	1526	19.5125
ERR13927504.15921	1584	16.0196
ERR13927504.15922	1637	17.0232
ERR13927504.15923	807	18.3222
ERR13927504.15924	1579	17.5250
ERR13927504.15925	1535	15.1192
ERR13927504.15926	1555	16.4656
ERR13927504.15927	1557	17.9281
ERR13927504.15928	1551	17.2218
ERR13927504.15929	1594	17.1430
ERR13927504.15930	1552	18.3995
ERR13927504.15931	1554	16.4479
ERR13927504.15932	1541	14.8469
ERR13927504.15933	1521	18.3254
ERR13927504.15934	1509	16.2545
ERR13927504.15935	1573	19.3382
ERR13927504.15936	1555	20.1338
ERR13927504.15937	1516	18.1880
ERR13927504.15938	1591	17.7549
ERR13927504.15939	1314	15.3988
ERR13927504.15940	1521	17.2472
ERR13927504.15941	1567	18.7167
ERR13927504.15942	1119	16.3378
ERR13927504.15943	1548	15.5782
ERR13927504.15944	1564	16.8753
ERR13927504.15945	1513	13.7297
ERR13927504.15946	1537	17.1204
ERR13927504.15947	1575	16.8368
ERR13927504.15948	1519	17.0500
ERR13927504.15949	1534	15.6897
ERR13927504.15950	1546	18.0634
ERR13927504.15951	1563	18.4389
ERR13927504.15952	1561	17.3837
ERR13927504.15953	1545	17.1172
ERR13927504.15954	1547	17.4150
ERR13927504.15955	1529	17.2067
ERR13927504.15956	1510	16.8536
ERR13927504.15957	1562	17.3604
ERR13927504.15958	1565	17.0607
ERR13927504.15959	1529	14.4526
ERR13927504.15960	1248	18.1250
ERR13927504.15961	1575	18.2406
ERR13927504.15962	1515	14.3729
ERR13927504.15963	1559	15.6632
ERR13927504.15964	1570	17.4764
ERR13927504.15965	1582	22.2535
ERR13927504.15966	1518	16.4862
ERR13927504.15967	1549	19.5087
ERR13927504.15968	1587	16.9427
ERR13927504.15969	1548	16.3482
ERR13927504.15970	1554	19.0212
ERR13927504.15971	1535	15.6345
ERR13927504.15972	1506	14.8207
ERR13927504.15973	1566	16.2656
ERR13927504.15974	1540	16.9591
ERR13927504.15975	1510	19.1589
ERR13927504.15976	1388	16.1657
ERR13927504.15977	277	17.4765
ERR13927504.15978	1528	16.2559
ERR13927504.15979	1558	16.7715
ERR13927504.15980	1512	16.5582
ERR13927504.15981	1541	17.4432
ERR13927504.15982	1564	16.1081
ERR13927504.15983	1550	16.6690
ERR13927504.15984	1405	16.5267
ERR13927504.15985	1576	15.7614
ERR13927504.15986	1541	21.5646
ERR13927504.15987	1534	16.2614
ERR13927504.15988	1521	15.3675
ERR13927504.15989	1427	16.0596
ERR13927504.15990	1547	18.0892
ERR13927504.15991	1529	15.7037
ERR13927504.15992	1517	17.0330
ERR13927504.15993	1325	16.1947
ERR13927504.15994	1566	17.4017
ERR13927504.15995	1552	13.4601
ERR13927504.15996	1567	19.4646
ERR13927504.15997	1566	15.0747
ERR13927504.15998	1540	16.3981
ERR13927504.15999	1530	15.2373
ERR13927504.16000	1572	17.2436
ERR13927504.16001	1569	19.1122
ERR13927504.16002	1573	19.0515
ERR13927504.16003	1507	17.9681
ERR13927504.16004	1603	19.6644
ERR13927504.16005	1539	18.9708
ERR13927504.16006	1560	15.8000
ERR13927504.16007	1558	17.0128
ERR13927504.16008	1574	18.8996
ERR13927504.16009	1571	17.4780
ERR13927504.16010	1544	17.5622
ERR13927504.16011	1495	19.8167
ERR13927504.16012	1567	16.2419
ERR13927504.16013	1461	16.6475
ERR13927504.16014	1547	15.8869
ERR13927504.16015	1526	18.1212
ERR13927504.16016	1565	15.3827
ERR13927504.16017	1559	17.5593
ERR13927504.16018	1561	16.0340
ERR13927504.16019	1580	17.3006
ERR13927504.16020	1514	16.3408
ERR13927504.16021	1571	15.3552
ERR13927504.16022	1532	15.8029
ERR13927504.16023	1589	17.7722
ERR13927504.16024	1566	19.3506
ERR13927504.16025	1528	16.3377
ERR13927504.16026	1584	16.7645
ERR13927504.16027	1549	19.4564
ERR13927504.16028	1570	20.2822
ERR13927504.16029	1474	17.1872
ERR13927504.16030	1585	15.5678
ERR13927504.16031	1526	15.6422
ERR13927504.16032	1592	17.4837
ERR13927504.16033	1558	18.8402
ERR13927504.16034	1574	15.8043
ERR13927504.16035	1570	16.6102
ERR13927504.16036	1770	18.2362
ERR13927504.16037	1552	19.6211
ERR13927504.16038	1512	19.7136
ERR13927504.16039	1522	17.0690
ERR13927504.16040	1558	17.0173
ERR13927504.16041	1515	20.2733
ERR13927504.16042	1467	15.2031
ERR13927504.16043	1550	16.5697
ERR13927504.16044	1585	18.4776
ERR13927504.16045	1613	15.7657
ERR13927504.16046	1571	19.9860
ERR13927504.16047	764	18.5785
ERR13927504.16048	1568	20.2927
ERR13927504.16049	1566	18.8691
ERR13927504.16050	1597	16.8566
ERR13927504.16051	1402	16.7660
ERR13927504.16052	1525	15.3698
ERR13927504.16053	1692	16.7311
ERR13927504.16054	1551	17.9665
ERR13927504.16055	1520	15.9947
ERR13927504.16056	1363	14.5128
ERR13927504.16057	1572	16.7093
ERR13927504.16058	1579	17.0804
ERR13927504.16059	783	14.7433
ERR13927504.16060	1511	15.9649
ERR13927504.16061	1557	15.1111
ERR13927504.16062	1513	16.9405
ERR13927504.16063	1559	17.4349
ERR13927504.16064	1571	19.0286
ERR13927504.16065	1561	18.0557
ERR13927504.16066	1568	16.4592
ERR13927504.16067	1583	17.6418
ERR13927504.16068	1576	17.2437
ERR13927504.16069	1559	19.9891
ERR13927504.16070	1561	17.3889
ERR13927504.16071	1189	15.4071
ERR13927504.16072	1547	18.6994
ERR13927504.16073	1583	18.2552
ERR13927504.16074	1500	15.3320
ERR13927504.16075	1551	17.8549
ERR13927504.16076	1599	15.2351
ERR13927504.16077	1596	17.8051
ERR13927504.16078	1537	17.2284
ERR13927504.16079	1534	16.4387
ERR13927504.16080	1568	20.7462
ERR13927504.16081	1573	18.3121
ERR13927504.16082	1531	16.2018
ERR13927504.16083	1528	18.7376
ERR13927504.16084	1590	16.2862
ERR13927504.16085	1537	15.4066
ERR13927504.16086	1582	15.1915
ERR13927504.16087	1581	19.2758
ERR13927504.16088	1570	15.5268
ERR13927504.16089	1576	16.7329
ERR13927504.16090	1509	16.3221
ERR13927504.16091	986	15.3671
ERR13927504.16092	1557	15.0302
ERR13927504.16093	1555	16.8920
ERR13927504.16094	1488	17.6499
ERR13927504.16095	1533	15.7978
ERR13927504.16096	1558	17.1810
ERR13927504.16097	1573	17.4463
ERR13927504.16098	1546	17.3700
ERR13927504.16099	1584	18.4956
ERR13927504.16100	1565	18.0760
ERR13927504.16101	1581	21.6913
ERR13927504.16102	1561	14.7245
ERR13927504.16103	1548	18.0866
ERR13927504.16104	1560	16.7276
ERR13927504.16105	1506	14.2470
ERR13927504.16106	1553	14.4346
ERR13927504.16107	1551	16.0999
ERR13927504.16108	1549	18.9057
ERR13927504.16109	1584	19.1199
ERR13927504.16110	1553	21.4681
ERR13927504.16111	1579	18.5085
ERR13927504.16112	1523	14.1930
ERR13927504.16113	1553	16.7154
ERR13927504.16114	1542	17.6291
ERR13927504.16115	1547	17.6128
ERR13927504.16116	1592	15.8750
ERR13927504.16117	1559	16.3085
ERR13927504.16118	1572	17.0922
ERR13927504.16119	1593	18.1174
ERR13927504.16120	1543	14.6384
ERR13927504.16121	1476	18.7846
ERR13927504.16122	1545	16.2984
ERR13927504.16123	1582	16.9741
ERR13927504.16124	1527	18.1198
ERR13927504.16125	1588	19.6316
ERR13927504.16126	1435	17.4195
ERR13927504.16127	1548	17.8850
ERR13927504.16128	1543	18.9397
ERR13927504.16129	1574	20.3621
ERR13927504.16130	1544	15.6697
ERR13927504.16131	1589	20.2159
ERR13927504.16132	1524	18.7369
ERR13927504.16133	1553	16.1088
ERR13927504.16134	1563	16.2585
ERR13927504.16135	1552	17.0490
ERR13927504.16136	1539	18.7882
ERR13927504.16137	1528	16.9843
ERR13927504.16138	1588	16.8640
ERR13927504.16139	1554	18.6017
ERR13927504.16140	1541	17.3180
ERR13927504.16141	1572	17.7983
ERR13927504.16142	1540	14.9987
ERR13927504.16143	1511	15.5030
ERR13927504.16144	1577	16.7146
ERR13927504.16145	1446	17.2510
ERR13927504.16146	1497	15.0635
ERR13927504.16147	1559	15.6440
ERR13927504.16148	1553	19.0206
ERR13927504.16149	1500	16.0740
ERR13927504.16150	1563	17.7946
ERR13927504.16151	593	17.5329
ERR13927504.16152	1581	18.1189
ERR13927504.16153	1547	17.2456
ERR13927504.16154	1514	14.5839
ERR13927504.16155	1518	15.5204
ERR13927504.16156	1534	14.6467
ERR13927504.16157	1573	18.5671
ERR13927504.16158	1518	14.9433
ERR13927504.16159	1566	19.7522
ERR13927504.16160	1419	17.3658
ERR13927504.16161	1562	17.9155
ERR13927504.16162	1303	19.1742
ERR13927504.16163	1569	18.3786
ERR13927504.16164	1552	18.4639
ERR13927504.16165	1547	15.3297
ERR13927504.16166	1520	14.1217
ERR13927504.16167	1578	18.0849
ERR13927504.16168	1191	15.8531
ERR13927504.16169	1479	15.0325
ERR13927504.16170	1519	15.6274
ERR13927504.16171	1505	14.5674
ERR13927504.16172	1549	16.5494
ERR13927504.16173	1549	18.7999
ERR13927504.16174	1583	16.5610
ERR13927504.16175	1541	16.3608
ERR13927504.16176	1554	14.3468
ERR13927504.16177	1525	17.9889
ERR13927504.16178	1561	18.4606
ERR13927504.16179	1551	14.1631
ERR13927504.16180	1535	16.3309
ERR13927504.16181	1607	14.7729
ERR13927504.16182	1567	16.7116
ERR13927504.16183	1594	20.3450
ERR13927504.16184	1550	19.0361
ERR13927504.16185	1556	14.8959
ERR13927504.16186	1579	20.7403
ERR13927504.16187	1551	19.5255
ERR13927504.16188	1565	16.0256
ERR13927504.16189	1554	18.1390
ERR13927504.16190	1532	18.3087
ERR13927504.16191	1597	19.9198
ERR13927504.16192	1578	20.2193
ERR13927504.16193	1575	17.0603
ERR13927504.16194	1553	20.0580
ERR13927504.16195	358	14.4134
ERR13927504.16196	1586	16.1406
ERR13927504.16197	1325	16.8468
ERR13927504.16198	1527	18.7754
ERR13927504.16199	1497	17.7889
ERR13927504.16200	1548	16.2603
ERR13927504.16201	943	16.1538
ERR13927504.16202	1551	20.2437
ERR13927504.16203	1041	18.8588
ERR13927504.16204	1561	16.6739
ERR13927504.16205	1583	19.2021
ERR13927504.16206	1534	16.4811
ERR13927504.16207	1560	18.9833
ERR13927504.16208	1565	16.9163
ERR13927504.16209	902	16.9745
ERR13927504.16210	1515	15.0680
ERR13927504.16211	1563	16.9795
ERR13927504.16212	1557	16.4862
ERR13927504.16213	1555	16.9196
ERR13927504.16214	1497	14.9880
ERR13927504.16215	1511	15.3124
ERR13927504.16216	1531	15.1450
ERR13927504.16217	1438	15.5744
ERR13927504.16218	1596	19.9486
ERR13927504.16219	1533	17.4853
ERR13927504.16220	1295	15.4023
ERR13927504.16221	1548	16.4580
ERR13927504.16222	1257	16.0851
ERR13927504.16223	1614	16.4888
ERR13927504.16224	848	20.5932
ERR13927504.16225	1569	20.5889
ERR13927504.16226	1551	16.6164
ERR13927504.16227	1535	14.6326
ERR13927504.16228	913	17.5652
ERR13927504.16229	1567	16.8513
ERR13927504.16230	1584	17.9154
ERR13927504.16231	1570	16.5911
ERR13927504.16232	1536	17.0273
ERR13927504.16233	1561	19.4446
ERR13927504.16234	1593	16.0113
ERR13927504.16235	1580	19.1006
ERR13927504.16236	1537	17.4086
ERR13927504.16237	1568	17.6696
ERR13927504.16238	1574	18.1938
ERR13927504.16239	1510	13.8543
ERR13927504.16240	1562	14.6773
ERR13927504.16241	804	17.5485
ERR13927504.16242	1556	17.8123
ERR13927504.16243	1576	17.3325
ERR13927504.16244	1528	16.0255
ERR13927504.16245	1503	15.2362
ERR13927504.16246	1577	17.7210
ERR13927504.16247	1541	18.2927
ERR13927504.16248	1553	19.4037
ERR13927504.16249	1537	15.9401
ERR13927504.16250	1550	17.5613
ERR13927504.16251	1558	19.3896
ERR13927504.16252	1574	20.6550
ERR13927504.16253	319	12.7837
ERR13927504.16254	1508	17.8846
ERR13927504.16255	1554	18.0650
ERR13927504.16256	1540	15.5779
ERR13927504.16257	1584	17.7929
ERR13927504.16258	1602	16.4650
ERR13927504.16259	1574	17.8977
ERR13927504.16260	1513	17.0972
ERR13927504.16261	1515	15.5056
ERR13927504.16262	1554	16.2555
ERR13927504.16263	1545	16.5450
ERR13927504.16264	1535	16.2925
ERR13927504.16265	1573	18.0922
ERR13927504.16266	1530	15.5124
ERR13927504.16267	1525	15.9757
ERR13927504.16268	1562	18.3220
ERR13927504.16269	1536	16.8470
ERR13927504.16270	1559	14.2880
ERR13927504.16271	1550	16.4535
ERR13927504.16272	1581	17.2100
ERR13927504.16273	1089	18.7016
ERR13927504.16274	1495	15.8569
ERR13927504.16275	1530	17.1739
ERR13927504.16276	1560	18.2077
ERR13927504.16277	1536	20.5026
ERR13927504.16278	1509	17.2379
ERR13927504.16279	1528	15.9758
ERR13927504.16280	1611	17.6021
ERR13927504.16281	1586	20.2421
ERR13927504.16282	1523	14.8122
ERR13927504.16283	1590	21.7453
ERR13927504.16284	209	13.7512
ERR13927504.16285	1521	15.5135
ERR13927504.16286	1495	15.9391
ERR13927504.16287	1571	18.1286
ERR13927504.16288	1491	14.5795
ERR13927504.16289	1574	17.9377
ERR13927504.16290	1523	17.2554
ERR13927504.16291	1629	16.0387
ERR13927504.16292	1496	16.7647
ERR13927504.16293	1515	16.2845
ERR13927504.16294	1542	17.2477
ERR13927504.16295	1551	18.8904
ERR13927504.16296	1541	20.0668
ERR13927504.16297	1560	17.6526
ERR13927504.16298	1465	15.3113
ERR13927504.16299	1428	16.6947
ERR13927504.16300	1450	15.6883
ERR13927504.16301	1448	16.2894
ERR13927504.16302	1564	22.0838
ERR13927504.16303	1521	14.5720
ERR13927504.16304	1511	15.9298
ERR13927504.16305	1457	15.9684
ERR13927504.16306	1535	15.5941
ERR13927504.16307	1515	15.2838
ERR13927504.16308	1558	18.3299
ERR13927504.16309	1544	19.5868
ERR13927504.16310	1531	16.9086
ERR13927504.16311	1477	14.8152
ERR13927504.16312	1487	15.8985
ERR13927504.16313	1521	16.2262
ERR13927504.16314	1548	16.5801
ERR13927504.16315	1527	16.1264
ERR13927504.16316	1521	14.0500
ERR13927504.16317	1518	17.4993
ERR13927504.16318	1530	16.4052
ERR13927504.16319	1434	18.9637
ERR13927504.16320	1489	15.0094
ERR13927504.16321	1509	16.9079
ERR13927504.16322	1578	18.2231
ERR13927504.16323	1567	17.9617
ERR13927504.16324	1546	17.9580
ERR13927504.16325	1028	18.9222
ERR13927504.16326	1201	17.7377
ERR13927504.16327	1559	19.1546
ERR13927504.16328	788	16.2576
ERR13927504.16329	1525	15.8321
ERR13927504.16330	1500	15.5313
ERR13927504.16331	1586	18.3480
ERR13927504.16332	1541	19.1616
ERR13927504.16333	1476	14.2202
ERR13927504.16334	1480	15.2149
ERR13927504.16335	1518	16.1561
ERR13927504.16336	1554	15.2387
ERR13927504.16337	1505	15.1734
ERR13927504.16338	1574	19.3831
ERR13927504.16339	1539	19.6361
ERR13927504.16340	1549	16.4971
ERR13927504.16341	1538	17.0137
ERR13927504.16342	692	19.0997
ERR13927504.16343	1536	14.5247
ERR13927504.16344	1534	19.3044
ERR13927504.16345	1557	16.3886
ERR13927504.16346	1520	19.1533
ERR13927504.16347	1582	19.5866
ERR13927504.16348	1581	16.6116
ERR13927504.16349	1541	19.0448
ERR13927504.16350	1566	19.1066
ERR13927504.16351	1581	16.9690
ERR13927504.16352	1567	19.1468
ERR13927504.16353	1064	16.5827
ERR13927504.16354	1565	18.0703
ERR13927504.16355	1498	18.1542
ERR13927504.16356	1521	15.2064
ERR13927504.16357	1538	15.9460
ERR13927504.16358	1442	18.2774
ERR13927504.16359	1523	16.2587
ERR13927504.16360	1548	19.5271
ERR13927504.16361	1525	18.7705
ERR13927504.16362	1564	20.6049
ERR13927504.16363	1507	15.2880
ERR13927504.16364	1553	17.5299
ERR13927504.16365	1569	17.9388
ERR13927504.16366	1520	16.2362
ERR13927504.16367	1515	16.6409
ERR13927504.16368	1590	21.3447
ERR13927504.16369	1566	18.9604
ERR13927504.16370	1473	17.3707
ERR13927504.16371	1569	17.7431
ERR13927504.16372	1543	18.4375
ERR13927504.16373	1549	17.4932
ERR13927504.16374	1566	18.8940
ERR13927504.16375	1576	18.3312
ERR13927504.16376	1533	15.4481
ERR13927504.16377	1539	17.9246
ERR13927504.16378	1540	15.7338
ERR13927504.16379	1528	16.3010
ERR13927504.16380	1572	16.4955
ERR13927504.16381	1550	17.6013
ERR13927504.16382	1505	14.4060
ERR13927504.16383	1559	16.9012
ERR13927504.16384	1573	18.5715
ERR13927504.16385	1559	19.5792
ERR13927504.16386	1570	17.2331
ERR13927504.16387	1058	18.7495
ERR13927504.16388	1555	19.7923
ERR13927504.16389	1570	20.1293
ERR13927504.16390	1503	17.1391
ERR13927504.16391	1509	15.7787
ERR13927504.16392	1544	19.3439
ERR13927504.16393	1565	19.1265
ERR13927504.16394	1511	17.9484
ERR13927504.16395	1545	16.5722
ERR13927504.16396	1515	15.3208
ERR13927504.16397	1562	16.7273
ERR13927504.16398	1576	19.7405
ERR13927504.16399	952	18.8466
ERR13927504.16400	1532	15.8747
ERR13927504.16401	1592	19.8574
ERR13927504.16402	1571	15.2610
ERR13927504.16403	1432	15.7479
ERR13927504.16404	1539	17.3008
ERR13927504.16405	1550	15.5206
ERR13927504.16406	1513	16.7673
ERR13927504.16407	1499	17.3989
ERR13927504.16408	1542	17.7147
ERR13927504.16409	1534	15.7099
ERR13927504.16410	1590	17.4855
ERR13927504.16411	1454	15.6905
ERR13927504.16412	1547	16.2883
ERR13927504.16413	1136	16.2720
ERR13927504.16414	1557	16.1753
ERR13927504.16415	1578	18.0735
ERR13927504.16416	1587	17.0788
ERR13927504.16417	1636	17.7249
ERR13927504.16418	1572	21.3034
ERR13927504.16419	1525	17.4505
ERR13927504.16420	1581	19.9089
ERR13927504.16421	1549	18.3338
ERR13927504.16422	1571	19.5054
ERR13927504.16423	1542	15.9377
ERR13927504.16424	1496	15.3917
ERR13927504.16425	1475	16.6353
ERR13927504.16426	1496	15.8336
ERR13927504.16427	1606	19.7036
ERR13927504.16428	1596	17.7218
ERR13927504.16429	1584	18.4059
ERR13927504.16430	1548	15.9412
ERR13927504.16431	1584	17.3100
ERR13927504.16432	1548	18.2229
ERR13927504.16433	1488	21.0101
ERR13927504.16434	1574	18.7605
ERR13927504.16435	1561	20.8405
ERR13927504.16436	1518	15.5329
ERR13927504.16437	1539	19.4360
ERR13927504.16438	1555	17.3794
ERR13927504.16439	1340	16.8448
ERR13927504.16440	1566	20.3333
ERR13927504.16441	1585	17.6442
ERR13927504.16442	1583	18.0973
ERR13927504.16443	1582	18.0822
ERR13927504.16444	1524	16.4534
ERR13927504.16445	1555	19.2701
ERR13927504.16446	1577	16.5523
ERR13927504.16447	1456	15.4107
ERR13927504.16448	1518	18.9407
ERR13927504.16449	1484	15.9838
ERR13927504.16450	1568	17.4617
ERR13927504.16451	1577	19.5574
ERR13927504.16452	1510	20.9993
ERR13927504.16453	1542	18.4948
ERR13927504.16454	1534	17.0411
ERR13927504.16455	1513	17.4422
ERR13927504.16456	1556	19.4190
ERR13927504.16457	1524	15.7533
ERR13927504.16458	1435	17.3554
ERR13927504.16459	1508	17.2679
ERR13927504.16460	1551	17.3398
ERR13927504.16461	940	16.2117
ERR13927504.16462	1466	18.5887
ERR13927504.16463	1012	15.0899
ERR13927504.16464	1569	19.7196
ERR13927504.16465	1392	16.7349
ERR13927504.16466	1529	16.6756
ERR13927504.16467	1493	16.4488
ERR13927504.16468	1569	18.6125
ERR13927504.16469	1169	20.2087
ERR13927504.16470	1551	18.7614
ERR13927504.16471	1539	18.8116
ERR13927504.16472	1549	17.5397
ERR13927504.16473	1548	19.2003
ERR13927504.16474	1563	18.0275
ERR13927504.16475	1541	16.4179
ERR13927504.16476	1553	17.2543
ERR13927504.16477	1573	20.0146
ERR13927504.16478	1561	18.2511
ERR13927504.16479	1536	16.5495
ERR13927504.16480	1571	15.7893
ERR13927504.16481	1450	14.7648
ERR13927504.16482	1586	18.3834
ERR13927504.16483	1446	16.8140
ERR13927504.16484	1542	17.8554
ERR13927504.16485	1522	15.3515
ERR13927504.16486	1564	17.7372
ERR13927504.16487	1576	17.6339
ERR13927504.16488	1595	16.1768
ERR13927504.16489	1530	17.9804
ERR13927504.16490	1540	17.0409
ERR13927504.16491	974	15.0749
ERR13927504.16492	1593	16.8205
ERR13927504.16493	1534	15.7634
ERR13927504.16494	1517	15.4911
ERR13927504.16495	1472	15.4633
ERR13927504.16496	1543	19.1581
ERR13927504.16497	1525	14.7174
ERR13927504.16498	1344	16.9643
ERR13927504.16499	1589	17.9239
ERR13927504.16500	1386	19.3038
ERR13927504.16501	1065	15.8610
ERR13927504.16502	1559	16.7479
ERR13927504.16503	1547	14.8933
ERR13927504.16504	1575	16.9473
ERR13927504.16505	1554	18.4903
ERR13927504.16506	1543	17.9099
ERR13927504.16507	1565	15.4466
ERR13927504.16508	1537	17.1230
ERR13927504.16509	742	20.1792
ERR13927504.16510	1558	17.7798
ERR13927504.16511	1441	16.7071
ERR13927504.16512	1451	15.6740
ERR13927504.16513	1577	18.6386
ERR13927504.16514	1500	16.1207
ERR13927504.16515	952	16.3361
ERR13927504.16516	1567	18.1570
ERR13927504.16517	1528	18.2258
ERR13927504.16518	828	16.5616
ERR13927504.16519	1518	16.4374
ERR13927504.16520	1560	19.0179
ERR13927504.16521	1564	19.8945
ERR13927504.16522	1526	15.8008
ERR13927504.16523	1527	17.2083
ERR13927504.16524	1544	20.3348
ERR13927504.16525	1512	15.1978
ERR13927504.16526	1606	15.5753
ERR13927504.16527	1591	17.5129
ERR13927504.16528	1559	18.5343
ERR13927504.16529	1545	15.3049
ERR13927504.16530	1538	17.9304
ERR13927504.16531	1547	16.4751
ERR13927504.16532	1598	17.9700
ERR13927504.16533	1582	16.6928
ERR13927504.16534	1542	18.1375
ERR13927504.16535	1579	16.9506
ERR13927504.16536	1513	15.9061
ERR13927504.16537	744	15.5806
ERR13927504.16538	1583	19.6500
ERR13927504.16539	1583	18.6898
ERR13927504.16540	1584	17.0069
ERR13927504.16541	1585	18.8341
ERR13927504.16542	1596	15.9655
ERR13927504.16543	1194	17.5452
ERR13927504.16544	1470	14.9129
ERR13927504.16545	1542	14.1453
ERR13927504.16546	1580	17.7525
ERR13927504.16547	1563	16.0435
ERR13927504.16548	1583	17.8149
ERR13927504.16549	1575	16.3460
ERR13927504.16550	1562	19.8528
ERR13927504.16551	1588	16.6574
ERR13927504.16552	1571	18.6130
ERR13927504.16553	1592	18.3725
ERR13927504.16554	1583	18.6412
ERR13927504.16555	1553	14.6883
ERR13927504.16556	1543	14.5301
ERR13927504.16557	1621	14.8587
ERR13927504.16558	1586	18.2535
ERR13927504.16559	1574	15.6366
ERR13927504.16560	1305	17.4092
ERR13927504.16561	1603	16.9732
ERR13927504.16562	1555	18.5151
ERR13927504.16563	1541	19.5886
ERR13927504.16564	1589	14.9226
ERR13927504.16565	1578	16.3587
ERR13927504.16566	1555	17.8251
ERR13927504.16567	1582	18.8616
ERR13927504.16568	1586	18.9981
ERR13927504.16569	656	16.4131
ERR13927504.16570	1567	18.8800
ERR13927504.16571	1526	16.0872
ERR13927504.16572	1584	19.1231
ERR13927504.16573	1381	16.6705
ERR13927504.16574	1601	16.6927
ERR13927504.16575	1328	17.0685
ERR13927504.16576	1551	16.7228
ERR13927504.16577	1585	17.2738
ERR13927504.16578	1536	16.7148
ERR13927504.16579	1591	17.3017
ERR13927504.16580	1574	15.6093
ERR13927504.16581	1598	16.0013
ERR13927504.16582	1581	16.8684
ERR13927504.16583	1560	17.2404
ERR13927504.16584	1563	17.5669
ERR13927504.16585	1563	15.3948
ERR13927504.16586	1564	19.5173
ERR13927504.16587	1565	17.4371
ERR13927504.16588	1578	18.5482
ERR13927504.16589	1615	18.9146
ERR13927504.16590	1599	18.5560
ERR13927504.16591	1592	16.3417
ERR13927504.16592	1558	17.4268
ERR13927504.16593	1528	15.7958
ERR13927504.16594	1535	15.5798
ERR13927504.16595	1567	16.3331
ERR13927504.16596	1587	18.1273
ERR13927504.16597	1554	15.6236
ERR13927504.16598	1560	17.8385
ERR13927504.16599	1574	17.9879
ERR13927504.16600	1577	16.4122
ERR13927504.16601	1587	17.7366
ERR13927504.16602	1571	20.7658
ERR13927504.16603	1565	13.9457
ERR13927504.16604	1597	17.8291
ERR13927504.16605	1561	16.2511
ERR13927504.16606	1554	15.8507
ERR13927504.16607	1595	17.7455
ERR13927504.16608	1578	19.2662
ERR13927504.16609	399	17.8647
ERR13927504.16610	1551	16.5177
ERR13927504.16611	1579	18.6061
ERR13927504.16612	1567	19.5546
ERR13927504.16613	1571	15.5086
ERR13927504.16614	1500	14.3233
ERR13927504.16615	1532	16.2409
ERR13927504.16616	1607	20.9135
ERR13927504.16617	1554	18.2104
ERR13927504.16618	1587	16.9118
ERR13927504.16619	1485	14.9118
ERR13927504.16620	1539	14.5536
ERR13927504.16621	1537	17.6968
ERR13927504.16622	1574	18.0121
ERR13927504.16623	1575	17.2787
ERR13927504.16624	1537	14.4828
ERR13927504.16625	1571	16.9395
ERR13927504.16626	1574	16.3901
ERR13927504.16627	1532	16.5607
ERR13927504.16628	1527	18.4080
ERR13927504.16629	1549	18.0568
ERR13927504.16630	1578	16.9290
ERR13927504.16631	1559	18.2899
ERR13927504.16632	1554	18.4492
ERR13927504.16633	1582	18.2465
ERR13927504.16634	1585	19.3432
ERR13927504.16635	1531	17.2240
ERR13927504.16636	1631	17.2845
ERR13927504.16637	1595	17.3455
ERR13927504.16638	1537	16.8653
ERR13927504.16639	1593	19.6340
ERR13927504.16640	1523	16.8122
ERR13927504.16641	1534	15.2249
ERR13927504.16642	1421	17.7734
ERR13927504.16643	1565	21.2224
ERR13927504.16644	1561	17.3145
ERR13927504.16645	1573	17.9154
ERR13927504.16646	1547	19.3917
ERR13927504.16647	1516	14.3720
ERR13927504.16648	1588	17.2191
ERR13927504.16649	1580	17.5911
ERR13927504.16650	1534	14.5033
ERR13927504.16651	1599	16.7036
ERR13927504.16652	1458	18.6948
ERR13927504.16653	1585	17.8568
ERR13927504.16654	1548	19.5659
ERR13927504.16655	1527	17.2240
ERR13927504.16656	1511	15.2111
ERR13927504.16657	1560	15.1186
ERR13927504.16658	1452	17.2080
ERR13927504.16659	1597	16.7426
ERR13927504.16660	1145	16.0594
ERR13927504.16661	1489	14.1652
ERR13927504.16662	1561	16.8591
ERR13927504.16663	1583	15.9431
ERR13927504.16664	1525	17.9685
ERR13927504.16665	1527	16.2194
ERR13927504.16666	1572	16.4307
ERR13927504.16667	1583	16.6740
ERR13927504.16668	1572	17.1851
ERR13927504.16669	1588	19.8224
ERR13927504.16670	1549	19.3221
ERR13927504.16671	1553	15.3342
ERR13927504.16672	1559	15.9525
ERR13927504.16673	1119	15.2833
ERR13927504.16674	1564	17.1803
ERR13927504.16675	1526	16.1992
ERR13927504.16676	1533	19.1931
ERR13927504.16677	1568	14.9356
ERR13927504.16678	1580	16.8418
ERR13927504.16679	1578	18.5013
ERR13927504.16680	845	15.7621
ERR13927504.16681	1598	19.2028
ERR13927504.16682	1528	17.2068
ERR13927504.16683	1581	18.0829
ERR13927504.16684	1518	16.1607
ERR13927504.16685	1573	15.8207
ERR13927504.16686	1476	19.4539
ERR13927504.16687	1611	18.0658
ERR13927504.16688	1526	15.3014
ERR13927504.16689	1579	15.3414
ERR13927504.16690	1563	15.6782
ERR13927504.16691	1547	17.7414
ERR13927504.16692	1570	18.6287
ERR13927504.16693	1303	14.8465
ERR13927504.16694	1559	16.7229
ERR13927504.16695	1500	15.4093
ERR13927504.16696	1546	18.1999
ERR13927504.16697	1569	18.4857
ERR13927504.16698	1555	17.3338
ERR13927504.16699	1142	19.9720
ERR13927504.16700	1556	18.2911
ERR13927504.16701	1572	20.7042
ERR13927504.16702	1551	16.0052
ERR13927504.16703	1580	17.5285
ERR13927504.16704	1576	18.1041
ERR13927504.16705	1575	15.6317
ERR13927504.16706	1581	16.2239
ERR13927504.16707	1560	14.8801
ERR13927504.16708	1572	16.4994
ERR13927504.16709	1561	15.3792
ERR13927504.16710	1529	16.5762
ERR13927504.16711	1563	16.3141
ERR13927504.16712	1531	18.5056
ERR13927504.16713	1522	15.9152
ERR13927504.16714	1576	17.3522
ERR13927504.16715	856	14.6507
ERR13927504.16716	1564	15.5691
ERR13927504.16717	1565	19.7687
ERR13927504.16718	1521	16.4602
ERR13927504.16719	1521	16.7186
ERR13927504.16720	1593	18.3729
ERR13927504.16721	1593	17.5355
ERR13927504.16722	1559	15.9102
ERR13927504.16723	1570	18.5019
ERR13927504.16724	1549	16.3951
ERR13927504.16725	1592	16.7921
ERR13927504.16726	1508	17.0418
ERR13927504.16727	1531	17.6218
ERR13927504.16728	1595	17.3511
ERR13927504.16729	1575	18.2425
ERR13927504.16730	1587	16.0164
ERR13927504.16731	1568	22.3489
ERR13927504.16732	1599	17.9387
ERR13927504.16733	1541	18.5347
ERR13927504.16734	1545	15.2453
ERR13927504.16735	1531	17.3808
ERR13927504.16736	1594	20.9072
ERR13927504.16737	1506	17.5000
ERR13927504.16738	1589	17.6954
ERR13927504.16739	1565	17.7310
ERR13927504.16740	1584	16.8668
ERR13927504.16741	1522	15.8771
ERR13927504.16742	1557	19.7566
ERR13927504.16743	1602	20.7291
ERR13927504.16744	1567	20.5622
ERR13927504.16745	1562	18.4814
ERR13927504.16746	1549	14.8199
ERR13927504.16747	1605	16.5421
ERR13927504.16748	1578	18.0380
ERR13927504.16749	1569	17.1740
ERR13927504.16750	1563	17.1318
ERR13927504.16751	1596	16.9029
ERR13927504.16752	1613	17.5654
ERR13927504.16753	1573	20.6688
ERR13927504.16754	1591	18.5141
ERR13927504.16755	1540	16.4377
ERR13927504.16756	1552	17.1295
ERR13927504.16757	1560	17.9917
ERR13927504.16758	1553	16.7334
ERR13927504.16759	1633	18.3190
ERR13927504.16760	1497	15.9833
ERR13927504.16761	1587	16.6150
ERR13927504.16762	1548	17.0859
ERR13927504.16763	1564	15.9514
ERR13927504.16764	1561	15.4094
ERR13927504.16765	1058	15.1616
ERR13927504.16766	1488	15.9395
ERR13927504.16767	1576	19.1510
ERR13927504.16768	1554	17.4228
ERR13927504.16769	1560	18.2455
ERR13927504.16770	1603	17.4261
ERR13927504.16771	1585	16.0189
ERR13927504.16772	1554	16.4595
ERR13927504.16773	1557	19.2267
ERR13927504.16774	1544	18.5356
ERR13927504.16775	1584	18.5783
ERR13927504.16776	1510	19.0974
ERR13927504.16777	1543	19.0201
ERR13927504.16778	1578	15.8289
ERR13927504.16779	1597	20.3363
ERR13927504.16780	1568	17.4841
ERR13927504.16781	1552	17.0928
ERR13927504.16782	1601	16.0974
ERR13927504.16783	1562	16.9520
ERR13927504.16784	1563	18.0429
ERR13927504.16785	1552	14.8853
ERR13927504.16786	1574	17.4752
ERR13927504.16787	1521	16.8751
ERR13927504.16788	1576	18.2170
ERR13927504.16789	1565	17.8863
ERR13927504.16790	1579	16.7327
ERR13927504.16791	1570	17.3268
ERR13927504.16792	1203	16.7456
ERR13927504.16793	1537	16.6656
ERR13927504.16794	1555	14.7814
ERR13927504.16795	1540	17.5584
ERR13927504.16796	1558	16.1868
ERR13927504.16797	1401	17.2834
ERR13927504.16798	1590	16.3509
ERR13927504.16799	1532	18.5679
ERR13927504.16800	1559	14.7364
ERR13927504.16801	1521	17.4793
ERR13927504.16802	1546	17.2969
ERR13927504.16803	1548	16.2112
ERR13927504.16804	1375	15.0313
ERR13927504.16805	1567	19.8941
ERR13927504.16806	1555	17.7788
ERR13927504.16807	1567	18.8220
ERR13927504.16808	1572	15.3702
ERR13927504.16809	1545	16.7055
ERR13927504.16810	1546	17.3008
ERR13927504.16811	1582	19.7459
ERR13927504.16812	1579	15.5548
ERR13927504.16813	1578	17.1141
ERR13927504.16814	1575	15.6749
ERR13927504.16815	1568	16.0427
ERR13927504.16816	1541	17.7223
ERR13927504.16817	1575	16.3689
ERR13927504.16818	1567	17.3784
ERR13927504.16819	1597	16.5498
ERR13927504.16820	1585	17.5956
ERR13927504.16821	1583	18.2337
ERR13927504.16822	1581	18.0506
ERR13927504.16823	1611	19.6567
ERR13927504.16824	1514	15.0535
ERR13927504.16825	1545	17.2362
ERR13927504.16826	1656	15.8303
ERR13927504.16827	1584	19.8737
ERR13927504.16828	1531	14.4017
ERR13927504.16829	1592	16.2387
ERR13927504.16830	1574	18.8196
ERR13927504.16831	1550	15.9194
ERR13927504.16832	1582	17.4096
ERR13927504.16833	1526	16.2588
ERR13927504.16834	1595	18.3774
ERR13927504.16835	1529	17.1053
ERR13927504.16836	1581	18.0367
ERR13927504.16837	1560	17.8660
ERR13927504.16838	1531	16.2809
ERR13927504.16839	1597	18.3463
ERR13927504.16840	1554	18.7677
ERR13927504.16841	1564	16.2711
ERR13927504.16842	1560	17.9147
ERR13927504.16843	1563	15.4939
ERR13927504.16844	1565	15.6696
ERR13927504.16845	1527	15.0923
ERR13927504.16846	1565	18.0760
ERR13927504.16847	1586	17.0542
ERR13927504.16848	1607	16.9851
ERR13927504.16849	1553	19.6175
ERR13927504.16850	1569	17.5641
ERR13927504.16851	1571	15.4481
ERR13927504.16852	1537	15.1483
ERR13927504.16853	1554	18.8938
ERR13927504.16854	1594	18.8388
ERR13927504.16855	1570	15.9936
ERR13927504.16856	1570	17.1312
ERR13927504.16857	1563	18.6910
ERR13927504.16858	1518	14.8669
ERR13927504.16859	1567	16.4818
ERR13927504.16860	1589	19.9006
ERR13927504.16861	1042	16.0816
ERR13927504.16862	938	18.2399
ERR13927504.16863	1537	16.4561
ERR13927504.16864	1558	20.2266
ERR13927504.16865	1541	16.2927
ERR13927504.16866	1545	16.3307
ERR13927504.16867	1571	18.6951
ERR13927504.16868	1587	20.0914
ERR13927504.16869	1557	19.1111
ERR13927504.16870	1570	16.0885
ERR13927504.16871	1551	18.4249
ERR13927504.16872	1576	16.8122
ERR13927504.16873	1563	19.3282
ERR13927504.16874	1567	17.3197
ERR13927504.16875	1547	17.8481
ERR13927504.16876	1574	15.3964
ERR13927504.16877	1583	18.6551
ERR13927504.16878	1569	18.3818
ERR13927504.16879	1575	18.5556
ERR13927504.16880	1552	16.0000
ERR13927504.16881	1589	18.5091
ERR13927504.16882	1556	18.9865
ERR13927504.16883	1327	15.9683
ERR13927504.16884	1485	14.9636
ERR13927504.16885	1236	21.0016
ERR13927504.16886	1549	19.8870
ERR13927504.16887	1552	19.6166
ERR13927504.16888	1601	18.1087
ERR13927504.16889	1550	15.9097
ERR13927504.16890	1575	18.6375
ERR13927504.16891	1555	16.4469
ERR13927504.16892	1532	14.9772
ERR13927504.16893	1564	18.2705
ERR13927504.16894	1567	14.9451
ERR13927504.16895	1176	14.9192
ERR13927504.16896	1547	15.5501
ERR13927504.16897	1565	20.3796
ERR13927504.16898	1542	17.0512
ERR13927504.16899	1575	16.4317
ERR13927504.16900	1568	16.8304
ERR13927504.16901	1550	14.9735
ERR13927504.16902	1554	16.8842
ERR13927504.16903	1302	16.6897
ERR13927504.16904	1549	16.7108
ERR13927504.16905	1593	18.8845
ERR13927504.16906	1134	16.5362
ERR13927504.16907	1577	19.4090
ERR13927504.16908	1646	17.2855
ERR13927504.16909	1548	16.6919
ERR13927504.16910	1577	16.5162
ERR13927504.16911	1583	17.4902
ERR13927504.16912	1569	15.6546
ERR13927504.16913	1573	19.4437
ERR13927504.16914	825	15.5224
ERR13927504.16915	1585	17.4789
ERR13927504.16916	1573	15.7839
ERR13927504.16917	1571	19.1235
ERR13927504.16918	1552	16.5999
ERR13927504.16919	1546	18.3972
ERR13927504.16920	1507	15.7359
ERR13927504.16921	1571	16.6919
ERR13927504.16922	1551	16.3507
ERR13927504.16923	1580	17.4234
ERR13927504.16924	1579	16.2362
ERR13927504.16925	1511	14.6916
ERR13927504.16926	1542	19.6498
ERR13927504.16927	1556	16.0765
ERR13927504.16928	1473	15.6809
ERR13927504.16929	1561	19.3184
ERR13927504.16930	1537	16.5094
ERR13927504.16931	1567	19.1774
ERR13927504.16932	1555	15.8926
ERR13927504.16933	1567	16.9145
ERR13927504.16934	1560	17.1538
ERR13927504.16935	1556	18.1003
ERR13927504.16936	1543	15.7246
ERR13927504.16937	1519	17.0592
ERR13927504.16938	1545	15.0252
ERR13927504.16939	1572	18.0064
ERR13927504.16940	1590	14.6786
ERR13927504.16941	1611	16.7362
ERR13927504.16942	1614	18.9213
ERR13927504.16943	1606	16.8144
ERR13927504.16944	1561	15.5426
ERR13927504.16945	1538	15.8830
ERR13927504.16946	1556	17.0199
ERR13927504.16947	1562	15.1601
ERR13927504.16948	1534	16.2562
ERR13927504.16949	1573	18.2333
ERR13927504.16950	1595	17.0940
ERR13927504.16951	1541	16.6093
ERR13927504.16952	1028	15.1313
ERR13927504.16953	1568	17.7985
ERR13927504.16954	1549	17.0813
ERR13927504.16955	1536	17.1198
ERR13927504.16956	1561	16.1839
ERR13927504.16957	1592	15.2776
ERR13927504.16958	1577	17.3741
ERR13927504.16959	1592	17.0898
ERR13927504.16960	1542	14.7121
ERR13927504.16961	1542	17.3833
ERR13927504.16962	1580	16.0842
ERR13927504.16963	1517	14.8912
ERR13927504.16964	1512	14.8333
ERR13927504.16965	1584	15.8447
ERR13927504.16966	1592	18.7242
ERR13927504.16967	1564	19.1093
ERR13927504.16968	1555	16.9055
ERR13927504.16969	1557	16.0295
ERR13927504.16970	1561	16.6060
ERR13927504.16971	1567	21.8098
ERR13927504.16972	1560	20.3244
ERR13927504.16973	1551	18.7827
ERR13927504.16974	1562	19.1652
ERR13927504.16975	1588	16.6940
ERR13927504.16976	1575	19.5283
ERR13927504.16977	1548	18.3779
ERR13927504.16978	1529	18.1727
ERR13927504.16979	1539	18.2612
ERR13927504.16980	1565	15.4307
ERR13927504.16981	1569	19.7540
ERR13927504.16982	1554	17.4878
ERR13927504.16983	1553	17.0386
ERR13927504.16984	1469	15.3737
ERR13927504.16985	1558	15.1849
ERR13927504.16986	1576	16.9499
ERR13927504.16987	1556	19.2455
ERR13927504.16988	1640	17.3506
ERR13927504.16989	1536	17.1419
ERR13927504.16990	1546	18.0511
ERR13927504.16991	1574	18.3679
ERR13927504.16992	1601	17.0100
ERR13927504.16993	1596	19.5263
ERR13927504.16994	1561	17.5048
ERR13927504.16995	1570	16.8070
ERR13927504.16996	1591	18.8655
ERR13927504.16997	1583	19.2874
ERR13927504.16998	1599	17.2308
ERR13927504.16999	1609	18.0634
ERR13927504.17000	1541	14.5029
ERR13927504.17001	1582	18.7958
ERR13927504.17002	1634	17.1218
ERR13927504.17003	1565	16.6895
ERR13927504.17004	1630	17.3926
ERR13927504.17005	1569	15.1007
ERR13927504.17006	1583	21.1263
ERR13927504.17007	1494	14.2684
ERR13927504.17008	1568	19.9101
ERR13927504.17009	1579	15.9056
ERR13927504.17010	1555	18.1177
ERR13927504.17011	1590	18.9107
ERR13927504.17012	1544	17.9521
ERR13927504.17013	1555	17.6842
ERR13927504.17014	1608	15.8713
ERR13927504.17015	1600	15.8625
ERR13927504.17016	1589	15.9125
ERR13927504.17017	1573	17.8512
ERR13927504.17018	1583	16.3178
ERR13927504.17019	1568	16.3342
ERR13927504.17020	1555	20.8637
ERR13927504.17021	1550	17.2348
ERR13927504.17022	1551	18.7660
ERR13927504.17023	1564	17.5301
ERR13927504.17024	1559	16.7845
ERR13927504.17025	1562	18.4904
ERR13927504.17026	1555	15.9923
ERR13927504.17027	1531	15.3566
ERR13927504.17028	1586	17.0391
ERR13927504.17029	1581	17.3681
ERR13927504.17030	1545	16.7146
ERR13927504.17031	1566	16.2625
ERR13927504.17032	1589	16.3008
ERR13927504.17033	1582	19.6119
ERR13927504.17034	1562	19.2125
ERR13927504.17035	1562	17.2734
ERR13927504.17036	1558	16.5886
ERR13927504.17037	1568	18.1371
ERR13927504.17038	1566	18.3819
ERR13927504.17039	1568	16.3533
ERR13927504.17040	1556	17.2744
ERR13927504.17041	918	16.3203
ERR13927504.17042	1548	17.5375
ERR13927504.17043	1572	17.8321
ERR13927504.17044	1559	16.8910
ERR13927504.17045	1580	18.4747
ERR13927504.17046	1564	18.0767
ERR13927504.17047	1691	17.9769
ERR13927504.17048	1574	17.1817
ERR13927504.17049	1586	18.0599
ERR13927504.17050	871	15.7118
ERR13927504.17051	1638	17.3492
ERR13927504.17052	1555	17.5698
ERR13927504.17053	1548	16.3624
ERR13927504.17054	1591	15.8529
ERR13927504.17055	1527	15.6097
ERR13927504.17056	1574	17.8037
ERR13927504.17057	1584	18.9053
ERR13927504.17058	1594	17.6060
ERR13927504.17059	1553	20.4771
ERR13927504.17060	1545	15.2330
ERR13927504.17061	1597	17.2041
ERR13927504.17062	1575	16.5549
ERR13927504.17063	1601	18.6527
ERR13927504.17064	1563	17.8042
ERR13927504.17065	1545	14.5502
ERR13927504.17066	1574	17.2980
ERR13927504.17067	1505	15.4352
ERR13927504.17068	1538	19.3218
ERR13927504.17069	1517	15.8003
ERR13927504.17070	1319	19.1873
ERR13927504.17071	1586	18.7736
ERR13927504.17072	1610	14.9733
ERR13927504.17073	1589	17.2819
ERR13927504.17074	1538	17.6489
ERR13927504.17075	1564	16.2410
ERR13927504.17076	1556	16.9364
ERR13927504.17077	1599	16.4440
ERR13927504.17078	1573	15.4870
ERR13927504.17079	1583	19.6911
ERR13927504.17080	1638	15.6258
ERR13927504.17081	1562	15.5679
ERR13927504.17082	1559	17.6523
ERR13927504.17083	1549	17.4674
ERR13927504.17084	1618	20.0025
ERR13927504.17085	1584	14.9192
ERR13927504.17086	1605	16.6592
ERR13927504.17087	1580	17.8006
ERR13927504.17088	1576	17.8077
ERR13927504.17089	1535	18.4195
ERR13927504.17090	1550	14.8768
ERR13927504.17091	1747	19.1912
ERR13927504.17092	1588	19.2387
ERR13927504.17093	1515	15.6733
ERR13927504.17094	1548	17.0161
ERR13927504.17095	1570	18.6599
ERR13927504.17096	1581	19.1423
ERR13927504.17097	1568	15.6913
ERR13927504.17098	1549	18.3447
ERR13927504.17099	1616	19.7568
ERR13927504.17100	1568	17.0293
ERR13927504.17101	1520	18.3967
ERR13927504.17102	1597	20.4771
ERR13927504.17103	1566	18.7458
ERR13927504.17104	1543	16.5113
ERR13927504.17105	1568	19.2500
ERR13927504.17106	1595	17.9799
ERR13927504.17107	1633	17.3827
ERR13927504.17108	1547	14.9625
ERR13927504.17109	1576	20.5095
ERR13927504.17110	1499	16.6264
ERR13927504.17111	1597	17.9048
ERR13927504.17112	1585	18.1205
ERR13927504.17113	1586	16.7207
ERR13927504.17114	1576	16.6371
ERR13927504.17115	1529	14.8790
ERR13927504.17116	1549	18.3138
ERR13927504.17117	1596	15.7632
ERR13927504.17118	1560	16.1641
ERR13927504.17119	1516	15.2223
ERR13927504.17120	1572	18.9281
ERR13927504.17121	1579	18.0000
ERR13927504.17122	1563	15.1280
ERR13927504.17123	1596	16.8020
ERR13927504.17124	1593	19.6516
ERR13927504.17125	1548	15.7545
ERR13927504.17126	1564	17.2621
ERR13927504.17127	1562	15.6825
ERR13927504.17128	1538	14.5169
ERR13927504.17129	1556	17.9132
ERR13927504.17130	1542	17.4715
ERR13927504.17131	1587	16.2325
ERR13927504.17132	1527	16.7819
ERR13927504.17133	1555	20.6727
ERR13927504.17134	1559	15.6838
ERR13927504.17135	1552	18.4169
ERR13927504.17136	1641	17.2462
ERR13927504.17137	1541	16.3452
ERR13927504.17138	1599	17.4053
ERR13927504.17139	1531	15.8445
ERR13927504.17140	1601	15.5540
ERR13927504.17141	1589	16.9729
ERR13927504.17142	1574	16.9428
ERR13927504.17143	1564	18.6880
ERR13927504.17144	1592	18.4416
ERR13927504.17145	1557	17.5363
ERR13927504.17146	1555	18.1646
ERR13927504.17147	1584	17.3346
ERR13927504.17148	1564	21.1253
ERR13927504.17149	1520	19.7342
ERR13927504.17150	1530	16.2967
ERR13927504.17151	1582	16.3805
ERR13927504.17152	1579	17.6042
ERR13927504.17153	1555	15.8810
ERR13927504.17154	1618	17.6211
ERR13927504.17155	1544	18.0622
ERR13927504.17156	1570	17.2369
ERR13927504.17157	1567	15.2929
ERR13927504.17158	1547	17.6096
ERR13927504.17159	1508	17.0683
ERR13927504.17160	1593	21.1124
ERR13927504.17161	1550	19.0129
ERR13927504.17162	1541	17.1862
ERR13927504.17163	1491	16.4795
ERR13927504.17164	1546	15.6009
ERR13927504.17165	1575	17.4013
ERR13927504.17166	1555	15.2444
ERR13927504.17167	1563	20.3103
ERR13927504.17168	1550	14.9697
ERR13927504.17169	1544	16.7532
ERR13927504.17170	1522	15.7398
ERR13927504.17171	1548	16.7326
ERR13927504.17172	1564	15.8529
ERR13927504.17173	1580	17.5943
ERR13927504.17174	1561	15.7681
ERR13927504.17175	1578	16.7560
ERR13927504.17176	1581	17.0715
ERR13927504.17177	1568	16.9177
ERR13927504.17178	1531	14.8387
ERR13927504.17179	1517	17.3612
ERR13927504.17180	1584	16.2128
ERR13927504.17181	1556	15.0617
ERR13927504.17182	1569	16.9688
ERR13927504.17183	1594	15.9680
ERR13927504.17184	1573	15.8989
ERR13927504.17185	1555	16.2765
ERR13927504.17186	252	16.1230
ERR13927504.17187	1262	17.3994
ERR13927504.17188	1550	16.7626
ERR13927504.17189	1571	20.0108
ERR13927504.17190	1551	18.0052
ERR13927504.17191	1552	17.8119
ERR13927504.17192	1532	15.4132
ERR13927504.17193	1590	20.3591
ERR13927504.17194	1316	15.6725
ERR13927504.17195	1553	17.5151
ERR13927504.17196	1605	18.1832
ERR13927504.17197	1591	20.1879
ERR13927504.17198	1554	16.7954
ERR13927504.17199	1603	19.3119
ERR13927504.17200	1516	15.0798
ERR13927504.17201	1521	18.6292
ERR13927504.17202	1545	15.6058
ERR13927504.17203	1560	14.9526
ERR13927504.17204	254	16.6969
ERR13927504.17205	1590	17.6975
ERR13927504.17206	1588	17.4030
ERR13927504.17207	1465	18.7666
ERR13927504.17208	1599	14.9669
ERR13927504.17209	1691	17.5630
ERR13927504.17210	1550	16.2748
ERR13927504.17211	1585	17.7262
ERR13927504.17212	1578	17.4214
ERR13927504.17213	1514	15.3897
ERR13927504.17214	1542	16.8444
ERR13927504.17215	1565	17.0026
ERR13927504.17216	1531	14.9641
ERR13927504.17217	1564	17.8421
ERR13927504.17218	1568	20.1065
ERR13927504.17219	1533	17.4788
ERR13927504.17220	1608	20.7711
ERR13927504.17221	1565	17.9898
ERR13927504.17222	1579	17.8284
ERR13927504.17223	1594	17.1650
ERR13927504.17224	1593	18.8644
ERR13927504.17225	1596	17.7212
ERR13927504.17226	1550	19.0097
ERR13927504.17227	1600	15.6175
ERR13927504.17228	1566	19.5396
ERR13927504.17229	1449	14.5707
ERR13927504.17230	1586	15.9155
ERR13927504.17231	1564	16.0627
ERR13927504.17232	1557	19.3648
ERR13927504.17233	1604	21.9738
ERR13927504.17234	1541	16.6710
ERR13927504.17235	1594	18.1625
ERR13927504.17236	1551	15.5184
ERR13927504.17237	1452	16.1715
ERR13927504.17238	1073	16.3402
ERR13927504.17239	1556	14.7680
ERR13927504.17240	1495	16.4916
ERR13927504.17241	1557	15.4733
ERR13927504.17242	1528	19.3789
ERR13927504.17243	1565	18.8332
ERR13927504.17244	1575	15.4057
ERR13927504.17245	1548	17.8463
ERR13927504.17246	1589	16.7225
ERR13927504.17247	1532	17.5183
ERR13927504.17248	1548	19.1602
ERR13927504.17249	451	15.9667
ERR13927504.17250	618	18.6877
ERR13927504.17251	1608	16.3047
ERR13927504.17252	1464	20.3518
ERR13927504.17253	1600	16.9069
ERR13927504.17254	1590	19.7547
ERR13927504.17255	1489	18.5903
ERR13927504.17256	1586	16.1034
ERR13927504.17257	1560	17.2590
ERR13927504.17258	1134	17.4224
ERR13927504.17259	1520	14.7020
ERR13927504.17260	1606	15.0168
ERR13927504.17261	1569	17.8062
ERR13927504.17262	1565	17.2473
ERR13927504.17263	1601	17.3766
ERR13927504.17264	1590	16.1465
ERR13927504.17265	1588	21.0542
ERR13927504.17266	1542	18.7840
ERR13927504.17267	1522	18.8581
ERR13927504.17268	1565	17.4153
ERR13927504.17269	1563	18.1120
ERR13927504.17270	1577	19.3171
ERR13927504.17271	1549	17.6120
ERR13927504.17272	1553	14.1062
ERR13927504.17273	1558	17.3973
ERR13927504.17274	1608	18.5597
ERR13927504.17275	1501	15.8827
ERR13927504.17276	1599	20.5053
ERR13927504.17277	1582	15.8413
ERR13927504.17278	1572	20.8626
ERR13927504.17279	1574	18.3952
ERR13927504.17280	1576	15.8096
ERR13927504.17281	1550	13.9606
ERR13927504.17282	1557	14.6712
ERR13927504.17283	1607	18.8724
ERR13927504.17284	1561	18.0077
ERR13927504.17285	1553	20.8590
ERR13927504.17286	1575	16.0844
ERR13927504.17287	1557	18.9017
ERR13927504.17288	1611	18.7244
ERR13927504.17289	1552	16.6115
ERR13927504.17290	1538	15.3349
ERR13927504.17291	1543	17.3163
ERR13927504.17292	1590	17.1094
ERR13927504.17293	1582	16.5107
ERR13927504.17294	1600	17.6369
ERR13927504.17295	1592	18.7676
ERR13927504.17296	1588	16.8042
ERR13927504.17297	1528	16.6649
ERR13927504.17298	1561	19.0333
ERR13927504.17299	1554	20.4852
ERR13927504.17300	1633	17.6393
ERR13927504.17301	1574	17.3475
ERR13927504.17302	1586	17.7774
ERR13927504.17303	1621	17.8661
ERR13927504.17304	1569	21.1198
ERR13927504.17305	1573	14.7730
ERR13927504.17306	1588	19.2689
ERR13927504.17307	1585	15.4549
ERR13927504.17308	1585	16.5722
ERR13927504.17309	1378	15.7148
ERR13927504.17310	1560	16.1526
ERR13927504.17311	1553	17.5750
ERR13927504.17312	1557	18.4778
ERR13927504.17313	1274	17.5699
ERR13927504.17314	1565	15.5508
ERR13927504.17315	1565	17.6447
ERR13927504.17316	1052	16.4106
ERR13927504.17317	1552	15.3247
ERR13927504.17318	1572	17.4377
ERR13927504.17319	1590	15.2038
ERR13927504.17320	1613	18.3422
ERR13927504.17321	1562	17.5365
ERR13927504.17322	1532	16.6390
ERR13927504.17323	1569	15.2670
ERR13927504.17324	1589	18.7395
ERR13927504.17325	1592	20.4127
ERR13927504.17326	1592	18.7349
ERR13927504.17327	1575	16.5619
ERR13927504.17328	1549	17.2234
ERR13927504.17329	1578	19.1939
ERR13927504.17330	1592	17.7230
ERR13927504.17331	1558	16.0475
ERR13927504.17332	1564	19.2788
ERR13927504.17333	1586	20.9086
ERR13927504.17334	1590	16.7522
ERR13927504.17335	1545	15.2013
ERR13927504.17336	1539	16.7953
ERR13927504.17337	1558	14.9692
ERR13927504.17338	1552	18.6289
ERR13927504.17339	1540	17.8110
ERR13927504.17340	1584	17.3062
ERR13927504.17341	1570	17.5892
ERR13927504.17342	1532	14.7252
ERR13927504.17343	1555	18.7601
ERR13927504.17344	255	16.3843
ERR13927504.17345	1542	19.0000
ERR13927504.17346	1535	16.0515
ERR13927504.17347	1564	16.3881
ERR13927504.17348	1552	16.1192
ERR13927504.17349	1569	15.7960
ERR13927504.17350	1586	16.3890
ERR13927504.17351	1168	18.1918
ERR13927504.17352	987	20.4124
ERR13927504.17353	1569	15.6762
ERR13927504.17354	1542	19.2477
ERR13927504.17355	1537	16.8211
ERR13927504.17356	1297	15.2375
ERR13927504.17357	1570	16.1968
ERR13927504.17358	1567	18.5310
ERR13927504.17359	1578	20.5589
ERR13927504.17360	1548	14.8992
ERR13927504.17361	1519	16.0454
ERR13927504.17362	1605	16.3969
ERR13927504.17363	1541	14.7657
ERR13927504.17364	1554	17.3649
ERR13927504.17365	1536	16.8027
ERR13927504.17366	1565	14.0665
ERR13927504.17367	1564	17.2781
ERR13927504.17368	1568	18.9203
ERR13927504.17369	1522	13.8509
ERR13927504.17370	1600	16.6975
ERR13927504.17371	1580	19.3835
ERR13927504.17372	1566	20.6616
ERR13927504.17373	2933	17.4190
ERR13927504.17374	273	17.2491
ERR13927504.17375	1565	18.0581
ERR13927504.17376	1592	16.5264
ERR13927504.17377	1565	17.4351
ERR13927504.17378	1565	15.7348
ERR13927504.17379	1546	16.9010
ERR13927504.17380	1596	18.4987
ERR13927504.17381	1569	15.3327
ERR13927504.17382	1575	16.6590
ERR13927504.17383	1529	14.3002
ERR13927504.17384	1014	17.2229
ERR13927504.17385	1547	17.4751
ERR13927504.17386	1567	18.0957
ERR13927504.17387	1613	18.0161
ERR13927504.17388	1600	15.1556
ERR13927504.17389	1523	14.0414
ERR13927504.17390	1580	19.0696
ERR13927504.17391	1591	19.1006
ERR13927504.17392	1569	15.8043
ERR13927504.17393	1502	14.3242
ERR13927504.17394	1458	15.1269
ERR13927504.17395	1551	17.0464
ERR13927504.17396	1519	17.9605
ERR13927504.17397	1590	20.0786
ERR13927504.17398	1535	17.8456
ERR13927504.17399	1580	15.6835
ERR13927504.17400	1598	19.5088
ERR13927504.17401	1562	18.0070
ERR13927504.17402	1557	17.4406
ERR13927504.17403	1577	19.4490
ERR13927504.17404	1554	15.3977
ERR13927504.17405	1579	17.8657
ERR13927504.17406	1568	18.1244
ERR13927504.17407	1571	17.7689
ERR13927504.17408	1573	17.1615
ERR13927504.17409	1567	17.6420
ERR13927504.17410	1589	15.0434
ERR13927504.17411	1541	17.7041
ERR13927504.17412	1429	17.8111
ERR13927504.17413	1538	15.4291
ERR13927504.17414	1609	18.4226
ERR13927504.17415	1583	15.8895
ERR13927504.17416	1551	19.1702
ERR13927504.17417	1574	17.1480
ERR13927504.17418	1567	14.8175
ERR13927504.17419	1569	17.2760
ERR13927504.17420	1581	19.7255
ERR13927504.17421	1570	15.0236
ERR13927504.17422	1363	13.7439
ERR13927504.17423	1592	19.3580
ERR13927504.17424	1561	16.0679
ERR13927504.17425	1381	16.9175
ERR13927504.17426	1596	14.3127
ERR13927504.17427	463	15.1382
ERR13927504.17428	1600	20.5556
ERR13927504.17429	1523	14.7827
ERR13927504.17430	1548	16.4793
ERR13927504.17431	1585	17.0208
ERR13927504.17432	1533	17.8702
ERR13927504.17433	1586	18.1223
ERR13927504.17434	1592	18.8706
ERR13927504.17435	1576	17.5171
ERR13927504.17436	1568	14.8954
ERR13927504.17437	1571	18.9599
ERR13927504.17438	1549	13.9419
ERR13927504.17439	1591	16.9981
ERR13927504.17440	1593	18.5003
ERR13927504.17441	1565	16.0492
ERR13927504.17442	1573	16.2702
ERR13927504.17443	1586	17.5385
ERR13927504.17444	1524	17.8419
ERR13927504.17445	1587	18.5892
ERR13927504.17446	1567	17.3140
ERR13927504.17447	1585	15.4984
ERR13927504.17448	1582	16.5221
ERR13927504.17449	1293	16.9737
ERR13927504.17450	1565	18.8594
ERR13927504.17451	1558	13.9268
ERR13927504.17452	1577	17.7375
ERR13927504.17453	571	16.8792
ERR13927504.17454	1582	17.2882
ERR13927504.17455	683	19.9341
ERR13927504.17456	1580	16.1646
ERR13927504.17457	1573	17.3497
ERR13927504.17458	1593	17.4520
ERR13927504.17459	1552	15.2410
ERR13927504.17460	1541	16.9909
ERR13927504.17461	1573	18.1742
ERR13927504.17462	1559	16.4843
ERR13927504.17463	1571	18.7027
ERR13927504.17464	1577	16.6322
ERR13927504.17465	1528	16.9359
ERR13927504.17466	539	19.7570
ERR13927504.17467	1582	20.4128
ERR13927504.17468	1543	16.8276
ERR13927504.17469	1587	16.7832
ERR13927504.17470	1592	18.2764
ERR13927504.17471	1584	19.0486
ERR13927504.17472	1606	19.2920
ERR13927504.17473	1532	14.4621
ERR13927504.17474	1569	15.7839
ERR13927504.17475	1525	16.1128
ERR13927504.17476	1613	19.4241
ERR13927504.17477	1565	17.7904
ERR13927504.17478	1553	15.5145
ERR13927504.17479	1560	19.5417
ERR13927504.17480	1579	19.0488
ERR13927504.17481	1531	15.9040
ERR13927504.17482	1555	19.9904
ERR13927504.17483	1540	15.6513
ERR13927504.17484	1538	17.3251
ERR13927504.17485	1595	18.4777
ERR13927504.17486	630	15.0857
ERR13927504.17487	1589	16.5890
ERR13927504.17488	1577	17.4591
ERR13927504.17489	1633	15.5224
ERR13927504.17490	1486	14.9031
ERR13927504.17491	1577	16.2708
ERR13927504.17492	1593	17.4495
ERR13927504.17493	1561	17.9635
ERR13927504.17494	1573	15.4348
ERR13927504.17495	1569	16.1440
ERR13927504.17496	1553	18.7096
ERR13927504.17497	1571	19.7104
ERR13927504.17498	1526	15.2910
ERR13927504.17499	436	12.8716
ERR13927504.17500	1581	17.8147
ERR13927504.17501	1591	17.7146
ERR13927504.17502	1576	20.1986
ERR13927504.17503	1575	15.4997
ERR13927504.17504	1561	20.3209
ERR13927504.17505	1565	17.2198
ERR13927504.17506	908	18.3601
ERR13927504.17507	1533	18.3255
ERR13927504.17508	1598	17.3692
ERR13927504.17509	1528	14.7323
ERR13927504.17510	1551	16.8066
ERR13927504.17511	1575	15.3225
ERR13927504.17512	779	15.6110
ERR13927504.17513	1573	15.8531
ERR13927504.17514	1565	19.5700
ERR13927504.17515	1568	17.3884
ERR13927504.17516	1607	17.6596
ERR13927504.17517	1635	20.2318
ERR13927504.17518	1572	18.5121
ERR13927504.17519	1312	16.1753
ERR13927504.17520	1575	18.6121
ERR13927504.17521	1589	18.7722
ERR13927504.17522	1580	15.7323
ERR13927504.17523	1548	18.1473
ERR13927504.17524	1605	16.3601
ERR13927504.17525	1602	18.4232
ERR13927504.17526	1551	15.5506
ERR13927504.17527	1553	16.4900
ERR13927504.17528	1548	16.4354
ERR13927504.17529	1551	18.1373
ERR13927504.17530	1546	16.0013
ERR13927504.17531	237	20.0295
ERR13927504.17532	1566	17.3174
ERR13927504.17533	1618	20.1199
ERR13927504.17534	1566	14.6871
ERR13927504.17535	1007	20.5313
ERR13927504.17536	1592	17.2117
ERR13927504.17537	1546	15.9825
ERR13927504.17538	1590	16.8660
ERR13927504.17539	1505	19.3721
ERR13927504.17540	1562	18.9577
ERR13927504.17541	1584	18.7532
ERR13927504.17542	1560	16.9282
ERR13927504.17543	1544	17.8685
ERR13927504.17544	1542	21.1744
ERR13927504.17545	1527	16.9555
ERR13927504.17546	1595	16.9517
ERR13927504.17547	842	16.2601
ERR13927504.17548	1533	17.2133
ERR13927504.17549	1561	17.6566
ERR13927504.17550	1534	15.0241
ERR13927504.17551	1534	16.1317
ERR13927504.17552	1577	17.3798
ERR13927504.17553	1559	17.9333
ERR13927504.17554	1546	20.3001
ERR13927504.17555	1527	18.7341
ERR13927504.17556	1536	19.3314
ERR13927504.17557	1577	16.7337
ERR13927504.17558	1583	16.0992
ERR13927504.17559	1554	15.3694
ERR13927504.17560	1578	16.1521
ERR13927504.17561	1577	15.9829
ERR13927504.17562	1580	17.4639
ERR13927504.17563	1588	16.6259
ERR13927504.17564	1529	19.1367
ERR13927504.17565	1552	17.7455
ERR13927504.17566	1588	17.6593
ERR13927504.17567	1559	14.3117
ERR13927504.17568	1576	19.7925
ERR13927504.17569	1545	17.6032
ERR13927504.17570	1549	15.4177
ERR13927504.17571	1537	16.2681
ERR13927504.17572	1599	17.1751
ERR13927504.17573	1549	17.3150
ERR13927504.17574	1668	17.5336
ERR13927504.17575	1553	16.0940
ERR13927504.17576	1565	20.1457
ERR13927504.17577	1574	17.5826
ERR13927504.17578	1535	16.9192
ERR13927504.17579	1629	18.1222
ERR13927504.17580	1557	16.3288
ERR13927504.17581	1613	14.2269
ERR13927504.17582	1530	14.8105
ERR13927504.17583	1559	16.9166
ERR13927504.17584	1541	15.0934
ERR13927504.17585	1195	17.2979
ERR13927504.17586	1557	17.0732
ERR13927504.17587	1566	19.4425
ERR13927504.17588	1524	18.5394
ERR13927504.17589	1545	19.0725
ERR13927504.17590	1547	18.6509
ERR13927504.17591	1594	18.3419
ERR13927504.17592	1567	15.1966
ERR13927504.17593	1588	18.9395
ERR13927504.17594	1556	18.7455
ERR13927504.17595	1564	16.4987
ERR13927504.17596	1565	18.3885
ERR13927504.17597	1565	16.5080
ERR13927504.17598	1579	15.7593
ERR13927504.17599	1580	17.0247
ERR13927504.17600	1542	15.7931
ERR13927504.17601	1590	18.7660
ERR13927504.17602	1590	18.1226
ERR13927504.17603	1600	18.0406
ERR13927504.17604	1550	13.8916
ERR13927504.17605	1544	14.2973
ERR13927504.17606	1591	19.3363
ERR13927504.17607	1595	20.3824
ERR13927504.17608	1563	16.7921
ERR13927504.17609	1534	15.8937
ERR13927504.17610	1576	16.5666
ERR13927504.17611	1579	15.6244
ERR13927504.17612	1557	15.1818
ERR13927504.17613	1572	17.1380
ERR13927504.17614	1571	19.6461
ERR13927504.17615	1527	16.9496
ERR13927504.17616	1564	17.3018
ERR13927504.17617	1582	15.7320
ERR13927504.17618	1544	14.3815
ERR13927504.17619	1596	18.6335
ERR13927504.17620	1520	15.0750
ERR13927504.17621	1585	15.1003
ERR13927504.17622	1583	19.4706
ERR13927504.17623	1571	16.1432
ERR13927504.17624	1559	17.4253
ERR13927504.17625	1582	16.5417
ERR13927504.17626	1581	21.0980
ERR13927504.17627	1570	16.5331
ERR13927504.17628	1572	16.6628
ERR13927504.17629	1545	17.0718
ERR13927504.17630	1558	17.8383
ERR13927504.17631	1575	19.1086
ERR13927504.17632	1572	15.5083
ERR13927504.17633	1397	18.6156
ERR13927504.17634	1537	21.2134
ERR13927504.17635	1210	18.1818
ERR13927504.17636	1540	17.3890
ERR13927504.17637	1560	15.9154
ERR13927504.17638	1562	17.3982
ERR13927504.17639	1470	18.3272
ERR13927504.17640	1573	16.9530
ERR13927504.17641	1578	21.5184
ERR13927504.17642	1517	16.7119
ERR13927504.17643	1539	20.0650
ERR13927504.17644	1570	16.1847
ERR13927504.17645	1555	18.6206
ERR13927504.17646	1515	15.2059
ERR13927504.17647	1571	16.2190
ERR13927504.17648	1499	15.2829
ERR13927504.17649	737	17.9769
ERR13927504.17650	1561	16.3613
ERR13927504.17651	1552	15.4568
ERR13927504.17652	1555	18.1891
ERR13927504.17653	1599	17.5528
ERR13927504.17654	1541	17.9961
ERR13927504.17655	1551	15.0909
ERR13927504.17656	1574	19.3761
ERR13927504.17657	1575	16.1524
ERR13927504.17658	1586	18.2396
ERR13927504.17659	1550	19.6923
ERR13927504.17660	1569	17.5908
ERR13927504.17661	1562	18.7855
ERR13927504.17662	1565	17.3968
ERR13927504.17663	1567	16.5329
ERR13927504.17664	1546	16.4405
ERR13927504.17665	1578	19.5754
ERR13927504.17666	1545	15.0440
ERR13927504.17667	1588	16.8470
ERR13927504.17668	1561	19.0570
ERR13927504.17669	1589	19.4814
ERR13927504.17670	1575	17.0908
ERR13927504.17671	1542	19.4183
ERR13927504.17672	1588	19.4572
ERR13927504.17673	1549	17.4622
ERR13927504.17674	1583	19.9413
ERR13927504.17675	1570	16.0210
ERR13927504.17676	1539	16.9116
ERR13927504.17677	1548	15.9968
ERR13927504.17678	1558	16.4852
ERR13927504.17679	1588	18.6845
ERR13927504.17680	1596	18.2281
ERR13927504.17681	1291	15.9791
ERR13927504.17682	1623	19.1115
ERR13927504.17683	1522	15.9612
ERR13927504.17684	1604	17.6440
ERR13927504.17685	1664	17.2133
ERR13927504.17686	1571	17.2368
ERR13927504.17687	1588	14.2890
ERR13927504.17688	1527	14.5383
ERR13927504.17689	1561	17.9372
ERR13927504.17690	1606	17.3275
ERR13927504.17691	1539	19.4763
ERR13927504.17692	1590	16.7472
ERR13927504.17693	1541	17.6035
ERR13927504.17694	1150	16.4635
ERR13927504.17695	1541	16.7249
ERR13927504.17696	3130	16.4157
ERR13927504.17697	1585	17.5256
ERR13927504.17698	1558	20.6534
ERR13927504.17699	1557	15.2569
ERR13927504.17700	1576	18.7259
ERR13927504.17701	1520	14.1888
ERR13927504.17702	1504	16.4721
ERR13927504.17703	1546	15.4263
ERR13927504.17704	1575	17.2495
ERR13927504.17705	1582	16.7857
ERR13927504.17706	1572	20.0204
ERR13927504.17707	1591	15.6549
ERR13927504.17708	1539	18.0357
ERR13927504.17709	1560	16.2256
ERR13927504.17710	1589	19.4430
ERR13927504.17711	1588	17.4717
ERR13927504.17712	1554	17.0122
ERR13927504.17713	1569	21.0529
ERR13927504.17714	1550	16.8006
ERR13927504.17715	1600	21.3656
ERR13927504.17716	1567	15.1468
ERR13927504.17717	1548	18.5795
ERR13927504.17718	1532	17.1913
ERR13927504.17719	1590	19.0686
ERR13927504.17720	1594	18.3965
ERR13927504.17721	1566	16.2011
ERR13927504.17722	1554	17.1165
ERR13927504.17723	1585	18.0397
ERR13927504.17724	1543	15.7058
ERR13927504.17725	1578	16.3619
ERR13927504.17726	1562	15.7061
ERR13927504.17727	1554	18.5019
ERR13927504.17728	1577	16.3133
ERR13927504.17729	1570	16.2841
ERR13927504.17730	1549	15.9535
ERR13927504.17731	1527	17.1297
ERR13927504.17732	1540	20.0695
ERR13927504.17733	1531	15.0745
ERR13927504.17734	1562	18.4417
ERR13927504.17735	1572	17.3938
ERR13927504.17736	1576	16.0882
ERR13927504.17737	1588	20.1108
ERR13927504.17738	1550	15.6219
ERR13927504.17739	1573	17.9294
ERR13927504.17740	1561	21.0967
ERR13927504.17741	1501	14.9734
ERR13927504.17742	1593	17.8462
ERR13927504.17743	1586	17.7478
ERR13927504.17744	1560	18.9519
ERR13927504.17745	1600	18.5094
ERR13927504.17746	952	15.2899
ERR13927504.17747	1568	17.8450
ERR13927504.17748	376	16.1330
ERR13927504.17749	941	16.2380
ERR13927504.17750	1599	15.0694
ERR13927504.17751	1544	18.3089
ERR13927504.17752	1565	18.6339
ERR13927504.17753	1519	14.6537
ERR13927504.17754	1556	16.2307
ERR13927504.17755	1552	21.1321
ERR13927504.17756	1564	20.9105
ERR13927504.17757	1055	15.6009
ERR13927504.17758	1559	14.5568
ERR13927504.17759	1599	19.0025
ERR13927504.17760	1589	18.7426
ERR13927504.17761	1559	19.9827
ERR13927504.17762	1548	17.6492
ERR13927504.17763	1578	18.7370
ERR13927504.17764	1543	15.6643
ERR13927504.17765	1556	20.1954
ERR13927504.17766	1586	14.5990
ERR13927504.17767	1405	18.7509
ERR13927504.17768	1562	17.1024
ERR13927504.17769	1577	19.2904
ERR13927504.17770	1510	17.8404
ERR13927504.17771	1562	15.7254
ERR13927504.17772	1576	16.3642
ERR13927504.17773	1580	17.4715
ERR13927504.17774	1576	16.0717
ERR13927504.17775	1553	16.7862
ERR13927504.17776	1591	15.8272
ERR13927504.17777	1400	18.4550
ERR13927504.17778	1566	16.7184
ERR13927504.17779	1573	16.9892
ERR13927504.17780	1548	17.2177
ERR13927504.17781	596	15.3272
ERR13927504.17782	1573	19.1869
ERR13927504.17783	1562	16.1869
ERR13927504.17784	1586	18.8272
ERR13927504.17785	1564	20.1451
ERR13927504.17786	1545	16.4939
ERR13927504.17787	1551	17.0348
ERR13927504.17788	1557	15.9994
ERR13927504.17789	1558	17.8973
ERR13927504.17790	1555	15.9891
ERR13927504.17791	1545	15.4175
ERR13927504.17792	1569	18.2709
ERR13927504.17793	1560	19.0853
ERR13927504.17794	1588	17.7406
ERR13927504.17795	1568	19.5880
ERR13927504.17796	1509	15.2558
ERR13927504.17797	1543	17.1996
ERR13927504.17798	1448	15.3363
ERR13927504.17799	1582	15.8906
ERR13927504.17800	1593	16.5016
ERR13927504.17801	1586	18.4117
ERR13927504.17802	1534	15.9270
ERR13927504.17803	1589	19.0963
ERR13927504.17804	1537	14.1620
ERR13927504.17805	1529	21.1635
ERR13927504.17806	1568	19.0797
ERR13927504.17807	1618	20.1514
ERR13927504.17808	1594	15.8683
ERR13927504.17809	1547	15.8578
ERR13927504.17810	1545	16.2252
ERR13927504.17811	1554	16.8848
ERR13927504.17812	1573	17.3369
ERR13927504.17813	1571	18.1840
ERR13927504.17814	1559	15.2720
ERR13927504.17815	1584	17.6654
ERR13927504.17816	1561	16.0961
ERR13927504.17817	1573	18.4418
ERR13927504.17818	1550	16.4465
ERR13927504.17819	1552	16.5380
ERR13927504.17820	1079	16.8082
ERR13927504.17821	1557	14.3616
ERR13927504.17822	1596	16.2907
ERR13927504.17823	199	16.6533
ERR13927504.17824	1569	18.1447
ERR13927504.17825	1566	16.5255
ERR13927504.17826	1578	17.9639
ERR13927504.17827	1563	16.8375
ERR13927504.17828	1528	18.5445
ERR13927504.17829	1538	14.6196
ERR13927504.17830	1569	16.6871
ERR13927504.17831	1599	18.3665
ERR13927504.17832	1565	17.8754
ERR13927504.17833	1574	17.9778
ERR13927504.17834	1534	17.0645
ERR13927504.17835	1708	20.2922
ERR13927504.17836	1590	18.0390
ERR13927504.17837	1580	15.1165
ERR13927504.17838	1557	17.8606
ERR13927504.17839	1577	17.3557
ERR13927504.17840	1567	18.2304
ERR13927504.17841	1574	18.4822
ERR13927504.17842	1583	18.8225
ERR13927504.17843	1529	15.2296
ERR13927504.17844	1532	17.9993
ERR13927504.17845	1563	14.9546
ERR13927504.17846	1605	17.0131
ERR13927504.17847	1561	18.1031
ERR13927504.17848	1139	17.3020
ERR13927504.17849	1587	15.0920
ERR13927504.17850	1556	17.9222
ERR13927504.17851	1577	15.4667
ERR13927504.17852	1588	20.5592
ERR13927504.17853	1538	16.0072
ERR13927504.17854	1564	21.1240
ERR13927504.17855	1574	17.1118
ERR13927504.17856	1556	15.6530
ERR13927504.17857	1611	16.7529
ERR13927504.17858	1562	18.8348
ERR13927504.17859	1587	17.6522
ERR13927504.17860	1583	17.4542
ERR13927504.17861	1561	18.2665
ERR13927504.17862	1582	18.0114
ERR13927504.17863	1569	17.8770
ERR13927504.17864	1579	16.0070
ERR13927504.17865	1583	15.1984
ERR13927504.17866	1594	14.3432
ERR13927504.17867	1495	20.8488
ERR13927504.17868	1429	16.7369
ERR13927504.17869	1570	17.6210
ERR13927504.17870	1163	20.5847
ERR13927504.17871	1593	17.9969
ERR13927504.17872	1564	18.7244
ERR13927504.17873	1561	18.2498
ERR13927504.17874	1589	17.6658
ERR13927504.17875	1573	21.6135
ERR13927504.17876	1573	15.9917
ERR13927504.17877	1526	15.4332
ERR13927504.17878	1567	15.2821
ERR13927504.17879	1572	19.8836
ERR13927504.17880	1390	17.1173
ERR13927504.17881	1550	15.6310
ERR13927504.17882	1518	15.7266
ERR13927504.17883	1542	17.6744
ERR13927504.17884	1543	14.3791
ERR13927504.17885	1558	18.1624
ERR13927504.17886	1593	19.5417
ERR13927504.17887	1535	18.6684
ERR13927504.17888	1546	18.3596
ERR13927504.17889	1608	18.0354
ERR13927504.17890	1610	19.1429
ERR13927504.17891	1556	15.9229
ERR13927504.17892	1576	16.1523
ERR13927504.17893	1552	15.7468
ERR13927504.17894	1546	15.1695
ERR13927504.17895	1639	15.9030
ERR13927504.17896	1527	15.9267
ERR13927504.17897	658	17.2857
ERR13927504.17898	1591	19.3363
ERR13927504.17899	1536	18.2148
ERR13927504.17900	1590	18.8572
ERR13927504.17901	1543	17.9145
ERR13927504.17902	870	16.9517
ERR13927504.17903	1559	18.5792
ERR13927504.17904	1572	18.0140
ERR13927504.17905	1602	16.5137
ERR13927504.17906	1593	17.4470
ERR13927504.17907	1566	18.8359
ERR13927504.17908	1049	15.7274
ERR13927504.17909	1568	18.7219
ERR13927504.17910	1391	18.7692
ERR13927504.17911	1583	17.8553
ERR13927504.17912	1593	17.2988
ERR13927504.17913	1589	15.2813
ERR13927504.17914	1551	18.0986
ERR13927504.17915	1551	21.1044
ERR13927504.17916	1545	17.7204
ERR13927504.17917	1607	18.6142
ERR13927504.17918	1562	15.6300
ERR13927504.17919	1600	18.2512
ERR13927504.17920	1558	17.2035
ERR13927504.17921	195	14.8872
ERR13927504.17922	1478	17.5751
ERR13927504.17923	1503	15.6760
ERR13927504.17924	1606	17.8848
ERR13927504.17925	1580	17.5576
ERR13927504.17926	1557	17.2441
ERR13927504.17927	1597	14.9236
ERR13927504.17928	1576	18.6345
ERR13927504.17929	1536	17.2181
ERR13927504.17930	1590	17.1157
ERR13927504.17931	1564	16.4757
ERR13927504.17932	1570	18.2516
ERR13927504.17933	894	16.9754
ERR13927504.17934	1548	17.0724
ERR13927504.17935	1669	17.9569
ERR13927504.17936	1526	15.8539
ERR13927504.17937	1507	14.3451
ERR13927504.17938	1523	17.5148
ERR13927504.17939	544	16.6103
ERR13927504.17940	1552	18.3711
ERR13927504.17941	1004	13.4124
ERR13927504.17942	1556	18.1761
ERR13927504.17943	1570	21.7134
ERR13927504.17944	811	16.4131
ERR13927504.17945	1338	18.3490
ERR13927504.17946	1573	17.7355
ERR13927504.17947	1598	16.0113
ERR13927504.17948	1567	16.9821
ERR13927504.17949	1585	17.8984
ERR13927504.17950	1592	15.5873
ERR13927504.17951	1582	16.4861
ERR13927504.17952	1072	14.5112
ERR13927504.17953	1552	17.0799
ERR13927504.17954	1547	16.4027
ERR13927504.17955	651	18.4839
ERR13927504.17956	1585	17.5539
ERR13927504.17957	1586	18.9288
ERR13927504.17958	1548	17.0375
ERR13927504.17959	1589	19.9194
ERR13927504.17960	1549	20.4493
ERR13927504.17961	1336	14.6130
ERR13927504.17962	1512	15.7308
ERR13927504.17963	1567	15.6222
ERR13927504.17964	1545	16.2828
ERR13927504.17965	1585	14.7823
ERR13927504.17966	1549	16.4364
ERR13927504.17967	1568	15.4088
ERR13927504.17968	1584	16.9268
ERR13927504.17969	692	22.5636
ERR13927504.17970	1556	16.6877
ERR13927504.17971	1540	16.3500
ERR13927504.17972	1571	16.8326
ERR13927504.17973	1613	15.8896
ERR13927504.17974	1443	15.1816
ERR13927504.17975	1556	17.8728
ERR13927504.17976	1527	13.7191
ERR13927504.17977	1560	18.2263
ERR13927504.17978	1537	17.1399
ERR13927504.17979	1556	15.1697
ERR13927504.17980	1562	16.6479
ERR13927504.17981	1532	16.7095
ERR13927504.17982	1439	18.6199
ERR13927504.17983	1551	19.4397
ERR13927504.17984	1541	17.2700
ERR13927504.17985	1560	17.2763
ERR13927504.17986	1554	15.5637
ERR13927504.17987	1557	14.9929
ERR13927504.17988	1572	18.6094
ERR13927504.17989	1552	16.7216
ERR13927504.17990	1567	19.0000
ERR13927504.17991	1573	18.6917
ERR13927504.17992	1586	19.8335
ERR13927504.17993	1593	18.8023
ERR13927504.17994	1546	17.2646
ERR13927504.17995	1562	16.6268
ERR13927504.17996	1560	15.0776
ERR13927504.17997	1510	16.6967
ERR13927504.17998	1651	19.4058
ERR13927504.17999	1546	21.1145
ERR13927504.18000	1583	18.4908
ERR13927504.18001	1580	18.3506
ERR13927504.18002	1557	18.1882
ERR13927504.18003	1576	19.9588
ERR13927504.18004	1577	17.5479
ERR13927504.18005	1588	15.7796
ERR13927504.18006	1571	17.2393
ERR13927504.18007	1582	14.5986
ERR13927504.18008	1537	15.3403
ERR13927504.18009	1444	16.3137
ERR13927504.18010	1587	15.0403
ERR13927504.18011	1550	17.2123
ERR13927504.18012	1458	15.2682
ERR13927504.18013	1586	19.4313
ERR13927504.18014	1538	17.1756
ERR13927504.18015	1560	17.2103
ERR13927504.18016	1568	18.7474
ERR13927504.18017	1567	18.3548
ERR13927504.18018	1557	21.7463
ERR13927504.18019	1570	15.9586
ERR13927504.18020	1574	15.9072
ERR13927504.18021	1547	20.5048
ERR13927504.18022	1561	17.3363
ERR13927504.18023	1592	17.3172
ERR13927504.18024	1585	17.2379
ERR13927504.18025	1468	14.6465
ERR13927504.18026	1590	18.0226
ERR13927504.18027	1569	17.0644
ERR13927504.18028	1540	14.7656
ERR13927504.18029	1582	19.3186
ERR13927504.18030	1582	18.9216
ERR13927504.18031	1556	15.3098
ERR13927504.18032	1567	17.3969
ERR13927504.18033	1503	17.1031
ERR13927504.18034	1533	15.2557
ERR13927504.18035	1572	17.6209
ERR13927504.18036	1520	15.8783
ERR13927504.18037	1554	17.9839
ERR13927504.18038	1350	15.3111
ERR13927504.18039	1580	18.6101
ERR13927504.18040	1594	20.9730
ERR13927504.18041	1544	16.5408
ERR13927504.18042	1025	14.4702
ERR13927504.18043	1582	18.1884
ERR13927504.18044	1598	18.9756
ERR13927504.18045	1557	21.5697
ERR13927504.18046	1525	15.8780
ERR13927504.18047	1568	17.6250
ERR13927504.18048	1574	15.3297
ERR13927504.18049	1575	17.4273
ERR13927504.18050	705	14.3915
ERR13927504.18051	1605	17.1283
ERR13927504.18052	1574	17.9377
ERR13927504.18053	1530	15.8935
ERR13927504.18054	1566	17.7375
ERR13927504.18055	1575	17.6622
ERR13927504.18056	1564	16.3114
ERR13927504.18057	1545	17.0453
ERR13927504.18058	1157	21.4607
ERR13927504.18059	1542	20.6440
ERR13927504.18060	1536	18.1406
ERR13927504.18061	1579	17.4224
ERR13927504.18062	1577	16.7413
ERR13927504.18063	1598	18.4937
ERR13927504.18064	1586	16.7421
ERR13927504.18065	1482	14.6754
ERR13927504.18066	1597	15.7740
ERR13927504.18067	1466	18.7613
ERR13927504.18068	1608	17.6716
ERR13927504.18069	1474	19.6411
ERR13927504.18070	1522	16.1137
ERR13927504.18071	1581	15.6426
ERR13927504.18072	228	14.4254
ERR13927504.18073	1639	16.8999
ERR13927504.18074	1552	16.1282
ERR13927504.18075	1565	19.6728
ERR13927504.18076	1600	20.2838
ERR13927504.18077	1558	17.4480
ERR13927504.18078	1582	14.9020
ERR13927504.18079	1586	15.8380
ERR13927504.18080	1642	15.8825
ERR13927504.18081	1573	15.7101
ERR13927504.18082	1578	16.8954
ERR13927504.18083	1561	14.5836
ERR13927504.18084	1577	20.8326
ERR13927504.18085	1599	18.9387
ERR13927504.18086	1563	16.7582
ERR13927504.18087	1577	15.3608
ERR13927504.18088	1603	16.9663
ERR13927504.18089	1540	15.2805
ERR13927504.18090	1557	17.5055
ERR13927504.18091	1539	16.8174
ERR13927504.18092	1595	17.8332
ERR13927504.18093	1578	18.7700
ERR13927504.18094	1321	14.0984
ERR13927504.18095	235	13.3362
ERR13927504.18096	1591	15.8818
ERR13927504.18097	1569	17.1217
ERR13927504.18098	1535	19.6612
ERR13927504.18099	1555	15.7543
ERR13927504.18100	1589	14.8452
ERR13927504.18101	1574	18.5013
ERR13927504.18102	1523	14.0788
ERR13927504.18103	1570	16.2414
ERR13927504.18104	1572	15.7195
ERR13927504.18105	1576	17.3033
ERR13927504.18106	1541	18.0195
ERR13927504.18107	1601	18.0493
ERR13927504.18108	1585	18.8429
ERR13927504.18109	1580	16.1158
ERR13927504.18110	1588	18.1814
ERR13927504.18111	1595	14.3524
ERR13927504.18112	1566	17.3404
ERR13927504.18113	831	18.9350
ERR13927504.18114	1569	22.2243
ERR13927504.18115	1660	15.7524
ERR13927504.18116	1565	18.9872
ERR13927504.18117	1546	16.9974
ERR13927504.18118	1567	19.3880
ERR13927504.18119	1549	16.2292
ERR13927504.18120	1610	18.2075
ERR13927504.18121	1566	14.8416
ERR13927504.18122	1546	17.1132
ERR13927504.18123	1568	15.9643
ERR13927504.18124	1572	15.9128
ERR13927504.18125	1003	17.0638
ERR13927504.18126	1587	17.4675
ERR13927504.18127	1566	16.4783
ERR13927504.18128	1579	16.8144
ERR13927504.18129	1559	15.9737
ERR13927504.18130	1577	16.6271
ERR13927504.18131	1045	17.8928
ERR13927504.18132	1096	16.0593
ERR13927504.18133	1568	17.1677
ERR13927504.18134	1585	20.2719
ERR13927504.18135	1568	20.3540
ERR13927504.18136	1572	14.6291
ERR13927504.18137	1591	17.5651
ERR13927504.18138	1544	16.7681
ERR13927504.18139	1545	17.5087
ERR13927504.18140	1553	19.5757
ERR13927504.18141	1568	15.9318
ERR13927504.18142	1557	15.6660
ERR13927504.18143	1568	17.7972
ERR13927504.18144	1545	16.6246
ERR13927504.18145	1568	16.6193
ERR13927504.18146	1578	15.4322
ERR13927504.18147	1588	16.7639
ERR13927504.18148	1600	18.1369
ERR13927504.18149	1565	15.3131
ERR13927504.18150	1602	18.1523
ERR13927504.18151	1548	17.9386
ERR13927504.18152	1546	18.9495
ERR13927504.18153	1526	15.7149
ERR13927504.18154	1559	15.8794
ERR13927504.18155	1558	17.9743
ERR13927504.18156	1405	17.1153
ERR13927504.18157	1559	15.9666
ERR13927504.18158	1592	19.5955
ERR13927504.18159	1585	18.1678
ERR13927504.18160	1580	16.2975
ERR13927504.18161	1544	17.3601
ERR13927504.18162	1555	19.2971
ERR13927504.18163	1542	15.9760
ERR13927504.18164	1585	19.6492
ERR13927504.18165	1540	17.6734
ERR13927504.18166	1580	19.8804
ERR13927504.18167	1528	17.3109
ERR13927504.18168	1582	17.4223
ERR13927504.18169	1576	15.2798
ERR13927504.18170	1609	17.6091
ERR13927504.18171	1582	18.0834
ERR13927504.18172	1559	19.9827
ERR13927504.18173	1584	15.7898
ERR13927504.18174	1580	15.5905
ERR13927504.18175	1489	18.0195
ERR13927504.18176	1694	16.7456
ERR13927504.18177	1576	19.3420
ERR13927504.18178	1569	19.4124
ERR13927504.18179	1565	17.3885
ERR13927504.18180	1643	15.4394
ERR13927504.18181	1565	15.2863
ERR13927504.18182	1590	14.4189
ERR13927504.18183	1590	18.1075
ERR13927504.18184	1568	17.3240
ERR13927504.18185	1578	18.7934
ERR13927504.18186	1553	17.5241
ERR13927504.18187	1564	14.6375
ERR13927504.18188	1572	18.3505
ERR13927504.18189	1487	16.7068
ERR13927504.18190	1573	17.9714
ERR13927504.18191	1587	18.6742
ERR13927504.18192	1578	21.0190
ERR13927504.18193	1574	17.6137
ERR13927504.18194	1580	16.3418
ERR13927504.18195	1571	17.2381
ERR13927504.18196	1601	16.6508
ERR13927504.18197	1510	14.2536
ERR13927504.18198	1533	18.0202
ERR13927504.18199	1592	18.7563
ERR13927504.18200	1484	14.5121
ERR13927504.18201	1562	17.6761
ERR13927504.18202	1597	15.5066
ERR13927504.18203	1574	18.3189
ERR13927504.18204	1566	16.0900
ERR13927504.18205	1578	15.2440
ERR13927504.18206	1563	14.8848
ERR13927504.18207	1552	15.8802
ERR13927504.18208	1566	16.8174
ERR13927504.18209	1572	16.0471
ERR13927504.18210	1508	14.8336
ERR13927504.18211	1516	17.8747
ERR13927504.18212	1566	17.1609
ERR13927504.18213	596	15.1560
ERR13927504.18214	1563	16.0921
ERR13927504.18215	1569	16.2600
ERR13927504.18216	1548	16.8960
ERR13927504.18217	1576	18.4949
ERR13927504.18218	1560	17.7404
ERR13927504.18219	1548	15.2959
ERR13927504.18220	1544	19.1988
ERR13927504.18221	1580	20.2519
ERR13927504.18222	1582	18.2699
ERR13927504.18223	1600	16.3181
ERR13927504.18224	1563	16.7722
ERR13927504.18225	1528	15.6427
ERR13927504.18226	1552	16.8531
ERR13927504.18227	1532	17.9158
ERR13927504.18228	1558	17.8659
ERR13927504.18229	1560	15.3192
ERR13927504.18230	1581	18.3650
ERR13927504.18231	1577	18.6867
ERR13927504.18232	1541	16.2401
ERR13927504.18233	1561	18.1589
ERR13927504.18234	1604	16.3360
ERR13927504.18235	1575	20.3060
ERR13927504.18236	1602	17.2010
ERR13927504.18237	1588	20.8123
ERR13927504.18238	1539	19.4665
ERR13927504.18239	1552	16.8582
ERR13927504.18240	1563	16.0627
ERR13927504.18241	1517	16.8088
ERR13927504.18242	1598	17.2954
ERR13927504.18243	1562	17.0045
ERR13927504.18244	1559	16.4227
ERR13927504.18245	1587	15.0340
ERR13927504.18246	1547	17.0795
ERR13927504.18247	1490	16.5114
ERR13927504.18248	1542	15.8178
ERR13927504.18249	1581	17.7698
ERR13927504.18250	1560	16.4769
ERR13927504.18251	1563	16.6289
ERR13927504.18252	1557	19.4303
ERR13927504.18253	1576	15.2043
ERR13927504.18254	1560	18.7237
ERR13927504.18255	1539	15.9662
ERR13927504.18256	1576	18.7944
ERR13927504.18257	1562	16.8681
ERR13927504.18258	1530	15.4340
ERR13927504.18259	1562	18.9962
ERR13927504.18260	1578	16.5418
ERR13927504.18261	1595	17.2251
ERR13927504.18262	1515	15.6172
ERR13927504.18263	1567	14.7154
ERR13927504.18264	1575	15.7283
ERR13927504.18265	1585	19.6934
ERR13927504.18266	818	17.8667
ERR13927504.18267	1567	16.3382
ERR13927504.18268	1560	15.8442
ERR13927504.18269	1590	21.2428
ERR13927504.18270	1557	20.1586
ERR13927504.18271	1578	17.0437
ERR13927504.18272	1575	14.5111
ERR13927504.18273	2775	16.4400
ERR13927504.18274	1605	18.0903
ERR13927504.18275	1591	16.2307
ERR13927504.18276	1526	16.0452
ERR13927504.18277	1553	18.3535
ERR13927504.18278	1577	16.1420
ERR13927504.18279	1535	17.0893
ERR13927504.18280	1540	16.9487
ERR13927504.18281	1541	15.4594
ERR13927504.18282	918	14.3660
ERR13927504.18283	1591	17.5544
ERR13927504.18284	1547	16.6548
ERR13927504.18285	1556	16.0103
ERR13927504.18286	1594	20.5339
ERR13927504.18287	1594	17.2635
ERR13927504.18288	491	13.7984
ERR13927504.18289	1559	16.4734
ERR13927504.18290	1537	16.6792
ERR13927504.18291	1530	14.8379
ERR13927504.18292	1564	16.8056
ERR13927504.18293	1536	16.1810
ERR13927504.18294	1586	20.0397
ERR13927504.18295	1596	17.5163
ERR13927504.18296	1566	16.5779
ERR13927504.18297	1572	15.6183
ERR13927504.18298	1586	17.1463
ERR13927504.18299	1577	17.5485
ERR13927504.18300	1550	17.7465
ERR13927504.18301	1564	16.0499
ERR13927504.18302	1579	17.1108
ERR13927504.18303	1551	16.8362
ERR13927504.18304	1063	17.5193
ERR13927504.18305	1579	17.8607
ERR13927504.18306	1593	17.5876
ERR13927504.18307	1550	17.7768
ERR13927504.18308	3101	16.4337
ERR13927504.18309	1586	16.3726
ERR13927504.18310	1595	18.2213
ERR13927504.18311	1586	17.3033
ERR13927504.18312	1578	18.5665
ERR13927504.18313	1571	19.0745
ERR13927504.18314	1537	14.6747
ERR13927504.18315	1577	16.3405
ERR13927504.18316	1557	16.6853
ERR13927504.18317	1563	15.1363
ERR13927504.18318	1559	16.2130
ERR13927504.18319	1554	15.7889
ERR13927504.18320	1523	19.2259
ERR13927504.18321	1577	15.1237
ERR13927504.18322	1584	17.8396
ERR13927504.18323	1575	19.5441
ERR13927504.18324	1567	14.8373
ERR13927504.18325	1600	17.6975
ERR13927504.18326	1551	16.5371
ERR13927504.18327	1543	19.9410
ERR13927504.18328	1546	18.9094
ERR13927504.18329	1604	18.1328
ERR13927504.18330	1570	18.2682
ERR13927504.18331	1647	18.9022
ERR13927504.18332	1556	19.2365
ERR13927504.18333	1537	18.7508
ERR13927504.18334	1572	19.9268
ERR13927504.18335	1598	18.8029
ERR13927504.18336	1597	19.8691
ERR13927504.18337	1550	16.3929
ERR13927504.18338	1572	18.2856
ERR13927504.18339	1536	16.0156
ERR13927504.18340	854	15.3993
ERR13927504.18341	1549	19.6753
ERR13927504.18342	1562	16.5256
ERR13927504.18343	1555	14.8135
ERR13927504.18344	1452	18.3202
ERR13927504.18345	1568	20.9241
ERR13927504.18346	1662	16.0162
ERR13927504.18347	1608	15.4160
ERR13927504.18348	1569	16.6138
ERR13927504.18349	1583	18.8838
ERR13927504.18350	1595	20.3423
ERR13927504.18351	1590	20.0126
ERR13927504.18352	1570	18.4656
ERR13927504.18353	1548	16.3850
ERR13927504.18354	1586	16.3310
ERR13927504.18355	1576	18.6802
ERR13927504.18356	1586	15.2604
ERR13927504.18357	1585	14.0334
ERR13927504.18358	1571	18.9198
ERR13927504.18359	1668	17.0168
ERR13927504.18360	1585	19.9886
ERR13927504.18361	1347	15.0468
ERR13927504.18362	1566	15.8250
ERR13927504.18363	1522	17.4763
ERR13927504.18364	1526	16.2143
ERR13927504.18365	1510	16.3358
ERR13927504.18366	1675	16.4693
ERR13927504.18367	1600	18.8794
ERR13927504.18368	1628	15.8157
ERR13927504.18369	1556	16.0848
ERR13927504.18370	1598	17.7559
ERR13927504.18371	1569	17.1045
ERR13927504.18372	1587	18.1601
ERR13927504.18373	1561	14.8456
ERR13927504.18374	1601	16.4603
ERR13927504.18375	1504	15.2074
ERR13927504.18376	1583	19.2761
ERR13927504.18377	1610	16.3963
ERR13927504.18378	1254	17.2919
ERR13927504.18379	1498	17.3224
ERR13927504.18380	1575	17.8083
ERR13927504.18381	1577	14.8871
ERR13927504.18382	1579	15.6567
ERR13927504.18383	1601	17.2705
ERR13927504.18384	1574	18.2281
ERR13927504.18385	1561	16.5727
ERR13927504.18386	1587	19.8280
ERR13927504.18387	1543	16.9008
ERR13927504.18388	1584	17.2266
ERR13927504.18389	1592	16.0226
ERR13927504.18390	1601	18.1362
ERR13927504.18391	1580	21.2677
ERR13927504.18392	1577	16.9004
ERR13927504.18393	1537	15.6018
ERR13927504.18394	1537	14.9610
ERR13927504.18395	1536	15.2279
ERR13927504.18396	1591	18.8982
ERR13927504.18397	1570	19.4758
ERR13927504.18398	1513	15.8824
ERR13927504.18399	1615	16.1183
ERR13927504.18400	1539	17.2060
ERR13927504.18401	1600	16.9181
ERR13927504.18402	1572	17.7118
ERR13927504.18403	1526	17.9332
ERR13927504.18404	1551	17.1141
ERR13927504.18405	511	18.1135
ERR13927504.18406	1533	16.2185
ERR13927504.18407	1561	15.7201
ERR13927504.18408	1566	18.8927
ERR13927504.18409	1621	18.2918
ERR13927504.18410	191	15.0000
ERR13927504.18411	1525	15.0334
ERR13927504.18412	1553	18.6014
ERR13927504.18413	1314	16.2732
ERR13927504.18414	1611	16.3960
ERR13927504.18415	1584	16.6995
ERR13927504.18416	1613	18.3540
ERR13927504.18417	1572	17.4822
ERR13927504.18418	1587	17.9206
ERR13927504.18419	1569	16.7349
ERR13927504.18420	1554	16.0032
ERR13927504.18421	1574	20.9079
ERR13927504.18422	1569	18.3939
ERR13927504.18423	1545	20.4395
ERR13927504.18424	1541	17.2972
ERR13927504.18425	1488	16.7608
ERR13927504.18426	1590	16.1277
ERR13927504.18427	1599	18.6723
ERR13927504.18428	1567	15.5469
ERR13927504.18429	1571	16.0369
ERR13927504.18430	1556	19.9126
ERR13927504.18431	1553	17.6265
ERR13927504.18432	1562	20.5589
ERR13927504.18433	1543	16.1497
ERR13927504.18434	1585	16.4826
ERR13927504.18435	468	18.4145
ERR13927504.18436	1542	18.0396
ERR13927504.18437	1539	17.4841
ERR13927504.18438	1577	15.5885
ERR13927504.18439	1536	14.8724
ERR13927504.18440	1579	16.9259
ERR13927504.18441	1572	17.6972
ERR13927504.18442	1575	15.5860
ERR13927504.18443	1575	18.3594
ERR13927504.18444	1332	18.2748
ERR13927504.18445	1579	17.4750
ERR13927504.18446	1475	15.8529
ERR13927504.18447	1538	16.1560
ERR13927504.18448	1547	17.3154
ERR13927504.18449	1555	20.9994
ERR13927504.18450	1577	15.9721
ERR13927504.18451	1587	15.8696
ERR13927504.18452	1556	15.7114
ERR13927504.18453	1579	17.3078
ERR13927504.18454	1582	21.3552
ERR13927504.18455	1640	17.8341
ERR13927504.18456	1589	15.7527
ERR13927504.18457	1054	16.6404
ERR13927504.18458	1506	15.6620
ERR13927504.18459	1579	13.7802
ERR13927504.18460	1516	17.9512
ERR13927504.18461	1541	14.2648
ERR13927504.18462	3162	17.3311
ERR13927504.18463	1584	21.7481
ERR13927504.18464	1594	15.9730
ERR13927504.18465	1601	17.8157
ERR13927504.18466	1588	16.4849
ERR13927504.18467	1558	16.4461
ERR13927504.18468	1613	18.2219
ERR13927504.18469	1571	18.0968
ERR13927504.18470	1603	17.4354
ERR13927504.18471	1543	15.5988
ERR13927504.18472	685	15.5022
ERR13927504.18473	1565	16.1776
ERR13927504.18474	1496	15.1263
ERR13927504.18475	630	15.4857
ERR13927504.18476	1561	15.9436
ERR13927504.18477	1178	17.2912
ERR13927504.18478	1570	16.9204
ERR13927504.18479	1568	18.2290
ERR13927504.18480	1563	17.6219
ERR13927504.18481	1527	15.5468
ERR13927504.18482	1569	15.4423
ERR13927504.18483	3176	17.2198
ERR13927504.18484	1536	15.5208
ERR13927504.18485	1579	18.2907
ERR13927504.18486	1596	16.6660
ERR13927504.18487	1540	19.9558
ERR13927504.18488	1576	15.8065
ERR13927504.18489	1558	15.8248
ERR13927504.18490	684	16.7661
ERR13927504.18491	1563	15.1510
ERR13927504.18492	1499	18.0720
ERR13927504.18493	1536	20.3268
ERR13927504.18494	1571	17.4666
ERR13927504.18495	1537	17.6747
ERR13927504.18496	1594	18.4084
ERR13927504.18497	1582	17.2345
ERR13927504.18498	1593	16.9335
ERR13927504.18499	1520	16.2796
ERR13927504.18500	1570	15.6949
ERR13927504.18501	1574	17.1404
ERR13927504.18502	2089	17.7104
ERR13927504.18503	514	18.8132
ERR13927504.18504	1564	15.7692
ERR13927504.18505	1570	21.1650
ERR13927504.18506	1546	18.7070
ERR13927504.18507	1559	15.8756
ERR13927504.18508	1553	16.9530
ERR13927504.18509	1587	19.5848
ERR13927504.18510	1557	17.4778
ERR13927504.18511	1565	17.6083
ERR13927504.18512	1561	17.1678
ERR13927504.18513	1550	16.6942
ERR13927504.18514	1529	17.2008
ERR13927504.18515	1582	20.3180
ERR13927504.18516	1574	16.6982
ERR13927504.18517	1547	17.4202
ERR13927504.18518	1624	15.2796
ERR13927504.18519	1614	18.8364
ERR13927504.18520	1172	17.4053
ERR13927504.18521	1580	18.8987
ERR13927504.18522	1560	18.3788
ERR13927504.18523	1585	20.8820
ERR13927504.18524	466	15.4034
ERR13927504.18525	1306	20.3729
ERR13927504.18526	1569	20.0950
ERR13927504.18527	1563	14.8797
ERR13927504.18528	1555	21.2579
ERR13927504.18529	1527	18.1218
ERR13927504.18530	1514	16.3838
ERR13927504.18531	1561	16.5042
ERR13927504.18532	1551	15.9516
ERR13927504.18533	1591	18.6354
ERR13927504.18534	1617	16.0291
ERR13927504.18535	1525	14.1220
ERR13927504.18536	435	16.2828
ERR13927504.18537	1547	16.6070
ERR13927504.18538	1554	15.3501
ERR13927504.18539	1574	19.4149
ERR13927504.18540	1590	17.0786
ERR13927504.18541	1574	18.6512
ERR13927504.18542	1583	14.9722
ERR13927504.18543	1554	16.4698
ERR13927504.18544	1540	14.5981
ERR13927504.18545	1562	18.6850
ERR13927504.18546	1583	15.7840
ERR13927504.18547	1594	19.2127
ERR13927504.18548	1594	15.6644
ERR13927504.18549	1560	21.3987
ERR13927504.18550	1574	17.1607
ERR13927504.18551	1562	17.7010
ERR13927504.18552	1565	16.6121
ERR13927504.18553	1576	16.3084
ERR13927504.18554	1583	17.4700
ERR13927504.18555	1567	17.1953
ERR13927504.18556	1534	16.6662
ERR13927504.18557	1578	17.9772
ERR13927504.18558	1581	15.2897
ERR13927504.18559	1582	15.4267
ERR13927504.18560	1570	17.7758
ERR13927504.18561	1453	17.2650
ERR13927504.18562	1551	17.5803
ERR13927504.18563	1529	15.0889
ERR13927504.18564	1587	19.5848
ERR13927504.18565	1574	16.4352
ERR13927504.18566	1545	16.6026
ERR13927504.18567	1544	17.6496
ERR13927504.18568	1572	16.9892
ERR13927504.18569	1556	16.4113
ERR13927504.18570	1601	17.4422
ERR13927504.18571	524	16.4981
ERR13927504.18572	1556	17.4267
ERR13927504.18573	1569	15.0656
ERR13927504.18574	1184	16.3986
ERR13927504.18575	1563	16.4575
ERR13927504.18576	1528	15.7160
ERR13927504.18577	1566	17.1034
ERR13927504.18578	1563	19.5221
ERR13927504.18579	1563	22.4261
ERR13927504.18580	1544	17.1295
ERR13927504.18581	1581	18.6572
ERR13927504.18582	1559	14.7563
ERR13927504.18583	1511	18.4997
ERR13927504.18584	1542	17.0584
ERR13927504.18585	1612	18.1402
ERR13927504.18586	1605	18.6255
ERR13927504.18587	1589	18.8622
ERR13927504.18588	1592	15.2330
ERR13927504.18589	1591	18.4004
ERR13927504.18590	1518	15.3972
ERR13927504.18591	1551	15.8027
ERR13927504.18592	1580	19.3082
ERR13927504.18593	1596	14.9718
ERR13927504.18594	1499	15.6044
ERR13927504.18595	1576	20.5679
ERR13927504.18596	1578	14.8764
ERR13927504.18597	1560	14.4731
ERR13927504.18598	1522	15.7424
ERR13927504.18599	1558	15.3659
ERR13927504.18600	1553	15.1874
ERR13927504.18601	1570	15.9994
ERR13927504.18602	1576	16.9791
ERR13927504.18603	1568	18.3489
ERR13927504.18604	1555	15.4232
ERR13927504.18605	1532	14.9491
ERR13927504.18606	1543	20.3876
ERR13927504.18607	1554	18.2954
ERR13927504.18608	1579	17.9690
ERR13927504.18609	1553	17.8113
ERR13927504.18610	1555	17.4315
ERR13927504.18611	1563	17.1164
ERR13927504.18612	1565	17.0824
ERR13927504.18613	1593	19.2153
ERR13927504.18614	1564	18.0058
ERR13927504.18615	1568	17.2341
ERR13927504.18616	1591	15.6826
ERR13927504.18617	1546	16.5116
ERR13927504.18618	1547	16.9800
ERR13927504.18619	1569	15.5296
ERR13927504.18620	1523	16.5043
ERR13927504.18621	1070	16.7935
ERR13927504.18622	812	18.7993
ERR13927504.18623	1560	18.6436
ERR13927504.18624	1590	18.1409
ERR13927504.18625	1564	17.5729
ERR13927504.18626	1548	14.9238
ERR13927504.18627	1540	14.1266
ERR13927504.18628	1548	16.1441
ERR13927504.18629	1571	16.7371
ERR13927504.18630	1543	15.8354
ERR13927504.18631	1567	18.6394
ERR13927504.18632	1576	18.7792
ERR13927504.18633	1573	18.9135
ERR13927504.18634	1568	19.1543
ERR13927504.18635	1564	15.9757
ERR13927504.18636	1592	15.3536
ERR13927504.18637	1089	15.6189
ERR13927504.18638	1551	22.1161
ERR13927504.18639	1570	19.0382
ERR13927504.18640	1506	15.6082
ERR13927504.18641	1563	17.0173
ERR13927504.18642	1575	17.2000
ERR13927504.18643	1585	16.1098
ERR13927504.18644	1551	16.6338
ERR13927504.18645	1576	18.0673
ERR13927504.18646	581	15.1807
ERR13927504.18647	1558	15.0597
ERR13927504.18648	1564	18.4322
ERR13927504.18649	1578	18.6014
ERR13927504.18650	1552	17.9832
ERR13927504.18651	1531	18.4331
ERR13927504.18652	1543	18.3889
ERR13927504.18653	1570	16.3083
ERR13927504.18654	1572	17.8677
ERR13927504.18655	1545	16.1534
ERR13927504.18656	1554	15.7445
ERR13927504.18657	947	19.0739
ERR13927504.18658	1552	16.4298
ERR13927504.18659	1570	19.6592
ERR13927504.18660	1555	15.6367
ERR13927504.18661	1563	16.4990
ERR13927504.18662	1570	18.1822
ERR13927504.18663	1580	16.9601
ERR13927504.18664	1543	18.8458
ERR13927504.18665	1546	19.6268
ERR13927504.18666	1591	17.3061
ERR13927504.18667	1559	16.5882
ERR13927504.18668	1578	16.2560
ERR13927504.18669	1555	21.6347
ERR13927504.18670	1492	16.8948
ERR13927504.18671	1564	18.2487
ERR13927504.18672	1493	16.7153
ERR13927504.18673	1553	19.5435
ERR13927504.18674	1556	17.1523
ERR13927504.18675	1557	16.0032
ERR13927504.18676	1543	16.9345
ERR13927504.18677	1578	16.8029
ERR13927504.18678	1538	17.7672
ERR13927504.18679	3097	17.8521
ERR13927504.18680	1593	17.7024
ERR13927504.18681	1579	17.8562
ERR13927504.18682	907	17.3870
ERR13927504.18683	1590	17.0101
ERR13927504.18684	1597	14.9317
ERR13927504.18685	1513	17.0767
ERR13927504.18686	1529	15.6763
ERR13927504.18687	1562	19.5794
ERR13927504.18688	1571	19.2374
ERR13927504.18689	1530	19.5307
ERR13927504.18690	1586	18.0700
ERR13927504.18691	1568	19.0855
ERR13927504.18692	1586	20.9269
ERR13927504.18693	1583	16.0828
ERR13927504.18694	849	18.0978
ERR13927504.18695	1591	21.5292
ERR13927504.18696	1558	17.3748
ERR13927504.18697	1556	16.5193
ERR13927504.18698	1566	16.3225
ERR13927504.18699	1573	15.9008
ERR13927504.18700	1522	15.6189
ERR13927504.18701	1578	18.2465
ERR13927504.18702	1553	16.6336
ERR13927504.18703	426	17.1150
ERR13927504.18704	1592	19.3304
ERR13927504.18705	1586	18.3783
ERR13927504.18706	1579	15.9373
ERR13927504.18707	1576	15.8452
ERR13927504.18708	1553	16.4939
ERR13927504.18709	1588	19.5151
ERR13927504.18710	1573	20.8334
ERR13927504.18711	1576	16.2576
ERR13927504.18712	1578	19.8752
ERR13927504.18713	1529	16.0131
ERR13927504.18714	1562	16.3656
ERR13927504.18715	1601	20.1780
ERR13927504.18716	1580	15.6487
ERR13927504.18717	1555	18.1704
ERR13927504.18718	1566	17.7203
ERR13927504.18719	1565	17.9553
ERR13927504.18720	1568	15.1696
ERR13927504.18721	627	15.9809
ERR13927504.18722	1539	15.4178
ERR13927504.18723	1503	15.8363
ERR13927504.18724	1611	15.2638
ERR13927504.18725	1540	17.4104
ERR13927504.18726	1544	16.0227
ERR13927504.18727	1608	16.0112
ERR13927504.18728	1567	18.6063
ERR13927504.18729	1564	16.0786
ERR13927504.18730	1542	19.1939
ERR13927504.18731	1578	17.7516
ERR13927504.18732	1570	16.1172
ERR13927504.18733	1569	17.4563
ERR13927504.18734	1578	20.1534
ERR13927504.18735	1384	14.7117
ERR13927504.18736	1540	15.8526
ERR13927504.18737	1586	16.2667
ERR13927504.18738	796	15.5628
ERR13927504.18739	1594	17.2917
ERR13927504.18740	1560	17.6147
ERR13927504.18741	1552	17.1785
ERR13927504.18742	1580	16.4304
ERR13927504.18743	1575	18.4673
ERR13927504.18744	1601	19.2230
ERR13927504.18745	1549	19.4222
ERR13927504.18746	1587	18.1689
ERR13927504.18747	1582	16.1441
ERR13927504.18748	1539	18.8382
ERR13927504.18749	1575	17.3454
ERR13927504.18750	1573	16.9110
ERR13927504.18751	1574	14.6264
ERR13927504.18752	1576	16.5850
ERR13927504.18753	1556	17.5283
ERR13927504.18754	1539	15.9344
ERR13927504.18755	1562	16.2721
ERR13927504.18756	1574	17.4339
ERR13927504.18757	1587	18.4531
ERR13927504.18758	1539	18.4016
ERR13927504.18759	1580	17.9778
ERR13927504.18760	1603	19.6469
ERR13927504.18761	1557	19.3269
ERR13927504.18762	1555	15.7846
ERR13927504.18763	1547	15.1965
ERR13927504.18764	1568	20.3929
ERR13927504.18765	1557	16.5299
ERR13927504.18766	1535	15.8651
ERR13927504.18767	1564	15.3958
ERR13927504.18768	1533	14.6073
ERR13927504.18769	1578	17.0716
ERR13927504.18770	1538	16.4389
ERR13927504.18771	1590	16.0943
ERR13927504.18772	1377	19.9027
ERR13927504.18773	1561	18.3094
ERR13927504.18774	1580	16.5829
ERR13927504.18775	1599	16.1770
ERR13927504.18776	1583	17.5925
ERR13927504.18777	1549	16.2841
ERR13927504.18778	1557	16.9518
ERR13927504.18779	1518	14.6232
ERR13927504.18780	1548	18.1318
ERR13927504.18781	1583	18.3462
ERR13927504.18782	1520	17.7132
ERR13927504.18783	1579	14.8993
ERR13927504.18784	1584	16.9640
ERR13927504.18785	1561	16.8193
ERR13927504.18786	1567	17.3982
ERR13927504.18787	1570	19.3535
ERR13927504.18788	1568	18.2449
ERR13927504.18789	1585	14.5514
ERR13927504.18790	1574	16.4295
ERR13927504.18791	1611	16.7256
ERR13927504.18792	1546	16.3286
ERR13927504.18793	1513	17.5664
ERR13927504.18794	1579	17.1064
ERR13927504.18795	1531	16.0431
ERR13927504.18796	1583	16.7821
ERR13927504.18797	1554	16.0264
ERR13927504.18798	1545	17.6084
ERR13927504.18799	1617	15.3154
ERR13927504.18800	1329	18.7547
ERR13927504.18801	1629	15.8895
ERR13927504.18802	1583	19.3828
ERR13927504.18803	1581	19.1265
ERR13927504.18804	1569	17.2849
ERR13927504.18805	1276	15.5431
ERR13927504.18806	1415	16.2283
ERR13927504.18807	1543	18.1043
ERR13927504.18808	1580	19.8253
ERR13927504.18809	1565	20.0786
ERR13927504.18810	1579	17.1007
ERR13927504.18811	1580	18.1101
ERR13927504.18812	1526	16.7280
ERR13927504.18813	1533	15.6869
ERR13927504.18814	1589	19.1894
ERR13927504.18815	1474	16.5156
ERR13927504.18816	1589	16.6325
ERR13927504.18817	1555	15.0502
ERR13927504.18818	1604	18.2781
ERR13927504.18819	1545	16.4828
ERR13927504.18820	1577	19.5732
ERR13927504.18821	1552	18.2874
ERR13927504.18822	1563	16.7876
ERR13927504.18823	1574	17.8856
ERR13927504.18824	1576	15.8420
ERR13927504.18825	1540	19.8403
ERR13927504.18826	1578	18.8435
ERR13927504.18827	1557	17.4207
ERR13927504.18828	1561	16.5208
ERR13927504.18829	1581	17.5383
ERR13927504.18830	458	16.1245
ERR13927504.18831	1574	17.5311
ERR13927504.18832	1168	17.2825
ERR13927504.18833	1576	16.0635
ERR13927504.18834	1549	16.0329
ERR13927504.18835	1580	17.7361
ERR13927504.18836	1570	16.1459
ERR13927504.18837	1552	16.7990
ERR13927504.18838	1221	15.5012
ERR13927504.18839	1536	16.3743
ERR13927504.18840	1570	17.5522
ERR13927504.18841	1494	17.9076
ERR13927504.18842	1553	16.0090
ERR13927504.18843	1527	14.7053
ERR13927504.18844	1511	16.9940
ERR13927504.18845	1545	16.5922
ERR13927504.18846	1489	15.8442
ERR13927504.18847	1596	19.1165
ERR13927504.18848	1540	14.6643
ERR13927504.18849	1580	18.2778
ERR13927504.18850	1548	17.1214
ERR13927504.18851	590	17.9000
ERR13927504.18852	1567	16.4327
ERR13927504.18853	1262	14.7734
ERR13927504.18854	1597	17.9593
ERR13927504.18855	1577	18.0399
ERR13927504.18856	1574	21.1099
ERR13927504.18857	1556	15.2808
ERR13927504.18858	1379	14.8528
ERR13927504.18859	1604	18.3099
ERR13927504.18860	1582	18.2592
ERR13927504.18861	1633	16.2639
ERR13927504.18862	1605	16.5695
ERR13927504.18863	1557	15.7476
ERR13927504.18864	1562	18.5391
ERR13927504.18865	1105	18.2308
ERR13927504.18866	1570	21.0656
ERR13927504.18867	1206	16.0837
ERR13927504.18868	1580	16.6310
ERR13927504.18869	1339	18.5355
ERR13927504.18870	1566	18.0581
ERR13927504.18871	1497	17.7528
ERR13927504.18872	1542	15.0136
ERR13927504.18873	1518	16.9954
ERR13927504.18874	1210	18.2934
ERR13927504.18875	250	17.5320
ERR13927504.18876	1579	18.8144
ERR13927504.18877	1558	14.8928
ERR13927504.18878	1586	17.0435
ERR13927504.18879	1566	16.1992
ERR13927504.18880	226	13.3186
ERR13927504.18881	1524	18.2940
ERR13927504.18882	1571	16.6041
ERR13927504.18883	1588	22.3759
ERR13927504.18884	1570	17.5242
ERR13927504.18885	1361	16.2645
ERR13927504.18886	1541	16.0772
ERR13927504.18887	1566	15.3608
ERR13927504.18888	1588	19.6341
ERR13927504.18889	1578	16.2940
ERR13927504.18890	1589	19.1938
ERR13927504.18891	1433	14.9267
ERR13927504.18892	1571	16.9574
ERR13927504.18893	1593	16.7024
ERR13927504.18894	1558	15.3453
ERR13927504.18895	1577	18.2803
ERR13927504.18896	1572	17.4885
ERR13927504.18897	1570	19.3038
ERR13927504.18898	1572	18.3403
ERR13927504.18899	1579	17.7422
ERR13927504.18900	1531	15.6584
ERR13927504.18901	1561	17.2389
ERR13927504.18902	1597	16.2530
ERR13927504.18903	1465	18.2894
ERR13927504.18904	1588	18.4106
ERR13927504.18905	1602	16.7903
ERR13927504.18906	1559	15.8114
ERR13927504.18907	1573	17.2365
ERR13927504.18908	1377	14.7633
ERR13927504.18909	1578	17.1280
ERR13927504.18910	2077	17.2446
ERR13927504.18911	1545	15.1508
ERR13927504.18912	1550	14.4632
ERR13927504.18913	1553	19.6420
ERR13927504.18914	786	16.8206
ERR13927504.18915	1557	14.5119
ERR13927504.18916	1576	16.3763
ERR13927504.18917	1574	16.2459
ERR13927504.18918	576	14.7535
ERR13927504.18919	1550	19.5058
ERR13927504.18920	1553	17.6014
ERR13927504.18921	1566	17.8646
ERR13927504.18922	1574	20.5038
ERR13927504.18923	1599	19.1701
ERR13927504.18924	1574	16.7084
ERR13927504.18925	1592	15.2739
ERR13927504.18926	1526	15.7084
ERR13927504.18927	1552	16.2693
ERR13927504.18928	1556	17.9036
ERR13927504.18929	1631	16.3979
ERR13927504.18930	1577	18.8269
ERR13927504.18931	1570	14.2516
ERR13927504.18932	1596	18.2456
ERR13927504.18933	1238	17.2641
ERR13927504.18934	1494	17.2718
ERR13927504.18935	1569	19.0733
ERR13927504.18936	1513	18.8519
ERR13927504.18937	1574	16.3393
ERR13927504.18938	1583	17.6292
ERR13927504.18939	1575	19.0057
ERR13927504.18940	1611	20.3501
ERR13927504.18941	1579	17.4680
ERR13927504.18942	1594	18.8745
ERR13927504.18943	1592	21.0867
ERR13927504.18944	1512	19.8261
ERR13927504.18945	1530	15.5301
ERR13927504.18946	1548	16.0556
ERR13927504.18947	1584	15.2727
ERR13927504.18948	1086	15.2606
ERR13927504.18949	1564	18.5390
ERR13927504.18950	1567	18.2100
ERR13927504.18951	1590	18.4881
ERR13927504.18952	1560	15.3135
ERR13927504.18953	1581	17.4605
ERR13927504.18954	740	15.2122
ERR13927504.18955	1584	16.6673
ERR13927504.18956	1599	17.8261
ERR13927504.18957	1539	15.6322
ERR13927504.18958	1558	16.0668
ERR13927504.18959	1596	18.7137
ERR13927504.18960	1602	17.6542
ERR13927504.18961	1502	15.9854
ERR13927504.18962	1536	17.9460
ERR13927504.18963	1603	17.5284
ERR13927504.18964	1570	16.5771
ERR13927504.18965	1572	18.3123
ERR13927504.18966	1540	17.0571
ERR13927504.18967	1581	18.7875
ERR13927504.18968	1550	17.9032
ERR13927504.18969	1549	14.5294
ERR13927504.18970	1555	18.0701
ERR13927504.18971	1561	15.8815
ERR13927504.18972	1576	18.0533
ERR13927504.18973	1602	19.9675
ERR13927504.18974	315	18.1397
ERR13927504.18975	1541	17.8975
ERR13927504.18976	1547	16.4467
ERR13927504.18977	1544	18.3420
ERR13927504.18978	1578	17.7947
ERR13927504.18979	1567	18.3925
ERR13927504.18980	1562	16.2241
ERR13927504.18981	1325	16.1811
ERR13927504.18982	1578	18.6134
ERR13927504.18983	1548	15.5058
ERR13927504.18984	3162	16.5345
ERR13927504.18985	1528	16.3639
ERR13927504.18986	1536	16.1660
ERR13927504.18987	1566	18.1360
ERR13927504.18988	357	13.1092
ERR13927504.18989	1609	17.3841
ERR13927504.18990	1541	16.6158
ERR13927504.18991	1585	18.9956
ERR13927504.18992	1570	16.9943
ERR13927504.18993	1561	16.5484
ERR13927504.18994	1561	18.2479
ERR13927504.18995	1564	17.8421
ERR13927504.18996	1578	20.3492
ERR13927504.18997	1579	20.9215
ERR13927504.18998	1555	16.1891
ERR13927504.18999	1538	15.5533
ERR13927504.19000	1592	19.5201
ERR13927504.19001	1547	15.5333
ERR13927504.19002	1570	14.6822
ERR13927504.19003	1226	14.3067
ERR13927504.19004	1549	19.0297
ERR13927504.19005	1582	19.0468
ERR13927504.19006	1539	17.7797
ERR13927504.19007	1497	14.9045
ERR13927504.19008	1575	17.1048
ERR13927504.19009	1567	17.6299
ERR13927504.19010	1602	17.5087
ERR13927504.19011	1585	17.3079
ERR13927504.19012	1559	19.9128
ERR13927504.19013	1533	18.3868
ERR13927504.19014	1554	16.0817
ERR13927504.19015	1559	15.4452
ERR13927504.19016	1572	18.8938
ERR13927504.19017	1515	15.4231
ERR13927504.19018	1580	17.1500
ERR13927504.19019	1569	16.4895
ERR13927504.19020	1525	14.1770
ERR13927504.19021	1544	16.0622
ERR13927504.19022	1555	15.3042
ERR13927504.19023	1270	14.5827
ERR13927504.19024	1569	18.3913
ERR13927504.19025	1629	17.0061
ERR13927504.19026	1578	19.3333
ERR13927504.19027	1552	13.8441
ERR13927504.19028	1571	19.0840
ERR13927504.19029	1494	14.8173
ERR13927504.19030	1536	17.4609
ERR13927504.19031	1353	16.7413
ERR13927504.19032	1572	18.6559
ERR13927504.19033	671	15.0253
ERR13927504.19034	1577	16.6944
ERR13927504.19035	1571	17.4500
ERR13927504.19036	1584	17.8384
ERR13927504.19037	1558	15.4987
ERR13927504.19038	1585	16.7653
ERR13927504.19039	1543	16.1529
ERR13927504.19040	1585	20.3552
ERR13927504.19041	1550	14.5884
ERR13927504.19042	1591	17.8655
ERR13927504.19043	1556	17.3335
ERR13927504.19044	1585	21.2625
ERR13927504.19045	1557	20.1073
ERR13927504.19046	1570	16.7535
ERR13927504.19047	1693	17.7566
ERR13927504.19048	1580	17.0886
ERR13927504.19049	1563	14.5611
ERR13927504.19050	1513	14.7455
ERR13927504.19051	1546	18.0576
ERR13927504.19052	1109	17.6294
ERR13927504.19053	1562	17.3387
ERR13927504.19054	1561	17.9039
ERR13927504.19055	1575	18.1594
ERR13927504.19056	1204	17.7467
ERR13927504.19057	1540	17.8656
ERR13927504.19058	1568	17.0759
ERR13927504.19059	1570	18.0904
ERR13927504.19060	1536	18.6380
ERR13927504.19061	1567	17.6503
ERR13927504.19062	1580	18.7481
ERR13927504.19063	1584	16.8510
ERR13927504.19064	1554	17.1429
ERR13927504.19065	520	18.8212
ERR13927504.19066	1557	20.0732
ERR13927504.19067	1565	20.1444
ERR13927504.19068	1559	19.2502
ERR13927504.19069	1560	17.6474
ERR13927504.19070	1586	16.1318
ERR13927504.19071	1566	17.4195
ERR13927504.19072	1564	16.7168
ERR13927504.19073	1562	18.2702
ERR13927504.19074	1562	16.5813
ERR13927504.19075	1567	15.7766
ERR13927504.19076	1581	19.9595
ERR13927504.19077	1299	16.6112
ERR13927504.19078	1570	15.8115
ERR13927504.19079	1584	18.8100
ERR13927504.19080	1557	20.7656
ERR13927504.19081	1546	15.0912
ERR13927504.19082	1518	16.1331
ERR13927504.19083	1610	15.9795
ERR13927504.19084	1569	18.4187
ERR13927504.19085	1553	16.0496
ERR13927504.19086	1540	17.2500
ERR13927504.19087	1511	15.2965
ERR13927504.19088	1593	18.1117
ERR13927504.19089	1557	16.2588
ERR13927504.19090	1553	17.1616
ERR13927504.19091	1539	16.5458
ERR13927504.19092	1364	19.4406
ERR13927504.19093	1562	20.2983
ERR13927504.19094	1589	15.6281
ERR13927504.19095	1575	20.3206
ERR13927504.19096	1577	18.2942
ERR13927504.19097	1528	16.4745
ERR13927504.19098	1597	17.2286
ERR13927504.19099	1562	17.1152
ERR13927504.19100	1585	15.7514
ERR13927504.19101	1569	16.2817
ERR13927504.19102	1542	16.2445
ERR13927504.19103	1547	14.8739
ERR13927504.19104	1566	14.1782
ERR13927504.19105	1504	13.7826
ERR13927504.19106	1571	16.4870
ERR13927504.19107	1578	17.8340
ERR13927504.19108	1584	15.7917
ERR13927504.19109	1504	14.3750
ERR13927504.19110	1577	15.3570
ERR13927504.19111	1594	18.5226
ERR13927504.19112	1623	17.5761
ERR13927504.19113	1581	16.2075
ERR13927504.19114	1548	14.9147
ERR13927504.19115	1523	17.2075
ERR13927504.19116	1600	16.8813
ERR13927504.19117	611	14.7529
ERR13927504.19118	1579	16.6618
ERR13927504.19119	1597	17.1522
ERR13927504.19120	1535	18.0599
ERR13927504.19121	1570	17.9083
ERR13927504.19122	1569	18.8324
ERR13927504.19123	1560	17.1788
ERR13927504.19124	1559	15.7999
ERR13927504.19125	1559	16.5375
ERR13927504.19126	1511	16.0728
ERR13927504.19127	1156	15.7240
ERR13927504.19128	1576	18.9841
ERR13927504.19129	1575	19.9740
ERR13927504.19130	1572	16.5407
ERR13927504.19131	1574	15.9034
ERR13927504.19132	1582	16.2630
ERR13927504.19133	1580	17.6304
ERR13927504.19134	1563	15.9507
ERR13927504.19135	1549	18.2666
ERR13927504.19136	1216	15.5510
ERR13927504.19137	1554	18.0302
ERR13927504.19138	1545	15.5003
ERR13927504.19139	1575	17.9498
ERR13927504.19140	1568	16.0038
ERR13927504.19141	1543	17.6468
ERR13927504.19142	1538	15.9558
ERR13927504.19143	1567	16.1889
ERR13927504.19144	1516	16.4716
ERR13927504.19145	1591	16.9107
ERR13927504.19146	1553	19.5744
ERR13927504.19147	3134	17.4742
ERR13927504.19148	1563	18.4434
ERR13927504.19149	1540	19.4649
ERR13927504.19150	1558	19.3774
ERR13927504.19151	1578	18.4322
ERR13927504.19152	1519	17.5556
ERR13927504.19153	1628	16.9281
ERR13927504.19154	1599	21.6016
ERR13927504.19155	1562	18.2074
ERR13927504.19156	1542	17.3424
ERR13927504.19157	1580	18.3304
ERR13927504.19158	1575	17.6711
ERR13927504.19159	1563	17.5547
ERR13927504.19160	1543	17.6792
ERR13927504.19161	1611	21.3482
ERR13927504.19162	1591	17.9441
ERR13927504.19163	1522	17.6386
ERR13927504.19164	1557	19.7681
ERR13927504.19165	1594	17.9529
ERR13927504.19166	1580	19.3759
ERR13927504.19167	1565	16.6351
ERR13927504.19168	1564	18.8785
ERR13927504.19169	1569	18.1472
ERR13927504.19170	1534	16.3123
ERR13927504.19171	1558	17.1271
ERR13927504.19172	1443	16.0256
ERR13927504.19173	1561	14.6099
ERR13927504.19174	1560	19.1314
ERR13927504.19175	1581	18.4984
ERR13927504.19176	1562	15.9366
ERR13927504.19177	1574	21.2770
ERR13927504.19178	1597	17.4740
ERR13927504.19179	1569	15.9101
ERR13927504.19180	1565	18.5540
ERR13927504.19181	1549	14.3770
ERR13927504.19182	1570	16.1115
ERR13927504.19183	1359	16.3937
ERR13927504.19184	1561	17.4971
ERR13927504.19185	1551	16.3881
ERR13927504.19186	1562	17.3592
ERR13927504.19187	1553	18.9955
ERR13927504.19188	1563	16.6628
ERR13927504.19189	1531	14.3403
ERR13927504.19190	600	15.6117
ERR13927504.19191	1504	16.9461
ERR13927504.19192	1573	15.7692
ERR13927504.19193	1533	14.4305
ERR13927504.19194	1554	15.5238
ERR13927504.19195	1581	14.6104
ERR13927504.19196	1023	15.8456
ERR13927504.19197	1551	18.2347
ERR13927504.19198	1538	16.0884
ERR13927504.19199	1583	16.0783
ERR13927504.19200	538	18.6524
ERR13927504.19201	1597	16.7226
ERR13927504.19202	1553	15.3889
ERR13927504.19203	1577	15.8846
ERR13927504.19204	1605	18.6766
ERR13927504.19205	1562	15.1293
ERR13927504.19206	1575	15.7752
ERR13927504.19207	1571	16.9739
ERR13927504.19208	1528	18.4712
ERR13927504.19209	1547	15.4079
ERR13927504.19210	1596	20.2895
ERR13927504.19211	1581	20.3042
ERR13927504.19212	1567	16.1921
ERR13927504.19213	1600	18.1663
ERR13927504.19214	1572	16.9046
ERR13927504.19215	1573	16.7413
ERR13927504.19216	1572	19.1380
ERR13927504.19217	1535	17.6033
ERR13927504.19218	1587	20.8765
ERR13927504.19219	1495	17.2033
ERR13927504.19220	1582	17.4235
ERR13927504.19221	1572	18.2615
ERR13927504.19222	1568	18.1008
ERR13927504.19223	1568	16.3361
ERR13927504.19224	1514	17.3712
ERR13927504.19225	1546	16.5763
ERR13927504.19226	1581	16.3289
ERR13927504.19227	1548	20.0484
ERR13927504.19228	1532	15.0679
ERR13927504.19229	1561	17.2767
ERR13927504.19230	1557	16.7341
ERR13927504.19231	1553	15.1159
ERR13927504.19232	1532	17.7350
ERR13927504.19233	1552	16.8918
ERR13927504.19234	1554	16.6190
ERR13927504.19235	1529	15.3512
ERR13927504.19236	1057	15.2015
ERR13927504.19237	1582	17.8040
ERR13927504.19238	1582	15.6713
ERR13927504.19239	963	15.0903
ERR13927504.19240	3124	15.1040
ERR13927504.19241	1564	17.9265
ERR13927504.19242	1623	17.9686
ERR13927504.19243	1548	15.9574
ERR13927504.19244	1553	16.5988
ERR13927504.19245	1546	20.0789
ERR13927504.19246	1589	15.6671
ERR13927504.19247	1554	15.5824
ERR13927504.19248	1567	16.4793
ERR13927504.19249	1565	14.1732
ERR13927504.19250	1481	17.7360
ERR13927504.19251	1580	19.0627
ERR13927504.19252	1624	18.2020
ERR13927504.19253	1572	19.2118
ERR13927504.19254	1592	17.4397
ERR13927504.19255	1564	18.9233
ERR13927504.19256	1519	15.8348
ERR13927504.19257	1542	17.2432
ERR13927504.19258	1593	16.3453
ERR13927504.19259	1580	16.8804
ERR13927504.19260	1559	17.5568
ERR13927504.19261	1578	19.2978
ERR13927504.19262	1531	15.7198
ERR13927504.19263	1704	18.6567
ERR13927504.19264	1566	16.8908
ERR13927504.19265	1549	15.9012
ERR13927504.19266	1589	18.1410
ERR13927504.19267	1557	20.7514
ERR13927504.19268	1527	16.9437
ERR13927504.19269	1580	18.1354
ERR13927504.19270	1549	18.2363
ERR13927504.19271	1565	15.4211
ERR13927504.19272	1572	14.4765
ERR13927504.19273	1599	17.9950
ERR13927504.19274	1537	17.6161
ERR13927504.19275	1521	16.3130
ERR13927504.19276	1592	16.9793
ERR13927504.19277	1582	16.5638
ERR13927504.19278	1578	16.0640
ERR13927504.19279	765	15.6013
ERR13927504.19280	1572	15.8435
ERR13927504.19281	1554	18.3140
ERR13927504.19282	1595	17.5041
ERR13927504.19283	1536	16.2539
ERR13927504.19284	1528	19.4431
ERR13927504.19285	1220	18.2820
ERR13927504.19286	1578	16.3175
ERR13927504.19287	1577	16.5282
ERR13927504.19288	1584	16.9609
ERR13927504.19289	1600	15.5638
ERR13927504.19290	1562	19.8854
ERR13927504.19291	1556	18.5231
ERR13927504.19292	1570	19.1497
ERR13927504.19293	1530	15.6876
ERR13927504.19294	1588	19.8640
ERR13927504.19295	1579	17.3471
ERR13927504.19296	1558	18.3383
ERR13927504.19297	1560	18.2038
ERR13927504.19298	1612	18.1569
ERR13927504.19299	1571	17.0751
ERR13927504.19300	1581	16.9924
ERR13927504.19301	1551	15.0858
ERR13927504.19302	1560	18.0929
ERR13927504.19303	1546	17.3150
ERR13927504.19304	1566	20.1175
ERR13927504.19305	1386	15.2951
ERR13927504.19306	1567	16.7211
ERR13927504.19307	1558	15.8736
ERR13927504.19308	1568	16.6371
ERR13927504.19309	1571	20.1808
ERR13927504.19310	1607	15.7984
ERR13927504.19311	1574	19.0883
ERR13927504.19312	1576	18.1072
ERR13927504.19313	1555	19.2418
ERR13927504.19314	1619	19.0772
ERR13927504.19315	983	15.0946
ERR13927504.19316	1538	16.3784
ERR13927504.19317	1549	16.8580
ERR13927504.19318	1280	15.3633
ERR13927504.19319	1586	15.8941
ERR13927504.19320	1567	15.7007
ERR13927504.19321	1563	21.2783
ERR13927504.19322	1552	15.5097
ERR13927504.19323	1521	16.1052
ERR13927504.19324	1564	18.9699
ERR13927504.19325	1534	17.5476
ERR13927504.19326	1552	18.3744
ERR13927504.19327	1539	15.8148
ERR13927504.19328	1571	17.7721
ERR13927504.19329	1513	18.1877
ERR13927504.19330	1537	16.8100
ERR13927504.19331	1541	16.7216
ERR13927504.19332	1226	18.7349
ERR13927504.19333	1576	16.1637
ERR13927504.19334	1570	20.0420
ERR13927504.19335	1539	18.9253
ERR13927504.19336	1566	15.8487
ERR13927504.19337	1616	19.3639
ERR13927504.19338	1552	19.7822
ERR13927504.19339	1579	18.7707
ERR13927504.19340	1609	17.3965
ERR13927504.19341	735	17.2177
ERR13927504.19342	1571	15.8498
ERR13927504.19343	1086	18.3020
ERR13927504.19344	1564	16.3549
ERR13927504.19345	1581	18.2815
ERR13927504.19346	1488	14.6297
ERR13927504.19347	1558	17.4409
ERR13927504.19348	1580	19.4608
ERR13927504.19349	1578	16.5551
ERR13927504.19350	1559	18.1944
ERR13927504.19351	1663	15.0072
ERR13927504.19352	1554	18.8449
ERR13927504.19353	1567	16.4065
ERR13927504.19354	1571	16.4303
ERR13927504.19355	1545	16.5883
ERR13927504.19356	1599	15.6366
ERR13927504.19357	1317	16.0524
ERR13927504.19358	1557	17.4984
ERR13927504.19359	1581	17.0993
ERR13927504.19360	1523	15.5023
ERR13927504.19361	1592	19.4077
ERR13927504.19362	1589	19.3354
ERR13927504.19363	1585	17.2631
ERR13927504.19364	1550	16.3394
ERR13927504.19365	1551	16.2676
ERR13927504.19366	1218	18.6609
ERR13927504.19367	1576	15.8249
ERR13927504.19368	1290	15.3527
ERR13927504.19369	1571	17.9026
ERR13927504.19370	1582	17.5632
ERR13927504.19371	1619	20.7956
ERR13927504.19372	1618	17.0093
ERR13927504.19373	1567	17.2904
ERR13927504.19374	1576	15.2272
ERR13927504.19375	1594	15.8858
ERR13927504.19376	1573	17.4666
ERR13927504.19377	1557	16.0469
ERR13927504.19378	1437	19.1733
ERR13927504.19379	1575	16.3657
ERR13927504.19380	1569	17.7973
ERR13927504.19381	1588	19.3344
ERR13927504.19382	1511	16.1760
ERR13927504.19383	1591	17.5889
ERR13927504.19384	1577	17.1325
ERR13927504.19385	1579	18.7277
ERR13927504.19386	1579	16.5801
ERR13927504.19387	1518	16.3386
ERR13927504.19388	1637	18.3305
ERR13927504.19389	1541	15.3368
ERR13927504.19390	1538	15.0904
ERR13927504.19391	1562	16.0948
ERR13927504.19392	1573	18.6275
ERR13927504.19393	1539	16.5750
ERR13927504.19394	1581	17.5484
ERR13927504.19395	1564	17.3012
ERR13927504.19396	1552	14.9143
ERR13927504.19397	1541	15.2771
ERR13927504.19398	1586	15.2806
ERR13927504.19399	1573	18.0636
ERR13927504.19400	1572	15.3639
ERR13927504.19401	1545	19.8841
ERR13927504.19402	1551	19.5680
ERR13927504.19403	1555	18.7871
ERR13927504.19404	1537	18.7228
ERR13927504.19405	1551	17.9181
ERR13927504.19406	1563	15.9699
ERR13927504.19407	1542	15.9157
ERR13927504.19408	1562	15.2663
ERR13927504.19409	1544	17.5395
ERR13927504.19410	1172	16.2679
ERR13927504.19411	1553	15.5525
ERR13927504.19412	1556	18.6118
ERR13927504.19413	824	18.4782
ERR13927504.19414	1556	15.7243
ERR13927504.19415	1579	18.5130
ERR13927504.19416	1561	15.8200
ERR13927504.19417	1566	16.4585
ERR13927504.19418	1546	15.8984
ERR13927504.19419	1596	17.6153
ERR13927504.19420	1593	17.7219
ERR13927504.19421	1537	20.9297
ERR13927504.19422	1556	15.6388
ERR13927504.19423	1516	16.2533
ERR13927504.19424	1567	16.5437
ERR13927504.19425	1585	19.1022
ERR13927504.19426	1577	18.5688
ERR13927504.19427	1509	17.5871
ERR13927504.19428	1567	20.6605
ERR13927504.19429	1521	14.8823
ERR13927504.19430	1345	19.6260
ERR13927504.19431	1603	17.8996
ERR13927504.19432	1592	15.4962
ERR13927504.19433	1172	17.2415
ERR13927504.19434	1551	18.1721
ERR13927504.19435	1557	15.5119
ERR13927504.19436	1551	15.5577
ERR13927504.19437	1201	17.6020
ERR13927504.19438	1568	17.8425
ERR13927504.19439	1573	18.9256
ERR13927504.19440	1552	17.2693
ERR13927504.19441	1557	15.3372
ERR13927504.19442	1549	16.4668
ERR13927504.19443	1564	17.9188
ERR13927504.19444	1537	16.9681
ERR13927504.19445	1589	17.8483
ERR13927504.19446	1571	15.8415
ERR13927504.19447	1553	17.0155
ERR13927504.19448	1554	20.7812
ERR13927504.19449	1583	15.3335
ERR13927504.19450	1570	16.3153
ERR13927504.19451	1553	15.8635
ERR13927504.19452	1570	17.9611
ERR13927504.19453	1535	16.2332
ERR13927504.19454	1577	20.4375
ERR13927504.19455	1557	18.4746
ERR13927504.19456	1573	17.3973
ERR13927504.19457	1568	15.3342
ERR13927504.19458	1550	18.4084
ERR13927504.19459	958	15.7359
ERR13927504.19460	894	15.1790
ERR13927504.19461	1564	15.8184
ERR13927504.19462	1546	17.7755
ERR13927504.19463	1630	17.0043
ERR13927504.19464	1546	16.8849
ERR13927504.19465	1545	17.6220
ERR13927504.19466	1542	17.5214
ERR13927504.19467	1553	15.1037
ERR13927504.19468	1549	19.4119
ERR13927504.19469	1573	15.3420
ERR13927504.19470	1528	15.4601
ERR13927504.19471	1577	16.5434
ERR13927504.19472	1555	17.7994
ERR13927504.19473	1567	16.0300
ERR13927504.19474	1537	16.9291
ERR13927504.19475	1553	14.5621
ERR13927504.19476	1534	15.3644
ERR13927504.19477	1583	17.0910
ERR13927504.19478	987	16.5198
ERR13927504.19479	1537	15.1139
ERR13927504.19480	1547	17.1745
ERR13927504.19481	1552	19.6733
ERR13927504.19482	1482	14.8435
ERR13927504.19483	1572	18.8562
ERR13927504.19484	1584	16.6900
ERR13927504.19485	1579	14.6973
ERR13927504.19486	1561	15.3197
ERR13927504.19487	1544	18.3860
ERR13927504.19488	1588	16.2683
ERR13927504.19489	1590	17.5635
ERR13927504.19490	1577	17.0736
ERR13927504.19491	1600	17.7250
ERR13927504.19492	1542	17.3489
ERR13927504.19493	1570	17.7478
ERR13927504.19494	1604	19.3803
ERR13927504.19495	1545	14.9262
ERR13927504.19496	1568	17.9152
ERR13927504.19497	1506	16.1195
ERR13927504.19498	1557	15.6975
ERR13927504.19499	1588	16.8816
ERR13927504.19500	1579	18.5535
ERR13927504.19501	1540	16.6539
ERR13927504.19502	1564	16.0921
ERR13927504.19503	1561	18.4247
ERR13927504.19504	1578	15.9664
ERR13927504.19505	1371	17.5485
ERR13927504.19506	1569	18.5475
ERR13927504.19507	1561	15.4939
ERR13927504.19508	1557	15.5941
ERR13927504.19509	1554	14.5277
ERR13927504.19510	1553	15.4198
ERR13927504.19511	1561	19.2857
ERR13927504.19512	1596	17.1917
ERR13927504.19513	1537	16.3995
ERR13927504.19514	1552	18.1456
ERR13927504.19515	1552	18.0541
ERR13927504.19516	1336	18.0943
ERR13927504.19517	1525	16.6833
ERR13927504.19518	1568	19.5657
ERR13927504.19519	1551	18.7969
ERR13927504.19520	1557	15.7797
ERR13927504.19521	1603	15.2002
ERR13927504.19522	1478	17.8342
ERR13927504.19523	1575	18.3213
ERR13927504.19524	1566	16.1928
ERR13927504.19525	1614	16.5812
ERR13927504.19526	1591	17.4048
ERR13927504.19527	1566	15.6839
ERR13927504.19528	1551	17.2869
ERR13927504.19529	1545	19.0718
ERR13927504.19530	1561	16.3165
ERR13927504.19531	1575	18.6844
ERR13927504.19532	1552	18.4439
ERR13927504.19533	1256	20.0318
ERR13927504.19534	1550	16.7484
ERR13927504.19535	1530	14.4124
ERR13927504.19536	1552	16.0367
ERR13927504.19537	1587	15.9962
ERR13927504.19538	1619	19.5306
ERR13927504.19539	1562	16.7407
ERR13927504.19540	1572	19.6896
ERR13927504.19541	1605	17.4150
ERR13927504.19542	1599	15.4371
ERR13927504.19543	1177	15.0085
ERR13927504.19544	1566	17.7369
ERR13927504.19545	1569	16.1090
ERR13927504.19546	1550	15.3400
ERR13927504.19547	1551	15.8175
ERR13927504.19548	1540	18.2571
ERR13927504.19549	1566	17.6335
ERR13927504.19550	1516	18.4109
ERR13927504.19551	1563	16.1766
ERR13927504.19552	1571	17.5111
ERR13927504.19553	1546	15.9114
ERR13927504.19554	1449	15.3506
ERR13927504.19555	1589	16.8024
ERR13927504.19556	1516	15.5033
ERR13927504.19557	1537	19.1724
ERR13927504.19558	1583	18.1851
ERR13927504.19559	1545	16.9392
ERR13927504.19560	1588	19.5441
ERR13927504.19561	1574	19.0064
ERR13927504.19562	1559	14.7588
ERR13927504.19563	1574	19.8837
ERR13927504.19564	1565	16.4696
ERR13927504.19565	1542	16.8054
ERR13927504.19566	1507	14.5003
ERR13927504.19567	1476	16.1592
ERR13927504.19568	1559	15.8345
ERR13927504.19569	1560	16.9212
ERR13927504.19570	1552	19.0148
ERR13927504.19571	1479	16.7329
ERR13927504.19572	502	17.4522
ERR13927504.19573	1561	17.5637
ERR13927504.19574	1551	17.3546
ERR13927504.19575	1559	19.9955
ERR13927504.19576	1554	18.4414
ERR13927504.19577	1601	18.2917
ERR13927504.19578	1548	17.3501
ERR13927504.19579	1571	20.8689
ERR13927504.19580	1539	16.4984
ERR13927504.19581	1594	19.6380
ERR13927504.19582	1561	19.1967
ERR13927504.19583	1538	20.8283
ERR13927504.19584	1571	17.4029
ERR13927504.19585	1581	17.9317
ERR13927504.19586	1573	17.4412
ERR13927504.19587	1558	17.5655
ERR13927504.19588	1567	16.0153
ERR13927504.19589	1118	15.8962
ERR13927504.19590	345	15.8145
ERR13927504.19591	1481	16.1607
ERR13927504.19592	1548	15.5310
ERR13927504.19593	1536	16.8750
ERR13927504.19594	1587	16.4140
ERR13927504.19595	1546	18.3790
ERR13927504.19596	1562	19.6396
ERR13927504.19597	1594	19.5282
ERR13927504.19598	1576	18.7386
ERR13927504.19599	1577	14.2492
ERR13927504.19600	1584	17.0985
ERR13927504.19601	1570	17.7707
ERR13927504.19602	1559	17.1963
ERR13927504.19603	1567	17.5258
ERR13927504.19604	1554	19.0663
ERR13927504.19605	1577	16.7349
ERR13927504.19606	1529	16.0170
ERR13927504.19607	1582	17.2377
ERR13927504.19608	1551	14.8349
ERR13927504.19609	1532	15.5261
ERR13927504.19610	1548	17.2539
ERR13927504.19611	1551	17.5513
ERR13927504.19612	1632	19.4412
ERR13927504.19613	1580	15.3437
ERR13927504.19614	1566	18.3710
ERR13927504.19615	1582	18.1587
ERR13927504.19616	1534	15.6460
ERR13927504.19617	1597	16.8316
ERR13927504.19618	1562	16.4379
ERR13927504.19619	1627	19.1082
ERR13927504.19620	1585	16.5565
ERR13927504.19621	1581	17.9089
ERR13927504.19622	1151	15.6803
ERR13927504.19623	1561	14.9667
ERR13927504.19624	1614	18.4486
ERR13927504.19625	1665	15.8715
ERR13927504.19626	1566	15.6750
ERR13927504.19627	1580	18.1342
ERR13927504.19628	1531	14.5937
ERR13927504.19629	1556	16.7121
ERR13927504.19630	1598	17.1840
ERR13927504.19631	1549	17.5339
ERR13927504.19632	1547	15.9341
ERR13927504.19633	1426	17.8913
ERR13927504.19634	1578	16.2376
ERR13927504.19635	677	14.8715
ERR13927504.19636	1539	15.6628
ERR13927504.19637	1565	17.1872
ERR13927504.19638	1544	17.8206
ERR13927504.19639	1586	18.6646
ERR13927504.19640	1541	18.6580
ERR13927504.19641	1566	16.7254
ERR13927504.19642	1600	14.8038
ERR13927504.19643	1573	19.0655
ERR13927504.19644	1575	15.9676
ERR13927504.19645	1584	17.5619
ERR13927504.19646	1552	17.0103
ERR13927504.19647	1479	15.0230
ERR13927504.19648	1580	15.8519
ERR13927504.19649	438	13.4817
ERR13927504.19650	1397	18.7502
ERR13927504.19651	1523	16.5614
ERR13927504.19652	1550	15.2000
ERR13927504.19653	1416	14.9732
ERR13927504.19654	1558	17.0436
ERR13927504.19655	1584	19.1282
ERR13927504.19656	3157	16.9937
ERR13927504.19657	1531	16.8694
ERR13927504.19658	1567	18.0140
ERR13927504.19659	1545	18.0201
ERR13927504.19660	1545	14.9793
ERR13927504.19661	1561	14.7406
ERR13927504.19662	1551	17.2089
ERR13927504.19663	1459	17.9815
ERR13927504.19664	1560	17.0154
ERR13927504.19665	1559	15.8428
ERR13927504.19666	1579	16.8740
ERR13927504.19667	1560	15.5365
ERR13927504.19668	1631	17.6806
ERR13927504.19669	1509	15.7217
ERR13927504.19670	1589	17.4676
ERR13927504.19671	1499	17.5744
ERR13927504.19672	1580	15.9519
ERR13927504.19673	1554	16.9620
ERR13927504.19674	1554	16.8726
ERR13927504.19675	1616	17.6584
ERR13927504.19676	1568	16.3858
ERR13927504.19677	1567	19.4046
ERR13927504.19678	1624	15.6188
ERR13927504.19679	1534	15.8768
ERR13927504.19680	1565	16.7936
ERR13927504.19681	1550	15.6329
ERR13927504.19682	1560	15.3667
ERR13927504.19683	1552	17.3228
ERR13927504.19684	1544	17.1308
ERR13927504.19685	1050	14.8743
ERR13927504.19686	1567	18.4518
ERR13927504.19687	1576	16.8832
ERR13927504.19688	1581	17.4921
ERR13927504.19689	1561	15.9564
ERR13927504.19690	1544	17.3484
ERR13927504.19691	1540	15.8253
ERR13927504.19692	1562	17.3419
ERR13927504.19693	1530	18.2693
ERR13927504.19694	1598	17.0338
ERR13927504.19695	1571	17.6149
ERR13927504.19696	1569	17.4882
ERR13927504.19697	1122	17.9430
ERR13927504.19698	1563	15.8362
ERR13927504.19699	1573	15.9784
ERR13927504.19700	1579	16.5351
ERR13927504.19701	1558	16.1900
ERR13927504.19702	1583	17.9204
ERR13927504.19703	1539	17.3645
ERR13927504.19704	1550	17.8039
ERR13927504.19705	1237	17.2005
ERR13927504.19706	1530	15.9869
ERR13927504.19707	1555	17.6251
ERR13927504.19708	1551	17.9252
ERR13927504.19709	1347	17.4967
ERR13927504.19710	1542	16.0058
ERR13927504.19711	1580	18.1025
ERR13927504.19712	1558	18.1258
ERR13927504.19713	1544	18.0091
ERR13927504.19714	1529	15.4075
ERR13927504.19715	1568	16.8654
ERR13927504.19716	1127	18.2245
ERR13927504.19717	1564	14.9373
ERR13927504.19718	1572	18.3581
ERR13927504.19719	1617	16.1336
ERR13927504.19720	1555	18.1074
ERR13927504.19721	1580	18.6437
ERR13927504.19722	1558	15.0456
ERR13927504.19723	1433	14.7599
ERR13927504.19724	1595	18.4577
ERR13927504.19725	1557	15.7887
ERR13927504.19726	1530	15.7353
ERR13927504.19727	1531	17.4121
ERR13927504.19728	1582	17.4368
ERR13927504.19729	1548	19.8721
ERR13927504.19730	1548	17.0149
ERR13927504.19731	1583	19.0088
ERR13927504.19732	1557	15.3584
ERR13927504.19733	1564	13.6733
ERR13927504.19734	1562	19.5832
ERR13927504.19735	1570	16.4159
ERR13927504.19736	1575	16.9949
ERR13927504.19737	1353	17.9350
ERR13927504.19738	1567	16.2138
ERR13927504.19739	1611	18.5953
ERR13927504.19740	1599	18.1995
ERR13927504.19741	1542	18.0882
ERR13927504.19742	1224	16.9657
ERR13927504.19743	1576	18.6561
ERR13927504.19744	1111	16.7741
ERR13927504.19745	1567	19.4761
ERR13927504.19746	1582	15.9008
ERR13927504.19747	1568	16.9579
ERR13927504.19748	1581	18.1246
ERR13927504.19749	1558	14.0186
ERR13927504.19750	1566	16.9834
ERR13927504.19751	1550	16.6452
ERR13927504.19752	1580	18.5627
ERR13927504.19753	1582	16.7876
ERR13927504.19754	1536	18.0579
ERR13927504.19755	1582	18.8015
ERR13927504.19756	1545	16.9230
ERR13927504.19757	1582	15.8394
ERR13927504.19758	1567	16.6860
ERR13927504.19759	1581	17.1101
ERR13927504.19760	1540	19.2435
ERR13927504.19761	1568	15.9554
ERR13927504.19762	1576	15.2062
ERR13927504.19763	1559	17.2527
ERR13927504.19764	1576	18.7056
ERR13927504.19765	1595	17.2897
ERR13927504.19766	1481	14.0959
ERR13927504.19767	1501	18.0353
ERR13927504.19768	1554	17.7284
ERR13927504.19769	1581	21.6458
ERR13927504.19770	1567	18.6471
ERR13927504.19771	1576	20.0209
ERR13927504.19772	1586	18.9401
ERR13927504.19773	1558	17.4153
ERR13927504.19774	1583	15.0840
ERR13927504.19775	1544	19.8251
ERR13927504.19776	983	19.2716
ERR13927504.19777	1562	18.4571
ERR13927504.19778	1559	18.1296
ERR13927504.19779	1547	13.9606
ERR13927504.19780	1579	15.4003
ERR13927504.19781	1574	16.0654
ERR13927504.19782	1537	18.9727
ERR13927504.19783	1589	16.2209
ERR13927504.19784	1541	15.6703
ERR13927504.19785	1600	17.3625
ERR13927504.19786	1553	15.2073
ERR13927504.19787	1567	15.3280
ERR13927504.19788	1571	17.7116
ERR13927504.19789	1576	18.4397
ERR13927504.19790	1570	16.4217
ERR13927504.19791	1577	17.8003
ERR13927504.19792	1506	15.4548
ERR13927504.19793	1583	15.8307
ERR13927504.19794	1560	14.5577
ERR13927504.19795	1591	18.1515
ERR13927504.19796	1637	18.1955
ERR13927504.19797	1566	14.2471
ERR13927504.19798	1553	14.6561
ERR13927504.19799	1567	15.0568
ERR13927504.19800	1545	16.4951
ERR13927504.19801	1558	15.7067
ERR13927504.19802	1510	13.7748
ERR13927504.19803	1534	18.4478
ERR13927504.19804	1571	17.2101
ERR13927504.19805	1087	16.4949
ERR13927504.19806	1601	19.8157
ERR13927504.19807	1602	15.9769
ERR13927504.19808	1571	16.5907
ERR13927504.19809	1543	18.2372
ERR13927504.19810	1544	19.0078
ERR13927504.19811	1588	16.9754
ERR13927504.19812	1579	18.4775
ERR13927504.19813	1561	15.7258
ERR13927504.19814	1558	17.5218
ERR13927504.19815	1542	15.7743
ERR13927504.19816	1538	17.1951
ERR13927504.19817	1561	13.9660
ERR13927504.19818	1593	21.2894
ERR13927504.19819	1582	19.6719
ERR13927504.19820	1540	15.9877
ERR13927504.19821	1564	18.7935
ERR13927504.19822	1645	16.3660
ERR13927504.19823	1602	17.8027
ERR13927504.19824	1540	18.1721
ERR13927504.19825	1556	19.3560
ERR13927504.19826	1541	17.3310
ERR13927504.19827	1567	15.4537
ERR13927504.19828	1570	18.6439
ERR13927504.19829	1474	15.5075
ERR13927504.19830	1531	17.8478
ERR13927504.19831	1578	16.0418
ERR13927504.19832	1573	16.9218
ERR13927504.19833	1554	16.1634
ERR13927504.19834	1508	16.1651
ERR13927504.19835	1589	18.2020
ERR13927504.19836	1518	13.6357
ERR13927504.19837	1570	16.3172
ERR13927504.19838	1561	19.3049
ERR13927504.19839	1582	18.3647
ERR13927504.19840	1704	17.6050
ERR13927504.19841	409	14.4083
ERR13927504.19842	1548	18.3979
ERR13927504.19843	1559	16.1604
ERR13927504.19844	1564	16.2052
ERR13927504.19845	1609	18.8595
ERR13927504.19846	1543	14.8146
ERR13927504.19847	1577	17.0983
ERR13927504.19848	1538	18.1782
ERR13927504.19849	1571	16.0420
ERR13927504.19850	1460	17.8685
ERR13927504.19851	1553	15.4192
ERR13927504.19852	1565	16.9546
ERR13927504.19853	1514	16.8633
ERR13927504.19854	1525	18.1298
ERR13927504.19855	1588	18.1650
ERR13927504.19856	1516	15.9129
ERR13927504.19857	1578	18.7567
ERR13927504.19858	1546	15.2135
ERR13927504.19859	1535	15.8788
ERR13927504.19860	1587	18.4997
ERR13927504.19861	1564	16.1355
ERR13927504.19862	1565	18.7208
ERR13927504.19863	374	15.3850
ERR13927504.19864	1587	19.0435
ERR13927504.19865	1583	18.1567
ERR13927504.19866	1565	18.2633
ERR13927504.19867	1521	16.0565
ERR13927504.19868	1584	14.5196
ERR13927504.19869	1552	15.4491
ERR13927504.19870	1569	20.4442
ERR13927504.19871	1564	18.4559
ERR13927504.19872	1567	16.7556
ERR13927504.19873	1293	16.1121
ERR13927504.19874	1558	17.8838
ERR13927504.19875	1551	16.9813
ERR13927504.19876	1593	19.6121
ERR13927504.19877	1584	17.9741
ERR13927504.19878	1571	16.3794
ERR13927504.19879	1569	16.0586
ERR13927504.19880	903	17.6035
ERR13927504.19881	1579	17.4490
ERR13927504.19882	257	12.6770
ERR13927504.19883	1551	16.4391
ERR13927504.19884	1577	17.6227
ERR13927504.19885	1529	16.4539
ERR13927504.19886	1585	20.3073
ERR13927504.19887	1484	15.4690
ERR13927504.19888	1587	16.6824
ERR13927504.19889	1527	15.9142
ERR13927504.19890	1551	18.0741
ERR13927504.19891	1586	18.4540
ERR13927504.19892	1217	16.3706
ERR13927504.19893	1817	16.4546
ERR13927504.19894	1596	16.9586
ERR13927504.19895	1556	17.3824
ERR13927504.19896	1283	15.1574
ERR13927504.19897	1554	17.2156
ERR13927504.19898	1571	15.7409
ERR13927504.19899	1536	14.7233
ERR13927504.19900	1538	15.5156
ERR13927504.19901	1594	16.0590
ERR13927504.19902	1512	15.8042
ERR13927504.19903	1556	18.2796
ERR13927504.19904	1539	17.4912
ERR13927504.19905	1590	17.8138
ERR13927504.19906	1567	14.7824
ERR13927504.19907	1555	15.5145
ERR13927504.19908	1564	15.0991
ERR13927504.19909	1509	18.0133
ERR13927504.19910	1520	17.2520
ERR13927504.19911	1567	17.3421
ERR13927504.19912	1591	16.7662
ERR13927504.19913	1546	18.3169
ERR13927504.19914	1605	17.6935
ERR13927504.19915	1580	19.5873
ERR13927504.19916	1585	18.8549
ERR13927504.19917	1586	19.9672
ERR13927504.19918	1560	19.5359
ERR13927504.19919	1739	19.2490
ERR13927504.19920	1326	19.1071
ERR13927504.19921	1558	15.0623
ERR13927504.19922	1585	16.7243
ERR13927504.19923	1581	18.2423
ERR13927504.19924	1563	17.4914
ERR13927504.19925	1574	16.8659
ERR13927504.19926	1588	17.9087
ERR13927504.19927	1594	17.7735
ERR13927504.19928	1556	18.4338
ERR13927504.19929	1585	16.2057
ERR13927504.19930	1616	17.2376
ERR13927504.19931	1544	18.8258
ERR13927504.19932	1545	18.7599
ERR13927504.19933	1547	15.8087
ERR13927504.19934	1531	17.8171
ERR13927504.19935	1585	16.3117
ERR13927504.19936	1579	16.3331
ERR13927504.19937	1117	17.4369
ERR13927504.19938	1547	16.4583
ERR13927504.19939	1592	16.3128
ERR13927504.19940	1618	14.3578
ERR13927504.19941	1590	18.7648
ERR13927504.19942	1597	18.6644
ERR13927504.19943	1562	15.7247
ERR13927504.19944	1612	19.5751
ERR13927504.19945	1593	19.3685
ERR13927504.19946	1586	18.2629
ERR13927504.19947	1576	15.8338
ERR13927504.19948	1567	18.2304
ERR13927504.19949	1566	17.5396
ERR13927504.19950	1562	15.3668
ERR13927504.19951	1555	15.0759
ERR13927504.19952	1543	15.1134
ERR13927504.19953	535	15.6636
ERR13927504.19954	1583	16.2369
ERR13927504.19955	1547	17.2495
ERR13927504.19956	1578	19.9537
ERR13927504.19957	1570	15.8592
ERR13927504.19958	1572	16.2226
ERR13927504.19959	1552	17.5187
ERR13927504.19960	1545	16.5650
ERR13927504.19961	1193	14.5809
ERR13927504.19962	2676	16.2425
ERR13927504.19963	1455	15.6316
ERR13927504.19964	1052	14.5485
ERR13927504.19965	1579	19.2964
ERR13927504.19966	1566	16.7605
ERR13927504.19967	1544	14.8698
ERR13927504.19968	1562	15.3233
ERR13927504.19969	1568	17.1913
ERR13927504.19970	1558	18.0873
ERR13927504.19971	1527	16.4663
ERR13927504.19972	1548	17.9619
ERR13927504.19973	1590	18.3849
ERR13927504.19974	1542	17.9604
ERR13927504.19975	1536	17.6335
ERR13927504.19976	1537	18.7781
ERR13927504.19977	1543	14.8827
ERR13927504.19978	1583	17.8509
ERR13927504.19979	1587	19.1512
ERR13927504.19980	1558	16.8017
ERR13927504.19981	1564	18.2730
ERR13927504.19982	1547	16.0440
ERR13927504.19983	1561	15.1768
ERR13927504.19984	1592	18.5810
ERR13927504.19985	1558	16.9551
ERR13927504.19986	1540	18.1838
ERR13927504.19987	1537	17.2004
ERR13927504.19988	1339	16.9081
ERR13927504.19989	1578	15.1863
ERR13927504.19990	1581	17.3409
ERR13927504.19991	1508	17.1903
ERR13927504.19992	1546	18.1061
ERR13927504.19993	1588	17.9276
ERR13927504.19994	1587	16.6100
ERR13927504.19995	1540	15.4955
ERR13927504.19996	1592	16.7004
ERR13927504.19997	1432	18.2297
ERR13927504.19998	1545	15.6013
ERR13927504.19999	1565	16.8102
ERR13927504.20000	1569	16.3327
ERR13927504.20001	1557	16.6936
ERR13927504.20002	1342	17.1200
ERR13927504.20003	1583	18.1920
ERR13927504.20004	1533	16.5134
ERR13927504.20005	1556	18.8792
ERR13927504.20006	1549	15.4661
ERR13927504.20007	1565	17.0978
ERR13927504.20008	1591	16.3790
ERR13927504.20009	1579	17.4193
ERR13927504.20010	1618	18.3467
ERR13927504.20011	1588	17.7261
ERR13927504.20012	1537	17.9343
ERR13927504.20013	1543	18.7868
ERR13927504.20014	1550	14.4310
ERR13927504.20015	1584	15.1496
ERR13927504.20016	1564	17.1279
ERR13927504.20017	1527	15.0072
ERR13927504.20018	1510	17.2272
ERR13927504.20019	1555	17.6669
ERR13927504.20020	1554	19.5753
ERR13927504.20021	1575	18.1276
ERR13927504.20022	1541	18.4095
ERR13927504.20023	1561	18.0122
ERR13927504.20024	1541	17.7047
ERR13927504.20025	1588	17.1524
ERR13927504.20026	1581	17.9317
ERR13927504.20027	1572	19.3728
ERR13927504.20028	1553	16.6124
ERR13927504.20029	1573	15.0877
ERR13927504.20030	1550	17.8865
ERR13927504.20031	1584	16.4072
ERR13927504.20032	1532	16.6410
ERR13927504.20033	1537	17.0091
ERR13927504.20034	1586	15.8209
ERR13927504.20035	1574	21.1499
ERR13927504.20036	1598	18.7466
ERR13927504.20037	1569	16.9688
ERR13927504.20038	1605	17.2804
ERR13927504.20039	1522	15.5808
ERR13927504.20040	402	15.4030
ERR13927504.20041	1558	14.3055
ERR13927504.20042	1583	17.1630
ERR13927504.20043	1713	15.0671
ERR13927504.20044	1537	16.4867
ERR13927504.20045	1562	17.2990
ERR13927504.20046	1055	16.4028
ERR13927504.20047	1568	18.0497
ERR13927504.20048	1584	17.7784
ERR13927504.20049	713	16.1010
ERR13927504.20050	1562	17.4533
ERR13927504.20051	1569	17.3627
ERR13927504.20052	1590	18.2440
ERR13927504.20053	1583	16.2988
ERR13927504.20054	1558	19.1938
ERR13927504.20055	1564	16.3996
ERR13927504.20056	1537	14.4658
ERR13927504.20057	1544	18.5803
ERR13927504.20058	1519	16.8249
ERR13927504.20059	1550	18.5606
ERR13927504.20060	1585	17.9161
ERR13927504.20061	1561	18.0916
ERR13927504.20062	1575	15.2419
ERR13927504.20063	1542	18.1965
ERR13927504.20064	1570	19.2790
ERR13927504.20065	1556	17.2294
ERR13927504.20066	1539	17.0149
ERR13927504.20067	1594	20.2980
ERR13927504.20068	1565	17.6441
ERR13927504.20069	1547	15.1907
ERR13927504.20070	591	15.7191
ERR13927504.20071	1555	17.6289
ERR13927504.20072	1567	16.0708
ERR13927504.20073	1334	16.4850
ERR13927504.20074	885	15.4621
ERR13927504.20075	1561	20.5714
ERR13927504.20076	1546	18.2225
ERR13927504.20077	1567	17.3331
ERR13927504.20078	1583	18.4315
ERR13927504.20079	1561	15.8668
ERR13927504.20080	1071	15.4015
ERR13927504.20081	1528	16.9182
ERR13927504.20082	1629	15.5807
ERR13927504.20083	1500	16.5020
ERR13927504.20084	1527	15.5108
ERR13927504.20085	1575	16.9467
ERR13927504.20086	1535	16.0221
ERR13927504.20087	1580	17.0671
ERR13927504.20088	1574	16.2230
ERR13927504.20089	1566	18.3889
ERR13927504.20090	1579	15.9987
ERR13927504.20091	1576	14.8782
ERR13927504.20092	1575	17.3651
ERR13927504.20093	1590	16.4013
ERR13927504.20094	1566	19.1928
ERR13927504.20095	1614	15.4436
ERR13927504.20096	1509	16.3930
ERR13927504.20097	1576	16.8845
ERR13927504.20098	1586	17.3203
ERR13927504.20099	1544	15.7409
ERR13927504.20100	1591	17.0251
ERR13927504.20101	1584	16.6458
ERR13927504.20102	1526	16.8191
ERR13927504.20103	1585	15.7047
ERR13927504.20104	1572	17.6355
ERR13927504.20105	1560	16.8122
ERR13927504.20106	1584	16.6307
ERR13927504.20107	1600	16.9856
ERR13927504.20108	1548	15.4761
ERR13927504.20109	1594	15.6305
ERR13927504.20110	1546	18.0621
ERR13927504.20111	1564	18.1579
ERR13927504.20112	1610	17.6919
ERR13927504.20113	1604	17.6808
ERR13927504.20114	1553	16.3703
ERR13927504.20115	1585	17.4921
ERR13927504.20116	1523	14.6842
ERR13927504.20117	1547	16.2250
ERR13927504.20118	1529	17.6586
ERR13927504.20119	1606	20.2621
ERR13927504.20120	1558	16.5417
ERR13927504.20121	1562	15.5493
ERR13927504.20122	1571	17.2317
ERR13927504.20123	1558	18.7407
ERR13927504.20124	1547	17.3465
ERR13927504.20125	1607	18.6217
ERR13927504.20126	1592	15.1727
ERR13927504.20127	1570	15.9382
ERR13927504.20128	1557	15.9531
ERR13927504.20129	1507	17.7319
ERR13927504.20130	1554	18.6898
ERR13927504.20131	1564	14.8798
ERR13927504.20132	1529	17.9339
ERR13927504.20133	1593	15.1777
ERR13927504.20134	1527	15.0308
ERR13927504.20135	1658	15.7099
ERR13927504.20136	1570	16.9682
ERR13927504.20137	1565	20.3508
ERR13927504.20138	1555	16.2765
ERR13927504.20139	1564	18.4770
ERR13927504.20140	1545	18.0628
ERR13927504.20141	1538	16.4031
ERR13927504.20142	1602	18.3695
ERR13927504.20143	1559	16.3554
ERR13927504.20144	547	14.7093
ERR13927504.20145	1533	17.2524
ERR13927504.20146	1548	15.5433
ERR13927504.20147	1547	20.7143
ERR13927504.20148	1588	16.3293
ERR13927504.20149	1557	18.7919
ERR13927504.20150	1585	16.4385
ERR13927504.20151	1554	15.1293
ERR13927504.20152	1552	15.9665
ERR13927504.20153	1566	15.3314
ERR13927504.20154	1580	18.3500
ERR13927504.20155	1585	15.1338
ERR13927504.20156	1584	17.6932
ERR13927504.20157	1572	18.7761
ERR13927504.20158	1562	15.6204
ERR13927504.20159	1558	17.6553
ERR13927504.20160	1578	17.3004
ERR13927504.20161	1551	15.6738
ERR13927504.20162	1510	14.8404
ERR13927504.20163	1565	16.5131
ERR13927504.20164	1572	15.2379
ERR13927504.20165	1469	14.3601
ERR13927504.20166	1543	16.1465
ERR13927504.20167	1556	17.0508
ERR13927504.20168	1532	16.6769
ERR13927504.20169	1526	15.0590
ERR13927504.20170	1601	16.7464
ERR13927504.20171	1417	18.8532
ERR13927504.20172	1568	17.0300
ERR13927504.20173	1552	16.0451
ERR13927504.20174	1519	17.3825
ERR13927504.20175	1577	16.2777
ERR13927504.20176	1600	16.9919
ERR13927504.20177	1593	17.2693
ERR13927504.20178	1571	15.4920
ERR13927504.20179	1582	17.4374
ERR13927504.20180	1590	19.9226
ERR13927504.20181	1503	16.1084
ERR13927504.20182	1563	17.7921
ERR13927504.20183	1563	19.3532
ERR13927504.20184	1544	16.1192
ERR13927504.20185	1612	17.0831
ERR13927504.20186	1598	19.5663
ERR13927504.20187	1576	16.1999
ERR13927504.20188	1581	16.6022
ERR13927504.20189	1557	15.6615
ERR13927504.20190	1591	16.4645
ERR13927504.20191	1609	16.0392
ERR13927504.20192	1547	16.0970
ERR13927504.20193	1602	16.2697
ERR13927504.20194	1600	18.7775
ERR13927504.20195	1540	18.3740
ERR13927504.20196	1550	17.3697
ERR13927504.20197	1442	17.9632
ERR13927504.20198	1525	14.7436
ERR13927504.20199	1530	15.5131
ERR13927504.20200	1179	20.2409
ERR13927504.20201	1585	18.8132
ERR13927504.20202	1501	17.8501
ERR13927504.20203	1596	21.2287
ERR13927504.20204	1561	17.0910
ERR13927504.20205	1578	18.2940
ERR13927504.20206	1582	17.2535
ERR13927504.20207	1564	16.2775
ERR13927504.20208	1567	17.3899
ERR13927504.20209	1552	14.7294
ERR13927504.20210	1559	15.5664
ERR13927504.20211	1523	15.9501
ERR13927504.20212	1529	16.6004
ERR13927504.20213	1563	14.4523
ERR13927504.20214	1577	17.1763
ERR13927504.20215	1497	15.2425
ERR13927504.20216	1529	14.5775
ERR13927504.20217	1552	13.8756
ERR13927504.20218	1551	16.3875
ERR13927504.20219	1564	17.9942
ERR13927504.20220	1527	14.5809
ERR13927504.20221	1465	17.9058
ERR13927504.20222	1577	19.0044
ERR13927504.20223	1589	18.1246
ERR13927504.20224	1542	15.8735
ERR13927504.20225	1562	17.4757
ERR13927504.20226	1510	14.4735
ERR13927504.20227	1554	19.6133
ERR13927504.20228	1602	16.6567
ERR13927504.20229	1556	15.9306
ERR13927504.20230	1587	17.7290
ERR13927504.20231	1535	18.3720
ERR13927504.20232	1551	15.9117
ERR13927504.20233	1578	15.4442
ERR13927504.20234	1548	17.1337
ERR13927504.20235	1587	20.1128
ERR13927504.20236	1557	15.3462
ERR13927504.20237	1631	18.4298
ERR13927504.20238	1539	15.6498
ERR13927504.20239	1522	17.7142
ERR13927504.20240	1565	18.6639
ERR13927504.20241	1559	18.0487
ERR13927504.20242	1590	16.5535
ERR13927504.20243	1592	15.9887
ERR13927504.20244	1552	14.5812
ERR13927504.20245	1598	17.1984
ERR13927504.20246	1572	16.4879
ERR13927504.20247	1569	15.8082
ERR13927504.20248	1176	18.1088
ERR13927504.20249	1606	18.7534
ERR13927504.20250	1566	17.6705
ERR13927504.20251	1557	16.9364
ERR13927504.20252	1570	17.1949
ERR13927504.20253	1557	21.7996
ERR13927504.20254	1550	15.2639
ERR13927504.20255	3138	16.7980
ERR13927504.20256	1537	16.8308
ERR13927504.20257	1547	17.6471
ERR13927504.20258	1726	18.1808
ERR13927504.20259	1556	15.7571
ERR13927504.20260	1573	18.4793
ERR13927504.20261	1542	17.0940
ERR13927504.20262	1591	18.8410
ERR13927504.20263	1552	18.2152
ERR13927504.20264	1577	21.8782
ERR13927504.20265	1533	16.6895
ERR13927504.20266	1587	18.4808
ERR13927504.20267	1566	16.2331
ERR13927504.20268	1582	18.7958
ERR13927504.20269	1571	15.7836
ERR13927504.20270	1566	17.9687
ERR13927504.20271	1543	17.8218
ERR13927504.20272	1566	19.4943
ERR13927504.20273	1546	17.8596
ERR13927504.20274	1571	16.8281
ERR13927504.20275	1533	13.5864
ERR13927504.20276	1537	16.0735
ERR13927504.20277	502	13.6076
ERR13927504.20278	1559	15.6292
ERR13927504.20279	1570	17.4529
ERR13927504.20280	1497	18.9780
ERR13927504.20281	1544	15.5194
ERR13927504.20282	1595	17.3774
ERR13927504.20283	1558	18.1053
ERR13927504.20284	1543	19.2761
ERR13927504.20285	1555	16.0186
ERR13927504.20286	1552	16.1334
ERR13927504.20287	1574	18.8240
ERR13927504.20288	1569	16.6896
ERR13927504.20289	1610	17.6379
ERR13927504.20290	1547	18.2127
ERR13927504.20291	1572	17.7786
ERR13927504.20292	1589	16.0371
ERR13927504.20293	1563	17.8356
ERR13927504.20294	1567	17.5909
ERR13927504.20295	1571	20.3584
ERR13927504.20296	1546	19.7691
ERR13927504.20297	1571	20.9281
ERR13927504.20298	1603	17.5009
ERR13927504.20299	1508	17.9794
ERR13927504.20300	1571	15.1292
ERR13927504.20301	1582	17.7054
ERR13927504.20302	1564	15.2685
ERR13927504.20303	1533	17.3562
ERR13927504.20304	1542	16.9189
ERR13927504.20305	1496	16.3630
ERR13927504.20306	1588	16.5938
ERR13927504.20307	1613	18.9752
ERR13927504.20308	1511	15.9332
ERR13927504.20309	1585	16.5950
ERR13927504.20310	1564	19.0460
ERR13927504.20311	1584	18.7298
ERR13927504.20312	796	16.2098
ERR13927504.20313	1533	16.8598
ERR13927504.20314	1554	16.6705
ERR13927504.20315	1578	15.7864
ERR13927504.20316	1567	17.2183
ERR13927504.20317	822	17.7883
ERR13927504.20318	1286	15.7543
ERR13927504.20319	1555	15.6277
ERR13927504.20320	1545	15.9385
ERR13927504.20321	1585	18.4492
ERR13927504.20322	1575	17.6425
ERR13927504.20323	1553	15.8184
ERR13927504.20324	1576	16.0514
ERR13927504.20325	1547	16.5036
ERR13927504.20326	1526	16.3172
ERR13927504.20327	1533	15.7254
ERR13927504.20328	1588	17.1662
ERR13927504.20329	1526	15.9220
ERR13927504.20330	648	15.6698
ERR13927504.20331	1607	16.0380
ERR13927504.20332	1596	18.4818
ERR13927504.20333	1555	14.7466
ERR13927504.20334	1594	18.2133
ERR13927504.20335	1590	18.6063
ERR13927504.20336	1547	18.1984
ERR13927504.20337	1513	15.6900
ERR13927504.20338	1573	15.9580
ERR13927504.20339	1566	18.2963
ERR13927504.20340	1443	15.3174
ERR13927504.20341	1566	18.0722
ERR13927504.20342	1553	17.6014
ERR13927504.20343	1601	18.1849
ERR13927504.20344	1594	18.0125
ERR13927504.20345	521	15.2917
ERR13927504.20346	1604	15.2188
ERR13927504.20347	1553	18.0232
ERR13927504.20348	1512	14.9775
ERR13927504.20349	1554	15.8623
ERR13927504.20350	1533	15.3731
ERR13927504.20351	1514	16.5542
ERR13927504.20352	1598	16.6859
ERR13927504.20353	1580	14.8633
ERR13927504.20354	1521	17.9586
ERR13927504.20355	1559	17.5241
ERR13927504.20356	1589	20.4701
ERR13927504.20357	1526	19.0577
ERR13927504.20358	1570	18.8879
ERR13927504.20359	1568	14.9464
ERR13927504.20360	1591	15.7788
ERR13927504.20361	1547	15.4137
ERR13927504.20362	1590	19.6792
ERR13927504.20363	1581	16.5794
ERR13927504.20364	1564	16.7992
ERR13927504.20365	1572	17.4224
ERR13927504.20366	1563	14.3813
ERR13927504.20367	317	18.0536
ERR13927504.20368	1592	17.7946
ERR13927504.20369	1181	18.1109
ERR13927504.20370	1568	18.9286
ERR13927504.20371	1589	17.0560
ERR13927504.20372	1578	17.3219
ERR13927504.20373	857	15.5449
ERR13927504.20374	1536	17.7884
ERR13927504.20375	1548	15.9516
ERR13927504.20376	1535	17.0248
ERR13927504.20377	1553	17.2543
ERR13927504.20378	1568	18.8833
ERR13927504.20379	1567	16.1787
ERR13927504.20380	1556	15.9839
ERR13927504.20381	1499	17.9606
ERR13927504.20382	1530	16.8647
ERR13927504.20383	1595	17.6897
ERR13927504.20384	1534	15.7621
ERR13927504.20385	1559	15.4118
ERR13927504.20386	1578	18.8346
ERR13927504.20387	1571	19.1012
ERR13927504.20388	1544	18.8005
ERR13927504.20389	1559	18.0520
ERR13927504.20390	1557	17.0604
ERR13927504.20391	1553	19.1146
ERR13927504.20392	1573	18.9892
ERR13927504.20393	1538	15.1235
ERR13927504.20394	1575	17.7689
ERR13927504.20395	1549	18.6346
ERR13927504.20396	1496	19.0475
ERR13927504.20397	815	15.9031
ERR13927504.20398	1596	18.6736
ERR13927504.20399	339	18.4543
ERR13927504.20400	1539	16.8622
ERR13927504.20401	1586	15.7478
ERR13927504.20402	1568	14.7532
ERR13927504.20403	1568	18.1958
ERR13927504.20404	914	15.8676
ERR13927504.20405	1582	19.0322
ERR13927504.20406	1576	14.6015
ERR13927504.20407	1563	15.8247
ERR13927504.20408	618	15.3689
ERR13927504.20409	1587	16.9408
ERR13927504.20410	189	15.5185
ERR13927504.20411	1587	17.2653
ERR13927504.20412	1550	17.4890
ERR13927504.20413	1543	15.3688
ERR13927504.20414	1584	19.8005
ERR13927504.20415	1489	17.2149
ERR13927504.20416	1577	16.3532
ERR13927504.20417	1586	19.0038
ERR13927504.20418	1554	18.6358
ERR13927504.20419	1559	17.8544
ERR13927504.20420	1559	16.2925
ERR13927504.20421	1553	16.9524
ERR13927504.20422	1547	17.2269
ERR13927504.20423	1558	17.5160
ERR13927504.20424	1555	17.4463
ERR13927504.20425	1562	17.3310
ERR13927504.20426	1559	15.1507
ERR13927504.20427	1579	16.7606
ERR13927504.20428	1550	17.0523
ERR13927504.20429	1567	15.5041
ERR13927504.20430	1542	16.0337
ERR13927504.20431	1540	14.7019
ERR13927504.20432	1164	15.1649
ERR13927504.20433	1564	15.3478
ERR13927504.20434	1589	15.8439
ERR13927504.20435	1563	17.9635
ERR13927504.20436	1529	16.6494
ERR13927504.20437	1559	18.0135
ERR13927504.20438	1557	17.9807
ERR13927504.20439	1530	15.4954
ERR13927504.20440	1535	16.1401
ERR13927504.20441	1572	17.2061
ERR13927504.20442	1561	19.8315
ERR13927504.20443	1558	16.3671
ERR13927504.20444	1544	16.8167
ERR13927504.20445	1573	15.4304
ERR13927504.20446	1575	16.3479
ERR13927504.20447	1557	15.1734
ERR13927504.20448	1580	17.3316
ERR13927504.20449	1566	18.4808
ERR13927504.20450	1491	15.9752
ERR13927504.20451	1570	16.0611
ERR13927504.20452	1554	17.0644
ERR13927504.20453	1577	15.3418
ERR13927504.20454	1533	17.5688
ERR13927504.20455	1606	16.0243
ERR13927504.20456	1532	19.4289
ERR13927504.20457	1560	16.0891
ERR13927504.20458	1556	18.2751
ERR13927504.20459	1594	21.6010
ERR13927504.20460	1563	15.4798
ERR13927504.20461	1544	15.4799
ERR13927504.20462	1549	16.0665
ERR13927504.20463	1567	18.8896
ERR13927504.20464	1553	19.5132
ERR13927504.20465	1579	17.2901
ERR13927504.20466	1563	18.5208
ERR13927504.20467	1592	16.9014
ERR13927504.20468	1531	15.7257
ERR13927504.20469	1589	17.6042
ERR13927504.20470	1593	19.2957
ERR13927504.20471	1538	17.5494
ERR13927504.20472	1522	15.3640
ERR13927504.20473	1539	17.4691
ERR13927504.20474	1526	18.4214
ERR13927504.20475	1533	16.7560
ERR13927504.20476	1549	17.9606
ERR13927504.20477	1567	15.2923
ERR13927504.20478	1576	15.5254
ERR13927504.20479	1565	17.4703
ERR13927504.20480	1587	16.4940
ERR13927504.20481	1585	16.9842
ERR13927504.20482	1579	17.9360
ERR13927504.20483	1512	17.3869
ERR13927504.20484	1548	16.1499
ERR13927504.20485	1523	17.3519
ERR13927504.20486	1562	16.1716
ERR13927504.20487	1553	17.6085
ERR13927504.20488	1470	16.4878
ERR13927504.20489	1576	15.2234
ERR13927504.20490	1522	17.3213
ERR13927504.20491	1569	20.1440
ERR13927504.20492	1586	16.4533
ERR13927504.20493	1543	18.6520
ERR13927504.20494	1552	15.3763
ERR13927504.20495	1584	18.2658
ERR13927504.20496	1580	17.0449
ERR13927504.20497	1564	15.3434
ERR13927504.20498	1077	16.4438
ERR13927504.20499	1598	17.0507
ERR13927504.20500	1619	15.5979
ERR13927504.20501	1562	16.8150
ERR13927504.20502	1555	17.2707
ERR13927504.20503	1605	16.2255
ERR13927504.20504	1473	16.8228
ERR13927504.20505	1551	16.1573
ERR13927504.20506	558	17.9409
ERR13927504.20507	1534	15.5072
ERR13927504.20508	1559	16.8396
ERR13927504.20509	739	18.5697
ERR13927504.20510	1576	17.5888
ERR13927504.20511	1524	16.5315
ERR13927504.20512	1545	18.5301
ERR13927504.20513	1584	19.2532
ERR13927504.20514	1558	16.3787
ERR13927504.20515	1496	16.3282
ERR13927504.20516	1529	17.8882
ERR13927504.20517	1506	14.0445
ERR13927504.20518	1570	19.8662
ERR13927504.20519	1095	18.2712
ERR13927504.20520	1604	17.3691
ERR13927504.20521	1285	17.5214
ERR13927504.20522	1540	15.8500
ERR13927504.20523	1537	16.0468
ERR13927504.20524	1548	17.7087
ERR13927504.20525	1609	16.0945
ERR13927504.20526	1563	18.8855
ERR13927504.20527	1580	19.2044
ERR13927504.20528	1552	16.5309
ERR13927504.20529	1486	16.2490
ERR13927504.20530	1548	18.2875
ERR13927504.20531	1560	17.9455
ERR13927504.20532	1515	14.8713
ERR13927504.20533	1625	15.9637
ERR13927504.20534	1582	15.6011
ERR13927504.20535	1592	20.0817
ERR13927504.20536	1570	17.2892
ERR13927504.20537	1589	15.1712
ERR13927504.20538	1557	15.9178
ERR13927504.20539	1561	15.1275
ERR13927504.20540	1460	15.9603
ERR13927504.20541	1540	17.3286
ERR13927504.20542	1567	16.7294
ERR13927504.20543	1577	15.1997
ERR13927504.20544	1544	19.0965
ERR13927504.20545	1566	14.8621
ERR13927504.20546	1561	17.0762
ERR13927504.20547	1575	20.5010
ERR13927504.20548	1609	18.6756
ERR13927504.20549	793	15.9130
ERR13927504.20550	1528	16.5262
ERR13927504.20551	1592	17.5459
ERR13927504.20552	1572	16.0496
ERR13927504.20553	1534	14.3357
ERR13927504.20554	1570	16.0631
ERR13927504.20555	1457	17.6795
ERR13927504.20556	1577	17.6747
ERR13927504.20557	1537	16.8621
ERR13927504.20558	1582	16.2522
ERR13927504.20559	1558	19.0276
ERR13927504.20560	1552	17.2133
ERR13927504.20561	1517	19.1562
ERR13927504.20562	1556	17.7018
ERR13927504.20563	1259	17.2812
ERR13927504.20564	1589	16.6551
ERR13927504.20565	1575	16.3448
ERR13927504.20566	1589	19.4877
ERR13927504.20567	1541	15.4335
ERR13927504.20568	1556	20.0765
ERR13927504.20569	1555	18.0225
ERR13927504.20570	1548	17.4373
ERR13927504.20571	1571	18.2234
ERR13927504.20572	1566	16.2465
ERR13927504.20573	1562	15.8752
ERR13927504.20574	1547	17.0646
ERR13927504.20575	1487	15.5024
ERR13927504.20576	1598	20.0369
ERR13927504.20577	1581	18.0886
ERR13927504.20578	1576	14.6275
ERR13927504.20579	1528	14.9895
ERR13927504.20580	1567	19.1315
ERR13927504.20581	1572	17.2099
ERR13927504.20582	1528	17.2520
ERR13927504.20583	1522	17.4251
ERR13927504.20584	1560	17.0160
ERR13927504.20585	1627	15.8980
ERR13927504.20586	1558	15.7535
ERR13927504.20587	1563	17.4287
ERR13927504.20588	1543	16.0486
ERR13927504.20589	1573	18.2486
ERR13927504.20590	1561	16.5759
ERR13927504.20591	1590	16.9522
ERR13927504.20592	1542	18.8191
ERR13927504.20593	1599	20.7430
ERR13927504.20594	1511	15.0450
ERR13927504.20595	1603	19.3400
ERR13927504.20596	1544	16.6541
ERR13927504.20597	452	15.1327
ERR13927504.20598	1507	14.5481
ERR13927504.20599	1556	15.8323
ERR13927504.20600	1575	17.5378
ERR13927504.20601	1573	17.6128
ERR13927504.20602	1552	14.9929
ERR13927504.20603	1555	17.7325
ERR13927504.20604	1534	19.0737
ERR13927504.20605	1520	16.8803
ERR13927504.20606	1618	16.9920
ERR13927504.20607	1621	18.7650
ERR13927504.20608	1572	19.8302
ERR13927504.20609	1574	15.9250
ERR13927504.20610	1523	14.6067
ERR13927504.20611	1542	16.8794
ERR13927504.20612	1612	16.0955
ERR13927504.20613	1563	14.8413
ERR13927504.20614	1549	20.2628
ERR13927504.20615	1510	14.7795
ERR13927504.20616	1511	14.9980
ERR13927504.20617	1549	16.3034
ERR13927504.20618	1593	17.9994
ERR13927504.20619	1560	16.4295
ERR13927504.20620	1578	16.1857
ERR13927504.20621	1559	17.3175
ERR13927504.20622	1563	18.7857
ERR13927504.20623	1508	15.4264
ERR13927504.20624	1562	14.8867
ERR13927504.20625	1561	16.0160
ERR13927504.20626	1504	18.4814
ERR13927504.20627	1597	14.8785
ERR13927504.20628	1511	15.8001
ERR13927504.20629	1548	17.0006
ERR13927504.20630	1569	19.0918
ERR13927504.20631	1613	15.0322
ERR13927504.20632	1604	15.2213
ERR13927504.20633	1533	16.8069
ERR13927504.20634	1552	17.4201
ERR13927504.20635	1575	15.0083
ERR13927504.20636	1570	17.8102
ERR13927504.20637	1526	17.9712
ERR13927504.20638	1577	19.6145
ERR13927504.20639	1567	17.5361
ERR13927504.20640	1583	16.5692
ERR13927504.20641	1579	16.5225
ERR13927504.20642	1421	17.9331
ERR13927504.20643	1602	16.2166
ERR13927504.20644	1588	18.1348
ERR13927504.20645	1570	15.5694
ERR13927504.20646	1586	16.8695
ERR13927504.20647	1532	14.9132
ERR13927504.20648	1586	18.1835
ERR13927504.20649	1492	15.3505
ERR13927504.20650	1568	16.9962
ERR13927504.20651	1217	16.6557
ERR13927504.20652	1610	17.1006
ERR13927504.20653	1493	17.5124
ERR13927504.20654	1541	17.7897
ERR13927504.20655	1558	16.8684
ERR13927504.20656	1558	19.8896
ERR13927504.20657	1545	17.8408
ERR13927504.20658	1557	18.2209
ERR13927504.20659	1601	18.6727
ERR13927504.20660	1541	16.2083
ERR13927504.20661	1567	16.9962
ERR13927504.20662	1505	15.9229
ERR13927504.20663	1540	15.8968
ERR13927504.20664	1595	15.5266
ERR13927504.20665	1582	18.3748
ERR13927504.20666	337	17.6024
ERR13927504.20667	1555	16.7614
ERR13927504.20668	1607	16.9683
ERR13927504.20669	1437	20.6270
ERR13927504.20670	1559	14.9006
ERR13927504.20671	1559	16.4862
ERR13927504.20672	1571	17.1916
ERR13927504.20673	1593	16.9831
ERR13927504.20674	1344	15.7969
ERR13927504.20675	1600	16.4675
ERR13927504.20676	1560	16.6603
ERR13927504.20677	1222	18.1776
ERR13927504.20678	1584	15.4091
ERR13927504.20679	1602	14.4944
ERR13927504.20680	1567	20.2419
ERR13927504.20681	1546	20.8545
ERR13927504.20682	1575	14.4717
ERR13927504.20683	1582	21.2155
ERR13927504.20684	1504	15.1390
ERR13927504.20685	1503	17.4079
ERR13927504.20686	1600	16.6031
ERR13927504.20687	1571	17.3711
ERR13927504.20688	1587	19.3270
ERR13927504.20689	1569	17.7533
ERR13927504.20690	1568	20.8661
ERR13927504.20691	1117	16.5568
ERR13927504.20692	1548	17.3114
ERR13927504.20693	1565	19.2064
ERR13927504.20694	1509	15.0861
ERR13927504.20695	1598	14.8554
ERR13927504.20696	1605	16.0791
ERR13927504.20697	1623	19.0296
ERR13927504.20698	1572	17.3282
ERR13927504.20699	1539	15.6699
ERR13927504.20700	1577	16.0571
ERR13927504.20701	1563	16.1254
ERR13927504.20702	1590	17.1516
ERR13927504.20703	1553	16.8364
ERR13927504.20704	1547	17.1028
ERR13927504.20705	946	17.9630
ERR13927504.20706	1564	16.9220
ERR13927504.20707	1569	16.1778
ERR13927504.20708	1546	17.7671
ERR13927504.20709	1553	18.1610
ERR13927504.20710	1529	17.5814
ERR13927504.20711	1533	17.6797
ERR13927504.20712	1335	14.9536
ERR13927504.20713	1509	16.4718
ERR13927504.20714	1576	15.9315
ERR13927504.20715	1566	14.8148
ERR13927504.20716	1533	17.6947
ERR13927504.20717	1570	16.5924
ERR13927504.20718	1562	19.5915
ERR13927504.20719	1554	16.5592
ERR13927504.20720	1535	17.4853
ERR13927504.20721	1550	14.2948
ERR13927504.20722	1564	15.8101
ERR13927504.20723	1562	14.1472
ERR13927504.20724	1571	16.8148
ERR13927504.20725	1562	19.2740
ERR13927504.20726	1557	19.5183
ERR13927504.20727	1510	16.3662
ERR13927504.20728	1541	19.9773
ERR13927504.20729	1547	15.6322
ERR13927504.20730	1546	17.4463
ERR13927504.20731	1565	18.8799
ERR13927504.20732	1559	16.4182
ERR13927504.20733	1596	15.1485
ERR13927504.20734	1572	15.9326
ERR13927504.20735	1585	17.1035
ERR13927504.20736	1568	15.8406
ERR13927504.20737	1546	15.7658
ERR13927504.20738	1577	18.1535
ERR13927504.20739	1531	17.0111
ERR13927504.20740	1550	17.0265
ERR13927504.20741	1512	16.0397
ERR13927504.20742	1575	15.7905
ERR13927504.20743	1060	15.3528
ERR13927504.20744	1572	16.4307
ERR13927504.20745	1545	17.2900
ERR13927504.20746	1577	16.8396
ERR13927504.20747	563	13.6519
ERR13927504.20748	1569	15.1268
ERR13927504.20749	1579	18.9101
ERR13927504.20750	1546	16.0517
ERR13927504.20751	1108	17.9278
ERR13927504.20752	1553	14.0219
ERR13927504.20753	1573	18.3350
ERR13927504.20754	1583	17.0651
ERR13927504.20755	1597	19.2774
ERR13927504.20756	1575	16.7835
ERR13927504.20757	1551	16.3005
ERR13927504.20758	1553	15.7778
ERR13927504.20759	1544	15.3051
ERR13927504.20760	1544	16.6723
ERR13927504.20761	1541	15.5243
ERR13927504.20762	1530	16.0458
ERR13927504.20763	1559	16.1533
ERR13927504.20764	1559	17.1341
ERR13927504.20765	1530	16.3471
ERR13927504.20766	1570	16.6197
ERR13927504.20767	1581	16.7691
ERR13927504.20768	1521	15.2400
ERR13927504.20769	1573	16.5925
ERR13927504.20770	1555	14.9801
ERR13927504.20771	1541	17.6840
ERR13927504.20772	1609	15.4214
ERR13927504.20773	1606	15.9191
ERR13927504.20774	1577	16.8909
ERR13927504.20775	1550	16.7974
ERR13927504.20776	1555	18.8508
ERR13927504.20777	1588	19.2991
ERR13927504.20778	1551	20.9994
ERR13927504.20779	1541	18.5918
ERR13927504.20780	1588	19.1801
ERR13927504.20781	1592	18.2651
ERR13927504.20782	1582	17.4798
ERR13927504.20783	1575	16.0838
ERR13927504.20784	1511	16.7273
ERR13927504.20785	1534	16.5046
ERR13927504.20786	1551	17.3308
ERR13927504.20787	1565	15.1776
ERR13927504.20788	1561	17.7149
ERR13927504.20789	1539	18.2976
ERR13927504.20790	1572	18.8779
ERR13927504.20791	1533	16.0046
ERR13927504.20792	1535	15.5902
ERR13927504.20793	1579	17.5434
ERR13927504.20794	1561	17.7245
ERR13927504.20795	1550	16.6426
ERR13927504.20796	1510	17.5536
ERR13927504.20797	1522	13.9967
ERR13927504.20798	1536	13.8203
ERR13927504.20799	1550	14.7490
ERR13927504.20800	1552	18.2564
ERR13927504.20801	1583	15.9090
ERR13927504.20802	1572	19.1482
ERR13927504.20803	1594	15.7804
ERR13927504.20804	1588	17.0113
ERR13927504.20805	1031	16.2716
ERR13927504.20806	1580	17.6861
ERR13927504.20807	1573	18.0744
ERR13927504.20808	1571	15.9363
ERR13927504.20809	865	16.4705
ERR13927504.20810	1568	18.7034
ERR13927504.20811	1595	14.5611
ERR13927504.20812	1496	18.5314
ERR13927504.20813	1575	15.3029
ERR13927504.20814	1567	16.9113
ERR13927504.20815	1595	16.2389
ERR13927504.20816	1538	18.2412
ERR13927504.20817	1555	16.3241
ERR13927504.20818	1593	16.2888
ERR13927504.20819	1531	16.8909
ERR13927504.20820	1579	16.6681
ERR13927504.20821	1587	16.6723
ERR13927504.20822	1548	18.6796
ERR13927504.20823	1514	14.7985
ERR13927504.20824	1566	18.0153
ERR13927504.20825	1544	17.6354
ERR13927504.20826	777	18.6976
ERR13927504.20827	1599	21.1495
ERR13927504.20828	1592	18.6891
ERR13927504.20829	1576	16.2614
ERR13927504.20830	1589	18.7275
ERR13927504.20831	1583	17.2047
ERR13927504.20832	1580	19.1095
ERR13927504.20833	1554	16.2921
ERR13927504.20834	1514	16.2906
ERR13927504.20835	1568	18.2003
ERR13927504.20836	1562	17.6594
ERR13927504.20837	1565	19.8665
ERR13927504.20838	1640	17.2610
ERR13927504.20839	1578	17.1641
ERR13927504.20840	1541	15.7249
ERR13927504.20841	1546	18.7814
ERR13927504.20842	1524	15.5230
ERR13927504.20843	1602	16.4438
ERR13927504.20844	1580	17.5424
ERR13927504.20845	1529	17.0706
ERR13927504.20846	1578	17.3916
ERR13927504.20847	1000	16.1240
ERR13927504.20848	1564	14.9182
ERR13927504.20849	1518	16.4005
ERR13927504.20850	1569	15.4583
ERR13927504.20851	1572	15.4644
ERR13927504.20852	1513	15.4184
ERR13927504.20853	1452	14.1687
ERR13927504.20854	1527	14.5062
ERR13927504.20855	1564	17.2263
ERR13927504.20856	1557	17.5029
ERR13927504.20857	1579	17.1748
ERR13927504.20858	1534	18.1656
ERR13927504.20859	1543	15.5457
ERR13927504.20860	1540	16.5708
ERR13927504.20861	1514	16.8864
ERR13927504.20862	1577	15.9220
ERR13927504.20863	1544	18.9683
ERR13927504.20864	1577	15.7831
ERR13927504.20865	1539	16.0266
ERR13927504.20866	1567	15.9247
ERR13927504.20867	1550	19.0213
ERR13927504.20868	1593	19.3195
ERR13927504.20869	1561	18.3773
ERR13927504.20870	1565	18.7898
ERR13927504.20871	1582	20.0973
ERR13927504.20872	1567	18.0504
ERR13927504.20873	1495	16.4094
ERR13927504.20874	1553	13.7019
ERR13927504.20875	1569	16.7565
ERR13927504.20876	1535	18.3733
ERR13927504.20877	1545	16.3443
ERR13927504.20878	1621	15.7267
ERR13927504.20879	1599	15.7154
ERR13927504.20880	1599	16.2176
ERR13927504.20881	1548	17.1130
ERR13927504.20882	1575	15.7232
ERR13927504.20883	1546	15.8868
ERR13927504.20884	1531	17.8739
ERR13927504.20885	1573	16.8563
ERR13927504.20886	1598	18.8999
ERR13927504.20887	1547	17.1500
ERR13927504.20888	1579	17.0538
ERR13927504.20889	1555	16.9138
ERR13927504.20890	1575	17.3987
ERR13927504.20891	1649	17.0522
ERR13927504.20892	1571	16.3794
ERR13927504.20893	1560	18.1936
ERR13927504.20894	1027	15.7235
ERR13927504.20895	1605	15.6174
ERR13927504.20896	1570	15.6637
ERR13927504.20897	1579	18.7182
ERR13927504.20898	1540	15.5896
ERR13927504.20899	1552	16.8499
ERR13927504.20900	1581	16.4295
ERR13927504.20901	1570	16.3433
ERR13927504.20902	1527	15.9915
ERR13927504.20903	1583	16.3986
ERR13927504.20904	1563	16.7665
ERR13927504.20905	1586	19.0113
ERR13927504.20906	1555	17.9421
ERR13927504.20907	1590	15.8063
ERR13927504.20908	1565	17.2748
ERR13927504.20909	1553	18.4321
ERR13927504.20910	1581	17.0848
ERR13927504.20911	1546	17.0576
ERR13927504.20912	1577	18.5758
ERR13927504.20913	1574	17.9695
ERR13927504.20914	1529	17.6109
ERR13927504.20915	1561	17.0282
ERR13927504.20916	1519	15.3733
ERR13927504.20917	1550	16.1161
ERR13927504.20918	1560	18.4090
ERR13927504.20919	1569	15.9981
ERR13927504.20920	1548	15.8857
ERR13927504.20921	1603	16.8777
ERR13927504.20922	1575	14.8673
ERR13927504.20923	1567	17.5131
ERR13927504.20924	1554	16.4260
ERR13927504.20925	1577	18.3767
ERR13927504.20926	1575	19.2629
ERR13927504.20927	1537	18.9603
ERR13927504.20928	1540	15.9519
ERR13927504.20929	1588	17.9887
ERR13927504.20930	1584	16.4337
ERR13927504.20931	1584	19.9299
ERR13927504.20932	1585	16.0972
ERR13927504.20933	1551	16.6074
ERR13927504.20934	1571	15.6474
ERR13927504.20935	1601	20.5141
ERR13927504.20936	1570	17.7478
ERR13927504.20937	1551	19.7292
ERR13927504.20938	1574	16.5775
ERR13927504.20939	1571	18.1922
ERR13927504.20940	1511	14.9040
ERR13927504.20941	1350	15.4311
ERR13927504.20942	1526	16.2051
ERR13927504.20943	1348	17.7255
ERR13927504.20944	1562	16.2554
ERR13927504.20945	1565	15.9086
ERR13927504.20946	1588	17.7450
ERR13927504.20947	1588	17.8193
ERR13927504.20948	1563	17.7818
ERR13927504.20949	1588	17.8917
ERR13927504.20950	1543	15.6850
ERR13927504.20951	1570	17.7981
ERR13927504.20952	1588	16.5441
ERR13927504.20953	1577	19.2581
ERR13927504.20954	1545	19.1463
ERR13927504.20955	1544	16.1120
ERR13927504.20956	1562	16.2657
ERR13927504.20957	1591	16.7593
ERR13927504.20958	1558	17.2792
ERR13927504.20959	1518	14.5955
ERR13927504.20960	1589	19.2958
ERR13927504.20961	648	15.0170
ERR13927504.20962	1541	16.6171
ERR13927504.20963	1534	18.8690
ERR13927504.20964	1589	19.9119
ERR13927504.20965	1559	17.2303
ERR13927504.20966	1585	15.3073
ERR13927504.20967	1558	14.6386
ERR13927504.20968	1552	15.0535
ERR13927504.20969	1538	16.5293
ERR13927504.20970	3133	15.4098
ERR13927504.20971	1569	18.3709
ERR13927504.20972	1573	15.9358
ERR13927504.20973	1578	18.0361
ERR13927504.20974	1556	15.1542
ERR13927504.20975	1583	16.7233
ERR13927504.20976	1587	18.4499
ERR13927504.20977	1552	15.7332
ERR13927504.20978	1553	15.6677
ERR13927504.20979	1542	15.2270
ERR13927504.20980	1547	17.6199
ERR13927504.20981	1561	17.5215
ERR13927504.20982	1558	18.6502
ERR13927504.20983	1577	19.1566
ERR13927504.20984	1572	17.8830
ERR13927504.20985	1546	18.8383
ERR13927504.20986	1595	16.5210
ERR13927504.20987	1546	15.7076
ERR13927504.20988	1525	15.4570
ERR13927504.20989	1541	16.2829
ERR13927504.20990	1553	14.8564
ERR13927504.20991	1567	17.8794
ERR13927504.20992	1560	20.2564
ERR13927504.20993	1533	15.7971
ERR13927504.20994	1559	15.7338
ERR13927504.20995	1545	19.0123
ERR13927504.20996	1292	16.8522
ERR13927504.20997	606	16.1617
ERR13927504.20998	1529	15.5468
ERR13927504.20999	1561	19.2306
ERR13927504.21000	1528	17.3894
ERR13927504.21001	1593	17.7313
ERR13927504.21002	1574	20.4600
ERR13927504.21003	1549	18.9077
ERR13927504.21004	1604	17.6234
ERR13927504.21005	1548	16.1182
ERR13927504.21006	1561	16.5586
ERR13927504.21007	1571	17.3997
ERR13927504.21008	1559	17.1212
ERR13927504.21009	1538	17.8498
ERR13927504.21010	1580	17.2500
ERR13927504.21011	1536	14.5378
ERR13927504.21012	1719	18.6568
ERR13927504.21013	1573	18.1653
ERR13927504.21014	1592	17.1043
ERR13927504.21015	1561	16.1147
ERR13927504.21016	1599	17.8693
ERR13927504.21017	1534	15.2738
ERR13927504.21018	1527	17.3929
ERR13927504.21019	1538	15.5767
ERR13927504.21020	1522	14.9468
ERR13927504.21021	1560	17.1679
ERR13927504.21022	1586	16.2478
ERR13927504.21023	1591	20.8272
ERR13927504.21024	1586	15.5618
ERR13927504.21025	1595	16.8251
ERR13927504.21026	1585	20.1205
ERR13927504.21027	1572	16.3995
ERR13927504.21028	1555	15.6926
ERR13927504.21029	1531	17.2580
ERR13927504.21030	1048	20.2977
ERR13927504.21031	1154	15.3432
ERR13927504.21032	1577	17.8110
ERR13927504.21033	1599	18.8474
ERR13927504.21034	1501	16.1646
ERR13927504.21035	1576	16.8185
ERR13927504.21036	1542	15.5402
ERR13927504.21037	1622	16.2972
ERR13927504.21038	1585	16.7994
ERR13927504.21039	1586	17.5523
ERR13927504.21040	1535	14.3785
ERR13927504.21041	1529	16.8587
ERR13927504.21042	1537	21.0111
ERR13927504.21043	1585	15.7571
ERR13927504.21044	1582	15.2307
ERR13927504.21045	1571	17.5678
ERR13927504.21046	278	16.2194
ERR13927504.21047	1565	15.6971
ERR13927504.21048	1492	17.5932
ERR13927504.21049	1600	17.4331
ERR13927504.21050	1559	16.1379
ERR13927504.21051	1578	16.6103
ERR13927504.21052	1541	16.2576
ERR13927504.21053	1598	15.3385
ERR13927504.21054	648	14.3966
ERR13927504.21055	1578	19.3378
ERR13927504.21056	1542	14.4345
ERR13927504.21057	1557	15.6802
ERR13927504.21058	1541	16.5840
ERR13927504.21059	1603	16.8085
ERR13927504.21060	1574	17.5648
ERR13927504.21061	1546	17.3396
ERR13927504.21062	1586	18.2585
ERR13927504.21063	1608	18.3383
ERR13927504.21064	1608	17.2562
ERR13927504.21065	1541	14.8073
ERR13927504.21066	1586	18.6318
ERR13927504.21067	1392	16.8556
ERR13927504.21068	1569	15.4901
ERR13927504.21069	1540	15.4494
ERR13927504.21070	1556	14.4852
ERR13927504.21071	1589	20.0554
ERR13927504.21072	1513	14.9055
ERR13927504.21073	446	14.6637
ERR13927504.21074	1559	17.0866
ERR13927504.21075	1564	18.0959
ERR13927504.21076	1533	16.6380
ERR13927504.21077	1567	16.2119
ERR13927504.21078	1567	14.7728
ERR13927504.21079	1560	18.0212
ERR13927504.21080	1541	18.1480
ERR13927504.21081	1561	18.5035
ERR13927504.21082	1557	17.6307
ERR13927504.21083	1549	15.1646
ERR13927504.21084	1545	15.1948
ERR13927504.21085	1072	16.5215
ERR13927504.21086	1545	16.0790
ERR13927504.21087	1599	19.8437
ERR13927504.21088	1571	18.1661
ERR13927504.21089	1585	14.7401
ERR13927504.21090	1571	16.6327
ERR13927504.21091	1543	17.0019
ERR13927504.21092	1531	16.2371
ERR13927504.21093	1412	17.4943
ERR13927504.21094	1546	15.1391
ERR13927504.21095	1599	14.7498
ERR13927504.21096	1584	18.0019
ERR13927504.21097	1578	16.2041
ERR13927504.21098	1594	15.1895
ERR13927504.21099	1546	17.4955
ERR13927504.21100	1567	17.1685
ERR13927504.21101	1546	14.6235
ERR13927504.21102	1531	18.3677
ERR13927504.21103	1550	18.4452
ERR13927504.21104	1523	17.2653
ERR13927504.21105	1539	16.1410
ERR13927504.21106	1581	17.9203
ERR13927504.21107	1583	17.7505
ERR13927504.21108	1554	17.0393
ERR13927504.21109	1065	18.4761
ERR13927504.21110	1625	17.9938
ERR13927504.21111	1557	15.7579
ERR13927504.21112	1552	16.9517
ERR13927504.21113	345	16.5362
ERR13927504.21114	1574	18.4784
ERR13927504.21115	475	15.5411
ERR13927504.21116	1617	20.3995
ERR13927504.21117	1568	18.5115
ERR13927504.21118	1584	18.2317
ERR13927504.21119	1559	19.3053
ERR13927504.21120	400	16.0175
ERR13927504.21121	1610	19.9186
ERR13927504.21122	1570	17.9904
ERR13927504.21123	1549	15.7218
ERR13927504.21124	1582	14.4317
ERR13927504.21125	1533	16.7795
ERR13927504.21126	1538	16.6300
ERR13927504.21127	1560	17.5872
ERR13927504.21128	1557	16.5832
ERR13927504.21129	1586	16.3770
ERR13927504.21130	1582	17.6233
ERR13927504.21131	1582	15.3357
ERR13927504.21132	1471	16.8226
ERR13927504.21133	1559	20.5561
ERR13927504.21134	1608	15.5914
ERR13927504.21135	1573	17.2600
ERR13927504.21136	1441	14.3525
ERR13927504.21137	1543	16.4245
ERR13927504.21138	1534	15.2888
ERR13927504.21139	1553	17.1777
ERR13927504.21140	1566	16.4349
ERR13927504.21141	1585	18.4738
ERR13927504.21142	1552	14.7287
ERR13927504.21143	1532	15.3231
ERR13927504.21144	1575	15.7263
ERR13927504.21145	1575	17.6616
ERR13927504.21146	1534	16.7497
ERR13927504.21147	1560	16.1744
ERR13927504.21148	1556	18.1118
ERR13927504.21149	1572	16.5229
ERR13927504.21150	1565	16.4236
ERR13927504.21151	1550	16.5019
ERR13927504.21152	1617	17.7192
ERR13927504.21153	1230	18.6821
ERR13927504.21154	1573	19.0661
ERR13927504.21155	1563	16.0934
ERR13927504.21156	1538	15.6040
ERR13927504.21157	1544	14.4320
ERR13927504.21158	1544	17.0356
ERR13927504.21159	1585	15.3943
ERR13927504.21160	1561	15.6047
ERR13927504.21161	1575	14.3257
ERR13927504.21162	1564	16.9265
ERR13927504.21163	1552	15.1463
ERR13927504.21164	1575	15.7702
ERR13927504.21165	513	15.5731
ERR13927504.21166	1530	16.1248
ERR13927504.21167	1535	15.0612
ERR13927504.21168	1586	19.1910
ERR13927504.21169	1541	17.0422
ERR13927504.21170	1543	15.8017
ERR13927504.21171	1564	15.5946
ERR13927504.21172	1585	17.6751
ERR13927504.21173	1552	15.5831
ERR13927504.21174	1573	17.7750
ERR13927504.21175	1575	17.2724
ERR13927504.21176	1558	18.7548
ERR13927504.21177	1541	17.1992
ERR13927504.21178	1528	15.6479
ERR13927504.21179	1582	19.1871
ERR13927504.21180	1563	17.2790
ERR13927504.21181	1557	16.8818
ERR13927504.21182	1565	19.3272
ERR13927504.21183	1517	17.8326
ERR13927504.21184	1562	16.9405
ERR13927504.21185	1566	17.8614
ERR13927504.21186	1551	19.3965
ERR13927504.21187	1571	16.2457
ERR13927504.21188	1520	17.3243
ERR13927504.21189	1548	16.6247
ERR13927504.21190	1550	17.6490
ERR13927504.21191	1577	17.0729
ERR13927504.21192	1633	18.2688
ERR13927504.21193	1435	17.2843
ERR13927504.21194	1593	14.6403
ERR13927504.21195	1562	16.5800
ERR13927504.21196	1612	19.9448
ERR13927504.21197	1576	17.4023
ERR13927504.21198	1594	18.8507
ERR13927504.21199	1571	17.3679
ERR13927504.21200	1528	15.7965
ERR13927504.21201	1552	17.4130
ERR13927504.21202	1537	19.4203
ERR13927504.21203	1582	18.7939
ERR13927504.21204	1581	16.0095
ERR13927504.21205	1559	19.4618
ERR13927504.21206	1574	20.9022
ERR13927504.21207	1570	16.2694
ERR13927504.21208	1564	20.0870
ERR13927504.21209	1611	17.5400
ERR13927504.21210	1536	16.5098
ERR13927504.21211	1531	16.4977
ERR13927504.21212	232	16.0302
ERR13927504.21213	1383	16.1605
ERR13927504.21214	1565	15.0882
ERR13927504.21215	1599	17.5522
ERR13927504.21216	1535	14.0436
ERR13927504.21217	1576	15.9169
ERR13927504.21218	1554	17.5566
ERR13927504.21219	1564	16.9815
ERR13927504.21220	1573	22.4323
ERR13927504.21221	1562	16.1223
ERR13927504.21222	1567	18.4703
ERR13927504.21223	1566	18.0089
ERR13927504.21224	1123	17.9074
ERR13927504.21225	1558	18.2266
ERR13927504.21226	1546	14.6307
ERR13927504.21227	1566	18.3621
ERR13927504.21228	1547	16.2237
ERR13927504.21229	1571	19.1324
ERR13927504.21230	1580	17.9006
ERR13927504.21231	1561	16.3126
ERR13927504.21232	1560	16.3333
ERR13927504.21233	465	14.0301
ERR13927504.21234	1585	16.2341
ERR13927504.21235	1595	14.0313
ERR13927504.21236	1265	18.3281
ERR13927504.21237	1501	19.7162
ERR13927504.21238	1631	18.4543
ERR13927504.21239	1196	18.1839
ERR13927504.21240	1570	16.2299
ERR13927504.21241	1570	19.1713
ERR13927504.21242	1599	17.9250
ERR13927504.21243	1555	16.1768
ERR13927504.21244	1578	19.6616
ERR13927504.21245	1566	16.0792
ERR13927504.21246	1475	15.4156
ERR13927504.21247	950	17.6642
ERR13927504.21248	1550	17.1219
ERR13927504.21249	1565	17.1412
ERR13927504.21250	1568	16.8323
ERR13927504.21251	1497	16.9766
ERR13927504.21252	1524	17.7730
ERR13927504.21253	1562	16.3624
ERR13927504.21254	1509	14.5023
ERR13927504.21255	1583	15.9558
ERR13927504.21256	1577	16.8180
ERR13927504.21257	1544	17.4560
ERR13927504.21258	1565	19.3438
ERR13927504.21259	1536	15.1419
ERR13927504.21260	1511	15.8921
ERR13927504.21261	1592	18.8266
ERR13927504.21262	1568	16.7768
ERR13927504.21263	1589	17.2297
ERR13927504.21264	1585	15.1716
ERR13927504.21265	1570	18.0924
ERR13927504.21266	1542	18.5914
ERR13927504.21267	1574	15.7020
ERR13927504.21268	1577	15.7406
ERR13927504.21269	1558	16.6316
ERR13927504.21270	3154	18.3329
ERR13927504.21271	1560	16.6122
ERR13927504.21272	1575	18.5549
ERR13927504.21273	1527	16.7498
ERR13927504.21274	1592	20.5264
ERR13927504.21275	1571	16.7588
ERR13927504.21276	1502	15.1511
ERR13927504.21277	1583	16.7669
ERR13927504.21278	1567	15.9292
ERR13927504.21279	834	16.1547
ERR13927504.21280	1564	15.3568
ERR13927504.21281	1565	17.1591
ERR13927504.21282	1541	17.9066
ERR13927504.21283	1525	16.8938
ERR13927504.21284	1566	16.4962
ERR13927504.21285	1548	16.0659
ERR13927504.21286	1539	14.3366
ERR13927504.21287	214	18.1215
ERR13927504.21288	1566	16.3627
ERR13927504.21289	1559	17.6389
ERR13927504.21290	1557	16.6378
ERR13927504.21291	1572	18.0242
ERR13927504.21292	1612	15.1160
ERR13927504.21293	1555	17.9479
ERR13927504.21294	1621	20.0617
ERR13927504.21295	1580	18.7766
ERR13927504.21296	1551	17.3411
ERR13927504.21297	1570	15.9446
ERR13927504.21298	1457	14.4571
ERR13927504.21299	1533	15.5669
ERR13927504.21300	1585	15.2890
ERR13927504.21301	1522	15.2608
ERR13927504.21302	1554	16.7162
ERR13927504.21303	1535	16.0788
ERR13927504.21304	1570	16.5924
ERR13927504.21305	1495	14.9967
ERR13927504.21306	1565	17.9470
ERR13927504.21307	1565	17.0633
ERR13927504.21308	1593	18.3534
ERR13927504.21309	1561	16.8104
ERR13927504.21310	1588	17.1719
ERR13927504.21311	1530	15.2673
ERR13927504.21312	1576	16.5431
ERR13927504.21313	1530	15.7451
ERR13927504.21314	1558	17.6014
ERR13927504.21315	1563	17.9693
ERR13927504.21316	409	17.3007
ERR13927504.21317	1525	16.4813
ERR13927504.21318	1483	14.5415
ERR13927504.21319	332	16.4036
ERR13927504.21320	1583	17.2906
ERR13927504.21321	1555	18.6302
ERR13927504.21322	981	19.9918
ERR13927504.21323	1545	15.2142
ERR13927504.21324	1562	18.1620
ERR13927504.21325	1550	17.7277
ERR13927504.21326	1608	16.8694
ERR13927504.21327	1445	19.6118
ERR13927504.21328	1567	17.0587
ERR13927504.21329	1312	16.4215
ERR13927504.21330	1544	15.0771
ERR13927504.21331	1581	17.8311
ERR13927504.21332	1534	17.2940
ERR13927504.21333	1577	18.2651
ERR13927504.21334	1536	16.2956
ERR13927504.21335	1569	17.5143
ERR13927504.21336	1557	18.4836
ERR13927504.21337	1570	19.2694
ERR13927504.21338	1578	15.9436
ERR13927504.21339	1577	16.9341
ERR13927504.21340	1540	15.7578
ERR13927504.21341	3085	17.8207
ERR13927504.21342	1572	18.9485
ERR13927504.21343	1573	16.1570
ERR13927504.21344	1538	17.7802
ERR13927504.21345	1594	17.7629
ERR13927504.21346	1580	14.5703
ERR13927504.21347	1570	16.1293
ERR13927504.21348	1557	16.7303
ERR13927504.21349	1565	15.6601
ERR13927504.21350	1559	16.6588
ERR13927504.21351	1548	16.5530
ERR13927504.21352	1534	15.5756
ERR13927504.21353	1567	17.5858
ERR13927504.21354	1573	17.5836
ERR13927504.21355	1572	18.5941
ERR13927504.21356	1519	17.9256
ERR13927504.21357	1553	16.6497
ERR13927504.21358	1533	14.9413
ERR13927504.21359	269	14.7844
ERR13927504.21360	1582	14.8963
ERR13927504.21361	1622	14.9834
ERR13927504.21362	1551	16.9452
ERR13927504.21363	1547	18.7925
ERR13927504.21364	1547	16.2094
ERR13927504.21365	1586	16.0303
ERR13927504.21366	1538	17.2919
ERR13927504.21367	1531	16.8811
ERR13927504.21368	1514	15.4974
ERR13927504.21369	1590	16.1006
ERR13927504.21370	1567	16.9694
ERR13927504.21371	773	14.0918
ERR13927504.21372	1543	16.1536
ERR13927504.21373	1477	16.3277
ERR13927504.21374	1540	16.7545
ERR13927504.21375	1558	17.7497
ERR13927504.21376	1568	18.2628
ERR13927504.21377	1552	15.5651
ERR13927504.21378	1535	17.7537
ERR13927504.21379	1553	17.8307
ERR13927504.21380	1565	16.2978
ERR13927504.21381	1541	17.5834
ERR13927504.21382	892	17.3430
ERR13927504.21383	1561	17.0442
ERR13927504.21384	1527	16.1329
ERR13927504.21385	1568	16.6059
ERR13927504.21386	1566	16.3365
ERR13927504.21387	847	18.3058
ERR13927504.21388	1593	17.6616
ERR13927504.21389	1543	19.2547
ERR13927504.21390	1576	20.6079
ERR13927504.21391	1589	17.9717
ERR13927504.21392	1573	15.1996
ERR13927504.21393	1563	16.0307
ERR13927504.21394	1581	18.3548
ERR13927504.21395	1520	16.3908
ERR13927504.21396	1590	16.3642
ERR13927504.21397	1570	17.8255
ERR13927504.21398	1575	17.2800
ERR13927504.21399	1520	16.2691
ERR13927504.21400	1534	14.9283
ERR13927504.21401	1570	17.6032
ERR13927504.21402	1563	20.0992
ERR13927504.21403	1556	15.5392
ERR13927504.21404	1574	17.3532
ERR13927504.21405	1550	20.2832
ERR13927504.21406	1570	14.7605
ERR13927504.21407	1543	19.0091
ERR13927504.21408	1569	18.5182
ERR13927504.21409	1515	17.1637
ERR13927504.21410	1585	17.5091
ERR13927504.21411	1521	17.4392
ERR13927504.21412	1549	16.1369
ERR13927504.21413	1519	17.4668
ERR13927504.21414	1574	18.3335
ERR13927504.21415	1560	16.2077
ERR13927504.21416	1579	17.5934
ERR13927504.21417	1575	20.3651
ERR13927504.21418	1594	17.3576
ERR13927504.21419	1568	19.5115
ERR13927504.21420	1180	14.8593
ERR13927504.21421	1664	16.6040
ERR13927504.21422	1540	15.7623
ERR13927504.21423	1578	17.3352
ERR13927504.21424	1576	18.0298
ERR13927504.21425	243	18.3045
ERR13927504.21426	1574	18.5356
ERR13927504.21427	1581	16.2960
ERR13927504.21428	1556	15.4370
ERR13927504.21429	1565	15.1118
ERR13927504.21430	1527	18.1853
ERR13927504.21431	1582	17.4374
ERR13927504.21432	1545	14.5197
ERR13927504.21433	1566	17.4330
ERR13927504.21434	1612	16.4132
ERR13927504.21435	1610	16.2168
ERR13927504.21436	1560	17.6590
ERR13927504.21437	1542	18.1958
ERR13927504.21438	1591	18.6160
ERR13927504.21439	545	17.4275
ERR13927504.21440	1596	17.3910
ERR13927504.21441	1546	16.5498
ERR13927504.21442	1539	16.7524
ERR13927504.21443	1576	18.8547
ERR13927504.21444	1563	15.6436
ERR13927504.21445	1598	17.3842
ERR13927504.21446	1519	17.0369
ERR13927504.21447	1497	14.3233
ERR13927504.21448	1552	17.7236
ERR13927504.21449	1527	15.0098
ERR13927504.21450	1562	19.7625
ERR13927504.21451	1546	16.6824
ERR13927504.21452	1477	17.3724
ERR13927504.21453	1557	15.7649
ERR13927504.21454	944	16.1038
ERR13927504.21455	1571	18.0178
ERR13927504.21456	1594	18.4655
ERR13927504.21457	1546	18.9858
ERR13927504.21458	1560	15.9250
ERR13927504.21459	1537	15.9180
ERR13927504.21460	1551	17.3501
ERR13927504.21461	1567	16.0153
ERR13927504.21462	1545	16.5741
ERR13927504.21463	1572	15.8880
ERR13927504.21464	1569	18.3678
ERR13927504.21465	1594	16.4718
ERR13927504.21466	1548	17.1202
ERR13927504.21467	1568	15.5612
ERR13927504.21468	1570	15.6917
ERR13927504.21469	1548	17.2035
ERR13927504.21470	1554	17.6628
ERR13927504.21471	1580	16.3924
ERR13927504.21472	1535	15.9296
ERR13927504.21473	1575	16.5670
ERR13927504.21474	1574	16.2986
ERR13927504.21475	1563	17.7646
ERR13927504.21476	1556	15.4788
ERR13927504.21477	1564	18.1841
ERR13927504.21478	1570	14.7592
ERR13927504.21479	1556	18.0411
ERR13927504.21480	1564	15.9348
ERR13927504.21481	739	18.0974
ERR13927504.21482	1531	17.2097
ERR13927504.21483	1579	19.2160
ERR13927504.21484	1512	14.9583
ERR13927504.21485	1575	17.6667
ERR13927504.21486	1592	17.3310
ERR13927504.21487	1530	16.0340
ERR13927504.21488	1555	16.2958
ERR13927504.21489	1550	19.0206
ERR13927504.21490	1551	16.0277
ERR13927504.21491	1532	16.2526
ERR13927504.21492	1573	16.6198
ERR13927504.21493	1548	15.9070
ERR13927504.21494	1298	14.7173
ERR13927504.21495	1582	19.0474
ERR13927504.21496	1586	18.2888
ERR13927504.21497	1552	20.0715
ERR13927504.21498	1572	17.4695
ERR13927504.21499	1548	14.9477
ERR13927504.21500	1615	15.2848
ERR13927504.21501	1521	17.7258
ERR13927504.21502	1556	17.2378
ERR13927504.21503	1544	18.1775
ERR13927504.21504	1586	19.8562
ERR13927504.21505	1581	18.4662
ERR13927504.21506	1529	14.4971
ERR13927504.21507	1522	16.4264
ERR13927504.21508	1529	17.6122
ERR13927504.21509	1544	14.2377
ERR13927504.21510	1564	16.2916
ERR13927504.21511	1587	15.7108
ERR13927504.21512	1551	17.0161
ERR13927504.21513	1582	19.5891
ERR13927504.21514	1596	19.2331
ERR13927504.21515	1530	15.5026
ERR13927504.21516	1547	15.9121
ERR13927504.21517	1578	21.0241
ERR13927504.21518	1565	19.1591
ERR13927504.21519	1543	16.8321
ERR13927504.21520	1551	17.0451
ERR13927504.21521	1560	15.8045
ERR13927504.21522	1574	14.4339
ERR13927504.21523	1561	18.1031
ERR13927504.21524	1540	17.0773
ERR13927504.21525	1579	17.9189
ERR13927504.21526	1596	15.6980
ERR13927504.21527	1129	16.3525
ERR13927504.21528	1557	15.9094
ERR13927504.21529	1551	16.3069
ERR13927504.21530	1570	15.0828
ERR13927504.21531	1297	17.5274
ERR13927504.21532	1557	15.5922
ERR13927504.21533	1587	17.2275
ERR13927504.21534	1596	18.7870
ERR13927504.21535	1592	18.6702
ERR13927504.21536	1555	15.5498
ERR13927504.21537	1479	15.1420
ERR13927504.21538	1557	17.1850
ERR13927504.21539	1553	15.0663
ERR13927504.21540	1552	17.8286
ERR13927504.21541	1547	15.4848
ERR13927504.21542	1637	16.7526
ERR13927504.21543	598	17.7391
ERR13927504.21544	1565	16.5974
ERR13927504.21545	1577	17.0235
ERR13927504.21546	1528	18.3665
ERR13927504.21547	1579	18.9930
ERR13927504.21548	1535	16.5590
ERR13927504.21549	1577	14.2841
ERR13927504.21550	1571	16.5137
ERR13927504.21551	1559	14.8364
ERR13927504.21552	1532	16.0855
ERR13927504.21553	1604	17.2980
ERR13927504.21554	1562	16.9321
ERR13927504.21555	1594	18.9548
ERR13927504.21556	1564	15.0173
ERR13927504.21557	1558	18.3761
ERR13927504.21558	1568	17.1849
ERR13927504.21559	1570	17.7401
ERR13927504.21560	1576	15.9632
ERR13927504.21561	1531	16.4905
ERR13927504.21562	1419	17.7689
ERR13927504.21563	1578	17.0577
ERR13927504.21564	1565	17.5348
ERR13927504.21565	1507	15.8991
ERR13927504.21566	1575	16.8013
ERR13927504.21567	1554	16.7194
ERR13927504.21568	1557	19.1240
ERR13927504.21569	1589	18.7426
ERR13927504.21570	1572	19.1291
ERR13927504.21571	1547	19.3058
ERR13927504.21572	1541	16.7021
ERR13927504.21573	1561	15.9398
ERR13927504.21574	1566	17.6999
ERR13927504.21575	466	16.0751
ERR13927504.21576	1569	15.7247
ERR13927504.21577	1602	15.1717
ERR13927504.21578	1565	18.4550
ERR13927504.21579	1574	18.0737
ERR13927504.21580	1554	15.1557
ERR13927504.21581	1584	18.5051
ERR13927504.21582	1564	18.3779
ERR13927504.21583	1562	16.9200
ERR13927504.21584	1575	15.0692
ERR13927504.21585	1564	16.2743
ERR13927504.21586	1605	18.6274
ERR13927504.21587	1573	19.7209
ERR13927504.21588	322	17.8789
ERR13927504.21589	1550	14.5774
ERR13927504.21590	1521	15.9152
ERR13927504.21591	1573	17.6262
ERR13927504.21592	1519	18.9961
ERR13927504.21593	1569	16.6361
ERR13927504.21594	1599	19.7123
ERR13927504.21595	1534	15.9185
ERR13927504.21596	1563	17.1702
ERR13927504.21597	1582	16.8135
ERR13927504.21598	1601	17.6502
ERR13927504.21599	1537	16.5055
ERR13927504.21600	1483	14.7161
ERR13927504.21601	1537	17.0898
ERR13927504.21602	1561	18.8418
ERR13927504.21603	1573	16.7559
ERR13927504.21604	1567	17.7466
ERR13927504.21605	1564	18.4182
ERR13927504.21606	1571	15.4348
ERR13927504.21607	1559	18.0199
ERR13927504.21608	1610	18.5466
ERR13927504.21609	1592	18.2286
ERR13927504.21610	1513	16.1659
ERR13927504.21611	1583	15.0670
ERR13927504.21612	1584	19.1888
ERR13927504.21613	1579	19.1463
ERR13927504.21614	1657	16.2004
ERR13927504.21615	1511	14.7267
ERR13927504.21616	1541	14.9169
ERR13927504.21617	1583	16.6248
ERR13927504.21618	1565	18.0409
ERR13927504.21619	1554	17.2201
ERR13927504.21620	1541	16.4439
ERR13927504.21621	1512	18.5860
ERR13927504.21622	1575	16.5816
ERR13927504.21623	1403	19.4191
ERR13927504.21624	1592	17.0264
ERR13927504.21625	1565	16.9840
ERR13927504.21626	569	16.8348
ERR13927504.21627	1546	16.8493
ERR13927504.21628	1532	17.3388
ERR13927504.21629	1609	15.0559
ERR13927504.21630	1571	18.8638
ERR13927504.21631	1532	15.4621
ERR13927504.21632	1528	18.6080
ERR13927504.21633	1574	15.5515
ERR13927504.21634	1037	14.9556
ERR13927504.21635	1435	17.1038
ERR13927504.21636	1544	14.3076
ERR13927504.21637	1543	18.8451
ERR13927504.21638	1606	18.1034
ERR13927504.21639	1583	19.7644
ERR13927504.21640	1580	18.0044
ERR13927504.21641	1573	20.5677
ERR13927504.21642	1527	15.8959
ERR13927504.21643	1548	18.5523
ERR13927504.21644	1598	16.0325
ERR13927504.21645	1504	18.0731
ERR13927504.21646	1543	18.2793
ERR13927504.21647	1555	15.9248
ERR13927504.21648	1542	14.7756
ERR13927504.21649	1590	16.7321
ERR13927504.21650	1556	15.4441
ERR13927504.21651	1565	15.2792
ERR13927504.21652	1525	15.7311
ERR13927504.21653	1557	19.2396
ERR13927504.21654	1564	15.6899
ERR13927504.21655	1571	17.4220
ERR13927504.21656	1567	17.1602
ERR13927504.21657	1586	17.9433
ERR13927504.21658	1572	16.1603
ERR13927504.21659	1533	17.9145
ERR13927504.21660	1568	18.9031
ERR13927504.21661	1572	17.8123
ERR13927504.21662	1535	14.8208
ERR13927504.21663	1571	18.3234
ERR13927504.21664	1540	15.8682
ERR13927504.21665	1532	18.7389
ERR13927504.21666	1549	15.5261
ERR13927504.21667	1560	17.7026
ERR13927504.21668	1549	16.1207
ERR13927504.21669	1545	17.3042
ERR13927504.21670	1558	18.4795
ERR13927504.21671	1559	16.5600
ERR13927504.21672	606	16.1865
ERR13927504.21673	1541	15.6639
ERR13927504.21674	1573	17.6516
ERR13927504.21675	911	17.9100
ERR13927504.21676	1317	16.2749
ERR13927504.21677	1523	17.1655
ERR13927504.21678	1532	17.0548
ERR13927504.21679	1587	17.1972
ERR13927504.21680	1524	18.2822
ERR13927504.21681	1576	16.2348
ERR13927504.21682	1585	15.3401
ERR13927504.21683	1587	14.9439
ERR13927504.21684	1581	16.4712
ERR13927504.21685	1574	21.6506
ERR13927504.21686	1568	15.2264
ERR13927504.21687	1559	18.4901
ERR13927504.21688	1558	15.8671
ERR13927504.21689	1539	15.8441
ERR13927504.21690	1550	16.4561
ERR13927504.21691	1576	19.2665
ERR13927504.21692	1505	14.2671
ERR13927504.21693	1159	14.1613
ERR13927504.21694	1569	17.6762
ERR13927504.21695	1544	19.1703
ERR13927504.21696	1533	16.3888
ERR13927504.21697	1577	19.4654
ERR13927504.21698	1581	17.2214
ERR13927504.21699	1544	16.5589
ERR13927504.21700	1563	19.3308
ERR13927504.21701	1584	17.5694
ERR13927504.21702	1026	16.5253
ERR13927504.21703	1549	16.2995
ERR13927504.21704	1502	17.7423
ERR13927504.21705	1573	17.5633
ERR13927504.21706	1535	15.7459
ERR13927504.21707	1541	15.7638
ERR13927504.21708	1582	19.7895
ERR13927504.21709	1593	16.6886
ERR13927504.21710	1551	17.3340
ERR13927504.21711	1593	18.1488
ERR13927504.21712	1582	18.1384
ERR13927504.21713	1561	16.1903
ERR13927504.21714	1567	16.1768
ERR13927504.21715	1561	15.5074
ERR13927504.21716	1541	15.7651
ERR13927504.21717	1547	15.8662
ERR13927504.21718	1544	17.2623
ERR13927504.21719	1515	18.5373
ERR13927504.21720	1550	17.1097
ERR13927504.21721	1580	18.8994
ERR13927504.21722	189	14.8571
ERR13927504.21723	1546	15.0078
ERR13927504.21724	1540	16.8578
ERR13927504.21725	1544	16.6878
ERR13927504.21726	1560	18.5660
ERR13927504.21727	1536	16.6686
ERR13927504.21728	1561	16.0878
ERR13927504.21729	1548	15.0045
ERR13927504.21730	1577	18.4756
ERR13927504.21731	1552	15.8634
ERR13927504.21732	1574	18.5546
ERR13927504.21733	1560	17.4635
ERR13927504.21734	1548	16.4315
ERR13927504.21735	1565	15.5348
ERR13927504.21736	1558	16.3107
ERR13927504.21737	1545	19.7877
ERR13927504.21738	1566	18.3065
ERR13927504.21739	1579	17.9766
ERR13927504.21740	1510	16.3119
ERR13927504.21741	1561	19.1505
ERR13927504.21742	1542	17.8333
ERR13927504.21743	1599	17.9962
ERR13927504.21744	1547	16.6697
ERR13927504.21745	1547	16.1655
ERR13927504.21746	1556	16.8207
ERR13927504.21747	1561	18.8828
ERR13927504.21748	1466	16.5307
ERR13927504.21749	1566	14.4508
ERR13927504.21750	1550	14.7877
ERR13927504.21751	1557	16.5543
ERR13927504.21752	1528	17.2408
ERR13927504.21753	1582	17.8875
ERR13927504.21754	1560	15.6551
ERR13927504.21755	1613	18.5468
ERR13927504.21756	1555	15.7749
ERR13927504.21757	1507	17.3530
ERR13927504.21758	1540	16.4143
ERR13927504.21759	1517	14.7831
ERR13927504.21760	1566	17.8742
ERR13927504.21761	1590	18.0465
ERR13927504.21762	1563	15.9507
ERR13927504.21763	1560	18.1276
ERR13927504.21764	1543	16.2890
ERR13927504.21765	1574	18.7643
ERR13927504.21766	1576	17.1739
ERR13927504.21767	1565	19.0326
ERR13927504.21768	1533	15.8506
ERR13927504.21769	1518	15.6680
ERR13927504.21770	1574	16.0343
ERR13927504.21771	1558	15.4429
ERR13927504.21772	1609	17.4183
ERR13927504.21773	1580	15.7861
ERR13927504.21774	1582	17.8110
ERR13927504.21775	1528	19.7186
ERR13927504.21776	1574	18.7268
ERR13927504.21777	1522	16.5644
ERR13927504.21778	1539	16.6933
ERR13927504.21779	1512	13.9841
ERR13927504.21780	1579	17.3452
ERR13927504.21781	1524	16.9770
ERR13927504.21782	1568	15.8578
ERR13927504.21783	1584	17.1932
ERR13927504.21784	1557	19.1625
ERR13927504.21785	1560	15.1256
ERR13927504.21786	1591	19.1659
ERR13927504.21787	1611	15.2408
ERR13927504.21788	1572	17.5604
ERR13927504.21789	1564	20.3421
ERR13927504.21790	1571	17.0611
ERR13927504.21791	1599	21.4697
ERR13927504.21792	1542	19.3703
ERR13927504.21793	1593	20.3572
ERR13927504.21794	1527	17.0157
ERR13927504.21795	1545	17.9560
ERR13927504.21796	1576	16.9245
ERR13927504.21797	1539	17.4191
ERR13927504.21798	1531	15.4148
ERR13927504.21799	1575	17.7638
ERR13927504.21800	1503	17.2355
ERR13927504.21801	1570	16.8656
ERR13927504.21802	1553	15.5126
ERR13927504.21803	1555	19.0727
ERR13927504.21804	1565	15.9086
ERR13927504.21805	244	15.3770
ERR13927504.21806	1589	16.6186
ERR13927504.21807	1581	16.1708
ERR13927504.21808	1558	15.5764
ERR13927504.21809	1590	17.6164
ERR13927504.21810	1558	19.8299
ERR13927504.21811	1590	17.6264
ERR13927504.21812	1548	16.3120
ERR13927504.21813	1611	17.4742
ERR13927504.21814	1547	16.6290
ERR13927504.21815	1550	15.4148
ERR13927504.21816	1582	18.5815
ERR13927504.21817	1588	17.2091
ERR13927504.21818	1548	15.9916
ERR13927504.21819	1591	16.1590
ERR13927504.21820	1587	18.0214
ERR13927504.21821	1459	16.4572
ERR13927504.21822	1579	18.5611
ERR13927504.21823	1627	15.3350
ERR13927504.21824	1571	16.3558
ERR13927504.21825	1546	16.0472
ERR13927504.21826	1583	17.8440
ERR13927504.21827	1581	18.4934
ERR13927504.21828	1632	18.2120
ERR13927504.21829	1549	16.5842
ERR13927504.21830	527	15.3036
ERR13927504.21831	1562	16.0711
ERR13927504.21832	1540	18.1682
ERR13927504.21833	1470	17.4347
ERR13927504.21834	1565	17.7157
ERR13927504.21835	1548	15.2403
ERR13927504.21836	1589	15.7508
ERR13927504.21837	1539	18.1300
ERR13927504.21838	1580	16.6741
ERR13927504.21839	1537	15.6493
ERR13927504.21840	1558	17.6175
ERR13927504.21841	1563	17.9239
ERR13927504.21842	1544	18.0926
ERR13927504.21843	1567	18.3625
ERR13927504.21844	1567	18.0779
ERR13927504.21845	1560	17.7494
ERR13927504.21846	1563	17.4440
ERR13927504.21847	1574	16.9612
ERR13927504.21848	1586	17.1986
ERR13927504.21849	1571	16.9389
ERR13927504.21850	1522	17.0085
ERR13927504.21851	1584	17.7702
ERR13927504.21852	1546	17.3784
ERR13927504.21853	385	16.0364
ERR13927504.21854	1535	14.2658
ERR13927504.21855	1553	16.2775
ERR13927504.21856	1569	15.5188
ERR13927504.21857	1562	17.4072
ERR13927504.21858	1588	19.5516
ERR13927504.21859	1538	15.5858
ERR13927504.21860	1575	16.4597
ERR13927504.21861	1554	15.4106
ERR13927504.21862	1564	19.2462
ERR13927504.21863	1322	16.3933
ERR13927504.21864	1574	17.6080
ERR13927504.21865	1578	16.5063
ERR13927504.21866	1569	17.3627
ERR13927504.21867	1524	16.3294
ERR13927504.21868	1547	17.1862
ERR13927504.21869	1004	15.4831
ERR13927504.21870	1535	17.1440
ERR13927504.21871	1562	18.4283
ERR13927504.21872	1518	16.2161
ERR13927504.21873	1563	16.4504
ERR13927504.21874	1600	16.8263
ERR13927504.21875	1555	19.2540
ERR13927504.21876	1546	15.7814
ERR13927504.21877	1572	19.7360
ERR13927504.21878	1568	17.6524
ERR13927504.21879	1498	15.6903
ERR13927504.21880	1622	18.1153
ERR13927504.21881	1562	17.2836
ERR13927504.21882	1557	15.1824
ERR13927504.21883	1536	18.5749
ERR13927504.21884	1414	15.4187
ERR13927504.21885	1223	18.0965
ERR13927504.21886	1575	17.6425
ERR13927504.21887	1586	17.8335
ERR13927504.21888	1600	16.0487
ERR13927504.21889	1565	18.7636
ERR13927504.21890	1570	17.9548
ERR13927504.21891	1565	18.0895
ERR13927504.21892	1582	14.2421
ERR13927504.21893	1526	15.6435
ERR13927504.21894	1585	17.3918
ERR13927504.21895	1543	18.0791
ERR13927504.21896	1576	17.6187
ERR13927504.21897	1565	16.2364
ERR13927504.21898	1534	16.3175
ERR13927504.21899	1584	17.0537
ERR13927504.21900	1553	17.2698
ERR13927504.21901	1551	17.9761
ERR13927504.21902	1553	20.1352
ERR13927504.21903	1552	18.7642
ERR13927504.21904	1571	18.0426
ERR13927504.21905	1547	18.4686
ERR13927504.21906	1552	19.1972
ERR13927504.21907	1542	15.6291
ERR13927504.21908	1554	16.7246
ERR13927504.21909	1560	17.3647
ERR13927504.21910	1583	17.7877
ERR13927504.21911	1578	15.7731
ERR13927504.21912	1562	17.5154
ERR13927504.21913	1490	19.3705
ERR13927504.21914	1542	15.1368
ERR13927504.21915	1551	16.0245
ERR13927504.21916	1542	14.9442
ERR13927504.21917	1549	15.7489
ERR13927504.21918	1527	16.3851
ERR13927504.21919	1551	17.5100
ERR13927504.21920	1553	16.9820
ERR13927504.21921	1541	14.8845
ERR13927504.21922	1520	18.8901
ERR13927504.21923	1570	18.4338
ERR13927504.21924	1578	17.0564
ERR13927504.21925	1555	16.2977
ERR13927504.21926	1596	19.7569
ERR13927504.21927	1558	18.5122
ERR13927504.21928	1546	15.4812
ERR13927504.21929	1507	17.1327
ERR13927504.21930	1504	16.0286
ERR13927504.21931	1603	17.9538
ERR13927504.21932	1586	18.1387
ERR13927504.21933	1515	16.3380
ERR13927504.21934	1574	17.6055
ERR13927504.21935	1560	18.2218
ERR13927504.21936	1541	18.2797
ERR13927504.21937	1551	17.6995
ERR13927504.21938	1581	17.1455
ERR13927504.21939	1556	17.5103
ERR13927504.21940	1557	16.7161
ERR13927504.21941	519	15.2813
ERR13927504.21942	1547	15.6729
ERR13927504.21943	1599	14.7054
ERR13927504.21944	1531	15.7087
ERR13927504.21945	1541	17.9676
ERR13927504.21946	1545	17.9346
ERR13927504.21947	1579	16.5047
ERR13927504.21948	1535	16.8078
ERR13927504.21949	1563	17.7652
ERR13927504.21950	1584	15.6357
ERR13927504.21951	1585	17.0524
ERR13927504.21952	1583	19.0461
ERR13927504.21953	1569	18.2441
ERR13927504.21954	1522	16.5775
ERR13927504.21955	1568	16.0721
ERR13927504.21956	1528	14.6420
ERR13927504.21957	1577	15.8802
ERR13927504.21958	1588	20.6398
ERR13927504.21959	405	16.7728
ERR13927504.21960	1566	16.5498
ERR13927504.21961	1533	17.8911
ERR13927504.21962	1623	18.1343
ERR13927504.21963	504	15.3333
ERR13927504.21964	1516	20.4624
ERR13927504.21965	1291	15.4028
ERR13927504.21966	1589	17.0208
ERR13927504.21967	1545	17.5922
ERR13927504.21968	921	18.4397
ERR13927504.21969	1547	19.9690
ERR13927504.21970	1583	14.3632
ERR13927504.21971	1569	15.4869
ERR13927504.21972	1541	18.1480
ERR13927504.21973	1609	17.0988
ERR13927504.21974	1575	18.8286
ERR13927504.21975	1560	16.4192
ERR13927504.21976	1563	19.1567
ERR13927504.21977	1407	18.5885
ERR13927504.21978	1577	15.7660
ERR13927504.21979	1592	16.8247
ERR13927504.21980	1535	18.3876
ERR13927504.21981	1554	17.5328
ERR13927504.21982	1535	18.3134
ERR13927504.21983	246	16.0325
ERR13927504.21984	1612	19.0726
ERR13927504.21985	1502	17.7710
ERR13927504.21986	1587	16.7007
ERR13927504.21987	1560	17.8109
ERR13927504.21988	1309	17.5859
ERR13927504.21989	1573	17.3261
ERR13927504.21990	1557	13.7906
ERR13927504.21991	1578	20.0729
ERR13927504.21992	1583	15.3335
ERR13927504.21993	1553	18.0264
ERR13927504.21994	861	17.4704
ERR13927504.21995	1547	18.0446
ERR13927504.21996	1534	17.3494
ERR13927504.21997	1576	15.3033
ERR13927504.21998	1576	17.9067
ERR13927504.21999	1551	17.0664
ERR13927504.22000	1559	16.9929
ERR13927504.22001	1606	17.7067
ERR13927504.22002	1537	16.4736
ERR13927504.22003	1562	15.5109
ERR13927504.22004	1580	16.5462
ERR13927504.22005	1566	18.1743
ERR13927504.22006	1601	18.6384
ERR13927504.22007	1582	17.3192
ERR13927504.22008	1569	20.6794
ERR13927504.22009	1537	17.6122
ERR13927504.22010	1485	18.9010
ERR13927504.22011	1572	17.2029
ERR13927504.22012	1555	17.7389
ERR13927504.22013	1538	14.5468
ERR13927504.22014	1233	17.1760
ERR13927504.22015	1577	16.0666
ERR13927504.22016	1540	15.6403
ERR13927504.22017	1507	19.6218
ERR13927504.22018	1590	16.7126
ERR13927504.22019	1525	16.2570
ERR13927504.22020	1555	16.6939
ERR13927504.22021	1552	17.2816
ERR13927504.22022	1554	15.5084
ERR13927504.22023	551	22.5826
ERR13927504.22024	1565	15.3738
ERR13927504.22025	1575	16.3784
ERR13927504.22026	1524	15.8110
ERR13927504.22027	1590	18.6950
ERR13927504.22028	1581	17.2245
ERR13927504.22029	1564	16.9252
ERR13927504.22030	1591	16.9019
ERR13927504.22031	1566	15.8883
ERR13927504.22032	1584	17.7292
ERR13927504.22033	1561	16.4837
ERR13927504.22034	1495	17.8421
ERR13927504.22035	1561	19.0384
ERR13927504.22036	1551	15.9516
ERR13927504.22037	1539	16.4535
ERR13927504.22038	1510	14.8093
ERR13927504.22039	1544	16.8776
ERR13927504.22040	1545	17.8298
ERR13927504.22041	1565	16.7099
ERR13927504.22042	1583	14.9539
ERR13927504.22043	256	15.9648
ERR13927504.22044	1583	15.5414
ERR13927504.22045	1566	16.5166
ERR13927504.22046	1547	17.5934
ERR13927504.22047	1517	16.1187
ERR13927504.22048	1569	16.3850
ERR13927504.22049	1592	15.4535
ERR13927504.22050	1554	16.3945
ERR13927504.22051	1568	17.3438
ERR13927504.22052	1591	16.0176
ERR13927504.22053	1557	20.6692
ERR13927504.22054	1559	17.1199
ERR13927504.22055	1568	19.1811
ERR13927504.22056	1600	17.2712
ERR13927504.22057	853	18.1184
ERR13927504.22058	1547	18.3613
ERR13927504.22059	1560	16.8135
ERR13927504.22060	1563	14.5010
ERR13927504.22061	1560	17.0071
ERR13927504.22062	1562	16.6805
ERR13927504.22063	1554	17.5193
ERR13927504.22064	1562	18.7932
ERR13927504.22065	1526	17.8427
ERR13927504.22066	1551	14.5177
ERR13927504.22067	1573	17.7349
ERR13927504.22068	1585	15.4612
ERR13927504.22069	1571	16.9185
ERR13927504.22070	1557	17.6288
ERR13927504.22071	1570	17.5720
ERR13927504.22072	1634	17.9259
ERR13927504.22073	1532	17.2604
ERR13927504.22074	1575	16.0394
ERR13927504.22075	1576	17.0888
ERR13927504.22076	1569	16.7954
ERR13927504.22077	1568	16.5300
ERR13927504.22078	1523	15.9160
ERR13927504.22079	1546	16.3765
ERR13927504.22080	1586	15.6803
ERR13927504.22081	1600	16.7963
ERR13927504.22082	1589	16.4940
ERR13927504.22083	1570	14.7822
ERR13927504.22084	1538	15.7984
ERR13927504.22085	1571	17.3730
ERR13927504.22086	1493	14.5325
ERR13927504.22087	1562	17.9462
ERR13927504.22088	1554	20.0804
ERR13927504.22089	1322	15.3858
ERR13927504.22090	1553	17.6645
ERR13927504.22091	323	16.3529
ERR13927504.22092	1549	17.6856
ERR13927504.22093	1541	17.7047
ERR13927504.22094	1482	15.1829
ERR13927504.22095	1586	18.8575
ERR13927504.22096	1579	18.7403
ERR13927504.22097	1614	15.9195
ERR13927504.22098	1565	17.8524
ERR13927504.22099	2942	15.8107
ERR13927504.22100	1555	17.7068
ERR13927504.22101	1499	15.7518
ERR13927504.22102	1557	15.2479
ERR13927504.22103	1567	21.0696
ERR13927504.22104	1539	16.9734
ERR13927504.22105	1566	16.7714
ERR13927504.22106	1561	20.0346
ERR13927504.22107	1559	14.9025
ERR13927504.22108	1524	15.4816
ERR13927504.22109	1597	17.3143
ERR13927504.22110	1597	17.7539
ERR13927504.22111	1569	15.7234
ERR13927504.22112	1615	17.3022
ERR13927504.22113	1235	17.0769
ERR13927504.22114	1565	18.3981
ERR13927504.22115	1504	14.6150
ERR13927504.22116	1569	19.0969
ERR13927504.22117	1564	20.1240
ERR13927504.22118	1569	17.0567
ERR13927504.22119	1548	17.1764
ERR13927504.22120	1322	17.3351
ERR13927504.22121	1537	16.1750
ERR13927504.22122	1566	15.8908
ERR13927504.22123	1589	16.8074
ERR13927504.22124	1572	16.9580
ERR13927504.22125	1526	18.2353
ERR13927504.22126	1497	16.4756
ERR13927504.22127	1547	20.6761
ERR13927504.22128	1585	17.3830
ERR13927504.22129	1577	17.4502
ERR13927504.22130	1584	17.6389
ERR13927504.22131	1135	15.8317
ERR13927504.22132	1578	15.7345
ERR13927504.22133	1574	19.7211
ERR13927504.22134	1577	17.5561
ERR13927504.22135	1580	16.9804
ERR13927504.22136	1571	16.1579
ERR13927504.22137	1606	18.2721
ERR13927504.22138	1585	17.5640
ERR13927504.22139	1557	20.0225
ERR13927504.22140	1352	16.0666
ERR13927504.22141	1586	18.6393
ERR13927504.22142	1570	15.5452
ERR13927504.22143	1585	18.4770
ERR13927504.22144	1553	16.9865
ERR13927504.22145	1530	16.2137
ERR13927504.22146	1561	17.3760
ERR13927504.22147	1558	14.8350
ERR13927504.22148	1549	19.0762
ERR13927504.22149	1558	18.0090
ERR13927504.22150	1532	16.0196
ERR13927504.22151	1497	20.4102
ERR13927504.22152	1516	15.3786
ERR13927504.22153	1550	16.1406
ERR13927504.22154	1573	17.2689
ERR13927504.22155	1558	16.8145
ERR13927504.22156	1561	16.4318
ERR13927504.22157	1562	16.7951
ERR13927504.22158	1534	19.5626
ERR13927504.22159	1579	18.2464
ERR13927504.22160	1543	14.9300
ERR13927504.22161	1607	17.7113
ERR13927504.22162	1548	15.6764
ERR13927504.22163	1588	15.6272
ERR13927504.22164	1537	14.8224
ERR13927504.22165	1567	17.2304
ERR13927504.22166	1559	16.6145
ERR13927504.22167	1520	19.3375
ERR13927504.22168	1572	16.5916
ERR13927504.22169	1593	16.8475
ERR13927504.22170	1579	17.2996
ERR13927504.22171	1536	18.0150
ERR13927504.22172	1560	17.2179
ERR13927504.22173	1554	15.7857
ERR13927504.22174	1580	15.1570
ERR13927504.22175	1558	16.0340
ERR13927504.22176	1531	18.1764
ERR13927504.22177	1583	17.5907
ERR13927504.22178	1543	17.4407
ERR13927504.22179	220	16.5000
ERR13927504.22180	1575	16.0356
ERR13927504.22181	1567	14.6879
ERR13927504.22182	969	14.8596
ERR13927504.22183	1537	15.8172
ERR13927504.22184	1542	17.6154
ERR13927504.22185	1594	18.1041
ERR13927504.22186	1548	18.2397
ERR13927504.22187	1542	15.1271
ERR13927504.22188	1587	15.5545
ERR13927504.22189	1559	17.9160
ERR13927504.22190	1550	16.4923
ERR13927504.22191	1557	19.0373
ERR13927504.22192	1527	14.3864
ERR13927504.22193	1437	18.7724
ERR13927504.22194	1538	17.6658
ERR13927504.22195	1565	20.4479
ERR13927504.22196	1581	17.0961
ERR13927504.22197	1573	16.3363
ERR13927504.22198	1566	17.2516
ERR13927504.22199	1312	15.0785
ERR13927504.22200	1574	17.1245
ERR13927504.22201	1524	16.3766
ERR13927504.22202	1556	16.3991
ERR13927504.22203	1545	16.8220
ERR13927504.22204	1576	17.5254
ERR13927504.22205	1590	17.0038
ERR13927504.22206	1637	18.1637
ERR13927504.22207	1425	15.2281
ERR13927504.22208	1453	16.7653
ERR13927504.22209	1583	16.1068
ERR13927504.22210	1541	17.2868
ERR13927504.22211	1602	20.2709
ERR13927504.22212	1554	15.8237
ERR13927504.22213	1554	15.3468
ERR13927504.22214	1538	18.1808
ERR13927504.22215	1574	18.6741
ERR13927504.22216	1563	14.8445
ERR13927504.22217	1562	17.2497
ERR13927504.22218	1551	19.3804
ERR13927504.22219	1590	20.4660
ERR13927504.22220	1561	17.5862
ERR13927504.22221	1593	18.0314
ERR13927504.22222	1395	14.6093
ERR13927504.22223	1223	16.9305
ERR13927504.22224	1560	16.8981
ERR13927504.22225	1592	18.6068
ERR13927504.22226	1533	17.9804
ERR13927504.22227	1552	19.9149
ERR13927504.22228	1510	19.1424
ERR13927504.22229	1553	20.1455
ERR13927504.22230	1538	15.7386
ERR13927504.22231	1453	15.7866
ERR13927504.22232	1581	18.4788
ERR13927504.22233	1578	17.0779
ERR13927504.22234	1552	19.0039
ERR13927504.22235	1563	17.6104
ERR13927504.22236	1563	17.2694
ERR13927504.22237	1525	17.6603
ERR13927504.22238	1578	17.9620
ERR13927504.22239	1483	14.4100
ERR13927504.22240	1571	17.1693
ERR13927504.22241	1535	19.1850
ERR13927504.22242	1590	16.5434
ERR13927504.22243	1571	17.6181
ERR13927504.22244	1432	17.1690
ERR13927504.22245	1331	15.8189
ERR13927504.22246	1563	17.0250
ERR13927504.22247	1549	17.5158
ERR13927504.22248	1591	16.3350
ERR13927504.22249	1554	17.0039
ERR13927504.22250	1576	15.5082
ERR13927504.22251	1565	18.4211
ERR13927504.22252	1565	17.0799
ERR13927504.22253	1565	20.9923
ERR13927504.22254	1586	16.3348
ERR13927504.22255	1548	18.2345
ERR13927504.22256	1601	17.4254
ERR13927504.22257	1581	17.9241
ERR13927504.22258	1340	18.5075
ERR13927504.22259	1601	19.4778
ERR13927504.22260	1573	19.2104
ERR13927504.22261	1557	16.8433
ERR13927504.22262	1593	18.3584
ERR13927504.22263	1557	19.7200
ERR13927504.22264	1589	18.5035
ERR13927504.22265	1489	17.5084
ERR13927504.22266	1540	16.3812
ERR13927504.22267	1590	18.2252
ERR13927504.22268	1550	15.5458
ERR13927504.22269	1559	15.2572
ERR13927504.22270	1594	18.3934
ERR13927504.22271	1560	19.1494
ERR13927504.22272	1536	17.7747
ERR13927504.22273	1536	17.1693
ERR13927504.22274	1555	15.2810
ERR13927504.22275	1577	18.2346
ERR13927504.22276	1577	14.5942
ERR13927504.22277	1568	17.4726
ERR13927504.22278	1591	16.8347
ERR13927504.22279	1579	18.9316
ERR13927504.22280	1566	16.5715
ERR13927504.22281	1536	16.0267
ERR13927504.22282	1528	15.2565
ERR13927504.22283	3193	16.1428
ERR13927504.22284	1594	16.5721
ERR13927504.22285	1547	15.8701
ERR13927504.22286	1603	17.6719
ERR13927504.22287	1560	18.2160
ERR13927504.22288	1576	16.3972
ERR13927504.22289	1565	20.4217
ERR13927504.22290	1579	18.3547
ERR13927504.22291	1552	19.7590
ERR13927504.22292	1571	16.3947
ERR13927504.22293	1541	16.6327
ERR13927504.22294	1534	17.1278
ERR13927504.22295	1566	19.5147
ERR13927504.22296	1536	15.7480
ERR13927504.22297	1526	18.2969
ERR13927504.22298	1586	18.7068
ERR13927504.22299	1615	18.1090
ERR13927504.22300	1353	17.6260
ERR13927504.22301	1526	19.4135
ERR13927504.22302	1535	15.4554
ERR13927504.22303	1575	18.9949
ERR13927504.22304	1586	15.8821
ERR13927504.22305	1492	17.5583
ERR13927504.22306	1572	15.8492
ERR13927504.22307	1564	16.9009
ERR13927504.22308	1561	15.7867
ERR13927504.22309	1537	14.3123
ERR13927504.22310	1550	19.1039
ERR13927504.22311	1569	17.6029
ERR13927504.22312	1571	18.1082
ERR13927504.22313	1555	17.6257
ERR13927504.22314	1551	18.1173
ERR13927504.22315	1525	20.0675
ERR13927504.22316	1516	15.6115
ERR13927504.22317	1566	16.5064
ERR13927504.22318	1564	17.8075
ERR13927504.22319	1516	15.7876
ERR13927504.22320	1539	16.5686
ERR13927504.22321	1551	16.4861
ERR13927504.22322	1572	17.3766
ERR13927504.22323	1557	18.4175
ERR13927504.22324	1606	18.2721
ERR13927504.22325	1611	19.9547
ERR13927504.22326	1549	16.0846
ERR13927504.22327	1714	17.7141
ERR13927504.22328	1566	18.0562
ERR13927504.22329	1530	18.3176
ERR13927504.22330	1572	20.1953
ERR13927504.22331	1564	18.2263
ERR13927504.22332	930	15.1505
ERR13927504.22333	969	18.3271
ERR13927504.22334	1570	18.0019
ERR13927504.22335	1597	16.9117
ERR13927504.22336	1571	15.1025
ERR13927504.22337	1577	19.1224
ERR13927504.22338	1622	18.2028
ERR13927504.22339	1600	20.2750
ERR13927504.22340	1560	18.0263
ERR13927504.22341	1557	18.2152
ERR13927504.22342	1543	18.6448
ERR13927504.22343	1592	18.1658
ERR13927504.22344	1582	17.3932
ERR13927504.22345	1546	16.3797
ERR13927504.22346	1553	16.6684
ERR13927504.22347	1679	19.3996
ERR13927504.22348	991	18.9576
ERR13927504.22349	1549	17.7063
ERR13927504.22350	1553	16.6716
ERR13927504.22351	1566	17.5626
ERR13927504.22352	1584	17.9116
ERR13927504.22353	1537	16.4288
ERR13927504.22354	1578	16.8454
ERR13927504.22355	1549	16.7017
ERR13927504.22356	1542	16.5143
ERR13927504.22357	1543	19.6280
ERR13927504.22358	1538	17.1775
ERR13927504.22359	1543	16.2424
ERR13927504.22360	1572	16.4249
ERR13927504.22361	1585	17.2019
ERR13927504.22362	1574	18.2529
ERR13927504.22363	1524	14.8530
ERR13927504.22364	1571	18.8536
ERR13927504.22365	1586	17.6683
ERR13927504.22366	1567	16.8743
ERR13927504.22367	1548	16.8469
ERR13927504.22368	1537	14.6584
ERR13927504.22369	1546	20.1656
ERR13927504.22370	1561	17.4318
ERR13927504.22371	1544	18.2254
ERR13927504.22372	1556	17.8252
ERR13927504.22373	1577	18.8846
ERR13927504.22374	1546	17.7193
ERR13927504.22375	1570	15.2713
ERR13927504.22376	3063	17.1848
ERR13927504.22377	1559	19.4593
ERR13927504.22378	1553	18.7727
ERR13927504.22379	1576	16.4873
ERR13927504.22380	1587	18.7196
ERR13927504.22381	1576	16.8477
ERR13927504.22382	1566	16.9559
ERR13927504.22383	1511	15.6473
ERR13927504.22384	1534	15.2132
ERR13927504.22385	1581	17.3314
ERR13927504.22386	1559	16.1469
ERR13927504.22387	1580	16.2335
ERR13927504.22388	1531	19.1901
ERR13927504.22389	1533	18.1389
ERR13927504.22390	1561	17.5734
ERR13927504.22391	1518	13.8116
ERR13927504.22392	1587	17.4669
ERR13927504.22393	1522	16.6813
ERR13927504.22394	1575	17.3689
ERR13927504.22395	1532	17.5920
ERR13927504.22396	1551	16.5603
ERR13927504.22397	1556	18.9113
ERR13927504.22398	1572	17.4987
ERR13927504.22399	1584	16.6711
ERR13927504.22400	1545	15.3612
ERR13927504.22401	1566	17.2803
ERR13927504.22402	1602	17.4045
ERR13927504.22403	1545	14.8227
ERR13927504.22404	1570	16.2401
ERR13927504.22405	1142	17.8380
ERR13927504.22406	1530	17.0366
ERR13927504.22407	1594	15.3726
ERR13927504.22408	1538	16.0091
ERR13927504.22409	1567	17.5335
ERR13927504.22410	1556	17.4357
ERR13927504.22411	1552	17.4046
ERR13927504.22412	1586	19.9817
ERR13927504.22413	1538	17.1157
ERR13927504.22414	1113	17.2884
ERR13927504.22415	1593	18.0709
ERR13927504.22416	1604	16.7899
ERR13927504.22417	1577	17.6119
ERR13927504.22418	1569	17.2371
ERR13927504.22419	1548	18.9031
ERR13927504.22420	1556	20.9653
ERR13927504.22421	1589	14.8301
ERR13927504.22422	1476	15.4201
ERR13927504.22423	1540	15.3247
ERR13927504.22424	1577	18.6988
ERR13927504.22425	1581	19.7672
ERR13927504.22426	1546	17.3506
ERR13927504.22427	1459	16.2461
ERR13927504.22428	1580	14.7266
ERR13927504.22429	1588	17.4055
ERR13927504.22430	1540	15.7812
ERR13927504.22431	1560	16.1821
ERR13927504.22432	1533	18.3366
ERR13927504.22433	1574	19.4498
ERR13927504.22434	1565	16.9195
ERR13927504.22435	1578	16.3295
ERR13927504.22436	1532	16.2206
ERR13927504.22437	1533	15.8350
ERR13927504.22438	1567	17.2399
ERR13927504.22439	1500	16.1800
ERR13927504.22440	1552	16.5064
ERR13927504.22441	1528	17.6440
ERR13927504.22442	1577	17.4268
ERR13927504.22443	1526	18.8178
ERR13927504.22444	1578	18.1280
ERR13927504.22445	1095	14.5352
ERR13927504.22446	1574	17.7935
ERR13927504.22447	1543	16.3746
ERR13927504.22448	1568	16.3610
ERR13927504.22449	1535	18.4717
ERR13927504.22450	1179	16.6455
ERR13927504.22451	1563	13.4811
ERR13927504.22452	1561	17.3530
ERR13927504.22453	1555	18.9614
ERR13927504.22454	1124	18.4849
ERR13927504.22455	1559	18.3643
ERR13927504.22456	1502	16.2450
ERR13927504.22457	1549	17.3841
ERR13927504.22458	1570	17.2701
ERR13927504.22459	1538	16.0501
ERR13927504.22460	1512	16.1488
ERR13927504.22461	1579	18.4668
ERR13927504.22462	1570	20.2573
ERR13927504.22463	1576	21.0419
ERR13927504.22464	1548	16.9651
ERR13927504.22465	1552	16.0580
ERR13927504.22466	1583	15.9198
ERR13927504.22467	1592	18.6250
ERR13927504.22468	1103	14.5195
ERR13927504.22469	1514	15.1790
ERR13927504.22470	1593	18.9441
ERR13927504.22471	1570	19.1096
ERR13927504.22472	1592	16.6036
ERR13927504.22473	1558	18.5141
ERR13927504.22474	1553	18.8281
ERR13927504.22475	1436	18.1623
ERR13927504.22476	1560	18.4090
ERR13927504.22477	1567	14.8239
ERR13927504.22478	1540	18.5214
ERR13927504.22479	1546	16.6850
ERR13927504.22480	1527	16.9653
ERR13927504.22481	1589	17.1636
ERR13927504.22482	1561	15.8020
ERR13927504.22483	1551	16.9826
ERR13927504.22484	1554	16.6821
ERR13927504.22485	1369	14.7049
ERR13927504.22486	1527	18.7394
ERR13927504.22487	1537	15.3800
ERR13927504.22488	1591	17.6091
ERR13927504.22489	1547	16.4809
ERR13927504.22490	1542	17.4040
ERR13927504.22491	1529	19.6311
ERR13927504.22492	1563	15.9226
ERR13927504.22493	1586	17.5259
ERR13927504.22494	1594	18.3350
ERR13927504.22495	1558	17.5777
ERR13927504.22496	1527	17.0144
ERR13927504.22497	1549	19.5391
ERR13927504.22498	1575	19.8152
ERR13927504.22499	1567	17.4735
ERR13927504.22500	1387	16.4722
ERR13927504.22501	1591	16.9698
ERR13927504.22502	1373	18.6344
ERR13927504.22503	1545	14.7586
ERR13927504.22504	1599	19.3133
ERR13927504.22505	1535	16.4013
ERR13927504.22506	1582	16.4292
ERR13927504.22507	1553	18.6394
ERR13927504.22508	1570	16.7051
ERR13927504.22509	1545	15.9392
ERR13927504.22510	1592	19.0000
ERR13927504.22511	1498	15.6182
ERR13927504.22512	1562	13.8950
ERR13927504.22513	1566	16.7605
ERR13927504.22514	1508	16.7208
ERR13927504.22515	1493	14.9498
ERR13927504.22516	1572	16.4268
ERR13927504.22517	1456	13.8922
ERR13927504.22518	1574	19.2490
ERR13927504.22519	1564	17.2231
ERR13927504.22520	1582	19.6144
ERR13927504.22521	1581	18.4231
ERR13927504.22522	1482	14.6525
ERR13927504.22523	1589	16.2284
ERR13927504.22524	1592	19.3348
ERR13927504.22525	1457	14.8888
ERR13927504.22526	1525	16.2275
ERR13927504.22527	1577	17.7330
ERR13927504.22528	1543	17.3007
ERR13927504.22529	1564	20.4003
ERR13927504.22530	1545	15.9061
ERR13927504.22531	1572	19.4555
ERR13927504.22532	1556	17.6652
ERR13927504.22533	1557	17.0700
ERR13927504.22534	3099	15.1872
ERR13927504.22535	1568	16.7513
ERR13927504.22536	1559	17.1969
ERR13927504.22537	1573	17.6039
ERR13927504.22538	1550	16.9852
ERR13927504.22539	1579	17.5434
ERR13927504.22540	1589	18.2826
ERR13927504.22541	1578	17.7294
ERR13927504.22542	1625	14.7157
ERR13927504.22543	1572	16.8162
ERR13927504.22544	1562	17.6140
ERR13927504.22545	1592	19.0251
ERR13927504.22546	1415	20.8947
ERR13927504.22547	1551	16.3985
ERR13927504.22548	1586	17.4987
ERR13927504.22549	1553	18.3387
ERR13927504.22550	1492	16.6072
ERR13927504.22551	1549	18.6191
ERR13927504.22552	1583	16.0328
ERR13927504.22553	1570	19.5879
ERR13927504.22554	1601	17.8407
ERR13927504.22555	1565	15.4837
ERR13927504.22556	1568	17.4177
ERR13927504.22557	1561	15.7649
ERR13927504.22558	1526	15.3545
ERR13927504.22559	2078	17.3667
ERR13927504.22560	1516	17.4321
ERR13927504.22561	1539	17.9376
ERR13927504.22562	1558	18.0488
ERR13927504.22563	1586	17.9136
ERR13927504.22564	1592	15.9397
ERR13927504.22565	1587	19.3132
ERR13927504.22566	1541	14.7884
ERR13927504.22567	1553	19.0985
ERR13927504.22568	1574	18.4422
ERR13927504.22569	1570	17.6790
ERR13927504.22570	1590	21.4478
ERR13927504.22571	1565	19.5859
ERR13927504.22572	1521	16.1940
ERR13927504.22573	868	16.5081
ERR13927504.22574	1538	16.8797
ERR13927504.22575	1574	15.2046
ERR13927504.22576	1558	16.6656
ERR13927504.22577	1572	16.0579
ERR13927504.22578	1555	18.6482
ERR13927504.22579	1428	15.8193
ERR13927504.22580	1588	19.2639
ERR13927504.22581	1565	17.4371
ERR13927504.22582	1553	15.6317
ERR13927504.22583	1571	16.9173
ERR13927504.22584	1569	16.3423
ERR13927504.22585	1573	18.1233
ERR13927504.22586	1471	15.5003
ERR13927504.22587	1560	19.5660
ERR13927504.22588	1575	18.4127
ERR13927504.22589	1581	18.0531
ERR13927504.22590	1585	15.6429
ERR13927504.22591	1520	15.7888
ERR13927504.22592	1615	16.9245
ERR13927504.22593	1584	18.3567
ERR13927504.22594	1495	14.7993
ERR13927504.22595	1558	17.9134
ERR13927504.22596	1520	17.2954
ERR13927504.22597	1552	15.7964
ERR13927504.22598	1589	16.8049
ERR13927504.22599	1557	15.7585
ERR13927504.22600	1544	16.8109
ERR13927504.22601	1562	18.6633
ERR13927504.22602	1558	18.1496
ERR13927504.22603	1598	18.7165
ERR13927504.22604	1499	16.4036
ERR13927504.22605	1530	14.8301
ERR13927504.22606	1538	17.2913
ERR13927504.22607	1582	18.9343
ERR13927504.22608	1655	15.1952
ERR13927504.22609	1537	18.8478
ERR13927504.22610	1566	15.1354
ERR13927504.22611	1419	16.3051
ERR13927504.22612	1518	16.8491
ERR13927504.22613	1535	15.3459
ERR13927504.22614	1588	17.5775
ERR13927504.22615	1509	13.9490
ERR13927504.22616	1538	18.5371
ERR13927504.22617	1559	19.2681
ERR13927504.22618	3129	16.2298
ERR13927504.22619	1562	19.4123
ERR13927504.22620	1557	18.8446
ERR13927504.22621	1580	18.3620
ERR13927504.22622	1596	17.7682
ERR13927504.22623	1549	16.4442
ERR13927504.22624	1535	17.3609
ERR13927504.22625	1549	17.4448
ERR13927504.22626	1556	19.7982
ERR13927504.22627	1566	19.2650
ERR13927504.22628	1535	16.0906
ERR13927504.22629	1574	19.2706
ERR13927504.22630	1565	16.3195
ERR13927504.22631	1531	15.9993
ERR13927504.22632	1557	14.8581
ERR13927504.22633	1577	17.3361
ERR13927504.22634	1639	18.1855
ERR13927504.22635	1579	17.0931
ERR13927504.22636	1544	15.4508
ERR13927504.22637	1579	15.3825
ERR13927504.22638	1601	17.7876
ERR13927504.22639	1568	16.9286
ERR13927504.22640	1562	17.6063
ERR13927504.22641	1612	15.2022
ERR13927504.22642	1522	15.8495
ERR13927504.22643	1585	18.2568
ERR13927504.22644	1573	16.8118
ERR13927504.22645	1578	18.4924
ERR13927504.22646	1586	17.5416
ERR13927504.22647	1584	19.8074
ERR13927504.22648	1594	17.8501
ERR13927504.22649	1539	16.4425
ERR13927504.22650	1554	17.5322
ERR13927504.22651	1572	17.9497
ERR13927504.22652	1561	17.6906
ERR13927504.22653	1519	17.8038
ERR13927504.22654	1608	16.8358
ERR13927504.22655	1555	19.9749
ERR13927504.22656	1551	17.0477
ERR13927504.22657	1640	20.6604
ERR13927504.22658	1579	18.5472
ERR13927504.22659	1540	16.5883
ERR13927504.22660	1564	18.6055
ERR13927504.22661	1572	16.5827
ERR13927504.22662	1551	15.8195
ERR13927504.22663	1567	19.1410
ERR13927504.22664	1580	19.2215
ERR13927504.22665	1575	17.4781
ERR13927504.22666	1588	17.3785
ERR13927504.22667	1537	17.5960
ERR13927504.22668	1535	17.5362
ERR13927504.22669	1586	19.1066
ERR13927504.22670	1564	20.2430
ERR13927504.22671	1555	18.5961
ERR13927504.22672	1514	18.5403
ERR13927504.22673	1589	16.3405
ERR13927504.22674	1567	18.9464
ERR13927504.22675	1547	16.5507
ERR13927504.22676	1588	17.1474
ERR13927504.22677	445	14.6674
ERR13927504.22678	1578	19.3048
ERR13927504.22679	1554	17.4363
ERR13927504.22680	1559	17.7332
ERR13927504.22681	1580	17.2684
ERR13927504.22682	1556	17.8792
ERR13927504.22683	1561	20.3504
ERR13927504.22684	1540	16.8545
ERR13927504.22685	1579	18.1507
ERR13927504.22686	1582	19.9140
ERR13927504.22687	1536	17.1178
ERR13927504.22688	1607	14.2427
ERR13927504.22689	1586	17.3821
ERR13927504.22690	1582	18.7067
ERR13927504.22691	1541	18.9247
ERR13927504.22692	1503	16.0333
ERR13927504.22693	1530	16.1529
ERR13927504.22694	1585	18.3451
ERR13927504.22695	1533	17.5649
ERR13927504.22696	626	15.8610
ERR13927504.22697	616	18.2127
ERR13927504.22698	1573	16.2435
ERR13927504.22699	1547	16.4706
ERR13927504.22700	1563	17.5099
ERR13927504.22701	1569	16.3939
ERR13927504.22702	1551	15.0496
ERR13927504.22703	1490	17.5040
ERR13927504.22704	1585	19.2751
ERR13927504.22705	1582	17.8439
ERR13927504.22706	1549	18.9342
ERR13927504.22707	1561	16.0038
ERR13927504.22708	1599	19.7649
ERR13927504.22709	1549	16.8767
ERR13927504.22710	1486	16.6366
ERR13927504.22711	1553	17.0013
ERR13927504.22712	1551	16.5300
ERR13927504.22713	1548	18.7003
ERR13927504.22714	1582	16.6764
ERR13927504.22715	1556	19.0405
ERR13927504.22716	1562	16.2414
ERR13927504.22717	1593	17.3804
ERR13927504.22718	1583	18.3544
ERR13927504.22719	1408	17.6222
ERR13927504.22720	1529	16.9882
ERR13927504.22721	1552	17.6662
ERR13927504.22722	1569	15.5488
ERR13927504.22723	1547	17.8985
ERR13927504.22724	1521	17.1078
ERR13927504.22725	1543	20.6176
ERR13927504.22726	1556	17.9724
ERR13927504.22727	1512	16.9821
ERR13927504.22728	1602	14.8976
ERR13927504.22729	374	16.6203
ERR13927504.22730	1564	17.2379
ERR13927504.22731	1557	17.2582
ERR13927504.22732	1562	18.1569
ERR13927504.22733	1534	15.7510
ERR13927504.22734	1553	20.6252
ERR13927504.22735	1526	15.1972
ERR13927504.22736	796	18.8266
ERR13927504.22737	1546	15.5149
ERR13927504.22738	1382	14.7475
ERR13927504.22739	1590	15.4541
ERR13927504.22740	1503	15.1018
ERR13927504.22741	433	19.6028
ERR13927504.22742	1550	17.8432
ERR13927504.22743	1570	17.5159
ERR13927504.22744	1557	19.3776
ERR13927504.22745	1633	19.0955
ERR13927504.22746	1558	17.8023
ERR13927504.22747	1527	14.7184
ERR13927504.22748	1550	15.7077
ERR13927504.22749	1513	16.7839
ERR13927504.22750	1585	17.5584
ERR13927504.22751	1531	17.3462
ERR13927504.22752	273	17.5385
ERR13927504.22753	1518	14.8419
ERR13927504.22754	1549	18.1943
ERR13927504.22755	1579	15.5465
ERR13927504.22756	1563	17.6014
ERR13927504.22757	1520	15.5395
ERR13927504.22758	1561	16.4164
ERR13927504.22759	1555	18.3286
ERR13927504.22760	1506	17.0564
ERR13927504.22761	1582	20.4134
ERR13927504.22762	1555	16.0476
ERR13927504.22763	1567	18.5054
ERR13927504.22764	1569	17.9407
ERR13927504.22765	1549	17.3131
ERR13927504.22766	1544	17.6367
ERR13927504.22767	1579	16.5370
ERR13927504.22768	1493	14.7173
ERR13927504.22769	1577	19.0387
ERR13927504.22770	3145	17.0671
ERR13927504.22771	1568	19.6065
ERR13927504.22772	1617	19.7631
ERR13927504.22773	1553	18.7888
ERR13927504.22774	1257	18.3095
ERR13927504.22775	1544	17.7494
ERR13927504.22776	1590	16.5119
ERR13927504.22777	1522	14.7687
ERR13927504.22778	3160	17.0234
ERR13927504.22779	1561	17.5798
ERR13927504.22780	1568	17.7181
ERR13927504.22781	1560	18.1596
ERR13927504.22782	1549	16.9716
ERR13927504.22783	1521	16.1190
ERR13927504.22784	1564	15.9527
ERR13927504.22785	1565	15.8550
ERR13927504.22786	1588	18.2626
ERR13927504.22787	1547	15.1784
ERR13927504.22788	1576	17.4137
ERR13927504.22789	1572	16.8244
ERR13927504.22790	1544	15.7863
ERR13927504.22791	1579	18.3287
ERR13927504.22792	1550	19.4413
ERR13927504.22793	1542	15.3560
ERR13927504.22794	1550	19.8058
ERR13927504.22795	1528	16.3233
ERR13927504.22796	1540	16.5552
ERR13927504.22797	898	16.1225
ERR13927504.22798	1592	16.8618
ERR13927504.22799	1540	15.7312
ERR13927504.22800	1590	18.5623
ERR13927504.22801	1572	17.6145
ERR13927504.22802	1601	17.7570
ERR13927504.22803	1551	18.1367
ERR13927504.22804	1522	18.3739
ERR13927504.22805	1554	16.7066
ERR13927504.22806	1582	17.0430
ERR13927504.22807	1549	17.3351
ERR13927504.22808	1565	16.2307
ERR13927504.22809	1576	16.0133
ERR13927504.22810	1545	17.3586
ERR13927504.22811	1566	14.2318
ERR13927504.22812	1545	19.3230
ERR13927504.22813	1569	15.8623
ERR13927504.22814	1575	16.0762
ERR13927504.22815	1516	18.2949
ERR13927504.22816	1586	16.1198
ERR13927504.22817	1594	17.2604
ERR13927504.22818	1568	18.2372
ERR13927504.22819	1536	17.4740
ERR13927504.22820	1514	17.3250
ERR13927504.22821	1672	17.5987
ERR13927504.22822	1549	18.0736
ERR13927504.22823	1430	17.5224
ERR13927504.22824	1635	16.8502
ERR13927504.22825	1542	19.2198
ERR13927504.22826	1564	16.5307
ERR13927504.22827	1594	19.8965
ERR13927504.22828	1594	19.3890
ERR13927504.22829	1572	18.9377
ERR13927504.22830	1566	19.5868
ERR13927504.22831	1551	16.3340
ERR13927504.22832	1553	16.5705
ERR13927504.22833	1563	15.6494
ERR13927504.22834	1535	18.2137
ERR13927504.22835	1528	15.3298
ERR13927504.22836	1561	17.9763
ERR13927504.22837	1578	18.7579
ERR13927504.22838	1529	17.4513
ERR13927504.22839	1543	17.1834
ERR13927504.22840	1536	18.0189
ERR13927504.22841	1545	14.2091
ERR13927504.22842	1492	15.0402
ERR13927504.22843	1491	21.3226
ERR13927504.22844	1168	18.7363
ERR13927504.22845	1547	18.7227
ERR13927504.22846	1579	18.3547
ERR13927504.22847	1549	16.4803
ERR13927504.22848	1547	17.8119
ERR13927504.22849	1555	15.2759
ERR13927504.22850	1590	17.2692
ERR13927504.22851	1580	16.8494
ERR13927504.22852	1573	17.6065
ERR13927504.22853	1588	16.7135
ERR13927504.22854	1561	18.0846
ERR13927504.22855	1569	16.2205
ERR13927504.22856	1558	17.2169
ERR13927504.22857	1561	19.3543
ERR13927504.22858	1564	18.8459
ERR13927504.22859	1527	17.4211
ERR13927504.22860	1567	17.5533
ERR13927504.22861	200	17.7450
ERR13927504.22862	1538	16.2802
ERR13927504.22863	1580	18.9937
ERR13927504.22864	1595	17.9981
ERR13927504.22865	1495	15.0261
ERR13927504.22866	1586	16.8550
ERR13927504.22867	1561	18.7924
ERR13927504.22868	1606	16.8387
ERR13927504.22869	1552	18.5747
ERR13927504.22870	1559	17.2213
ERR13927504.22871	1573	17.3865
ERR13927504.22872	1571	16.3972
ERR13927504.22873	1600	16.7981
ERR13927504.22874	1539	17.5010
ERR13927504.22875	1579	16.4269
ERR13927504.22876	1543	15.6448
ERR13927504.22877	1545	17.7172
ERR13927504.22878	1569	18.5500
ERR13927504.22879	1547	17.4867
ERR13927504.22880	1563	15.1939
ERR13927504.22881	1530	17.3078
ERR13927504.22882	1549	16.2434
ERR13927504.22883	1567	16.9719
ERR13927504.22884	1511	14.2475
ERR13927504.22885	1538	16.2958
ERR13927504.22886	1064	16.6015
ERR13927504.22887	1587	16.3579
ERR13927504.22888	1573	17.9676
ERR13927504.22889	1531	16.2123
ERR13927504.22890	1574	15.9905
ERR13927504.22891	1575	18.5130
ERR13927504.22892	558	15.7401
ERR13927504.22893	1525	16.0321
ERR13927504.22894	1531	16.7818
ERR13927504.22895	1369	17.2505
ERR13927504.22896	1543	15.3986
ERR13927504.22897	1587	14.0441
ERR13927504.22898	1570	15.8038
ERR13927504.22899	1566	16.7950
ERR13927504.22900	1382	16.6802
ERR13927504.22901	1109	16.3670
ERR13927504.22902	1593	19.2957
ERR13927504.22903	1554	16.9183
ERR13927504.22904	1576	15.2303
ERR13927504.22905	1622	19.0697
ERR13927504.22906	1559	18.9647
ERR13927504.22907	1048	17.5038
ERR13927504.22908	1541	17.6892
ERR13927504.22909	1563	15.7658
ERR13927504.22910	1510	16.5868
ERR13927504.22911	1511	16.9073
ERR13927504.22912	1589	16.3014
ERR13927504.22913	1613	17.7836
ERR13927504.22914	1549	16.5991
ERR13927504.22915	1596	18.7713
ERR13927504.22916	1550	18.1239
ERR13927504.22917	1242	16.1135
ERR13927504.22918	1583	17.2021
ERR13927504.22919	1573	19.0941
ERR13927504.22920	1514	18.0892
ERR13927504.22921	1564	16.4808
ERR13927504.22922	1561	18.6733
ERR13927504.22923	1551	16.9981
ERR13927504.22924	1012	16.0879
ERR13927504.22925	1481	16.5726
ERR13927504.22926	1522	18.3995
ERR13927504.22927	1554	15.2870
ERR13927504.22928	1572	17.5407
ERR13927504.22929	1568	19.9834
ERR13927504.22930	1576	15.7329
ERR13927504.22931	1556	15.1189
ERR13927504.22932	1539	17.1572
ERR13927504.22933	1574	17.9416
ERR13927504.22934	1555	16.9222
ERR13927504.22935	1576	19.6662
ERR13927504.22936	1584	15.9426
ERR13927504.22937	1547	15.3594
ERR13927504.22938	1580	18.7937
ERR13927504.22939	1563	16.3058
ERR13927504.22940	1577	18.5834
ERR13927504.22941	776	15.8492
ERR13927504.22942	1568	21.9401
ERR13927504.22943	1532	15.6443
ERR13927504.22944	1574	16.4917
ERR13927504.22945	1549	18.4790
ERR13927504.22946	1559	18.9224
ERR13927504.22947	1525	19.1954
ERR13927504.22948	1908	16.6986
ERR13927504.22949	1536	20.9323
ERR13927504.22950	1509	18.3075
ERR13927504.22951	1586	18.4855
ERR13927504.22952	1572	17.8181
ERR13927504.22953	1555	17.6823
ERR13927504.22954	1567	16.7888
ERR13927504.22955	1585	16.6353
ERR13927504.22956	1531	15.9673
ERR13927504.22957	1604	18.4102
ERR13927504.22958	1587	16.8803
ERR13927504.22959	846	19.5319
ERR13927504.22960	1586	19.0013
ERR13927504.22961	1571	15.6964
ERR13927504.22962	1560	19.1731
ERR13927504.22963	1527	15.4617
ERR13927504.22964	1543	19.8574
ERR13927504.22965	1584	18.0777
ERR13927504.22966	838	17.9021
ERR13927504.22967	1562	17.9206
ERR13927504.22968	1569	15.8591
ERR13927504.22969	1589	17.9194
ERR13927504.22970	1556	16.9627
ERR13927504.22971	1658	14.7702
ERR13927504.22972	1594	17.0282
ERR13927504.22973	1555	16.4540
ERR13927504.22974	1534	16.2907
ERR13927504.22975	555	14.2378
ERR13927504.22976	1558	17.5019
ERR13927504.22977	1527	17.0223
ERR13927504.22978	1564	15.8069
ERR13927504.22979	1526	16.5262
ERR13927504.22980	890	17.4730
ERR13927504.22981	1450	14.9669
ERR13927504.22982	1533	16.9889
ERR13927504.22983	1576	16.9429
ERR13927504.22984	1570	16.9127
ERR13927504.22985	1555	18.9717
ERR13927504.22986	1576	16.3845
ERR13927504.22987	1525	18.5961
ERR13927504.22988	1568	15.7136
ERR13927504.22989	1578	19.7104
ERR13927504.22990	1544	19.4760
ERR13927504.22991	1542	17.0506
ERR13927504.22992	1553	20.0966
ERR13927504.22993	1577	16.3963
ERR13927504.22994	1559	17.6953
ERR13927504.22995	1574	18.3710
ERR13927504.22996	1585	15.0397
ERR13927504.22997	1617	18.9833
ERR13927504.22998	1572	19.7443
ERR13927504.22999	1538	18.5397
ERR13927504.23000	1587	16.6093
ERR13927504.23001	1582	15.8167
ERR13927504.23002	1590	18.6528
ERR13927504.23003	791	16.3793
ERR13927504.23004	1575	18.4730
ERR13927504.23005	1590	17.8704
ERR13927504.23006	1555	18.1100
ERR13927504.23007	1542	17.3003
ERR13927504.23008	1589	17.1919
ERR13927504.23009	1533	20.5160
ERR13927504.23010	1530	14.9608
ERR13927504.23011	1531	17.9386
ERR13927504.23012	1565	16.3387
ERR13927504.23013	1538	16.3231
ERR13927504.23014	1520	16.4099
ERR13927504.23015	1557	18.5395
ERR13927504.23016	1568	19.6805
ERR13927504.23017	1599	18.2927
ERR13927504.23018	1549	16.2163
ERR13927504.23019	1535	17.2059
ERR13927504.23020	1529	18.0105
ERR13927504.23021	1552	18.7081
ERR13927504.23022	1549	18.8205
ERR13927504.23023	1544	17.0427
ERR13927504.23024	1537	14.9850
ERR13927504.23025	1583	17.2950
ERR13927504.23026	1558	14.9442
ERR13927504.23027	1581	16.6262
ERR13927504.23028	1514	15.6737
ERR13927504.23029	1563	18.0940
ERR13927504.23030	1555	17.9222
ERR13927504.23031	1552	15.6920
ERR13927504.23032	1560	18.5378
ERR13927504.23033	1567	16.2042
ERR13927504.23034	1572	16.2977
ERR13927504.23035	1162	15.8812
ERR13927504.23036	1567	17.8692
ERR13927504.23037	1493	16.0877
ERR13927504.23038	1146	14.5654
ERR13927504.23039	1560	16.0821
ERR13927504.23040	1575	18.7981
ERR13927504.23041	1541	16.8767
ERR13927504.23042	1599	16.6823
ERR13927504.23043	1593	15.8763
ERR13927504.23044	1556	17.5945
ERR13927504.23045	1599	16.8587
ERR13927504.23046	1550	16.9671
ERR13927504.23047	1574	19.5032
ERR13927504.23048	1572	18.9001
ERR13927504.23049	1587	22.0863
ERR13927504.23050	1516	16.3034
ERR13927504.23051	1559	17.0584
ERR13927504.23052	1559	15.8858
ERR13927504.23053	1588	18.1732
ERR13927504.23054	1556	16.2481
ERR13927504.23055	1583	16.5262
ERR13927504.23056	1584	18.8952
ERR13927504.23057	1562	18.1300
ERR13927504.23058	1583	16.4801
ERR13927504.23059	1537	15.9902
ERR13927504.23060	1625	18.7403
ERR13927504.23061	1575	16.4692
ERR13927504.23062	1592	16.2374
ERR13927504.23063	1553	17.9665
ERR13927504.23064	1599	18.1301
ERR13927504.23065	1552	18.3615
ERR13927504.23066	1564	16.5850
ERR13927504.23067	1525	16.8407
ERR13927504.23068	1568	17.0038
ERR13927504.23069	1543	18.6189
ERR13927504.23070	1564	20.5844
ERR13927504.23071	1583	16.6083
ERR13927504.23072	1589	17.8697
ERR13927504.23073	1582	18.2174
ERR13927504.23074	1577	18.4027
ERR13927504.23075	1547	17.1577
ERR13927504.23076	1571	15.5920
ERR13927504.23077	1644	19.2056
ERR13927504.23078	1531	15.5304
ERR13927504.23079	1574	18.8659
ERR13927504.23080	1518	15.7589
ERR13927504.23081	1573	18.2721
ERR13927504.23082	1554	17.1853
ERR13927504.23083	1572	16.3925
ERR13927504.23084	1575	18.3244
ERR13927504.23085	1528	16.3292
ERR13927504.23086	1565	16.3962
ERR13927504.23087	1573	18.7889
ERR13927504.23088	1530	15.0686
ERR13927504.23089	1560	15.8506
ERR13927504.23090	1577	18.3190
ERR13927504.23091	1607	19.8320
ERR13927504.23092	1567	18.1251
ERR13927504.23093	1546	16.0647
ERR13927504.23094	1587	15.5274
ERR13927504.23095	1577	19.8668
ERR13927504.23096	1555	16.8251
ERR13927504.23097	1568	15.7500
ERR13927504.23098	1565	18.0971
ERR13927504.23099	1582	17.1542
ERR13927504.23100	1547	17.6839
ERR13927504.23101	1542	16.6161
ERR13927504.23102	1535	15.2599
ERR13927504.23103	1591	17.6411
ERR13927504.23104	1562	19.3060
ERR13927504.23105	1556	17.7416
ERR13927504.23106	1569	18.3410
ERR13927504.23107	1540	15.7831
ERR13927504.23108	1341	15.5533
ERR13927504.23109	1583	17.1725
ERR13927504.23110	1533	19.2283
ERR13927504.23111	1069	14.7465
ERR13927504.23112	1550	17.4748
ERR13927504.23113	1566	15.1699
ERR13927504.23114	1518	17.1759
ERR13927504.23115	1540	16.4422
ERR13927504.23116	1519	18.9526
ERR13927504.23117	1550	18.7600
ERR13927504.23118	1544	14.8666
ERR13927504.23119	1545	18.9573
ERR13927504.23120	1617	20.3210
ERR13927504.23121	1524	16.1765
ERR13927504.23122	1536	17.9186
ERR13927504.23123	1582	19.0171
ERR13927504.23124	1007	16.2443
ERR13927504.23125	1579	18.8151
ERR13927504.23126	1553	16.6143
ERR13927504.23127	1549	16.5378
ERR13927504.23128	1549	18.2117
ERR13927504.23129	1586	20.0189
ERR13927504.23130	1542	21.1161
ERR13927504.23131	1564	16.7097
ERR13927504.23132	1584	18.9949
ERR13927504.23133	1522	14.7595
ERR13927504.23134	1544	15.5207
ERR13927504.23135	1540	18.3617
ERR13927504.23136	1515	15.1254
ERR13927504.23137	1511	15.8372
ERR13927504.23138	1511	14.4507
ERR13927504.23139	1220	17.2049
ERR13927504.23140	1310	18.1748
ERR13927504.23141	898	15.7717
ERR13927504.23142	1570	15.5987
ERR13927504.23143	945	19.5725
ERR13927504.23144	1545	17.5282
ERR13927504.23145	1555	17.3421
ERR13927504.23146	1567	17.7569
ERR13927504.23147	1122	14.8146
ERR13927504.23148	1562	18.0455
ERR13927504.23149	1455	18.2584
ERR13927504.23150	1582	17.1960
ERR13927504.23151	1552	15.8518
ERR13927504.23152	1552	20.3634
ERR13927504.23153	783	17.5504
ERR13927504.23154	1475	17.0976
ERR13927504.23155	2567	15.3420
ERR13927504.23156	1580	17.4475
ERR13927504.23157	1592	14.8097
ERR13927504.23158	1566	14.7043
ERR13927504.23159	1537	16.9753
ERR13927504.23160	1567	16.8564
ERR13927504.23161	1572	16.7538
ERR13927504.23162	3135	17.3748
ERR13927504.23163	1521	16.7226
ERR13927504.23164	1542	16.0480
ERR13927504.23165	1575	16.8863
ERR13927504.23166	1568	16.9311
ERR13927504.23167	819	16.0733
ERR13927504.23168	1550	16.7710
ERR13927504.23169	1677	17.9660
ERR13927504.23170	1547	15.0394
ERR13927504.23171	1490	14.3987
ERR13927504.23172	1586	16.3953
ERR13927504.23173	1397	19.0565
ERR13927504.23174	694	18.2406
ERR13927504.23175	1567	16.3089
ERR13927504.23176	1553	18.5396
ERR13927504.23177	1541	15.6801
ERR13927504.23178	1564	15.6375
ERR13927504.23179	1510	16.5106
ERR13927504.23180	1588	16.9490
ERR13927504.23181	1583	16.1251
ERR13927504.23182	1550	16.0748
ERR13927504.23183	1533	17.4018
ERR13927504.23184	1533	15.6360
ERR13927504.23185	1556	18.5141
ERR13927504.23186	1551	17.5403
ERR13927504.23187	1621	17.3010
ERR13927504.23188	1552	17.2841
ERR13927504.23189	1494	15.7403
ERR13927504.23190	1555	15.6373
ERR13927504.23191	1554	15.6641
ERR13927504.23192	1190	14.7370
ERR13927504.23193	981	16.9042
ERR13927504.23194	1579	16.4908
ERR13927504.23195	1546	16.7542
ERR13927504.23196	1440	17.6604
ERR13927504.23197	1509	15.8893
ERR13927504.23198	1588	18.0202
ERR13927504.23199	1553	17.5383
ERR13927504.23200	1574	14.9530
ERR13927504.23201	1560	17.2212
ERR13927504.23202	1575	15.2133
ERR13927504.23203	1572	15.8053
ERR13927504.23204	1593	19.7006
ERR13927504.23205	1559	16.3996
ERR13927504.23206	980	17.9806
ERR13927504.23207	733	17.6385
ERR13927504.23208	1584	15.9306
ERR13927504.23209	1481	15.9257
ERR13927504.23210	1086	17.4512
ERR13927504.23211	1531	18.4376
ERR13927504.23212	1539	14.9734
ERR13927504.23213	1568	18.1008
ERR13927504.23214	469	15.0341
ERR13927504.23215	1614	18.6493
ERR13927504.23216	1596	15.2375
ERR13927504.23217	1339	15.6594
ERR13927504.23218	1446	18.3596
ERR13927504.23219	1443	16.0942
ERR13927504.23220	1575	15.9879
ERR13927504.23221	1570	16.6280
ERR13927504.23222	692	17.9769
ERR13927504.23223	1024	18.9180
ERR13927504.23224	1506	15.8918
ERR13927504.23225	1634	19.3146
ERR13927504.23226	1580	17.2987
ERR13927504.23227	1508	15.7971
ERR13927504.23228	1602	16.1392
ERR13927504.23229	1538	15.2503
ERR13927504.23230	1526	17.6959
ERR13927504.23231	1550	17.3000
ERR13927504.23232	1579	16.1963
ERR13927504.23233	1494	15.8467
ERR13927504.23234	1529	16.2995
ERR13927504.23235	2973	15.6650
ERR13927504.23236	1531	16.1685
ERR13927504.23237	1541	16.4049
ERR13927504.23238	1546	17.1035
ERR13927504.23239	1603	15.0281
ERR13927504.23240	1584	19.1237
ERR13927504.23241	1583	15.7821
ERR13927504.23242	806	16.4119
ERR13927504.23243	1518	16.0237
ERR13927504.23244	1577	15.7140
ERR13927504.23245	1531	16.8654
ERR13927504.23246	1571	15.6213
ERR13927504.23247	1554	16.1622
ERR13927504.23248	1534	20.2412
ERR13927504.23249	1583	17.0088
ERR13927504.23250	1540	16.5558
ERR13927504.23251	1534	15.6180
ERR13927504.23252	1524	14.9127
ERR13927504.23253	1106	18.3373
ERR13927504.23254	1434	14.7301
ERR13927504.23255	1509	19.4228
ERR13927504.23256	1508	17.2812
ERR13927504.23257	533	16.3565
ERR13927504.23258	1579	19.7245
ERR13927504.23259	1528	16.6636
ERR13927504.23260	1563	14.8989
ERR13927504.23261	1413	14.7197
ERR13927504.23262	1536	19.5228
ERR13927504.23263	1414	21.7383
ERR13927504.23264	1534	15.7399
ERR13927504.23265	1588	16.0145
ERR13927504.23266	1550	18.0387
ERR13927504.23267	1520	16.4461
ERR13927504.23268	3232	19.1971
ERR13927504.23269	1561	16.5503
ERR13927504.23270	1576	19.6218
ERR13927504.23271	1537	18.3214
ERR13927504.23272	1623	15.8675
ERR13927504.23273	1544	16.6677
ERR13927504.23274	1565	17.7853
ERR13927504.23275	310	14.4290
ERR13927504.23276	1562	17.3355
ERR13927504.23277	1558	16.2997
ERR13927504.23278	1627	15.5907
ERR13927504.23279	1573	16.9530
ERR13927504.23280	1743	16.0189
ERR13927504.23281	1318	16.3907
ERR13927504.23282	1556	17.2224
ERR13927504.23283	537	17.3873
ERR13927504.23284	1072	16.2407
ERR13927504.23285	1285	15.9689
ERR13927504.23286	1516	16.6332
ERR13927504.23287	1476	15.5569
ERR13927504.23288	1416	17.5643
ERR13927504.23289	1121	16.8653
ERR13927504.23290	1450	18.4752
ERR13927504.23291	1672	20.1334
ERR13927504.23292	1596	17.9574
ERR13927504.23293	1591	17.0559
ERR13927504.23294	1266	17.4652
ERR13927504.23295	1516	16.5132
ERR13927504.23296	1566	16.9368
ERR13927504.23297	1549	17.4739
ERR13927504.23298	1506	17.5252
ERR13927504.23299	881	16.7730
ERR13927504.23300	1537	16.1509
ERR13927504.23301	816	17.9645
ERR13927504.23302	1550	15.3581
ERR13927504.23303	1566	20.7139
ERR13927504.23304	1209	16.9719
ERR13927504.23305	1588	13.8564
ERR13927504.23306	1580	15.5108
ERR13927504.23307	1543	16.4595
ERR13927504.23308	1486	15.9475
ERR13927504.23309	1733	15.8696
ERR13927504.23310	1543	16.9190
ERR13927504.23311	1554	15.7921
ERR13927504.23312	1490	16.7168
ERR13927504.23313	1390	19.1137
ERR13927504.23314	1535	15.2371
ERR13927504.23315	1505	14.6472
ERR13927504.23316	1546	16.7755
ERR13927504.23317	1557	14.6513
ERR13927504.23318	3193	18.6073
ERR13927504.23319	1586	16.0303
ERR13927504.23320	416	17.0000
ERR13927504.23321	1549	15.7721
ERR13927504.23322	1534	16.2790
ERR13927504.23323	1508	15.8660
ERR13927504.23324	1580	15.2285
ERR13927504.23325	1595	20.5624
ERR13927504.23326	1559	17.1084
ERR13927504.23327	1564	20.4994
ERR13927504.23328	1524	14.3537
ERR13927504.23329	1521	16.5464
ERR13927504.23330	1575	14.9429
ERR13927504.23331	1591	16.3476
ERR13927504.23332	1118	17.4383
ERR13927504.23333	1546	16.3829
ERR13927504.23334	1553	16.2859
ERR13927504.23335	1528	17.1342
ERR13927504.23336	1539	16.2632
ERR13927504.23337	1527	15.4931
ERR13927504.23338	1563	17.2252
ERR13927504.23339	1507	14.6536
ERR13927504.23340	1566	16.1169
ERR13927504.23341	1557	18.7945
ERR13927504.23342	1516	18.2546
ERR13927504.23343	1507	15.3258
ERR13927504.23344	1572	18.9313
ERR13927504.23345	1586	14.8493
ERR13927504.23346	1564	15.4457
ERR13927504.23347	1469	14.9462
ERR13927504.23348	1562	17.3604
ERR13927504.23349	1255	14.6741
ERR13927504.23350	1531	14.7420
ERR13927504.23351	1507	19.4877
ERR13927504.23352	1500	14.9720
ERR13927504.23353	840	15.1929
ERR13927504.23354	1605	16.9925
ERR13927504.23355	1324	15.1722
ERR13927504.23356	1551	16.6357
ERR13927504.23357	1267	14.8027
ERR13927504.23358	1543	16.4614
ERR13927504.23359	854	19.6300
ERR13927504.23360	1507	14.6204
ERR13927504.23361	1501	15.3598
ERR13927504.23362	1556	17.6870
ERR13927504.23363	1100	15.7100
ERR13927504.23364	1558	16.9121
ERR13927504.23365	1585	15.8991
ERR13927504.23366	1526	17.8709
ERR13927504.23367	1525	14.9587
ERR13927504.23368	1523	18.4360
ERR13927504.23369	1383	17.0774
ERR13927504.23370	1561	17.6931
ERR13927504.23371	1517	16.5287
ERR13927504.23372	1548	15.6008
ERR13927504.23373	887	14.4701
ERR13927504.23374	1497	16.7916
ERR13927504.23375	1557	18.2241
ERR13927504.23376	526	16.6046
ERR13927504.23377	1573	17.2314
ERR13927504.23378	1578	15.3409
ERR13927504.23379	1542	15.8411
ERR13927504.23380	1573	15.8258
ERR13927504.23381	1586	14.5523
ERR13927504.23382	1337	16.5153
ERR13927504.23383	1563	15.0013
ERR13927504.23384	1528	15.5380
ERR13927504.23385	1586	17.4660
ERR13927504.23386	1551	18.9581
ERR13927504.23387	1512	15.7632
ERR13927504.23388	1063	16.5588
ERR13927504.23389	1537	17.8048
ERR13927504.23390	1520	16.1855
ERR13927504.23391	1425	14.1186
ERR13927504.23392	1538	17.2744
ERR13927504.23393	1544	15.6062
ERR13927504.23394	1530	15.6595
ERR13927504.23395	1572	16.1495
ERR13927504.23396	1363	17.7175
ERR13927504.23397	1519	19.4312
ERR13927504.23398	1008	17.2202
ERR13927504.23399	1569	15.2556
ERR13927504.23400	704	15.6406
ERR13927504.23401	1570	16.7561
ERR13927504.23402	801	17.4744
ERR13927504.23403	1265	17.0332
ERR13927504.23404	1587	16.8916
ERR13927504.23405	1549	14.6701
ERR13927504.23406	1553	16.7038
ERR13927504.23407	1560	17.0827
ERR13927504.23408	1545	14.3288
ERR13927504.23409	1482	15.4103
ERR13927504.23410	1575	17.3060
ERR13927504.23411	1583	16.7915
ERR13927504.23412	1321	13.7313
ERR13927504.23413	1488	17.0161
ERR13927504.23414	1506	16.0139
ERR13927504.23415	1593	18.1375
ERR13927504.23416	1527	14.7583
ERR13927504.23417	1024	19.8428
ERR13927504.23418	1540	17.4786
ERR13927504.23419	967	16.4416
ERR13927504.23420	1544	17.3892
ERR13927504.23421	1528	17.5295
ERR13927504.23422	1540	16.0831
ERR13927504.23423	1558	18.9313
ERR13927504.23424	931	16.7046
ERR13927504.23425	1558	18.1438
ERR13927504.23426	1536	14.1276
ERR13927504.23427	1394	17.8945
ERR13927504.23428	1483	15.3270
ERR13927504.23429	1552	15.3679
ERR13927504.23430	1564	16.6650
ERR13927504.23431	1560	15.6019
ERR13927504.23432	1492	18.4926
ERR13927504.23433	1022	14.2211
ERR13927504.23434	1350	15.3467
ERR13927504.23435	1518	15.9401
ERR13927504.23436	1559	15.6222
ERR13927504.23437	1546	15.7859
ERR13927504.23438	1561	16.7636
ERR13927504.23439	449	14.4878
ERR13927504.23440	1447	18.5466
ERR13927504.23441	1419	15.8259
ERR13927504.23442	426	15.8333
ERR13927504.23443	1545	15.3896
ERR13927504.23444	1556	15.3104
ERR13927504.23445	1598	18.5989
ERR13927504.23446	1536	17.1165
ERR13927504.23447	1549	16.1892
ERR13927504.23448	1567	16.2534
ERR13927504.23449	1044	17.0632
ERR13927504.23450	1545	17.8544
ERR13927504.23451	1524	16.7612
ERR13927504.23452	1545	18.2168
ERR13927504.23453	1521	15.7377
ERR13927504.23454	509	14.9470
ERR13927504.23455	243	14.5103
ERR13927504.23456	1536	14.9798
ERR13927504.23457	589	15.0764
ERR13927504.23458	1574	14.8971
ERR13927504.23459	1583	15.4011
ERR13927504.23460	213	13.7793
ERR13927504.23461	815	13.6736
ERR13927504.23462	1567	14.8302
ERR13927504.23463	1591	14.2106
ERR13927504.23464	285	13.4807
ERR13927504.23465	1532	14.5594
ERR13927504.23466	1563	15.7262
ERR13927504.23467	1526	15.0013
ERR13927504.23468	1542	14.8632
ERR13927504.23469	1578	15.6401
ERR13927504.23470	907	13.8556
ERR13927504.23471	268	16.1642
ERR13927504.23472	1532	15.7787
ERR13927504.23473	1534	15.7705
ERR13927504.23474	1545	14.7981
ERR13927504.23475	1603	14.7960
ERR13927504.23476	1582	14.2257
ERR13927504.23477	1572	15.5280
ERR13927504.23478	1522	16.1294
ERR13927504.23479	1544	14.3012
ERR13927504.23480	1576	14.2900
ERR13927504.23481	1615	15.7189
ERR13927504.23482	1595	15.4439
ERR13927504.23483	277	11.6282
ERR13927504.23484	1546	15.1507
ERR13927504.23485	1568	13.4145
ERR13927504.23486	1528	14.3639
ERR13927504.23487	1589	14.3738
ERR13927504.23488	1555	14.4514
ERR13927504.23489	1569	15.5035
ERR13927504.23490	1585	14.0423
ERR13927504.23491	1603	15.6881
ERR13927504.23492	248	13.6935
ERR13927504.23493	250	13.8720
ERR13927504.23494	1566	14.9962
ERR13927504.23495	1552	14.1366
ERR13927504.23496	1520	14.9250
ERR13927504.23497	1549	14.0962
ERR13927504.23498	1559	15.0571
ERR13927504.23499	1508	14.0975
ERR13927504.23500	1581	14.3612
ERR13927504.23501	1556	13.4402
ERR13927504.23502	1551	15.5783
ERR13927504.23503	1609	16.1541
ERR13927504.23504	1583	14.2502
ERR13927504.23505	786	13.6756
ERR13927504.23506	1609	14.9584
ERR13927504.23507	254	13.7165
ERR13927504.23508	168	15.2619
ERR13927504.23509	453	13.6181
ERR13927504.23510	1570	14.3357
ERR13927504.23511	1537	14.6916
ERR13927504.23512	1604	16.1490
ERR13927504.23513	342	13.0175
ERR13927504.23514	1565	15.1399
ERR13927504.23515	221	16.1765
ERR13927504.23516	1505	14.3940
ERR13927504.23517	1565	15.6313
ERR13927504.23518	266	15.4474
ERR13927504.23519	1584	16.5960
ERR13927504.23520	1553	13.8635
ERR13927504.23521	1575	14.0825
ERR13927504.23522	1573	13.1583
ERR13927504.23523	1582	13.6119
ERR13927504.23524	546	12.7857
ERR13927504.23525	489	14.9980
ERR13927504.23526	382	13.6597
ERR13927504.23527	243	12.6955
ERR13927504.23528	1558	15.9923
ERR13927504.23529	1536	14.4434
ERR13927504.23530	1560	13.5353
ERR13927504.23531	1567	14.0402
ERR13927504.23532	1554	15.3218
ERR13927504.23533	1591	15.8573
ERR13927504.23534	1570	14.8618
ERR13927504.23535	1573	15.4832
ERR13927504.23536	1512	14.5800
ERR13927504.23537	1540	13.7494
ERR13927504.23538	1546	16.3493
ERR13927504.23539	1600	14.6681
ERR13927504.23540	1560	14.1141
ERR13927504.23541	232	13.1121
ERR13927504.23542	2041	20.0461
ERR13927504.23543	1695	14.8726
ERR13927504.23544	1551	14.6950
ERR13927504.23545	1543	13.9838
ERR13927504.23546	1536	18.2025
ERR13927504.23547	1591	16.8881
ERR13927504.23548	1579	14.4870
ERR13927504.23549	1573	14.9510
ERR13927504.23550	1559	14.0045
ERR13927504.23551	265	12.0226
ERR13927504.23552	1556	13.9833
ERR13927504.23553	1398	17.3927
ERR13927504.23554	1590	13.7572
ERR13927504.23555	1604	14.9358
ERR13927504.23556	1529	15.9483
ERR13927504.23557	248	14.1573
ERR13927504.23558	1550	14.4987
ERR13927504.23559	1582	15.2408
ERR13927504.23560	1527	14.6909
ERR13927504.23561	238	16.0714
ERR13927504.23562	1516	14.2526
ERR13927504.23563	1558	14.0404
ERR13927504.23564	1550	14.4226
ERR13927504.23565	1533	15.4494
ERR13927504.23566	1571	17.3775
ERR13927504.23567	1549	15.8050
ERR13927504.23568	1561	15.9795
ERR13927504.23569	599	14.0167
ERR13927504.23570	198	12.7879
ERR13927504.23571	1480	15.1486
ERR13927504.23572	1588	14.2015
ERR13927504.23573	1603	15.9707
ERR13927504.23574	1541	14.6132
ERR13927504.23575	1579	17.0646
ERR13927504.23576	1576	14.1358
ERR13927504.23577	530	13.5830
ERR13927504.23578	1551	14.4113
ERR13927504.23579	1548	15.6189
ERR13927504.23580	712	15.1671
ERR13927504.23581	1543	13.7408
ERR13927504.23582	1570	16.4783
ERR13927504.23583	1581	15.1531
ERR13927504.23584	1586	16.7573
ERR13927504.23585	1536	16.9642
ERR13927504.23586	1601	16.1487
ERR13927504.23587	1503	14.3280
ERR13927504.23588	1547	14.3180
ERR13927504.23589	1566	16.2337
ERR13927504.23590	1579	15.4478
ERR13927504.23591	1560	15.1660
ERR13927504.23592	1575	15.5340
ERR13927504.23593	1551	14.7911
ERR13927504.23594	1526	13.9830
ERR13927504.23595	207	11.7971
ERR13927504.23596	1506	15.8745
ERR13927504.23597	1516	16.5547
ERR13927504.23598	1541	15.5665
ERR13927504.23599	1501	15.6562
ERR13927504.23600	1563	15.7626
ERR13927504.23601	1547	16.6238
ERR13927504.23602	1573	16.7591
ERR13927504.23603	1521	14.3452
ERR13927504.23604	1472	15.0666
ERR13927504.23605	1540	16.4623
ERR13927504.23606	1538	15.8882
ERR13927504.23607	1548	16.5472
ERR13927504.23608	221	14.0905
ERR13927504.23609	1468	16.8597
ERR13927504.23610	1586	15.5870
ERR13927504.23611	1932	17.7314
ERR13927504.23612	1571	14.7689
ERR13927504.23613	1535	16.5446
ERR13927504.23614	1528	15.1616
ERR13927504.23615	1540	15.1675
ERR13927504.23616	1596	15.2011
ERR13927504.23617	1595	15.7216
ERR13927504.23618	1508	14.9576
ERR13927504.23619	194	15.1959
ERR13927504.23620	1570	15.3223
ERR13927504.23621	1565	15.9227
ERR13927504.23622	1057	15.6906
ERR13927504.23623	1477	15.2525
ERR13927504.23624	1582	15.6429
ERR13927504.23625	1573	13.7641
ERR13927504.23626	1474	14.0495
ERR13927504.23627	1568	15.7666
ERR13927504.23628	610	13.6246
ERR13927504.23629	1523	15.3053
ERR13927504.23630	1529	13.7855
ERR13927504.23631	501	13.9820
ERR13927504.23632	983	14.3764
ERR13927504.23633	756	14.5106
ERR13927504.23634	1541	16.7385
ERR13927504.23635	1473	15.4644
ERR13927504.23636	1577	15.6734
ERR13927504.23637	1546	16.4036
ERR13927504.23638	1494	15.0201
ERR13927504.23639	1535	15.6671
ERR13927504.23640	1489	15.6158
ERR13927504.23641	1492	14.8117
ERR13927504.23642	1559	17.4195
ERR13927504.23643	1559	16.2521
ERR13927504.23644	1564	14.7462
ERR13927504.23645	1523	15.2351
ERR13927504.23646	1142	14.1699
ERR13927504.23647	1576	15.0819
ERR13927504.23648	1565	14.2696
ERR13927504.23649	255	10.8588
ERR13927504.23650	940	16.3032
ERR13927504.23651	1525	14.8662
ERR13927504.23652	1487	15.2098
ERR13927504.23653	1489	14.6555
ERR13927504.23654	1607	16.1767
ERR13927504.23655	1547	15.9282
ERR13927504.23656	1551	16.1960
ERR13927504.23657	302	12.9834
ERR13927504.23658	1600	15.8475
ERR13927504.23659	1533	14.1331
ERR13927504.23660	1513	15.5367
ERR13927504.23661	1494	14.0288
ERR13927504.23662	1568	15.2411
ERR13927504.23663	1469	15.2805
ERR13927504.23664	1579	14.1368
ERR13927504.23665	1535	15.7987
ERR13927504.23666	1513	15.0998
ERR13927504.23667	1546	15.5479
ERR13927504.23668	1560	15.9333
ERR13927504.23669	1554	15.3893
ERR13927504.23670	1549	15.1821
ERR13927504.23671	1518	15.4868
ERR13927504.23672	1514	14.7589
ERR13927504.23673	1597	14.4170
ERR13927504.23674	1547	16.3878
ERR13927504.23675	1559	15.8422
ERR13927504.23676	1523	14.7676
ERR13927504.23677	1509	14.6011
ERR13927504.23678	475	13.6442
ERR13927504.23679	1540	13.9344
ERR13927504.23680	1578	16.0437
ERR13927504.23681	1565	17.4875
ERR13927504.23682	1573	13.8760
ERR13927504.23683	1513	15.1176
ERR13927504.23684	1612	14.1135
ERR13927504.23685	1507	14.7027
ERR13927504.23686	1502	14.7623
ERR13927504.23687	1539	15.7518
ERR13927504.23688	1515	15.8323
ERR13927504.23689	1565	15.9272
ERR13927504.23690	1533	16.0294
ERR13927504.23691	1494	15.5703
ERR13927504.23692	1544	14.4786
ERR13927504.23693	1557	15.2646
ERR13927504.23694	1561	14.3299
ERR13927504.23695	1535	15.7831
ERR13927504.23696	221	15.8914
ERR13927504.23697	1573	14.8328
ERR13927504.23698	1554	16.2568
ERR13927504.23699	190	15.8684
ERR13927504.23700	1303	15.1328
ERR13927504.23701	1550	15.3174
ERR13927504.23702	1603	15.4847
ERR13927504.23703	1564	15.3191
ERR13927504.23704	190	14.3158
ERR13927504.23705	453	14.2517
ERR13927504.23706	1557	17.5305
ERR13927504.23707	1341	13.6376
ERR13927504.23708	1519	15.8420
ERR13927504.23709	1487	14.9307
ERR13927504.23710	1583	14.4011
ERR13927504.23711	1539	15.9591
ERR13927504.23712	1530	14.6405
ERR13927504.23713	197	11.5838
ERR13927504.23714	1525	16.3239
ERR13927504.23715	1544	14.6036
ERR13927504.23716	1529	15.8378
ERR13927504.23717	1696	17.2978
ERR13927504.23718	3075	15.2937
ERR13927504.23719	1500	14.9420
ERR13927504.23720	1561	15.4170
ERR13927504.23721	1556	15.0559
ERR13927504.23722	1577	16.4933
ERR13927504.23723	1534	17.8377
ERR13927504.23724	1548	15.9141
ERR13927504.23725	1579	16.0127
ERR13927504.23726	1066	13.7974
ERR13927504.23727	1394	17.4275
ERR13927504.23728	1557	14.8600
ERR13927504.23729	1566	15.2465
ERR13927504.23730	1542	14.8839
ERR13927504.23731	1533	15.8154
ERR13927504.23732	1554	15.3475
ERR13927504.23733	1496	16.8422
ERR13927504.23734	1010	14.2693
ERR13927504.23735	1503	15.0506
ERR13927504.23736	1543	15.0130
ERR13927504.23737	756	17.0569
ERR13927504.23738	1524	15.2585
ERR13927504.23739	1547	14.7033
ERR13927504.23740	1521	14.7561
ERR13927504.23741	1544	15.8543
ERR13927504.23742	1551	16.7189
ERR13927504.23743	1526	15.3571
ERR13927504.23744	481	15.1455
ERR13927504.23745	1545	16.5553
ERR13927504.23746	1524	14.8169
ERR13927504.23747	1506	15.2623
ERR13927504.23748	1553	14.7527
ERR13927504.23749	699	15.9070
ERR13927504.23750	1561	16.3286
ERR13927504.23751	1575	14.3886
ERR13927504.23752	1578	16.4056
ERR13927504.23753	1368	14.5643
ERR13927504.23754	1529	16.0373
ERR13927504.23755	1553	14.5795
ERR13927504.23756	1341	15.0179
ERR13927504.23757	1481	14.4477
ERR13927504.23758	1518	15.0738
ERR13927504.23759	1537	18.0768
ERR13927504.23760	1555	16.8875
ERR13927504.23761	703	14.6259
ERR13927504.23762	1572	16.0706
ERR13927504.23763	1472	15.2385
ERR13927504.23764	1558	15.5340
ERR13927504.23765	1529	13.8705
ERR13927504.23766	1542	14.6874
ERR13927504.23767	476	12.8718
ERR13927504.23768	1490	14.5718
ERR13927504.23769	1491	14.7867
ERR13927504.23770	1590	15.5352
ERR13927504.23771	732	17.1107
ERR13927504.23772	1519	15.5556
ERR13927504.23773	1553	14.5963
ERR13927504.23774	1537	16.3591
ERR13927504.23775	1533	16.5727
ERR13927504.23776	1580	15.6968
ERR13927504.23777	1497	16.7769
ERR13927504.23778	1529	15.3506
ERR13927504.23779	1537	15.0677
ERR13927504.23780	1498	14.5327
ERR13927504.23781	1571	14.2451
ERR13927504.23782	1521	13.8659
ERR13927504.23783	1297	14.5813
ERR13927504.23784	1528	16.7533
ERR13927504.23785	1547	16.3400
ERR13927504.23786	1501	14.8314
ERR13927504.23787	1217	16.8217
ERR13927504.23788	1565	14.2038
ERR13927504.23789	1547	16.0627
ERR13927504.23790	1567	15.7211
ERR13927504.23791	2674	14.7947
ERR13927504.23792	1499	15.3222
ERR13927504.23793	1537	15.2694
ERR13927504.23794	1534	17.0880
ERR13927504.23795	179	16.4860
ERR13927504.23796	1569	15.1950
ERR13927504.23797	1552	15.7133
ERR13927504.23798	189	10.9630
ERR13927504.23799	1525	15.1193
ERR13927504.23800	1533	15.5088
ERR13927504.23801	1469	14.7733
ERR13927504.23802	1574	15.0070
ERR13927504.23803	934	16.4668
ERR13927504.23804	817	14.3366
ERR13927504.23805	1539	14.5075
ERR13927504.23806	1484	16.4697
ERR13927504.23807	1532	14.4223
ERR13927504.23808	1523	16.4058
ERR13927504.23809	1496	14.4599
ERR13927504.23810	1588	17.2702
ERR13927504.23811	1516	16.8740
ERR13927504.23812	1521	15.4826
ERR13927504.23813	1526	15.1003
ERR13927504.23814	1515	16.2205
ERR13927504.23815	1382	15.6729
ERR13927504.23816	1516	14.9142
ERR13927504.23817	1510	15.2245
ERR13927504.23818	1255	15.1498
ERR13927504.23819	1443	15.4567
ERR13927504.23820	1568	16.5963
ERR13927504.23821	1553	14.8628
ERR13927504.23822	1534	16.2771
ERR13927504.23823	346	15.7977
ERR13927504.23824	1526	15.1782
ERR13927504.23825	1559	14.5253
ERR13927504.23826	224	14.8393
ERR13927504.23827	1493	15.7776
ERR13927504.23828	1482	14.4521
ERR13927504.23829	1552	16.2996
ERR13927504.23830	1520	15.3599
ERR13927504.23831	1568	15.7647
ERR13927504.23832	1524	15.8924
ERR13927504.23833	1555	15.7447
ERR13927504.23834	1566	14.8091
ERR13927504.23835	1547	16.2495
ERR13927504.23836	1504	16.3305
ERR13927504.23837	408	13.0662
ERR13927504.23838	187	13.8556
ERR13927504.23839	1549	15.8464
ERR13927504.23840	1518	15.8274
ERR13927504.23841	1512	16.3836
ERR13927504.23842	1541	14.3504
ERR13927504.23843	1564	14.9469
ERR13927504.23844	1547	14.6154
ERR13927504.23845	1543	15.6319
ERR13927504.23846	1430	14.9231
ERR13927504.23847	1519	15.6241
ERR13927504.23848	1510	15.0894
ERR13927504.23849	1476	14.2561
ERR13927504.23850	1527	15.8101
ERR13927504.23851	1558	16.6752
ERR13927504.23852	1552	15.7436
ERR13927504.23853	1506	15.5551
ERR13927504.23854	1554	15.0727
ERR13927504.23855	299	12.1806
ERR13927504.23856	1591	15.3715
ERR13927504.23857	1543	16.7362
ERR13927504.23858	1555	17.2965
ERR13927504.23859	1552	15.8615
ERR13927504.23860	1541	16.0169
ERR13927504.23861	1535	15.6319
ERR13927504.23862	1458	15.2277
ERR13927504.23863	1491	14.6331
ERR13927504.23864	1592	15.6778
ERR13927504.23865	471	14.2081
ERR13927504.23866	1515	14.4812
ERR13927504.23867	1560	16.2686
ERR13927504.23868	1573	14.0782
ERR13927504.23869	1549	16.3299
ERR13927504.23870	1538	16.4597
ERR13927504.23871	1543	15.0609
ERR13927504.23872	1537	14.5908
ERR13927504.23873	1522	15.6058
ERR13927504.23874	1576	15.3464
ERR13927504.23875	1542	15.0584
ERR13927504.23876	1507	15.3185
ERR13927504.23877	1474	14.8589
ERR13927504.23878	170	11.2412
ERR13927504.23879	1505	15.5316
ERR13927504.23880	1521	14.2518
ERR13927504.23881	1535	15.2547
ERR13927504.23882	1556	14.9602
ERR13927504.23883	1535	14.4521
ERR13927504.23884	1593	15.6579
ERR13927504.23885	1549	15.6824
ERR13927504.23886	1511	14.9471
ERR13927504.23887	1491	14.9671
ERR13927504.23888	1113	15.4115
ERR13927504.23889	1559	15.8621
ERR13927504.23890	1540	14.7162
ERR13927504.23891	1561	14.8475
ERR13927504.23892	1547	16.1138
ERR13927504.23893	1416	14.2521
ERR13927504.23894	1543	16.1555
ERR13927504.23895	1460	14.7048
ERR13927504.23896	1562	16.3905
ERR13927504.23897	1576	14.7424
ERR13927504.23898	1550	15.0497
ERR13927504.23899	1560	15.2692
ERR13927504.23900	1503	16.1297
ERR13927504.23901	1351	15.5692
ERR13927504.23902	1557	14.4990
ERR13927504.23903	1563	14.8970
ERR13927504.23904	1565	16.0275
ERR13927504.23905	1495	14.6803
ERR13927504.23906	1251	14.9001
ERR13927504.23907	1560	15.7987
ERR13927504.23908	1505	15.1189
ERR13927504.23909	1570	15.3000
ERR13927504.23910	1413	14.0729
ERR13927504.23911	1586	15.6614
ERR13927504.23912	1510	15.0967
ERR13927504.23913	1543	16.6008
ERR13927504.23914	1568	13.8909
ERR13927504.23915	1523	15.1740
ERR13927504.23916	641	14.8674
ERR13927504.23917	1577	17.0247
ERR13927504.23918	1006	15.2704
ERR13927504.23919	1532	14.4648
ERR13927504.23920	1546	15.8777
ERR13927504.23921	173	11.8266
ERR13927504.23922	1535	15.0208
ERR13927504.23923	1499	15.0787
ERR13927504.23924	1584	15.4223
ERR13927504.23925	711	13.5359
ERR13927504.23926	1479	13.9141
ERR13927504.23927	1569	15.5519
ERR13927504.23928	1577	15.9537
ERR13927504.23929	1548	13.8062
ERR13927504.23930	1565	16.8933
ERR13927504.23931	1552	14.7642
ERR13927504.23932	546	13.6300
ERR13927504.23933	1497	14.7983
ERR13927504.23934	1537	15.7372
ERR13927504.23935	1386	15.5245
ERR13927504.23936	1547	15.4421
ERR13927504.23937	1518	15.4776
ERR13927504.23938	1505	14.1568
ERR13927504.23939	1554	14.9138
ERR13927504.23940	1578	15.6736
ERR13927504.23941	1494	15.3360
ERR13927504.23942	1372	15.6122
ERR13927504.23943	1293	16.4950
ERR13927504.23944	1567	15.2591
ERR13927504.23945	1475	15.4820
ERR13927504.23946	1476	15.0894
ERR13927504.23947	1528	14.7552
ERR13927504.23948	1539	14.8395
ERR13927504.23949	1571	14.8199
ERR13927504.23950	1556	14.9152
ERR13927504.23951	3055	15.1967
ERR13927504.23952	1508	15.7460
ERR13927504.23953	1536	15.3008
ERR13927504.23954	1490	15.3154
ERR13927504.23955	1574	15.7478
ERR13927504.23956	1565	17.0626
ERR13927504.23957	1551	14.6009
ERR13927504.23958	1522	15.4225
ERR13927504.23959	1532	14.8283
ERR13927504.23960	1531	15.8374
ERR13927504.23961	1543	15.0674
ERR13927504.23962	1447	14.7180
ERR13927504.23963	794	14.4207
ERR13927504.23964	1555	15.7299
ERR13927504.23965	1532	15.3825
ERR13927504.23966	1620	16.6827
ERR13927504.23967	220	16.3000
ERR13927504.23968	1536	14.9596
ERR13927504.23969	1497	14.0040
ERR13927504.23970	1563	15.1881
ERR13927504.23971	1551	14.5538
ERR13927504.23972	1531	15.4030
ERR13927504.23973	1487	15.3517
ERR13927504.23974	1490	16.6698
ERR13927504.23975	1595	15.3925
ERR13927504.23976	1585	17.2479
ERR13927504.23977	488	14.8832
ERR13927504.23978	170	12.7765
ERR13927504.23979	1502	14.6132
ERR13927504.23980	1493	14.9766
ERR13927504.23981	1560	14.1038
ERR13927504.23982	1537	14.8081
ERR13927504.23983	1532	14.0385
ERR13927504.23984	198	10.7828
ERR13927504.23985	1511	15.7776
ERR13927504.23986	1499	15.1301
ERR13927504.23987	1577	15.5916
ERR13927504.23988	1542	15.5279
ERR13927504.23989	1538	13.9662
ERR13927504.23990	1456	15.1229
ERR13927504.23991	1517	15.1562
ERR13927504.23992	1525	16.1246
ERR13927504.23993	1036	13.9614
ERR13927504.23994	1573	14.3751
ERR13927504.23995	1511	15.3501
ERR13927504.23996	1542	13.9027
ERR13927504.23997	1470	14.2626
ERR13927504.23998	1775	18.0152
ERR13927504.23999	2378	15.6005
ERR13927504.24000	1555	14.3698
ERR13927504.24001	1560	15.6192
ERR13927504.24002	1577	15.4236
ERR13927504.24003	1553	13.9369
ERR13927504.24004	1507	14.9582
ERR13927504.24005	1542	15.1083
ERR13927504.24006	1539	15.5679
ERR13927504.24007	1524	14.6312
ERR13927504.24008	1528	14.2958
ERR13927504.24009	1535	15.3433
ERR13927504.24010	1367	14.5311
ERR13927504.24011	1560	15.3737
ERR13927504.24012	1503	15.7352
ERR13927504.24013	1545	15.6977
ERR13927504.24014	1496	15.4646
ERR13927504.24015	1543	14.7038
ERR13927504.24016	1588	14.6322
ERR13927504.24017	1591	15.5343
ERR13927504.24018	1437	14.1795
ERR13927504.24019	1563	15.7204
ERR13927504.24020	1577	15.9226
ERR13927504.24021	1569	16.2511
ERR13927504.24022	1587	15.4726
ERR13927504.24023	1533	14.1572
ERR13927504.24024	1523	15.0880
ERR13927504.24025	1547	16.4893
ERR13927504.24026	1525	15.3056
ERR13927504.24027	1471	13.9327
ERR13927504.24028	1522	14.1373
ERR13927504.24029	249	14.2731
ERR13927504.24030	1526	15.1311
ERR13927504.24031	1553	16.4218
ERR13927504.24032	1536	14.8392
ERR13927504.24033	1547	16.6277
ERR13927504.24034	1536	14.0859
ERR13927504.24035	1527	15.2521
ERR13927504.24036	682	15.3446
ERR13927504.24037	1571	15.4462
ERR13927504.24038	1447	15.2053
ERR13927504.24039	1467	14.6074
ERR13927504.24040	1548	16.6234
ERR13927504.24041	1506	16.0432
ERR13927504.24042	758	15.6253
ERR13927504.24043	1436	14.1769
ERR13927504.24044	1487	14.9475
ERR13927504.24045	1566	14.2011
ERR13927504.24046	1523	14.3802
ERR13927504.24047	677	15.4682
ERR13927504.24048	451	14.5654
ERR13927504.24049	1539	14.1748
ERR13927504.24050	1472	14.6719
ERR13927504.24051	1513	14.3060
ERR13927504.24052	1513	15.7032
ERR13927504.24053	1549	16.7618
ERR13927504.24054	1583	16.0177
ERR13927504.24055	1592	14.9033
ERR13927504.24056	1562	16.2676
ERR13927504.24057	1575	14.7232
ERR13927504.24058	1528	14.0700
ERR13927504.24059	1573	14.3013
ERR13927504.24060	1530	15.9418
ERR13927504.24061	1546	14.5175
ERR13927504.24062	1250	15.4984
ERR13927504.24063	1549	14.3764
ERR13927504.24064	1526	16.7779
ERR13927504.24065	148	10.6892
ERR13927504.24066	1528	14.3056
ERR13927504.24067	272	13.3382
ERR13927504.24068	241	16.4979
ERR13927504.24069	1563	14.9507
ERR13927504.24070	1595	15.1292
ERR13927504.24071	1564	13.6867
ERR13927504.24072	1582	14.4678
ERR13927504.24073	1582	15.0582
ERR13927504.24074	1558	15.0449
ERR13927504.24075	1570	16.8331
ERR13927504.24076	1191	13.3325
ERR13927504.24077	1517	14.2722
ERR13927504.24078	236	13.4534
ERR13927504.24079	1562	15.9225
ERR13927504.24080	1504	15.2507
ERR13927504.24081	1550	14.6587
ERR13927504.24082	1561	15.2050
ERR13927504.24083	1540	15.7623
ERR13927504.24084	1534	14.6206
ERR13927504.24085	1493	14.1695
ERR13927504.24086	1559	15.7037
ERR13927504.24087	1257	14.3922
ERR13927504.24088	1558	14.6714
ERR13927504.24089	1560	14.8929
ERR13927504.24090	216	13.3380
ERR13927504.24091	1482	14.5735
ERR13927504.24092	1571	15.5124
ERR13927504.24093	1526	13.7995
ERR13927504.24094	1549	15.7237
ERR13927504.24095	238	12.5336
ERR13927504.24096	1546	14.9890
ERR13927504.24097	1555	16.4431
ERR13927504.24098	1546	15.1171
ERR13927504.24099	1573	14.0928
ERR13927504.24100	1530	14.4549
ERR13927504.24101	1590	14.9176
ERR13927504.24102	1538	14.6040
ERR13927504.24103	1527	16.3386
ERR13927504.24104	1579	15.3452
ERR13927504.24105	238	13.8655
ERR13927504.24106	1595	15.5009
ERR13927504.24107	1552	14.7036
ERR13927504.24108	1521	14.4760
ERR13927504.24109	1524	13.7638
ERR13927504.24110	1532	14.0339
ERR13927504.24111	1547	15.2515
ERR13927504.24112	213	15.6479
ERR13927504.24113	1579	14.9373
ERR13927504.24114	1508	15.0610
ERR13927504.24115	1539	14.8876
ERR13927504.24116	836	14.5120
ERR13927504.24117	1555	15.0765
ERR13927504.24118	1543	14.7771
ERR13927504.24119	264	12.7500
ERR13927504.24120	1559	14.6960
ERR13927504.24121	1554	15.7143
ERR13927504.24122	594	13.6414
ERR13927504.24123	1553	15.2981
ERR13927504.24124	1540	13.4357
ERR13927504.24125	1598	15.2359
ERR13927504.24126	1565	15.8377
ERR13927504.24127	1562	15.1818
ERR13927504.24128	264	12.2614
ERR13927504.24129	1549	14.6314
ERR13927504.24130	1568	14.2679
ERR13927504.24131	1506	13.8566
ERR13927504.24132	1314	14.9711
ERR13927504.24133	1516	14.5699
ERR13927504.24134	1529	14.8888
ERR13927504.24135	1585	15.9407
ERR13927504.24136	1474	15.4620
ERR13927504.24137	1541	14.1849
ERR13927504.24138	1190	15.0798
ERR13927504.24139	1555	15.3486
ERR13927504.24140	1491	13.8028
ERR13927504.24141	263	12.8669
ERR13927504.24142	484	12.4525
ERR13927504.24143	1539	14.9831
ERR13927504.24144	1528	14.2330
ERR13927504.24145	1545	14.7275
ERR13927504.24146	1556	14.2487
ERR13927504.24147	1555	13.7170
ERR13927504.24148	1588	15.0951
ERR13927504.24149	564	13.3794
ERR13927504.24150	1565	15.3891
ERR13927504.24151	1572	16.4148
ERR13927504.24152	1553	18.3426
ERR13927504.24153	1509	14.7117
ERR13927504.24154	1562	14.5205
ERR13927504.24155	1580	15.4905
ERR13927504.24156	1554	15.4813
ERR13927504.24157	1499	16.3249
ERR13927504.24158	1532	14.1462
ERR13927504.24159	1555	15.9170
ERR13927504.24160	1566	15.9662
ERR13927504.24161	1575	15.3340
ERR13927504.24162	1558	14.5937
ERR13927504.24163	1494	14.1680
ERR13927504.24164	1512	15.7229
ERR13927504.24165	1470	17.0027
ERR13927504.24166	1562	14.7996
ERR13927504.24167	1574	14.6633
ERR13927504.24168	1524	14.2946
ERR13927504.24169	1524	15.3176
ERR13927504.24170	219	12.2374
ERR13927504.24171	1444	14.4972
ERR13927504.24172	1511	17.5857
ERR13927504.24173	1511	14.9404
ERR13927504.24174	1517	13.7587
ERR13927504.24175	560	12.8875
ERR13927504.24176	1494	14.4531
ERR13927504.24177	1390	15.3957
ERR13927504.24178	1128	15.1215
ERR13927504.24179	195	14.1795
ERR13927504.24180	264	14.7386
ERR13927504.24181	1571	16.6856
ERR13927504.24182	1565	13.5885
ERR13927504.24183	253	14.3715
ERR13927504.24184	1516	14.6141
ERR13927504.24185	242	11.4380
ERR13927504.24186	1549	14.7527
ERR13927504.24187	1561	17.3177
ERR13927504.24188	1444	16.7673
ERR13927504.24189	1527	16.3661
ERR13927504.24190	237	11.2447
ERR13927504.24191	1527	14.8769
ERR13927504.24192	1531	14.4905
ERR13927504.24193	1300	15.0377
ERR13927504.24194	1527	13.8081
ERR13927504.24195	1543	15.1594
ERR13927504.24196	1527	15.3569
ERR13927504.24197	1565	14.2722
ERR13927504.24198	1601	16.4316
ERR13927504.24199	1578	13.4899
ERR13927504.24200	1564	13.9987
ERR13927504.24201	261	12.9693
ERR13927504.24202	1553	13.9826
ERR13927504.24203	1504	15.6277
ERR13927504.24204	288	14.8993
ERR13927504.24205	1508	14.3190
ERR13927504.24206	1455	14.4962
ERR13927504.24207	185	10.2054
ERR13927504.24208	1582	15.8116
ERR13927504.24209	1573	14.4081
ERR13927504.24210	375	14.5893
ERR13927504.24211	1567	16.0402
ERR13927504.24212	1510	15.6444
ERR13927504.24213	1537	15.9948
ERR13927504.24214	1590	15.8189
ERR13927504.24215	1529	15.5814
ERR13927504.24216	1556	15.5656
ERR13927504.24217	1387	14.0303
ERR13927504.24218	1529	15.3996
ERR13927504.24219	1524	13.5085
ERR13927504.24220	656	13.4741
ERR13927504.24221	1561	14.2024
ERR13927504.24222	1597	14.9906
ERR13927504.24223	1531	15.0464
ERR13927504.24224	1543	14.5412
ERR13927504.24225	1529	13.9863
ERR13927504.24226	1520	13.9033
ERR13927504.24227	1520	17.5250
ERR13927504.24228	1560	14.2603
ERR13927504.24229	1561	15.5983
ERR13927504.24230	1534	13.8735
ERR13927504.24231	1567	14.0606
ERR13927504.24232	1534	17.0183
ERR13927504.24233	1584	15.5600
ERR13927504.24234	1580	14.3418
ERR13927504.24235	1533	15.6641
ERR13927504.24236	1519	15.3219
ERR13927504.24237	215	12.6837
ERR13927504.24238	1572	15.4758
ERR13927504.24239	1514	14.4280
ERR13927504.24240	1523	13.8713
ERR13927504.24241	1581	14.7217
ERR13927504.24242	257	13.7471
ERR13927504.24243	1598	15.6602
ERR13927504.24244	1523	14.0650
ERR13927504.24245	1547	13.9270
ERR13927504.24246	234	14.2350
ERR13927504.24247	1572	15.1730
ERR13927504.24248	1528	15.5864
ERR13927504.24249	1564	15.2781
ERR13927504.24250	1546	14.7018
ERR13927504.24251	1500	14.4560
ERR13927504.24252	232	14.6940
ERR13927504.24253	1543	15.9741
ERR13927504.24254	218	13.7064
ERR13927504.24255	1324	13.8890
ERR13927504.24256	1586	15.8455
ERR13927504.24257	1530	14.9680
ERR13927504.24258	1053	18.1671
ERR13927504.24259	1546	14.7704
ERR13927504.24260	1523	15.2443
ERR13927504.24261	1574	14.0661
ERR13927504.24262	1591	14.6512
ERR13927504.24263	1516	14.3377
ERR13927504.24264	1541	14.3517
ERR13927504.24265	267	12.3071
ERR13927504.24266	1528	14.5962
ERR13927504.24267	234	10.4915
ERR13927504.24268	1527	15.5639
ERR13927504.24269	1547	15.3400
ERR13927504.24270	1599	15.3871
ERR13927504.24271	1525	13.9495
ERR13927504.24272	1068	13.3773
ERR13927504.24273	1554	15.3391
ERR13927504.24274	1584	15.7064
ERR13927504.24275	1563	14.6686
ERR13927504.24276	1564	15.4808
ERR13927504.24277	1559	15.1411
ERR13927504.24278	1553	14.2904
ERR13927504.24279	1543	15.4109
ERR13927504.24280	1598	15.7090
ERR13927504.24281	1567	15.1155
ERR13927504.24282	1557	14.8266
ERR13927504.24283	1519	15.7492
ERR13927504.24284	327	13.9021
ERR13927504.24285	1520	15.5184
ERR13927504.24286	1497	14.1269
ERR13927504.24287	1537	14.7404
ERR13927504.24288	1567	15.4971
ERR13927504.24289	1430	14.6832
ERR13927504.24290	1615	16.0167
ERR13927504.24291	1535	17.5179
ERR13927504.24292	1534	14.2197
ERR13927504.24293	1456	16.2658
ERR13927504.24294	1506	13.7503
ERR13927504.24295	1536	13.7513
ERR13927504.24296	1526	13.9456
ERR13927504.24297	1571	14.8873
ERR13927504.24298	1450	14.4117
ERR13927504.24299	210	12.5905
ERR13927504.24300	1572	14.8518
ERR13927504.24301	613	13.4698
ERR13927504.24302	1554	14.9723
ERR13927504.24303	1465	14.9140
ERR13927504.24304	1499	14.2675
ERR13927504.24305	690	14.8116
ERR13927504.24306	1575	14.7441
ERR13927504.24307	1576	14.7303
ERR13927504.24308	1532	14.7931
ERR13927504.24309	1550	15.7394
ERR13927504.24310	1516	14.8608
ERR13927504.24311	233	14.0043
ERR13927504.24312	1568	14.9209
ERR13927504.24313	1524	15.7920
ERR13927504.24314	1070	14.6757
ERR13927504.24315	1577	15.3957
ERR13927504.24316	1581	15.2966
ERR13927504.24317	1603	15.1790
ERR13927504.24318	252	12.7143
ERR13927504.24319	1384	14.3410
ERR13927504.24320	1523	14.6172
ERR13927504.24321	859	15.1746
ERR13927504.24322	1535	14.4560
ERR13927504.24323	1527	15.1670
ERR13927504.24324	207	12.0918
ERR13927504.24325	361	16.2105
ERR13927504.24326	1563	14.9271
ERR13927504.24327	1514	14.7906
ERR13927504.24328	218	13.9312
ERR13927504.24329	1582	15.4722
ERR13927504.24330	1518	14.6792
ERR13927504.24331	1576	14.8242
ERR13927504.24332	1552	15.7332
ERR13927504.24333	1546	14.7568
ERR13927504.24334	1014	15.5128
ERR13927504.24335	1495	14.3465
ERR13927504.24336	1571	14.4309
ERR13927504.24337	1609	14.8440
ERR13927504.24338	172	16.0523
ERR13927504.24339	228	14.2719
ERR13927504.24340	1564	14.7590
ERR13927504.24341	1493	14.1842
ERR13927504.24342	1486	14.0108
ERR13927504.24343	1552	15.9845
ERR13927504.24344	1512	14.1204
ERR13927504.24345	1552	14.0483
ERR13927504.24346	1582	15.4760
ERR13927504.24347	1527	15.9267
ERR13927504.24348	1578	14.2465
ERR13927504.24349	1542	14.6440
ERR13927504.24350	1238	14.7302
ERR13927504.24351	537	13.1918
ERR13927504.24352	1588	15.5686
ERR13927504.24353	1584	14.6496
ERR13927504.24354	1567	16.1372
ERR13927504.24355	1520	13.8974
ERR13927504.24356	1545	14.2149
ERR13927504.24357	1536	16.5905
ERR13927504.24358	1536	14.3242
ERR13927504.24359	1570	13.5153
ERR13927504.24360	1483	14.8746
ERR13927504.24361	1558	16.1065
ERR13927504.24362	1567	16.1538
ERR13927504.24363	1578	15.3961
ERR13927504.24364	1562	15.1562
ERR13927504.24365	201	13.3433
ERR13927504.24366	1555	15.9955
ERR13927504.24367	1513	14.1051
ERR13927504.24368	1555	13.6360
ERR13927504.24369	1533	16.1937
ERR13927504.24370	1516	14.5224
ERR13927504.24371	1506	14.4024
ERR13927504.24372	1560	15.5468
ERR13927504.24373	1598	14.1033
ERR13927504.24374	1537	14.9577
ERR13927504.24375	1548	16.0924
ERR13927504.24376	1545	15.7139
ERR13927504.24377	1546	14.4450
ERR13927504.24378	1534	14.4980
ERR13927504.24379	1577	14.8599
ERR13927504.24380	565	13.3451
ERR13927504.24381	1587	15.5822
ERR13927504.24382	1571	14.2884
ERR13927504.24383	1571	15.6092
ERR13927504.24384	1568	15.0421
ERR13927504.24385	1475	15.8583
ERR13927504.24386	1543	14.4718
ERR13927504.24387	1550	14.8877
ERR13927504.24388	1495	14.7104
ERR13927504.24389	1530	13.8634
ERR13927504.24390	246	14.2276
ERR13927504.24391	1534	15.1428
ERR13927504.24392	471	13.5372
ERR13927504.24393	945	14.0063
ERR13927504.24394	997	14.1194
ERR13927504.24395	268	14.2910
ERR13927504.24396	1511	16.8352
ERR13927504.24397	1563	14.7921
ERR13927504.24398	1590	15.6358
ERR13927504.24399	1506	15.0073
ERR13927504.24400	1555	13.4289
ERR13927504.24401	1529	14.6933
ERR13927504.24402	1216	13.9688
ERR13927504.24403	1526	14.0937
ERR13927504.24404	1567	14.4971
