read_id	length	mean_Q
ERR13927574.1	1552	15.9420
ERR13927574.2	1593	16.1224
ERR13927574.3	1569	16.9547
ERR13927574.4	1606	18.3904
ERR13927574.5	1635	15.6385
ERR13927574.6	1544	20.4074
ERR13927574.7	1591	17.9925
ERR13927574.8	1569	18.8674
ERR13927574.9	1615	18.3628
ERR13927574.10	1551	15.7647
ERR13927574.11	1579	17.1944
ERR13927574.12	1619	17.3780
ERR13927574.13	1581	19.3232
ERR13927574.14	1604	19.4501
ERR13927574.15	1566	16.6149
ERR13927574.16	1527	16.1303
ERR13927574.17	1594	18.5276
ERR13927574.18	1597	19.1353
ERR13927574.19	1555	19.6765
ERR13927574.20	1585	16.9489
ERR13927574.21	1592	17.3788
ERR13927574.22	1038	14.7967
ERR13927574.23	1556	21.5122
ERR13927574.24	1598	16.4212
ERR13927574.25	1583	20.3253
ERR13927574.26	1575	15.2933
ERR13927574.27	1535	19.8072
ERR13927574.28	1571	21.8581
ERR13927574.29	1629	17.6575
ERR13927574.30	1562	17.5333
ERR13927574.31	1645	17.5070
ERR13927574.32	1574	18.8170
ERR13927574.33	402	19.1070
ERR13927574.34	1558	17.5193
ERR13927574.35	1561	20.3530
ERR13927574.36	1536	15.5234
ERR13927574.37	1563	18.2131
ERR13927574.38	1577	18.1909
ERR13927574.39	1625	18.6911
ERR13927574.40	1592	20.0126
ERR13927574.41	1578	20.4499
ERR13927574.42	1579	16.4465
ERR13927574.43	1576	19.4112
ERR13927574.44	1543	18.0052
ERR13927574.45	1625	19.7058
ERR13927574.46	1623	18.1035
ERR13927574.47	1572	15.7366
ERR13927574.48	1591	17.5160
ERR13927574.49	1575	20.5371
ERR13927574.50	1566	19.1539
ERR13927574.51	1579	17.6111
ERR13927574.52	868	19.0426
ERR13927574.53	1585	18.0303
ERR13927574.54	1610	19.3006
ERR13927574.55	1664	20.4543
ERR13927574.56	1558	18.2253
ERR13927574.57	1590	19.4113
ERR13927574.58	716	17.2472
ERR13927574.59	1516	17.2249
ERR13927574.60	1555	19.9588
ERR13927574.61	1604	19.4152
ERR13927574.62	1579	15.8816
ERR13927574.63	1593	18.5355
ERR13927574.64	1577	20.2441
ERR13927574.65	1438	16.5348
ERR13927574.66	1544	16.1710
ERR13927574.67	1586	20.5315
ERR13927574.68	1544	17.1082
ERR13927574.69	1550	21.4187
ERR13927574.70	1566	18.7401
ERR13927574.71	1605	16.2660
ERR13927574.72	1577	16.4242
ERR13927574.73	1561	20.0967
ERR13927574.74	1616	14.8187
ERR13927574.75	404	14.2277
ERR13927574.76	1046	17.8872
ERR13927574.77	1571	17.6493
ERR13927574.78	1562	20.3873
ERR13927574.79	1559	18.1802
ERR13927574.80	1593	16.7891
ERR13927574.81	1556	16.3728
ERR13927574.82	1591	16.0949
ERR13927574.83	1553	17.4166
ERR13927574.84	1571	14.1216
ERR13927574.85	1584	17.0928
ERR13927574.86	1575	19.7137
ERR13927574.87	1563	16.9866
ERR13927574.88	1608	19.2276
ERR13927574.89	1601	19.5503
ERR13927574.90	1606	18.2142
ERR13927574.91	1595	18.1034
ERR13927574.92	1459	17.3537
ERR13927574.93	1594	18.5772
ERR13927574.94	1589	18.9094
ERR13927574.95	1580	17.9139
ERR13927574.96	1623	17.0025
ERR13927574.97	1608	19.2811
ERR13927574.98	1245	18.4643
ERR13927574.99	1656	21.3502
ERR13927574.100	1612	20.3257
ERR13927574.101	1601	15.5909
ERR13927574.102	1552	16.4987
ERR13927574.103	1543	15.7006
ERR13927574.104	1237	18.7478
ERR13927574.105	1585	18.1325
ERR13927574.106	1586	16.1349
ERR13927574.107	1583	15.1327
ERR13927574.108	1580	19.5759
ERR13927574.109	1586	17.1148
ERR13927574.110	1585	22.5647
ERR13927574.111	1570	16.5510
ERR13927574.112	1631	20.5573
ERR13927574.113	1557	15.2678
ERR13927574.114	1559	16.5792
ERR13927574.115	1547	20.1170
ERR13927574.116	1597	19.5736
ERR13927574.117	1527	15.6640
ERR13927574.118	1567	20.3452
ERR13927574.119	1569	21.1734
ERR13927574.120	1538	16.2971
ERR13927574.121	1612	17.5521
ERR13927574.122	1610	19.2969
ERR13927574.123	1592	18.3411
ERR13927574.124	1550	18.3019
ERR13927574.125	1571	18.5207
ERR13927574.126	1595	17.1498
ERR13927574.127	1660	19.5018
ERR13927574.128	1618	18.4790
ERR13927574.129	1556	14.9344
ERR13927574.130	1566	20.6054
ERR13927574.131	1561	15.7463
ERR13927574.132	1556	16.9042
ERR13927574.133	1561	19.3190
ERR13927574.134	1581	20.5433
ERR13927574.135	1552	15.0909
ERR13927574.136	1524	15.5453
ERR13927574.137	1578	19.7484
ERR13927574.138	1588	15.7393
ERR13927574.139	1552	15.4433
ERR13927574.140	1564	17.6061
ERR13927574.141	1562	15.6799
ERR13927574.142	1606	16.8898
ERR13927574.143	1586	18.5284
ERR13927574.144	1605	20.4168
ERR13927574.145	1578	16.7617
ERR13927574.146	1602	19.0499
ERR13927574.147	1573	16.0413
ERR13927574.148	1573	16.8741
ERR13927574.149	1583	20.7404
ERR13927574.150	1535	18.9290
ERR13927574.151	1602	16.9644
ERR13927574.152	1595	19.0614
ERR13927574.153	1597	15.3187
ERR13927574.154	1611	17.4891
ERR13927574.155	1600	19.1262
ERR13927574.156	1611	17.7244
ERR13927574.157	1555	16.0733
ERR13927574.158	1600	16.3819
ERR13927574.159	1540	18.3890
ERR13927574.160	1566	18.0485
ERR13927574.161	1605	21.2056
ERR13927574.162	1562	18.6562
ERR13927574.163	1599	18.4703
ERR13927574.164	1596	17.7588
ERR13927574.165	836	19.0825
ERR13927574.166	1577	18.2663
ERR13927574.167	1609	16.4885
ERR13927574.168	1551	14.6499
ERR13927574.169	1563	16.7223
ERR13927574.170	1598	16.7710
ERR13927574.171	1572	19.7195
ERR13927574.172	1218	17.5041
ERR13927574.173	1609	19.8073
ERR13927574.174	1595	16.6539
ERR13927574.175	1573	19.3166
ERR13927574.176	1608	21.3495
ERR13927574.177	1604	20.7014
ERR13927574.178	1593	18.7502
ERR13927574.179	1482	17.6829
ERR13927574.180	1555	17.6354
ERR13927574.181	1527	15.0275
ERR13927574.182	1574	19.0591
ERR13927574.183	1556	18.6639
ERR13927574.184	1571	19.7689
ERR13927574.185	1622	16.6412
ERR13927574.186	1547	20.2017
ERR13927574.187	1569	16.9267
ERR13927574.188	1568	16.9139
ERR13927574.189	1569	15.8470
ERR13927574.190	1600	15.5781
ERR13927574.191	1598	16.9424
ERR13927574.192	1556	17.1889
ERR13927574.193	1537	16.8068
ERR13927574.194	1600	17.5294
ERR13927574.195	1567	17.4320
ERR13927574.196	1603	19.5770
ERR13927574.197	1573	16.5753
ERR13927574.198	1596	19.1817
ERR13927574.199	1554	18.5965
ERR13927574.200	1546	18.8357
ERR13927574.201	1586	16.8840
ERR13927574.202	1639	19.8633
ERR13927574.203	1616	18.4406
ERR13927574.204	1598	16.4881
ERR13927574.205	1546	14.9023
ERR13927574.206	1581	18.6825
ERR13927574.207	1597	15.6694
ERR13927574.208	1545	17.0272
ERR13927574.209	1604	19.3155
ERR13927574.210	1591	17.7668
ERR13927574.211	1601	19.0550
ERR13927574.212	1584	17.7071
ERR13927574.213	1610	20.6137
ERR13927574.214	1550	19.0077
ERR13927574.215	1609	17.9521
ERR13927574.216	1571	20.0369
ERR13927574.217	1543	16.1095
ERR13927574.218	1132	15.1466
ERR13927574.219	1585	15.6063
ERR13927574.220	1543	19.0000
ERR13927574.221	1600	19.7550
ERR13927574.222	1525	14.2603
ERR13927574.223	1584	20.1439
ERR13927574.224	1126	14.7211
ERR13927574.225	1559	15.1636
ERR13927574.226	1572	19.9351
ERR13927574.227	1611	19.2030
ERR13927574.228	1599	19.1332
ERR13927574.229	1545	16.0803
ERR13927574.230	1546	19.1158
ERR13927574.231	1535	20.2020
ERR13927574.232	1561	16.2268
ERR13927574.233	1587	17.9868
ERR13927574.234	1566	17.8027
ERR13927574.235	1606	18.4159
ERR13927574.236	1598	17.5263
ERR13927574.237	1616	16.9530
ERR13927574.238	1600	14.8125
ERR13927574.239	1599	19.0513
ERR13927574.240	1565	17.8300
ERR13927574.241	1596	19.4135
ERR13927574.242	1548	18.7061
ERR13927574.243	1586	21.0378
ERR13927574.244	1589	17.5727
ERR13927574.245	1581	17.8975
ERR13927574.246	1573	14.7196
ERR13927574.247	1556	19.0855
ERR13927574.248	1555	18.9717
ERR13927574.249	1589	21.2744
ERR13927574.250	1574	17.9155
ERR13927574.251	1582	18.8799
ERR13927574.252	1598	20.3511
ERR13927574.253	1610	18.8484
ERR13927574.254	1577	20.6246
ERR13927574.255	1570	16.8038
ERR13927574.256	1573	17.3509
ERR13927574.257	1556	16.4614
ERR13927574.258	1587	16.4474
ERR13927574.259	1565	16.3476
ERR13927574.260	1567	14.0249
ERR13927574.261	1556	16.7455
ERR13927574.262	1578	18.3676
ERR13927574.263	1583	18.2697
ERR13927574.264	1566	16.1252
ERR13927574.265	1554	17.1435
ERR13927574.266	1546	19.5686
ERR13927574.267	1542	18.3275
ERR13927574.268	1547	20.2469
ERR13927574.269	1613	21.4823
ERR13927574.270	1569	19.7788
ERR13927574.271	1590	19.3340
ERR13927574.272	1570	18.3841
ERR13927574.273	1617	18.5498
ERR13927574.274	1599	16.9775
ERR13927574.275	1612	20.3517
ERR13927574.276	1601	14.3179
ERR13927574.277	1553	16.5660
ERR13927574.278	1546	16.9185
ERR13927574.279	1576	19.3046
ERR13927574.280	1583	16.2609
ERR13927574.281	1571	20.1337
ERR13927574.282	1570	20.0573
ERR13927574.283	1733	19.5038
ERR13927574.284	1518	18.2661
ERR13927574.285	1570	17.9000
ERR13927574.286	1611	20.2663
ERR13927574.287	1571	20.6359
ERR13927574.288	681	20.2056
ERR13927574.289	1600	18.4031
ERR13927574.290	1548	18.0588
ERR13927574.291	1591	16.5619
ERR13927574.292	1580	18.8329
ERR13927574.293	1598	18.1558
ERR13927574.294	1598	20.5469
ERR13927574.295	1554	18.5187
ERR13927574.296	1568	19.2009
ERR13927574.297	1533	15.6693
ERR13927574.298	1605	21.1389
ERR13927574.299	1609	20.0174
ERR13927574.300	1575	19.7575
ERR13927574.301	1612	19.6656
ERR13927574.302	1559	18.0956
ERR13927574.303	1616	18.4901
ERR13927574.304	1572	19.2220
ERR13927574.305	1605	19.2087
ERR13927574.306	1616	18.3775
ERR13927574.307	1582	15.8496
ERR13927574.308	1563	21.9539
ERR13927574.309	1584	16.1313
ERR13927574.310	1574	17.4835
ERR13927574.311	1540	16.4084
ERR13927574.312	1596	17.5570
ERR13927574.313	1588	18.8986
ERR13927574.314	983	17.9502
ERR13927574.315	1555	17.9466
ERR13927574.316	1619	18.9722
ERR13927574.317	1576	16.1459
ERR13927574.318	1549	20.8418
ERR13927574.319	1676	16.6659
ERR13927574.320	1610	15.9062
ERR13927574.321	1617	20.8176
ERR13927574.322	1601	19.9963
ERR13927574.323	1571	19.1279
ERR13927574.324	1532	19.7507
ERR13927574.325	281	18.3950
ERR13927574.326	1212	20.1056
ERR13927574.327	1559	16.1347
ERR13927574.328	1578	18.8904
ERR13927574.329	1563	21.2444
ERR13927574.330	1595	18.5561
ERR13927574.331	1596	18.7036
ERR13927574.332	1556	16.3342
ERR13927574.333	1583	17.7315
ERR13927574.334	1680	16.1696
ERR13927574.335	1592	15.2224
ERR13927574.336	1568	20.0421
ERR13927574.337	1572	18.6158
ERR13927574.338	1613	20.4048
ERR13927574.339	1585	14.6909
ERR13927574.340	1562	17.0736
ERR13927574.341	1556	17.7564
ERR13927574.342	1604	19.8878
ERR13927574.343	1589	19.2454
ERR13927574.344	1567	16.0147
ERR13927574.345	1603	20.1803
ERR13927574.346	1598	20.2804
ERR13927574.347	1623	19.8601
ERR13927574.348	1620	18.5660
ERR13927574.349	1573	20.4812
ERR13927574.350	1542	18.1621
ERR13927574.351	1585	19.4763
ERR13927574.352	1520	17.5217
ERR13927574.353	1549	16.9445
ERR13927574.354	1566	19.3576
ERR13927574.355	1553	19.7682
ERR13927574.356	1562	19.5019
ERR13927574.357	1619	19.3897
ERR13927574.358	1596	18.9568
ERR13927574.359	1607	18.3777
ERR13927574.360	1529	14.3689
ERR13927574.361	1574	20.2205
ERR13927574.362	1610	20.1702
ERR13927574.363	1562	19.9846
ERR13927574.364	1750	17.1977
ERR13927574.365	1612	18.4814
ERR13927574.366	1573	17.1354
ERR13927574.367	1616	20.5118
ERR13927574.368	1603	19.8153
ERR13927574.369	1607	18.6185
ERR13927574.370	1619	20.2366
ERR13927574.371	1587	20.5766
ERR13927574.372	1620	18.3327
ERR13927574.373	1519	19.1797
ERR13927574.374	1615	18.8142
ERR13927574.375	1629	15.3788
ERR13927574.376	1578	19.1686
ERR13927574.377	1581	17.9222
ERR13927574.378	1127	14.6788
ERR13927574.379	1601	17.6627
ERR13927574.380	1541	17.1473
ERR13927574.381	1621	20.5719
ERR13927574.382	1547	19.6328
ERR13927574.383	1571	20.1375
ERR13927574.384	1601	18.7352
ERR13927574.385	1584	16.7361
ERR13927574.386	1571	20.1922
ERR13927574.387	1596	19.8340
ERR13927574.388	1608	18.4055
ERR13927574.389	1584	20.1465
ERR13927574.390	1563	18.1919
ERR13927574.391	1553	18.4482
ERR13927574.392	1632	18.6054
ERR13927574.393	1568	18.8017
ERR13927574.394	1564	16.1784
ERR13927574.395	908	14.2489
ERR13927574.396	1589	15.9408
ERR13927574.397	1612	22.8635
ERR13927574.398	1639	19.1232
ERR13927574.399	1579	20.0969
ERR13927574.400	659	19.9514
ERR13927574.401	1572	21.4466
ERR13927574.402	1558	17.6553
ERR13927574.403	1596	20.2450
ERR13927574.404	1568	19.4503
ERR13927574.405	1578	16.8536
ERR13927574.406	1616	17.4103
ERR13927574.407	1623	17.7018
ERR13927574.408	1560	15.7506
ERR13927574.409	1556	18.5302
ERR13927574.410	1748	17.9708
ERR13927574.411	1492	14.8345
ERR13927574.412	1603	19.9857
ERR13927574.413	1615	17.1009
ERR13927574.414	1583	18.4485
ERR13927574.415	1584	16.5713
ERR13927574.416	1599	18.5353
ERR13927574.417	1588	18.2626
ERR13927574.418	1600	16.6619
ERR13927574.419	1611	19.1310
ERR13927574.420	1556	19.9878
ERR13927574.421	1587	19.9546
ERR13927574.422	1585	17.9785
ERR13927574.423	1585	19.8233
ERR13927574.424	1590	18.8384
ERR13927574.425	1606	20.3070
ERR13927574.426	3175	14.9581
ERR13927574.427	1570	19.5631
ERR13927574.428	1602	16.5443
ERR13927574.429	1546	17.0783
ERR13927574.430	1592	17.8078
ERR13927574.431	1598	20.7084
ERR13927574.432	1568	18.9247
ERR13927574.433	1554	15.6100
ERR13927574.434	1581	19.7274
ERR13927574.435	1573	20.5798
ERR13927574.436	310	18.3258
ERR13927574.437	1550	18.9355
ERR13927574.438	1624	18.9119
ERR13927574.439	1555	14.3505
ERR13927574.440	1595	17.3329
ERR13927574.441	1627	18.8390
ERR13927574.442	1585	19.0019
ERR13927574.443	1612	19.8896
ERR13927574.444	1571	17.1712
ERR13927574.445	229	13.8777
ERR13927574.446	1560	16.7321
ERR13927574.447	1582	19.1631
ERR13927574.448	1616	18.2129
ERR13927574.449	1544	18.0544
ERR13927574.450	1555	16.3254
ERR13927574.451	1580	18.4627
ERR13927574.452	1590	21.1101
ERR13927574.453	1573	20.5893
ERR13927574.454	1602	19.9176
ERR13927574.455	1572	20.0191
ERR13927574.456	1452	15.6061
ERR13927574.457	1596	20.3258
ERR13927574.458	1607	17.9110
ERR13927574.459	1606	20.6333
ERR13927574.460	1561	14.2255
ERR13927574.461	1563	19.5925
ERR13927574.462	1558	20.3517
ERR13927574.463	1557	17.6172
ERR13927574.464	1537	14.8705
ERR13927574.465	1615	17.5814
ERR13927574.466	1578	15.7795
ERR13927574.467	1646	20.5310
ERR13927574.468	1608	20.5168
ERR13927574.469	1561	16.8341
ERR13927574.470	1609	16.6613
ERR13927574.471	1566	15.6469
ERR13927574.472	1586	19.6406
ERR13927574.473	389	17.8380
ERR13927574.474	1543	19.0434
ERR13927574.475	1611	19.3842
ERR13927574.476	1613	19.1978
ERR13927574.477	1625	19.7280
ERR13927574.478	1585	19.6132
ERR13927574.479	1553	15.7817
ERR13927574.480	1602	17.8527
ERR13927574.481	1587	21.0189
ERR13927574.482	1594	14.9994
ERR13927574.483	1583	16.7208
ERR13927574.484	1574	17.4593
ERR13927574.485	1613	19.6528
ERR13927574.486	1608	20.2114
ERR13927574.487	1576	17.6307
ERR13927574.488	1581	18.1980
ERR13927574.489	1562	20.7746
ERR13927574.490	1593	22.5455
ERR13927574.491	1543	15.4303
ERR13927574.492	1582	19.7781
ERR13927574.493	1581	18.0829
ERR13927574.494	1586	15.6311
ERR13927574.495	1557	16.2344
ERR13927574.496	1600	19.7181
ERR13927574.497	1598	16.8773
ERR13927574.498	1562	21.8521
ERR13927574.499	1572	18.9434
ERR13927574.500	1588	16.5094
ERR13927574.501	1574	17.6550
ERR13927574.502	1616	18.4047
ERR13927574.503	1563	17.6820
ERR13927574.504	1535	18.0515
ERR13927574.505	1571	17.4284
ERR13927574.506	1609	20.8508
ERR13927574.507	1595	21.0828
ERR13927574.508	1593	19.3892
ERR13927574.509	1608	18.4813
ERR13927574.510	1611	18.4432
ERR13927574.511	1605	14.8106
ERR13927574.512	1601	19.2829
ERR13927574.513	1583	19.6968
ERR13927574.514	1568	20.0236
ERR13927574.515	1616	15.0953
ERR13927574.516	1579	15.1197
ERR13927574.517	1607	13.9826
ERR13927574.518	1608	14.8930
ERR13927574.519	1598	17.2660
ERR13927574.520	1577	22.0628
ERR13927574.521	1560	19.0083
ERR13927574.522	1572	20.4593
ERR13927574.523	938	15.4925
ERR13927574.524	1570	20.0172
ERR13927574.525	1602	20.6336
ERR13927574.526	1615	15.5573
ERR13927574.527	1599	19.7967
ERR13927574.528	1622	20.1843
ERR13927574.529	1583	18.6475
ERR13927574.530	1561	17.4971
ERR13927574.531	1595	17.2163
ERR13927574.532	1606	19.3487
ERR13927574.533	1581	20.3694
ERR13927574.534	1586	20.2881
ERR13927574.535	1594	21.0031
ERR13927574.536	1574	17.4720
ERR13927574.537	1583	16.9413
ERR13927574.538	1578	19.3929
ERR13927574.539	1594	21.3394
ERR13927574.540	1577	16.6221
ERR13927574.541	1601	18.4310
ERR13927574.542	1564	15.5895
ERR13927574.543	1600	21.2913
ERR13927574.544	1547	17.7944
ERR13927574.545	1631	20.7161
ERR13927574.546	1606	17.9396
ERR13927574.547	1568	15.2200
ERR13927574.548	1559	17.6273
ERR13927574.549	1565	18.3987
ERR13927574.550	1591	17.4481
ERR13927574.551	1590	19.5365
ERR13927574.552	1578	19.6413
ERR13927574.553	1574	20.0731
ERR13927574.554	1595	17.6953
ERR13927574.555	918	20.2288
ERR13927574.556	1565	17.6441
ERR13927574.557	1571	16.7428
ERR13927574.558	1526	19.8139
ERR13927574.559	1578	18.0013
ERR13927574.560	1596	19.6936
ERR13927574.561	1572	17.7761
ERR13927574.562	1544	15.9637
ERR13927574.563	1633	15.2039
ERR13927574.564	1539	18.1553
ERR13927574.565	1586	20.2604
ERR13927574.566	1570	16.5771
ERR13927574.567	793	18.1400
ERR13927574.568	1608	18.5485
ERR13927574.569	1533	15.9967
ERR13927574.570	1568	19.3597
ERR13927574.571	189	16.1429
ERR13927574.572	1607	20.3466
ERR13927574.573	1597	17.3914
ERR13927574.574	1561	18.6797
ERR13927574.575	1592	16.4121
ERR13927574.576	1589	18.7388
ERR13927574.577	1610	20.3671
ERR13927574.578	1125	18.7253
ERR13927574.579	1613	17.4631
ERR13927574.580	1596	18.7726
ERR13927574.581	1633	16.5346
ERR13927574.582	1596	21.0602
ERR13927574.583	1602	18.8976
ERR13927574.584	1579	16.7492
ERR13927574.585	1533	16.8578
ERR13927574.586	1582	19.4437
ERR13927574.587	1576	20.1713
ERR13927574.588	1543	15.3675
ERR13927574.589	1603	14.8665
ERR13927574.590	1556	17.6716
ERR13927574.591	1562	18.6332
ERR13927574.592	1604	17.9489
ERR13927574.593	1585	19.5407
ERR13927574.594	1598	18.4837
ERR13927574.595	1555	19.3936
ERR13927574.596	1528	15.1348
ERR13927574.597	1561	17.5906
ERR13927574.598	1579	14.8296
ERR13927574.599	1553	19.6871
ERR13927574.600	961	15.3704
ERR13927574.601	1600	18.3369
ERR13927574.602	1611	17.8585
ERR13927574.603	1594	16.9962
ERR13927574.604	1554	15.4942
ERR13927574.605	1585	19.8410
ERR13927574.606	1564	18.6611
ERR13927574.607	1578	19.6793
ERR13927574.608	1616	18.9623
ERR13927574.609	1575	17.4241
ERR13927574.610	1549	14.6191
ERR13927574.611	1582	15.9539
ERR13927574.612	1552	20.6682
ERR13927574.613	1558	18.0359
ERR13927574.614	1566	18.1360
ERR13927574.615	1262	18.2995
ERR13927574.616	1607	16.0180
ERR13927574.617	1574	19.4085
ERR13927574.618	1582	19.4330
ERR13927574.619	1552	17.3705
ERR13927574.620	1558	19.1316
ERR13927574.621	1573	19.1481
ERR13927574.622	1615	18.9591
ERR13927574.623	1574	19.6175
ERR13927574.624	1555	14.9852
ERR13927574.625	1568	19.5344
ERR13927574.626	1574	20.1614
ERR13927574.627	1285	18.7782
ERR13927574.628	1606	19.2920
ERR13927574.629	1577	21.2765
ERR13927574.630	1555	15.6096
ERR13927574.631	1590	19.9836
ERR13927574.632	1543	15.7375
ERR13927574.633	1588	18.5139
ERR13927574.634	1567	16.7996
ERR13927574.635	1561	20.4555
ERR13927574.636	1537	15.3813
ERR13927574.637	1621	19.0241
ERR13927574.638	1572	15.4879
ERR13927574.639	1614	20.9988
ERR13927574.640	1586	19.0372
ERR13927574.641	1094	19.3775
ERR13927574.642	1544	14.0907
ERR13927574.643	1568	18.1263
ERR13927574.644	1547	18.8630
ERR13927574.645	1543	14.2988
ERR13927574.646	1548	19.7216
ERR13927574.647	1566	16.7976
ERR13927574.648	1558	18.9544
ERR13927574.649	1601	14.4122
ERR13927574.650	1531	15.9229
ERR13927574.651	1597	18.4790
ERR13927574.652	1553	19.0367
ERR13927574.653	1607	14.7754
ERR13927574.654	1525	16.9928
ERR13927574.655	1559	18.5824
ERR13927574.656	1589	15.4437
ERR13927574.657	1563	17.1766
ERR13927574.658	1476	20.6118
ERR13927574.659	1618	20.1434
ERR13927574.660	1593	19.7188
ERR13927574.661	1529	14.3682
ERR13927574.662	1578	18.2275
ERR13927574.663	1609	14.1740
ERR13927574.664	478	18.9163
ERR13927574.665	1600	20.0419
ERR13927574.666	1572	17.9027
ERR13927574.667	1626	20.2792
ERR13927574.668	1568	19.3622
ERR13927574.669	1589	18.3612
ERR13927574.670	1590	17.7717
ERR13927574.671	1577	20.5168
ERR13927574.672	1604	21.0368
ERR13927574.673	1556	20.2821
ERR13927574.674	1562	17.0352
ERR13927574.675	1600	16.3656
ERR13927574.676	1550	20.6542
ERR13927574.677	1552	16.2249
ERR13927574.678	1565	18.5687
ERR13927574.679	1573	15.5397
ERR13927574.680	1557	16.1516
ERR13927574.681	1581	20.0930
ERR13927574.682	1603	17.8584
ERR13927574.683	1623	19.6821
ERR13927574.684	1611	18.0248
ERR13927574.685	1577	15.8079
ERR13927574.686	1605	20.5514
ERR13927574.687	1610	17.5217
ERR13927574.688	1558	19.3909
ERR13927574.689	1593	20.5461
ERR13927574.690	1563	18.5841
ERR13927574.691	1531	18.0000
ERR13927574.692	1596	17.2995
ERR13927574.693	1555	20.2174
ERR13927574.694	1594	19.6744
ERR13927574.695	1609	19.3108
ERR13927574.696	1616	15.5198
ERR13927574.697	1613	20.8388
ERR13927574.698	1576	17.0546
ERR13927574.699	1552	18.6778
ERR13927574.700	1563	19.4568
ERR13927574.701	1584	19.7418
ERR13927574.702	1579	19.0342
ERR13927574.703	1570	18.2032
ERR13927574.704	3067	15.7770
ERR13927574.705	1567	18.7167
ERR13927574.706	1538	15.6892
ERR13927574.707	1587	17.1840
ERR13927574.708	1621	17.3368
ERR13927574.709	1591	19.4513
ERR13927574.710	1556	16.5225
ERR13927574.711	1606	15.9832
ERR13927574.712	1572	20.8982
ERR13927574.713	1610	20.8236
ERR13927574.714	1584	19.0259
ERR13927574.715	1573	17.7521
ERR13927574.716	1560	20.8647
ERR13927574.717	1637	15.3464
ERR13927574.718	1547	15.5378
ERR13927574.719	1595	19.8959
ERR13927574.720	1570	21.3732
ERR13927574.721	1579	20.2749
ERR13927574.722	1569	20.2983
ERR13927574.723	1551	15.6950
ERR13927574.724	1574	19.8844
ERR13927574.725	1571	19.4449
ERR13927574.726	1588	22.5756
ERR13927574.727	1561	19.3818
ERR13927574.728	1583	17.3241
ERR13927574.729	1608	18.9988
ERR13927574.730	1606	18.1974
ERR13927574.731	1607	20.8556
ERR13927574.732	1596	18.5044
ERR13927574.733	1594	18.0872
ERR13927574.734	1639	17.5015
ERR13927574.735	1395	16.5004
ERR13927574.736	1120	17.8813
ERR13927574.737	1509	14.6528
ERR13927574.738	1560	18.2282
ERR13927574.739	1586	16.8279
ERR13927574.740	1622	21.0247
ERR13927574.741	1586	17.0631
ERR13927574.742	1567	18.6267
ERR13927574.743	1608	18.0616
ERR13927574.744	1538	15.3648
ERR13927574.745	1611	20.6636
ERR13927574.746	1585	19.5748
ERR13927574.747	1578	15.0253
ERR13927574.748	1614	20.6877
ERR13927574.749	1602	18.2971
ERR13927574.750	1564	17.2231
ERR13927574.751	1590	17.6503
ERR13927574.752	1535	16.1042
ERR13927574.753	1377	16.8678
ERR13927574.754	1550	19.5942
ERR13927574.755	1558	15.0668
ERR13927574.756	1569	17.2505
ERR13927574.757	395	19.0582
ERR13927574.758	1590	16.9264
ERR13927574.759	1578	20.3631
ERR13927574.760	1544	16.0181
ERR13927574.761	1559	16.9115
ERR13927574.762	1581	17.6325
ERR13927574.763	1613	19.2362
ERR13927574.764	1578	20.4575
ERR13927574.765	1510	15.0073
ERR13927574.766	1600	16.6775
ERR13927574.767	1611	15.7734
ERR13927574.768	1577	17.8542
ERR13927574.769	1590	18.9824
ERR13927574.770	1556	16.6395
ERR13927574.771	1583	18.7220
ERR13927574.772	1589	18.6797
ERR13927574.773	1604	16.5580
ERR13927574.774	1604	19.5187
ERR13927574.775	1593	20.9090
ERR13927574.776	1590	20.4132
ERR13927574.777	1618	19.1063
ERR13927574.778	1572	17.2290
ERR13927574.779	1598	18.8273
ERR13927574.780	1607	17.1151
ERR13927574.781	1790	19.9352
ERR13927574.782	1515	16.2680
ERR13927574.783	1584	14.7740
ERR13927574.784	1548	18.3876
ERR13927574.785	1561	20.7175
ERR13927574.786	1596	18.2682
ERR13927574.787	1579	18.2103
ERR13927574.788	1587	18.8507
ERR13927574.789	1543	17.0843
ERR13927574.790	1563	16.6180
ERR13927574.791	1571	21.3787
ERR13927574.792	1602	20.3027
ERR13927574.793	1571	17.7518
ERR13927574.794	1629	16.7066
ERR13927574.795	1604	18.5405
ERR13927574.796	1560	18.7051
ERR13927574.797	1505	17.4837
ERR13927574.798	1603	20.9701
ERR13927574.799	1598	17.5219
ERR13927574.800	1546	18.5181
ERR13927574.801	1552	18.1031
ERR13927574.802	1464	18.5683
ERR13927574.803	1586	17.9439
ERR13927574.804	1536	16.0104
ERR13927574.805	1533	15.6634
ERR13927574.806	1545	17.2744
ERR13927574.807	1581	15.4035
ERR13927574.808	1611	21.3712
ERR13927574.809	1574	14.4911
ERR13927574.810	1601	16.9457
ERR13927574.811	1539	18.5705
ERR13927574.812	1584	15.4003
ERR13927574.813	1564	16.5166
ERR13927574.814	1573	18.3109
ERR13927574.815	1614	19.2943
ERR13927574.816	1582	22.4659
ERR13927574.817	1609	18.5364
ERR13927574.818	1555	20.4405
ERR13927574.819	1554	15.9871
ERR13927574.820	1543	15.5833
ERR13927574.821	1603	14.2445
ERR13927574.822	1580	16.5791
ERR13927574.823	1620	17.1975
ERR13927574.824	1610	18.0497
ERR13927574.825	1612	20.0416
ERR13927574.826	1579	19.9582
ERR13927574.827	1566	20.4872
ERR13927574.828	1565	20.5284
ERR13927574.829	1642	17.5956
ERR13927574.830	1564	20.5857
ERR13927574.831	1591	18.0352
ERR13927574.832	1576	19.8902
ERR13927574.833	1591	15.3476
ERR13927574.834	1612	16.8877
ERR13927574.835	1598	21.2503
ERR13927574.836	1547	18.4958
ERR13927574.837	1576	17.8813
ERR13927574.838	1567	20.2495
ERR13927574.839	1614	16.2181
ERR13927574.840	1584	16.1345
ERR13927574.841	1552	20.3402
ERR13927574.842	1567	17.0319
ERR13927574.843	1561	20.4958
ERR13927574.844	1566	19.2701
ERR13927574.845	1627	18.9631
ERR13927574.846	1601	15.6864
ERR13927574.847	1563	15.8170
ERR13927574.848	1583	20.4352
ERR13927574.849	1576	19.5793
ERR13927574.850	1594	18.2133
ERR13927574.851	1597	19.8729
ERR13927574.852	1587	20.0681
ERR13927574.853	1540	15.4857
ERR13927574.854	1602	21.1199
ERR13927574.855	1565	17.5853
ERR13927574.856	1569	18.5519
ERR13927574.857	1587	17.8935
ERR13927574.858	1600	18.7294
ERR13927574.859	1531	14.5696
ERR13927574.860	1586	16.2528
ERR13927574.861	1563	15.8509
ERR13927574.862	1564	18.8772
ERR13927574.863	1575	18.7137
ERR13927574.864	1583	18.2318
ERR13927574.865	1610	18.6230
ERR13927574.866	1592	21.1734
ERR13927574.867	1609	19.8614
ERR13927574.868	1581	18.7805
ERR13927574.869	1588	17.2494
ERR13927574.870	1571	18.7944
ERR13927574.871	1570	19.3618
ERR13927574.872	1616	18.8249
ERR13927574.873	1578	20.3904
ERR13927574.874	1555	15.8656
ERR13927574.875	1601	20.5522
ERR13927574.876	1560	20.6955
ERR13927574.877	1579	15.8581
ERR13927574.878	1551	14.1322
ERR13927574.879	1581	19.7666
ERR13927574.880	1595	19.9429
ERR13927574.881	1582	18.9728
ERR13927574.882	1571	19.2043
ERR13927574.883	1604	19.2993
ERR13927574.884	1631	21.3446
ERR13927574.885	1588	19.9987
ERR13927574.886	1535	18.9687
ERR13927574.887	1541	16.4153
ERR13927574.888	1576	18.0501
ERR13927574.889	603	17.1526
ERR13927574.890	1576	17.0171
ERR13927574.891	1587	15.6818
ERR13927574.892	1597	16.8084
ERR13927574.893	1587	18.8154
ERR13927574.894	1563	15.5010
ERR13927574.895	1609	18.4562
ERR13927574.896	1555	16.0270
ERR13927574.897	1565	20.1955
ERR13927574.898	1608	18.7531
ERR13927574.899	1573	18.7730
ERR13927574.900	1566	18.9093
ERR13927574.901	1539	20.0429
ERR13927574.902	1607	17.1307
ERR13927574.903	1601	20.2548
ERR13927574.904	1564	17.3075
ERR13927574.905	1615	17.6960
ERR13927574.906	1606	20.8574
ERR13927574.907	1582	15.8717
ERR13927574.908	1439	18.3030
ERR13927574.909	1594	16.0784
ERR13927574.910	1577	20.6766
ERR13927574.911	1574	19.2814
ERR13927574.912	1593	18.3823
ERR13927574.913	1574	16.6544
ERR13927574.914	1586	16.0845
ERR13927574.915	1570	17.6261
ERR13927574.916	1551	15.8446
ERR13927574.917	1571	16.5092
ERR13927574.918	1552	16.7294
ERR13927574.919	1501	18.1719
ERR13927574.920	1623	21.2539
ERR13927574.921	1602	20.6448
ERR13927574.922	1588	20.8703
ERR13927574.923	1566	17.5964
ERR13927574.924	1583	19.3468
ERR13927574.925	1243	18.1400
ERR13927574.926	709	15.1283
ERR13927574.927	1600	20.4281
ERR13927574.928	1597	17.9468
ERR13927574.929	1604	18.4620
ERR13927574.930	1579	17.0386
ERR13927574.931	1618	16.6934
ERR13927574.932	1586	14.8178
ERR13927574.933	1598	17.5501
ERR13927574.934	1125	21.0116
ERR13927574.935	1567	15.5227
ERR13927574.936	1573	21.0273
ERR13927574.937	1570	20.7108
ERR13927574.938	1590	19.5031
ERR13927574.939	1572	15.4905
ERR13927574.940	1548	15.7455
ERR13927574.941	1601	17.6777
ERR13927574.942	1587	18.0907
ERR13927574.943	1586	17.3235
ERR13927574.944	290	16.2138
ERR13927574.945	1582	16.0051
ERR13927574.946	1582	18.0145
ERR13927574.947	1612	19.3114
ERR13927574.948	1616	19.3558
ERR13927574.949	1583	19.9918
ERR13927574.950	1596	17.3816
ERR13927574.951	1601	21.0462
ERR13927574.952	1574	20.2814
ERR13927574.953	1546	16.9683
ERR13927574.954	1556	18.4769
ERR13927574.955	1611	18.1999
ERR13927574.956	1537	17.4450
ERR13927574.957	1569	18.9261
ERR13927574.958	1571	14.5239
ERR13927574.959	1508	17.1996
ERR13927574.960	1545	17.0194
ERR13927574.961	1587	19.6415
ERR13927574.962	1648	18.1402
ERR13927574.963	1559	18.4022
ERR13927574.964	1553	20.0316
ERR13927574.965	1536	18.5339
ERR13927574.966	1578	17.3631
ERR13927574.967	1579	18.5193
ERR13927574.968	1678	17.3290
ERR13927574.969	1597	19.4822
ERR13927574.970	1600	20.3062
ERR13927574.971	1580	18.3987
ERR13927574.972	1586	20.5813
ERR13927574.973	1575	17.4921
ERR13927574.974	1574	15.3081
ERR13927574.975	1633	17.7416
ERR13927574.976	1612	21.2506
ERR13927574.977	212	13.6887
ERR13927574.978	1553	17.1520
ERR13927574.979	1591	20.0019
ERR13927574.980	1565	21.1227
ERR13927574.981	1552	17.8570
ERR13927574.982	1603	19.8191
ERR13927574.983	1581	18.9222
ERR13927574.984	1578	17.0970
ERR13927574.985	1614	20.0626
ERR13927574.986	1557	19.4310
ERR13927574.987	1600	16.1769
ERR13927574.988	1611	19.7654
ERR13927574.989	1543	16.6241
ERR13927574.990	1615	22.0093
ERR13927574.991	1570	18.7204
ERR13927574.992	1617	17.9406
ERR13927574.993	1571	18.7823
ERR13927574.994	1559	17.9410
ERR13927574.995	1604	15.6758
ERR13927574.996	1518	14.4618
ERR13927574.997	1604	16.1920
ERR13927574.998	1597	20.8929
ERR13927574.999	1568	19.2551
ERR13927574.1000	1594	17.1801
ERR13927574.1001	1569	16.6603
ERR13927574.1002	1554	14.5039
ERR13927574.1003	1600	20.9369
ERR13927574.1004	1582	16.7566
ERR13927574.1005	1558	18.6919
ERR13927574.1006	1579	19.2103
ERR13927574.1007	1606	19.3157
ERR13927574.1008	1513	15.2254
ERR13927574.1009	1572	18.5789
ERR13927574.1010	1592	20.2971
ERR13927574.1011	1587	19.9924
ERR13927574.1012	1635	19.7621
ERR13927574.1013	1562	17.1601
ERR13927574.1014	1564	19.4680
ERR13927574.1015	1565	18.5796
ERR13927574.1016	1624	18.1841
ERR13927574.1017	1598	19.7760
ERR13927574.1018	1559	18.7184
ERR13927574.1019	1588	18.6228
ERR13927574.1020	1302	19.3456
ERR13927574.1021	1565	14.6498
ERR13927574.1022	1547	17.5882
ERR13927574.1023	1513	17.8341
ERR13927574.1024	1566	19.6884
ERR13927574.1025	1622	20.7201
ERR13927574.1026	1580	19.3918
ERR13927574.1027	1570	18.2382
ERR13927574.1028	1616	19.4047
ERR13927574.1029	1578	17.5982
ERR13927574.1030	1552	15.2159
ERR13927574.1031	1561	19.0814
ERR13927574.1032	1572	19.1425
ERR13927574.1033	1554	18.7619
ERR13927574.1034	1587	17.7681
ERR13927574.1035	1448	15.9123
ERR13927574.1036	1573	20.5880
ERR13927574.1037	1614	19.1320
ERR13927574.1038	1590	18.6107
ERR13927574.1039	1604	15.4832
ERR13927574.1040	1587	18.5192
ERR13927574.1041	1447	16.2695
ERR13927574.1042	1559	16.2033
ERR13927574.1043	1538	14.3648
ERR13927574.1044	1563	15.9623
ERR13927574.1045	1598	19.8773
ERR13927574.1046	1611	15.7635
ERR13927574.1047	1505	17.9774
ERR13927574.1048	1579	14.3547
ERR13927574.1049	1493	17.3597
ERR13927574.1050	1597	19.0539
ERR13927574.1051	1545	17.6382
ERR13927574.1052	1532	14.9413
ERR13927574.1053	1615	20.2427
ERR13927574.1054	1606	22.1052
ERR13927574.1055	1601	17.0306
ERR13927574.1056	1613	18.2269
ERR13927574.1057	1653	20.0206
ERR13927574.1058	1579	16.9398
ERR13927574.1059	1612	17.3002
ERR13927574.1060	1574	17.6372
ERR13927574.1061	1600	19.7362
ERR13927574.1062	1568	18.3661
ERR13927574.1063	1550	16.2535
ERR13927574.1064	1598	15.3004
ERR13927574.1065	1593	20.1017
ERR13927574.1066	1882	21.0696
ERR13927574.1067	1545	18.8155
ERR13927574.1068	1589	18.7495
ERR13927574.1069	1456	15.7541
ERR13927574.1070	1546	16.5078
ERR13927574.1071	1584	19.6231
ERR13927574.1072	1561	17.7591
ERR13927574.1073	1594	17.0301
ERR13927574.1074	1533	19.3020
ERR13927574.1075	1532	17.6084
ERR13927574.1076	1576	14.2056
ERR13927574.1077	1551	20.0658
ERR13927574.1078	1569	20.9089
ERR13927574.1079	1625	19.5865
ERR13927574.1080	1586	20.6261
ERR13927574.1081	1586	20.6513
ERR13927574.1082	1537	17.9245
ERR13927574.1083	1589	14.7275
ERR13927574.1084	1566	16.8020
ERR13927574.1085	1595	15.2194
ERR13927574.1086	1584	15.6004
ERR13927574.1087	1544	20.3718
ERR13927574.1088	1592	20.3053
ERR13927574.1089	1554	18.5740
ERR13927574.1090	1538	15.8849
ERR13927574.1091	1586	17.7573
ERR13927574.1092	1565	20.2447
ERR13927574.1093	1617	16.5158
ERR13927574.1094	1580	18.3741
ERR13927574.1095	1616	21.1590
ERR13927574.1096	1623	19.3259
ERR13927574.1097	1564	18.0416
ERR13927574.1098	1571	20.6111
ERR13927574.1099	1613	17.4916
ERR13927574.1100	1577	17.4001
ERR13927574.1101	1616	18.4647
ERR13927574.1102	1514	16.9954
ERR13927574.1103	1570	20.2446
ERR13927574.1104	1565	20.4965
ERR13927574.1105	1614	19.6617
ERR13927574.1106	1565	18.7220
ERR13927574.1107	1567	15.6694
ERR13927574.1108	305	14.1738
ERR13927574.1109	1573	19.0496
ERR13927574.1110	1547	17.6348
ERR13927574.1111	1569	18.1217
ERR13927574.1112	1345	18.2781
ERR13927574.1113	1569	18.2218
ERR13927574.1114	1521	18.5082
ERR13927574.1115	1558	17.9153
ERR13927574.1116	1574	18.1652
ERR13927574.1117	1585	17.1899
ERR13927574.1118	1563	16.6193
ERR13927574.1119	1546	14.0660
ERR13927574.1120	1602	18.2341
ERR13927574.1121	1578	17.7592
ERR13927574.1122	1569	17.5252
ERR13927574.1123	1605	16.1763
ERR13927574.1124	1577	15.6703
ERR13927574.1125	1551	18.7698
ERR13927574.1126	1613	19.4148
ERR13927574.1127	1476	21.1504
ERR13927574.1128	1569	20.5615
ERR13927574.1129	1569	19.2849
ERR13927574.1130	1578	22.3796
ERR13927574.1131	1590	15.9025
ERR13927574.1132	1105	19.4181
ERR13927574.1133	1615	18.6080
ERR13927574.1134	1589	19.2681
ERR13927574.1135	1572	16.9179
ERR13927574.1136	1549	15.6785
ERR13927574.1137	1572	18.8537
ERR13927574.1138	1566	17.2063
ERR13927574.1139	1619	19.4787
ERR13927574.1140	1576	18.2043
ERR13927574.1141	1566	18.2982
ERR13927574.1142	1617	15.8281
ERR13927574.1143	1613	16.8215
ERR13927574.1144	1588	20.0542
ERR13927574.1145	1601	15.5478
ERR13927574.1146	1541	20.7618
ERR13927574.1147	1560	17.7064
ERR13927574.1148	1605	16.7682
ERR13927574.1149	1638	18.6514
ERR13927574.1150	1485	14.6431
ERR13927574.1151	1594	20.9705
ERR13927574.1152	1589	20.0466
ERR13927574.1153	1575	17.4502
ERR13927574.1154	1589	18.6350
ERR13927574.1155	1568	18.7455
ERR13927574.1156	1588	18.6581
ERR13927574.1157	1567	17.1583
ERR13927574.1158	1561	19.3171
ERR13927574.1159	378	16.6243
ERR13927574.1160	1577	16.4534
ERR13927574.1161	1575	20.5086
ERR13927574.1162	1563	16.2572
ERR13927574.1163	1574	19.9644
ERR13927574.1164	1597	15.6662
ERR13927574.1165	1562	18.7663
ERR13927574.1166	1613	19.3999
ERR13927574.1167	1563	20.6724
ERR13927574.1168	1562	16.9661
ERR13927574.1169	164	17.6098
ERR13927574.1170	1569	21.1785
ERR13927574.1171	1493	17.8064
ERR13927574.1172	1625	15.7102
ERR13927574.1173	194	16.2577
ERR13927574.1174	1568	16.5561
ERR13927574.1175	232	14.3190
ERR13927574.1176	1605	17.6903
ERR13927574.1177	1586	19.8235
ERR13927574.1178	1602	16.8608
ERR13927574.1179	1571	19.1916
ERR13927574.1180	1548	19.0472
ERR13927574.1181	1586	20.1286
ERR13927574.1182	1627	16.2041
ERR13927574.1183	1547	16.3613
ERR13927574.1184	1601	17.8695
ERR13927574.1185	1586	17.7320
ERR13927574.1186	1593	16.9592
ERR13927574.1187	1577	21.1237
ERR13927574.1188	1529	17.1177
ERR13927574.1189	1552	20.3441
ERR13927574.1190	1569	19.2715
ERR13927574.1191	1620	20.8883
ERR13927574.1192	1559	17.4939
ERR13927574.1193	1615	18.0415
ERR13927574.1194	1577	19.7844
ERR13927574.1195	1560	17.5109
ERR13927574.1196	1596	19.0288
ERR13927574.1197	1578	17.8511
ERR13927574.1198	1518	18.3320
ERR13927574.1199	1602	19.0924
ERR13927574.1200	1582	14.3198
ERR13927574.1201	1617	19.0921
ERR13927574.1202	1563	17.9687
ERR13927574.1203	1613	17.8859
ERR13927574.1204	1594	21.3645
ERR13927574.1205	1564	16.7110
ERR13927574.1206	1709	21.4827
ERR13927574.1207	1606	17.3543
ERR13927574.1208	1561	18.6464
ERR13927574.1209	1618	21.6978
ERR13927574.1210	1594	14.8676
ERR13927574.1211	1567	19.1768
ERR13927574.1212	1585	17.2120
ERR13927574.1213	1568	17.3584
ERR13927574.1214	1621	19.8260
ERR13927574.1215	1583	19.4510
ERR13927574.1216	1535	19.2730
ERR13927574.1217	1561	18.6054
ERR13927574.1218	1596	20.9524
ERR13927574.1219	1599	19.0982
ERR13927574.1220	1584	15.5107
ERR13927574.1221	1565	20.2952
ERR13927574.1222	1605	18.3016
ERR13927574.1223	1570	16.8427
ERR13927574.1224	1590	18.0818
ERR13927574.1225	1599	18.9900
ERR13927574.1226	1535	19.2938
ERR13927574.1227	1576	17.1732
ERR13927574.1228	1563	14.7690
ERR13927574.1229	1609	21.3617
ERR13927574.1230	1640	20.6256
ERR13927574.1231	1591	22.1263
ERR13927574.1232	1612	19.9076
ERR13927574.1233	1562	17.0032
ERR13927574.1234	1587	19.3970
ERR13927574.1235	1559	19.0866
ERR13927574.1236	1603	16.3107
ERR13927574.1237	1564	15.1477
ERR13927574.1238	1593	21.8908
ERR13927574.1239	1593	21.0571
ERR13927574.1240	1606	18.3574
ERR13927574.1241	1621	18.5910
ERR13927574.1242	1603	21.9825
ERR13927574.1243	1586	17.5082
ERR13927574.1244	1576	16.9968
ERR13927574.1245	1556	18.1369
ERR13927574.1246	1590	15.4704
ERR13927574.1247	1604	20.1951
ERR13927574.1248	1615	19.8693
ERR13927574.1249	1605	19.1801
ERR13927574.1250	1531	18.3220
ERR13927574.1251	1608	19.9198
ERR13927574.1252	1611	16.8678
ERR13927574.1253	1615	20.1443
ERR13927574.1254	1595	19.8213
ERR13927574.1255	1591	15.9654
ERR13927574.1256	1595	19.4483
ERR13927574.1257	1555	17.3215
ERR13927574.1258	1584	18.3409
ERR13927574.1259	1569	15.8719
ERR13927574.1260	1624	18.3362
ERR13927574.1261	1554	16.2825
ERR13927574.1262	1591	19.4280
ERR13927574.1263	1571	16.8619
ERR13927574.1264	1566	17.6028
ERR13927574.1265	1609	20.8713
ERR13927574.1266	1536	16.9720
ERR13927574.1267	1605	21.0162
ERR13927574.1268	1577	19.6652
ERR13927574.1269	1553	16.6922
ERR13927574.1270	1581	18.2138
ERR13927574.1271	1613	19.2994
ERR13927574.1272	1543	15.2301
ERR13927574.1273	1577	16.6462
ERR13927574.1274	1572	21.4994
ERR13927574.1275	1536	14.9375
ERR13927574.1276	1571	16.0528
ERR13927574.1277	1552	19.0213
ERR13927574.1278	1540	15.9948
ERR13927574.1279	1565	20.6799
ERR13927574.1280	1578	21.6502
ERR13927574.1281	1558	18.9628
ERR13927574.1282	1571	19.9383
ERR13927574.1283	1561	18.1800
ERR13927574.1284	1555	17.3145
ERR13927574.1285	1576	22.0584
ERR13927574.1286	1551	16.4558
ERR13927574.1287	1600	19.2556
ERR13927574.1288	3216	20.3887
ERR13927574.1289	1592	19.4717
ERR13927574.1290	1606	14.2783
ERR13927574.1291	1581	20.7527
ERR13927574.1292	1602	21.2035
ERR13927574.1293	1535	15.3857
ERR13927574.1294	1557	19.0629
ERR13927574.1295	1615	21.7740
ERR13927574.1296	1563	19.4990
ERR13927574.1297	1582	18.6738
ERR13927574.1298	1604	19.9501
ERR13927574.1299	1561	19.6951
ERR13927574.1300	1606	21.7092
ERR13927574.1301	1532	16.8779
ERR13927574.1302	1582	18.5487
ERR13927574.1303	1618	18.0093
ERR13927574.1304	1558	15.6496
ERR13927574.1305	1617	19.7774
ERR13927574.1306	1608	20.7842
ERR13927574.1307	1608	17.3041
ERR13927574.1308	1559	15.6504
ERR13927574.1309	1582	18.5765
ERR13927574.1310	1622	19.7466
ERR13927574.1311	1575	16.3638
ERR13927574.1312	1726	19.4919
ERR13927574.1313	1601	19.5059
ERR13927574.1314	1575	20.4330
ERR13927574.1315	1546	14.4709
ERR13927574.1316	1547	16.8106
ERR13927574.1317	1545	18.3424
ERR13927574.1318	1592	16.4359
ERR13927574.1319	1572	19.2793
ERR13927574.1320	1580	16.3456
ERR13927574.1321	1537	18.8920
ERR13927574.1322	1575	19.4933
ERR13927574.1323	1617	15.8448
ERR13927574.1324	1600	19.1681
ERR13927574.1325	1552	16.4349
ERR13927574.1326	1567	17.7275
ERR13927574.1327	1587	20.4865
ERR13927574.1328	1613	19.6727
ERR13927574.1329	1590	21.5384
ERR13927574.1330	1566	21.7190
ERR13927574.1331	1620	21.7673
ERR13927574.1332	1562	16.0781
ERR13927574.1333	1590	18.2252
ERR13927574.1334	1593	14.6685
ERR13927574.1335	1603	16.1004
ERR13927574.1336	1583	18.5414
ERR13927574.1337	1618	20.2701
ERR13927574.1338	1618	16.9635
ERR13927574.1339	1593	17.0044
ERR13927574.1340	1557	19.1169
ERR13927574.1341	1564	21.3593
ERR13927574.1342	1567	16.0319
ERR13927574.1343	1615	18.3090
ERR13927574.1344	1596	19.5232
ERR13927574.1345	1569	17.3308
ERR13927574.1346	1619	18.0432
ERR13927574.1347	1571	17.6060
ERR13927574.1348	1564	18.7187
ERR13927574.1349	1573	19.3001
ERR13927574.1350	1598	19.0701
ERR13927574.1351	1557	17.7900
ERR13927574.1352	1599	16.3290
ERR13927574.1353	1559	21.5067
ERR13927574.1354	1555	16.6071
ERR13927574.1355	1443	19.2259
ERR13927574.1356	1584	18.2696
ERR13927574.1357	1607	20.2159
ERR13927574.1358	1014	19.7199
ERR13927574.1359	751	15.6391
ERR13927574.1360	1558	18.1078
ERR13927574.1361	1554	20.8616
ERR13927574.1362	1585	18.3098
ERR13927574.1363	1563	15.3218
ERR13927574.1364	1120	17.1161
ERR13927574.1365	1616	19.8756
ERR13927574.1366	1595	19.7987
ERR13927574.1367	1603	17.4510
ERR13927574.1368	1602	18.3864
ERR13927574.1369	1529	14.9405
ERR13927574.1370	1577	19.2105
ERR13927574.1371	1571	20.6531
ERR13927574.1372	1621	17.4324
ERR13927574.1373	1590	20.6333
ERR13927574.1374	1557	16.9775
ERR13927574.1375	1562	18.0179
ERR13927574.1376	3209	17.6186
ERR13927574.1377	1573	16.4310
ERR13927574.1378	1571	20.4246
ERR13927574.1379	1570	19.2943
ERR13927574.1380	1609	18.3822
ERR13927574.1381	1563	19.0441
ERR13927574.1382	1552	15.6817
ERR13927574.1383	1565	19.3118
ERR13927574.1384	1617	18.6129
ERR13927574.1385	1571	15.3164
ERR13927574.1386	441	20.2993
ERR13927574.1387	1604	17.2519
ERR13927574.1388	1561	18.9846
ERR13927574.1389	1584	17.9299
ERR13927574.1390	1504	14.4062
ERR13927574.1391	1489	19.0987
ERR13927574.1392	1603	19.0262
ERR13927574.1393	1559	20.9596
ERR13927574.1394	1588	16.3218
ERR13927574.1395	1551	17.0909
ERR13927574.1396	1574	16.3882
ERR13927574.1397	1615	17.1028
ERR13927574.1398	1661	19.4299
ERR13927574.1399	1572	15.3677
ERR13927574.1400	1592	19.9642
ERR13927574.1401	1596	16.6648
ERR13927574.1402	1591	16.6889
ERR13927574.1403	1643	18.7973
ERR13927574.1404	1579	19.2198
ERR13927574.1405	1573	21.4272
ERR13927574.1406	1600	19.8669
ERR13927574.1407	1528	16.2461
ERR13927574.1408	1569	19.0937
ERR13927574.1409	1581	18.6237
ERR13927574.1410	1578	19.3200
ERR13927574.1411	1630	19.2877
ERR13927574.1412	1572	17.7659
ERR13927574.1413	1606	18.9919
ERR13927574.1414	1569	18.4156
ERR13927574.1415	605	16.1355
ERR13927574.1416	1614	19.3879
ERR13927574.1417	1585	15.5842
ERR13927574.1418	1581	17.6148
ERR13927574.1419	1494	16.0040
ERR13927574.1420	1569	16.4595
ERR13927574.1421	1997	18.6585
ERR13927574.1422	1569	20.9031
ERR13927574.1423	1562	18.0339
ERR13927574.1424	1594	16.4072
ERR13927574.1425	1595	18.4194
ERR13927574.1426	1569	16.9987
ERR13927574.1427	1642	17.8118
ERR13927574.1428	1581	18.2517
ERR13927574.1429	1493	18.0784
ERR13927574.1430	1573	19.5671
ERR13927574.1431	1583	15.2293
ERR13927574.1432	1579	18.8676
ERR13927574.1433	1561	17.4817
ERR13927574.1434	1218	15.8350
ERR13927574.1435	1586	18.2264
ERR13927574.1436	1565	17.5738
ERR13927574.1437	1592	19.3185
ERR13927574.1438	1559	14.4875
ERR13927574.1439	1588	14.3690
ERR13927574.1440	1573	21.1831
ERR13927574.1441	1555	17.3254
ERR13927574.1442	1612	18.4237
ERR13927574.1443	1600	20.4131
ERR13927574.1444	1531	19.2051
ERR13927574.1445	1535	17.7492
ERR13927574.1446	1604	16.9470
ERR13927574.1447	1537	14.3188
ERR13927574.1448	1564	20.4143
ERR13927574.1449	1593	16.5913
ERR13927574.1450	1600	16.1756
ERR13927574.1451	1561	20.9667
ERR13927574.1452	1559	15.8486
ERR13927574.1453	1581	18.5250
ERR13927574.1454	1586	19.0290
ERR13927574.1455	1589	14.1907
ERR13927574.1456	1584	17.1307
ERR13927574.1457	1587	20.0618
ERR13927574.1458	1583	15.3872
ERR13927574.1459	1595	17.4652
ERR13927574.1460	1577	19.3735
ERR13927574.1461	1602	19.8402
ERR13927574.1462	1577	15.9315
ERR13927574.1463	1603	17.9239
ERR13927574.1464	1426	18.8100
ERR13927574.1465	1626	18.6544
ERR13927574.1466	1528	16.9300
ERR13927574.1467	1579	14.2514
ERR13927574.1468	1615	19.2365
ERR13927574.1469	1636	15.7793
ERR13927574.1470	1587	16.7146
ERR13927574.1471	1612	19.1005
ERR13927574.1472	208	15.5240
ERR13927574.1473	1543	16.2450
ERR13927574.1474	1577	20.6411
ERR13927574.1475	1567	15.8302
ERR13927574.1476	1571	20.4137
ERR13927574.1477	1529	16.9248
ERR13927574.1478	1588	19.9767
ERR13927574.1479	1551	16.9407
ERR13927574.1480	1576	17.7538
ERR13927574.1481	1579	20.9449
ERR13927574.1482	1576	21.4359
ERR13927574.1483	1626	18.3106
ERR13927574.1484	1583	15.8478
ERR13927574.1485	1581	17.3106
ERR13927574.1486	1568	22.0835
ERR13927574.1487	1554	14.4015
ERR13927574.1488	1545	18.2104
ERR13927574.1489	1586	16.4786
ERR13927574.1490	526	20.2053
ERR13927574.1491	1596	20.8120
ERR13927574.1492	1540	16.1766
ERR13927574.1493	1614	17.8476
ERR13927574.1494	1597	16.5604
ERR13927574.1495	1547	19.8739
ERR13927574.1496	1555	15.2090
ERR13927574.1497	1570	18.6707
ERR13927574.1498	1576	18.5660
ERR13927574.1499	1629	20.9994
ERR13927574.1500	1588	16.8986
ERR13927574.1501	1569	17.4608
ERR13927574.1502	1589	18.3014
ERR13927574.1503	1591	18.9252
ERR13927574.1504	1557	16.2800
ERR13927574.1505	1557	19.5100
ERR13927574.1506	1513	16.6662
ERR13927574.1507	1566	14.9080
ERR13927574.1508	1545	19.3560
ERR13927574.1509	1553	15.0753
ERR13927574.1510	1598	16.3942
ERR13927574.1511	1556	18.4075
ERR13927574.1512	1588	15.6996
ERR13927574.1513	1603	19.6656
ERR13927574.1514	1602	16.6623
ERR13927574.1515	1558	21.3376
ERR13927574.1516	1599	16.6010
ERR13927574.1517	1610	21.4224
ERR13927574.1518	1564	17.0486
ERR13927574.1519	1609	20.5339
ERR13927574.1520	1574	15.9339
ERR13927574.1521	1581	19.1872
ERR13927574.1522	1557	18.9794
ERR13927574.1523	1608	18.6244
ERR13927574.1524	1532	16.5685
ERR13927574.1525	1550	17.8613
ERR13927574.1526	1570	22.1019
ERR13927574.1527	1575	18.7981
ERR13927574.1528	1550	22.1374
ERR13927574.1529	1594	18.9931
ERR13927574.1530	1571	17.4519
ERR13927574.1531	1580	19.7032
ERR13927574.1532	1566	18.5421
ERR13927574.1533	1602	20.7022
ERR13927574.1534	1593	19.3245
ERR13927574.1535	1579	19.1989
ERR13927574.1536	1551	16.0787
ERR13927574.1537	1569	15.0561
ERR13927574.1538	1609	20.9689
ERR13927574.1539	1568	18.9471
ERR13927574.1540	1617	16.1404
ERR13927574.1541	1609	19.6495
ERR13927574.1542	1585	21.8385
ERR13927574.1543	1570	20.3140
ERR13927574.1544	1600	18.6169
ERR13927574.1545	1622	19.1461
ERR13927574.1546	1546	18.6856
ERR13927574.1547	1366	21.3514
ERR13927574.1548	1573	19.8525
ERR13927574.1549	1575	20.3511
ERR13927574.1550	1586	14.6753
ERR13927574.1551	1608	20.0647
ERR13927574.1552	1594	19.2685
ERR13927574.1553	1533	15.0346
ERR13927574.1554	1584	16.5486
ERR13927574.1555	1580	19.1304
ERR13927574.1556	1568	20.3501
ERR13927574.1557	1555	17.3196
ERR13927574.1558	1704	17.3069
ERR13927574.1559	1587	20.0769
ERR13927574.1560	1590	16.5113
ERR13927574.1561	1546	21.5809
ERR13927574.1562	1570	15.6312
ERR13927574.1563	1548	20.2267
ERR13927574.1564	1544	17.8769
ERR13927574.1565	1528	19.0628
ERR13927574.1566	1606	21.3232
ERR13927574.1567	1592	16.0339
ERR13927574.1568	1611	20.6071
ERR13927574.1569	1609	19.6756
ERR13927574.1570	1590	15.8352
ERR13927574.1571	1561	16.7008
ERR13927574.1572	1585	20.0032
ERR13927574.1573	1558	15.4018
ERR13927574.1574	1559	19.2072
ERR13927574.1575	1564	16.0793
ERR13927574.1576	1590	15.0415
ERR13927574.1577	1605	17.9408
ERR13927574.1578	1566	20.2784
ERR13927574.1579	1606	19.7491
ERR13927574.1580	1550	18.1587
ERR13927574.1581	1624	17.1509
ERR13927574.1582	1592	16.4447
ERR13927574.1583	1557	16.5427
ERR13927574.1584	2179	19.8284
ERR13927574.1585	1519	16.0402
ERR13927574.1586	1614	18.7850
ERR13927574.1587	1594	20.8306
ERR13927574.1588	1564	17.1579
ERR13927574.1589	1591	18.4268
ERR13927574.1590	1506	15.2942
ERR13927574.1591	1604	19.5717
ERR13927574.1592	1563	20.1631
ERR13927574.1593	1569	22.8528
ERR13927574.1594	1593	20.1714
ERR13927574.1595	1605	16.4405
ERR13927574.1596	1569	20.1198
ERR13927574.1597	1614	20.2094
ERR13927574.1598	1586	17.9483
ERR13927574.1599	1563	21.0371
ERR13927574.1600	1598	19.4981
ERR13927574.1601	1565	20.8984
ERR13927574.1602	1560	19.9641
ERR13927574.1603	1563	18.5509
ERR13927574.1604	1598	16.6752
ERR13927574.1605	1581	17.8140
ERR13927574.1606	1547	17.1732
ERR13927574.1607	1570	15.9261
ERR13927574.1608	1562	18.2414
ERR13927574.1609	1627	21.7333
ERR13927574.1610	1684	14.3872
ERR13927574.1611	1605	18.0380
ERR13927574.1612	1627	18.7781
ERR13927574.1613	1588	18.3860
ERR13927574.1614	1580	20.0133
ERR13927574.1615	1597	18.4433
ERR13927574.1616	1583	17.3247
ERR13927574.1617	1566	21.1303
ERR13927574.1618	1599	20.2570
ERR13927574.1619	1578	15.4202
ERR13927574.1620	1574	19.1855
ERR13927574.1621	1592	19.0333
ERR13927574.1622	1625	18.7945
ERR13927574.1623	1551	18.2908
ERR13927574.1624	1565	17.9035
ERR13927574.1625	1591	16.3180
ERR13927574.1626	1574	16.4981
ERR13927574.1627	1621	18.4164
ERR13927574.1628	1590	21.1830
ERR13927574.1629	1580	17.3329
ERR13927574.1630	1567	18.1500
ERR13927574.1631	1529	15.9712
ERR13927574.1632	1593	15.9554
ERR13927574.1633	1161	18.6443
ERR13927574.1634	1626	19.1907
ERR13927574.1635	1600	20.4969
ERR13927574.1636	1545	17.7249
ERR13927574.1637	1590	16.6069
ERR13927574.1638	1531	14.0529
ERR13927574.1639	1557	19.2126
ERR13927574.1640	1559	20.1424
ERR13927574.1641	1547	17.2211
ERR13927574.1642	239	17.0251
ERR13927574.1643	1601	17.0712
ERR13927574.1644	1567	15.8973
ERR13927574.1645	1582	17.9747
ERR13927574.1646	1625	18.1877
ERR13927574.1647	1603	21.5066
ERR13927574.1648	1600	16.2919
ERR13927574.1649	1538	19.3817
ERR13927574.1650	1561	18.0231
ERR13927574.1651	1583	15.3986
ERR13927574.1652	1610	20.6174
ERR13927574.1653	1569	20.2237
ERR13927574.1654	1589	15.5431
ERR13927574.1655	1445	19.5612
ERR13927574.1656	1605	19.3813
ERR13927574.1657	1634	17.9614
ERR13927574.1658	1607	16.0479
ERR13927574.1659	1594	18.4222
ERR13927574.1660	1581	19.4820
ERR13927574.1661	1594	20.1035
ERR13927574.1662	1577	22.1211
ERR13927574.1663	1593	20.0998
ERR13927574.1664	1575	20.2959
ERR13927574.1665	201	13.0199
ERR13927574.1666	1561	16.4484
ERR13927574.1667	1561	18.7758
ERR13927574.1668	1517	16.4891
ERR13927574.1669	1517	15.6243
ERR13927574.1670	1524	21.4245
ERR13927574.1671	1607	18.3130
ERR13927574.1672	1560	15.1013
ERR13927574.1673	1153	15.9757
ERR13927574.1674	1562	18.3387
ERR13927574.1675	1540	19.2487
ERR13927574.1676	1583	18.5982
ERR13927574.1677	1583	16.8364
ERR13927574.1678	1624	18.1853
ERR13927574.1679	1557	17.9968
ERR13927574.1680	1587	16.8689
ERR13927574.1681	1592	17.0251
ERR13927574.1682	1599	14.4728
ERR13927574.1683	1548	16.9696
ERR13927574.1684	1617	17.3352
ERR13927574.1685	1573	20.1284
ERR13927574.1686	1510	15.7748
ERR13927574.1687	534	12.3296
ERR13927574.1688	1537	16.3917
ERR13927574.1689	1583	20.7979
ERR13927574.1690	1537	16.1295
ERR13927574.1691	1564	19.1746
ERR13927574.1692	1574	18.0432
ERR13927574.1693	1557	14.2807
ERR13927574.1694	1607	17.0156
ERR13927574.1695	1589	19.0390
ERR13927574.1696	1560	15.4795
ERR13927574.1697	1537	17.7241
ERR13927574.1698	1616	19.6813
ERR13927574.1699	1583	18.8421
ERR13927574.1700	1611	20.2781
ERR13927574.1701	1642	21.0104
ERR13927574.1702	1414	15.6443
ERR13927574.1703	1609	18.7340
ERR13927574.1704	1577	19.3836
ERR13927574.1705	1574	21.0699
ERR13927574.1706	1609	19.6358
ERR13927574.1707	1605	20.9813
ERR13927574.1708	1571	21.7263
ERR13927574.1709	1565	16.6262
ERR13927574.1710	1562	19.1133
ERR13927574.1711	1626	19.6777
ERR13927574.1712	1616	15.1764
ERR13927574.1713	1573	17.1869
ERR13927574.1714	1594	17.0075
ERR13927574.1715	1561	14.5458
ERR13927574.1716	1579	20.3648
ERR13927574.1717	1619	14.5108
ERR13927574.1718	881	18.5051
ERR13927574.1719	1565	15.6958
ERR13927574.1720	1616	19.5291
ERR13927574.1721	1577	15.5751
ERR13927574.1722	1604	13.7936
ERR13927574.1723	1569	20.3168
ERR13927574.1724	1565	19.6760
ERR13927574.1725	1555	17.2354
ERR13927574.1726	1575	18.7771
ERR13927574.1727	1591	19.4067
ERR13927574.1728	1606	18.4047
ERR13927574.1729	1547	17.2553
ERR13927574.1730	1577	17.1617
ERR13927574.1731	1584	15.6263
ERR13927574.1732	1570	16.9650
ERR13927574.1733	1557	20.5196
ERR13927574.1734	1581	19.3852
ERR13927574.1735	1586	17.3588
ERR13927574.1736	1566	20.8148
ERR13927574.1737	1529	14.4696
ERR13927574.1738	1621	22.0518
ERR13927574.1739	1585	20.6126
ERR13927574.1740	1598	20.8379
ERR13927574.1741	1594	20.3243
ERR13927574.1742	1579	21.7574
ERR13927574.1743	1590	20.2258
ERR13927574.1744	1541	15.4127
ERR13927574.1745	1546	16.8862
ERR13927574.1746	1583	20.2773
ERR13927574.1747	1623	18.4424
ERR13927574.1748	1590	21.1981
ERR13927574.1749	1545	19.7502
ERR13927574.1750	1641	16.8824
ERR13927574.1751	1608	20.4720
ERR13927574.1752	1612	19.8499
ERR13927574.1753	1588	15.5869
ERR13927574.1754	1498	16.2784
ERR13927574.1755	1580	16.3677
ERR13927574.1756	1597	17.7502
ERR13927574.1757	1572	19.3938
ERR13927574.1758	1562	19.1895
ERR13927574.1759	1640	18.5994
ERR13927574.1760	1553	19.0798
ERR13927574.1761	1580	16.7348
ERR13927574.1762	1389	18.0936
ERR13927574.1763	1593	15.0038
ERR13927574.1764	1532	19.2272
ERR13927574.1765	1691	20.0656
ERR13927574.1766	1583	19.2533
ERR13927574.1767	1557	15.9981
ERR13927574.1768	1572	18.8658
ERR13927574.1769	1594	19.1612
ERR13927574.1770	1555	17.6920
ERR13927574.1771	1580	15.0234
ERR13927574.1772	1553	16.9137
ERR13927574.1773	1592	16.2977
ERR13927574.1774	1606	17.1202
ERR13927574.1775	1548	17.6402
ERR13927574.1776	1604	17.6646
ERR13927574.1777	1555	21.1344
ERR13927574.1778	1579	18.1393
ERR13927574.1779	1543	16.0460
ERR13927574.1780	1606	18.7534
ERR13927574.1781	1534	17.4648
ERR13927574.1782	1602	19.0200
ERR13927574.1783	1592	20.2211
ERR13927574.1784	1371	19.4675
ERR13927574.1785	1588	19.2355
ERR13927574.1786	1600	17.4975
ERR13927574.1787	1563	21.2252
ERR13927574.1788	868	16.2419
ERR13927574.1789	1590	18.0138
ERR13927574.1790	1571	19.2801
ERR13927574.1791	1569	16.0013
ERR13927574.1792	1594	17.5088
ERR13927574.1793	638	13.9969
ERR13927574.1794	1578	21.5101
ERR13927574.1795	1568	20.2022
ERR13927574.1796	1628	19.9613
ERR13927574.1797	1578	18.8397
ERR13927574.1798	1565	14.4914
ERR13927574.1799	1582	18.9374
ERR13927574.1800	1566	17.0064
ERR13927574.1801	1568	19.4362
ERR13927574.1802	1579	19.5066
ERR13927574.1803	1551	18.7382
ERR13927574.1804	1537	17.5107
ERR13927574.1805	1602	19.0000
ERR13927574.1806	1539	15.7031
ERR13927574.1807	1575	15.5435
ERR13927574.1808	1786	14.9216
ERR13927574.1809	1582	18.5032
ERR13927574.1810	1534	19.5874
ERR13927574.1811	1536	16.7376
ERR13927574.1812	1609	21.7421
ERR13927574.1813	1560	17.0718
ERR13927574.1814	1539	20.9376
ERR13927574.1815	1568	17.8846
ERR13927574.1816	1577	17.4236
ERR13927574.1817	1561	18.8808
ERR13927574.1818	1556	18.4595
ERR13927574.1819	1665	16.9520
ERR13927574.1820	1597	18.0683
ERR13927574.1821	1594	17.2428
ERR13927574.1822	1561	15.5900
ERR13927574.1823	1595	19.7348
ERR13927574.1824	1565	14.3284
ERR13927574.1825	1607	19.4723
ERR13927574.1826	1590	18.5233
ERR13927574.1827	1575	20.4229
ERR13927574.1828	1580	18.4538
ERR13927574.1829	1581	15.7514
ERR13927574.1830	1536	14.8757
ERR13927574.1831	1569	18.8241
ERR13927574.1832	1564	21.0595
ERR13927574.1833	1564	19.1439
ERR13927574.1834	1583	17.2451
ERR13927574.1835	1576	17.4784
ERR13927574.1836	1020	15.1225
ERR13927574.1837	1613	20.8066
ERR13927574.1838	1521	15.7705
ERR13927574.1839	1592	17.5804
ERR13927574.1840	1621	19.8353
ERR13927574.1841	1615	18.0241
ERR13927574.1842	1608	18.9882
ERR13927574.1843	1555	19.4450
ERR13927574.1844	1596	19.7155
ERR13927574.1845	1567	19.4946
ERR13927574.1846	1616	21.3014
ERR13927574.1847	1632	20.8070
ERR13927574.1848	1567	19.7288
ERR13927574.1849	1590	17.7509
ERR13927574.1850	1557	18.6390
ERR13927574.1851	1586	18.8146
ERR13927574.1852	1507	16.7996
ERR13927574.1853	1556	15.9589
ERR13927574.1854	1612	17.6867
ERR13927574.1855	1605	17.4816
ERR13927574.1856	1572	17.9192
ERR13927574.1857	1745	15.8762
ERR13927574.1858	1564	20.4182
ERR13927574.1859	1555	20.2624
ERR13927574.1860	1641	20.0445
ERR13927574.1861	1520	17.2895
ERR13927574.1862	1551	17.4565
ERR13927574.1863	1536	17.1341
ERR13927574.1864	1650	17.5776
ERR13927574.1865	1614	18.6914
ERR13927574.1866	1590	16.9679
ERR13927574.1867	1572	17.5859
ERR13927574.1868	863	17.9027
ERR13927574.1869	1610	18.1286
ERR13927574.1870	1578	19.7079
ERR13927574.1871	1591	17.6436
ERR13927574.1872	1608	19.6175
ERR13927574.1873	1604	20.3404
ERR13927574.1874	1529	16.5579
ERR13927574.1875	1616	21.0309
ERR13927574.1876	1574	19.0413
ERR13927574.1877	1520	16.4638
ERR13927574.1878	1566	19.7209
ERR13927574.1879	1492	19.8767
ERR13927574.1880	1619	15.7696
ERR13927574.1881	1568	21.0344
ERR13927574.1882	911	17.7223
ERR13927574.1883	1500	14.8507
ERR13927574.1884	1599	19.9725
ERR13927574.1885	1586	18.3096
ERR13927574.1886	1565	18.8863
ERR13927574.1887	1573	18.4202
ERR13927574.1888	3129	16.5133
ERR13927574.1889	1618	16.4555
ERR13927574.1890	1615	19.4582
ERR13927574.1891	1543	17.4576
ERR13927574.1892	1598	15.1164
ERR13927574.1893	1716	16.1311
ERR13927574.1894	1584	17.3011
ERR13927574.1895	1607	19.5986
ERR13927574.1896	1663	19.1449
ERR13927574.1897	1569	21.3678
ERR13927574.1898	1585	19.4189
ERR13927574.1899	1551	16.7357
ERR13927574.1900	1597	19.3813
ERR13927574.1901	1063	18.8833
ERR13927574.1902	1559	16.1424
ERR13927574.1903	1560	15.6833
ERR13927574.1904	1568	15.8801
ERR13927574.1905	1527	15.0210
ERR13927574.1906	1550	19.2277
ERR13927574.1907	1552	14.9407
ERR13927574.1908	1580	18.3006
ERR13927574.1909	1601	19.5621
ERR13927574.1910	1567	18.3101
ERR13927574.1911	1571	20.2884
ERR13927574.1912	1616	21.3626
ERR13927574.1913	1561	19.2582
ERR13927574.1914	1626	17.7891
ERR13927574.1915	1581	16.8457
ERR13927574.1916	1555	16.1183
ERR13927574.1917	1602	19.3427
ERR13927574.1918	1589	19.8660
ERR13927574.1919	1573	17.1227
ERR13927574.1920	1593	20.7740
ERR13927574.1921	1660	14.8506
ERR13927574.1922	1548	16.2319
ERR13927574.1923	1594	18.0634
ERR13927574.1924	1591	20.3708
ERR13927574.1925	1607	19.7026
ERR13927574.1926	1608	20.6567
ERR13927574.1927	1553	18.9871
ERR13927574.1928	1556	17.0495
ERR13927574.1929	1513	15.4957
ERR13927574.1930	1517	18.3481
ERR13927574.1931	1601	18.0212
ERR13927574.1932	1576	16.4505
ERR13927574.1933	1569	19.0707
ERR13927574.1934	1586	16.8802
ERR13927574.1935	1590	16.9421
ERR13927574.1936	1572	20.3779
ERR13927574.1937	1709	17.4968
ERR13927574.1938	1592	16.4981
ERR13927574.1939	1585	19.6372
ERR13927574.1940	1547	16.8358
ERR13927574.1941	1679	20.2192
ERR13927574.1942	1550	15.5923
ERR13927574.1943	1593	17.5336
ERR13927574.1944	1552	15.9472
ERR13927574.1945	1549	15.8702
ERR13927574.1946	1581	16.3865
ERR13927574.1947	1614	18.7441
ERR13927574.1948	1762	18.1799
ERR13927574.1949	1547	18.7828
ERR13927574.1950	1616	16.5167
ERR13927574.1951	1555	19.6302
ERR13927574.1952	1620	20.5019
ERR13927574.1953	1624	18.0505
ERR13927574.1954	1578	17.1439
ERR13927574.1955	1587	16.1103
ERR13927574.1956	1563	19.0819
ERR13927574.1957	1566	19.8359
ERR13927574.1958	1563	20.3608
ERR13927574.1959	1594	19.2622
ERR13927574.1960	1599	19.3790
ERR13927574.1961	1552	19.0155
ERR13927574.1962	1538	16.3953
ERR13927574.1963	1570	16.6599
ERR13927574.1964	1680	21.7762
ERR13927574.1965	1771	17.6499
ERR13927574.1966	1563	17.2463
ERR13927574.1967	1591	19.2520
ERR13927574.1968	1556	18.2371
ERR13927574.1969	1582	20.5297
ERR13927574.1970	1571	19.4443
ERR13927574.1971	1585	17.5262
ERR13927574.1972	1587	19.1626
ERR13927574.1973	671	18.5693
ERR13927574.1974	1565	19.1150
ERR13927574.1975	1559	15.2925
ERR13927574.1976	1590	20.8113
ERR13927574.1977	1568	17.8552
ERR13927574.1978	1570	21.0070
ERR13927574.1979	1580	19.1285
ERR13927574.1980	1562	19.0282
ERR13927574.1981	1522	17.1873
ERR13927574.1982	1576	19.8484
ERR13927574.1983	1501	18.3098
ERR13927574.1984	1597	19.6925
ERR13927574.1985	1522	18.5558
ERR13927574.1986	1627	18.7105
ERR13927574.1987	1617	21.1422
ERR13927574.1988	1564	20.3664
ERR13927574.1989	1542	19.6355
ERR13927574.1990	1591	21.5588
ERR13927574.1991	1525	18.4702
ERR13927574.1992	1574	16.3018
ERR13927574.1993	1632	18.2126
ERR13927574.1994	1605	18.5508
ERR13927574.1995	1592	18.3863
ERR13927574.1996	1554	20.7477
ERR13927574.1997	1588	19.8029
ERR13927574.1998	1549	16.9290
ERR13927574.1999	1572	22.2226
ERR13927574.2000	1601	20.3267
ERR13927574.2001	1542	15.4702
ERR13927574.2002	1565	16.8102
ERR13927574.2003	1568	16.3591
ERR13927574.2004	1537	18.2043
ERR13927574.2005	1585	18.1388
ERR13927574.2006	1574	20.1461
ERR13927574.2007	1612	16.0000
ERR13927574.2008	1621	20.9784
ERR13927574.2009	1577	16.1376
ERR13927574.2010	1615	17.0712
ERR13927574.2011	1493	16.3376
ERR13927574.2012	1606	17.7341
ERR13927574.2013	1578	20.7586
ERR13927574.2014	1566	15.2273
ERR13927574.2015	1583	17.6879
ERR13927574.2016	1583	15.3196
ERR13927574.2017	1442	16.8225
ERR13927574.2018	1528	14.8959
ERR13927574.2019	1580	19.9032
ERR13927574.2020	1565	16.7252
ERR13927574.2021	1560	17.3558
ERR13927574.2022	1604	17.3024
ERR13927574.2023	1603	19.1085
ERR13927574.2024	1600	18.4244
ERR13927574.2025	1617	17.5807
ERR13927574.2026	1575	19.7556
ERR13927574.2027	1558	14.6874
ERR13927574.2028	1571	19.4150
ERR13927574.2029	1574	16.3513
ERR13927574.2030	1556	14.2937
ERR13927574.2031	1628	18.2568
ERR13927574.2032	1563	14.2604
ERR13927574.2033	1609	18.4723
ERR13927574.2034	1623	18.2945
ERR13927574.2035	1561	16.6323
ERR13927574.2036	1605	18.5196
ERR13927574.2037	1553	20.0895
ERR13927574.2038	1642	16.2667
ERR13927574.2039	1555	16.2804
ERR13927574.2040	1280	17.8125
ERR13927574.2041	1572	21.4981
ERR13927574.2042	1564	19.9047
ERR13927574.2043	1621	19.2585
ERR13927574.2044	1617	20.0594
ERR13927574.2045	1608	17.9384
ERR13927574.2046	1541	15.8209
ERR13927574.2047	1592	14.9994
ERR13927574.2048	1594	17.7961
ERR13927574.2049	1589	17.7080
ERR13927574.2050	1602	21.4707
ERR13927574.2051	1603	19.2876
ERR13927574.2052	1588	18.3759
ERR13927574.2053	1523	14.9527
ERR13927574.2054	1596	19.8716
ERR13927574.2055	1511	16.7545
ERR13927574.2056	1595	17.1185
ERR13927574.2057	1570	16.0121
ERR13927574.2058	1597	17.0319
ERR13927574.2059	1520	16.9941
ERR13927574.2060	1586	17.3083
ERR13927574.2061	1398	19.3233
ERR13927574.2062	1540	21.3292
ERR13927574.2063	1582	17.0139
ERR13927574.2064	1582	18.1359
ERR13927574.2065	1565	19.1623
ERR13927574.2066	1586	18.1740
ERR13927574.2067	1560	17.5468
ERR13927574.2068	1579	18.0728
ERR13927574.2069	1612	20.9988
ERR13927574.2070	1571	19.2279
ERR13927574.2071	1599	21.4046
ERR13927574.2072	1551	17.9194
ERR13927574.2073	1591	17.3426
ERR13927574.2074	1607	16.9882
ERR13927574.2075	1532	18.6945
ERR13927574.2076	1571	19.0204
ERR13927574.2077	1607	20.8326
ERR13927574.2078	1571	17.0719
ERR13927574.2079	1560	16.0910
ERR13927574.2080	1578	14.7009
ERR13927574.2081	1585	20.4972
ERR13927574.2082	1610	19.1615
ERR13927574.2083	1581	18.8065
ERR13927574.2084	1589	18.3084
ERR13927574.2085	1507	16.8540
ERR13927574.2086	1579	17.1932
ERR13927574.2087	1576	17.1332
ERR13927574.2088	1601	15.8320
ERR13927574.2089	1561	20.2165
ERR13927574.2090	1554	16.9949
ERR13927574.2091	1573	19.5671
ERR13927574.2092	1555	18.9608
ERR13927574.2093	1566	16.5421
ERR13927574.2094	1553	19.2312
ERR13927574.2095	1584	17.2254
ERR13927574.2096	1549	20.8276
ERR13927574.2097	1577	19.0748
ERR13927574.2098	1599	16.2070
ERR13927574.2099	1584	16.2020
ERR13927574.2100	1600	18.0800
ERR13927574.2101	1616	21.6114
ERR13927574.2102	1583	18.4529
ERR13927574.2103	1519	15.1014
ERR13927574.2104	1610	18.2857
ERR13927574.2105	1556	18.1652
ERR13927574.2106	1583	19.8522
ERR13927574.2107	1596	17.8647
ERR13927574.2108	1562	20.6594
ERR13927574.2109	1568	16.8635
ERR13927574.2110	1556	19.5353
ERR13927574.2111	1618	15.5661
ERR13927574.2112	1589	18.8861
ERR13927574.2113	1576	20.2176
ERR13927574.2114	1543	17.9436
ERR13927574.2115	1546	15.4036
ERR13927574.2116	1528	18.9588
ERR13927574.2117	1610	20.0199
ERR13927574.2118	1579	19.1989
ERR13927574.2119	1577	20.1198
ERR13927574.2120	1566	18.6277
ERR13927574.2121	1585	19.8082
ERR13927574.2122	3157	17.9449
ERR13927574.2123	1586	16.7579
ERR13927574.2124	1561	17.9680
ERR13927574.2125	1564	18.0774
ERR13927574.2126	1277	18.5153
ERR13927574.2127	1604	21.8685
ERR13927574.2128	1602	18.6579
ERR13927574.2129	1618	20.7602
ERR13927574.2130	1664	21.1304
ERR13927574.2131	1575	18.4679
ERR13927574.2132	1559	19.4022
ERR13927574.2133	1585	19.3331
ERR13927574.2134	1577	17.6690
ERR13927574.2135	1579	16.4370
ERR13927574.2136	1555	18.1717
ERR13927574.2137	1577	20.6982
ERR13927574.2138	1646	18.6640
ERR13927574.2139	1545	17.1883
ERR13927574.2140	1568	18.6352
ERR13927574.2141	1592	19.2915
ERR13927574.2142	1575	19.8806
ERR13927574.2143	1618	18.0686
ERR13927574.2144	1548	17.4787
ERR13927574.2145	1561	19.3549
ERR13927574.2146	1563	16.0102
ERR13927574.2147	1592	16.2563
ERR13927574.2148	1574	17.8240
ERR13927574.2149	1150	15.6574
ERR13927574.2150	1595	20.5285
ERR13927574.2151	1549	16.1020
ERR13927574.2152	1599	19.2839
ERR13927574.2153	1564	15.9150
ERR13927574.2154	1576	16.4600
ERR13927574.2155	1568	15.5957
ERR13927574.2156	1585	15.1249
ERR13927574.2157	1555	16.3801
ERR13927574.2158	1567	18.4154
ERR13927574.2159	1610	20.1230
ERR13927574.2160	1584	17.0795
ERR13927574.2161	1572	18.8034
ERR13927574.2162	1594	18.7390
ERR13927574.2163	1595	19.1799
ERR13927574.2164	1518	15.3722
ERR13927574.2165	1537	17.3312
ERR13927574.2166	1615	19.9690
ERR13927574.2167	1542	15.8781
ERR13927574.2168	1607	18.6360
ERR13927574.2169	1566	20.4227
ERR13927574.2170	1587	17.5923
ERR13927574.2171	1568	18.8514
ERR13927574.2172	1550	16.6645
ERR13927574.2173	1585	19.1186
ERR13927574.2174	1578	18.1508
ERR13927574.2175	1579	19.4421
ERR13927574.2176	1586	19.4004
ERR13927574.2177	1565	22.5981
ERR13927574.2178	1551	17.7737
ERR13927574.2179	1549	18.0148
ERR13927574.2180	1584	18.5600
ERR13927574.2181	1598	19.4362
ERR13927574.2182	1564	16.8728
ERR13927574.2183	1566	18.9004
ERR13927574.2184	1605	17.0835
ERR13927574.2185	1582	17.6896
ERR13927574.2186	487	17.5092
ERR13927574.2187	1565	20.0575
ERR13927574.2188	1559	15.9743
ERR13927574.2189	1592	19.1520
ERR13927574.2190	1619	19.8091
ERR13927574.2191	1595	19.2865
ERR13927574.2192	1529	18.0929
ERR13927574.2193	1535	15.0502
ERR13927574.2194	1632	18.0570
ERR13927574.2195	1629	16.4807
ERR13927574.2196	1622	19.5635
ERR13927574.2197	1629	15.7594
ERR13927574.2198	1564	19.2922
ERR13927574.2199	1594	19.9492
ERR13927574.2200	1559	18.1591
ERR13927574.2201	1598	22.4912
ERR13927574.2202	1586	16.7207
ERR13927574.2203	1598	19.2929
ERR13927574.2204	1607	18.3024
ERR13927574.2205	1605	18.7607
ERR13927574.2206	1573	15.5410
ERR13927574.2207	1572	20.2087
ERR13927574.2208	1569	19.0510
ERR13927574.2209	1569	18.0548
ERR13927574.2210	1589	20.3971
ERR13927574.2211	1551	18.7647
ERR13927574.2212	1621	16.5595
ERR13927574.2213	1568	18.0695
ERR13927574.2214	1540	17.3929
ERR13927574.2215	1521	19.9744
ERR13927574.2216	1569	20.3008
ERR13927574.2217	1579	19.6491
ERR13927574.2218	1554	19.6216
ERR13927574.2219	1612	17.0217
ERR13927574.2220	1596	16.6328
ERR13927574.2221	1568	17.5198
ERR13927574.2222	1595	19.0809
ERR13927574.2223	1688	16.6143
ERR13927574.2224	1602	21.3121
ERR13927574.2225	1629	20.9159
ERR13927574.2226	1578	17.2522
ERR13927574.2227	1583	19.6406
ERR13927574.2228	1563	17.9891
ERR13927574.2229	640	15.7453
ERR13927574.2230	1548	19.2500
ERR13927574.2231	1619	17.7313
ERR13927574.2232	1593	17.6277
ERR13927574.2233	1617	21.3327
ERR13927574.2234	1122	17.2674
ERR13927574.2235	1556	15.5823
ERR13927574.2236	1559	17.7486
ERR13927574.2237	1570	20.2732
ERR13927574.2238	1604	16.5617
ERR13927574.2239	1641	19.4765
ERR13927574.2240	1598	18.8123
ERR13927574.2241	1573	16.3458
ERR13927574.2242	1569	18.9375
ERR13927574.2243	1239	15.4746
ERR13927574.2244	1577	21.4356
ERR13927574.2245	1567	22.8028
ERR13927574.2246	1550	18.7697
ERR13927574.2247	1577	18.7451
ERR13927574.2248	1498	14.7897
ERR13927574.2249	1550	17.8587
ERR13927574.2250	1552	21.4620
ERR13927574.2251	1544	15.2655
ERR13927574.2252	1578	16.9354
ERR13927574.2253	1620	19.6667
ERR13927574.2254	1568	18.6843
ERR13927574.2255	320	18.2250
ERR13927574.2256	1595	16.7411
ERR13927574.2257	1568	17.8214
ERR13927574.2258	1576	18.0584
ERR13927574.2259	1604	21.5704
ERR13927574.2260	1577	15.3545
ERR13927574.2261	1577	16.1839
ERR13927574.2262	1559	16.5382
ERR13927574.2263	1565	15.9195
ERR13927574.2264	1554	17.2503
ERR13927574.2265	1620	14.5451
ERR13927574.2266	1568	19.6639
ERR13927574.2267	1637	18.2327
ERR13927574.2268	1590	18.4673
ERR13927574.2269	1608	17.6959
ERR13927574.2270	1530	16.5987
ERR13927574.2271	1633	14.3558
ERR13927574.2272	1609	20.2623
ERR13927574.2273	1574	18.3914
ERR13927574.2274	1572	16.1132
ERR13927574.2275	1378	21.1147
ERR13927574.2276	1596	17.5175
ERR13927574.2277	1579	18.6960
ERR13927574.2278	1515	16.0462
ERR13927574.2279	1559	17.7223
ERR13927574.2280	1572	14.2901
ERR13927574.2281	1460	15.5671
ERR13927574.2282	1451	17.8477
ERR13927574.2283	1609	21.1175
ERR13927574.2284	1608	14.7693
ERR13927574.2285	1553	15.8628
ERR13927574.2286	1583	18.3986
ERR13927574.2287	1585	19.7666
ERR13927574.2288	1611	16.9603
ERR13927574.2289	1575	16.3752
ERR13927574.2290	1605	17.1844
ERR13927574.2291	1568	15.5223
ERR13927574.2292	1604	18.7213
ERR13927574.2293	1582	17.2977
ERR13927574.2294	1581	17.7198
ERR13927574.2295	1585	16.5584
ERR13927574.2296	1586	19.5958
ERR13927574.2297	1556	17.1054
ERR13927574.2298	1574	16.7859
ERR13927574.2299	1565	20.7348
ERR13927574.2300	1562	18.0647
ERR13927574.2301	1576	18.0546
ERR13927574.2302	1584	15.2841
ERR13927574.2303	1594	14.7892
ERR13927574.2304	1522	15.7181
ERR13927574.2305	1593	19.1438
ERR13927574.2306	1594	19.2930
ERR13927574.2307	1596	19.9712
ERR13927574.2308	1618	19.1737
ERR13927574.2309	1613	18.3317
ERR13927574.2310	1612	20.4553
ERR13927574.2311	1552	17.8170
ERR13927574.2312	1550	16.8723
ERR13927574.2313	1578	18.9024
ERR13927574.2314	1578	15.7357
ERR13927574.2315	1549	21.0245
ERR13927574.2316	1586	18.9729
ERR13927574.2317	1610	16.4311
ERR13927574.2318	1571	17.6964
ERR13927574.2319	1571	23.3635
ERR13927574.2320	1614	19.3501
ERR13927574.2321	1539	16.4100
ERR13927574.2322	1581	20.8918
ERR13927574.2323	1514	14.2543
ERR13927574.2324	1607	17.9608
ERR13927574.2325	1568	19.9726
ERR13927574.2326	1582	17.4343
ERR13927574.2327	1584	16.2393
ERR13927574.2328	1556	18.2918
ERR13927574.2329	1599	20.1470
ERR13927574.2330	1575	16.6933
ERR13927574.2331	1583	17.5831
ERR13927574.2332	1581	20.7843
ERR13927574.2333	1569	16.2071
ERR13927574.2334	1425	19.3319
ERR13927574.2335	1550	14.5535
ERR13927574.2336	1533	17.6902
ERR13927574.2337	1559	16.4067
ERR13927574.2338	1580	16.6544
ERR13927574.2339	1563	18.2924
ERR13927574.2340	1540	22.2182
ERR13927574.2341	1574	18.4409
ERR13927574.2342	1393	19.4480
ERR13927574.2343	1518	16.3327
ERR13927574.2344	1556	20.9647
ERR13927574.2345	1593	19.1984
ERR13927574.2346	1625	19.0062
ERR13927574.2347	940	18.5149
ERR13927574.2348	1570	21.4522
ERR13927574.2349	1550	19.9045
ERR13927574.2350	1588	17.9288
ERR13927574.2351	1583	16.1548
ERR13927574.2352	1315	17.3817
ERR13927574.2353	1590	17.3572
ERR13927574.2354	1570	19.2427
ERR13927574.2355	1573	18.4908
ERR13927574.2356	1558	17.9724
ERR13927574.2357	1579	16.1514
ERR13927574.2358	1603	18.0218
ERR13927574.2359	1571	18.7588
ERR13927574.2360	1526	17.7202
ERR13927574.2361	2201	20.0254
ERR13927574.2362	1577	16.2758
ERR13927574.2363	1553	15.8667
ERR13927574.2364	1599	16.9956
ERR13927574.2365	1564	18.0997
ERR13927574.2366	1640	18.0579
ERR13927574.2367	1598	18.9894
ERR13927574.2368	1575	21.2305
ERR13927574.2369	1541	20.0584
ERR13927574.2370	1599	19.9218
ERR13927574.2371	1553	16.3129
ERR13927574.2372	1588	14.7431
ERR13927574.2373	1596	18.7481
ERR13927574.2374	1605	17.8822
ERR13927574.2375	1603	21.1691
ERR13927574.2376	1581	16.8318
ERR13927574.2377	1600	19.7338
ERR13927574.2378	1614	18.9610
ERR13927574.2379	1565	15.3297
ERR13927574.2380	647	20.0680
ERR13927574.2381	1534	16.7249
ERR13927574.2382	1572	20.8238
ERR13927574.2383	1568	16.2321
ERR13927574.2384	1593	18.1833
ERR13927574.2385	1579	21.5839
ERR13927574.2386	1592	21.0653
ERR13927574.2387	1563	23.1267
ERR13927574.2388	1576	18.6129
ERR13927574.2389	1604	16.8660
ERR13927574.2390	1412	19.9908
ERR13927574.2391	1553	19.3110
ERR13927574.2392	1594	17.8438
ERR13927574.2393	1530	17.6458
ERR13927574.2394	1549	18.6617
ERR13927574.2395	1587	19.0851
ERR13927574.2396	1587	16.9313
ERR13927574.2397	1579	21.9202
ERR13927574.2398	1553	17.4900
ERR13927574.2399	1568	15.2149
ERR13927574.2400	1558	20.5366
ERR13927574.2401	1584	20.4312
ERR13927574.2402	1560	22.1013
ERR13927574.2403	1602	18.7428
ERR13927574.2404	1565	17.2332
ERR13927574.2405	1608	18.4173
ERR13927574.2406	1618	18.4988
ERR13927574.2407	1619	18.5034
ERR13927574.2408	1539	16.9350
ERR13927574.2409	1578	21.4442
ERR13927574.2410	1576	15.3287
ERR13927574.2411	1561	20.3517
ERR13927574.2412	1596	20.5370
ERR13927574.2413	1562	17.2190
ERR13927574.2414	1572	16.3142
ERR13927574.2415	1543	15.3461
ERR13927574.2416	1574	16.3647
ERR13927574.2417	1608	16.6368
ERR13927574.2418	1576	16.1675
ERR13927574.2419	1543	16.3221
ERR13927574.2420	1598	15.3598
ERR13927574.2421	1598	18.6640
ERR13927574.2422	1608	17.4944
ERR13927574.2423	1587	21.1355
ERR13927574.2424	1593	20.3045
ERR13927574.2425	1616	19.3323
ERR13927574.2426	1581	15.9032
ERR13927574.2427	1534	15.7086
ERR13927574.2428	1545	17.1437
ERR13927574.2429	1563	18.9539
ERR13927574.2430	1545	17.3903
ERR13927574.2431	1582	18.4298
ERR13927574.2432	1570	18.0516
ERR13927574.2433	1608	18.7687
ERR13927574.2434	1568	18.6709
ERR13927574.2435	1587	19.7826
ERR13927574.2436	1575	20.5689
ERR13927574.2437	1544	20.0019
ERR13927574.2438	1606	17.9819
ERR13927574.2439	1584	17.0890
ERR13927574.2440	1554	19.6486
ERR13927574.2441	1580	16.8595
ERR13927574.2442	1615	18.5728
ERR13927574.2443	1613	15.7192
ERR13927574.2444	1480	15.0804
ERR13927574.2445	1570	19.1242
ERR13927574.2446	1602	19.2609
ERR13927574.2447	1525	19.6525
ERR13927574.2448	1558	20.2439
ERR13927574.2449	1548	17.2965
ERR13927574.2450	1593	18.5675
ERR13927574.2451	1552	16.7951
ERR13927574.2452	1533	16.9811
ERR13927574.2453	1599	18.0519
ERR13927574.2454	1570	15.2478
ERR13927574.2455	1539	16.9948
ERR13927574.2456	1542	17.8281
ERR13927574.2457	1616	17.4623
ERR13927574.2458	1573	17.0432
ERR13927574.2459	1523	17.4760
ERR13927574.2460	1589	15.1561
ERR13927574.2461	1593	18.2216
ERR13927574.2462	1558	19.1502
ERR13927574.2463	1566	21.2682
ERR13927574.2464	1585	19.7079
ERR13927574.2465	1612	20.2395
ERR13927574.2466	1571	18.9491
ERR13927574.2467	1597	20.9668
ERR13927574.2468	1591	17.7737
ERR13927574.2469	1565	14.4224
ERR13927574.2470	1596	19.7018
ERR13927574.2471	1571	15.6996
ERR13927574.2472	1606	19.1040
ERR13927574.2473	1544	18.3018
ERR13927574.2474	1558	18.5944
ERR13927574.2475	1573	19.6084
ERR13927574.2476	1563	16.0838
ERR13927574.2477	1571	19.4309
ERR13927574.2478	1612	15.7481
ERR13927574.2479	1554	20.0039
ERR13927574.2480	1565	20.0236
ERR13927574.2481	1589	15.9629
ERR13927574.2482	1556	15.8554
ERR13927574.2483	1586	18.5706
ERR13927574.2484	1533	16.3262
ERR13927574.2485	1578	18.7269
ERR13927574.2486	1627	16.5065
ERR13927574.2487	1569	17.1109
ERR13927574.2488	1551	15.7292
ERR13927574.2489	1568	19.6314
ERR13927574.2490	1557	17.8227
ERR13927574.2491	1569	20.3881
ERR13927574.2492	1600	17.2019
ERR13927574.2493	1608	20.8004
ERR13927574.2494	1587	19.8116
ERR13927574.2495	1571	19.4551
ERR13927574.2496	1569	18.5188
ERR13927574.2497	1575	18.8381
ERR13927574.2498	1563	14.9552
ERR13927574.2499	1539	15.7700
ERR13927574.2500	1572	18.9116
ERR13927574.2501	1612	16.3493
ERR13927574.2502	1539	18.0539
ERR13927574.2503	1558	19.8081
ERR13927574.2504	1564	19.5646
ERR13927574.2505	1607	18.1711
ERR13927574.2506	1561	17.6393
ERR13927574.2507	1563	20.6641
ERR13927574.2508	1575	18.0229
ERR13927574.2509	1630	16.9994
ERR13927574.2510	1617	20.1769
ERR13927574.2511	3186	20.5166
ERR13927574.2512	1604	19.2419
ERR13927574.2513	1573	20.8862
ERR13927574.2514	1553	17.8931
ERR13927574.2515	1372	20.7507
ERR13927574.2516	1614	20.5991
ERR13927574.2517	1558	21.0077
ERR13927574.2518	1573	19.2727
ERR13927574.2519	1545	18.4731
ERR13927574.2520	1615	21.8836
ERR13927574.2521	1598	19.8310
ERR13927574.2522	1584	19.4255
ERR13927574.2523	1579	14.9443
ERR13927574.2524	1550	17.0258
ERR13927574.2525	1677	17.4973
ERR13927574.2526	1590	18.8006
ERR13927574.2527	1553	15.0084
ERR13927574.2528	1531	19.3207
ERR13927574.2529	1567	19.8845
ERR13927574.2530	1592	16.5490
ERR13927574.2531	1580	20.5899
ERR13927574.2532	1568	17.1486
ERR13927574.2533	1587	16.8721
ERR13927574.2534	1601	17.6858
ERR13927574.2535	1563	20.6859
ERR13927574.2536	1556	16.6459
ERR13927574.2537	1537	18.2440
ERR13927574.2538	1602	18.1380
ERR13927574.2539	1614	19.0589
ERR13927574.2540	1566	16.7171
ERR13927574.2541	1519	17.4608
ERR13927574.2542	1601	17.1643
ERR13927574.2543	1576	19.9194
ERR13927574.2544	1568	18.5064
ERR13927574.2545	1590	18.7516
ERR13927574.2546	1620	20.5389
ERR13927574.2547	1603	21.5970
ERR13927574.2548	1521	18.6318
ERR13927574.2549	1557	15.7463
ERR13927574.2550	1658	17.8908
ERR13927574.2551	1571	19.0108
ERR13927574.2552	1556	20.2963
ERR13927574.2553	1536	15.3568
ERR13927574.2554	1576	19.9772
ERR13927574.2555	1574	18.0280
ERR13927574.2556	1575	19.2927
ERR13927574.2557	1556	18.6337
ERR13927574.2558	1524	16.4554
ERR13927574.2559	1565	16.5744
ERR13927574.2560	1553	21.6143
ERR13927574.2561	1648	18.0140
ERR13927574.2562	1545	14.4900
ERR13927574.2563	1596	18.9568
ERR13927574.2564	1516	19.6115
ERR13927574.2565	1584	20.1244
ERR13927574.2566	1584	20.8946
ERR13927574.2567	1543	16.6338
ERR13927574.2568	1599	20.7805
ERR13927574.2569	1583	17.1257
ERR13927574.2570	1519	17.3305
ERR13927574.2571	1585	17.1521
ERR13927574.2572	1560	17.0083
ERR13927574.2573	1609	20.9633
ERR13927574.2574	1593	16.5336
ERR13927574.2575	1561	20.2422
ERR13927574.2576	1558	17.2920
ERR13927574.2577	1575	20.2381
ERR13927574.2578	1615	20.8037
ERR13927574.2579	1576	16.3084
ERR13927574.2580	1582	20.5171
ERR13927574.2581	1592	17.1872
ERR13927574.2582	1590	18.7629
ERR13927574.2583	1527	16.6621
ERR13927574.2584	1597	15.9662
ERR13927574.2585	1569	18.5099
ERR13927574.2586	1600	17.8888
ERR13927574.2587	1564	16.2251
ERR13927574.2588	1559	15.3008
ERR13927574.2589	1545	15.7955
ERR13927574.2590	1575	18.7238
ERR13927574.2591	1212	17.4579
ERR13927574.2592	1523	18.9035
ERR13927574.2593	1558	14.9859
ERR13927574.2594	1599	19.1845
ERR13927574.2595	1592	15.2318
ERR13927574.2596	1562	17.2593
ERR13927574.2597	1577	17.1351
ERR13927574.2598	1547	20.1719
ERR13927574.2599	1342	17.5976
ERR13927574.2600	1601	18.2111
ERR13927574.2601	1603	22.5028
ERR13927574.2602	1563	20.8010
ERR13927574.2603	1598	20.1264
ERR13927574.2604	1572	17.4243
ERR13927574.2605	3207	16.1771
ERR13927574.2606	1545	18.8485
ERR13927574.2607	1563	18.0480
ERR13927574.2608	1576	18.7976
ERR13927574.2609	1529	16.8241
ERR13927574.2610	1596	16.8885
ERR13927574.2611	1585	18.5155
ERR13927574.2612	1551	21.3346
ERR13927574.2613	1623	19.6389
ERR13927574.2614	1578	18.9582
ERR13927574.2615	1611	16.6096
ERR13927574.2616	1552	18.6598
ERR13927574.2617	1311	18.6865
ERR13927574.2618	1561	19.2364
ERR13927574.2619	1555	16.2695
ERR13927574.2620	1598	17.3849
ERR13927574.2621	1588	20.8375
ERR13927574.2622	1584	17.3977
ERR13927574.2623	1616	18.4950
ERR13927574.2624	1534	14.2366
ERR13927574.2625	1582	18.2415
ERR13927574.2626	169	14.2544
ERR13927574.2627	1604	18.0193
ERR13927574.2628	1595	19.9304
ERR13927574.2629	1574	19.0534
ERR13927574.2630	1543	17.0862
ERR13927574.2631	1600	18.2413
ERR13927574.2632	1500	15.7053
ERR13927574.2633	1585	15.6871
ERR13927574.2634	1569	20.1249
ERR13927574.2635	1590	16.5176
ERR13927574.2636	1581	20.6338
ERR13927574.2637	1610	16.6776
ERR13927574.2638	1550	17.4503
ERR13927574.2639	1614	20.6388
ERR13927574.2640	1587	17.2836
ERR13927574.2641	757	17.6367
ERR13927574.2642	1548	19.7145
ERR13927574.2643	1625	18.9791
ERR13927574.2644	1604	21.0536
ERR13927574.2645	1623	16.1811
ERR13927574.2646	1593	20.7018
ERR13927574.2647	1604	15.8242
ERR13927574.2648	1562	18.0109
ERR13927574.2649	1618	21.7472
ERR13927574.2650	1616	18.2525
ERR13927574.2651	1619	15.3755
ERR13927574.2652	1681	18.3998
ERR13927574.2653	1579	17.4832
ERR13927574.2654	1547	16.7647
ERR13927574.2655	1626	19.0510
ERR13927574.2656	1606	18.5473
ERR13927574.2657	1619	16.0951
ERR13927574.2658	1579	19.1545
ERR13927574.2659	1581	18.4447
ERR13927574.2660	1592	18.9636
ERR13927574.2661	1551	18.7395
ERR13927574.2662	1596	20.3390
ERR13927574.2663	1559	20.2809
ERR13927574.2664	1589	19.9503
ERR13927574.2665	1561	18.7918
ERR13927574.2666	1389	17.4500
ERR13927574.2667	273	14.2198
ERR13927574.2668	1590	18.3201
ERR13927574.2669	1613	18.0719
ERR13927574.2670	1618	17.7052
ERR13927574.2671	1568	19.6059
ERR13927574.2672	1567	18.8092
ERR13927574.2673	1620	19.2284
ERR13927574.2674	1594	18.3331
ERR13927574.2675	1517	13.9426
ERR13927574.2676	1619	19.1544
ERR13927574.2677	1603	18.3294
ERR13927574.2678	1572	20.1279
ERR13927574.2679	1596	19.8960
ERR13927574.2680	1614	18.3482
ERR13927574.2681	1599	18.3352
ERR13927574.2682	1570	19.9185
ERR13927574.2683	1557	18.7142
ERR13927574.2684	1608	20.7637
ERR13927574.2685	1608	18.5864
ERR13927574.2686	1562	21.4622
ERR13927574.2687	1571	19.7040
ERR13927574.2688	1572	21.3174
ERR13927574.2689	689	17.5631
ERR13927574.2690	264	14.5038
ERR13927574.2691	1591	15.6128
ERR13927574.2692	472	21.3072
ERR13927574.2693	1594	18.0251
ERR13927574.2694	1599	18.5591
ERR13927574.2695	1612	19.2550
ERR13927574.2696	1590	20.1579
ERR13927574.2697	1594	20.5847
ERR13927574.2698	1547	18.3142
ERR13927574.2699	1662	18.2852
ERR13927574.2700	1599	18.3152
ERR13927574.2701	1586	19.6904
ERR13927574.2702	1562	19.0627
ERR13927574.2703	1582	21.6580
ERR13927574.2704	1571	15.4589
ERR13927574.2705	1606	15.7758
ERR13927574.2706	1547	19.3581
ERR13927574.2707	1622	18.7448
ERR13927574.2708	1587	19.2905
ERR13927574.2709	1603	18.7586
ERR13927574.2710	1573	19.0407
ERR13927574.2711	1571	19.0904
ERR13927574.2712	1583	19.2937
ERR13927574.2713	1608	14.4447
ERR13927574.2714	1577	17.7749
ERR13927574.2715	1602	16.5899
ERR13927574.2716	1549	20.4203
ERR13927574.2717	1612	19.5757
ERR13927574.2718	1614	18.2317
ERR13927574.2719	1570	20.6675
ERR13927574.2720	1611	16.0074
ERR13927574.2721	1611	19.5003
ERR13927574.2722	1596	16.9079
ERR13927574.2723	1597	21.7489
ERR13927574.2724	1592	21.3562
ERR13927574.2725	1574	16.0343
ERR13927574.2726	1588	17.6304
ERR13927574.2727	1584	14.8857
ERR13927574.2728	1549	18.3583
ERR13927574.2729	1572	21.2048
ERR13927574.2730	1606	18.4608
ERR13927574.2731	1592	20.8059
ERR13927574.2732	1561	17.9654
ERR13927574.2733	1565	20.3681
ERR13927574.2734	1372	19.8207
ERR13927574.2735	1577	18.2695
ERR13927574.2736	1552	16.2223
ERR13927574.2737	1587	18.1260
ERR13927574.2738	1614	20.0019
ERR13927574.2739	1581	19.5895
ERR13927574.2740	1595	19.4408
ERR13927574.2741	1568	19.5651
ERR13927574.2742	1570	19.8414
ERR13927574.2743	1604	20.5860
ERR13927574.2744	1616	19.3632
ERR13927574.2745	1569	17.1345
ERR13927574.2746	1617	21.9555
ERR13927574.2747	1590	19.8723
ERR13927574.2748	1570	19.7408
ERR13927574.2749	1590	18.9352
ERR13927574.2750	1566	19.1054
ERR13927574.2751	1618	17.2818
ERR13927574.2752	1585	19.1123
ERR13927574.2753	1552	20.0567
ERR13927574.2754	1560	15.2237
ERR13927574.2755	1619	21.0037
ERR13927574.2756	1611	18.3786
ERR13927574.2757	1609	18.8751
ERR13927574.2758	1603	20.7735
ERR13927574.2759	1602	19.4632
ERR13927574.2760	1581	21.2170
ERR13927574.2761	1579	16.9626
ERR13927574.2762	1623	20.9661
ERR13927574.2763	1567	15.3567
ERR13927574.2764	1571	20.7301
ERR13927574.2765	1594	20.3726
ERR13927574.2766	1608	19.1567
ERR13927574.2767	1573	19.1004
ERR13927574.2768	1557	18.5286
ERR13927574.2769	1580	19.6139
ERR13927574.2770	1589	16.0277
ERR13927574.2771	1586	17.3991
ERR13927574.2772	1583	18.1813
ERR13927574.2773	1598	18.0006
ERR13927574.2774	1583	19.6481
ERR13927574.2775	1585	21.3842
ERR13927574.2776	1592	21.3279
ERR13927574.2777	1539	18.7492
ERR13927574.2778	1587	16.1544
ERR13927574.2779	1659	20.6576
ERR13927574.2780	1317	19.0964
ERR13927574.2781	1573	19.0725
ERR13927574.2782	1527	14.9070
ERR13927574.2783	866	15.8337
ERR13927574.2784	1565	17.9099
ERR13927574.2785	1576	19.1110
ERR13927574.2786	1599	20.4984
ERR13927574.2787	1564	19.8632
ERR13927574.2788	1534	16.4883
ERR13927574.2789	1576	18.0666
ERR13927574.2790	1527	19.5272
ERR13927574.2791	1559	20.2752
ERR13927574.2792	1542	19.3969
ERR13927574.2793	1557	18.3083
ERR13927574.2794	1588	17.0762
ERR13927574.2795	1606	18.9427
ERR13927574.2796	1557	19.9891
ERR13927574.2797	1601	20.9806
ERR13927574.2798	1585	18.4826
ERR13927574.2799	1569	16.8375
ERR13927574.2800	1534	18.2523
ERR13927574.2801	1564	16.2980
ERR13927574.2802	1567	18.6790
ERR13927574.2803	1548	18.2926
ERR13927574.2804	1560	16.2859
ERR13927574.2805	1593	16.4702
ERR13927574.2806	1565	21.0901
ERR13927574.2807	1608	19.3190
ERR13927574.2808	1583	20.1876
ERR13927574.2809	1606	18.5199
ERR13927574.2810	1628	16.2291
ERR13927574.2811	1553	15.0644
ERR13927574.2812	1619	15.8406
ERR13927574.2813	1610	19.5621
ERR13927574.2814	1573	18.8589
ERR13927574.2815	1601	19.2011
ERR13927574.2816	1582	21.2952
ERR13927574.2817	1570	18.0605
ERR13927574.2818	1431	18.0391
ERR13927574.2819	1612	21.6470
ERR13927574.2820	1556	21.8670
ERR13927574.2821	1610	19.9329
ERR13927574.2822	1574	18.0654
ERR13927574.2823	1606	14.1806
ERR13927574.2824	1580	16.3608
ERR13927574.2825	1575	18.6990
ERR13927574.2826	1532	19.5189
ERR13927574.2827	1548	17.9180
ERR13927574.2828	1540	18.9390
ERR13927574.2829	1581	21.0082
ERR13927574.2830	1567	15.6867
ERR13927574.2831	1581	18.9715
ERR13927574.2832	1586	17.2188
ERR13927574.2833	1535	18.9290
ERR13927574.2834	1539	20.7401
ERR13927574.2835	1574	18.9581
ERR13927574.2836	1613	18.7582
ERR13927574.2837	1584	16.3933
ERR13927574.2838	1627	20.6822
ERR13927574.2839	1568	15.9056
ERR13927574.2840	1587	20.5696
ERR13927574.2841	1569	19.2874
ERR13927574.2842	1571	19.3921
ERR13927574.2843	1605	17.2355
ERR13927574.2844	1597	19.3450
ERR13927574.2845	1582	15.5676
ERR13927574.2846	1563	18.6462
ERR13927574.2847	1546	16.5964
ERR13927574.2848	1619	19.0272
ERR13927574.2849	1573	17.3636
ERR13927574.2850	1537	15.6727
ERR13927574.2851	1588	18.5031
ERR13927574.2852	1598	18.3492
ERR13927574.2853	1574	17.5940
ERR13927574.2854	1549	18.4125
ERR13927574.2855	1635	17.5223
ERR13927574.2856	1616	19.2568
ERR13927574.2857	1587	19.8009
ERR13927574.2858	1561	16.4574
ERR13927574.2859	1554	19.1712
ERR13927574.2860	1534	18.2660
ERR13927574.2861	645	18.6543
ERR13927574.2862	1533	15.9178
ERR13927574.2863	1533	15.2498
ERR13927574.2864	1556	17.8676
ERR13927574.2865	1556	19.1915
ERR13927574.2866	1560	17.8385
ERR13927574.2867	1596	17.6610
ERR13927574.2868	1479	18.5558
ERR13927574.2869	1596	21.2469
ERR13927574.2870	1523	16.9192
ERR13927574.2871	1545	17.9825
ERR13927574.2872	1619	20.1309
ERR13927574.2873	1589	19.9169
ERR13927574.2874	1565	16.1316
ERR13927574.2875	1583	16.8654
ERR13927574.2876	1560	19.2705
ERR13927574.2877	1585	19.8366
ERR13927574.2878	1549	19.4855
ERR13927574.2879	1558	17.0828
ERR13927574.2880	1551	20.0329
ERR13927574.2881	1546	18.4534
ERR13927574.2882	1487	14.7263
ERR13927574.2883	1596	20.5627
ERR13927574.2884	1632	22.3297
ERR13927574.2885	1609	17.9944
ERR13927574.2886	1606	19.1650
ERR13927574.2887	1588	18.0523
ERR13927574.2888	1557	15.9165
ERR13927574.2889	1591	18.5506
ERR13927574.2890	1577	20.3881
ERR13927574.2891	1576	15.1244
ERR13927574.2892	3148	21.2579
ERR13927574.2893	1682	17.0624
ERR13927574.2894	1526	19.6284
ERR13927574.2895	1581	20.8963
ERR13927574.2896	1589	17.7848
ERR13927574.2897	1584	15.3378
ERR13927574.2898	1523	16.3139
ERR13927574.2899	1592	19.6822
ERR13927574.2900	1625	18.2954
ERR13927574.2901	1607	18.9894
ERR13927574.2902	1587	20.6150
ERR13927574.2903	1591	20.3696
ERR13927574.2904	1596	20.2124
ERR13927574.2905	1582	17.9994
ERR13927574.2906	1574	17.8158
ERR13927574.2907	1597	18.5742
ERR13927574.2908	1558	19.7985
ERR13927574.2909	1272	18.8585
ERR13927574.2910	1565	18.8965
ERR13927574.2911	1604	20.7855
ERR13927574.2912	1594	17.9561
ERR13927574.2913	1542	21.4844
ERR13927574.2914	1523	18.6139
ERR13927574.2915	1605	19.6343
ERR13927574.2916	1612	16.6520
ERR13927574.2917	1559	21.5728
ERR13927574.2918	1599	17.7861
ERR13927574.2919	1550	18.6548
ERR13927574.2920	1545	19.3476
ERR13927574.2921	1556	19.1420
ERR13927574.2922	1596	16.4649
ERR13927574.2923	1580	18.9215
ERR13927574.2924	1268	18.9945
ERR13927574.2925	1577	19.7730
ERR13927574.2926	1567	21.0581
ERR13927574.2927	1556	22.4666
ERR13927574.2928	1556	17.5829
ERR13927574.2929	1577	20.5847
ERR13927574.2930	1603	17.3213
ERR13927574.2931	1548	15.8811
ERR13927574.2932	1616	18.0650
ERR13927574.2933	1607	16.3783
ERR13927574.2934	3079	16.7366
ERR13927574.2935	1590	17.3396
ERR13927574.2936	1622	17.3329
ERR13927574.2937	1636	16.7958
ERR13927574.2938	1528	15.5013
ERR13927574.2939	1574	16.9524
ERR13927574.2940	1580	16.4715
ERR13927574.2941	1575	16.4184
ERR13927574.2942	1592	20.4095
ERR13927574.2943	1584	16.9426
ERR13927574.2944	1593	16.5505
ERR13927574.2945	1570	21.2924
ERR13927574.2946	1566	17.0396
ERR13927574.2947	1585	16.6385
ERR13927574.2948	1560	19.9904
ERR13927574.2949	1560	17.2051
ERR13927574.2950	1586	17.6488
ERR13927574.2951	1562	14.6428
ERR13927574.2952	1615	19.8118
ERR13927574.2953	1591	20.4921
ERR13927574.2954	1605	18.4449
ERR13927574.2955	1567	19.8060
ERR13927574.2956	1575	20.0051
ERR13927574.2957	1510	15.9285
ERR13927574.2958	1606	18.7235
ERR13927574.2959	1617	19.8615
ERR13927574.2960	1564	20.1151
ERR13927574.2961	1550	18.8465
ERR13927574.2962	1561	20.2992
ERR13927574.2963	1611	16.8628
ERR13927574.2964	1581	18.4149
ERR13927574.2965	597	16.4640
ERR13927574.2966	1569	22.1906
ERR13927574.2967	1535	18.2111
ERR13927574.2968	1580	20.6500
ERR13927574.2969	1508	17.1499
ERR13927574.2970	1578	20.3226
ERR13927574.2971	1606	17.4707
ERR13927574.2972	1614	18.7807
ERR13927574.2973	1592	15.2852
ERR13927574.2974	1624	19.6613
ERR13927574.2975	1622	18.3989
ERR13927574.2976	1586	17.4388
ERR13927574.2977	1567	16.9719
ERR13927574.2978	1568	19.2608
ERR13927574.2979	1613	18.9299
ERR13927574.2980	1676	21.2924
ERR13927574.2981	1584	15.1446
ERR13927574.2982	1535	17.4834
ERR13927574.2983	1595	17.9066
ERR13927574.2984	1596	19.3791
ERR13927574.2985	1618	16.2627
ERR13927574.2986	1632	18.6078
ERR13927574.2987	1610	16.8224
ERR13927574.2988	565	15.5876
ERR13927574.2989	1596	18.6366
ERR13927574.2990	1509	20.3685
ERR13927574.2991	1586	18.1892
ERR13927574.2992	1563	16.3980
ERR13927574.2993	1590	18.6075
ERR13927574.2994	1594	15.7252
ERR13927574.2995	1564	19.6400
ERR13927574.2996	1558	19.5340
ERR13927574.2997	1529	16.7240
ERR13927574.2998	1548	20.1079
ERR13927574.2999	1619	16.6418
ERR13927574.3000	1604	19.9713
ERR13927574.3001	1553	16.5757
ERR13927574.3002	1583	19.8149
ERR13927574.3003	1488	17.3911
ERR13927574.3004	1539	15.5055
ERR13927574.3005	1593	20.5154
ERR13927574.3006	1551	16.4707
ERR13927574.3007	1572	18.3136
ERR13927574.3008	1538	16.5884
ERR13927574.3009	1569	16.3454
ERR13927574.3010	1565	17.0588
ERR13927574.3011	1608	19.8663
ERR13927574.3012	1621	19.1394
ERR13927574.3013	1568	18.1122
ERR13927574.3014	343	15.2653
ERR13927574.3015	1585	20.6151
ERR13927574.3016	1538	18.3296
ERR13927574.3017	1594	21.5420
ERR13927574.3018	1567	16.2240
ERR13927574.3019	1592	19.2079
ERR13927574.3020	1592	21.2971
ERR13927574.3021	1537	18.3416
ERR13927574.3022	1576	20.0419
ERR13927574.3023	1592	19.5729
ERR13927574.3024	1574	20.3145
ERR13927574.3025	1542	18.4585
ERR13927574.3026	1621	17.1511
ERR13927574.3027	1527	18.1316
ERR13927574.3028	1590	19.5371
ERR13927574.3029	1582	19.2800
ERR13927574.3030	1585	17.9697
ERR13927574.3031	1607	17.6198
ERR13927574.3032	1607	20.1724
ERR13927574.3033	1592	17.0515
ERR13927574.3034	1587	16.3945
ERR13927574.3035	1039	17.0962
ERR13927574.3036	1577	15.6284
ERR13927574.3037	1572	17.8702
ERR13927574.3038	1569	18.9038
ERR13927574.3039	1606	18.9496
ERR13927574.3040	1559	18.6036
ERR13927574.3041	1547	16.7266
ERR13927574.3042	1600	20.7431
ERR13927574.3043	1574	17.4174
ERR13927574.3044	1573	15.7413
ERR13927574.3045	1547	19.3620
ERR13927574.3046	1626	19.8063
ERR13927574.3047	1572	20.4059
ERR13927574.3048	1549	18.7721
ERR13927574.3049	1591	20.0226
ERR13927574.3050	1583	17.0809
ERR13927574.3051	1576	18.5596
ERR13927574.3052	1547	15.9030
ERR13927574.3053	1574	15.6925
ERR13927574.3054	1550	17.7529
ERR13927574.3055	1575	19.6159
ERR13927574.3056	1570	15.7510
ERR13927574.3057	1575	16.0756
ERR13927574.3058	1569	17.7680
ERR13927574.3059	1589	17.1076
ERR13927574.3060	1553	16.0850
ERR13927574.3061	1550	14.8774
ERR13927574.3062	1536	19.0540
ERR13927574.3063	1578	21.7034
ERR13927574.3064	1561	19.2735
ERR13927574.3065	1559	17.7569
ERR13927574.3066	1606	17.7690
ERR13927574.3067	1601	18.5490
ERR13927574.3068	1604	17.7874
ERR13927574.3069	1504	15.3218
ERR13927574.3070	1574	21.6029
ERR13927574.3071	1534	17.6877
ERR13927574.3072	1580	16.4386
ERR13927574.3073	1586	17.7554
ERR13927574.3074	1624	18.9089
ERR13927574.3075	1598	20.1740
ERR13927574.3076	1580	20.4943
ERR13927574.3077	1562	19.2388
ERR13927574.3078	1553	19.2067
ERR13927574.3079	1614	18.0366
ERR13927574.3080	1561	18.6701
ERR13927574.3081	1566	16.0747
ERR13927574.3082	1554	17.4459
ERR13927574.3083	1608	17.2705
ERR13927574.3084	1575	14.7467
ERR13927574.3085	1614	18.9864
ERR13927574.3086	1584	16.6149
ERR13927574.3087	1592	20.3574
ERR13927574.3088	1554	19.9839
ERR13927574.3089	1592	20.3800
ERR13927574.3090	1544	17.7979
ERR13927574.3091	1601	16.9969
ERR13927574.3092	781	17.4686
ERR13927574.3093	1600	21.9144
ERR13927574.3094	1547	19.0136
ERR13927574.3095	1624	19.3461
ERR13927574.3096	1552	20.4285
ERR13927574.3097	1575	16.8489
ERR13927574.3098	1560	17.5026
ERR13927574.3099	1567	21.1857
ERR13927574.3100	1576	22.4759
ERR13927574.3101	1558	20.8504
ERR13927574.3102	1602	20.2066
ERR13927574.3103	1552	19.9981
ERR13927574.3104	1523	19.9659
ERR13927574.3105	1593	16.3465
ERR13927574.3106	1615	16.3028
ERR13927574.3107	234	13.1154
ERR13927574.3108	1569	14.9904
ERR13927574.3109	1592	16.4642
ERR13927574.3110	1561	18.9161
ERR13927574.3111	1618	19.4759
ERR13927574.3112	1290	16.1295
ERR13927574.3113	1624	21.2352
ERR13927574.3114	1579	19.0994
ERR13927574.3115	1529	18.3349
ERR13927574.3116	1635	17.1731
ERR13927574.3117	1549	14.6352
ERR13927574.3118	1548	17.2183
ERR13927574.3119	1605	16.6991
ERR13927574.3120	722	18.4488
ERR13927574.3121	1601	19.5728
ERR13927574.3122	1556	15.4081
ERR13927574.3123	1610	20.9975
ERR13927574.3124	1531	14.1300
ERR13927574.3125	1570	20.4102
ERR13927574.3126	1469	16.9496
ERR13927574.3127	1508	14.3627
ERR13927574.3128	1547	18.0310
ERR13927574.3129	1570	20.2510
ERR13927574.3130	1569	17.3563
ERR13927574.3131	1509	16.2386
ERR13927574.3132	1526	17.7471
ERR13927574.3133	1605	20.0106
ERR13927574.3134	1578	21.2674
ERR13927574.3135	1597	19.6199
ERR13927574.3136	938	15.2697
ERR13927574.3137	1601	16.4878
ERR13927574.3138	1623	18.6771
ERR13927574.3139	1803	19.7826
ERR13927574.3140	1598	17.8385
ERR13927574.3141	1546	17.4127
ERR13927574.3142	1611	15.5127
ERR13927574.3143	1626	21.8813
ERR13927574.3144	1559	17.0449
ERR13927574.3145	1561	15.5977
ERR13927574.3146	1571	19.3686
ERR13927574.3147	1549	15.1711
ERR13927574.3148	1599	17.1188
ERR13927574.3149	1621	16.8007
ERR13927574.3150	1614	20.3810
ERR13927574.3151	1553	15.8545
ERR13927574.3152	1548	16.4625
ERR13927574.3153	1559	22.8614
ERR13927574.3154	1507	18.9124
ERR13927574.3155	1531	15.4618
ERR13927574.3156	1605	21.0318
ERR13927574.3157	1582	19.1726
ERR13927574.3158	1615	19.1146
ERR13927574.3159	1616	16.7803
ERR13927574.3160	1564	16.3280
ERR13927574.3161	1634	22.0367
ERR13927574.3162	1507	16.1858
ERR13927574.3163	1576	16.7475
ERR13927574.3164	1551	14.9865
ERR13927574.3165	1590	19.4843
ERR13927574.3166	1584	18.9003
ERR13927574.3167	1551	18.5957
ERR13927574.3168	1610	15.9447
ERR13927574.3169	1555	19.9267
ERR13927574.3170	1604	19.0193
ERR13927574.3171	807	15.1388
ERR13927574.3172	1570	21.1064
ERR13927574.3173	1589	19.1825
ERR13927574.3174	1558	18.0154
ERR13927574.3175	1623	21.0407
ERR13927574.3176	1504	16.9601
ERR13927574.3177	1615	18.0254
ERR13927574.3178	1616	17.3212
ERR13927574.3179	1622	18.1868
ERR13927574.3180	1557	18.2428
ERR13927574.3181	1575	16.8959
ERR13927574.3182	1549	17.5016
ERR13927574.3183	1576	20.3871
ERR13927574.3184	1570	17.2567
ERR13927574.3185	1565	21.9073
ERR13927574.3186	1567	14.6765
ERR13927574.3187	1558	17.4191
ERR13927574.3188	1568	14.4279
ERR13927574.3189	1598	18.6677
ERR13927574.3190	1565	15.6038
ERR13927574.3191	1571	18.1101
ERR13927574.3192	1617	17.3878
ERR13927574.3193	1426	14.5715
ERR13927574.3194	1624	19.8898
ERR13927574.3195	1577	21.8757
ERR13927574.3196	1512	15.7130
ERR13927574.3197	1607	20.3329
ERR13927574.3198	1565	19.0888
ERR13927574.3199	1592	21.0565
ERR13927574.3200	1524	16.1214
ERR13927574.3201	1561	21.7995
ERR13927574.3202	1612	22.0484
ERR13927574.3203	1532	16.6841
ERR13927574.3204	1595	18.3016
ERR13927574.3205	1620	19.3494
ERR13927574.3206	1610	18.3733
ERR13927574.3207	1565	17.7380
ERR13927574.3208	1642	18.2838
ERR13927574.3209	1623	18.9661
ERR13927574.3210	1553	19.8281
ERR13927574.3211	1595	18.2176
ERR13927574.3212	1185	16.8186
ERR13927574.3213	1569	21.2269
ERR13927574.3214	1594	17.7804
ERR13927574.3215	1804	18.8548
ERR13927574.3216	1589	18.7823
ERR13927574.3217	1602	18.5106
ERR13927574.3218	1593	18.1080
ERR13927574.3219	1623	15.8343
ERR13927574.3220	1563	16.4683
ERR13927574.3221	1603	19.4173
ERR13927574.3222	1561	18.7406
ERR13927574.3223	1578	17.6166
ERR13927574.3224	1555	19.0611
ERR13927574.3225	1609	20.2679
ERR13927574.3226	1572	16.8461
ERR13927574.3227	1523	16.1366
ERR13927574.3228	1612	21.4163
ERR13927574.3229	1546	20.5265
ERR13927574.3230	1599	17.8155
ERR13927574.3231	1552	18.9465
ERR13927574.3232	1574	18.1518
ERR13927574.3233	431	19.6497
ERR13927574.3234	1588	20.5699
ERR13927574.3235	1194	16.5720
ERR13927574.3236	1611	19.5016
ERR13927574.3237	1565	17.4006
ERR13927574.3238	1588	19.4370
ERR13927574.3239	1147	17.7925
ERR13927574.3240	1552	18.0451
ERR13927574.3241	1543	16.3195
ERR13927574.3242	1591	19.3407
ERR13927574.3243	1573	16.3249
ERR13927574.3244	1551	17.9542
ERR13927574.3245	1586	19.3216
ERR13927574.3246	1572	19.1819
ERR13927574.3247	1535	15.1694
ERR13927574.3248	1601	16.5041
ERR13927574.3249	1567	19.0606
ERR13927574.3250	1573	22.7724
ERR13927574.3251	1561	18.5432
ERR13927574.3252	1594	19.9611
ERR13927574.3253	1571	21.4424
ERR13927574.3254	1562	17.9923
ERR13927574.3255	1599	19.7855
ERR13927574.3256	1599	20.2514
ERR13927574.3257	1582	18.8590
ERR13927574.3258	1619	16.8660
ERR13927574.3259	1585	19.3950
ERR13927574.3260	1614	18.8395
ERR13927574.3261	1589	18.5758
ERR13927574.3262	1549	15.8147
ERR13927574.3263	1626	17.9625
ERR13927574.3264	1547	14.3588
ERR13927574.3265	1611	20.8380
ERR13927574.3266	1550	15.9187
ERR13927574.3267	1550	17.9458
ERR13927574.3268	1617	17.9944
ERR13927574.3269	1548	21.0911
ERR13927574.3270	1587	19.3819
ERR13927574.3271	1577	19.0488
ERR13927574.3272	1554	19.7941
ERR13927574.3273	1583	16.2805
ERR13927574.3274	1563	19.9181
ERR13927574.3275	1522	14.9402
ERR13927574.3276	1561	20.0621
ERR13927574.3277	1579	16.4262
ERR13927574.3278	1551	18.0683
ERR13927574.3279	1610	20.1180
ERR13927574.3280	1600	19.8631
ERR13927574.3281	1577	19.9759
ERR13927574.3282	1582	19.8837
ERR13927574.3283	1588	21.3804
ERR13927574.3284	1600	15.4356
ERR13927574.3285	1109	18.0784
ERR13927574.3286	1600	21.1612
ERR13927574.3287	188	13.6277
ERR13927574.3288	1574	15.6582
ERR13927574.3289	1700	20.2024
ERR13927574.3290	1586	18.5864
ERR13927574.3291	1604	18.7263
ERR13927574.3292	1593	19.8964
ERR13927574.3293	1556	19.8927
ERR13927574.3294	1607	20.1294
ERR13927574.3295	1561	19.8796
ERR13927574.3296	1573	21.8487
ERR13927574.3297	1679	20.9815
ERR13927574.3298	1600	17.5169
ERR13927574.3299	1713	17.0251
ERR13927574.3300	1606	21.3661
ERR13927574.3301	1558	21.4750
ERR13927574.3302	1638	17.5836
ERR13927574.3303	1549	20.8192
ERR13927574.3304	1578	18.9956
ERR13927574.3305	1585	19.5703
ERR13927574.3306	1589	20.7514
ERR13927574.3307	1584	20.8277
ERR13927574.3308	1596	18.9994
ERR13927574.3309	1568	15.3871
ERR13927574.3310	1305	20.6176
ERR13927574.3311	1630	17.0350
ERR13927574.3312	1607	18.6683
ERR13927574.3313	1602	19.1167
ERR13927574.3314	1594	18.4297
ERR13927574.3315	1526	16.0347
ERR13927574.3316	1574	20.3806
ERR13927574.3317	1567	18.6382
ERR13927574.3318	1575	20.3467
ERR13927574.3319	1567	18.6860
ERR13927574.3320	1563	14.6347
ERR13927574.3321	1614	16.1784
ERR13927574.3322	1553	18.7405
ERR13927574.3323	1602	19.4201
ERR13927574.3324	1522	17.3219
ERR13927574.3325	1555	19.5498
ERR13927574.3326	1580	16.7519
ERR13927574.3327	1546	19.3583
ERR13927574.3328	1579	15.9215
ERR13927574.3329	1591	19.3400
ERR13927574.3330	1585	20.9653
ERR13927574.3331	1560	19.1468
ERR13927574.3332	1595	19.1787
ERR13927574.3333	1530	19.3895
ERR13927574.3334	1580	17.1684
ERR13927574.3335	1577	18.9074
ERR13927574.3336	1567	15.9004
ERR13927574.3337	1643	18.4388
ERR13927574.3338	1565	21.3974
ERR13927574.3339	1566	19.1034
ERR13927574.3340	1479	15.7600
ERR13927574.3341	1601	19.5778
ERR13927574.3342	1572	18.1088
ERR13927574.3343	1560	17.7949
ERR13927574.3344	1586	19.5895
ERR13927574.3345	1584	20.1938
ERR13927574.3346	1588	18.4433
ERR13927574.3347	1578	17.2643
ERR13927574.3348	1607	18.4673
ERR13927574.3349	1542	20.5305
ERR13927574.3350	1602	18.6804
ERR13927574.3351	1593	17.0163
ERR13927574.3352	1615	21.0985
ERR13927574.3353	1567	15.9943
ERR13927574.3354	1562	18.3809
ERR13927574.3355	1568	16.9139
ERR13927574.3356	1560	17.9103
ERR13927574.3357	1616	18.2531
ERR13927574.3358	1589	20.2398
ERR13927574.3359	1593	18.2015
ERR13927574.3360	1575	17.2737
ERR13927574.3361	1606	19.2105
ERR13927574.3362	1615	17.7146
ERR13927574.3363	1595	15.7586
ERR13927574.3364	1557	17.3353
ERR13927574.3365	1549	20.1382
ERR13927574.3366	1599	19.7767
ERR13927574.3367	1606	20.7447
ERR13927574.3368	1577	15.4699
ERR13927574.3369	1562	21.8393
ERR13927574.3370	1566	14.4770
ERR13927574.3371	1615	19.6235
ERR13927574.3372	1586	18.0347
ERR13927574.3373	1531	14.7270
ERR13927574.3374	1568	19.7647
ERR13927574.3375	1604	16.2993
ERR13927574.3376	1562	18.2721
ERR13927574.3377	1565	19.0550
ERR13927574.3378	1570	20.5955
ERR13927574.3379	1574	19.1525
ERR13927574.3380	1613	18.4687
ERR13927574.3381	1585	16.0549
ERR13927574.3382	1617	17.6778
ERR13927574.3383	1570	19.2573
ERR13927574.3384	1055	19.9706
ERR13927574.3385	190	13.8526
ERR13927574.3386	1612	19.9901
ERR13927574.3387	919	17.6039
ERR13927574.3388	1565	15.5188
ERR13927574.3389	1548	17.6363
ERR13927574.3390	1610	18.4615
ERR13927574.3391	1579	19.3382
ERR13927574.3392	1539	14.9448
ERR13927574.3393	1581	18.3023
ERR13927574.3394	1605	19.0854
ERR13927574.3395	1583	17.7840
ERR13927574.3396	1540	17.5883
ERR13927574.3397	1562	20.3681
ERR13927574.3398	1585	19.8700
ERR13927574.3399	1612	22.4231
ERR13927574.3400	1585	16.1773
ERR13927574.3401	1545	16.5172
ERR13927574.3402	1606	22.1077
ERR13927574.3403	1547	18.5268
ERR13927574.3404	1552	18.1134
ERR13927574.3405	1558	16.7619
ERR13927574.3406	1612	17.0931
ERR13927574.3407	1592	17.7054
ERR13927574.3408	1594	19.2541
ERR13927574.3409	1545	17.0874
ERR13927574.3410	1466	14.2954
ERR13927574.3411	1588	16.3451
ERR13927574.3412	1573	21.2498
ERR13927574.3413	1549	19.3415
ERR13927574.3414	1584	17.2715
ERR13927574.3415	1107	17.9341
ERR13927574.3416	1536	15.9206
ERR13927574.3417	1609	18.6339
ERR13927574.3418	1608	15.6710
ERR13927574.3419	1616	18.6467
ERR13927574.3420	1545	17.0518
ERR13927574.3421	1594	20.1731
ERR13927574.3422	1582	21.1037
ERR13927574.3423	1580	13.9304
ERR13927574.3424	1601	19.8132
ERR13927574.3425	1722	16.4803
ERR13927574.3426	903	20.7530
ERR13927574.3427	1555	19.3010
ERR13927574.3428	1414	19.0368
ERR13927574.3429	1546	20.7206
ERR13927574.3430	1578	19.6027
ERR13927574.3431	1610	18.8292
ERR13927574.3432	1298	16.7188
ERR13927574.3433	1540	21.6227
ERR13927574.3434	1610	20.4708
ERR13927574.3435	1572	17.8734
ERR13927574.3436	1591	19.7159
ERR13927574.3437	1590	19.7654
ERR13927574.3438	1589	17.4575
ERR13927574.3439	1616	20.3255
ERR13927574.3440	1604	18.6153
ERR13927574.3441	1569	20.4627
ERR13927574.3442	1553	19.2679
ERR13927574.3443	1584	19.5619
ERR13927574.3444	1621	20.4343
ERR13927574.3445	1619	17.1093
ERR13927574.3446	1553	18.5428
ERR13927574.3447	1560	19.8744
ERR13927574.3448	1604	21.0474
ERR13927574.3449	1599	18.0275
ERR13927574.3450	1538	19.9096
ERR13927574.3451	1608	19.3128
ERR13927574.3452	1618	16.5383
ERR13927574.3453	1572	21.4968
ERR13927574.3454	1568	19.0542
ERR13927574.3455	1602	19.3333
ERR13927574.3456	1610	22.2391
ERR13927574.3457	1608	20.9882
ERR13927574.3458	1555	16.7421
ERR13927574.3459	1592	21.8235
ERR13927574.3460	1574	20.7973
ERR13927574.3461	1595	20.0107
ERR13927574.3462	1595	18.6633
ERR13927574.3463	1560	16.6417
ERR13927574.3464	1589	17.1580
ERR13927574.3465	1582	20.3673
ERR13927574.3466	1603	19.3880
ERR13927574.3467	1502	17.1172
ERR13927574.3468	1597	20.8773
ERR13927574.3469	1619	18.9778
ERR13927574.3470	1609	17.0174
ERR13927574.3471	1610	19.4652
ERR13927574.3472	1572	19.7952
ERR13927574.3473	1565	18.2882
ERR13927574.3474	1582	19.2162
ERR13927574.3475	1513	14.0059
ERR13927574.3476	1587	19.1374
ERR13927574.3477	1559	17.9910
ERR13927574.3478	2090	19.5957
ERR13927574.3479	1576	18.3534
ERR13927574.3480	1600	18.7644
ERR13927574.3481	1545	18.6330
ERR13927574.3482	1573	17.3598
ERR13927574.3483	1556	18.6960
ERR13927574.3484	1568	18.8648
ERR13927574.3485	1574	15.9892
ERR13927574.3486	1553	16.8558
ERR13927574.3487	1553	15.5428
ERR13927574.3488	1568	18.7105
ERR13927574.3489	1610	16.3217
ERR13927574.3490	1554	17.8964
ERR13927574.3491	1570	15.1255
ERR13927574.3492	1583	18.4839
ERR13927574.3493	1601	18.3985
ERR13927574.3494	1571	19.9968
ERR13927574.3495	1586	19.1393
ERR13927574.3496	1519	21.7360
ERR13927574.3497	1545	15.4142
ERR13927574.3498	1609	20.5457
ERR13927574.3499	1581	19.8893
ERR13927574.3500	1560	19.9603
ERR13927574.3501	1548	15.7151
ERR13927574.3502	1596	18.7431
ERR13927574.3503	1595	17.0445
ERR13927574.3504	1557	19.4695
ERR13927574.3505	1547	18.5333
ERR13927574.3506	1541	20.0357
ERR13927574.3507	1571	21.7046
ERR13927574.3508	1600	20.3888
ERR13927574.3509	1555	19.8219
ERR13927574.3510	1569	20.5233
ERR13927574.3511	1604	20.3024
ERR13927574.3512	1569	19.9344
ERR13927574.3513	1563	20.5681
ERR13927574.3514	1630	16.8049
ERR13927574.3515	1586	20.8777
ERR13927574.3516	1587	21.1437
ERR13927574.3517	1572	18.7284
ERR13927574.3518	1539	17.7212
ERR13927574.3519	1559	19.9198
ERR13927574.3520	1600	17.3306
ERR13927574.3521	821	18.0865
ERR13927574.3522	1578	18.0463
ERR13927574.3523	1603	15.7449
ERR13927574.3524	1654	18.2739
ERR13927574.3525	1285	19.6171
ERR13927574.3526	1570	16.6134
ERR13927574.3527	1560	19.6859
ERR13927574.3528	1474	14.7449
ERR13927574.3529	1585	20.3211
ERR13927574.3530	1564	19.2583
ERR13927574.3531	1552	18.0406
ERR13927574.3532	1467	15.9789
ERR13927574.3533	1564	18.6157
ERR13927574.3534	1608	19.6611
ERR13927574.3535	1565	18.8428
ERR13927574.3536	1586	17.7396
ERR13927574.3537	1574	20.6283
ERR13927574.3538	1587	15.4234
ERR13927574.3539	1540	19.7571
ERR13927574.3540	1574	19.4543
ERR13927574.3541	1584	17.6174
ERR13927574.3542	1574	20.0235
ERR13927574.3543	1576	17.3858
ERR13927574.3544	1584	19.3807
ERR13927574.3545	1570	16.0197
ERR13927574.3546	1548	21.8456
ERR13927574.3547	1600	17.6475
ERR13927574.3548	1471	20.8090
ERR13927574.3549	1592	14.9774
ERR13927574.3550	1583	21.4662
ERR13927574.3551	1541	19.9695
ERR13927574.3552	1585	20.1678
ERR13927574.3553	1591	18.3180
ERR13927574.3554	1543	17.7272
ERR13927574.3555	1569	17.1211
ERR13927574.3556	1597	16.7182
ERR13927574.3557	1558	16.7510
ERR13927574.3558	1458	18.7209
ERR13927574.3559	1587	16.1890
ERR13927574.3560	1606	20.0903
ERR13927574.3561	1534	17.7966
ERR13927574.3562	1588	17.4370
ERR13927574.3563	1705	19.4129
ERR13927574.3564	1592	17.7726
ERR13927574.3565	1501	19.0826
ERR13927574.3566	1534	17.1258
ERR13927574.3567	1609	19.5270
ERR13927574.3568	1595	14.4326
ERR13927574.3569	1596	19.9693
ERR13927574.3570	1573	16.7317
ERR13927574.3571	1552	20.5348
ERR13927574.3572	1557	15.9056
ERR13927574.3573	1571	15.9529
ERR13927574.3574	1559	19.2681
ERR13927574.3575	1546	16.4243
ERR13927574.3576	1598	19.8692
ERR13927574.3577	1567	20.6305
ERR13927574.3578	1524	16.9692
ERR13927574.3579	1553	17.5898
ERR13927574.3580	1571	16.2209
ERR13927574.3581	1588	14.7928
ERR13927574.3582	1532	16.9850
ERR13927574.3583	3172	18.4445
ERR13927574.3584	1560	19.0263
ERR13927574.3585	1570	17.3389
ERR13927574.3586	1604	18.2718
ERR13927574.3587	1571	20.5481
ERR13927574.3588	1551	18.6828
ERR13927574.3589	1576	21.0025
ERR13927574.3590	1563	21.1356
ERR13927574.3591	1578	18.6977
ERR13927574.3592	1561	18.2466
ERR13927574.3593	1610	18.3665
ERR13927574.3594	1548	19.3236
ERR13927574.3595	1562	20.4123
ERR13927574.3596	1562	16.1524
ERR13927574.3597	1550	17.8432
ERR13927574.3598	1552	20.2068
ERR13927574.3599	1571	16.6346
ERR13927574.3600	1547	17.5333
ERR13927574.3601	1573	18.8029
ERR13927574.3602	1564	15.4137
ERR13927574.3603	1592	17.7707
ERR13927574.3604	1565	17.0748
ERR13927574.3605	1588	17.5403
ERR13927574.3606	1564	17.8223
ERR13927574.3607	1574	15.6156
ERR13927574.3608	1598	16.3911
ERR13927574.3609	1618	16.6792
ERR13927574.3610	1554	18.3095
ERR13927574.3611	1580	16.4848
ERR13927574.3612	1579	17.0627
ERR13927574.3613	183	15.7541
ERR13927574.3614	1574	18.1728
ERR13927574.3615	1550	18.6735
ERR13927574.3616	1638	16.6661
ERR13927574.3617	1574	15.5407
ERR13927574.3618	1550	19.7458
ERR13927574.3619	1529	16.9339
ERR13927574.3620	1579	18.9050
ERR13927574.3621	1597	19.0870
ERR13927574.3622	1567	19.6299
ERR13927574.3623	1579	17.4123
ERR13927574.3624	1547	19.1500
ERR13927574.3625	1572	16.4905
ERR13927574.3626	1561	17.9481
ERR13927574.3627	1605	16.6143
ERR13927574.3628	1588	18.5825
ERR13927574.3629	1545	17.0744
ERR13927574.3630	1562	20.1172
ERR13927574.3631	1630	16.1828
ERR13927574.3632	1558	15.0732
ERR13927574.3633	1585	16.1338
ERR13927574.3634	1587	19.4001
ERR13927574.3635	1608	20.7879
ERR13927574.3636	1580	16.6975
ERR13927574.3637	1605	17.9053
ERR13927574.3638	1581	17.1815
ERR13927574.3639	1584	17.6806
ERR13927574.3640	1574	23.2668
ERR13927574.3641	1588	19.9906
ERR13927574.3642	1605	19.4548
ERR13927574.3643	1537	15.7450
ERR13927574.3644	1571	17.9586
ERR13927574.3645	1546	18.6417
ERR13927574.3646	1540	17.4513
ERR13927574.3647	1516	16.0073
ERR13927574.3648	1560	19.5660
ERR13927574.3649	1608	15.1940
ERR13927574.3650	1574	19.0699
ERR13927574.3651	1584	15.2614
ERR13927574.3652	1580	18.1304
ERR13927574.3653	1567	15.2036
ERR13927574.3654	1593	21.4959
ERR13927574.3655	1586	16.4313
ERR13927574.3656	1552	17.1501
ERR13927574.3657	1577	15.2365
ERR13927574.3658	1578	18.4873
ERR13927574.3659	1571	17.1038
ERR13927574.3660	1574	21.1684
ERR13927574.3661	1655	15.9142
ERR13927574.3662	1532	17.0842
ERR13927574.3663	1588	15.5913
ERR13927574.3664	1611	19.8479
ERR13927574.3665	1581	14.9766
ERR13927574.3666	1623	20.7745
ERR13927574.3667	1604	18.7824
ERR13927574.3668	1573	17.5016
ERR13927574.3669	1588	18.2254
ERR13927574.3670	1584	17.6263
ERR13927574.3671	1601	20.0600
ERR13927574.3672	1520	17.9401
ERR13927574.3673	1554	18.8662
ERR13927574.3674	1580	18.5329
ERR13927574.3675	1626	17.4508
ERR13927574.3676	1594	20.3450
ERR13927574.3677	1502	17.1518
ERR13927574.3678	1526	19.3925
ERR13927574.3679	1590	19.6164
ERR13927574.3680	1607	17.9994
ERR13927574.3681	1605	17.1589
ERR13927574.3682	1562	15.7446
ERR13927574.3683	1573	18.7705
ERR13927574.3684	1578	17.0678
ERR13927574.3685	1629	17.6151
ERR13927574.3686	1559	19.2925
ERR13927574.3687	1547	17.3025
ERR13927574.3688	1548	20.6751
ERR13927574.3689	1573	18.1144
ERR13927574.3690	1606	15.9091
ERR13927574.3691	1589	18.1498
ERR13927574.3692	1524	17.1673
ERR13927574.3693	1600	20.0644
ERR13927574.3694	1595	19.1404
ERR13927574.3695	1562	17.5672
ERR13927574.3696	913	16.8970
ERR13927574.3697	1585	17.5041
ERR13927574.3698	1606	20.3674
ERR13927574.3699	1565	18.8038
ERR13927574.3700	1571	17.0617
ERR13927574.3701	1597	19.1177
ERR13927574.3702	1593	19.0835
ERR13927574.3703	1570	15.1000
ERR13927574.3704	1502	15.8602
ERR13927574.3705	1587	18.1871
ERR13927574.3706	1547	19.8429
ERR13927574.3707	1617	19.3989
ERR13927574.3708	470	16.5511
ERR13927574.3709	1549	17.0433
ERR13927574.3710	1590	19.9226
ERR13927574.3711	1569	15.7750
ERR13927574.3712	1583	18.0929
ERR13927574.3713	1615	19.4471
ERR13927574.3714	1581	20.3049
ERR13927574.3715	1566	17.0728
ERR13927574.3716	1673	15.7705
ERR13927574.3717	1573	19.6370
ERR13927574.3718	182	17.4780
ERR13927574.3719	1602	21.2253
ERR13927574.3720	1089	17.9844
ERR13927574.3721	1545	18.6557
ERR13927574.3722	1561	17.6797
ERR13927574.3723	1528	15.8822
ERR13927574.3724	1587	17.0088
ERR13927574.3725	1549	17.0297
ERR13927574.3726	1584	19.0562
ERR13927574.3727	1582	18.6561
ERR13927574.3728	184	11.9185
ERR13927574.3729	1579	19.0937
ERR13927574.3730	1551	16.6319
ERR13927574.3731	1574	17.7529
ERR13927574.3732	1571	17.2743
ERR13927574.3733	1573	21.1297
ERR13927574.3734	1539	18.8369
ERR13927574.3735	1571	16.6932
ERR13927574.3736	1596	16.9724
ERR13927574.3737	1559	16.9474
ERR13927574.3738	1575	17.8730
ERR13927574.3739	1613	19.5871
ERR13927574.3740	1606	19.7615
ERR13927574.3741	1566	16.3059
ERR13927574.3742	1602	19.4888
ERR13927574.3743	1569	19.5539
ERR13927574.3744	1584	16.5398
ERR13927574.3745	1594	19.2911
ERR13927574.3746	1567	17.7020
ERR13927574.3747	1529	18.3172
ERR13927574.3748	1560	17.5910
ERR13927574.3749	1605	17.6710
ERR13927574.3750	1570	16.2968
ERR13927574.3751	1570	19.1605
ERR13927574.3752	1560	20.8006
ERR13927574.3753	1585	20.9849
ERR13927574.3754	1617	15.7811
ERR13927574.3755	1560	16.4571
ERR13927574.3756	1537	16.9382
ERR13927574.3757	1584	19.0480
ERR13927574.3758	1600	18.6550
ERR13927574.3759	1583	17.0164
ERR13927574.3760	1583	16.9558
ERR13927574.3761	1586	16.8474
ERR13927574.3762	1531	15.3854
ERR13927574.3763	1615	18.6248
ERR13927574.3764	1554	19.6351
ERR13927574.3765	1570	15.7268
ERR13927574.3766	1559	18.6818
ERR13927574.3767	1611	18.7796
ERR13927574.3768	1558	17.3716
ERR13927574.3769	1559	16.9307
ERR13927574.3770	1546	17.2354
ERR13927574.3771	1568	18.8323
ERR13927574.3772	1530	13.7203
ERR13927574.3773	1532	17.4060
ERR13927574.3774	1618	21.4981
ERR13927574.3775	1598	19.2891
ERR13927574.3776	1572	17.9746
ERR13927574.3777	1376	18.4942
ERR13927574.3778	1598	18.6990
ERR13927574.3779	1599	19.1632
ERR13927574.3780	1569	20.2785
ERR13927574.3781	1413	18.0934
ERR13927574.3782	1568	20.2628
ERR13927574.3783	1570	16.6331
ERR13927574.3784	1558	16.3601
ERR13927574.3785	1559	14.7492
ERR13927574.3786	1592	17.1143
ERR13927574.3787	1600	15.3225
ERR13927574.3788	1582	22.5664
ERR13927574.3789	1572	16.4975
ERR13927574.3790	1570	17.6726
ERR13927574.3791	1579	20.1590
ERR13927574.3792	1627	18.5120
ERR13927574.3793	1601	19.8220
ERR13927574.3794	1566	16.5006
ERR13927574.3795	1581	19.1777
ERR13927574.3796	1561	17.0871
ERR13927574.3797	1576	16.8008
ERR13927574.3798	1585	16.7823
ERR13927574.3799	1591	21.2483
ERR13927574.3800	1613	16.8227
ERR13927574.3801	1629	18.8938
ERR13927574.3802	1593	19.6058
ERR13927574.3803	1577	18.5029
ERR13927574.3804	1567	15.1098
ERR13927574.3805	1513	16.4990
ERR13927574.3806	1597	19.3006
ERR13927574.3807	1525	17.8289
ERR13927574.3808	1556	19.6330
ERR13927574.3809	1564	20.0678
ERR13927574.3810	1561	21.7367
ERR13927574.3811	1605	18.7826
ERR13927574.3812	1610	15.1534
ERR13927574.3813	1619	17.4614
ERR13927574.3814	1550	18.1323
ERR13927574.3815	1554	20.0849
ERR13927574.3816	1565	17.6792
ERR13927574.3817	1563	17.6513
ERR13927574.3818	1589	20.2410
ERR13927574.3819	1555	17.1640
ERR13927574.3820	1577	15.9658
ERR13927574.3821	1595	20.0721
ERR13927574.3822	1599	18.0331
ERR13927574.3823	1574	16.2503
ERR13927574.3824	1537	16.5862
ERR13927574.3825	1571	18.0102
ERR13927574.3826	1591	16.9824
ERR13927574.3827	1583	17.7909
ERR13927574.3828	1548	16.1072
ERR13927574.3829	1599	20.3940
ERR13927574.3830	1572	19.3658
ERR13927574.3831	1545	19.2544
ERR13927574.3832	1602	20.4376
ERR13927574.3833	1563	21.1235
ERR13927574.3834	1585	19.8076
ERR13927574.3835	1634	18.4113
ERR13927574.3836	1541	19.2959
ERR13927574.3837	1536	16.5358
ERR13927574.3838	1561	20.3607
ERR13927574.3839	1596	16.7312
ERR13927574.3840	1576	19.2392
ERR13927574.3841	1624	19.0634
ERR13927574.3842	1595	19.5994
ERR13927574.3843	1577	19.0235
ERR13927574.3844	1721	18.6764
ERR13927574.3845	1602	16.8758
ERR13927574.3846	3103	19.8608
ERR13927574.3847	1549	19.0497
ERR13927574.3848	1567	17.6879
ERR13927574.3849	1591	18.5927
ERR13927574.3850	1577	16.8129
ERR13927574.3851	1564	16.9060
ERR13927574.3852	1602	15.6598
ERR13927574.3853	1584	19.2027
ERR13927574.3854	1593	19.7841
ERR13927574.3855	1555	20.2842
ERR13927574.3856	1566	17.7573
ERR13927574.3857	1756	21.3946
ERR13927574.3858	1584	20.3706
ERR13927574.3859	1571	20.5742
ERR13927574.3860	1493	15.9900
ERR13927574.3861	1560	14.3596
ERR13927574.3862	1623	20.6864
ERR13927574.3863	2337	18.3398
ERR13927574.3864	1554	18.7490
ERR13927574.3865	1553	18.4314
ERR13927574.3866	1576	17.5381
ERR13927574.3867	1614	20.1760
ERR13927574.3868	1578	19.4379
ERR13927574.3869	1559	21.0802
ERR13927574.3870	1601	16.9350
ERR13927574.3871	1627	19.2084
ERR13927574.3872	1542	16.2477
ERR13927574.3873	1607	14.9166
ERR13927574.3874	1568	20.1824
ERR13927574.3875	1755	19.7801
ERR13927574.3876	1547	15.9968
ERR13927574.3877	1573	20.7502
ERR13927574.3878	1575	19.5270
ERR13927574.3879	1595	19.9379
ERR13927574.3880	1598	19.1683
ERR13927574.3881	1597	20.1421
ERR13927574.3882	1585	18.5508
ERR13927574.3883	1577	17.1046
ERR13927574.3884	1559	16.3457
ERR13927574.3885	1573	19.4952
ERR13927574.3886	1580	16.3120
ERR13927574.3887	1596	17.4774
ERR13927574.3888	1573	18.8754
ERR13927574.3889	1551	17.1057
ERR13927574.3890	1581	18.1784
ERR13927574.3891	1241	19.0008
ERR13927574.3892	1552	19.9684
ERR13927574.3893	1573	21.2295
ERR13927574.3894	1571	18.4723
ERR13927574.3895	1600	19.2175
ERR13927574.3896	1609	17.9099
ERR13927574.3897	1619	19.9994
ERR13927574.3898	1595	19.4006
ERR13927574.3899	1603	19.8010
ERR13927574.3900	1549	19.3964
ERR13927574.3901	956	14.5994
ERR13927574.3902	1606	18.0330
ERR13927574.3903	1519	16.2021
ERR13927574.3904	1581	17.6939
ERR13927574.3905	1616	18.0359
ERR13927574.3906	1604	18.7188
ERR13927574.3907	1603	18.3575
ERR13927574.3908	1559	18.5523
ERR13927574.3909	1597	17.7082
ERR13927574.3910	1465	14.5877
ERR13927574.3911	1503	19.9268
ERR13927574.3912	1579	16.8987
ERR13927574.3913	1575	14.8444
ERR13927574.3914	1670	16.0317
ERR13927574.3915	1547	17.4680
ERR13927574.3916	1586	15.9710
ERR13927574.3917	1531	16.0627
ERR13927574.3918	1586	16.6463
ERR13927574.3919	1587	18.6030
ERR13927574.3920	1562	19.8572
ERR13927574.3921	1559	21.0911
ERR13927574.3922	1570	16.6924
ERR13927574.3923	1612	20.4895
ERR13927574.3924	1549	17.0090
ERR13927574.3925	1590	17.4006
ERR13927574.3926	1552	20.4362
ERR13927574.3927	1553	16.4907
ERR13927574.3928	1585	18.8909
ERR13927574.3929	307	22.4300
ERR13927574.3930	1536	18.0020
ERR13927574.3931	1586	18.1772
ERR13927574.3932	1564	19.9712
ERR13927574.3933	1614	19.6462
ERR13927574.3934	1555	19.4457
ERR13927574.3935	1606	17.9415
ERR13927574.3936	1597	19.8773
ERR13927574.3937	1581	16.8387
ERR13927574.3938	1517	17.4542
ERR13927574.3939	1613	20.1029
ERR13927574.3940	1493	15.0275
ERR13927574.3941	1616	15.9010
ERR13927574.3942	1583	15.2299
ERR13927574.3943	1582	19.7288
ERR13927574.3944	1602	18.5200
ERR13927574.3945	1540	17.5584
ERR13927574.3946	1600	18.6700
ERR13927574.3947	1616	15.6052
ERR13927574.3948	1600	20.1112
ERR13927574.3949	1588	16.1958
ERR13927574.3950	1555	17.0167
ERR13927574.3951	1586	17.2503
ERR13927574.3952	1612	16.9839
ERR13927574.3953	1549	19.8535
ERR13927574.3954	1555	18.8386
ERR13927574.3955	1587	19.9332
ERR13927574.3956	1571	16.9446
ERR13927574.3957	1559	16.8076
ERR13927574.3958	1550	17.1400
ERR13927574.3959	549	16.0801
ERR13927574.3960	1516	17.2995
ERR13927574.3961	1572	19.2557
ERR13927574.3962	1570	18.4484
ERR13927574.3963	1568	17.1645
ERR13927574.3964	1577	16.7616
ERR13927574.3965	1536	16.7311
ERR13927574.3966	1600	17.1425
ERR13927574.3967	449	16.0178
ERR13927574.3968	1541	14.7774
ERR13927574.3969	1597	18.1140
ERR13927574.3970	1572	20.3588
ERR13927574.3971	1592	20.6250
ERR13927574.3972	1504	15.2759
ERR13927574.3973	1608	20.2009
ERR13927574.3974	1534	15.0306
ERR13927574.3975	1555	18.8129
ERR13927574.3976	1520	16.0382
ERR13927574.3977	1585	20.6486
ERR13927574.3978	1552	20.5457
ERR13927574.3979	1558	20.5077
ERR13927574.3980	371	21.0916
ERR13927574.3981	1541	15.9630
ERR13927574.3982	189	17.4921
ERR13927574.3983	1388	17.3732
ERR13927574.3984	1411	16.6662
ERR13927574.3985	1595	18.2013
ERR13927574.3986	1612	21.0571
ERR13927574.3987	959	19.0042
ERR13927574.3988	1571	17.8383
ERR13927574.3989	1592	21.3361
ERR13927574.3990	1641	19.1584
ERR13927574.3991	1584	17.5107
ERR13927574.3992	1609	17.9521
ERR13927574.3993	1580	16.6747
ERR13927574.3994	1566	19.9317
ERR13927574.3995	1568	16.4139
ERR13927574.3996	1582	17.0051
ERR13927574.3997	1564	20.8926
ERR13927574.3998	1569	19.1287
ERR13927574.3999	1531	18.4572
ERR13927574.4000	1538	16.7770
ERR13927574.4001	1505	17.6983
ERR13927574.4002	1600	18.3981
ERR13927574.4003	1022	18.2446
ERR13927574.4004	1567	17.5310
ERR13927574.4005	1609	14.6097
ERR13927574.4006	1563	17.7351
ERR13927574.4007	1573	15.6898
ERR13927574.4008	1561	20.8911
ERR13927574.4009	180	14.2000
ERR13927574.4010	1576	20.1313
ERR13927574.4011	1570	16.4955
ERR13927574.4012	1609	20.6762
ERR13927574.4013	1430	16.9329
ERR13927574.4014	1301	20.7932
ERR13927574.4015	1568	17.9847
ERR13927574.4016	1556	16.8117
ERR13927574.4017	1610	17.8099
ERR13927574.4018	1564	18.9840
ERR13927574.4019	1580	17.4816
ERR13927574.4020	1602	16.4457
ERR13927574.4021	1579	19.4864
ERR13927574.4022	1555	18.8251
ERR13927574.4023	1564	17.3740
ERR13927574.4024	1546	18.7613
ERR13927574.4025	1768	15.8060
ERR13927574.4026	1585	20.6511
ERR13927574.4027	1551	18.6783
ERR13927574.4028	1571	18.3087
ERR13927574.4029	1498	15.5454
ERR13927574.4030	1562	19.5461
ERR13927574.4031	1591	20.4375
ERR13927574.4032	1578	17.4689
ERR13927574.4033	1601	20.5540
ERR13927574.4034	1499	15.3596
ERR13927574.4035	1569	15.1485
ERR13927574.4036	1551	18.2592
ERR13927574.4037	1570	19.5420
ERR13927574.4038	1555	17.5408
ERR13927574.4039	1600	16.9619
ERR13927574.4040	1588	17.6083
ERR13927574.4041	1578	17.6572
ERR13927574.4042	1577	19.2435
ERR13927574.4043	1510	16.9298
ERR13927574.4044	1548	18.1163
ERR13927574.4045	1638	20.7808
ERR13927574.4046	1557	19.9428
ERR13927574.4047	1580	19.7152
ERR13927574.4048	1632	18.3211
ERR13927574.4049	1564	16.5428
ERR13927574.4050	1585	16.8978
ERR13927574.4051	1592	18.4780
ERR13927574.4052	1585	17.4770
ERR13927574.4053	1545	16.3819
ERR13927574.4054	1590	17.9428
ERR13927574.4055	1579	20.3718
ERR13927574.4056	324	17.5772
ERR13927574.4057	1617	16.6351
ERR13927574.4058	1623	17.6852
ERR13927574.4059	1571	16.9153
ERR13927574.4060	1608	20.5311
ERR13927574.4061	1603	20.3768
ERR13927574.4062	1586	19.0151
ERR13927574.4063	1592	20.3028
ERR13927574.4064	1577	16.6633
ERR13927574.4065	1603	19.4579
ERR13927574.4066	1563	18.4754
ERR13927574.4067	1618	17.5550
ERR13927574.4068	1593	17.5267
ERR13927574.4069	1584	19.9962
ERR13927574.4070	1394	20.1212
ERR13927574.4071	1562	19.8739
ERR13927574.4072	1550	18.8690
ERR13927574.4073	1546	17.7160
ERR13927574.4074	1567	20.4352
ERR13927574.4075	1567	19.9164
ERR13927574.4076	1558	18.6027
ERR13927574.4077	1604	17.3778
ERR13927574.4078	1585	19.4221
ERR13927574.4079	752	20.7487
ERR13927574.4080	1556	17.8213
ERR13927574.4081	1569	18.0070
ERR13927574.4082	1605	19.7140
ERR13927574.4083	1568	19.0797
ERR13927574.4084	1578	16.8333
ERR13927574.4085	1582	17.0171
ERR13927574.4086	1555	19.1203
ERR13927574.4087	1616	22.5835
ERR13927574.4088	1570	19.4166
ERR13927574.4089	834	18.4353
ERR13927574.4090	1610	21.9894
ERR13927574.4091	1580	14.7329
ERR13927574.4092	1553	17.3496
ERR13927574.4093	1580	16.8816
ERR13927574.4094	1561	19.6605
ERR13927574.4095	1606	20.3387
ERR13927574.4096	1553	17.6291
ERR13927574.4097	1580	19.2335
ERR13927574.4098	1621	15.7668
ERR13927574.4099	1563	21.1798
ERR13927574.4100	1574	21.7922
ERR13927574.4101	1610	19.6863
ERR13927574.4102	1562	18.3713
ERR13927574.4103	1571	18.5703
ERR13927574.4104	1577	18.9436
ERR13927574.4105	1588	19.2733
ERR13927574.4106	1570	18.7000
ERR13927574.4107	1564	15.9680
ERR13927574.4108	1556	19.5084
ERR13927574.4109	1598	20.8073
ERR13927574.4110	1571	17.9580
ERR13927574.4111	1617	18.8448
ERR13927574.4112	1607	20.3404
ERR13927574.4113	1619	19.7801
ERR13927574.4114	1573	21.4851
ERR13927574.4115	1588	19.3048
ERR13927574.4116	1613	21.1135
ERR13927574.4117	1590	19.7604
ERR13927574.4118	1603	19.4417
ERR13927574.4119	1569	20.5921
ERR13927574.4120	1567	17.9075
ERR13927574.4121	1546	20.3532
ERR13927574.4122	1585	18.4833
ERR13927574.4123	1609	18.5314
ERR13927574.4124	1646	19.3560
ERR13927574.4125	1562	18.1722
ERR13927574.4126	1568	21.8112
ERR13927574.4127	1583	21.3481
ERR13927574.4128	1607	18.0137
ERR13927574.4129	1582	16.3894
ERR13927574.4130	1583	16.0644
ERR13927574.4131	1547	17.5850
ERR13927574.4132	1599	20.7692
ERR13927574.4133	1573	14.4603
ERR13927574.4134	1607	18.4704
ERR13927574.4135	1404	14.9608
ERR13927574.4136	1623	18.2766
ERR13927574.4137	1587	16.5961
ERR13927574.4138	1585	19.9937
ERR13927574.4139	1601	20.1006
ERR13927574.4140	1539	18.1280
ERR13927574.4141	1110	16.6036
ERR13927574.4142	1562	19.4859
ERR13927574.4143	1612	19.1315
ERR13927574.4144	1606	20.6196
ERR13927574.4145	1589	19.7495
ERR13927574.4146	1525	17.4931
ERR13927574.4147	1599	18.3383
ERR13927574.4148	1573	14.7419
ERR13927574.4149	1564	20.6771
ERR13927574.4150	1599	19.8993
ERR13927574.4151	1585	17.8341
ERR13927574.4152	1612	17.8685
ERR13927574.4153	1685	16.4950
ERR13927574.4154	1606	20.7646
ERR13927574.4155	1589	19.3833
ERR13927574.4156	1556	19.2937
ERR13927574.4157	1529	14.7129
ERR13927574.4158	1610	21.3578
ERR13927574.4159	1574	15.1391
ERR13927574.4160	1600	21.7712
ERR13927574.4161	1581	16.6705
ERR13927574.4162	1574	14.2090
ERR13927574.4163	1580	19.3918
ERR13927574.4164	1562	14.6524
ERR13927574.4165	1525	19.5869
ERR13927574.4166	1624	19.2863
ERR13927574.4167	1556	17.1581
ERR13927574.4168	1576	20.9429
ERR13927574.4169	1618	18.5253
ERR13927574.4170	1605	19.9433
ERR13927574.4171	1588	19.6014
ERR13927574.4172	1596	20.6723
ERR13927574.4173	1565	21.0728
ERR13927574.4174	1557	18.9326
ERR13927574.4175	1579	18.8157
ERR13927574.4176	1560	19.0288
ERR13927574.4177	1578	20.6046
ERR13927574.4178	1547	18.7376
ERR13927574.4179	1610	19.4137
ERR13927574.4180	1585	20.1596
ERR13927574.4181	1614	21.9436
ERR13927574.4182	787	19.0318
ERR13927574.4183	1565	18.4364
ERR13927574.4184	1630	20.5699
ERR13927574.4185	1580	17.3949
ERR13927574.4186	1574	19.0604
ERR13927574.4187	1598	18.8655
ERR13927574.4188	1563	16.4984
ERR13927574.4189	1560	19.0962
ERR13927574.4190	1579	19.4212
ERR13927574.4191	1589	18.8741
ERR13927574.4192	1607	20.3777
ERR13927574.4193	1562	19.1767
ERR13927574.4194	1575	20.0565
ERR13927574.4195	1582	18.8944
ERR13927574.4196	1591	21.8850
ERR13927574.4197	1517	15.3322
ERR13927574.4198	1592	20.6338
ERR13927574.4199	1590	18.0434
ERR13927574.4200	1559	19.8050
ERR13927574.4201	1574	16.9574
ERR13927574.4202	1609	21.1255
ERR13927574.4203	1580	16.7665
ERR13927574.4204	1548	15.5459
ERR13927574.4205	659	21.0683
ERR13927574.4206	1607	18.0336
ERR13927574.4207	1579	18.9645
ERR13927574.4208	1524	15.0978
ERR13927574.4209	1616	17.9616
ERR13927574.4210	1579	18.9101
ERR13927574.4211	1554	14.7934
ERR13927574.4212	1561	21.4337
ERR13927574.4213	1257	15.5338
ERR13927574.4214	1609	17.6439
ERR13927574.4215	1530	16.3582
ERR13927574.4216	1575	19.1067
ERR13927574.4217	1522	16.9271
ERR13927574.4218	1556	18.5167
ERR13927574.4219	1577	16.6322
ERR13927574.4220	1615	20.2446
ERR13927574.4221	1655	14.6592
ERR13927574.4222	1614	16.8594
ERR13927574.4223	1578	20.1863
ERR13927574.4224	1554	18.4273
ERR13927574.4225	1575	19.3898
ERR13927574.4226	1586	20.4042
ERR13927574.4227	1606	16.8667
ERR13927574.4228	1576	19.4404
ERR13927574.4229	1596	19.1222
ERR13927574.4230	1574	16.9066
ERR13927574.4231	1586	15.7894
ERR13927574.4232	1549	19.4829
ERR13927574.4233	1520	19.2362
ERR13927574.4234	1576	18.6212
ERR13927574.4235	1554	20.6705
ERR13927574.4236	1556	21.2172
ERR13927574.4237	1555	20.8116
ERR13927574.4238	1563	18.7678
ERR13927574.4239	1541	18.9176
ERR13927574.4240	1612	18.8797
ERR13927574.4241	1566	18.7407
ERR13927574.4242	1504	16.3783
ERR13927574.4243	1600	21.0775
ERR13927574.4244	1593	18.5097
ERR13927574.4245	1563	19.2028
ERR13927574.4246	1516	17.0587
ERR13927574.4247	1534	18.9987
ERR13927574.4248	805	16.2957
ERR13927574.4249	1563	20.7038
ERR13927574.4250	1521	17.9421
ERR13927574.4251	1570	19.8248
ERR13927574.4252	1567	18.1934
ERR13927574.4253	1618	17.5507
ERR13927574.4254	1578	18.2414
ERR13927574.4255	1577	16.2638
ERR13927574.4256	1587	20.6137
ERR13927574.4257	1573	17.7928
ERR13927574.4258	1554	15.1100
ERR13927574.4259	1533	16.6425
ERR13927574.4260	1581	19.1828
ERR13927574.4261	1595	18.2194
ERR13927574.4262	1581	18.8596
ERR13927574.4263	1567	14.9968
ERR13927574.4264	1634	18.4088
ERR13927574.4265	1602	17.8090
ERR13927574.4266	1554	19.4923
ERR13927574.4267	1598	18.2003
ERR13927574.4268	1603	19.3787
ERR13927574.4269	1603	17.1803
ERR13927574.4270	1604	19.3273
ERR13927574.4271	876	13.1393
ERR13927574.4272	1546	19.7180
ERR13927574.4273	1550	16.1110
ERR13927574.4274	1559	16.5106
ERR13927574.4275	1598	19.9693
ERR13927574.4276	1569	17.3741
ERR13927574.4277	1560	16.2859
ERR13927574.4278	1575	18.4990
ERR13927574.4279	1588	17.4786
ERR13927574.4280	1574	19.3062
ERR13927574.4281	1580	17.4019
ERR13927574.4282	1589	16.2901
ERR13927574.4283	1614	18.7856
ERR13927574.4284	1577	16.0900
ERR13927574.4285	755	19.3139
ERR13927574.4286	1614	20.0570
ERR13927574.4287	1605	22.5495
ERR13927574.4288	1560	16.4897
ERR13927574.4289	1606	21.0666
ERR13927574.4290	1559	17.0718
ERR13927574.4291	1591	20.1389
ERR13927574.4292	1628	16.1572
ERR13927574.4293	1567	18.7588
ERR13927574.4294	1603	16.2851
ERR13927574.4295	1614	18.6939
ERR13927574.4296	1622	20.4223
ERR13927574.4297	1553	16.5860
ERR13927574.4298	1535	18.4248
ERR13927574.4299	1593	20.3283
ERR13927574.4300	1457	20.4118
ERR13927574.4301	1544	16.3892
ERR13927574.4302	1572	19.2570
ERR13927574.4303	1555	19.2289
ERR13927574.4304	1570	18.9331
ERR13927574.4305	1573	18.6491
ERR13927574.4306	1578	18.9930
ERR13927574.4307	1603	18.3038
ERR13927574.4308	1567	20.7275
ERR13927574.4309	1566	16.7024
ERR13927574.4310	1613	17.4272
ERR13927574.4311	1596	19.5852
ERR13927574.4312	1570	18.3841
ERR13927574.4313	1604	19.7787
ERR13927574.4314	1579	15.2514
ERR13927574.4315	1592	18.8970
ERR13927574.4316	1561	20.3088
ERR13927574.4317	1604	19.5985
ERR13927574.4318	1596	20.3440
ERR13927574.4319	1561	20.1582
ERR13927574.4320	1575	16.7797
ERR13927574.4321	1594	14.1675
ERR13927574.4322	1221	15.7117
ERR13927574.4323	1573	20.7991
ERR13927574.4324	1596	18.5927
ERR13927574.4325	1588	16.6644
ERR13927574.4326	1575	15.4210
ERR13927574.4327	1557	19.9981
ERR13927574.4328	1585	18.0637
ERR13927574.4329	1607	19.1581
ERR13927574.4330	1551	19.6086
ERR13927574.4331	1602	18.8539
ERR13927574.4332	1529	17.4258
ERR13927574.4333	1683	17.0838
ERR13927574.4334	1595	16.0539
ERR13927574.4335	1597	20.3995
ERR13927574.4336	1560	18.1853
ERR13927574.4337	1557	18.1702
ERR13927574.4338	1629	19.4831
ERR13927574.4339	1565	20.1374
ERR13927574.4340	1600	18.3256
ERR13927574.4341	1586	21.1393
ERR13927574.4342	1558	18.2837
ERR13927574.4343	1559	18.8538
ERR13927574.4344	1578	19.2421
ERR13927574.4345	1622	20.4846
ERR13927574.4346	1594	21.2616
ERR13927574.4347	1562	16.9174
ERR13927574.4348	1688	19.5675
ERR13927574.4349	1621	17.8766
ERR13927574.4350	1556	15.6125
ERR13927574.4351	1563	19.4722
ERR13927574.4352	1590	15.7648
ERR13927574.4353	1614	20.1592
ERR13927574.4354	1596	17.6867
ERR13927574.4355	899	16.3315
ERR13927574.4356	408	16.1765
ERR13927574.4357	1568	19.2047
ERR13927574.4358	1600	19.7219
ERR13927574.4359	1592	19.3392
ERR13927574.4360	1529	19.1857
ERR13927574.4361	1542	18.9663
ERR13927574.4362	1607	17.8090
ERR13927574.4363	1598	18.4412
ERR13927574.4364	1604	14.4776
ERR13927574.4365	1563	18.5457
ERR13927574.4366	1542	16.2309
ERR13927574.4367	1545	20.9243
ERR13927574.4368	1558	18.7792
ERR13927574.4369	1580	17.6987
ERR13927574.4370	1564	18.1630
ERR13927574.4371	760	17.7671
ERR13927574.4372	1590	17.7805
ERR13927574.4373	1570	18.9006
ERR13927574.4374	1549	15.3363
ERR13927574.4375	1541	15.8105
ERR13927574.4376	1594	19.3212
ERR13927574.4377	1583	17.9135
ERR13927574.4378	1566	20.2395
ERR13927574.4379	1594	18.0721
ERR13927574.4380	1599	16.1639
ERR13927574.4381	1617	18.6834
ERR13927574.4382	1562	19.1479
ERR13927574.4383	1562	20.1645
ERR13927574.4384	1562	19.6216
ERR13927574.4385	1613	15.3782
ERR13927574.4386	1581	19.7438
ERR13927574.4387	1561	17.6823
ERR13927574.4388	1610	21.1509
ERR13927574.4389	1573	17.8303
ERR13927574.4390	1556	19.6234
ERR13927574.4391	1473	14.6198
ERR13927574.4392	1573	15.3140
ERR13927574.4393	1630	16.6736
ERR13927574.4394	1586	18.7692
ERR13927574.4395	1611	18.3470
ERR13927574.4396	1582	17.3786
ERR13927574.4397	1614	15.0719
ERR13927574.4398	337	13.4214
ERR13927574.4399	1569	14.3174
ERR13927574.4400	1551	16.1425
ERR13927574.4401	1584	18.9223
ERR13927574.4402	1530	15.9111
ERR13927574.4403	1551	21.6931
ERR13927574.4404	1547	16.9037
ERR13927574.4405	1611	17.1074
ERR13927574.4406	1566	16.2363
ERR13927574.4407	1591	19.6945
ERR13927574.4408	1626	18.0504
ERR13927574.4409	1541	17.6859
ERR13927574.4410	1646	17.6160
ERR13927574.4411	1528	16.2624
ERR13927574.4412	1583	21.7309
ERR13927574.4413	1595	23.1436
ERR13927574.4414	1563	16.9277
ERR13927574.4415	1521	15.1650
ERR13927574.4416	1636	17.7408
ERR13927574.4417	1549	20.5939
ERR13927574.4418	1557	20.1214
ERR13927574.4419	1561	20.8584
ERR13927574.4420	1550	20.8974
ERR13927574.4421	1587	19.0416
ERR13927574.4422	1593	19.2925
ERR13927574.4423	1588	21.2166
ERR13927574.4424	1568	16.4260
ERR13927574.4425	1588	16.6354
ERR13927574.4426	1575	18.1778
ERR13927574.4427	1560	17.5981
ERR13927574.4428	1580	17.7905
ERR13927574.4429	1515	15.7320
ERR13927574.4430	1563	16.5246
ERR13927574.4431	1547	18.2489
ERR13927574.4432	1571	19.6238
ERR13927574.4433	1563	16.8528
ERR13927574.4434	1564	20.1170
ERR13927574.4435	1618	22.1434
ERR13927574.4436	1557	18.3205
ERR13927574.4437	1573	19.6580
ERR13927574.4438	1600	19.8669
ERR13927574.4439	1580	18.8120
ERR13927574.4440	1587	20.7133
ERR13927574.4441	1562	17.2631
ERR13927574.4442	1567	16.4990
ERR13927574.4443	1596	19.8409
ERR13927574.4444	1602	21.3221
ERR13927574.4445	1557	16.4592
ERR13927574.4446	1555	16.9768
ERR13927574.4447	1560	17.0885
ERR13927574.4448	1564	18.2615
ERR13927574.4449	1573	17.5601
ERR13927574.4450	1603	18.5028
ERR13927574.4451	1628	19.8974
ERR13927574.4452	1610	18.1385
ERR13927574.4453	1563	16.5553
ERR13927574.4454	1571	20.0299
ERR13927574.4455	1566	17.0255
ERR13927574.4456	1565	21.9195
ERR13927574.4457	1609	17.2368
ERR13927574.4458	1554	14.6808
ERR13927574.4459	1560	21.3750
ERR13927574.4460	1553	17.9607
ERR13927574.4461	1602	18.7029
ERR13927574.4462	1556	16.6298
ERR13927574.4463	1598	19.6120
ERR13927574.4464	1540	15.8149
ERR13927574.4465	1598	20.9543
ERR13927574.4466	1566	16.0492
ERR13927574.4467	1584	20.9874
ERR13927574.4468	1559	19.3188
ERR13927574.4469	1191	19.5298
ERR13927574.4470	1619	18.6047
ERR13927574.4471	1593	19.0333
ERR13927574.4472	1570	18.1268
ERR13927574.4473	1587	16.8885
ERR13927574.4474	1550	18.8548
ERR13927574.4475	1580	20.3677
ERR13927574.4476	1610	19.3634
ERR13927574.4477	1606	18.9863
ERR13927574.4478	1555	16.5949
ERR13927574.4479	1602	17.1991
ERR13927574.4480	994	16.7958
ERR13927574.4481	1556	20.3053
ERR13927574.4482	1541	14.7742
ERR13927574.4483	1573	17.9631
ERR13927574.4484	1537	17.0332
ERR13927574.4485	1608	16.7152
ERR13927574.4486	1555	19.5788
ERR13927574.4487	1555	19.0045
ERR13927574.4488	1624	18.4784
ERR13927574.4489	1541	15.9604
ERR13927574.4490	1576	16.5825
ERR13927574.4491	1522	20.9277
ERR13927574.4492	1621	19.9087
ERR13927574.4493	1584	16.6730
ERR13927574.4494	1600	18.9163
ERR13927574.4495	1594	21.1317
ERR13927574.4496	1574	16.0324
ERR13927574.4497	1563	19.6967
ERR13927574.4498	1638	15.9774
ERR13927574.4499	1614	19.8711
ERR13927574.4500	1564	19.4226
ERR13927574.4501	1556	18.3162
ERR13927574.4502	1606	18.6862
ERR13927574.4503	1587	19.3340
ERR13927574.4504	1589	18.3908
ERR13927574.4505	1580	19.6671
ERR13927574.4506	1586	19.0422
ERR13927574.4507	1611	20.2843
ERR13927574.4508	1556	18.8895
ERR13927574.4509	1608	19.2718
ERR13927574.4510	1616	15.4202
ERR13927574.4511	1550	19.5226
ERR13927574.4512	1612	20.0875
ERR13927574.4513	1573	17.3198
ERR13927574.4514	1543	15.8931
ERR13927574.4515	1570	16.0408
ERR13927574.4516	1566	17.5434
ERR13927574.4517	1563	19.4472
ERR13927574.4518	1612	17.9591
ERR13927574.4519	1565	19.3981
ERR13927574.4520	1579	18.9208
ERR13927574.4521	1590	15.5862
ERR13927574.4522	1580	16.8177
ERR13927574.4523	1606	16.7796
ERR13927574.4524	1562	20.5160
ERR13927574.4525	1621	19.2733
ERR13927574.4526	1590	18.5031
ERR13927574.4527	1612	20.4448
ERR13927574.4528	1576	18.3623
ERR13927574.4529	1578	19.0336
ERR13927574.4530	1590	17.1333
ERR13927574.4531	1586	19.4477
ERR13927574.4532	1585	17.4524
ERR13927574.4533	1608	18.5323
ERR13927574.4534	1569	18.7591
ERR13927574.4535	1622	20.6048
ERR13927574.4536	1599	15.5422
ERR13927574.4537	1552	18.6637
ERR13927574.4538	1595	18.8947
ERR13927574.4539	1577	18.2156
ERR13927574.4540	1549	17.1104
ERR13927574.4541	1618	17.9679
ERR13927574.4542	1588	18.2796
ERR13927574.4543	1613	18.3633
ERR13927574.4544	1592	17.2789
ERR13927574.4545	1538	18.5683
ERR13927574.4546	1597	15.7909
ERR13927574.4547	1586	17.5385
ERR13927574.4548	1600	19.5175
ERR13927574.4549	1607	18.4007
ERR13927574.4550	1627	19.0000
ERR13927574.4551	1561	19.3203
ERR13927574.4552	1568	21.2372
ERR13927574.4553	1538	16.8732
ERR13927574.4554	1573	18.3897
ERR13927574.4555	3151	18.5785
ERR13927574.4556	629	16.3831
ERR13927574.4557	1554	19.8674
ERR13927574.4558	1596	16.8020
ERR13927574.4559	1609	19.0155
ERR13927574.4560	1532	17.0555
ERR13927574.4561	1584	17.8548
ERR13927574.4562	1611	18.7741
ERR13927574.4563	1561	17.7284
ERR13927574.4564	1570	21.7796
ERR13927574.4565	161	12.7019
ERR13927574.4566	1510	17.5106
ERR13927574.4567	1592	18.4925
ERR13927574.4568	1556	18.7706
ERR13927574.4569	1580	17.8570
ERR13927574.4570	1596	19.2419
ERR13927574.4571	1558	16.6772
ERR13927574.4572	1630	19.7135
ERR13927574.4573	1576	15.8001
ERR13927574.4574	1572	16.4268
ERR13927574.4575	1570	19.7089
ERR13927574.4576	1537	17.0924
ERR13927574.4577	1572	19.1463
ERR13927574.4578	1071	19.4753
ERR13927574.4579	1589	22.5249
ERR13927574.4580	1528	16.5510
ERR13927574.4581	1586	17.7522
ERR13927574.4582	1601	17.4722
ERR13927574.4583	1577	18.2150
ERR13927574.4584	1591	18.8856
ERR13927574.4585	1615	18.4743
ERR13927574.4586	1574	15.1550
ERR13927574.4587	1574	18.0699
ERR13927574.4588	1586	18.9414
ERR13927574.4589	1549	18.7476
ERR13927574.4590	1579	18.0380
ERR13927574.4591	1564	15.8613
ERR13927574.4592	1517	16.0448
ERR13927574.4593	1571	18.0605
ERR13927574.4594	1567	15.5373
ERR13927574.4595	1553	20.4185
ERR13927574.4596	1581	16.3681
ERR13927574.4597	1601	17.6240
ERR13927574.4598	1543	16.4537
ERR13927574.4599	1530	17.7523
ERR13927574.4600	1627	16.4671
ERR13927574.4601	1589	21.4216
ERR13927574.4602	1589	18.4500
ERR13927574.4603	1583	16.5559
ERR13927574.4604	1529	14.8149
ERR13927574.4605	1597	19.0526
ERR13927574.4606	1570	19.3229
ERR13927574.4607	1558	20.4390
ERR13927574.4608	1569	15.9860
ERR13927574.4609	1620	16.6012
ERR13927574.4610	1244	19.8810
ERR13927574.4611	1613	18.0905
ERR13927574.4612	1585	19.3274
ERR13927574.4613	1567	21.0957
ERR13927574.4614	1585	17.1975
ERR13927574.4615	1595	18.2157
ERR13927574.4616	1570	18.9516
ERR13927574.4617	1607	18.7355
ERR13927574.4618	1025	19.2868
ERR13927574.4619	1558	17.4435
ERR13927574.4620	1572	15.6069
ERR13927574.4621	1587	21.1689
ERR13927574.4622	1578	19.9157
ERR13927574.4623	1540	15.9331
ERR13927574.4624	991	18.0696
ERR13927574.4625	1576	16.1720
ERR13927574.4626	1610	17.9056
ERR13927574.4627	1572	18.6139
ERR13927574.4628	1582	19.2509
ERR13927574.4629	1601	19.6771
ERR13927574.4630	1353	17.5484
ERR13927574.4631	1617	19.4941
ERR13927574.4632	1574	18.8634
ERR13927574.4633	1577	18.3843
ERR13927574.4634	1571	20.6684
ERR13927574.4635	1625	21.6449
ERR13927574.4636	946	15.8140
ERR13927574.4637	1600	20.1506
ERR13927574.4638	1556	18.9897
ERR13927574.4639	1569	18.6762
ERR13927574.4640	1581	18.9304
ERR13927574.4641	1468	15.0368
ERR13927574.4642	1490	14.6235
ERR13927574.4643	1556	17.4679
ERR13927574.4644	1532	15.8440
ERR13927574.4645	1572	19.8162
ERR13927574.4646	1570	20.3955
ERR13927574.4647	1564	18.9527
ERR13927574.4648	1619	19.6448
ERR13927574.4649	262	16.4427
ERR13927574.4650	1631	19.1888
ERR13927574.4651	1562	15.2932
ERR13927574.4652	1575	20.5981
ERR13927574.4653	1619	17.1106
ERR13927574.4654	1562	21.0941
ERR13927574.4655	1585	18.2959
ERR13927574.4656	1119	18.3101
ERR13927574.4657	1589	20.0321
ERR13927574.4658	1571	19.7511
ERR13927574.4659	1586	16.0076
ERR13927574.4660	1570	18.3892
ERR13927574.4661	1574	18.6461
ERR13927574.4662	1556	18.4351
ERR13927574.4663	1560	17.6468
ERR13927574.4664	1590	15.7208
ERR13927574.4665	1603	18.2084
ERR13927574.4666	1562	18.4289
ERR13927574.4667	1559	15.2335
ERR13927574.4668	1605	21.2299
ERR13927574.4669	1552	18.3170
ERR13927574.4670	1311	17.5439
ERR13927574.4671	1563	20.8074
ERR13927574.4672	1586	20.9313
ERR13927574.4673	1607	17.1089
ERR13927574.4674	1568	16.2487
ERR13927574.4675	1511	16.6684
ERR13927574.4676	1692	17.8806
ERR13927574.4677	1586	21.2573
ERR13927574.4678	1617	21.0612
ERR13927574.4679	1603	16.2433
ERR13927574.4680	1568	19.4050
ERR13927574.4681	1585	20.6240
ERR13927574.4682	1604	17.0411
ERR13927574.4683	1618	20.3282
ERR13927574.4684	1609	18.5979
ERR13927574.4685	1182	19.6895
ERR13927574.4686	1570	19.4389
ERR13927574.4687	1506	17.6341
ERR13927574.4688	1553	15.4887
ERR13927574.4689	1586	16.6419
ERR13927574.4690	407	16.3808
ERR13927574.4691	1620	20.1543
ERR13927574.4692	1583	18.4277
ERR13927574.4693	1617	19.5207
ERR13927574.4694	1601	19.2342
ERR13927574.4695	1565	19.2371
ERR13927574.4696	1602	16.7990
ERR13927574.4697	1603	19.6126
ERR13927574.4698	1626	17.5283
ERR13927574.4699	1613	19.2294
ERR13927574.4700	3085	16.1374
ERR13927574.4701	1566	19.0837
ERR13927574.4702	1596	17.9637
ERR13927574.4703	1592	17.9962
ERR13927574.4704	1551	21.5390
ERR13927574.4705	1588	16.5894
ERR13927574.4706	1590	17.8176
ERR13927574.4707	1599	18.0400
ERR13927574.4708	1557	19.3038
ERR13927574.4709	1609	17.3884
ERR13927574.4710	1563	20.1344
ERR13927574.4711	1543	17.3415
ERR13927574.4712	1601	20.5609
ERR13927574.4713	1574	19.4593
ERR13927574.4714	1555	17.3576
ERR13927574.4715	1564	19.8657
ERR13927574.4716	1581	18.9418
ERR13927574.4717	1582	21.3021
ERR13927574.4718	1208	17.8262
ERR13927574.4719	1585	18.4543
ERR13927574.4720	1511	18.1403
ERR13927574.4721	1546	16.7044
ERR13927574.4722	1636	19.0746
ERR13927574.4723	1599	18.4472
ERR13927574.4724	1583	20.2495
ERR13927574.4725	1573	20.3414
ERR13927574.4726	1343	16.1020
ERR13927574.4727	1557	19.9300
ERR13927574.4728	1211	15.0306
ERR13927574.4729	1562	17.4097
ERR13927574.4730	1588	16.5743
ERR13927574.4731	1554	17.0991
ERR13927574.4732	1611	18.7790
ERR13927574.4733	1008	15.2798
ERR13927574.4734	1555	17.0437
ERR13927574.4735	1569	18.4111
ERR13927574.4736	1569	21.2403
ERR13927574.4737	1532	18.9406
ERR13927574.4738	1619	19.5405
ERR13927574.4739	1541	17.7229
ERR13927574.4740	1611	15.9727
ERR13927574.4741	1573	16.1627
ERR13927574.4742	1584	18.6174
ERR13927574.4743	1559	18.9410
ERR13927574.4744	1591	19.4651
ERR13927574.4745	1601	17.5222
ERR13927574.4746	1556	18.2198
ERR13927574.4747	1606	18.4334
ERR13927574.4748	1631	15.8921
ERR13927574.4749	1593	17.5235
ERR13927574.4750	1573	17.3338
ERR13927574.4751	1573	19.3083
ERR13927574.4752	1597	20.7132
ERR13927574.4753	1589	20.5412
ERR13927574.4754	1557	16.7521
ERR13927574.4755	1630	18.3620
ERR13927574.4756	1220	22.0500
ERR13927574.4757	1600	16.2856
ERR13927574.4758	1571	18.8714
ERR13927574.4759	1614	18.1853
ERR13927574.4760	1562	18.7382
ERR13927574.4761	1574	18.5013
ERR13927574.4762	1582	15.3363
ERR13927574.4763	1567	19.7524
ERR13927574.4764	1580	17.5753
ERR13927574.4765	1569	19.3002
ERR13927574.4766	1585	20.1142
ERR13927574.4767	1572	18.9663
ERR13927574.4768	1575	18.0463
ERR13927574.4769	1578	17.5963
ERR13927574.4770	1573	15.1494
ERR13927574.4771	1558	20.2478
ERR13927574.4772	1557	17.8529
ERR13927574.4773	1589	19.4802
ERR13927574.4774	1575	19.8768
ERR13927574.4775	1545	17.2595
ERR13927574.4776	1558	19.7195
ERR13927574.4777	1589	19.6117
ERR13927574.4778	1602	19.6042
ERR13927574.4779	1602	19.6679
ERR13927574.4780	1571	17.1992
ERR13927574.4781	1586	16.8758
ERR13927574.4782	1575	17.3010
ERR13927574.4783	1563	19.1977
ERR13927574.4784	1489	14.7703
ERR13927574.4785	1582	16.6182
ERR13927574.4786	1690	20.0361
ERR13927574.4787	1622	19.7891
ERR13927574.4788	1616	20.3212
ERR13927574.4789	1600	17.2425
ERR13927574.4790	1600	17.9544
ERR13927574.4791	1612	21.0223
ERR13927574.4792	1564	20.0620
ERR13927574.4793	1582	19.4912
ERR13927574.4794	1539	20.7329
ERR13927574.4795	1567	16.9017
ERR13927574.4796	1572	16.1043
ERR13927574.4797	1638	18.5629
ERR13927574.4798	1604	19.5680
ERR13927574.4799	1570	18.4981
ERR13927574.4800	1526	20.2051
ERR13927574.4801	1551	15.4429
ERR13927574.4802	1590	18.4792
ERR13927574.4803	1618	20.0828
ERR13927574.4804	1206	18.0688
ERR13927574.4805	1607	16.5507
ERR13927574.4806	1534	15.5698
ERR13927574.4807	1550	18.8335
ERR13927574.4808	1608	17.7245
ERR13927574.4809	1585	18.1249
ERR13927574.4810	1550	18.3961
ERR13927574.4811	1584	17.2323
ERR13927574.4812	1577	17.2162
ERR13927574.4813	1570	22.5255
ERR13927574.4814	1549	18.8857
ERR13927574.4815	1592	17.2337
ERR13927574.4816	1556	19.5366
ERR13927574.4817	666	18.3724
ERR13927574.4818	1559	18.6228
ERR13927574.4819	1204	18.3887
ERR13927574.4820	1570	17.8185
ERR13927574.4821	1575	19.5987
ERR13927574.4822	1633	17.2541
ERR13927574.4823	1579	20.4883
ERR13927574.4824	374	15.3610
ERR13927574.4825	1633	19.1145
ERR13927574.4826	1618	19.5470
ERR13927574.4827	1619	18.8882
ERR13927574.4828	1577	16.3418
ERR13927574.4829	1571	17.1286
ERR13927574.4830	1580	18.0278
ERR13927574.4831	1541	17.7028
ERR13927574.4832	1528	16.2821
ERR13927574.4833	1577	19.5200
ERR13927574.4834	624	15.0064
ERR13927574.4835	1593	19.4488
ERR13927574.4836	1133	18.9744
ERR13927574.4837	1609	19.9490
ERR13927574.4838	1558	18.1329
ERR13927574.4839	1587	16.0693
ERR13927574.4840	1606	19.3817
ERR13927574.4841	1570	15.4822
ERR13927574.4842	1557	20.0019
ERR13927574.4843	1566	18.7510
ERR13927574.4844	1549	18.1963
ERR13927574.4845	1537	14.8979
ERR13927574.4846	1544	20.4268
ERR13927574.4847	1576	19.4061
ERR13927574.4848	1595	20.2639
ERR13927574.4849	1598	15.8767
ERR13927574.4850	1589	17.8949
ERR13927574.4851	1559	17.9820
ERR13927574.4852	1559	18.8210
ERR13927574.4853	1549	18.5552
ERR13927574.4854	1549	15.5416
ERR13927574.4855	1556	17.1902
ERR13927574.4856	1611	20.2924
ERR13927574.4857	1601	17.1199
ERR13927574.4858	1582	17.4064
ERR13927574.4859	1549	18.3712
ERR13927574.4860	1585	17.4486
ERR13927574.4861	1515	14.4436
ERR13927574.4862	1577	19.3354
ERR13927574.4863	1594	16.9322
ERR13927574.4864	1631	16.0674
ERR13927574.4865	1575	18.0108
ERR13927574.4866	1556	15.5611
ERR13927574.4867	1559	18.7954
ERR13927574.4868	1571	19.4475
ERR13927574.4869	1554	18.7233
ERR13927574.4870	1603	18.7523
ERR13927574.4871	1126	18.4147
ERR13927574.4872	1518	15.4789
ERR13927574.4873	1535	15.9277
ERR13927574.4874	1568	15.4139
ERR13927574.4875	1574	21.0280
ERR13927574.4876	1603	17.6712
ERR13927574.4877	1581	20.2701
ERR13927574.4878	1609	22.3263
ERR13927574.4879	1605	17.5713
ERR13927574.4880	1578	21.8885
ERR13927574.4881	1573	18.4857
ERR13927574.4882	748	17.7313
ERR13927574.4883	1598	15.3711
ERR13927574.4884	1562	18.8252
ERR13927574.4885	1532	16.5176
ERR13927574.4886	1153	14.9627
ERR13927574.4887	1548	19.9025
ERR13927574.4888	1538	17.2419
ERR13927574.4889	1447	14.4623
ERR13927574.4890	1630	17.6147
ERR13927574.4891	1532	18.6521
ERR13927574.4892	1593	17.6422
ERR13927574.4893	1696	17.1433
ERR13927574.4894	1551	21.1032
ERR13927574.4895	1592	18.7965
ERR13927574.4896	1597	17.2755
ERR13927574.4897	1546	15.6507
ERR13927574.4898	1562	20.1344
ERR13927574.4899	1574	17.7529
ERR13927574.4900	1534	18.7588
ERR13927574.4901	1591	16.7084
ERR13927574.4902	1544	15.1269
ERR13927574.4903	1556	18.8496
ERR13927574.4904	1573	16.1017
ERR13927574.4905	1543	21.2800
ERR13927574.4906	1585	18.8890
ERR13927574.4907	1577	20.5111
ERR13927574.4908	1632	17.7623
ERR13927574.4909	1537	17.4105
ERR13927574.4910	1632	18.9994
ERR13927574.4911	1558	18.9422
ERR13927574.4912	1588	17.1902
ERR13927574.4913	1166	18.9314
ERR13927574.4914	1578	17.8118
ERR13927574.4915	1577	17.4933
ERR13927574.4916	1571	20.4290
ERR13927574.4917	1574	19.0750
ERR13927574.4918	1542	17.3132
ERR13927574.4919	1554	17.9118
ERR13927574.4920	1544	20.0492
ERR13927574.4921	1533	17.9504
ERR13927574.4922	1522	16.7181
ERR13927574.4923	1580	18.4582
ERR13927574.4924	1610	16.6348
ERR13927574.4925	1567	19.3248
ERR13927574.4926	1421	18.8768
ERR13927574.4927	1579	15.2369
ERR13927574.4928	1563	19.3186
ERR13927574.4929	1362	19.7841
ERR13927574.4930	1524	15.7415
ERR13927574.4931	1505	15.5615
ERR13927574.4932	1560	19.1154
ERR13927574.4933	1553	18.6825
ERR13927574.4934	1527	15.2083
ERR13927574.4935	284	15.1444
ERR13927574.4936	1567	15.2578
ERR13927574.4937	1574	20.9924
ERR13927574.4938	1546	16.1113
ERR13927574.4939	1573	20.7680
ERR13927574.4940	1586	16.7806
ERR13927574.4941	1536	20.7650
ERR13927574.4942	1152	16.2830
ERR13927574.4943	918	18.7037
ERR13927574.4944	1623	18.6100
ERR13927574.4945	1575	19.5321
ERR13927574.4946	1702	18.0840
ERR13927574.4947	1534	19.5737
ERR13927574.4948	1571	18.1063
ERR13927574.4949	1522	16.3620
ERR13927574.4950	1590	19.3069
ERR13927574.4951	1579	19.4503
ERR13927574.4952	1548	19.7745
ERR13927574.4953	1583	17.7928
ERR13927574.4954	1595	15.6859
ERR13927574.4955	1562	22.2804
ERR13927574.4956	1461	15.5743
ERR13927574.4957	1556	18.7031
ERR13927574.4958	1612	19.9764
ERR13927574.4959	1541	18.3141
ERR13927574.4960	1606	19.8176
ERR13927574.4961	1583	20.5433
ERR13927574.4962	1572	18.8123
ERR13927574.4963	1530	16.8301
ERR13927574.4964	1599	19.2414
ERR13927574.4965	1575	20.6603
ERR13927574.4966	1606	18.6912
ERR13927574.4967	1618	21.4345
ERR13927574.4968	1597	16.2492
ERR13927574.4969	1626	18.8204
ERR13927574.4970	1508	18.2527
ERR13927574.4971	1598	18.8924
ERR13927574.4972	209	14.6746
ERR13927574.4973	1628	13.8870
ERR13927574.4974	1585	19.1691
ERR13927574.4975	1533	17.5075
ERR13927574.4976	1580	20.0563
ERR13927574.4977	1594	18.2823
ERR13927574.4978	1619	16.9691
ERR13927574.4979	1570	18.4618
ERR13927574.4980	1612	16.4423
ERR13927574.4981	1581	16.7495
ERR13927574.4982	1543	15.7369
ERR13927574.4983	1570	14.3204
ERR13927574.4984	1597	19.0438
ERR13927574.4985	1600	19.3306
ERR13927574.4986	1591	20.0905
ERR13927574.4987	1604	19.0991
ERR13927574.4988	1556	16.4672
ERR13927574.4989	1573	18.9638
ERR13927574.4990	1578	16.3289
ERR13927574.4991	1571	18.2775
ERR13927574.4992	1572	19.4230
ERR13927574.4993	1615	16.5065
ERR13927574.4994	1550	18.1535
ERR13927574.4995	1552	15.9878
ERR13927574.4996	1575	17.3860
ERR13927574.4997	1570	16.7166
ERR13927574.4998	1534	17.1493
ERR13927574.4999	1549	17.8347
ERR13927574.5000	1329	15.6953
ERR13927574.5001	1545	14.7864
ERR13927574.5002	1542	16.2387
ERR13927574.5003	1573	20.4158
ERR13927574.5004	1626	20.8905
ERR13927574.5005	1589	20.4821
ERR13927574.5006	1523	14.8969
ERR13927574.5007	1577	19.9125
ERR13927574.5008	1557	18.0546
ERR13927574.5009	1615	18.1709
ERR13927574.5010	1597	20.7714
ERR13927574.5011	1580	19.2044
ERR13927574.5012	1587	19.6490
ERR13927574.5013	1601	15.8276
ERR13927574.5014	1628	18.0989
ERR13927574.5015	1565	18.3904
ERR13927574.5016	1552	20.8196
ERR13927574.5017	1613	18.4402
ERR13927574.5018	1550	22.1884
ERR13927574.5019	1573	19.4158
ERR13927574.5020	1566	16.7644
ERR13927574.5021	1581	14.8336
ERR13927574.5022	956	19.8358
ERR13927574.5023	1543	18.1316
ERR13927574.5024	1551	19.9865
ERR13927574.5025	1568	14.4713
ERR13927574.5026	1585	15.1438
ERR13927574.5027	1560	16.4244
ERR13927574.5028	200	19.4300
ERR13927574.5029	1598	21.8504
ERR13927574.5030	1637	17.9597
ERR13927574.5031	1548	20.2074
ERR13927574.5032	1527	14.4355
ERR13927574.5033	1568	15.4330
ERR13927574.5034	1576	18.6371
ERR13927574.5035	1551	16.2521
ERR13927574.5036	1490	16.0597
ERR13927574.5037	1596	19.9674
ERR13927574.5038	1555	19.8476
ERR13927574.5039	1570	15.9357
ERR13927574.5040	1557	18.7611
ERR13927574.5041	1579	19.0595
ERR13927574.5042	1608	22.1729
ERR13927574.5043	1571	20.2833
ERR13927574.5044	1580	16.5962
ERR13927574.5045	1543	17.7466
ERR13927574.5046	1573	18.8392
ERR13927574.5047	1603	20.2714
ERR13927574.5048	1555	20.9833
ERR13927574.5049	761	19.5177
ERR13927574.5050	1576	15.7043
ERR13927574.5051	1559	19.4195
ERR13927574.5052	1549	16.8238
ERR13927574.5053	1602	18.5437
ERR13927574.5054	1568	20.8259
ERR13927574.5055	1540	19.7812
ERR13927574.5056	1578	18.3644
ERR13927574.5057	1571	18.9994
ERR13927574.5058	1566	18.2024
ERR13927574.5059	1593	17.0364
ERR13927574.5060	1636	20.3564
ERR13927574.5061	1569	15.7776
ERR13927574.5062	1576	20.9289
ERR13927574.5063	1612	19.7078
ERR13927574.5064	1570	17.3076
ERR13927574.5065	1613	19.2536
ERR13927574.5066	1599	17.9099
ERR13927574.5067	1575	18.4724
ERR13927574.5068	1567	18.5258
ERR13927574.5069	1564	21.7481
ERR13927574.5070	1526	16.7143
ERR13927574.5071	1501	21.3098
ERR13927574.5072	1581	18.3858
ERR13927574.5073	1506	18.4031
ERR13927574.5074	1595	17.1517
ERR13927574.5075	1601	18.5103
ERR13927574.5076	1550	20.9135
ERR13927574.5077	1580	20.2854
ERR13927574.5078	1561	19.4580
ERR13927574.5079	1571	22.1146
ERR13927574.5080	1584	18.1162
ERR13927574.5081	1568	20.2296
ERR13927574.5082	1598	18.5000
ERR13927574.5083	1558	17.2041
ERR13927574.5084	1551	17.6976
ERR13927574.5085	1578	22.6198
ERR13927574.5086	1573	17.2893
ERR13927574.5087	1599	19.5335
ERR13927574.5088	1615	17.5746
ERR13927574.5089	1588	18.1008
ERR13927574.5090	1597	19.7934
ERR13927574.5091	1599	15.0119
ERR13927574.5092	1552	17.1366
ERR13927574.5093	1589	20.0126
ERR13927574.5094	1581	19.0740
ERR13927574.5095	1571	17.1738
ERR13927574.5096	1569	15.5252
ERR13927574.5097	1539	16.9292
ERR13927574.5098	1578	19.2376
ERR13927574.5099	1555	22.9498
ERR13927574.5100	1550	16.4755
ERR13927574.5101	1599	15.9074
ERR13927574.5102	1554	15.9826
ERR13927574.5103	1626	15.8278
ERR13927574.5104	1541	15.2635
ERR13927574.5105	1614	23.4486
ERR13927574.5106	1609	20.8757
ERR13927574.5107	1564	21.0595
ERR13927574.5108	1599	19.6279
ERR13927574.5109	1600	17.9587
ERR13927574.5110	990	16.8990
ERR13927574.5111	1593	19.4633
ERR13927574.5112	1572	19.5394
ERR13927574.5113	1659	16.9885
ERR13927574.5114	1548	20.3094
ERR13927574.5115	1582	21.7762
ERR13927574.5116	1592	19.5459
ERR13927574.5117	1548	16.2849
ERR13927574.5118	1593	14.3861
ERR13927574.5119	1590	15.7025
ERR13927574.5120	1615	20.4124
ERR13927574.5121	1566	19.9687
ERR13927574.5122	1558	20.0488
ERR13927574.5123	1608	17.3184
ERR13927574.5124	1614	14.2187
ERR13927574.5125	1597	19.5967
ERR13927574.5126	1590	20.5755
ERR13927574.5127	1608	17.2842
ERR13927574.5128	1601	16.6346
ERR13927574.5129	1568	20.9694
ERR13927574.5130	1561	20.8495
ERR13927574.5131	1583	19.8433
ERR13927574.5132	1611	20.8498
ERR13927574.5133	1579	16.3262
ERR13927574.5134	1609	21.1510
ERR13927574.5135	1582	19.4241
ERR13927574.5136	1570	19.2051
ERR13927574.5137	1552	18.3183
ERR13927574.5138	1558	18.5116
ERR13927574.5139	1446	16.7746
ERR13927574.5140	1596	19.5545
ERR13927574.5141	1585	18.4808
ERR13927574.5142	1605	15.2903
ERR13927574.5143	1568	17.9892
ERR13927574.5144	1592	20.5465
ERR13927574.5145	1611	20.3265
ERR13927574.5146	1569	16.8591
ERR13927574.5147	1629	21.5242
ERR13927574.5148	1566	21.7631
ERR13927574.5149	1571	20.5201
ERR13927574.5150	1591	18.4437
ERR13927574.5151	1582	18.5525
ERR13927574.5152	1585	19.1136
ERR13927574.5153	1596	16.9618
ERR13927574.5154	1555	19.4630
ERR13927574.5155	220	20.5591
ERR13927574.5156	1615	20.0223
ERR13927574.5157	1564	14.8843
ERR13927574.5158	1628	20.3305
ERR13927574.5159	1557	20.5857
ERR13927574.5160	1562	19.2458
ERR13927574.5161	1576	19.5387
ERR13927574.5162	1617	19.7990
ERR13927574.5163	1554	17.0952
ERR13927574.5164	1576	20.8928
ERR13927574.5165	1595	18.0056
ERR13927574.5166	1524	16.8045
ERR13927574.5167	1601	15.7214
ERR13927574.5168	1582	19.3217
ERR13927574.5169	1583	20.9956
ERR13927574.5170	1743	17.1090
ERR13927574.5171	1604	19.9582
ERR13927574.5172	1571	19.0834
ERR13927574.5173	1580	14.8228
ERR13927574.5174	1560	16.7308
ERR13927574.5175	1615	19.6533
ERR13927574.5176	1624	18.2623
ERR13927574.5177	1544	17.8588
ERR13927574.5178	1608	16.5995
ERR13927574.5179	1570	20.5108
ERR13927574.5180	1581	17.2207
ERR13927574.5181	1633	18.9663
ERR13927574.5182	1614	18.0161
ERR13927574.5183	1586	15.1576
ERR13927574.5184	1601	20.0762
ERR13927574.5185	1553	20.2408
ERR13927574.5186	1576	18.9277
ERR13927574.5187	1563	15.9162
ERR13927574.5188	1591	17.8052
ERR13927574.5189	1579	20.0532
ERR13927574.5190	1559	15.9166
ERR13927574.5191	1597	19.1302
ERR13927574.5192	1455	15.2062
ERR13927574.5193	1564	20.1624
ERR13927574.5194	726	19.6846
ERR13927574.5195	1605	18.7495
ERR13927574.5196	1616	18.5433
ERR13927574.5197	1562	20.2311
ERR13927574.5198	1579	17.5446
ERR13927574.5199	1584	19.9293
ERR13927574.5200	1600	17.1831
ERR13927574.5201	1504	18.5751
ERR13927574.5202	1613	21.1252
ERR13927574.5203	1622	19.2571
ERR13927574.5204	1563	17.7179
ERR13927574.5205	1555	18.2096
ERR13927574.5206	1552	17.4549
ERR13927574.5207	1567	16.7026
ERR13927574.5208	1572	19.1889
ERR13927574.5209	1574	17.2878
ERR13927574.5210	319	15.5768
ERR13927574.5211	1604	17.5655
ERR13927574.5212	1558	17.7920
ERR13927574.5213	1585	17.9047
ERR13927574.5214	1561	18.6643
ERR13927574.5215	1552	19.5419
ERR13927574.5216	1550	19.7561
ERR13927574.5217	396	13.6465
ERR13927574.5218	1619	19.0544
ERR13927574.5219	1591	16.2910
ERR13927574.5220	1551	18.3495
ERR13927574.5221	1590	17.2686
ERR13927574.5222	1563	17.9219
ERR13927574.5223	1607	15.3983
ERR13927574.5224	1540	18.8156
ERR13927574.5225	1596	17.8985
ERR13927574.5226	1559	17.9128
ERR13927574.5227	1583	22.6563
ERR13927574.5228	1546	18.2917
ERR13927574.5229	1598	18.3867
ERR13927574.5230	1584	18.8946
ERR13927574.5231	1574	20.4085
ERR13927574.5232	1615	19.6303
ERR13927574.5233	1587	17.8412
ERR13927574.5234	1561	19.5887
ERR13927574.5235	1571	17.2667
ERR13927574.5236	1565	16.3508
ERR13927574.5237	1569	20.1217
ERR13927574.5238	1587	16.6692
ERR13927574.5239	1578	19.7535
ERR13927574.5240	1551	17.7801
ERR13927574.5241	1575	15.8171
ERR13927574.5242	1558	18.6855
ERR13927574.5243	1595	18.4915
ERR13927574.5244	1618	22.5816
ERR13927574.5245	1607	20.6291
ERR13927574.5246	1592	19.1778
ERR13927574.5247	1593	20.8142
ERR13927574.5248	1596	19.1504
ERR13927574.5249	1600	19.6994
ERR13927574.5250	1627	18.8605
ERR13927574.5251	1622	16.4457
ERR13927574.5252	1553	14.1520
ERR13927574.5253	1495	20.2067
ERR13927574.5254	1561	18.3479
ERR13927574.5255	1571	16.5251
ERR13927574.5256	1553	17.7411
ERR13927574.5257	1611	19.5903
ERR13927574.5258	1599	18.6279
ERR13927574.5259	1555	16.6611
ERR13927574.5260	1531	16.8282
ERR13927574.5261	1592	20.9730
ERR13927574.5262	1559	17.4978
ERR13927574.5263	1603	19.2807
ERR13927574.5264	1549	20.0549
ERR13927574.5265	1554	14.6866
ERR13927574.5266	1576	18.3160
ERR13927574.5267	1570	19.3395
ERR13927574.5268	1607	19.3037
ERR13927574.5269	1471	16.2175
ERR13927574.5270	1569	16.0695
ERR13927574.5271	1566	18.1769
ERR13927574.5272	1552	20.8338
ERR13927574.5273	1550	15.3639
ERR13927574.5274	1621	19.0975
ERR13927574.5275	192	15.0312
ERR13927574.5276	1611	19.4649
ERR13927574.5277	1566	16.2158
ERR13927574.5278	1561	18.6188
ERR13927574.5279	1581	20.4700
ERR13927574.5280	1323	20.6425
ERR13927574.5281	1582	15.1308
ERR13927574.5282	1605	19.4299
ERR13927574.5283	1594	18.7146
ERR13927574.5284	1585	17.9041
ERR13927574.5285	1600	17.6737
ERR13927574.5286	1572	14.4873
ERR13927574.5287	1584	19.0196
ERR13927574.5288	1563	15.5963
ERR13927574.5289	1623	18.4301
ERR13927574.5290	1456	18.9718
ERR13927574.5291	1524	18.6627
ERR13927574.5292	1575	18.0000
ERR13927574.5293	1596	17.6441
ERR13927574.5294	1568	22.4636
ERR13927574.5295	1574	18.2961
ERR13927574.5296	1579	15.2913
ERR13927574.5297	1523	15.8805
ERR13927574.5298	1594	17.3588
ERR13927574.5299	1542	17.1213
ERR13927574.5300	1537	16.5777
ERR13927574.5301	1583	18.5458
ERR13927574.5302	703	20.1892
ERR13927574.5303	1582	19.5733
ERR13927574.5304	1543	16.2592
ERR13927574.5305	1577	15.3202
ERR13927574.5306	1599	16.8906
ERR13927574.5307	1562	19.0781
ERR13927574.5308	1602	17.8858
ERR13927574.5309	1569	19.0395
ERR13927574.5310	1561	21.5163
ERR13927574.5311	1618	20.3789
ERR13927574.5312	1622	20.4908
ERR13927574.5313	1602	20.5325
ERR13927574.5314	1567	20.1206
ERR13927574.5315	1620	17.6963
ERR13927574.5316	1567	18.3976
ERR13927574.5317	1549	16.8638
ERR13927574.5318	1566	19.3716
ERR13927574.5319	1580	18.6196
ERR13927574.5320	1688	18.0326
ERR13927574.5321	1533	15.3027
ERR13927574.5322	1583	18.0960
ERR13927574.5323	1668	19.4532
ERR13927574.5324	1584	17.7033
ERR13927574.5325	1563	17.7997
ERR13927574.5326	1576	17.8744
ERR13927574.5327	1581	15.8925
ERR13927574.5328	1561	20.3338
ERR13927574.5329	1547	19.2217
ERR13927574.5330	1562	18.1159
ERR13927574.5331	1600	17.8056
ERR13927574.5332	1582	16.7105
ERR13927574.5333	1573	19.4037
ERR13927574.5334	1640	17.9738
ERR13927574.5335	1593	18.8901
ERR13927574.5336	1579	17.0196
ERR13927574.5337	1585	19.3356
ERR13927574.5338	1578	16.5171
ERR13927574.5339	1605	21.7078
ERR13927574.5340	1564	19.2794
ERR13927574.5341	1582	18.6005
ERR13927574.5342	1558	14.5167
ERR13927574.5343	1556	14.8091
ERR13927574.5344	1600	17.8137
ERR13927574.5345	1579	20.1222
ERR13927574.5346	1587	22.3176
ERR13927574.5347	1582	19.0885
ERR13927574.5348	1596	17.6147
ERR13927574.5349	1535	17.0573
ERR13927574.5350	1611	17.6574
ERR13927574.5351	1555	19.1248
ERR13927574.5352	1543	18.0953
ERR13927574.5353	1711	18.6914
ERR13927574.5354	1608	19.3949
ERR13927574.5355	1625	18.9329
ERR13927574.5356	1527	16.8153
ERR13927574.5357	1597	18.1741
ERR13927574.5358	1570	15.6038
ERR13927574.5359	1554	15.0837
ERR13927574.5360	1567	20.9279
ERR13927574.5361	1586	20.0586
ERR13927574.5362	1584	18.4179
ERR13927574.5363	1556	19.5617
ERR13927574.5364	1001	18.9001
ERR13927574.5365	1569	20.6348
ERR13927574.5366	1752	16.1849
ERR13927574.5367	1531	15.4187
ERR13927574.5368	1599	19.0901
ERR13927574.5369	1544	17.8983
ERR13927574.5370	1596	20.2914
ERR13927574.5371	1533	16.3379
ERR13927574.5372	1558	18.4499
ERR13927574.5373	1578	19.7098
ERR13927574.5374	1605	16.7271
ERR13927574.5375	1397	18.3565
ERR13927574.5376	1513	17.6570
ERR13927574.5377	1592	18.4114
ERR13927574.5378	1561	18.3799
ERR13927574.5379	1610	18.8783
ERR13927574.5380	1598	17.9456
ERR13927574.5381	1577	16.6259
ERR13927574.5382	1587	18.8437
ERR13927574.5383	1573	16.2810
ERR13927574.5384	1563	18.1599
ERR13927574.5385	1381	20.2223
ERR13927574.5386	1584	15.5676
ERR13927574.5387	1576	19.0324
ERR13927574.5388	1606	19.6233
ERR13927574.5389	1585	16.1899
ERR13927574.5390	1606	19.9838
ERR13927574.5391	1531	16.4246
ERR13927574.5392	1588	16.4471
ERR13927574.5393	1580	19.4038
ERR13927574.5394	1580	21.0373
ERR13927574.5395	1578	19.0114
ERR13927574.5396	1586	17.8859
ERR13927574.5397	1595	19.6897
ERR13927574.5398	174	15.2126
ERR13927574.5399	1568	20.5867
ERR13927574.5400	1615	21.2687
ERR13927574.5401	1571	19.9230
ERR13927574.5402	1581	18.6565
ERR13927574.5403	1576	19.8185
ERR13927574.5404	926	16.2624
ERR13927574.5405	1587	19.3503
ERR13927574.5406	1587	20.7606
ERR13927574.5407	1577	20.7578
ERR13927574.5408	1605	16.8174
ERR13927574.5409	1557	15.1329
ERR13927574.5410	1550	20.8103
ERR13927574.5411	1574	17.6677
ERR13927574.5412	1614	20.7076
ERR13927574.5413	1596	19.4004
ERR13927574.5414	1577	18.7514
ERR13927574.5415	1608	19.5933
ERR13927574.5416	1542	20.3411
ERR13927574.5417	1601	18.9507
ERR13927574.5418	1568	19.2844
ERR13927574.5419	1586	17.6154
ERR13927574.5420	1615	18.2099
ERR13927574.5421	1539	16.4198
ERR13927574.5422	1603	16.5377
ERR13927574.5423	1629	17.8594
ERR13927574.5424	1596	20.3716
ERR13927574.5425	1596	15.4317
ERR13927574.5426	1578	17.8904
ERR13927574.5427	1560	18.1276
ERR13927574.5428	1565	20.7789
ERR13927574.5429	1538	18.4447
ERR13927574.5430	1584	15.8321
ERR13927574.5431	1597	16.0307
ERR13927574.5432	1608	19.7562
ERR13927574.5433	1569	17.1077
ERR13927574.5434	1553	17.6529
ERR13927574.5435	1595	20.2458
ERR13927574.5436	1596	20.9129
ERR13927574.5437	1598	17.0401
ERR13927574.5438	1541	18.0448
ERR13927574.5439	1562	22.3067
ERR13927574.5440	1606	19.2273
ERR13927574.5441	1563	19.8209
ERR13927574.5442	1575	17.3378
ERR13927574.5443	1573	17.5067
ERR13927574.5444	1594	20.9592
ERR13927574.5445	1600	19.3975
ERR13927574.5446	1563	20.3244
ERR13927574.5447	1590	20.2333
ERR13927574.5448	1238	16.3578
ERR13927574.5449	1633	16.0606
ERR13927574.5450	1563	16.3135
ERR13927574.5451	1610	16.9497
ERR13927574.5452	1568	19.1339
ERR13927574.5453	1546	20.5815
ERR13927574.5454	1571	21.3883
ERR13927574.5455	1596	19.4004
ERR13927574.5456	1600	16.3588
ERR13927574.5457	1569	20.7737
ERR13927574.5458	1607	16.7013
ERR13927574.5459	1605	19.0199
ERR13927574.5460	1569	17.6017
ERR13927574.5461	1574	20.6709
ERR13927574.5462	274	13.2737
ERR13927574.5463	1566	18.8212
ERR13927574.5464	1607	18.5395
ERR13927574.5465	1549	21.4526
ERR13927574.5466	1565	20.3291
ERR13927574.5467	1567	15.6988
ERR13927574.5468	1557	19.0013
ERR13927574.5469	1583	18.5035
ERR13927574.5470	1546	20.2749
ERR13927574.5471	1570	19.3847
ERR13927574.5472	1552	15.7068
ERR13927574.5473	948	15.9546
ERR13927574.5474	1563	21.4549
ERR13927574.5475	1594	20.3695
ERR13927574.5476	1589	19.4808
ERR13927574.5477	1570	16.9433
ERR13927574.5478	1605	18.2860
ERR13927574.5479	1564	20.7724
ERR13927574.5480	1581	17.1992
ERR13927574.5481	1579	18.1786
ERR13927574.5482	1550	16.7065
ERR13927574.5483	1571	19.5506
ERR13927574.5484	1550	20.5839
ERR13927574.5485	1495	20.4147
ERR13927574.5486	1544	16.3828
ERR13927574.5487	1611	16.9913
ERR13927574.5488	1555	17.1929
ERR13927574.5489	1557	20.3423
ERR13927574.5490	1606	19.3450
ERR13927574.5491	1565	16.4652
ERR13927574.5492	1584	17.6288
ERR13927574.5493	1583	20.6721
ERR13927574.5494	1588	18.5107
ERR13927574.5495	1577	20.0945
ERR13927574.5496	1598	20.7434
ERR13927574.5497	1577	18.3627
ERR13927574.5498	1646	14.7236
ERR13927574.5499	1560	19.9404
ERR13927574.5500	1597	16.8522
ERR13927574.5501	1549	16.9806
ERR13927574.5502	1605	17.1321
ERR13927574.5503	1556	17.2551
ERR13927574.5504	1139	19.3011
ERR13927574.5505	1583	18.6519
ERR13927574.5506	1617	18.2585
ERR13927574.5507	1546	15.6876
ERR13927574.5508	1556	20.2943
ERR13927574.5509	1584	18.1383
ERR13927574.5510	1240	16.6839
ERR13927574.5511	1585	20.3514
ERR13927574.5512	1585	14.1035
ERR13927574.5513	1615	19.3071
ERR13927574.5514	1603	15.0125
ERR13927574.5515	1543	18.4012
ERR13927574.5516	1527	16.0989
ERR13927574.5517	1580	15.1462
ERR13927574.5518	1592	16.0999
ERR13927574.5519	1605	16.3520
ERR13927574.5520	1539	20.7505
ERR13927574.5521	1594	18.5947
ERR13927574.5522	1601	18.4035
ERR13927574.5523	1559	15.4804
ERR13927574.5524	1595	19.1680
ERR13927574.5525	1644	17.8096
ERR13927574.5526	2210	17.6593
ERR13927574.5527	589	16.8642
ERR13927574.5528	1552	18.9465
ERR13927574.5529	1601	15.4878
ERR13927574.5530	1533	15.5264
ERR13927574.5531	1585	20.4852
ERR13927574.5532	1534	15.7158
ERR13927574.5533	1538	17.2133
ERR13927574.5534	1627	20.6644
ERR13927574.5535	1599	17.4290
ERR13927574.5536	1593	17.1318
ERR13927574.5537	1582	18.7231
ERR13927574.5538	1586	21.5649
ERR13927574.5539	1594	17.4881
ERR13927574.5540	1593	17.9918
ERR13927574.5541	1568	20.8737
ERR13927574.5542	1587	19.5003
ERR13927574.5543	1556	17.8766
ERR13927574.5544	1611	18.3948
ERR13927574.5545	1573	20.5060
ERR13927574.5546	1585	15.8227
ERR13927574.5547	1625	19.7255
ERR13927574.5548	1572	19.5573
ERR13927574.5549	1622	19.7885
ERR13927574.5550	1558	17.5693
ERR13927574.5551	1583	18.6955
ERR13927574.5552	1615	18.5598
ERR13927574.5553	1622	20.2164
ERR13927574.5554	1555	17.0547
ERR13927574.5555	1611	16.8063
ERR13927574.5556	1551	17.9832
ERR13927574.5557	1602	15.6404
ERR13927574.5558	1578	20.4442
ERR13927574.5559	1540	18.0175
ERR13927574.5560	1584	15.7866
ERR13927574.5561	1561	19.0231
ERR13927574.5562	1628	19.4975
ERR13927574.5563	1595	20.6972
ERR13927574.5564	1571	17.1324
ERR13927574.5565	1605	15.2835
ERR13927574.5566	1528	16.7637
ERR13927574.5567	1603	18.2944
ERR13927574.5568	1605	20.7346
ERR13927574.5569	1630	19.8239
ERR13927574.5570	1623	18.2064
ERR13927574.5571	1569	17.6896
ERR13927574.5572	1571	19.4971
ERR13927574.5573	1521	18.9513
ERR13927574.5574	1574	16.6036
ERR13927574.5575	1585	16.4379
ERR13927574.5576	1582	19.8755
ERR13927574.5577	1606	16.9209
ERR13927574.5578	1586	15.3764
ERR13927574.5579	1606	20.2210
ERR13927574.5580	1594	20.4624
ERR13927574.5581	1592	19.6922
ERR13927574.5582	1597	16.1497
ERR13927574.5583	1523	14.6454
ERR13927574.5584	1579	15.4991
ERR13927574.5585	1589	19.8137
ERR13927574.5586	1558	17.7888
ERR13927574.5587	1618	19.5433
ERR13927574.5588	1553	14.9633
ERR13927574.5589	1551	20.5216
ERR13927574.5590	1606	17.7983
ERR13927574.5591	1556	18.5443
ERR13927574.5592	1559	17.1167
ERR13927574.5593	1586	18.3789
ERR13927574.5594	1600	16.1181
ERR13927574.5595	1575	18.3549
ERR13927574.5596	1570	18.9809
ERR13927574.5597	1573	16.6656
ERR13927574.5598	1568	17.9184
ERR13927574.5599	1609	16.8005
ERR13927574.5600	1586	21.1475
ERR13927574.5601	1567	20.3523
ERR13927574.5602	1559	20.9198
ERR13927574.5603	1609	17.7073
ERR13927574.5604	1633	16.6173
ERR13927574.5605	1593	17.2925
ERR13927574.5606	1564	20.4955
ERR13927574.5607	1587	15.5923
ERR13927574.5608	1574	20.9682
ERR13927574.5609	1616	20.5322
ERR13927574.5610	1598	18.9912
ERR13927574.5611	1580	19.2462
ERR13927574.5612	1564	15.4674
ERR13927574.5613	1578	16.5222
ERR13927574.5614	1583	19.3411
ERR13927574.5615	1597	16.7101
ERR13927574.5616	1586	18.8449
ERR13927574.5617	1626	18.9428
ERR13927574.5618	1609	21.6302
ERR13927574.5619	1585	18.3609
ERR13927574.5620	1552	20.4839
ERR13927574.5621	1603	17.8746
ERR13927574.5622	1572	15.5585
ERR13927574.5623	1624	15.8972
ERR13927574.5624	1595	20.7624
ERR13927574.5625	1571	17.6836
ERR13927574.5626	1555	19.8476
ERR13927574.5627	1519	15.8743
ERR13927574.5628	1606	18.7522
ERR13927574.5629	1569	18.7706
ERR13927574.5630	1588	15.1883
ERR13927574.5631	1596	17.7036
ERR13927574.5632	1547	19.6451
ERR13927574.5633	1577	20.8782
ERR13927574.5634	1594	19.5182
ERR13927574.5635	585	14.5214
ERR13927574.5636	1585	20.3975
ERR13927574.5637	613	13.1272
ERR13927574.5638	1578	16.6439
ERR13927574.5639	1540	17.2721
ERR13927574.5640	1277	16.7439
ERR13927574.5641	1552	18.3872
ERR13927574.5642	1553	16.4031
ERR13927574.5643	1557	15.4997
ERR13927574.5644	1602	16.4101
ERR13927574.5645	1591	16.1747
ERR13927574.5646	1566	15.2056
ERR13927574.5647	1594	15.7127
ERR13927574.5648	1581	16.7400
ERR13927574.5649	1579	15.8518
ERR13927574.5650	1550	16.8742
ERR13927574.5651	1615	20.1251
ERR13927574.5652	1546	20.5097
ERR13927574.5653	1586	21.2844
ERR13927574.5654	1019	16.2444
ERR13927574.5655	1571	16.2482
ERR13927574.5656	1574	19.8615
ERR13927574.5657	1506	14.0544
ERR13927574.5658	1584	20.5821
ERR13927574.5659	1583	20.7720
ERR13927574.5660	1510	15.6934
ERR13927574.5661	1567	16.7390
ERR13927574.5662	1601	20.6402
ERR13927574.5663	1580	20.1411
ERR13927574.5664	1665	14.6691
ERR13927574.5665	1574	14.2757
ERR13927574.5666	1570	20.0299
ERR13927574.5667	1632	18.6808
ERR13927574.5668	1603	18.0836
ERR13927574.5669	1587	20.1273
ERR13927574.5670	1605	18.7863
ERR13927574.5671	1554	17.1583
ERR13927574.5672	1564	16.9687
ERR13927574.5673	1596	17.7086
ERR13927574.5674	1559	17.4817
ERR13927574.5675	1549	14.9354
ERR13927574.5676	1610	19.9826
ERR13927574.5677	1581	20.9766
ERR13927574.5678	1575	18.3587
ERR13927574.5679	1628	19.2844
ERR13927574.5680	1588	18.7355
ERR13927574.5681	1601	18.7146
ERR13927574.5682	1612	19.8660
ERR13927574.5683	1627	20.4966
ERR13927574.5684	1566	18.2842
ERR13927574.5685	1624	14.9926
ERR13927574.5686	1580	16.7272
ERR13927574.5687	1605	17.4393
ERR13927574.5688	1607	17.3503
ERR13927574.5689	1626	18.5658
ERR13927574.5690	1564	15.4124
ERR13927574.5691	1344	14.7188
ERR13927574.5692	1612	19.1737
ERR13927574.5693	1599	18.5278
ERR13927574.5694	1552	16.5077
ERR13927574.5695	1583	17.7063
ERR13927574.5696	1580	14.6082
ERR13927574.5697	1607	21.0759
ERR13927574.5698	1611	17.7809
ERR13927574.5699	1540	16.9117
ERR13927574.5700	1614	18.7379
ERR13927574.5701	1616	19.4709
ERR13927574.5702	1516	20.6082
ERR13927574.5703	1542	16.7756
ERR13927574.5704	1608	15.1629
ERR13927574.5705	1564	17.4098
ERR13927574.5706	1583	16.5471
ERR13927574.5707	1604	18.9177
ERR13927574.5708	1536	18.9694
ERR13927574.5709	1543	18.3182
ERR13927574.5710	1594	17.8199
ERR13927574.5711	1620	17.1216
ERR13927574.5712	1561	17.0154
ERR13927574.5713	1580	18.5449
ERR13927574.5714	1576	20.7741
ERR13927574.5715	1609	21.1983
ERR13927574.5716	1585	19.2265
ERR13927574.5717	1565	18.8351
ERR13927574.5718	1567	14.7320
ERR13927574.5719	1577	16.8465
ERR13927574.5720	1553	17.3342
ERR13927574.5721	1610	17.5658
ERR13927574.5722	1616	19.9239
ERR13927574.5723	1598	16.8479
ERR13927574.5724	1602	19.4557
ERR13927574.5725	1566	19.5064
ERR13927574.5726	1610	20.5820
ERR13927574.5727	1551	17.7253
ERR13927574.5728	1601	20.4472
ERR13927574.5729	1608	19.9154
ERR13927574.5730	1606	18.0816
ERR13927574.5731	1616	19.3738
ERR13927574.5732	1577	16.9461
ERR13927574.5733	1555	14.8405
ERR13927574.5734	1623	18.9686
ERR13927574.5735	1591	19.5896
ERR13927574.5736	1591	21.1609
ERR13927574.5737	1638	18.3364
ERR13927574.5738	1585	15.2366
ERR13927574.5739	3081	17.8108
ERR13927574.5740	1597	15.3319
ERR13927574.5741	1588	19.0094
ERR13927574.5742	1558	19.9660
ERR13927574.5743	1483	18.6716
ERR13927574.5744	1746	18.8385
ERR13927574.5745	1572	19.6279
ERR13927574.5746	1590	18.2862
ERR13927574.5747	1573	18.5086
ERR13927574.5748	1569	21.9751
ERR13927574.5749	1607	21.1574
ERR13927574.5750	1567	19.0236
ERR13927574.5751	1554	18.6274
ERR13927574.5752	1557	16.2903
ERR13927574.5753	1576	20.0679
ERR13927574.5754	1548	14.4121
ERR13927574.5755	1556	17.6343
ERR13927574.5756	1552	18.1804
ERR13927574.5757	1552	15.8454
ERR13927574.5758	1571	19.7212
ERR13927574.5759	1584	17.4855
ERR13927574.5760	1589	15.7879
ERR13927574.5761	1592	18.0057
ERR13927574.5762	1619	17.1081
ERR13927574.5763	1555	17.8045
ERR13927574.5764	1575	17.6686
ERR13927574.5765	1601	18.8301
ERR13927574.5766	1548	15.3779
ERR13927574.5767	1560	17.3564
ERR13927574.5768	1556	20.4132
ERR13927574.5769	1558	17.1970
ERR13927574.5770	1548	16.3721
ERR13927574.5771	1622	16.7737
ERR13927574.5772	1612	19.4094
ERR13927574.5773	1585	17.7893
ERR13927574.5774	1565	18.8684
ERR13927574.5775	1548	17.5271
ERR13927574.5776	1545	19.1916
ERR13927574.5777	1575	19.8959
ERR13927574.5778	1617	17.9716
ERR13927574.5779	1522	15.1649
ERR13927574.5780	1574	18.8424
ERR13927574.5781	3176	17.8234
ERR13927574.5782	1591	19.3036
ERR13927574.5783	1610	20.4832
ERR13927574.5784	1602	20.1735
ERR13927574.5785	1604	16.4501
ERR13927574.5786	358	13.2877
ERR13927574.5787	1551	20.1489
ERR13927574.5788	1583	15.4283
ERR13927574.5789	1590	19.5101
ERR13927574.5790	1591	16.8284
ERR13927574.5791	1620	20.1049
ERR13927574.5792	1642	19.3045
ERR13927574.5793	1572	15.1380
ERR13927574.5794	1593	16.5625
ERR13927574.5795	1587	21.4455
ERR13927574.5796	1915	16.8616
ERR13927574.5797	1585	18.0839
ERR13927574.5798	1532	19.1012
ERR13927574.5799	1562	17.8278
ERR13927574.5800	1560	19.5468
ERR13927574.5801	1628	16.8888
ERR13927574.5802	1590	18.4994
ERR13927574.5803	1697	20.0242
ERR13927574.5804	1584	19.8497
ERR13927574.5805	1591	19.7813
ERR13927574.5806	1521	16.6266
ERR13927574.5807	1621	20.8649
ERR13927574.5808	1563	16.0307
ERR13927574.5809	1808	16.9176
ERR13927574.5810	1578	16.4683
ERR13927574.5811	1558	17.1855
ERR13927574.5812	1604	17.3660
ERR13927574.5813	1574	17.1715
ERR13927574.5814	1547	14.6270
ERR13927574.5815	1585	18.2063
ERR13927574.5816	1583	18.2660
ERR13927574.5817	1596	18.8051
ERR13927574.5818	1620	16.6988
ERR13927574.5819	1616	18.4542
ERR13927574.5820	1554	15.9318
ERR13927574.5821	1587	17.2464
ERR13927574.5822	1592	18.6043
ERR13927574.5823	1575	16.9562
ERR13927574.5824	1816	20.2919
ERR13927574.5825	1603	17.1341
ERR13927574.5826	1592	21.4585
ERR13927574.5827	1593	18.8374
ERR13927574.5828	1610	15.1329
ERR13927574.5829	1605	20.2885
ERR13927574.5830	1538	17.0468
ERR13927574.5831	1609	19.3853
ERR13927574.5832	1567	15.8768
ERR13927574.5833	1561	13.6137
ERR13927574.5834	1693	17.6497
ERR13927574.5835	1610	17.4758
ERR13927574.5836	1564	14.8286
ERR13927574.5837	1599	21.2464
ERR13927574.5838	1607	17.6465
ERR13927574.5839	1590	16.8874
ERR13927574.5840	1598	18.3786
ERR13927574.5841	1578	19.3574
ERR13927574.5842	1580	20.5513
ERR13927574.5843	1588	19.1241
ERR13927574.5844	1561	19.7124
ERR13927574.5845	1592	15.9334
ERR13927574.5846	1587	20.7719
ERR13927574.5847	1619	18.4317
ERR13927574.5848	1580	18.8557
ERR13927574.5849	1486	15.2806
ERR13927574.5850	1595	19.9204
ERR13927574.5851	1580	20.5994
ERR13927574.5852	1582	16.5809
ERR13927574.5853	1623	19.7998
ERR13927574.5854	1538	15.7984
ERR13927574.5855	1561	17.9827
ERR13927574.5856	1583	17.4927
ERR13927574.5857	1569	20.3034
ERR13927574.5858	1629	17.5071
ERR13927574.5859	1557	17.0951
ERR13927574.5860	1590	18.8843
ERR13927574.5861	1517	16.9057
ERR13927574.5862	1569	19.8043
ERR13927574.5863	1552	16.4497
ERR13927574.5864	1603	18.6769
ERR13927574.5865	1451	19.9442
ERR13927574.5866	1557	14.9563
ERR13927574.5867	1604	18.9788
ERR13927574.5868	1565	17.0064
ERR13927574.5869	1611	20.7778
ERR13927574.5870	1550	16.6748
ERR13927574.5871	1610	21.0025
ERR13927574.5872	1561	19.6784
ERR13927574.5873	1611	20.0639
ERR13927574.5874	1574	16.0457
ERR13927574.5875	1585	19.5621
ERR13927574.5876	1245	18.0088
ERR13927574.5877	1588	17.3552
ERR13927574.5878	1587	17.4625
ERR13927574.5879	1454	14.2318
ERR13927574.5880	1604	16.2506
ERR13927574.5881	1544	19.4365
ERR13927574.5882	210	14.5000
ERR13927574.5883	1577	17.3139
ERR13927574.5884	1592	17.7921
ERR13927574.5885	1587	17.1664
ERR13927574.5886	1554	17.2793
ERR13927574.5887	1542	15.6543
ERR13927574.5888	1555	19.7498
ERR13927574.5889	1524	17.5079
ERR13927574.5890	1608	19.5908
ERR13927574.5891	1605	16.7595
ERR13927574.5892	1603	17.8035
ERR13927574.5893	1607	15.6777
ERR13927574.5894	1533	15.4690
ERR13927574.5895	1595	19.1141
ERR13927574.5896	1571	21.3609
ERR13927574.5897	1590	15.7736
ERR13927574.5898	1556	15.7860
ERR13927574.5899	1609	21.2952
ERR13927574.5900	1567	19.4844
ERR13927574.5901	1598	20.8110
ERR13927574.5902	1523	15.6074
ERR13927574.5903	1507	18.1851
ERR13927574.5904	1593	19.6234
ERR13927574.5905	1548	18.6318
ERR13927574.5906	1589	16.7074
ERR13927574.5907	1550	17.3071
ERR13927574.5908	1617	20.5096
ERR13927574.5909	1610	17.5547
ERR13927574.5910	1538	16.1612
ERR13927574.5911	1600	16.3844
ERR13927574.5912	1559	14.3105
ERR13927574.5913	1717	16.5620
ERR13927574.5914	1558	21.3318
ERR13927574.5915	1603	19.7261
ERR13927574.5916	1550	17.5374
ERR13927574.5917	1514	19.0185
ERR13927574.5918	1596	17.0395
ERR13927574.5919	1568	18.6467
ERR13927574.5920	1559	16.6883
ERR13927574.5921	1588	21.5164
ERR13927574.5922	1602	14.7615
ERR13927574.5923	1587	15.8122
ERR13927574.5924	1598	17.6758
ERR13927574.5925	1603	18.3337
ERR13927574.5926	1565	18.1105
ERR13927574.5927	1587	17.2634
ERR13927574.5928	1597	20.6919
ERR13927574.5929	1583	20.5148
ERR13927574.5930	1577	19.8649
ERR13927574.5931	1600	15.3012
ERR13927574.5932	1559	18.4073
ERR13927574.5933	1587	15.4033
ERR13927574.5934	1532	13.8982
ERR13927574.5935	1600	21.5287
ERR13927574.5936	1608	22.1623
ERR13927574.5937	1560	16.3404
ERR13927574.5938	1613	20.3472
ERR13927574.5939	1606	20.3244
ERR13927574.5940	1622	17.4945
ERR13927574.5941	1614	18.5285
ERR13927574.5942	1615	21.7963
ERR13927574.5943	1076	17.1896
ERR13927574.5944	1570	16.9815
ERR13927574.5945	1557	16.7900
ERR13927574.5946	1548	19.0200
ERR13927574.5947	1568	15.7207
ERR13927574.5948	1596	20.7932
ERR13927574.5949	1604	15.9495
ERR13927574.5950	1572	17.5318
ERR13927574.5951	1024	15.8018
ERR13927574.5952	1202	16.5524
ERR13927574.5953	1556	18.8689
ERR13927574.5954	1603	19.2539
ERR13927574.5955	1586	17.2610
ERR13927574.5956	1612	18.7630
ERR13927574.5957	1603	15.9619
ERR13927574.5958	1542	14.8061
ERR13927574.5959	1616	20.7017
ERR13927574.5960	1607	20.2564
ERR13927574.5961	1611	19.7796
ERR13927574.5962	1550	17.2813
ERR13927574.5963	1563	19.6686
ERR13927574.5964	1614	19.8073
ERR13927574.5965	1573	17.9174
ERR13927574.5966	1596	19.7525
ERR13927574.5967	1569	16.0899
ERR13927574.5968	1593	20.2574
ERR13927574.5969	1581	20.0968
ERR13927574.5970	1604	16.8080
ERR13927574.5971	1282	16.1700
ERR13927574.5972	1556	16.8683
ERR13927574.5973	1589	18.7716
ERR13927574.5974	1587	16.3661
ERR13927574.5975	1562	15.0813
ERR13927574.5976	1530	14.6882
ERR13927574.5977	1602	21.1511
ERR13927574.5978	1541	15.9150
ERR13927574.5979	1572	19.8162
ERR13927574.5980	1603	19.0973
ERR13927574.5981	1576	18.1986
ERR13927574.5982	1572	18.3740
ERR13927574.5983	1613	19.9225
ERR13927574.5984	1601	20.5334
ERR13927574.5985	1574	18.4219
ERR13927574.5986	1600	22.0500
ERR13927574.5987	1502	16.9461
ERR13927574.5988	1576	18.4055
ERR13927574.5989	1604	18.0574
ERR13927574.5990	1581	18.2600
ERR13927574.5991	1581	16.6009
ERR13927574.5992	1625	15.9643
ERR13927574.5993	1584	17.9192
ERR13927574.5994	1587	18.9943
ERR13927574.5995	1606	19.6463
ERR13927574.5996	1564	18.1522
ERR13927574.5997	1571	16.3011
ERR13927574.5998	1595	20.7925
ERR13927574.5999	1572	20.0522
ERR13927574.6000	1610	19.9907
ERR13927574.6001	1559	21.0847
ERR13927574.6002	1569	20.4761
ERR13927574.6003	1558	18.6496
ERR13927574.6004	1563	19.2495
ERR13927574.6005	1580	18.4089
ERR13927574.6006	1604	14.9819
ERR13927574.6007	1586	17.6784
ERR13927574.6008	1569	15.6788
ERR13927574.6009	1590	15.7258
ERR13927574.6010	1533	16.3523
ERR13927574.6011	1570	19.1573
ERR13927574.6012	1556	16.8310
ERR13927574.6013	1565	18.3834
ERR13927574.6014	1596	19.5439
ERR13927574.6015	1573	18.3401
ERR13927574.6016	1665	19.2456
ERR13927574.6017	1553	19.7096
ERR13927574.6018	1544	19.6690
ERR13927574.6019	1590	16.9107
ERR13927574.6020	1589	20.4078
ERR13927574.6021	1586	19.3865
ERR13927574.6022	1607	19.2632
ERR13927574.6023	1570	14.4841
ERR13927574.6024	1595	20.3755
ERR13927574.6025	1570	14.8102
ERR13927574.6026	1571	20.1324
ERR13927574.6027	1575	18.0057
ERR13927574.6028	1599	16.1038
ERR13927574.6029	1560	19.7295
ERR13927574.6030	1579	19.3325
ERR13927574.6031	1542	15.2646
ERR13927574.6032	1598	19.8517
ERR13927574.6033	1533	17.4808
ERR13927574.6034	1633	18.6614
ERR13927574.6035	1508	15.7818
ERR13927574.6036	1565	16.2326
ERR13927574.6037	1587	18.1141
ERR13927574.6038	1719	16.5207
ERR13927574.6039	1608	20.2861
ERR13927574.6040	1614	19.3067
ERR13927574.6041	1585	21.0322
ERR13927574.6042	1588	19.3142
ERR13927574.6043	1572	19.2354
ERR13927574.6044	1573	16.2695
ERR13927574.6045	1578	18.9005
ERR13927574.6046	1565	15.1201
ERR13927574.6047	1575	18.6629
ERR13927574.6048	1614	19.4213
ERR13927574.6049	1578	15.2845
ERR13927574.6050	1579	16.7150
ERR13927574.6051	1589	17.6671
ERR13927574.6052	1548	20.0052
ERR13927574.6053	1563	18.9015
ERR13927574.6054	1611	17.8448
ERR13927574.6055	1562	19.1453
ERR13927574.6056	1597	17.2154
ERR13927574.6057	1607	21.1189
ERR13927574.6058	1539	16.6082
ERR13927574.6059	1566	22.0658
ERR13927574.6060	1574	18.1105
ERR13927574.6061	1362	18.7313
ERR13927574.6062	1584	19.3068
ERR13927574.6063	1559	14.5888
ERR13927574.6064	1561	18.6156
ERR13927574.6065	1568	18.4024
ERR13927574.6066	1399	17.1544
ERR13927574.6067	1582	16.6157
ERR13927574.6068	1562	17.1735
ERR13927574.6069	1599	16.5291
ERR13927574.6070	1578	17.9347
ERR13927574.6071	1551	19.2992
ERR13927574.6072	1606	18.4888
ERR13927574.6073	1594	19.1870
ERR13927574.6074	1564	17.9246
ERR13927574.6075	1541	17.3335
ERR13927574.6076	1574	15.3742
ERR13927574.6077	1594	18.1876
ERR13927574.6078	1557	19.2447
ERR13927574.6079	1562	18.1536
ERR13927574.6080	1580	18.6089
ERR13927574.6081	1625	20.8763
ERR13927574.6082	1622	16.5296
ERR13927574.6083	1563	15.1939
ERR13927574.6084	1578	16.4208
ERR13927574.6085	1539	17.2671
ERR13927574.6086	1593	16.6372
ERR13927574.6087	1576	18.1161
ERR13927574.6088	1570	18.2344
ERR13927574.6089	1553	19.1500
ERR13927574.6090	1526	15.7398
ERR13927574.6091	1567	16.4218
ERR13927574.6092	1561	19.4279
ERR13927574.6093	1568	18.4560
ERR13927574.6094	1570	16.5446
ERR13927574.6095	1532	15.1664
ERR13927574.6096	1557	17.3995
ERR13927574.6097	679	19.7423
ERR13927574.6098	1573	15.1214
ERR13927574.6099	1536	17.5931
ERR13927574.6100	1564	18.5473
ERR13927574.6101	1550	19.5800
ERR13927574.6102	1575	19.5130
ERR13927574.6103	1565	17.4728
ERR13927574.6104	1585	17.8429
ERR13927574.6105	1584	20.3763
ERR13927574.6106	1611	16.9789
ERR13927574.6107	1545	17.5120
ERR13927574.6108	1580	18.8392
ERR13927574.6109	1607	17.8768
ERR13927574.6110	1529	17.1230
ERR13927574.6111	1541	16.7872
ERR13927574.6112	1575	16.3663
ERR13927574.6113	1574	18.8977
ERR13927574.6114	1572	18.9542
ERR13927574.6115	1564	21.5659
ERR13927574.6116	1582	19.4425
ERR13927574.6117	1560	20.0865
ERR13927574.6118	1571	17.3488
ERR13927574.6119	1591	21.2263
ERR13927574.6120	1598	19.3980
ERR13927574.6121	1535	18.1427
ERR13927574.6122	1578	18.4049
ERR13927574.6123	1583	18.5022
ERR13927574.6124	1620	18.7691
ERR13927574.6125	1575	18.1810
ERR13927574.6126	1228	15.7964
ERR13927574.6127	1607	18.9284
ERR13927574.6128	1570	18.8318
ERR13927574.6129	1534	15.4146
ERR13927574.6130	1577	20.1477
ERR13927574.6131	1567	20.5712
ERR13927574.6132	1534	19.4635
ERR13927574.6133	1571	16.4017
ERR13927574.6134	1624	18.3830
ERR13927574.6135	1572	19.0159
ERR13927574.6136	1640	18.0006
ERR13927574.6137	1570	20.1936
ERR13927574.6138	1575	16.2800
ERR13927574.6139	1566	19.3410
ERR13927574.6140	1576	17.4994
ERR13927574.6141	1564	20.6803
ERR13927574.6142	1565	17.5987
ERR13927574.6143	1546	18.0847
ERR13927574.6144	1526	15.5603
ERR13927574.6145	1340	16.0813
ERR13927574.6146	1585	21.2801
ERR13927574.6147	1605	19.1944
ERR13927574.6148	1579	17.8778
ERR13927574.6149	1535	16.1355
ERR13927574.6150	1589	16.6551
ERR13927574.6151	1547	19.1015
ERR13927574.6152	1564	19.5480
ERR13927574.6153	1565	17.4716
ERR13927574.6154	1552	18.3125
ERR13927574.6155	1564	20.7570
ERR13927574.6156	1524	17.1358
ERR13927574.6157	1586	14.9735
ERR13927574.6158	1645	16.7277
ERR13927574.6159	1576	16.8496
ERR13927574.6160	1531	14.3762
ERR13927574.6161	1626	18.5720
ERR13927574.6162	1673	18.4728
ERR13927574.6163	1601	17.7058
ERR13927574.6164	1596	18.3164
ERR13927574.6165	1576	14.8484
ERR13927574.6166	1537	16.5758
ERR13927574.6167	1603	18.1959
ERR13927574.6168	1547	16.5288
ERR13927574.6169	1556	16.6639
ERR13927574.6170	1597	20.4696
ERR13927574.6171	1590	19.2711
ERR13927574.6172	1610	21.2596
ERR13927574.6173	1560	17.2462
ERR13927574.6174	1609	19.0044
ERR13927574.6175	1568	14.8099
ERR13927574.6176	1598	19.9981
ERR13927574.6177	959	20.7278
ERR13927574.6178	1563	16.3084
ERR13927574.6179	1576	17.9150
ERR13927574.6180	1553	17.7186
ERR13927574.6181	1544	15.9734
ERR13927574.6182	1552	20.4040
ERR13927574.6183	1561	18.7745
ERR13927574.6184	1533	16.0933
ERR13927574.6185	1545	15.8990
ERR13927574.6186	1593	21.4105
ERR13927574.6187	1615	19.4780
ERR13927574.6188	1523	14.8221
ERR13927574.6189	1584	18.9495
ERR13927574.6190	1570	19.3777
ERR13927574.6191	1583	18.8282
ERR13927574.6192	1610	16.5118
ERR13927574.6193	1591	21.0647
ERR13927574.6194	1602	18.3109
ERR13927574.6195	1594	16.0289
ERR13927574.6196	1547	14.3116
ERR13927574.6197	1568	18.4668
ERR13927574.6198	1592	16.0653
ERR13927574.6199	1582	19.2699
ERR13927574.6200	1593	18.1444
ERR13927574.6201	1588	16.6606
ERR13927574.6202	722	18.3629
ERR13927574.6203	1602	17.5243
ERR13927574.6204	1550	17.4097
ERR13927574.6205	1582	18.0695
ERR13927574.6206	1586	19.1507
ERR13927574.6207	1581	17.3441
ERR13927574.6208	1576	18.7893
ERR13927574.6209	1559	20.9070
ERR13927574.6210	1549	16.8547
ERR13927574.6211	1567	20.6624
ERR13927574.6212	1602	18.1342
ERR13927574.6213	1543	17.0499
ERR13927574.6214	1603	18.4554
ERR13927574.6215	1555	19.6341
ERR13927574.6216	1552	19.2513
ERR13927574.6217	1560	17.8321
ERR13927574.6218	1554	18.5174
ERR13927574.6219	1582	16.8932
ERR13927574.6220	1509	21.8211
ERR13927574.6221	1545	14.5586
ERR13927574.6222	1515	16.0878
ERR13927574.6223	1554	16.0084
ERR13927574.6224	1575	18.4997
ERR13927574.6225	1581	15.5617
ERR13927574.6226	1513	18.9471
ERR13927574.6227	1577	21.3056
ERR13927574.6228	1584	17.3769
ERR13927574.6229	1607	16.1798
ERR13927574.6230	1553	21.1275
ERR13927574.6231	1540	15.1494
ERR13927574.6232	1621	17.9469
ERR13927574.6233	1483	16.7316
ERR13927574.6234	1590	19.2214
ERR13927574.6235	1630	16.7368
ERR13927574.6236	1544	17.3892
ERR13927574.6237	1560	20.2333
ERR13927574.6238	1564	17.2129
ERR13927574.6239	1577	18.6449
ERR13927574.6240	1578	20.3359
ERR13927574.6241	1572	18.6469
ERR13927574.6242	1571	17.6792
ERR13927574.6243	1525	19.1357
ERR13927574.6244	1569	18.8069
ERR13927574.6245	1601	17.9688
ERR13927574.6246	1598	16.4800
ERR13927574.6247	1587	18.3037
ERR13927574.6248	1598	18.8567
ERR13927574.6249	1588	18.8369
ERR13927574.6250	1539	18.2969
ERR13927574.6251	1577	17.0273
ERR13927574.6252	1578	16.6850
ERR13927574.6253	1601	18.1243
ERR13927574.6254	1578	16.7003
ERR13927574.6255	1562	20.6255
ERR13927574.6256	1546	20.3131
ERR13927574.6257	1524	14.9232
ERR13927574.6258	1569	15.3499
ERR13927574.6259	1588	21.7664
ERR13927574.6260	1551	19.8298
ERR13927574.6261	1612	21.4007
ERR13927574.6262	1557	21.9897
ERR13927574.6263	1581	19.3700
ERR13927574.6264	1567	20.7026
ERR13927574.6265	1611	18.2899
ERR13927574.6266	1583	18.7953
ERR13927574.6267	1576	19.4676
ERR13927574.6268	1570	17.5624
ERR13927574.6269	1597	17.3143
ERR13927574.6270	1588	16.2809
ERR13927574.6271	1640	16.0250
ERR13927574.6272	1538	15.9135
ERR13927574.6273	1550	16.4026
ERR13927574.6274	1591	17.5537
ERR13927574.6275	1572	19.9116
ERR13927574.6276	1614	18.2900
ERR13927574.6277	1563	15.5841
ERR13927574.6278	1539	15.7589
ERR13927574.6279	1553	16.2086
ERR13927574.6280	1647	17.2216
ERR13927574.6281	1603	18.6039
ERR13927574.6282	1574	17.7935
ERR13927574.6283	1550	18.2232
ERR13927574.6284	1563	14.4191
ERR13927574.6285	1591	19.9686
ERR13927574.6286	1618	18.8443
ERR13927574.6287	1565	14.5949
ERR13927574.6288	1596	19.8565
ERR13927574.6289	1577	16.1985
ERR13927574.6290	1594	18.2760
ERR13927574.6291	933	14.7149
ERR13927574.6292	1575	17.3498
ERR13927574.6293	1567	18.2355
ERR13927574.6294	1564	19.5396
ERR13927574.6295	1606	17.5915
ERR13927574.6296	1583	16.4902
ERR13927574.6297	1592	17.5389
ERR13927574.6298	1561	18.6963
ERR13927574.6299	1582	20.0190
ERR13927574.6300	1594	17.3827
ERR13927574.6301	1568	20.7494
ERR13927574.6302	1584	18.8169
ERR13927574.6303	1575	17.3187
ERR13927574.6304	1607	20.1027
ERR13927574.6305	1583	18.7663
ERR13927574.6306	1617	18.1775
ERR13927574.6307	1582	18.3268
ERR13927574.6308	1553	19.0766
ERR13927574.6309	1615	16.9176
ERR13927574.6310	1528	19.6270
ERR13927574.6311	452	16.2124
ERR13927574.6312	1620	20.1167
ERR13927574.6313	1622	18.0265
ERR13927574.6314	1561	17.5637
ERR13927574.6315	1609	20.8278
ERR13927574.6316	1607	17.7841
ERR13927574.6317	1573	15.2702
ERR13927574.6318	1471	15.5704
ERR13927574.6319	1514	16.0872
ERR13927574.6320	1574	17.6576
ERR13927574.6321	1551	19.2592
ERR13927574.6322	1568	18.9649
ERR13927574.6323	1563	17.2380
ERR13927574.6324	1588	18.3923
ERR13927574.6325	1561	16.9641
ERR13927574.6326	1569	16.3066
ERR13927574.6327	1555	15.6444
ERR13927574.6328	1589	17.1724
ERR13927574.6329	1568	18.7111
ERR13927574.6330	1620	21.0963
ERR13927574.6331	1582	15.9994
ERR13927574.6332	1538	16.6938
ERR13927574.6333	1622	17.2836
ERR13927574.6334	1547	17.4441
ERR13927574.6335	1558	18.0160
ERR13927574.6336	1546	17.8959
ERR13927574.6337	1602	16.5437
ERR13927574.6338	1535	19.8678
ERR13927574.6339	1557	16.0662
ERR13927574.6340	1535	16.1420
ERR13927574.6341	1567	19.7358
ERR13927574.6342	1559	20.1539
ERR13927574.6343	1567	16.4416
ERR13927574.6344	1721	19.4904
ERR13927574.6345	1576	18.0489
ERR13927574.6346	1619	18.4620
ERR13927574.6347	1585	18.6334
ERR13927574.6348	1586	18.6923
ERR13927574.6349	1608	17.1654
ERR13927574.6350	1586	17.8859
ERR13927574.6351	1588	20.3470
ERR13927574.6352	1587	18.6786
ERR13927574.6353	1617	19.4966
ERR13927574.6354	1548	18.1641
ERR13927574.6355	1603	18.1029
ERR13927574.6356	1598	19.1471
ERR13927574.6357	1560	17.5083
ERR13927574.6358	1561	16.3613
ERR13927574.6359	1549	19.0407
ERR13927574.6360	1612	21.1774
ERR13927574.6361	1596	23.1366
ERR13927574.6362	1588	18.9534
ERR13927574.6363	1596	20.3070
ERR13927574.6364	1586	18.7106
ERR13927574.6365	1560	18.9090
ERR13927574.6366	1598	18.6333
ERR13927574.6367	1565	20.8505
ERR13927574.6368	1577	18.8979
ERR13927574.6369	1549	19.0355
ERR13927574.6370	722	15.5582
ERR13927574.6371	1606	18.5859
ERR13927574.6372	1552	17.0657
ERR13927574.6373	1602	18.1923
ERR13927574.6374	1680	16.5030
ERR13927574.6375	1562	18.8502
ERR13927574.6376	1562	19.8694
ERR13927574.6377	1573	20.7991
ERR13927574.6378	1648	18.6954
ERR13927574.6379	1588	20.6146
ERR13927574.6380	1559	20.7736
ERR13927574.6381	1605	18.1352
ERR13927574.6382	1603	15.3163
ERR13927574.6383	1670	20.2257
ERR13927574.6384	1575	19.8806
ERR13927574.6385	1586	16.1986
ERR13927574.6386	1586	18.5561
ERR13927574.6387	1557	20.2254
ERR13927574.6388	1583	16.9267
ERR13927574.6389	1636	18.5348
ERR13927574.6390	1561	16.4196
ERR13927574.6391	1561	15.9865
ERR13927574.6392	1572	17.3346
ERR13927574.6393	1564	17.6931
ERR13927574.6394	1553	16.8770
ERR13927574.6395	1602	15.6392
ERR13927574.6396	1600	18.4350
ERR13927574.6397	1574	16.3704
ERR13927574.6398	1608	17.0777
ERR13927574.6399	1545	20.4136
ERR13927574.6400	1554	19.4672
ERR13927574.6401	1589	19.1460
ERR13927574.6402	1558	16.1438
ERR13927574.6403	1578	20.7332
ERR13927574.6404	1566	19.5773
ERR13927574.6405	1564	17.4463
ERR13927574.6406	1573	18.7673
ERR13927574.6407	1634	19.2289
ERR13927574.6408	1600	16.4100
ERR13927574.6409	1551	15.2708
ERR13927574.6410	1567	17.8009
ERR13927574.6411	1545	19.3599
ERR13927574.6412	1571	20.6556
ERR13927574.6413	1555	19.1891
ERR13927574.6414	1574	16.9860
ERR13927574.6415	1569	18.1638
ERR13927574.6416	1576	18.8179
ERR13927574.6417	1615	18.7424
ERR13927574.6418	1588	19.1083
ERR13927574.6419	1545	17.3210
ERR13927574.6420	1579	18.7549
ERR13927574.6421	1569	15.5182
ERR13927574.6422	1558	17.8023
ERR13927574.6423	1572	18.9389
ERR13927574.6424	1535	14.8775
ERR13927574.6425	1575	20.9029
ERR13927574.6426	1567	20.2470
ERR13927574.6427	1573	18.7050
ERR13927574.6428	1585	18.7110
ERR13927574.6429	1593	15.6648
ERR13927574.6430	1617	20.4688
ERR13927574.6431	1571	19.9994
ERR13927574.6432	1563	20.8484
ERR13927574.6433	1559	17.5420
ERR13927574.6434	1608	17.8147
ERR13927574.6435	1607	19.7312
ERR13927574.6436	1586	15.0807
ERR13927574.6437	1619	17.8345
ERR13927574.6438	1571	16.2107
ERR13927574.6439	1599	18.2251
ERR13927574.6440	1523	16.0263
ERR13927574.6441	1624	20.0868
ERR13927574.6442	1565	18.5661
ERR13927574.6443	1561	19.4004
ERR13927574.6444	1547	15.7712
ERR13927574.6445	1600	17.4931
ERR13927574.6446	1559	19.7601
ERR13927574.6447	1571	18.0617
ERR13927574.6448	1592	16.8800
ERR13927574.6449	1587	19.2590
ERR13927574.6450	1597	16.4358
ERR13927574.6451	1574	17.7224
ERR13927574.6452	1580	20.8791
ERR13927574.6453	1596	15.8571
ERR13927574.6454	1609	20.1647
ERR13927574.6455	217	17.2765
ERR13927574.6456	1600	18.6319
ERR13927574.6457	1548	18.2177
ERR13927574.6458	1603	19.7960
ERR13927574.6459	1581	16.4959
ERR13927574.6460	1559	21.2848
ERR13927574.6461	1598	21.7128
ERR13927574.6462	1613	18.6336
ERR13927574.6463	1543	17.5535
ERR13927574.6464	1590	16.3692
ERR13927574.6465	1612	20.8548
ERR13927574.6466	1588	19.1895
ERR13927574.6467	1565	20.2403
ERR13927574.6468	1613	21.1575
ERR13927574.6469	1609	17.6644
ERR13927574.6470	1524	18.9409
ERR13927574.6471	1609	16.9782
ERR13927574.6472	1601	18.0656
ERR13927574.6473	1588	18.5233
ERR13927574.6474	1555	17.7505
ERR13927574.6475	1604	16.7650
ERR13927574.6476	1573	20.9491
ERR13927574.6477	1557	16.6769
ERR13927574.6478	1545	15.9935
ERR13927574.6479	232	15.4914
ERR13927574.6480	1568	16.9222
ERR13927574.6481	1567	17.4716
ERR13927574.6482	1535	16.2671
ERR13927574.6483	1574	16.6658
ERR13927574.6484	1599	18.6298
ERR13927574.6485	1543	16.5360
ERR13927574.6486	1586	15.3487
ERR13927574.6487	1570	16.3019
ERR13927574.6488	1605	18.4436
ERR13927574.6489	1573	19.5677
ERR13927574.6490	1567	21.3369
ERR13927574.6491	1527	17.9738
ERR13927574.6492	1539	17.3262
ERR13927574.6493	1542	16.2562
ERR13927574.6494	1588	18.4616
ERR13927574.6495	1586	21.0195
ERR13927574.6496	1575	16.2279
ERR13927574.6497	378	18.2275
ERR13927574.6498	1573	15.6879
ERR13927574.6499	1605	19.2037
ERR13927574.6500	1563	19.7019
ERR13927574.6501	1588	17.9698
ERR13927574.6502	1572	21.5980
ERR13927574.6503	1601	20.1193
ERR13927574.6504	1619	20.2681
ERR13927574.6505	1125	18.7689
ERR13927574.6506	645	16.8310
ERR13927574.6507	1610	21.3671
ERR13927574.6508	1591	15.9516
ERR13927574.6509	1071	17.4183
ERR13927574.6510	1575	17.0571
ERR13927574.6511	1550	17.0155
ERR13927574.6512	1602	20.0181
ERR13927574.6513	1522	16.7070
ERR13927574.6514	1542	17.3684
ERR13927574.6515	1596	18.1629
ERR13927574.6516	1597	16.8234
ERR13927574.6517	1553	17.0496
ERR13927574.6518	1583	17.6665
ERR13927574.6519	1574	15.1830
ERR13927574.6520	1556	18.5996
ERR13927574.6521	1532	18.4595
ERR13927574.6522	1550	19.9723
ERR13927574.6523	1557	18.0533
ERR13927574.6524	1542	19.7257
ERR13927574.6525	1587	18.6654
ERR13927574.6526	1593	19.5304
ERR13927574.6527	1605	19.7103
ERR13927574.6528	1529	19.1079
ERR13927574.6529	248	12.0806
ERR13927574.6530	1587	15.0403
ERR13927574.6531	1492	15.4249
ERR13927574.6532	1534	17.8272
ERR13927574.6533	1559	17.9378
ERR13927574.6534	1543	16.8995
ERR13927574.6535	1531	14.5983
ERR13927574.6536	1561	19.0519
ERR13927574.6537	1590	19.7333
ERR13927574.6538	1580	15.0797
ERR13927574.6539	1533	18.8774
ERR13927574.6540	1595	18.8270
ERR13927574.6541	1595	17.7135
ERR13927574.6542	1560	17.2699
ERR13927574.6543	1569	20.5143
ERR13927574.6544	1605	19.2293
ERR13927574.6545	1713	16.8885
ERR13927574.6546	1558	16.3511
ERR13927574.6547	1476	15.9058
ERR13927574.6548	1562	16.2138
ERR13927574.6549	1614	20.4610
ERR13927574.6550	1568	17.4292
ERR13927574.6551	1584	17.5391
ERR13927574.6552	1555	16.6212
ERR13927574.6553	1580	19.2475
ERR13927574.6554	1591	19.8202
ERR13927574.6555	1605	20.6480
ERR13927574.6556	1618	18.3004
ERR13927574.6557	1556	19.0238
ERR13927574.6558	1560	16.6404
ERR13927574.6559	1555	17.9389
ERR13927574.6560	1609	19.8334
ERR13927574.6561	1565	18.6511
ERR13927574.6562	1527	18.0072
ERR13927574.6563	1230	18.5618
ERR13927574.6564	1559	15.2540
ERR13927574.6565	1582	16.6922
ERR13927574.6566	1581	20.1543
ERR13927574.6567	1598	16.3423
ERR13927574.6568	1610	18.5553
ERR13927574.6569	1405	19.5488
ERR13927574.6570	1527	17.1487
ERR13927574.6571	1597	19.1171
ERR13927574.6572	1592	14.8191
ERR13927574.6573	1611	19.4258
ERR13927574.6574	550	17.8818
ERR13927574.6575	1606	22.8954
ERR13927574.6576	1577	18.1148
ERR13927574.6577	1604	19.0031
ERR13927574.6578	1590	17.9994
ERR13927574.6579	1602	17.5843
ERR13927574.6580	1573	19.0490
ERR13927574.6581	1718	18.4237
ERR13927574.6582	1565	15.8173
ERR13927574.6583	1567	17.6043
ERR13927574.6584	1560	16.7654
ERR13927574.6585	1587	19.2010
ERR13927574.6586	1572	15.7742
ERR13927574.6587	1516	16.1662
ERR13927574.6588	1551	20.9329
ERR13927574.6589	1556	16.9087
ERR13927574.6590	1526	16.5754
ERR13927574.6591	1582	19.6732
ERR13927574.6592	1575	18.0146
ERR13927574.6593	1562	21.2567
ERR13927574.6594	1607	18.9695
ERR13927574.6595	1561	19.4228
ERR13927574.6596	1623	22.2415
ERR13927574.6597	1540	17.7214
ERR13927574.6598	1608	21.4260
ERR13927574.6599	1590	19.8679
ERR13927574.6600	1588	15.6826
ERR13927574.6601	1614	18.5031
ERR13927574.6602	1614	20.6735
ERR13927574.6603	1628	17.9244
ERR13927574.6604	1563	18.4850
ERR13927574.6605	1574	20.2166
ERR13927574.6606	1553	20.6677
ERR13927574.6607	1355	14.6096
ERR13927574.6608	1592	16.2004
ERR13927574.6609	1574	20.0178
ERR13927574.6610	1598	15.7584
ERR13927574.6611	1583	16.7726
ERR13927574.6612	1545	17.6278
ERR13927574.6613	1566	22.0300
ERR13927574.6614	1568	16.4413
ERR13927574.6615	1570	19.4573
ERR13927574.6616	1588	18.9515
ERR13927574.6617	956	17.4519
ERR13927574.6618	1698	19.1396
ERR13927574.6619	1599	18.1470
ERR13927574.6620	1453	17.1604
ERR13927574.6621	1692	18.8191
ERR13927574.6622	1548	19.2532
ERR13927574.6623	1596	20.0902
ERR13927574.6624	1574	20.3456
ERR13927574.6625	1580	19.4006
ERR13927574.6626	1562	16.7682
ERR13927574.6627	1571	14.9198
ERR13927574.6628	1609	17.3238
ERR13927574.6629	1561	19.4741
ERR13927574.6630	1564	18.1451
ERR13927574.6631	1599	18.2564
ERR13927574.6632	1622	17.7238
ERR13927574.6633	1570	20.4720
ERR13927574.6634	1590	19.5440
ERR13927574.6635	1579	14.0443
ERR13927574.6636	1592	19.4994
ERR13927574.6637	1581	19.6281
ERR13927574.6638	1618	20.8430
ERR13927574.6639	1581	19.2574
ERR13927574.6640	1111	18.8245
ERR13927574.6641	1600	21.4612
ERR13927574.6642	1583	20.3980
ERR13927574.6643	1211	18.3493
ERR13927574.6644	1563	19.3333
ERR13927574.6645	1575	15.6654
ERR13927574.6646	1540	19.4513
ERR13927574.6647	1590	20.3069
ERR13927574.6648	1593	16.6045
ERR13927574.6649	496	17.2097
ERR13927574.6650	1600	18.9825
ERR13927574.6651	1555	16.5299
ERR13927574.6652	1594	16.7911
ERR13927574.6653	1590	14.0742
ERR13927574.6654	1550	17.2568
ERR13927574.6655	904	17.3119
ERR13927574.6656	1551	21.3366
ERR13927574.6657	1566	19.3340
ERR13927574.6658	613	18.2088
ERR13927574.6659	1611	18.8194
ERR13927574.6660	1576	15.4556
ERR13927574.6661	1626	21.7214
ERR13927574.6662	1575	17.5841
ERR13927574.6663	1575	17.2819
ERR13927574.6664	1552	16.4278
ERR13927574.6665	1583	19.2982
ERR13927574.6666	1520	18.1711
ERR13927574.6667	1542	13.6803
ERR13927574.6668	1561	19.8296
ERR13927574.6669	1595	16.6332
ERR13927574.6670	1545	15.5417
ERR13927574.6671	1596	19.8177
ERR13927574.6672	1591	19.3294
ERR13927574.6673	1566	19.7701
ERR13927574.6674	1593	14.6265
ERR13927574.6675	1590	18.9138
ERR13927574.6676	1523	17.0814
ERR13927574.6677	1580	17.1475
ERR13927574.6678	1565	19.8831
ERR13927574.6679	1560	15.7596
ERR13927574.6680	1594	22.1550
ERR13927574.6681	1496	19.5561
ERR13927574.6682	1563	17.0390
ERR13927574.6683	1575	18.8603
ERR13927574.6684	1545	18.7618
ERR13927574.6685	1571	17.7447
ERR13927574.6686	1567	20.7709
ERR13927574.6687	1582	20.3439
ERR13927574.6688	967	18.1613
ERR13927574.6689	1541	16.3219
ERR13927574.6690	1568	20.6282
ERR13927574.6691	1602	18.4226
ERR13927574.6692	1526	15.0406
ERR13927574.6693	1613	20.3614
ERR13927574.6694	1558	17.0154
ERR13927574.6695	1622	21.5764
ERR13927574.6696	1549	17.6934
ERR13927574.6697	1575	18.0768
ERR13927574.6698	1465	15.1706
ERR13927574.6699	1579	20.7036
ERR13927574.6700	1565	18.9514
ERR13927574.6701	1578	18.2338
ERR13927574.6702	1524	17.5512
ERR13927574.6703	1564	19.5345
ERR13927574.6704	1581	19.6964
ERR13927574.6705	1553	16.2904
ERR13927574.6706	1556	17.9910
ERR13927574.6707	1595	19.8834
ERR13927574.6708	1575	17.8565
ERR13927574.6709	1606	17.6407
ERR13927574.6710	1266	20.3239
ERR13927574.6711	1613	18.1916
ERR13927574.6712	1611	17.9448
ERR13927574.6713	1595	16.5768
ERR13927574.6714	1592	19.6941
ERR13927574.6715	1579	19.9113
ERR13927574.6716	1495	16.5452
ERR13927574.6717	1575	16.3644
ERR13927574.6718	1660	20.3488
ERR13927574.6719	1596	17.3634
ERR13927574.6720	1548	15.9490
ERR13927574.6721	1528	16.2768
ERR13927574.6722	1588	17.7651
ERR13927574.6723	1536	16.2109
ERR13927574.6724	1592	19.0911
ERR13927574.6725	1548	16.6602
ERR13927574.6726	1598	20.5144
ERR13927574.6727	1599	17.4053
ERR13927574.6728	1590	18.5975
ERR13927574.6729	1564	18.8510
ERR13927574.6730	1626	21.4533
ERR13927574.6731	1557	15.7675
ERR13927574.6732	1543	17.2437
ERR13927574.6733	175	15.8857
ERR13927574.6734	1558	18.7137
ERR13927574.6735	1618	18.4654
ERR13927574.6736	1566	18.4738
ERR13927574.6737	1552	19.4091
ERR13927574.6738	1571	19.8682
ERR13927574.6739	1593	17.2498
ERR13927574.6740	3199	17.6377
ERR13927574.6741	1605	17.7352
ERR13927574.6742	1576	18.6041
ERR13927574.6743	1560	18.3994
ERR13927574.6744	1503	16.3653
ERR13927574.6745	1529	15.5592
ERR13927574.6746	1566	22.2241
ERR13927574.6747	1508	17.0351
ERR13927574.6748	1579	20.0272
ERR13927574.6749	1533	19.0450
ERR13927574.6750	1579	19.8493
ERR13927574.6751	1582	19.7832
ERR13927574.6752	1572	20.1788
ERR13927574.6753	1736	16.1878
ERR13927574.6754	1537	15.9792
ERR13927574.6755	1572	17.2608
ERR13927574.6756	1569	18.8311
ERR13927574.6757	1607	18.7418
ERR13927574.6758	1583	19.1118
ERR13927574.6759	1609	20.5879
ERR13927574.6760	1582	18.3919
ERR13927574.6761	1579	20.2945
ERR13927574.6762	1510	18.6291
ERR13927574.6763	1569	16.7126
ERR13927574.6764	1557	17.2254
ERR13927574.6765	1597	14.5285
ERR13927574.6766	1562	18.4104
ERR13927574.6767	1593	19.2699
ERR13927574.6768	1566	19.0581
ERR13927574.6769	1588	17.4906
ERR13927574.6770	1567	17.7658
ERR13927574.6771	1551	16.4707
ERR13927574.6772	1598	19.0926
ERR13927574.6773	1560	21.4750
ERR13927574.6774	1592	18.8191
ERR13927574.6775	1566	20.4796
ERR13927574.6776	1577	17.2575
ERR13927574.6777	1576	13.6675
ERR13927574.6778	1555	19.6141
ERR13927574.6779	1574	21.0896
ERR13927574.6780	1597	17.1403
ERR13927574.6781	1562	20.2286
ERR13927574.6782	1556	16.0302
ERR13927574.6783	1589	15.1850
ERR13927574.6784	1604	18.6110
ERR13927574.6785	1622	19.6621
ERR13927574.6786	1572	15.0992
ERR13927574.6787	1504	15.5060
ERR13927574.6788	1569	19.3257
ERR13927574.6789	1563	18.3429
ERR13927574.6790	1564	19.7641
ERR13927574.6791	1565	21.2435
ERR13927574.6792	1600	18.4656
ERR13927574.6793	1662	19.0746
ERR13927574.6794	1582	20.5803
ERR13927574.6795	1588	19.1933
ERR13927574.6796	1554	21.5199
ERR13927574.6797	797	20.0025
ERR13927574.6798	1568	22.1926
ERR13927574.6799	1564	19.9572
ERR13927574.6800	1582	19.9722
ERR13927574.6801	1592	20.1156
ERR13927574.6802	1578	17.6673
ERR13927574.6803	1535	16.5713
ERR13927574.6804	1563	18.8637
ERR13927574.6805	1610	20.7323
ERR13927574.6806	1601	15.8701
ERR13927574.6807	1545	18.2246
ERR13927574.6808	1621	19.3566
ERR13927574.6809	1603	17.9881
ERR13927574.6810	1567	21.0676
ERR13927574.6811	286	13.7378
ERR13927574.6812	1566	15.1807
ERR13927574.6813	1538	15.1625
ERR13927574.6814	1618	16.4227
ERR13927574.6815	1615	18.3666
ERR13927574.6816	1564	16.3216
ERR13927574.6817	1536	18.2708
ERR13927574.6818	1587	15.0113
ERR13927574.6819	1558	19.1277
ERR13927574.6820	1601	15.7370
ERR13927574.6821	1584	15.7254
ERR13927574.6822	1526	14.8211
ERR13927574.6823	1590	18.4528
ERR13927574.6824	1537	18.8809
ERR13927574.6825	1604	16.0474
ERR13927574.6826	1594	21.4417
ERR13927574.6827	1580	20.4380
ERR13927574.6828	1633	18.6007
ERR13927574.6829	1598	19.2472
ERR13927574.6830	1497	17.6526
ERR13927574.6831	842	14.7945
ERR13927574.6832	1192	19.1183
ERR13927574.6833	1400	18.2886
ERR13927574.6834	1523	15.2534
ERR13927574.6835	1565	18.1604
ERR13927574.6836	1577	16.3285
ERR13927574.6837	1592	19.4642
ERR13927574.6838	1561	18.6227
ERR13927574.6839	1580	17.2108
ERR13927574.6840	1600	18.8313
ERR13927574.6841	1641	19.4381
ERR13927574.6842	1591	20.4048
ERR13927574.6843	1567	16.2240
ERR13927574.6844	1532	15.0091
ERR13927574.6845	1597	14.5711
ERR13927574.6846	1597	16.2523
ERR13927574.6847	1551	20.0077
ERR13927574.6848	1511	16.6936
ERR13927574.6849	1546	16.6009
ERR13927574.6850	1572	16.9046
ERR13927574.6851	1526	15.7529
ERR13927574.6852	1627	16.8967
ERR13927574.6853	1514	14.2972
ERR13927574.6854	1622	16.4938
ERR13927574.6855	1594	17.7371
ERR13927574.6856	1544	17.1295
ERR13927574.6857	1501	14.8821
ERR13927574.6858	1579	17.4668
ERR13927574.6859	1440	14.7868
ERR13927574.6860	1562	20.6671
ERR13927574.6861	1426	15.2097
ERR13927574.6862	1575	20.5651
ERR13927574.6863	1557	15.8015
ERR13927574.6864	1564	21.1650
ERR13927574.6865	1578	15.4804
ERR13927574.6866	1600	18.6575
ERR13927574.6867	1568	16.5676
ERR13927574.6868	1551	16.9516
ERR13927574.6869	1569	18.7240
ERR13927574.6870	1553	17.1867
ERR13927574.6871	1599	20.0650
ERR13927574.6872	1579	16.8993
ERR13927574.6873	1609	22.8017
ERR13927574.6874	1561	17.1704
ERR13927574.6875	1572	16.2099
ERR13927574.6876	1537	14.3995
ERR13927574.6877	1568	20.0670
ERR13927574.6878	1569	18.1867
ERR13927574.6879	1589	19.8880
ERR13927574.6880	1591	18.6141
ERR13927574.6881	1607	18.1736
ERR13927574.6882	1525	14.7259
ERR13927574.6883	1556	15.6420
ERR13927574.6884	1325	22.1494
ERR13927574.6885	1559	18.6209
ERR13927574.6886	1585	20.6618
ERR13927574.6887	1603	16.7274
ERR13927574.6888	1567	20.6286
ERR13927574.6889	1546	16.7380
ERR13927574.6890	1597	18.7852
ERR13927574.6891	1611	14.5785
ERR13927574.6892	1576	17.7030
ERR13927574.6893	1540	16.1468
ERR13927574.6894	1575	18.7879
ERR13927574.6895	1517	17.8510
ERR13927574.6896	1565	19.3214
ERR13927574.6897	1601	16.1149
ERR13927574.6898	1571	18.8186
ERR13927574.6899	1556	20.1864
ERR13927574.6900	1564	18.4015
ERR13927574.6901	1573	18.1831
ERR13927574.6902	1558	20.1014
ERR13927574.6903	1571	18.9052
ERR13927574.6904	1590	18.9748
ERR13927574.6905	1546	17.5459
ERR13927574.6906	1600	22.0437
ERR13927574.6907	1558	20.4487
ERR13927574.6908	1556	21.4833
ERR13927574.6909	1564	21.2347
ERR13927574.6910	1603	17.6687
ERR13927574.6911	1562	19.2164
ERR13927574.6912	1640	18.5872
ERR13927574.6913	1587	19.8236
ERR13927574.6914	1578	18.3758
ERR13927574.6915	1591	18.2508
ERR13927574.6916	1538	15.3966
ERR13927574.6917	1615	20.1232
ERR13927574.6918	1537	18.2245
ERR13927574.6919	1538	18.6105
ERR13927574.6920	1582	17.1346
ERR13927574.6921	1569	19.2843
ERR13927574.6922	1560	20.9532
ERR13927574.6923	1569	18.6017
ERR13927574.6924	1528	19.8691
ERR13927574.6925	1618	21.2435
ERR13927574.6926	1546	14.5821
ERR13927574.6927	1573	16.2282
ERR13927574.6928	1572	14.7653
ERR13927574.6929	1589	19.5689
ERR13927574.6930	1564	20.8254
ERR13927574.6931	1478	15.4750
ERR13927574.6932	1602	18.2372
ERR13927574.6933	1551	16.7105
ERR13927574.6934	1551	17.8053
ERR13927574.6935	1598	19.2240
ERR13927574.6936	1590	19.0164
ERR13927574.6937	1592	18.6501
ERR13927574.6938	386	14.6477
ERR13927574.6939	1555	19.3383
ERR13927574.6940	1613	20.0087
ERR13927574.6941	1570	17.9357
ERR13927574.6942	1577	19.0647
ERR13927574.6943	1601	19.5128
ERR13927574.6944	1598	18.9499
ERR13927574.6945	1618	20.6168
ERR13927574.6946	1533	18.4325
ERR13927574.6947	1621	19.7138
ERR13927574.6948	1565	20.8530
ERR13927574.6949	1394	15.6377
ERR13927574.6950	1600	20.6819
ERR13927574.6951	1577	18.4084
ERR13927574.6952	1636	21.8075
ERR13927574.6953	1580	16.5051
ERR13927574.6954	1527	20.1356
ERR13927574.6955	1556	21.3335
ERR13927574.6956	1594	17.4009
ERR13927574.6957	1570	18.2656
ERR13927574.6958	1580	18.9544
ERR13927574.6959	1550	19.1077
ERR13927574.6960	1527	17.4486
ERR13927574.6961	1615	16.6347
ERR13927574.6962	1543	18.2767
ERR13927574.6963	1601	17.4578
ERR13927574.6964	1587	17.5388
ERR13927574.6965	1595	19.5455
ERR13927574.6966	1603	18.2551
ERR13927574.6967	1548	20.5491
ERR13927574.6968	1581	19.4314
ERR13927574.6969	1584	22.6199
ERR13927574.6970	1508	16.4715
ERR13927574.6971	1573	22.3509
ERR13927574.6972	1575	15.4216
ERR13927574.6973	1599	18.3652
ERR13927574.6974	1558	17.8870
ERR13927574.6975	1571	17.9376
ERR13927574.6976	1534	19.2399
ERR13927574.6977	1573	20.7343
ERR13927574.6978	1560	19.1686
ERR13927574.6979	528	21.0890
ERR13927574.6980	1623	17.6334
ERR13927574.6981	1506	17.4489
ERR13927574.6982	1605	19.0150
ERR13927574.6983	1602	17.6742
ERR13927574.6984	1592	17.0421
ERR13927574.6985	1585	18.2625
ERR13927574.6986	1529	15.9097
ERR13927574.6987	1598	14.8129
ERR13927574.6988	1620	20.0105
ERR13927574.6989	1546	18.1307
ERR13927574.6990	1493	15.6035
ERR13927574.6991	1574	18.5959
ERR13927574.6992	1595	19.1730
ERR13927574.6993	1596	19.2807
ERR13927574.6994	1606	17.1351
ERR13927574.6995	1594	18.5257
ERR13927574.6996	1588	20.3665
ERR13927574.6997	1509	17.8370
ERR13927574.6998	1590	17.4151
ERR13927574.6999	1661	18.8651
ERR13927574.7000	1552	19.7120
ERR13927574.7001	1532	15.5581
ERR13927574.7002	1563	15.3359
ERR13927574.7003	1563	19.9098
ERR13927574.7004	1590	21.0931
ERR13927574.7005	1562	16.6607
ERR13927574.7006	1590	22.0981
ERR13927574.7007	1546	20.6080
ERR13927574.7008	1608	22.8993
ERR13927574.7009	1543	18.6610
ERR13927574.7010	1630	17.7742
ERR13927574.7011	1572	18.2125
ERR13927574.7012	1584	19.4078
ERR13927574.7013	1595	20.9473
ERR13927574.7014	1545	17.7243
ERR13927574.7015	1573	17.0350
ERR13927574.7016	1599	18.4809
ERR13927574.7017	1531	19.6329
ERR13927574.7018	1587	19.4102
ERR13927574.7019	1563	20.9456
ERR13927574.7020	1559	20.8307
ERR13927574.7021	1541	15.6872
ERR13927574.7022	1560	20.3494
ERR13927574.7023	1582	20.9842
ERR13927574.7024	1608	18.6405
ERR13927574.7025	1563	19.2668
ERR13927574.7026	1580	17.6892
ERR13927574.7027	1565	16.6102
ERR13927574.7028	1571	16.9510
ERR13927574.7029	1595	20.7329
ERR13927574.7030	1571	15.7607
ERR13927574.7031	1550	15.8387
ERR13927574.7032	1557	19.9358
ERR13927574.7033	1591	20.3765
ERR13927574.7034	1524	19.6614
ERR13927574.7035	1590	20.6063
ERR13927574.7036	1571	18.2381
ERR13927574.7037	1507	16.2634
ERR13927574.7038	1598	18.2253
ERR13927574.7039	1451	16.5892
ERR13927574.7040	1555	17.8334
ERR13927574.7041	1569	18.5570
ERR13927574.7042	1502	17.2636
ERR13927574.7043	1542	15.3398
ERR13927574.7044	1573	18.9377
ERR13927574.7045	1489	18.2351
ERR13927574.7046	1539	15.8239
ERR13927574.7047	1558	16.1104
ERR13927574.7048	1625	19.6658
ERR13927574.7049	1560	20.3077
ERR13927574.7050	1570	15.6917
ERR13927574.7051	1562	20.0595
ERR13927574.7052	1539	18.9422
ERR13927574.7053	1567	20.0715
ERR13927574.7054	1551	18.7602
ERR13927574.7055	1587	18.9994
ERR13927574.7056	1577	17.1427
ERR13927574.7057	1586	17.3871
ERR13927574.7058	1551	16.3250
ERR13927574.7059	1602	18.4426
ERR13927574.7060	1571	18.2896
ERR13927574.7061	1557	19.1991
ERR13927574.7062	1116	15.3602
ERR13927574.7063	1630	17.3393
ERR13927574.7064	1556	20.2635
ERR13927574.7065	1586	17.4016
ERR13927574.7066	1567	18.2502
ERR13927574.7067	1608	19.7668
ERR13927574.7068	1534	16.7568
ERR13927574.7069	1549	17.4041
ERR13927574.7070	1547	19.3051
ERR13927574.7071	1592	20.1652
ERR13927574.7072	1553	18.1906
ERR13927574.7073	1592	17.3888
ERR13927574.7074	1566	20.3269
ERR13927574.7075	1508	17.2580
ERR13927574.7076	1550	17.9877
ERR13927574.7077	1579	19.5636
ERR13927574.7078	1638	18.7277
ERR13927574.7079	1575	19.3733
ERR13927574.7080	1541	19.8345
ERR13927574.7081	1535	17.5472
ERR13927574.7082	1542	19.9974
ERR13927574.7083	1542	17.8781
ERR13927574.7084	1598	18.0782
ERR13927574.7085	1593	16.2185
ERR13927574.7086	1654	19.1451
ERR13927574.7087	1577	17.6265
ERR13927574.7088	1591	18.0377
ERR13927574.7089	1507	15.4260
ERR13927574.7090	1547	16.3329
ERR13927574.7091	1468	16.9911
ERR13927574.7092	1576	20.1986
ERR13927574.7093	1560	18.8622
ERR13927574.7094	1580	19.5709
ERR13927574.7095	1572	18.3683
ERR13927574.7096	1584	16.2519
ERR13927574.7097	1591	19.9560
ERR13927574.7098	1586	17.0013
ERR13927574.7099	1605	18.6505
ERR13927574.7100	785	18.3541
ERR13927574.7101	1551	20.9600
ERR13927574.7102	1534	17.3696
ERR13927574.7103	1582	17.3982
ERR13927574.7104	1552	18.5644
ERR13927574.7105	1562	20.1101
ERR13927574.7106	1615	18.9368
ERR13927574.7107	1573	21.0559
ERR13927574.7108	1571	21.4278
ERR13927574.7109	1608	15.8141
ERR13927574.7110	1548	19.1441
ERR13927574.7111	1563	20.4133
ERR13927574.7112	1554	16.9292
ERR13927574.7113	1578	18.5311
ERR13927574.7114	1540	18.0351
ERR13927574.7115	1558	19.4782
ERR13927574.7116	1552	16.8131
ERR13927574.7117	1528	16.9156
ERR13927574.7118	1602	15.0156
ERR13927574.7119	1524	14.8517
ERR13927574.7120	1559	20.2457
ERR13927574.7121	1581	19.1410
ERR13927574.7122	1478	15.1299
ERR13927574.7123	1544	18.2176
ERR13927574.7124	1555	16.3878
ERR13927574.7125	1587	19.0737
ERR13927574.7126	1549	19.8438
ERR13927574.7127	1565	16.4083
ERR13927574.7128	1585	17.4858
ERR13927574.7129	282	18.6489
ERR13927574.7130	1568	18.0944
ERR13927574.7131	1588	15.6751
ERR13927574.7132	1558	16.2003
ERR13927574.7133	1576	18.0400
ERR13927574.7134	1610	18.4634
ERR13927574.7135	1601	20.7945
ERR13927574.7136	1615	16.1195
ERR13927574.7137	1595	16.5718
ERR13927574.7138	1565	17.8409
ERR13927574.7139	1587	19.4707
ERR13927574.7140	1558	18.6136
ERR13927574.7141	1317	17.4738
ERR13927574.7142	1577	21.2822
ERR13927574.7143	1578	15.4436
ERR13927574.7144	1593	16.7702
ERR13927574.7145	1578	17.7693
ERR13927574.7146	1589	19.7703
ERR13927574.7147	1568	20.4005
ERR13927574.7148	1570	19.3720
ERR13927574.7149	1551	15.4584
ERR13927574.7150	1605	19.1875
ERR13927574.7151	1605	21.0866
ERR13927574.7152	1562	21.4738
ERR13927574.7153	1602	16.8252
ERR13927574.7154	1041	17.2853
ERR13927574.7155	1616	20.4814
ERR13927574.7156	1536	16.6777
ERR13927574.7157	1569	13.6654
ERR13927574.7158	1579	18.1710
ERR13927574.7159	1573	19.9263
ERR13927574.7160	1566	18.5907
ERR13927574.7161	1594	19.0006
ERR13927574.7162	1510	15.8298
ERR13927574.7163	1579	19.1653
ERR13927574.7164	1601	18.0943
ERR13927574.7165	1588	19.0523
ERR13927574.7166	1589	15.4619
ERR13927574.7167	1620	19.1278
ERR13927574.7168	1605	17.8025
ERR13927574.7169	1243	18.7772
ERR13927574.7170	1583	19.9097
ERR13927574.7171	1605	20.8380
ERR13927574.7172	1536	15.2246
ERR13927574.7173	1479	19.7972
ERR13927574.7174	1572	20.9943
ERR13927574.7175	1577	19.5542
ERR13927574.7176	1562	21.2177
ERR13927574.7177	2118	17.8777
ERR13927574.7178	1282	16.5476
ERR13927574.7179	1619	17.3638
ERR13927574.7180	1590	15.0327
ERR13927574.7181	1605	18.1227
ERR13927574.7182	1529	18.9817
ERR13927574.7183	1606	18.5293
ERR13927574.7184	1613	18.1352
ERR13927574.7185	1617	19.9221
ERR13927574.7186	1574	15.3628
ERR13927574.7187	1545	17.7547
ERR13927574.7188	1618	19.6823
ERR13927574.7189	1566	20.6220
ERR13927574.7190	1568	19.3801
ERR13927574.7191	1576	21.2589
ERR13927574.7192	1591	18.4657
ERR13927574.7193	1561	21.0147
ERR13927574.7194	1540	16.0377
ERR13927574.7195	246	17.0854
ERR13927574.7196	1557	19.2768
ERR13927574.7197	1567	19.2380
ERR13927574.7198	1581	18.4206
ERR13927574.7199	1601	19.0287
ERR13927574.7200	1593	21.5970
ERR13927574.7201	1606	15.1333
ERR13927574.7202	1597	18.3438
ERR13927574.7203	1554	15.4788
ERR13927574.7204	1579	18.8879
ERR13927574.7205	1594	18.7428
ERR13927574.7206	1605	19.1427
ERR13927574.7207	1554	18.5174
ERR13927574.7208	1625	18.6652
ERR13927574.7209	1590	19.6906
ERR13927574.7210	1612	20.2308
ERR13927574.7211	1565	18.9450
ERR13927574.7212	1586	15.9704
ERR13927574.7213	1502	15.4088
ERR13927574.7214	1611	20.0062
ERR13927574.7215	1562	20.2087
ERR13927574.7216	1599	16.6673
ERR13927574.7217	1335	16.3933
ERR13927574.7218	1579	20.4414
ERR13927574.7219	1621	15.7884
ERR13927574.7220	1621	22.1511
ERR13927574.7221	1612	18.6483
ERR13927574.7222	1568	17.6046
ERR13927574.7223	1579	18.4649
ERR13927574.7224	1570	21.9038
ERR13927574.7225	1573	20.0566
ERR13927574.7226	1614	19.9572
ERR13927574.7227	1581	17.9456
ERR13927574.7228	1597	17.1315
ERR13927574.7229	1557	18.1188
ERR13927574.7230	990	16.3929
ERR13927574.7231	1548	14.8482
ERR13927574.7232	1562	13.9936
ERR13927574.7233	1573	21.5499
ERR13927574.7234	1564	20.1138
ERR13927574.7235	1581	18.4902
ERR13927574.7236	1504	16.6961
ERR13927574.7237	1598	18.9819
ERR13927574.7238	1541	17.7424
ERR13927574.7239	1573	19.5423
ERR13927574.7240	1569	14.4372
ERR13927574.7241	1561	19.8411
ERR13927574.7242	1582	20.2276
ERR13927574.7243	1607	18.4928
ERR13927574.7244	1588	18.8866
ERR13927574.7245	1607	17.0361
ERR13927574.7246	1523	16.3381
ERR13927574.7247	1538	16.2321
ERR13927574.7248	1580	20.0190
ERR13927574.7249	1544	16.1341
ERR13927574.7250	1557	14.4644
ERR13927574.7251	317	14.9022
ERR13927574.7252	1588	18.5737
ERR13927574.7253	1575	19.4317
ERR13927574.7254	1623	19.4991
ERR13927574.7255	1559	19.0981
ERR13927574.7256	1629	17.2627
ERR13927574.7257	1566	20.8646
ERR13927574.7258	1577	16.7926
ERR13927574.7259	1611	19.3619
ERR13927574.7260	1559	15.1501
ERR13927574.7261	1710	17.8684
ERR13927574.7262	828	17.6944
ERR13927574.7263	1602	22.4956
ERR13927574.7264	1550	19.9161
ERR13927574.7265	1608	19.3769
ERR13927574.7266	1550	20.3574
ERR13927574.7267	1528	14.6826
ERR13927574.7268	1567	20.5188
ERR13927574.7269	627	16.1738
ERR13927574.7270	1550	17.7529
ERR13927574.7271	1570	16.4611
ERR13927574.7272	1604	18.0549
ERR13927574.7273	1696	19.7252
ERR13927574.7274	1611	16.6394
ERR13927574.7275	1614	20.0669
ERR13927574.7276	1577	19.4179
ERR13927574.7277	1575	18.1657
ERR13927574.7278	1606	19.9944
ERR13927574.7279	1596	19.3515
ERR13927574.7280	1611	21.1179
ERR13927574.7281	1573	16.0223
ERR13927574.7282	804	13.7189
ERR13927574.7283	1566	21.3953
ERR13927574.7284	1597	20.6049
ERR13927574.7285	1603	16.7835
ERR13927574.7286	1567	19.4135
ERR13927574.7287	1560	14.8795
ERR13927574.7288	1612	20.8356
ERR13927574.7289	1592	17.5955
ERR13927574.7290	1552	18.0921
ERR13927574.7291	1542	15.7717
ERR13927574.7292	1599	19.4734
ERR13927574.7293	1596	20.0627
ERR13927574.7294	1559	20.3650
ERR13927574.7295	1598	15.4975
ERR13927574.7296	1563	15.0473
ERR13927574.7297	1535	21.2046
ERR13927574.7298	1608	20.5485
ERR13927574.7299	1634	15.7509
ERR13927574.7300	1564	19.9111
ERR13927574.7301	1557	17.5286
ERR13927574.7302	1496	15.5862
ERR13927574.7303	1586	19.9338
ERR13927574.7304	1578	18.7769
ERR13927574.7305	1583	17.4593
ERR13927574.7306	1626	18.2854
ERR13927574.7307	1592	15.5565
ERR13927574.7308	1545	18.2945
ERR13927574.7309	1590	16.4057
ERR13927574.7310	1587	17.2489
ERR13927574.7311	1625	17.0775
ERR13927574.7312	1554	17.8301
ERR13927574.7313	402	18.5746
ERR13927574.7314	1608	21.1337
ERR13927574.7315	1629	17.8201
ERR13927574.7316	1555	15.3846
ERR13927574.7317	234	15.9957
ERR13927574.7318	1542	19.6174
ERR13927574.7319	1569	17.3633
ERR13927574.7320	1547	20.6917
ERR13927574.7321	1554	20.6950
ERR13927574.7322	1565	18.3463
ERR13927574.7323	1569	18.9127
ERR13927574.7324	1566	21.6852
ERR13927574.7325	1576	17.6942
ERR13927574.7326	1337	19.9604
ERR13927574.7327	1572	16.6005
ERR13927574.7328	1550	21.7871
ERR13927574.7329	1557	17.7168
ERR13927574.7330	1554	19.9466
ERR13927574.7331	1581	19.9165
ERR13927574.7332	1569	19.2027
ERR13927574.7333	1555	17.6553
ERR13927574.7334	1562	20.1453
ERR13927574.7335	1610	20.6714
ERR13927574.7336	1572	20.8378
ERR13927574.7337	1568	15.5906
ERR13927574.7338	1587	17.9433
ERR13927574.7339	1572	19.6094
ERR13927574.7340	1623	20.2070
ERR13927574.7341	1572	19.6533
ERR13927574.7342	1609	19.9130
ERR13927574.7343	1283	16.5588
ERR13927574.7344	1573	19.3770
ERR13927574.7345	1548	16.0975
ERR13927574.7346	1555	18.5871
ERR13927574.7347	1581	17.1094
ERR13927574.7348	1030	17.3971
ERR13927574.7349	1569	16.9203
ERR13927574.7350	1611	21.3712
ERR13927574.7351	1595	20.3103
ERR13927574.7352	1563	18.1945
ERR13927574.7353	1577	17.1262
ERR13927574.7354	1613	18.2288
ERR13927574.7355	1608	20.5510
ERR13927574.7356	1575	18.0387
ERR13927574.7357	1620	16.9741
ERR13927574.7358	683	15.6955
ERR13927574.7359	1571	20.0643
ERR13927574.7360	1612	18.2122
ERR13927574.7361	593	16.1804
ERR13927574.7362	1542	20.9961
ERR13927574.7363	1578	17.0272
ERR13927574.7364	1574	17.8316
ERR13927574.7365	153	17.9935
ERR13927574.7366	1613	17.7601
ERR13927574.7367	1283	18.6921
ERR13927574.7368	1586	19.5757
ERR13927574.7369	1601	18.0150
ERR13927574.7370	1566	20.7899
ERR13927574.7371	1586	19.1274
ERR13927574.7372	1574	19.0769
ERR13927574.7373	1589	19.6998
ERR13927574.7374	1669	16.8173
ERR13927574.7375	1573	16.8366
ERR13927574.7376	1576	19.7265
ERR13927574.7377	1545	19.0375
ERR13927574.7378	1263	16.6025
ERR13927574.7379	1597	20.5241
ERR13927574.7380	1575	20.3308
ERR13927574.7381	1584	17.6080
ERR13927574.7382	1559	19.9936
ERR13927574.7383	1573	18.4088
ERR13927574.7384	1585	16.2644
ERR13927574.7385	1563	17.0691
ERR13927574.7386	1607	21.5414
ERR13927574.7387	1566	16.9757
ERR13927574.7388	1626	18.1199
ERR13927574.7389	1550	20.5806
ERR13927574.7390	1533	15.7423
ERR13927574.7391	1582	19.6650
ERR13927574.7392	1581	18.9911
ERR13927574.7393	1557	18.1683
ERR13927574.7394	1552	17.4265
ERR13927574.7395	942	20.8599
ERR13927574.7396	1610	16.8907
ERR13927574.7397	1595	20.5912
ERR13927574.7398	1538	20.2945
ERR13927574.7399	1564	19.8165
ERR13927574.7400	1537	18.7105
ERR13927574.7401	1571	18.9287
ERR13927574.7402	1564	21.4744
ERR13927574.7403	1584	17.5644
ERR13927574.7404	1611	19.4146
ERR13927574.7405	1589	18.6048
ERR13927574.7406	1601	17.8851
ERR13927574.7407	1566	19.9872
ERR13927574.7408	333	16.0360
ERR13927574.7409	1614	17.8426
ERR13927574.7410	1611	20.7132
ERR13927574.7411	1597	15.7589
ERR13927574.7412	1533	15.9159
ERR13927574.7413	1576	16.2316
ERR13927574.7414	1438	19.5904
ERR13927574.7415	1562	20.4872
ERR13927574.7416	1592	19.0722
ERR13927574.7417	1589	19.2870
ERR13927574.7418	1536	17.2227
ERR13927574.7419	1506	16.3519
ERR13927574.7420	1524	16.9029
ERR13927574.7421	1564	17.7864
ERR13927574.7422	1568	16.1460
ERR13927574.7423	1588	17.0806
ERR13927574.7424	1575	19.2794
ERR13927574.7425	1583	19.8149
ERR13927574.7426	1551	17.3146
ERR13927574.7427	1595	19.2940
ERR13927574.7428	1588	18.7160
ERR13927574.7429	1580	18.9734
ERR13927574.7430	1594	18.5935
ERR13927574.7431	1585	17.6341
ERR13927574.7432	1588	17.3212
ERR13927574.7433	1552	19.9240
ERR13927574.7434	1540	19.6805
ERR13927574.7435	1546	15.2678
ERR13927574.7436	1606	17.7870
ERR13927574.7437	1528	16.4967
ERR13927574.7438	1585	20.5653
ERR13927574.7439	1589	15.1869
ERR13927574.7440	1554	15.1268
ERR13927574.7441	1607	18.9247
ERR13927574.7442	151	18.8808
ERR13927574.7443	1593	17.5455
ERR13927574.7444	1601	16.5384
ERR13927574.7445	1575	18.9416
ERR13927574.7446	1577	19.5003
ERR13927574.7447	1563	17.8836
ERR13927574.7448	1523	18.3244
ERR13927574.7449	1563	16.5585
ERR13927574.7450	1565	19.0358
ERR13927574.7451	1565	14.1744
ERR13927574.7452	1485	15.0323
ERR13927574.7453	2139	18.7733
ERR13927574.7454	1383	19.8742
ERR13927574.7455	1567	19.7645
ERR13927574.7456	1545	14.8848
ERR13927574.7457	1571	14.0617
ERR13927574.7458	1575	19.0660
ERR13927574.7459	1550	15.6458
ERR13927574.7460	1603	18.6020
ERR13927574.7461	1557	16.9884
ERR13927574.7462	1552	18.8789
ERR13927574.7463	1554	17.8514
ERR13927574.7464	393	15.0229
ERR13927574.7465	1616	18.5204
ERR13927574.7466	1538	15.2328
ERR13927574.7467	1580	21.2506
ERR13927574.7468	1550	19.2742
ERR13927574.7469	1620	20.2574
ERR13927574.7470	1598	21.4562
ERR13927574.7471	1580	19.2380
ERR13927574.7472	1609	16.0149
ERR13927574.7473	1577	19.5555
ERR13927574.7474	1581	16.0538
ERR13927574.7475	1589	20.9497
ERR13927574.7476	1597	17.2329
ERR13927574.7477	1584	18.4293
ERR13927574.7478	1564	17.2136
ERR13927574.7479	1552	18.1701
ERR13927574.7480	1544	16.4411
ERR13927574.7481	1543	19.5444
ERR13927574.7482	1554	19.5618
ERR13927574.7483	1568	16.9974
ERR13927574.7484	1555	14.8077
ERR13927574.7485	1572	16.9128
ERR13927574.7486	1580	19.3627
ERR13927574.7487	3169	17.1669
ERR13927574.7488	1550	15.4968
ERR13927574.7489	1564	17.2379
ERR13927574.7490	1569	15.3773
ERR13927574.7491	1570	22.2930
ERR13927574.7492	1594	18.2566
ERR13927574.7493	1573	18.0559
ERR13927574.7494	1575	16.6686
ERR13927574.7495	1556	20.3798
ERR13927574.7496	1598	19.2685
ERR13927574.7497	1576	19.7221
ERR13927574.7498	1594	17.8846
ERR13927574.7499	1603	16.4036
ERR13927574.7500	1545	18.8537
ERR13927574.7501	1623	17.3007
ERR13927574.7502	1551	17.3514
ERR13927574.7503	1541	15.1849
ERR13927574.7504	1595	19.6790
ERR13927574.7505	1551	18.9755
ERR13927574.7506	1566	20.4400
ERR13927574.7507	1561	18.4612
ERR13927574.7508	1601	19.6440
ERR13927574.7509	1555	17.0219
ERR13927574.7510	1576	22.1859
ERR13927574.7511	1566	19.2746
ERR13927574.7512	1585	17.5678
ERR13927574.7513	1589	17.2505
ERR13927574.7514	1511	15.1999
ERR13927574.7515	1587	16.6875
ERR13927574.7516	1589	18.8647
ERR13927574.7517	1597	17.9142
ERR13927574.7518	1526	18.8047
ERR13927574.7519	1571	16.9943
ERR13927574.7520	1367	14.5391
ERR13927574.7521	1578	14.8923
ERR13927574.7522	566	17.3057
ERR13927574.7523	1560	18.6763
ERR13927574.7524	1553	19.1165
ERR13927574.7525	1536	17.3216
ERR13927574.7526	1546	17.4120
ERR13927574.7527	1581	19.4345
ERR13927574.7528	1589	16.5475
ERR13927574.7529	1556	17.6285
ERR13927574.7530	1554	15.8848
ERR13927574.7531	1562	18.4571
ERR13927574.7532	1583	16.9893
ERR13927574.7533	1602	15.6436
ERR13927574.7534	1629	18.9484
ERR13927574.7535	1590	17.3208
ERR13927574.7536	1552	18.0168
ERR13927574.7537	1578	19.7440
ERR13927574.7538	1566	19.9132
ERR13927574.7539	1544	14.9702
ERR13927574.7540	1587	19.3913
ERR13927574.7541	1607	19.2950
ERR13927574.7542	1573	16.7146
ERR13927574.7543	1543	15.7511
ERR13927574.7544	1621	15.5441
ERR13927574.7545	1568	20.4911
ERR13927574.7546	1567	17.2144
ERR13927574.7547	1553	18.1294
ERR13927574.7548	1594	18.2491
ERR13927574.7549	1594	19.1242
ERR13927574.7550	1584	17.9747
ERR13927574.7551	1557	15.7245
ERR13927574.7552	1559	17.0757
ERR13927574.7553	1555	19.3338
ERR13927574.7554	1586	18.8354
ERR13927574.7555	1555	18.2669
ERR13927574.7556	1558	15.4390
ERR13927574.7557	1538	18.9265
ERR13927574.7558	1587	17.1758
ERR13927574.7559	1611	16.7275
ERR13927574.7560	1544	14.6865
ERR13927574.7561	1588	18.4295
ERR13927574.7562	1607	18.4586
ERR13927574.7563	1559	16.8756
ERR13927574.7564	1578	18.5697
ERR13927574.7565	1594	19.7271
ERR13927574.7566	1579	19.2742
ERR13927574.7567	1595	15.4420
ERR13927574.7568	1544	16.4935
ERR13927574.7569	1592	19.6043
ERR13927574.7570	1616	19.0105
ERR13927574.7571	1549	16.9664
ERR13927574.7572	1579	17.2502
ERR13927574.7573	1549	19.9606
ERR13927574.7574	1589	16.9811
ERR13927574.7575	1501	14.8461
ERR13927574.7576	1535	15.4215
ERR13927574.7577	1599	20.4665
ERR13927574.7578	1609	18.6147
ERR13927574.7579	1617	20.1187
ERR13927574.7580	1609	18.7228
ERR13927574.7581	1573	18.6058
ERR13927574.7582	1579	16.6194
ERR13927574.7583	1536	15.3132
ERR13927574.7584	1594	18.8356
ERR13927574.7585	1550	18.1084
ERR13927574.7586	1565	19.3482
ERR13927574.7587	1562	18.4046
ERR13927574.7588	1593	18.6403
ERR13927574.7589	1587	20.6295
ERR13927574.7590	1592	17.4906
ERR13927574.7591	1564	18.1049
ERR13927574.7592	1607	18.7424
ERR13927574.7593	1515	14.6851
ERR13927574.7594	1568	18.8144
ERR13927574.7595	1623	19.7776
ERR13927574.7596	1577	17.3957
ERR13927574.7597	1573	21.0134
ERR13927574.7598	1655	16.7547
ERR13927574.7599	1607	21.9259
ERR13927574.7600	1592	19.0810
ERR13927574.7601	1526	18.0007
ERR13927574.7602	1572	15.6762
ERR13927574.7603	1567	18.1168
ERR13927574.7604	1557	17.7604
ERR13927574.7605	1579	15.3794
ERR13927574.7606	1596	17.5175
ERR13927574.7607	1565	19.8530
ERR13927574.7608	1557	17.5523
ERR13927574.7609	1542	15.6926
ERR13927574.7610	1606	16.5623
ERR13927574.7611	1544	15.9171
ERR13927574.7612	318	19.8491
ERR13927574.7613	1576	21.3376
ERR13927574.7614	1538	15.9961
ERR13927574.7615	1599	20.1789
ERR13927574.7616	1590	20.8031
ERR13927574.7617	1584	17.7759
ERR13927574.7618	1587	19.1178
ERR13927574.7619	1611	15.2259
ERR13927574.7620	1563	15.3122
ERR13927574.7621	1613	20.1414
ERR13927574.7622	1599	16.6529
ERR13927574.7623	1604	17.1147
ERR13927574.7624	1550	19.7742
ERR13927574.7625	1593	17.1858
ERR13927574.7626	1561	16.2434
ERR13927574.7627	1559	18.9763
ERR13927574.7628	1588	18.9962
ERR13927574.7629	1595	20.3887
ERR13927574.7630	1585	20.4189
ERR13927574.7631	1550	20.4665
ERR13927574.7632	1558	19.9037
ERR13927574.7633	1551	21.4494
ERR13927574.7634	1591	20.1213
ERR13927574.7635	1605	17.5564
ERR13927574.7636	1587	17.9647
ERR13927574.7637	1576	18.4315
ERR13927574.7638	1488	16.1983
ERR13927574.7639	1576	16.1041
ERR13927574.7640	1559	17.8448
ERR13927574.7641	1604	17.9956
ERR13927574.7642	1624	21.0720
ERR13927574.7643	1555	17.2289
ERR13927574.7644	1597	17.3112
ERR13927574.7645	1630	18.5129
ERR13927574.7646	1617	17.9159
ERR13927574.7647	1568	19.2366
ERR13927574.7648	1563	20.4517
ERR13927574.7649	1597	18.1415
ERR13927574.7650	1600	18.8313
ERR13927574.7651	1515	14.6251
ERR13927574.7652	1591	19.3916
ERR13927574.7653	1576	19.9879
ERR13927574.7654	1554	17.2793
ERR13927574.7655	1569	19.3104
ERR13927574.7656	1623	19.2612
ERR13927574.7657	1121	18.5905
ERR13927574.7658	1549	18.1782
ERR13927574.7659	1564	17.0090
ERR13927574.7660	1528	16.9810
ERR13927574.7661	1593	19.1908
ERR13927574.7662	1571	19.6811
ERR13927574.7663	1564	15.1483
ERR13927574.7664	1592	20.6501
ERR13927574.7665	1501	15.7875
ERR13927574.7666	1613	18.0409
ERR13927574.7667	1576	19.2265
ERR13927574.7668	1619	18.1081
ERR13927574.7669	1599	15.7079
ERR13927574.7670	1488	17.1774
ERR13927574.7671	1610	18.5938
ERR13927574.7672	1627	15.5452
ERR13927574.7673	1587	20.5167
ERR13927574.7674	1553	19.6433
ERR13927574.7675	1566	19.1826
ERR13927574.7676	1562	19.0115
ERR13927574.7677	1589	18.8125
ERR13927574.7678	1603	20.3394
ERR13927574.7679	1544	17.5997
ERR13927574.7680	1606	18.9296
ERR13927574.7681	1259	17.7855
ERR13927574.7682	1600	15.3262
ERR13927574.7683	1629	18.0460
ERR13927574.7684	1519	15.4444
ERR13927574.7685	1613	19.4569
ERR13927574.7686	1581	16.6395
ERR13927574.7687	1564	16.0575
ERR13927574.7688	1613	17.1810
ERR13927574.7689	1543	18.9145
ERR13927574.7690	1583	19.2211
ERR13927574.7691	1537	18.1776
ERR13927574.7692	1601	17.2967
ERR13927574.7693	1545	15.8227
ERR13927574.7694	488	15.6988
ERR13927574.7695	1586	19.9527
ERR13927574.7696	1659	18.5479
ERR13927574.7697	1536	14.4889
ERR13927574.7698	1604	19.5561
ERR13927574.7699	1568	16.4407
ERR13927574.7700	1573	16.9688
ERR13927574.7701	1570	17.7962
ERR13927574.7702	1545	15.3126
ERR13927574.7703	1572	17.2634
ERR13927574.7704	1552	16.6804
ERR13927574.7705	1549	16.3757
ERR13927574.7706	1581	20.1170
ERR13927574.7707	1686	16.8066
ERR13927574.7708	1579	18.5491
ERR13927574.7709	1566	19.2899
ERR13927574.7710	1569	17.6915
ERR13927574.7711	1728	20.0920
ERR13927574.7712	1572	18.6667
ERR13927574.7713	1620	16.6370
ERR13927574.7714	1573	16.9161
ERR13927574.7715	1561	15.6336
ERR13927574.7716	1725	19.2916
ERR13927574.7717	1565	16.6006
ERR13927574.7718	1567	18.1659
ERR13927574.7719	1571	18.9052
ERR13927574.7720	1611	21.5053
ERR13927574.7721	1567	19.4990
ERR13927574.7722	1542	14.0201
ERR13927574.7723	1538	17.3264
ERR13927574.7724	1564	17.3031
ERR13927574.7725	1550	16.0439
ERR13927574.7726	1525	15.7089
ERR13927574.7727	1560	17.4962
ERR13927574.7728	1580	14.4747
ERR13927574.7729	1465	19.5010
ERR13927574.7730	1582	18.8047
ERR13927574.7731	1543	16.6721
ERR13927574.7732	1587	17.0050
ERR13927574.7733	1600	17.8806
ERR13927574.7734	1575	21.8730
ERR13927574.7735	1552	15.4240
ERR13927574.7736	1480	17.6216
ERR13927574.7737	1588	18.0567
ERR13927574.7738	1540	19.0403
ERR13927574.7739	1623	18.9033
ERR13927574.7740	1559	19.2668
ERR13927574.7741	1567	18.7243
ERR13927574.7742	1628	19.2807
ERR13927574.7743	1556	20.8824
ERR13927574.7744	1637	20.8241
ERR13927574.7745	1564	18.9009
ERR13927574.7746	1538	16.2178
ERR13927574.7747	1568	16.4203
ERR13927574.7748	1240	16.9790
ERR13927574.7749	1587	21.2073
ERR13927574.7750	1618	18.8863
ERR13927574.7751	1562	16.2375
ERR13927574.7752	1580	16.4677
ERR13927574.7753	1620	16.9901
ERR13927574.7754	1578	16.3897
ERR13927574.7755	1631	19.4586
ERR13927574.7756	2086	16.6635
ERR13927574.7757	1582	16.3774
ERR13927574.7758	1569	17.8426
ERR13927574.7759	1600	20.7838
ERR13927574.7760	1591	21.2376
ERR13927574.7761	1606	20.2777
ERR13927574.7762	1543	21.0603
ERR13927574.7763	1585	18.8334
ERR13927574.7764	1548	15.7978
ERR13927574.7765	1551	16.8027
ERR13927574.7766	1606	17.5125
ERR13927574.7767	1556	16.5598
ERR13927574.7768	1532	15.9132
ERR13927574.7769	1518	18.1660
ERR13927574.7770	1546	14.1358
ERR13927574.7771	1558	16.5866
ERR13927574.7772	1567	15.2744
ERR13927574.7773	1418	18.0141
ERR13927574.7774	1580	19.3918
ERR13927574.7775	1609	20.1311
ERR13927574.7776	708	19.1850
ERR13927574.7777	1573	19.5404
ERR13927574.7778	1567	20.5814
ERR13927574.7779	1564	16.5729
ERR13927574.7780	1615	20.1796
ERR13927574.7781	1552	15.5509
ERR13927574.7782	1615	19.9591
ERR13927574.7783	1597	16.2799
ERR13927574.7784	1601	20.9813
ERR13927574.7785	1011	16.2522
ERR13927574.7786	1563	17.8624
ERR13927574.7787	1594	19.5897
ERR13927574.7788	1577	15.3209
ERR13927574.7789	1568	19.0599
ERR13927574.7790	1505	16.6173
ERR13927574.7791	1587	17.7265
ERR13927574.7792	880	13.7864
ERR13927574.7793	1554	16.3797
ERR13927574.7794	1550	17.7852
ERR13927574.7795	1606	17.9732
ERR13927574.7796	1589	19.9849
ERR13927574.7797	1611	19.4736
ERR13927574.7798	1561	19.6022
ERR13927574.7799	1525	15.1666
ERR13927574.7800	1541	15.0973
ERR13927574.7801	1502	14.0253
ERR13927574.7802	1548	20.2061
ERR13927574.7803	1581	17.1758
ERR13927574.7804	1562	19.5352
ERR13927574.7805	1527	15.8657
ERR13927574.7806	1552	17.5387
ERR13927574.7807	1507	18.5833
ERR13927574.7808	1607	23.2651
ERR13927574.7809	1475	14.3254
ERR13927574.7810	1567	16.8111
ERR13927574.7811	1583	18.2274
ERR13927574.7812	1545	15.5133
ERR13927574.7813	1601	17.1156
ERR13927574.7814	1571	16.7511
ERR13927574.7815	1600	20.1887
ERR13927574.7816	1564	17.5659
ERR13927574.7817	1586	17.2175
ERR13927574.7818	1575	18.0400
ERR13927574.7819	1556	16.1735
ERR13927574.7820	1557	18.9968
ERR13927574.7821	1568	15.4547
ERR13927574.7822	1617	19.7396
ERR13927574.7823	1604	18.9576
ERR13927574.7824	1540	16.6169
ERR13927574.7825	1567	20.9190
ERR13927574.7826	1565	20.9476
ERR13927574.7827	1539	16.9773
ERR13927574.7828	1597	18.5485
ERR13927574.7829	1561	17.6694
ERR13927574.7830	1575	17.5333
ERR13927574.7831	1573	18.7292
ERR13927574.7832	1611	20.9131
ERR13927574.7833	1557	15.6480
ERR13927574.7834	1529	14.9509
ERR13927574.7835	1562	18.2625
ERR13927574.7836	1217	19.2079
ERR13927574.7837	1550	15.7342
ERR13927574.7838	1553	20.4179
ERR13927574.7839	1560	18.5737
ERR13927574.7840	1558	18.8517
ERR13927574.7841	1568	18.9216
ERR13927574.7842	1550	17.1071
ERR13927574.7843	1599	20.7092
ERR13927574.7844	1561	19.5336
ERR13927574.7845	1593	18.5399
ERR13927574.7846	1555	18.0559
ERR13927574.7847	1570	18.6535
ERR13927574.7848	1597	20.8804
ERR13927574.7849	157	15.9682
ERR13927574.7850	1606	18.9365
ERR13927574.7851	1579	18.4763
ERR13927574.7852	1600	16.3144
ERR13927574.7853	1551	14.7118
ERR13927574.7854	1538	16.1079
ERR13927574.7855	1593	19.7847
ERR13927574.7856	1520	15.9914
ERR13927574.7857	1617	17.4082
ERR13927574.7858	1570	18.2529
ERR13927574.7859	1549	17.2363
ERR13927574.7860	197	11.3909
ERR13927574.7861	1534	17.3175
ERR13927574.7862	1570	15.7229
ERR13927574.7863	1608	19.5454
ERR13927574.7864	1369	17.5413
ERR13927574.7865	1546	16.5543
ERR13927574.7866	1570	19.5631
ERR13927574.7867	1563	21.4376
ERR13927574.7868	1575	18.6978
ERR13927574.7869	1594	17.4749
ERR13927574.7870	1573	16.1068
ERR13927574.7871	1595	17.5172
ERR13927574.7872	1571	18.4876
ERR13927574.7873	1423	16.2930
ERR13927574.7874	1580	17.5886
ERR13927574.7875	1604	17.7918
ERR13927574.7876	1580	18.6848
ERR13927574.7877	1592	19.7965
ERR13927574.7878	1518	17.2101
ERR13927574.7879	1599	16.0425
ERR13927574.7880	1579	18.5320
ERR13927574.7881	1605	21.9053
ERR13927574.7882	1570	15.9745
ERR13927574.7883	1555	19.7273
ERR13927574.7884	1585	17.7653
ERR13927574.7885	1518	15.2003
ERR13927574.7886	1597	15.2592
ERR13927574.7887	1560	16.6686
ERR13927574.7888	1551	14.8066
ERR13927574.7889	1582	20.8767
ERR13927574.7890	1589	20.1372
ERR13927574.7891	1571	18.0325
ERR13927574.7892	1549	20.6559
ERR13927574.7893	1559	18.5311
ERR13927574.7894	1592	18.1922
ERR13927574.7895	1564	20.2967
ERR13927574.7896	1531	15.7851
ERR13927574.7897	1553	19.9433
ERR13927574.7898	1576	15.1352
ERR13927574.7899	1542	17.3333
ERR13927574.7900	1264	17.4731
ERR13927574.7901	1565	17.3770
ERR13927574.7902	1540	18.3253
ERR13927574.7903	1555	17.2527
ERR13927574.7904	1401	18.9072
ERR13927574.7905	1598	19.9418
ERR13927574.7906	1513	19.2631
ERR13927574.7907	1607	18.8177
ERR13927574.7908	1481	19.0810
ERR13927574.7909	1536	15.4766
ERR13927574.7910	1562	15.0883
ERR13927574.7911	1593	15.7834
ERR13927574.7912	1581	19.9772
ERR13927574.7913	1551	19.3488
ERR13927574.7914	1409	18.3435
ERR13927574.7915	1537	17.8523
ERR13927574.7916	1600	16.7181
ERR13927574.7917	1584	18.6111
ERR13927574.7918	1560	19.2891
ERR13927574.7919	1537	17.2355
ERR13927574.7920	1541	17.4848
ERR13927574.7921	1561	18.7611
ERR13927574.7922	1571	15.0694
ERR13927574.7923	1558	17.2972
ERR13927574.7924	1596	18.7130
ERR13927574.7925	1583	19.6740
ERR13927574.7926	1586	18.8670
ERR13927574.7927	1576	18.3591
ERR13927574.7928	1587	19.8267
ERR13927574.7929	1576	19.9131
ERR13927574.7930	1562	16.3111
ERR13927574.7931	1547	18.8216
ERR13927574.7932	1613	19.5319
ERR13927574.7933	1610	19.5460
ERR13927574.7934	1611	19.3998
ERR13927574.7935	1561	20.4452
ERR13927574.7936	1564	15.8638
ERR13927574.7937	1577	19.2587
ERR13927574.7938	1569	19.0714
ERR13927574.7939	1586	19.2970
ERR13927574.7940	1555	18.3897
ERR13927574.7941	1556	16.0199
ERR13927574.7942	1792	21.6546
ERR13927574.7943	1568	17.3208
ERR13927574.7944	1623	20.4473
ERR13927574.7945	1601	19.1106
ERR13927574.7946	1569	16.6558
ERR13927574.7947	1568	18.2436
ERR13927574.7948	1552	16.9401
ERR13927574.7949	1589	20.2549
ERR13927574.7950	1581	20.6977
ERR13927574.7951	1601	18.7183
ERR13927574.7952	1510	17.7450
ERR13927574.7953	1554	16.4163
ERR13927574.7954	1552	14.9452
ERR13927574.7955	1546	20.3668
ERR13927574.7956	1553	20.2183
ERR13927574.7957	1573	17.6465
ERR13927574.7958	1570	17.9854
ERR13927574.7959	1572	17.8244
ERR13927574.7960	1599	17.9969
ERR13927574.7961	1608	17.0044
ERR13927574.7962	1614	18.9746
ERR13927574.7963	1538	15.5059
ERR13927574.7964	1598	16.4887
ERR13927574.7965	1574	18.8488
ERR13927574.7966	1570	19.3414
ERR13927574.7967	1572	18.3760
ERR13927574.7968	1509	16.6415
ERR13927574.7969	1599	19.7311
ERR13927574.7970	1278	20.7512
ERR13927574.7971	1557	15.5241
ERR13927574.7972	1571	19.0898
ERR13927574.7973	1498	14.3124
ERR13927574.7974	1567	16.2980
ERR13927574.7975	1585	20.9350
ERR13927574.7976	1575	19.4762
ERR13927574.7977	1549	19.3415
ERR13927574.7978	1587	19.0725
ERR13927574.7979	1519	15.7762
ERR13927574.7980	1552	19.4195
ERR13927574.7981	1570	19.2287
ERR13927574.7982	1590	18.2585
ERR13927574.7983	1629	18.1872
ERR13927574.7984	1561	16.6758
ERR13927574.7985	1569	18.2607
ERR13927574.7986	1618	19.7794
ERR13927574.7987	1571	19.6957
ERR13927574.7988	1594	18.9210
ERR13927574.7989	1594	17.9065
ERR13927574.7990	1637	17.6811
ERR13927574.7991	1568	16.1403
ERR13927574.7992	1613	16.1761
ERR13927574.7993	1586	16.8745
ERR13927574.7994	1585	18.4076
ERR13927574.7995	1606	17.8966
ERR13927574.7996	1600	15.2906
ERR13927574.7997	1594	15.9373
ERR13927574.7998	1369	17.6012
ERR13927574.7999	1544	15.9598
ERR13927574.8000	1596	16.9474
ERR13927574.8001	1559	20.6427
ERR13927574.8002	1554	19.5862
ERR13927574.8003	1579	19.3838
ERR13927574.8004	1530	18.9176
ERR13927574.8005	1577	16.6772
ERR13927574.8006	1597	19.1885
ERR13927574.8007	1589	18.9452
ERR13927574.8008	1599	20.2545
ERR13927574.8009	1514	17.4637
ERR13927574.8010	1554	15.3970
ERR13927574.8011	1575	16.8394
ERR13927574.8012	1582	18.7857
ERR13927574.8013	1569	18.7132
ERR13927574.8014	1574	18.3774
ERR13927574.8015	1548	17.6686
ERR13927574.8016	1593	22.9579
ERR13927574.8017	1557	18.0308
ERR13927574.8018	1606	19.3257
ERR13927574.8019	1608	20.1660
ERR13927574.8020	1603	19.3656
ERR13927574.8021	1551	18.7814
ERR13927574.8022	756	17.1230
ERR13927574.8023	1538	15.4350
ERR13927574.8024	1592	17.0798
ERR13927574.8025	1561	17.4721
ERR13927574.8026	1602	15.9825
ERR13927574.8027	1582	17.1568
ERR13927574.8028	1558	20.0725
ERR13927574.8029	1599	16.4578
ERR13927574.8030	1565	17.6722
ERR13927574.8031	1602	20.6367
ERR13927574.8032	1583	18.7018
ERR13927574.8033	1590	18.3208
ERR13927574.8034	1591	17.0157
ERR13927574.8035	1568	16.8406
ERR13927574.8036	1629	15.7465
ERR13927574.8037	1613	18.3118
ERR13927574.8038	1587	17.5104
ERR13927574.8039	1565	20.4166
ERR13927574.8040	1553	19.7012
ERR13927574.8041	1525	15.8236
ERR13927574.8042	1500	15.5127
ERR13927574.8043	1559	19.0032
ERR13927574.8044	1580	19.2848
ERR13927574.8045	958	19.6576
ERR13927574.8046	1566	18.6156
ERR13927574.8047	1575	18.3079
ERR13927574.8048	1555	16.8862
ERR13927574.8049	1592	20.9284
ERR13927574.8050	1564	20.0179
ERR13927574.8051	1541	15.6606
ERR13927574.8052	1540	17.2201
ERR13927574.8053	1537	15.6448
ERR13927574.8054	1614	17.9622
ERR13927574.8055	1616	20.1021
ERR13927574.8056	1581	17.4339
ERR13927574.8057	1543	15.2560
ERR13927574.8058	1563	15.4830
ERR13927574.8059	1586	14.9351
ERR13927574.8060	1565	16.7591
ERR13927574.8061	1560	19.5506
ERR13927574.8062	1617	19.6432
ERR13927574.8063	1563	14.8439
ERR13927574.8064	1567	20.1563
ERR13927574.8065	961	18.2393
ERR13927574.8066	153	20.7320
ERR13927574.8067	1558	17.7567
ERR13927574.8068	1565	17.6709
ERR13927574.8069	1594	20.1280
ERR13927574.8070	1615	19.3164
ERR13927574.8071	1562	18.1716
ERR13927574.8072	1537	16.8796
ERR13927574.8073	1608	16.4925
ERR13927574.8074	1524	15.1207
ERR13927574.8075	1565	18.6684
ERR13927574.8076	1527	17.0373
ERR13927574.8077	1558	21.4904
ERR13927574.8078	1573	19.6097
ERR13927574.8079	1576	19.2297
ERR13927574.8080	1540	17.8494
ERR13927574.8081	1543	20.3908
ERR13927574.8082	1591	18.6537
ERR13927574.8083	1583	19.0423
ERR13927574.8084	1557	17.0186
ERR13927574.8085	1546	19.2484
ERR13927574.8086	1607	17.7579
ERR13927574.8087	1608	16.9372
ERR13927574.8088	1601	19.8520
ERR13927574.8089	1561	18.8571
ERR13927574.8090	1317	19.4662
ERR13927574.8091	1507	15.8666
ERR13927574.8092	1506	16.3081
ERR13927574.8093	1569	19.0752
ERR13927574.8094	1574	17.1086
ERR13927574.8095	1612	16.6830
ERR13927574.8096	1564	18.0876
ERR13927574.8097	1563	16.5323
ERR13927574.8098	1513	15.4283
ERR13927574.8099	1557	17.1285
ERR13927574.8100	1567	20.7786
ERR13927574.8101	1573	18.6090
ERR13927574.8102	1559	19.4195
ERR13927574.8103	1582	14.7693
ERR13927574.8104	1560	16.3808
ERR13927574.8105	1582	17.4703
ERR13927574.8106	1545	17.7424
ERR13927574.8107	1570	20.6318
ERR13927574.8108	1543	18.6027
ERR13927574.8109	1587	17.5091
ERR13927574.8110	1570	20.6535
ERR13927574.8111	1613	19.3050
ERR13927574.8112	1543	17.0097
ERR13927574.8113	1421	18.6636
ERR13927574.8114	1551	17.4752
ERR13927574.8115	1545	17.3489
ERR13927574.8116	1622	16.7053
ERR13927574.8117	1583	16.1598
ERR13927574.8118	1552	19.6289
ERR13927574.8119	1606	20.4247
ERR13927574.8120	1585	20.4341
ERR13927574.8121	1565	19.0633
ERR13927574.8122	1573	16.7750
ERR13927574.8123	1592	20.3568
ERR13927574.8124	1585	19.8145
ERR13927574.8125	1584	16.1913
ERR13927574.8126	1573	19.4043
ERR13927574.8127	1524	18.0919
ERR13927574.8128	1553	19.0972
ERR13927574.8129	1589	16.1391
ERR13927574.8130	1595	17.4426
ERR13927574.8131	1737	19.2602
ERR13927574.8132	1569	18.3085
ERR13927574.8133	1524	16.9567
ERR13927574.8134	1570	16.2312
ERR13927574.8135	1601	21.3017
ERR13927574.8136	1604	20.3435
ERR13927574.8137	1617	17.2393
ERR13927574.8138	1576	16.9505
ERR13927574.8139	1557	15.3918
ERR13927574.8140	1497	19.6212
ERR13927574.8141	1669	19.6225
ERR13927574.8142	1566	17.3474
ERR13927574.8143	1420	13.6697
ERR13927574.8144	1570	20.1210
ERR13927574.8145	1569	18.9203
ERR13927574.8146	1567	17.1442
ERR13927574.8147	1560	16.4141
ERR13927574.8148	1548	17.5898
ERR13927574.8149	1587	18.3724
ERR13927574.8150	1569	17.9879
ERR13927574.8151	1551	16.9542
ERR13927574.8152	1562	18.0090
ERR13927574.8153	1557	20.8940
ERR13927574.8154	1548	18.7681
ERR13927574.8155	1546	18.2497
ERR13927574.8156	1597	20.3419
ERR13927574.8157	1597	15.7564
ERR13927574.8158	1541	19.8819
ERR13927574.8159	1569	16.8107
ERR13927574.8160	1602	18.1180
ERR13927574.8161	1592	17.2889
ERR13927574.8162	1599	18.4128
ERR13927574.8163	1573	15.7413
ERR13927574.8164	1527	16.1663
ERR13927574.8165	1549	16.5972
ERR13927574.8166	1599	16.7692
ERR13927574.8167	1555	17.9138
ERR13927574.8168	1613	18.7241
ERR13927574.8169	1539	15.6608
ERR13927574.8170	1576	18.7938
ERR13927574.8171	1546	15.5433
ERR13927574.8172	1558	19.5520
ERR13927574.8173	742	15.9744
ERR13927574.8174	1579	19.0671
ERR13927574.8175	1552	18.1070
ERR13927574.8176	1576	20.2183
ERR13927574.8177	1550	18.8026
ERR13927574.8178	1583	20.6286
ERR13927574.8179	1592	17.2330
ERR13927574.8180	1580	17.4861
ERR13927574.8181	1619	19.6516
ERR13927574.8182	1602	15.4881
ERR13927574.8183	1608	17.6716
ERR13927574.8184	1577	17.9708
ERR13927574.8185	1543	16.6448
ERR13927574.8186	1570	20.5478
ERR13927574.8187	1531	17.8517
ERR13927574.8188	1560	19.1417
ERR13927574.8189	1569	17.3913
ERR13927574.8190	1603	19.2907
ERR13927574.8191	1600	20.1556
ERR13927574.8192	1589	18.9887
ERR13927574.8193	1563	16.0077
ERR13927574.8194	1597	17.7827
ERR13927574.8195	1591	14.4928
ERR13927574.8196	396	13.8586
ERR13927574.8197	1559	19.1302
ERR13927574.8198	1578	19.2852
ERR13927574.8199	1566	15.5766
ERR13927574.8200	1550	16.0406
ERR13927574.8201	1544	17.7500
ERR13927574.8202	1604	16.3473
ERR13927574.8203	1553	15.4224
ERR13927574.8204	1612	19.1756
ERR13927574.8205	1606	17.2889
ERR13927574.8206	1535	15.1674
ERR13927574.8207	1607	19.5706
ERR13927574.8208	1642	17.9153
ERR13927574.8209	1581	19.9007
ERR13927574.8210	1585	20.1918
ERR13927574.8211	1531	18.3873
ERR13927574.8212	1572	17.7945
ERR13927574.8213	1540	15.9636
ERR13927574.8214	1600	17.6025
ERR13927574.8215	1588	18.0699
ERR13927574.8216	1082	16.2412
ERR13927574.8217	1574	18.5457
ERR13927574.8218	1589	18.6897
ERR13927574.8219	1551	20.5274
ERR13927574.8220	1602	15.5993
ERR13927574.8221	1569	16.7999
ERR13927574.8222	1599	22.1132
ERR13927574.8223	1610	17.2975
ERR13927574.8224	1565	18.5751
ERR13927574.8225	1571	20.1935
ERR13927574.8226	1547	17.8429
ERR13927574.8227	1543	17.3675
ERR13927574.8228	1604	15.7438
ERR13927574.8229	1586	16.0498
ERR13927574.8230	1559	16.8884
ERR13927574.8231	1566	17.8078
ERR13927574.8232	1572	17.2913
ERR13927574.8233	1568	19.4260
ERR13927574.8234	1554	18.6493
ERR13927574.8235	1561	19.4548
ERR13927574.8236	1566	15.4757
ERR13927574.8237	1578	19.5222
ERR13927574.8238	278	15.9568
ERR13927574.8239	1538	18.3615
ERR13927574.8240	1566	16.5996
ERR13927574.8241	1540	17.3273
ERR13927574.8242	1595	19.6483
ERR13927574.8243	1599	18.6823
ERR13927574.8244	1583	17.1036
ERR13927574.8245	1569	19.0402
ERR13927574.8246	1542	15.0156
ERR13927574.8247	1566	17.0830
ERR13927574.8248	1610	20.6068
ERR13927574.8249	1563	19.1766
ERR13927574.8250	1612	16.6036
ERR13927574.8251	1629	19.3714
ERR13927574.8252	1591	20.2313
ERR13927574.8253	1616	17.8700
ERR13927574.8254	1585	18.1950
ERR13927574.8255	1570	18.1389
ERR13927574.8256	1590	19.6686
ERR13927574.8257	1617	21.3711
ERR13927574.8258	1515	17.4521
ERR13927574.8259	1581	20.4364
ERR13927574.8260	1612	19.5502
ERR13927574.8261	1571	18.3673
ERR13927574.8262	1778	16.0090
ERR13927574.8263	1593	15.7087
ERR13927574.8264	1601	15.4853
ERR13927574.8265	1598	17.3811
ERR13927574.8266	1545	17.9566
ERR13927574.8267	1677	17.5247
ERR13927574.8268	1588	16.9981
ERR13927574.8269	1581	16.4219
ERR13927574.8270	1557	17.1908
ERR13927574.8271	1580	17.4070
ERR13927574.8272	1594	20.3231
ERR13927574.8273	1574	18.8545
ERR13927574.8274	1543	15.2884
ERR13927574.8275	1551	18.8536
ERR13927574.8276	1564	17.2583
ERR13927574.8277	1561	15.6899
ERR13927574.8278	1605	17.1109
ERR13927574.8279	1563	19.1344
ERR13927574.8280	1591	20.7090
ERR13927574.8281	1538	18.4623
ERR13927574.8282	1513	15.9927
ERR13927574.8283	1566	19.8997
ERR13927574.8284	1584	16.6553
ERR13927574.8285	1531	17.4866
ERR13927574.8286	1594	16.3130
ERR13927574.8287	1577	21.7001
ERR13927574.8288	1569	20.8502
ERR13927574.8289	1536	19.4915
ERR13927574.8290	1585	16.7300
ERR13927574.8291	1571	19.1483
ERR13927574.8292	1584	18.0650
ERR13927574.8293	1562	16.0845
ERR13927574.8294	1124	18.6993
ERR13927574.8295	1627	17.1924
ERR13927574.8296	1567	16.5578
ERR13927574.8297	1377	19.4829
ERR13927574.8298	1525	19.0531
ERR13927574.8299	1598	20.2278
ERR13927574.8300	1590	18.7478
ERR13927574.8301	1562	15.4840
ERR13927574.8302	1602	18.0774
ERR13927574.8303	741	17.8489
ERR13927574.8304	1556	18.2956
ERR13927574.8305	1576	18.4981
ERR13927574.8306	1538	15.3550
ERR13927574.8307	1575	18.8381
ERR13927574.8308	1586	15.1110
ERR13927574.8309	1530	13.8458
ERR13927574.8310	1590	19.2113
ERR13927574.8311	1607	17.2178
ERR13927574.8312	1480	15.3980
ERR13927574.8313	1620	19.6895
ERR13927574.8314	1566	14.2171
ERR13927574.8315	1569	18.5959
ERR13927574.8316	1599	18.2370
ERR13927574.8317	1574	18.5578
ERR13927574.8318	1594	17.0678
ERR13927574.8319	1560	18.1038
ERR13927574.8320	1568	16.8980
ERR13927574.8321	1573	16.1024
ERR13927574.8322	1559	17.7896
ERR13927574.8323	1535	16.9036
ERR13927574.8324	731	16.9603
ERR13927574.8325	1611	19.9032
ERR13927574.8326	1575	17.2127
ERR13927574.8327	1548	17.8921
ERR13927574.8328	1561	17.4452
ERR13927574.8329	1592	16.7368
ERR13927574.8330	1574	21.1874
ERR13927574.8331	1564	18.2999
ERR13927574.8332	1579	16.7498
ERR13927574.8333	1600	19.3350
ERR13927574.8334	1605	20.7894
ERR13927574.8335	1562	16.2394
ERR13927574.8336	1581	18.0999
ERR13927574.8337	832	21.7981
ERR13927574.8338	1597	16.8572
ERR13927574.8339	1602	18.8246
ERR13927574.8340	1537	16.5452
ERR13927574.8341	1560	16.2218
ERR13927574.8342	1549	19.2434
ERR13927574.8343	1562	20.4533
ERR13927574.8344	1359	17.5600
ERR13927574.8345	1587	19.3837
ERR13927574.8346	1593	17.6849
ERR13927574.8347	1593	19.1268
ERR13927574.8348	1559	17.5715
ERR13927574.8349	1605	15.3794
ERR13927574.8350	1556	18.9769
ERR13927574.8351	1585	16.8126
ERR13927574.8352	1545	15.8647
ERR13927574.8353	1588	19.5523
ERR13927574.8354	1606	19.2478
ERR13927574.8355	1536	20.3405
ERR13927574.8356	1543	16.7395
ERR13927574.8357	1586	19.8607
ERR13927574.8358	1611	19.1837
ERR13927574.8359	1573	17.7444
ERR13927574.8360	1464	15.2131
ERR13927574.8361	1576	19.5945
ERR13927574.8362	1545	17.1909
ERR13927574.8363	1532	15.6110
ERR13927574.8364	1572	17.3861
ERR13927574.8365	1525	21.4046
ERR13927574.8366	1536	19.1315
ERR13927574.8367	1564	16.5307
ERR13927574.8368	1568	17.8444
ERR13927574.8369	1576	19.3160
ERR13927574.8370	1609	18.7017
ERR13927574.8371	1534	16.5665
ERR13927574.8372	700	15.0757
ERR13927574.8373	1546	18.6953
ERR13927574.8374	1833	23.1909
ERR13927574.8375	1578	17.9316
ERR13927574.8376	1609	18.5736
ERR13927574.8377	1553	18.6858
ERR13927574.8378	1543	16.1251
ERR13927574.8379	1591	20.2099
ERR13927574.8380	1517	17.2630
ERR13927574.8381	1475	14.6685
ERR13927574.8382	1500	15.2887
ERR13927574.8383	1598	16.8016
ERR13927574.8384	1653	16.0393
ERR13927574.8385	1568	16.1575
ERR13927574.8386	1618	18.4654
ERR13927574.8387	1567	14.2521
ERR13927574.8388	1611	16.2291
ERR13927574.8389	1592	17.4347
ERR13927574.8390	1595	18.8370
ERR13927574.8391	1574	18.3818
ERR13927574.8392	1673	19.2839
ERR13927574.8393	1535	13.7811
ERR13927574.8394	1588	19.7563
ERR13927574.8395	1564	17.6918
ERR13927574.8396	1562	15.1396
ERR13927574.8397	1560	15.6103
ERR13927574.8398	453	16.8653
ERR13927574.8399	1538	17.6840
ERR13927574.8400	1610	21.5019
ERR13927574.8401	1589	20.5091
ERR13927574.8402	1560	20.3513
ERR13927574.8403	1584	18.3093
ERR13927574.8404	1594	16.4159
ERR13927574.8405	1589	20.6318
ERR13927574.8406	1616	15.0149
ERR13927574.8407	1582	16.6353
ERR13927574.8408	1569	16.2645
ERR13927574.8409	1617	19.9994
ERR13927574.8410	1605	18.9626
ERR13927574.8411	1575	16.7048
ERR13927574.8412	1584	20.1427
ERR13927574.8413	1166	17.7890
ERR13927574.8414	1612	19.2624
ERR13927574.8415	1584	18.4400
ERR13927574.8416	1605	20.5632
ERR13927574.8417	1587	17.3415
ERR13927574.8418	1690	19.7343
ERR13927574.8419	1569	17.5054
ERR13927574.8420	1568	17.3514
ERR13927574.8421	1607	18.8202
ERR13927574.8422	1603	18.7885
ERR13927574.8423	1606	20.9645
ERR13927574.8424	1559	19.2425
ERR13927574.8425	1560	15.2737
ERR13927574.8426	1595	18.2752
ERR13927574.8427	1575	17.1263
ERR13927574.8428	1568	19.3246
ERR13927574.8429	1587	16.0378
ERR13927574.8430	1594	19.7842
ERR13927574.8431	1636	15.2463
ERR13927574.8432	1579	16.9094
ERR13927574.8433	1603	17.2034
ERR13927574.8434	1551	22.2830
ERR13927574.8435	1559	14.9782
ERR13927574.8436	1596	18.5445
ERR13927574.8437	1563	20.5739
ERR13927574.8438	1541	16.9851
ERR13927574.8439	638	17.9796
ERR13927574.8440	1582	17.5746
ERR13927574.8441	1476	19.0251
ERR13927574.8442	1584	18.8946
ERR13927574.8443	1570	18.9344
ERR13927574.8444	1595	17.2238
ERR13927574.8445	1572	18.3372
ERR13927574.8446	1562	17.4110
ERR13927574.8447	1511	16.3203
ERR13927574.8448	1622	20.7059
ERR13927574.8449	1608	16.5622
ERR13927574.8450	1583	16.7138
ERR13927574.8451	1603	16.9881
ERR13927574.8452	1725	19.1867
ERR13927574.8453	1571	18.5022
ERR13927574.8454	1578	19.9892
ERR13927574.8455	1586	18.2440
ERR13927574.8456	1565	19.4185
ERR13927574.8457	1557	19.9364
ERR13927574.8458	1578	17.8428
ERR13927574.8459	1606	19.5635
ERR13927574.8460	1636	18.6375
ERR13927574.8461	1570	16.1134
ERR13927574.8462	1572	16.2519
ERR13927574.8463	1585	19.2744
ERR13927574.8464	1617	19.6116
ERR13927574.8465	1626	19.2042
ERR13927574.8466	1629	18.2271
ERR13927574.8467	1569	21.0344
ERR13927574.8468	1616	20.2061
ERR13927574.8469	1561	21.0999
ERR13927574.8470	1538	16.0865
ERR13927574.8471	1586	18.2087
ERR13927574.8472	1575	16.6298
ERR13927574.8473	1558	13.6213
ERR13927574.8474	1594	20.3570
ERR13927574.8475	1636	20.0471
ERR13927574.8476	1575	15.9060
ERR13927574.8477	1561	20.0282
ERR13927574.8478	1565	15.2958
ERR13927574.8479	1503	15.3134
ERR13927574.8480	1574	17.8850
ERR13927574.8481	1598	16.5932
ERR13927574.8482	1561	21.4311
ERR13927574.8483	1596	19.8421
ERR13927574.8484	1589	18.7898
ERR13927574.8485	1579	21.1970
ERR13927574.8486	1575	18.2654
ERR13927574.8487	1286	14.9549
ERR13927574.8488	1594	15.8538
ERR13927574.8489	1571	20.2813
ERR13927574.8490	1550	16.9994
ERR13927574.8491	1563	16.3199
ERR13927574.8492	1603	18.8877
ERR13927574.8493	1558	18.5270
ERR13927574.8494	1583	18.5079
ERR13927574.8495	1590	20.4428
ERR13927574.8496	1576	21.4226
ERR13927574.8497	1572	18.1966
ERR13927574.8498	1573	20.0877
ERR13927574.8499	450	17.3067
ERR13927574.8500	1571	20.3348
ERR13927574.8501	1587	16.5154
ERR13927574.8502	1602	21.4401
ERR13927574.8503	1625	20.5372
ERR13927574.8504	1554	16.2979
ERR13927574.8505	1568	20.6384
ERR13927574.8506	1598	17.4518
ERR13927574.8507	1575	18.6952
ERR13927574.8508	1572	18.8804
ERR13927574.8509	1585	18.8240
ERR13927574.8510	1445	15.5585
ERR13927574.8511	1610	20.4646
ERR13927574.8512	1574	19.4803
ERR13927574.8513	1600	20.2394
ERR13927574.8514	1545	17.9327
ERR13927574.8515	2442	18.5475
ERR13927574.8516	1545	16.5922
ERR13927574.8517	1563	20.2668
ERR13927574.8518	1586	19.1438
ERR13927574.8519	1551	18.2070
ERR13927574.8520	1537	16.6357
ERR13927574.8521	1563	17.8253
ERR13927574.8522	1593	17.7803
ERR13927574.8523	1525	16.0544
ERR13927574.8524	1627	18.3171
ERR13927574.8525	1546	18.3609
ERR13927574.8526	1577	18.8954
ERR13927574.8527	1612	19.8778
ERR13927574.8528	1562	19.3086
ERR13927574.8529	1710	18.9918
ERR13927574.8530	1530	15.3895
ERR13927574.8531	1549	16.7889
ERR13927574.8532	1596	20.0608
ERR13927574.8533	1620	23.0753
ERR13927574.8534	1586	20.4067
ERR13927574.8535	1555	19.0154
ERR13927574.8536	1565	16.6256
ERR13927574.8537	1523	17.7012
ERR13927574.8538	1478	17.7456
ERR13927574.8539	1597	17.3939
ERR13927574.8540	1572	18.3200
ERR13927574.8541	412	14.9102
ERR13927574.8542	1605	15.7520
ERR13927574.8543	1559	19.8608
ERR13927574.8544	1558	16.8286
ERR13927574.8545	1629	18.7391
ERR13927574.8546	1571	18.7963
ERR13927574.8547	1512	19.2989
ERR13927574.8548	1572	16.6826
ERR13927574.8549	1583	16.6791
ERR13927574.8550	1647	19.0273
ERR13927574.8551	1081	19.2618
ERR13927574.8552	1562	16.9827
ERR13927574.8553	1598	17.2735
ERR13927574.8554	1563	20.0429
ERR13927574.8555	1556	21.0765
ERR13927574.8556	1570	19.2261
ERR13927574.8557	1599	18.1157
ERR13927574.8558	1588	16.8023
ERR13927574.8559	1576	17.1865
ERR13927574.8560	1575	18.1689
ERR13927574.8561	1551	16.6589
ERR13927574.8562	1633	15.8132
ERR13927574.8563	1589	17.2983
ERR13927574.8564	1615	19.1882
ERR13927574.8565	1554	17.9395
ERR13927574.8566	1592	19.7211
ERR13927574.8567	1575	17.1232
ERR13927574.8568	1586	16.0076
ERR13927574.8569	1056	17.3703
ERR13927574.8570	1573	16.8703
ERR13927574.8571	1600	18.6231
ERR13927574.8572	1557	18.3147
ERR13927574.8573	1546	19.1158
ERR13927574.8574	1640	18.1494
ERR13927574.8575	1602	20.2703
ERR13927574.8576	1507	16.6417
ERR13927574.8577	1631	19.3850
ERR13927574.8578	1604	18.7188
ERR13927574.8579	1571	16.5468
ERR13927574.8580	1582	16.8995
ERR13927574.8581	1572	18.2665
ERR13927574.8582	1575	19.4616
ERR13927574.8583	1561	18.0295
ERR13927574.8584	1561	15.4433
ERR13927574.8585	1617	20.1738
ERR13927574.8586	1515	18.7380
ERR13927574.8587	1554	17.9826
ERR13927574.8588	1592	15.7337
ERR13927574.8589	1593	18.9046
ERR13927574.8590	1595	17.5837
ERR13927574.8591	1615	16.6656
ERR13927574.8592	1547	19.9877
ERR13927574.8593	1572	18.1438
ERR13927574.8594	1511	17.3005
ERR13927574.8595	1605	18.3526
ERR13927574.8596	1530	14.3895
ERR13927574.8597	1584	18.5278
ERR13927574.8598	1602	18.5375
ERR13927574.8599	1561	17.3658
ERR13927574.8600	1542	15.7218
ERR13927574.8601	1595	17.9342
ERR13927574.8602	1629	15.7170
ERR13927574.8603	1559	15.5459
ERR13927574.8604	1526	15.1796
ERR13927574.8605	1608	18.5249
ERR13927574.8606	1599	16.1832
ERR13927574.8607	1609	20.2704
ERR13927574.8608	1591	19.7850
ERR13927574.8609	1572	17.6037
ERR13927574.8610	1614	20.2392
ERR13927574.8611	1511	19.5976
ERR13927574.8612	1559	16.9006
ERR13927574.8613	1605	15.8623
ERR13927574.8614	1514	16.9029
ERR13927574.8615	1569	20.2365
ERR13927574.8616	1593	16.8387
ERR13927574.8617	1563	15.4466
ERR13927574.8618	1545	16.7715
ERR13927574.8619	1557	17.1156
ERR13927574.8620	1539	18.3359
ERR13927574.8621	1568	17.9930
ERR13927574.8622	1149	16.7145
ERR13927574.8623	1565	19.6958
ERR13927574.8624	1608	16.9042
ERR13927574.8625	1557	17.6134
ERR13927574.8626	1568	16.1333
ERR13927574.8627	1614	19.4783
ERR13927574.8628	1617	18.1682
ERR13927574.8629	1579	17.5351
ERR13927574.8630	1542	16.0681
ERR13927574.8631	1593	19.2724
ERR13927574.8632	1542	18.4540
ERR13927574.8633	1563	14.7262
ERR13927574.8634	1558	15.0969
ERR13927574.8635	1582	15.8938
ERR13927574.8636	1587	17.8374
ERR13927574.8637	704	15.9602
ERR13927574.8638	1550	17.5903
ERR13927574.8639	1563	16.5477
ERR13927574.8640	1575	19.0698
ERR13927574.8641	1556	19.0328
ERR13927574.8642	1588	18.4175
ERR13927574.8643	1573	19.9135
ERR13927574.8644	1607	17.5177
ERR13927574.8645	1568	17.7226
ERR13927574.8646	1566	19.9738
ERR13927574.8647	1226	17.8042
ERR13927574.8648	1617	19.5516
ERR13927574.8649	1568	19.8087
ERR13927574.8650	1507	14.8487
ERR13927574.8651	1600	17.5931
ERR13927574.8652	1571	15.5321
ERR13927574.8653	1555	18.5891
ERR13927574.8654	1558	15.8139
ERR13927574.8655	1597	18.6287
ERR13927574.8656	1588	17.8854
ERR13927574.8657	1616	17.0532
ERR13927574.8658	1562	16.6274
ERR13927574.8659	1554	20.0019
ERR13927574.8660	1608	18.7805
ERR13927574.8661	1555	19.4740
ERR13927574.8662	1552	17.8724
ERR13927574.8663	1540	18.5838
ERR13927574.8664	1602	14.5368
ERR13927574.8665	1543	17.8995
ERR13927574.8666	1546	19.5032
ERR13927574.8667	1567	17.3944
ERR13927574.8668	1513	14.7204
ERR13927574.8669	1575	18.9003
ERR13927574.8670	1585	16.5237
ERR13927574.8671	1550	16.4626
ERR13927574.8672	1534	18.1780
ERR13927574.8673	1530	15.3928
ERR13927574.8674	1552	14.3744
ERR13927574.8675	1607	20.4294
ERR13927574.8676	1567	17.6867
ERR13927574.8677	1555	21.1826
ERR13927574.8678	1583	17.3266
ERR13927574.8679	1572	18.3715
ERR13927574.8680	1570	16.0102
ERR13927574.8681	1558	18.7818
ERR13927574.8682	1582	21.0474
ERR13927574.8683	1578	17.8422
ERR13927574.8684	1584	14.5221
ERR13927574.8685	1536	19.2884
ERR13927574.8686	1556	19.2873
ERR13927574.8687	1541	18.8488
ERR13927574.8688	1550	16.6858
ERR13927574.8689	1584	22.2942
ERR13927574.8690	1534	15.8207
ERR13927574.8691	1591	18.2319
ERR13927574.8692	1601	18.5984
ERR13927574.8693	1551	13.9446
ERR13927574.8694	1564	19.5703
ERR13927574.8695	1540	20.1442
ERR13927574.8696	1560	17.8788
ERR13927574.8697	1540	19.9714
ERR13927574.8698	1549	17.5403
ERR13927574.8699	1584	17.5322
ERR13927574.8700	1548	15.4548
ERR13927574.8701	1527	18.3726
ERR13927574.8702	1609	15.2126
ERR13927574.8703	1504	17.7806
ERR13927574.8704	1569	17.0688
ERR13927574.8705	1549	18.8380
ERR13927574.8706	2113	18.7832
ERR13927574.8707	1612	17.8282
ERR13927574.8708	1561	16.7136
ERR13927574.8709	1581	18.4700
ERR13927574.8710	1563	17.9507
ERR13927574.8711	1567	20.1544
ERR13927574.8712	1589	19.7369
ERR13927574.8713	1586	19.9729
ERR13927574.8714	1498	15.2430
ERR13927574.8715	1608	18.4185
ERR13927574.8716	1567	16.2119
ERR13927574.8717	1609	16.9099
ERR13927574.8718	1625	18.1975
ERR13927574.8719	1576	18.6815
ERR13927574.8720	1615	19.7802
ERR13927574.8721	1539	16.3450
ERR13927574.8722	1552	14.7899
ERR13927574.8723	1552	18.2397
ERR13927574.8724	1590	17.4931
ERR13927574.8725	1475	18.7607
ERR13927574.8726	1572	19.8810
ERR13927574.8727	1563	17.5278
ERR13927574.8728	1530	18.4889
ERR13927574.8729	1550	14.8290
ERR13927574.8730	1553	15.5918
ERR13927574.8731	1548	18.2229
ERR13927574.8732	1570	19.8510
ERR13927574.8733	1479	18.4740
ERR13927574.8734	1585	17.6410
ERR13927574.8735	1587	17.1197
ERR13927574.8736	1519	17.5576
ERR13927574.8737	1595	15.7323
ERR13927574.8738	1568	21.1122
ERR13927574.8739	1591	21.0258
ERR13927574.8740	1495	16.7324
ERR13927574.8741	1570	18.3363
ERR13927574.8742	1551	17.4526
ERR13927574.8743	1632	15.9265
ERR13927574.8744	1564	18.5153
ERR13927574.8745	1462	17.6156
ERR13927574.8746	1607	17.5843
ERR13927574.8747	1606	18.8213
ERR13927574.8748	1558	17.3825
ERR13927574.8749	1559	19.3092
ERR13927574.8750	1561	14.3568
ERR13927574.8751	1574	19.8729
ERR13927574.8752	1580	18.3816
ERR13927574.8753	1571	20.1878
ERR13927574.8754	1596	20.3791
ERR13927574.8755	1619	18.7060
ERR13927574.8756	1536	19.4902
ERR13927574.8757	1521	14.6831
ERR13927574.8758	1594	16.0878
ERR13927574.8759	1599	20.1576
ERR13927574.8760	1554	18.2754
ERR13927574.8761	1607	18.0137
ERR13927574.8762	1596	18.5589
ERR13927574.8763	1588	19.0945
ERR13927574.8764	1553	16.8158
ERR13927574.8765	1579	17.9715
ERR13927574.8766	1574	20.8767
ERR13927574.8767	1572	15.1266
ERR13927574.8768	1598	15.5701
ERR13927574.8769	1557	17.8176
ERR13927574.8770	1574	19.6334
ERR13927574.8771	1590	18.8094
ERR13927574.8772	1570	20.1102
ERR13927574.8773	1588	17.1870
ERR13927574.8774	1526	19.2936
ERR13927574.8775	1609	15.8229
ERR13927574.8776	1562	19.1146
ERR13927574.8777	1593	17.6673
ERR13927574.8778	1544	15.4080
ERR13927574.8779	1522	16.8653
ERR13927574.8780	1543	17.9002
ERR13927574.8781	1591	18.8982
ERR13927574.8782	1613	17.3955
ERR13927574.8783	1596	16.0401
ERR13927574.8784	1566	14.4994
ERR13927574.8785	1583	19.9760
ERR13927574.8786	1547	16.1791
ERR13927574.8787	1002	19.7894
ERR13927574.8788	1595	18.0056
ERR13927574.8789	1584	19.7229
ERR13927574.8790	1545	16.8337
ERR13927574.8791	1556	19.3303
ERR13927574.8792	1609	17.5904
ERR13927574.8793	1545	16.6990
ERR13927574.8794	1565	19.7125
ERR13927574.8795	1500	19.4660
ERR13927574.8796	1565	15.0313
ERR13927574.8797	1589	15.8345
ERR13927574.8798	1556	17.9242
ERR13927574.8799	1579	18.0519
ERR13927574.8800	1594	18.0445
ERR13927574.8801	1601	16.9613
ERR13927574.8802	1593	18.7250
ERR13927574.8803	1557	16.6114
ERR13927574.8804	1577	17.2346
ERR13927574.8805	1573	17.6904
ERR13927574.8806	1567	15.0440
ERR13927574.8807	1554	20.1229
ERR13927574.8808	1584	20.2910
ERR13927574.8809	1561	19.1973
ERR13927574.8810	1597	20.0075
ERR13927574.8811	1598	19.2860
ERR13927574.8812	1542	20.1770
ERR13927574.8813	1550	16.5671
ERR13927574.8814	1559	18.7261
ERR13927574.8815	1349	18.3625
ERR13927574.8816	1547	15.3484
ERR13927574.8817	1586	17.5858
ERR13927574.8818	1595	18.2621
ERR13927574.8819	1598	19.6033
ERR13927574.8820	1552	17.1095
ERR13927574.8821	1601	18.7826
ERR13927574.8822	1550	18.6245
ERR13927574.8823	1587	18.9968
ERR13927574.8824	1547	14.5889
ERR13927574.8825	1554	18.3160
ERR13927574.8826	1564	16.9220
ERR13927574.8827	1572	19.5178
ERR13927574.8828	1520	19.3118
ERR13927574.8829	1600	16.7000
ERR13927574.8830	1561	16.6304
ERR13927574.8831	1592	17.3675
ERR13927574.8832	1610	16.4416
ERR13927574.8833	1594	17.4743
ERR13927574.8834	1563	17.9699
ERR13927574.8835	1583	14.3500
ERR13927574.8836	1592	17.4899
ERR13927574.8837	1567	19.3995
ERR13927574.8838	1500	17.5707
ERR13927574.8839	1575	18.3873
ERR13927574.8840	1583	18.8490
ERR13927574.8841	1550	16.8774
ERR13927574.8842	1486	15.5585
ERR13927574.8843	1560	16.2788
ERR13927574.8844	1561	16.2460
ERR13927574.8845	1675	16.8985
ERR13927574.8846	1484	16.2210
ERR13927574.8847	1581	19.5370
ERR13927574.8848	1548	19.8572
ERR13927574.8849	1558	20.3594
ERR13927574.8850	1563	18.4370
ERR13927574.8851	1584	18.0082
ERR13927574.8852	1598	19.0369
ERR13927574.8853	1514	17.5753
ERR13927574.8854	1564	19.0902
ERR13927574.8855	1542	17.7166
ERR13927574.8856	1639	19.3209
ERR13927574.8857	1595	19.7762
ERR13927574.8858	1609	17.8036
ERR13927574.8859	1602	17.8077
ERR13927574.8860	1578	17.9658
ERR13927574.8861	1558	18.3543
ERR13927574.8862	1551	19.1225
ERR13927574.8863	1532	14.6123
ERR13927574.8864	1562	16.3752
ERR13927574.8865	1567	17.1512
ERR13927574.8866	1553	15.4404
ERR13927574.8867	1513	18.5327
ERR13927574.8868	1577	18.3462
ERR13927574.8869	1544	18.5538
ERR13927574.8870	1525	19.5482
ERR13927574.8871	1569	18.1855
ERR13927574.8872	1605	15.9975
ERR13927574.8873	1638	17.4182
ERR13927574.8874	1558	16.9525
ERR13927574.8875	1573	18.9962
ERR13927574.8876	1575	20.0210
ERR13927574.8877	1569	19.5768
ERR13927574.8878	1604	18.0542
ERR13927574.8879	1526	17.5754
ERR13927574.8880	1580	21.6051
ERR13927574.8881	1606	19.1943
ERR13927574.8882	1526	16.0334
ERR13927574.8883	1594	18.4003
ERR13927574.8884	1522	15.1445
ERR13927574.8885	1609	17.6172
ERR13927574.8886	1565	19.6748
ERR13927574.8887	1595	17.9323
ERR13927574.8888	1627	19.0381
ERR13927574.8889	189	12.6614
ERR13927574.8890	1568	20.3010
ERR13927574.8891	1565	15.9029
ERR13927574.8892	1534	16.8038
ERR13927574.8893	1542	16.4533
ERR13927574.8894	1587	18.3611
ERR13927574.8895	1555	18.0958
ERR13927574.8896	1527	18.7191
ERR13927574.8897	1511	15.6274
ERR13927574.8898	1510	14.5517
ERR13927574.8899	1611	21.1955
ERR13927574.8900	1511	17.1211
ERR13927574.8901	1597	21.8147
ERR13927574.8902	1570	19.5764
ERR13927574.8903	1607	17.9216
ERR13927574.8904	1564	18.1330
ERR13927574.8905	1549	17.4500
ERR13927574.8906	1526	16.5354
ERR13927574.8907	1605	19.0611
ERR13927574.8908	1557	16.0533
ERR13927574.8909	1575	16.7549
ERR13927574.8910	1595	16.4633
ERR13927574.8911	1522	16.1577
ERR13927574.8912	1580	16.3051
ERR13927574.8913	1525	16.2125
ERR13927574.8914	1596	17.8302
ERR13927574.8915	1555	18.8778
ERR13927574.8916	1610	16.3925
ERR13927574.8917	1601	18.9963
ERR13927574.8918	1570	17.3535
ERR13927574.8919	1606	19.5554
ERR13927574.8920	1904	21.3078
ERR13927574.8921	1567	15.6579
ERR13927574.8922	1552	18.4240
ERR13927574.8923	1604	18.7562
ERR13927574.8924	1526	16.9260
ERR13927574.8925	1555	19.4650
ERR13927574.8926	1593	17.4495
ERR13927574.8927	1764	20.4841
ERR13927574.8928	1588	20.3054
ERR13927574.8929	1522	19.2398
ERR13927574.8930	1624	18.7851
ERR13927574.8931	1565	19.6792
ERR13927574.8932	1594	15.6286
ERR13927574.8933	1545	18.3896
ERR13927574.8934	1594	19.6819
ERR13927574.8935	1577	19.4718
ERR13927574.8936	1584	15.1477
ERR13927574.8937	1615	18.2365
ERR13927574.8938	1600	17.4962
ERR13927574.8939	1575	15.6260
ERR13927574.8940	1561	14.2646
ERR13927574.8941	1524	16.2303
ERR13927574.8942	1540	17.1701
ERR13927574.8943	1586	16.2554
ERR13927574.8944	1524	18.0157
ERR13927574.8945	1591	19.7178
ERR13927574.8946	1527	16.5625
ERR13927574.8947	1529	17.9810
ERR13927574.8948	1538	19.3101
ERR13927574.8949	1593	18.4444
ERR13927574.8950	1558	17.9987
ERR13927574.8951	629	18.5119
ERR13927574.8952	1555	18.2830
ERR13927574.8953	1507	20.1984
ERR13927574.8954	1514	15.7834
ERR13927574.8955	1604	19.6278
ERR13927574.8956	1564	17.6400
ERR13927574.8957	1576	20.9975
ERR13927574.8958	1552	14.9929
ERR13927574.8959	1562	20.5634
ERR13927574.8960	1572	15.5312
ERR13927574.8961	1561	19.9347
ERR13927574.8962	1571	18.9478
ERR13927574.8963	1578	19.6572
ERR13927574.8964	1581	14.9684
ERR13927574.8965	899	16.9811
ERR13927574.8966	1384	17.9718
ERR13927574.8967	1609	20.0056
ERR13927574.8968	1541	18.2116
ERR13927574.8969	1457	17.8284
ERR13927574.8970	1566	15.8072
ERR13927574.8971	1565	18.7412
ERR13927574.8972	1544	20.5622
ERR13927574.8973	1578	15.9284
ERR13927574.8974	1564	18.3651
ERR13927574.8975	1624	18.7605
ERR13927574.8976	1592	17.7732
ERR13927574.8977	1608	18.3159
ERR13927574.8978	1558	18.3979
ERR13927574.8979	1566	19.4955
ERR13927574.8980	1623	18.3592
ERR13927574.8981	1562	15.6562
ERR13927574.8982	1599	16.4246
ERR13927574.8983	283	14.6219
ERR13927574.8984	1634	18.4198
ERR13927574.8985	1627	19.5071
ERR13927574.8986	1552	18.2584
ERR13927574.8987	1622	14.0654
ERR13927574.8988	1582	17.1726
ERR13927574.8989	1564	20.2590
ERR13927574.8990	1576	19.5406
ERR13927574.8991	1550	18.1129
ERR13927574.8992	1311	19.4088
ERR13927574.8993	1529	18.8888
ERR13927574.8994	1597	15.2718
ERR13927574.8995	1556	19.3168
ERR13927574.8996	1558	20.0135
ERR13927574.8997	1486	19.1083
ERR13927574.8998	1548	17.0633
ERR13927574.8999	1601	17.9069
ERR13927574.9000	1570	19.1287
ERR13927574.9001	1579	19.8113
ERR13927574.9002	1559	17.3188
ERR13927574.9003	1166	17.8439
ERR13927574.9004	1600	20.6569
ERR13927574.9005	1608	20.1573
ERR13927574.9006	1560	13.6859
ERR13927574.9007	1556	15.1735
ERR13927574.9008	1486	14.9515
ERR13927574.9009	1521	15.4602
ERR13927574.9010	1503	15.1284
ERR13927574.9011	1550	17.5884
ERR13927574.9012	1544	18.0013
ERR13927574.9013	1518	16.5415
ERR13927574.9014	1405	21.0619
ERR13927574.9015	1575	18.8159
ERR13927574.9016	1590	19.9189
ERR13927574.9017	1551	19.0374
ERR13927574.9018	1607	18.2464
ERR13927574.9019	1545	17.5307
ERR13927574.9020	1333	18.9617
ERR13927574.9021	1567	16.1544
ERR13927574.9022	1600	15.1662
ERR13927574.9023	1565	16.7374
ERR13927574.9024	1543	15.9942
ERR13927574.9025	1585	16.3703
ERR13927574.9026	1601	18.3604
ERR13927574.9027	1581	15.4965
ERR13927574.9028	1551	19.7982
ERR13927574.9029	1594	21.0194
ERR13927574.9030	1517	15.4832
ERR13927574.9031	1517	17.8556
ERR13927574.9032	1590	17.9226
ERR13927574.9033	1592	20.6501
ERR13927574.9034	1539	15.9162
ERR13927574.9035	1628	18.9201
ERR13927574.9036	1526	15.0282
ERR13927574.9037	1591	17.2992
ERR13927574.9038	1594	13.5207
ERR13927574.9039	1552	19.4523
ERR13927574.9040	1345	18.6714
ERR13927574.9041	1559	18.2258
ERR13927574.9042	1587	17.1506
ERR13927574.9043	1589	20.1271
ERR13927574.9044	1537	15.6890
ERR13927574.9045	1583	16.2647
ERR13927574.9046	1587	18.8998
ERR13927574.9047	1684	17.9436
ERR13927574.9048	1573	19.3891
ERR13927574.9049	1541	15.0091
ERR13927574.9050	1546	15.5168
ERR13927574.9051	1538	16.3355
ERR13927574.9052	1474	17.1309
ERR13927574.9053	1598	16.7472
ERR13927574.9054	1552	19.7390
ERR13927574.9055	1553	20.8950
ERR13927574.9056	1597	16.0626
ERR13927574.9057	1642	19.0585
ERR13927574.9058	1558	14.5077
ERR13927574.9059	1547	16.1454
ERR13927574.9060	1577	19.3069
ERR13927574.9061	1569	18.3053
ERR13927574.9062	1596	18.8421
ERR13927574.9063	1581	20.0955
ERR13927574.9064	1528	16.1832
ERR13927574.9065	1566	16.1003
ERR13927574.9066	1599	16.3377
ERR13927574.9067	1546	16.2633
ERR13927574.9068	1550	20.0116
ERR13927574.9069	1623	15.1115
ERR13927574.9070	1590	19.6774
ERR13927574.9071	1531	16.3050
ERR13927574.9072	1606	18.9483
ERR13927574.9073	1589	20.0686
ERR13927574.9074	1570	19.5446
ERR13927574.9075	889	15.6547
ERR13927574.9076	1550	20.3903
ERR13927574.9077	1562	18.7843
ERR13927574.9078	2291	18.0052
ERR13927574.9079	1571	18.8033
ERR13927574.9080	1549	19.0813
ERR13927574.9081	1596	18.5169
ERR13927574.9082	1594	16.9831
ERR13927574.9083	1541	16.6029
ERR13927574.9084	1530	18.0634
ERR13927574.9085	1571	16.8956
ERR13927574.9086	1579	17.5351
ERR13927574.9087	1572	19.8251
ERR13927574.9088	1584	17.7494
ERR13927574.9089	1550	15.9858
ERR13927574.9090	1532	18.7761
ERR13927574.9091	1580	18.0253
ERR13927574.9092	1612	18.5509
ERR13927574.9093	1573	19.7088
ERR13927574.9094	1556	19.4242
ERR13927574.9095	1554	15.7992
ERR13927574.9096	1610	18.2478
ERR13927574.9097	1037	14.5526
ERR13927574.9098	1556	20.4942
ERR13927574.9099	1518	16.1061
ERR13927574.9100	1532	13.0013
ERR13927574.9101	1546	17.4787
ERR13927574.9102	1555	16.2990
ERR13927574.9103	1604	18.0031
ERR13927574.9104	1577	20.1268
ERR13927574.9105	1507	15.6403
ERR13927574.9106	1627	17.5833
ERR13927574.9107	1521	16.6141
ERR13927574.9108	1558	15.1598
ERR13927574.9109	1575	18.4978
ERR13927574.9110	1551	20.6493
ERR13927574.9111	1553	19.4559
ERR13927574.9112	1557	18.3308
ERR13927574.9113	1598	17.0250
ERR13927574.9114	1570	18.1140
ERR13927574.9115	1592	17.6639
ERR13927574.9116	1542	17.7010
ERR13927574.9117	1557	15.7232
ERR13927574.9118	1544	15.9074
ERR13927574.9119	1607	20.2153
ERR13927574.9120	1570	18.1968
ERR13927574.9121	1568	20.0128
ERR13927574.9122	1543	16.2171
ERR13927574.9123	1599	20.5822
ERR13927574.9124	1592	19.1985
ERR13927574.9125	1571	17.0420
ERR13927574.9126	1578	18.4753
ERR13927574.9127	1565	19.2236
ERR13927574.9128	1554	16.5862
ERR13927574.9129	1597	16.2361
ERR13927574.9130	1587	17.8280
ERR13927574.9131	1584	15.5114
ERR13927574.9132	1532	20.1508
ERR13927574.9133	339	12.2625
ERR13927574.9134	1600	17.2488
ERR13927574.9135	1588	18.6222
ERR13927574.9136	1587	19.4934
ERR13927574.9137	1563	17.8337
ERR13927574.9138	1606	16.4440
ERR13927574.9139	1491	19.1905
ERR13927574.9140	202	18.3168
ERR13927574.9141	1596	19.1009
ERR13927574.9142	1619	18.1204
ERR13927574.9143	1602	18.3046
ERR13927574.9144	1598	18.2628
ERR13927574.9145	1597	19.5542
ERR13927574.9146	1569	15.4742
ERR13927574.9147	1552	19.6095
ERR13927574.9148	1567	19.2757
ERR13927574.9149	1574	16.7484
ERR13927574.9150	1606	17.7702
ERR13927574.9151	1584	19.2203
ERR13927574.9152	1577	19.4299
ERR13927574.9153	1539	16.3710
ERR13927574.9154	1606	15.5324
ERR13927574.9155	1574	18.8240
ERR13927574.9156	1507	15.9476
ERR13927574.9157	160	16.2688
ERR13927574.9158	1555	15.6431
ERR13927574.9159	1563	16.1516
ERR13927574.9160	1625	19.3957
ERR13927574.9161	1576	18.6104
ERR13927574.9162	1552	19.6585
ERR13927574.9163	1542	17.1265
ERR13927574.9164	1579	19.7239
ERR13927574.9165	1581	17.7552
ERR13927574.9166	1520	16.6836
ERR13927574.9167	1564	18.9783
ERR13927574.9168	1607	19.3279
ERR13927574.9169	1522	15.1787
ERR13927574.9170	1628	16.5602
ERR13927574.9171	1568	20.7066
ERR13927574.9172	1619	19.6189
ERR13927574.9173	1595	17.8301
ERR13927574.9174	861	14.6214
ERR13927574.9175	1604	17.1833
ERR13927574.9176	1541	18.9221
ERR13927574.9177	1563	19.5048
ERR13927574.9178	1676	15.3365
ERR13927574.9179	1592	16.2959
ERR13927574.9180	1601	18.6159
ERR13927574.9181	1553	19.8641
ERR13927574.9182	1572	17.6775
ERR13927574.9183	1567	17.9164
ERR13927574.9184	1612	15.1371
ERR13927574.9185	1590	21.0906
ERR13927574.9186	1504	20.7460
ERR13927574.9187	1601	20.6421
ERR13927574.9188	1519	20.0204
ERR13927574.9189	1553	18.3967
ERR13927574.9190	1592	18.5339
ERR13927574.9191	1564	14.7647
ERR13927574.9192	1525	15.4341
ERR13927574.9193	1554	16.0669
ERR13927574.9194	1518	14.9216
ERR13927574.9195	1570	18.3490
ERR13927574.9196	1606	19.2808
ERR13927574.9197	1506	14.5903
ERR13927574.9198	1615	14.6427
ERR13927574.9199	1564	19.5460
ERR13927574.9200	1180	14.8619
ERR13927574.9201	1569	16.2600
ERR13927574.9202	1560	18.1808
ERR13927574.9203	1588	15.0346
ERR13927574.9204	1571	19.5933
ERR13927574.9205	1546	19.3635
ERR13927574.9206	1597	17.8572
ERR13927574.9207	1583	20.3664
ERR13927574.9208	1571	18.5888
ERR13927574.9209	1602	19.8258
ERR13927574.9210	1578	17.1977
ERR13927574.9211	1587	16.7870
ERR13927574.9212	1565	18.6543
ERR13927574.9213	1570	20.2146
ERR13927574.9214	1574	15.5267
ERR13927574.9215	1606	16.3257
ERR13927574.9216	1575	17.2483
ERR13927574.9217	1457	17.8620
ERR13927574.9218	1578	18.1819
ERR13927574.9219	1587	19.5293
ERR13927574.9220	1545	17.1016
ERR13927574.9221	1561	17.8533
ERR13927574.9222	1481	15.4862
ERR13927574.9223	1597	19.2768
ERR13927574.9224	1561	18.6547
ERR13927574.9225	1554	19.5277
ERR13927574.9226	1557	18.6808
ERR13927574.9227	1597	16.2430
ERR13927574.9228	1565	16.1489
ERR13927574.9229	1549	17.5978
ERR13927574.9230	1584	21.9514
ERR13927574.9231	1544	16.9048
ERR13927574.9232	1497	15.7856
ERR13927574.9233	1549	19.2556
ERR13927574.9234	1535	19.0958
ERR13927574.9235	1589	19.2870
ERR13927574.9236	1555	16.7196
ERR13927574.9237	1585	19.2019
ERR13927574.9238	1527	17.0255
ERR13927574.9239	1609	18.5842
ERR13927574.9240	1657	14.9360
ERR13927574.9241	1589	21.0031
ERR13927574.9242	1538	19.8966
ERR13927574.9243	1698	19.6272
ERR13927574.9244	1548	21.1227
ERR13927574.9245	1606	19.1139
ERR13927574.9246	1578	20.7617
ERR13927574.9247	1540	19.2182
ERR13927574.9248	1653	18.4779
ERR13927574.9249	1583	18.7922
ERR13927574.9250	1365	18.0037
ERR13927574.9251	1563	17.7242
ERR13927574.9252	1572	19.6997
ERR13927574.9253	1567	19.0070
ERR13927574.9254	1625	17.4498
ERR13927574.9255	1601	19.8114
ERR13927574.9256	1544	20.6574
ERR13927574.9257	1591	18.1974
ERR13927574.9258	1571	18.8619
ERR13927574.9259	1550	17.3342
ERR13927574.9260	1622	19.5185
ERR13927574.9261	1555	20.5756
ERR13927574.9262	1553	14.8725
ERR13927574.9263	1533	18.4488
ERR13927574.9264	1528	15.5955
ERR13927574.9265	1602	18.8302
ERR13927574.9266	1590	17.5535
ERR13927574.9267	1617	18.9041
ERR13927574.9268	1552	18.6250
ERR13927574.9269	1599	17.3215
ERR13927574.9270	1564	14.9885
ERR13927574.9271	1608	21.6959
ERR13927574.9272	1556	19.5244
ERR13927574.9273	1571	20.4532
ERR13927574.9274	1577	18.9176
ERR13927574.9275	1563	18.6603
ERR13927574.9276	1572	16.3200
ERR13927574.9277	1577	21.8605
ERR13927574.9278	1601	20.4104
ERR13927574.9279	1587	18.8078
ERR13927574.9280	1577	20.1852
ERR13927574.9281	1589	18.6759
ERR13927574.9282	1552	19.1946
ERR13927574.9283	1570	18.6401
ERR13927574.9284	1535	15.4313
ERR13927574.9285	1494	17.9793
ERR13927574.9286	1567	19.6490
ERR13927574.9287	1526	15.0564
ERR13927574.9288	1605	19.6262
ERR13927574.9289	1577	19.3202
ERR13927574.9290	1583	14.4024
ERR13927574.9291	1575	16.9765
ERR13927574.9292	1589	19.7923
ERR13927574.9293	1595	19.4972
ERR13927574.9294	1639	16.1135
ERR13927574.9295	1564	15.7730
ERR13927574.9296	1589	18.9931
ERR13927574.9297	1600	16.0675
ERR13927574.9298	1628	19.1106
ERR13927574.9299	1568	17.8112
ERR13927574.9300	1605	16.7757
ERR13927574.9301	1585	18.8000
ERR13927574.9302	1600	19.8756
ERR13927574.9303	1504	16.2267
ERR13927574.9304	1567	15.4984
ERR13927574.9305	1492	15.2520
ERR13927574.9306	1715	17.4455
ERR13927574.9307	1529	15.3604
ERR13927574.9308	1575	19.7244
ERR13927574.9309	1603	19.4105
ERR13927574.9310	1606	17.8437
ERR13927574.9311	1581	18.3751
ERR13927574.9312	1572	15.3632
ERR13927574.9313	473	17.3023
ERR13927574.9314	1563	14.8241
ERR13927574.9315	1590	15.2943
ERR13927574.9316	1531	15.5715
ERR13927574.9317	1589	20.0944
ERR13927574.9318	1602	18.1223
ERR13927574.9319	1576	15.0895
ERR13927574.9320	1586	19.1040
ERR13927574.9321	1561	18.4568
ERR13927574.9322	1557	15.0931
ERR13927574.9323	1484	19.2594
ERR13927574.9324	1568	19.1250
ERR13927574.9325	1588	17.0006
ERR13927574.9326	1564	15.0173
ERR13927574.9327	1598	15.4024
ERR13927574.9328	1540	14.9396
ERR13927574.9329	1546	20.8842
ERR13927574.9330	1582	16.6606
ERR13927574.9331	1570	16.2013
ERR13927574.9332	1551	16.0000
ERR13927574.9333	1582	14.5063
ERR13927574.9334	1577	17.9360
ERR13927574.9335	1552	17.7043
ERR13927574.9336	1584	17.9729
ERR13927574.9337	1596	16.5758
ERR13927574.9338	1579	21.6960
ERR13927574.9339	1531	17.6891
ERR13927574.9340	1565	15.9252
ERR13927574.9341	1491	20.0892
ERR13927574.9342	1564	19.6694
ERR13927574.9343	1575	14.9886
ERR13927574.9344	1564	17.6330
ERR13927574.9345	1574	18.0368
ERR13927574.9346	1612	20.6396
ERR13927574.9347	1556	20.1677
ERR13927574.9348	1559	17.5754
ERR13927574.9349	1576	18.6631
ERR13927574.9350	1599	15.1001
ERR13927574.9351	1617	16.6141
ERR13927574.9352	1600	18.7987
ERR13927574.9353	1558	17.5276
ERR13927574.9354	1532	18.5183
ERR13927574.9355	1527	16.2443
ERR13927574.9356	1539	17.7856
ERR13927574.9357	1625	17.3600
ERR13927574.9358	1581	17.8988
ERR13927574.9359	1545	20.1049
ERR13927574.9360	1582	18.0297
ERR13927574.9361	1561	19.5586
ERR13927574.9362	1604	15.7238
ERR13927574.9363	1562	15.4898
ERR13927574.9364	1589	16.0837
ERR13927574.9365	1543	18.1776
ERR13927574.9366	1545	18.3191
ERR13927574.9367	220	15.8864
ERR13927574.9368	1580	17.2127
ERR13927574.9369	1130	15.3522
ERR13927574.9370	1538	16.3609
ERR13927574.9371	1588	20.1335
ERR13927574.9372	1548	17.7190
ERR13927574.9373	1552	13.8653
ERR13927574.9374	1542	20.4053
ERR13927574.9375	1584	18.3838
ERR13927574.9376	1602	15.3439
ERR13927574.9377	1603	17.1678
ERR13927574.9378	1565	18.1444
ERR13927574.9379	1565	17.8045
ERR13927574.9380	1625	16.4806
ERR13927574.9381	1543	19.2346
ERR13927574.9382	1571	18.8912
ERR13927574.9383	1559	21.0250
ERR13927574.9384	1528	18.9005
ERR13927574.9385	1583	17.5704
ERR13927574.9386	1619	20.4651
ERR13927574.9387	1569	19.6546
ERR13927574.9388	1537	16.0358
ERR13927574.9389	1520	18.7184
ERR13927574.9390	1567	18.7313
ERR13927574.9391	1551	20.1431
ERR13927574.9392	1588	19.6518
ERR13927574.9393	1690	17.7391
ERR13927574.9394	1559	20.2790
ERR13927574.9395	1563	17.8036
ERR13927574.9396	1432	15.3142
ERR13927574.9397	1581	17.8128
ERR13927574.9398	1703	17.5702
ERR13927574.9399	1571	18.0834
ERR13927574.9400	1505	18.4432
ERR13927574.9401	1586	16.6028
ERR13927574.9402	1567	16.3969
ERR13927574.9403	1610	21.1118
ERR13927574.9404	1602	18.1654
ERR13927574.9405	1580	18.9158
ERR13927574.9406	1518	14.8775
ERR13927574.9407	1593	15.8431
ERR13927574.9408	1600	16.7494
ERR13927574.9409	1598	18.2710
ERR13927574.9410	1529	20.7325
ERR13927574.9411	1600	16.5719
ERR13927574.9412	1574	16.5108
ERR13927574.9413	1529	16.6207
ERR13927574.9414	1510	19.1166
ERR13927574.9415	1577	16.5079
ERR13927574.9416	1569	17.0542
ERR13927574.9417	1613	18.8041
ERR13927574.9418	1550	16.0465
ERR13927574.9419	1562	15.2407
ERR13927574.9420	1493	14.2599
ERR13927574.9421	1514	15.1176
ERR13927574.9422	1596	19.5827
ERR13927574.9423	1537	16.2258
ERR13927574.9424	1545	16.9625
ERR13927574.9425	1592	18.5704
ERR13927574.9426	1590	17.2453
ERR13927574.9427	1539	17.6238
ERR13927574.9428	1491	15.5050
ERR13927574.9429	1581	17.1752
ERR13927574.9430	1609	15.9453
ERR13927574.9431	1593	15.6554
ERR13927574.9432	358	18.6788
ERR13927574.9433	1571	18.7078
ERR13927574.9434	1491	17.6405
ERR13927574.9435	1604	17.4613
ERR13927574.9436	1525	14.9744
ERR13927574.9437	1552	18.9478
ERR13927574.9438	1575	16.8152
ERR13927574.9439	1590	19.2522
ERR13927574.9440	1542	17.7017
ERR13927574.9441	1242	18.7721
ERR13927574.9442	1581	16.5693
ERR13927574.9443	1595	21.6533
ERR13927574.9444	1537	18.1243
ERR13927574.9445	1539	18.2196
ERR13927574.9446	1590	18.5075
ERR13927574.9447	1683	15.9471
ERR13927574.9448	1600	15.4194
ERR13927574.9449	1670	17.0449
ERR13927574.9450	1560	17.1603
ERR13927574.9451	1601	18.2611
ERR13927574.9452	1577	16.8827
ERR13927574.9453	1585	16.8069
ERR13927574.9454	1584	15.1894
ERR13927574.9455	1551	17.0103
ERR13927574.9456	1570	17.3038
ERR13927574.9457	1571	19.1700
ERR13927574.9458	1549	15.0200
ERR13927574.9459	1528	15.6224
ERR13927574.9460	1560	19.1346
ERR13927574.9461	3186	20.2207
ERR13927574.9462	1563	18.4415
ERR13927574.9463	1568	20.1550
ERR13927574.9464	1621	18.1820
ERR13927574.9465	1613	18.3931
ERR13927574.9466	1518	16.6515
ERR13927574.9467	1565	17.8019
ERR13927574.9468	1520	18.3125
ERR13927574.9469	1517	16.8088
ERR13927574.9470	1534	16.7080
ERR13927574.9471	1559	19.5298
ERR13927574.9472	1593	20.2404
ERR13927574.9473	1489	18.2821
ERR13927574.9474	1559	14.9076
ERR13927574.9475	1565	17.2684
ERR13927574.9476	1548	16.4205
ERR13927574.9477	1552	16.1849
ERR13927574.9478	1554	20.0656
ERR13927574.9479	1590	20.4365
ERR13927574.9480	1579	19.5035
ERR13927574.9481	1611	17.4879
ERR13927574.9482	1603	19.7885
ERR13927574.9483	180	15.3500
ERR13927574.9484	1591	18.9007
ERR13927574.9485	1555	17.8939
ERR13927574.9486	1540	14.7896
ERR13927574.9487	1617	19.5535
ERR13927574.9488	1520	16.9533
ERR13927574.9489	1590	17.4547
ERR13927574.9490	1584	19.1402
ERR13927574.9491	1568	19.3916
ERR13927574.9492	1547	18.0252
ERR13927574.9493	1581	15.6641
ERR13927574.9494	1541	17.4867
ERR13927574.9495	1514	17.2252
ERR13927574.9496	1310	16.9565
ERR13927574.9497	1590	17.3692
ERR13927574.9498	1551	17.8162
ERR13927574.9499	1568	19.6830
ERR13927574.9500	1613	19.1314
ERR13927574.9501	1586	21.1494
ERR13927574.9502	1584	18.1080
ERR13927574.9503	1583	19.9886
ERR13927574.9504	311	13.2958
ERR13927574.9505	1537	15.4912
ERR13927574.9506	1604	17.5480
ERR13927574.9507	1562	21.9565
ERR13927574.9508	1572	17.9268
ERR13927574.9509	1571	17.4952
ERR13927574.9510	1558	18.2458
ERR13927574.9511	1542	15.8307
ERR13927574.9512	1578	19.7079
ERR13927574.9513	1544	15.5006
ERR13927574.9514	1564	16.5882
ERR13927574.9515	1576	19.6485
ERR13927574.9516	1563	18.4005
ERR13927574.9517	1616	21.6399
ERR13927574.9518	1594	19.6518
ERR13927574.9519	1593	19.5938
ERR13927574.9520	1612	17.3151
ERR13927574.9521	1603	20.7293
ERR13927574.9522	1544	18.3038
ERR13927574.9523	1327	18.5207
ERR13927574.9524	1526	18.2936
ERR13927574.9525	1564	17.4853
ERR13927574.9526	1601	19.1543
ERR13927574.9527	1570	18.0229
ERR13927574.9528	1610	19.9938
ERR13927574.9529	1564	15.2832
ERR13927574.9530	1588	17.6348
ERR13927574.9531	1603	20.6868
ERR13927574.9532	1558	16.9268
ERR13927574.9533	1655	21.3637
ERR13927574.9534	1605	17.8841
ERR13927574.9535	1545	18.8809
ERR13927574.9536	1603	18.1079
ERR13927574.9537	1596	15.9643
ERR13927574.9538	1561	18.8123
ERR13927574.9539	1629	17.6593
ERR13927574.9540	1624	17.4711
ERR13927574.9541	1547	20.3988
ERR13927574.9542	1611	19.0677
ERR13927574.9543	1528	19.9457
ERR13927574.9544	1565	18.4550
ERR13927574.9545	1584	17.2866
ERR13927574.9546	1587	15.8381
ERR13927574.9547	1562	18.6063
ERR13927574.9548	1579	15.7454
ERR13927574.9549	1604	18.5536
ERR13927574.9550	3080	18.0364
ERR13927574.9551	1607	18.3379
ERR13927574.9552	1643	21.1461
ERR13927574.9553	1628	17.6695
ERR13927574.9554	1544	19.0881
ERR13927574.9555	1574	20.2853
ERR13927574.9556	1028	16.2636
ERR13927574.9557	1569	16.7400
ERR13927574.9558	1590	18.1648
ERR13927574.9559	1542	21.1971
ERR13927574.9560	1604	19.7300
ERR13927574.9561	1574	19.9733
ERR13927574.9562	1610	21.3584
ERR13927574.9563	1413	20.7381
ERR13927574.9564	1594	18.4730
ERR13927574.9565	1586	17.3127
ERR13927574.9566	1616	15.7908
ERR13927574.9567	1618	21.8844
ERR13927574.9568	1588	15.7513
ERR13927574.9569	1573	18.8182
ERR13927574.9570	1576	19.3503
ERR13927574.9571	1597	19.4026
ERR13927574.9572	1547	19.9328
ERR13927574.9573	1543	18.4601
ERR13927574.9574	1593	17.8977
ERR13927574.9575	1571	17.4055
ERR13927574.9576	1579	18.7131
ERR13927574.9577	1584	17.6604
ERR13927574.9578	1547	16.8959
ERR13927574.9579	1578	18.9607
ERR13927574.9580	858	19.4732
ERR13927574.9581	1594	18.6198
ERR13927574.9582	1568	19.4962
ERR13927574.9583	1546	14.3215
ERR13927574.9584	957	15.1546
ERR13927574.9585	1564	16.5914
ERR13927574.9586	1576	18.0070
ERR13927574.9587	1589	18.1290
ERR13927574.9588	1526	16.9332
ERR13927574.9589	1498	13.4793
ERR13927574.9590	1552	17.4059
ERR13927574.9591	1544	16.0557
ERR13927574.9592	1600	21.2694
ERR13927574.9593	1531	20.0771
ERR13927574.9594	1606	20.0654
ERR13927574.9595	1579	19.2008
ERR13927574.9596	1585	16.7148
ERR13927574.9597	1571	17.9096
ERR13927574.9598	1554	20.6338
ERR13927574.9599	1584	18.4356
ERR13927574.9600	1555	19.2965
ERR13927574.9601	1592	17.4165
ERR13927574.9602	1585	18.3420
ERR13927574.9603	1598	15.2209
ERR13927574.9604	705	14.4922
ERR13927574.9605	1562	17.4936
ERR13927574.9606	1621	19.7662
ERR13927574.9607	1610	19.2522
ERR13927574.9608	1600	18.9662
ERR13927574.9609	1593	21.6598
ERR13927574.9610	267	12.7978
ERR13927574.9611	1568	18.7985
ERR13927574.9612	1597	19.6894
ERR13927574.9613	1573	19.1685
ERR13927574.9614	1560	15.7160
ERR13927574.9615	1610	21.7727
ERR13927574.9616	1544	17.1477
ERR13927574.9617	1615	15.9108
ERR13927574.9618	1540	16.4740
ERR13927574.9619	1557	19.1188
ERR13927574.9620	1567	17.0523
ERR13927574.9621	1610	17.9851
ERR13927574.9622	1604	19.3909
ERR13927574.9623	1652	19.3196
ERR13927574.9624	1601	19.8145
ERR13927574.9625	1612	17.9795
ERR13927574.9626	1550	19.7981
ERR13927574.9627	1334	17.3583
ERR13927574.9628	1541	16.0779
ERR13927574.9629	1608	20.0429
ERR13927574.9630	1605	19.3502
ERR13927574.9631	1553	19.6021
ERR13927574.9632	1600	20.7494
ERR13927574.9633	1588	19.7500
ERR13927574.9634	1571	20.7530
ERR13927574.9635	1583	19.6810
ERR13927574.9636	1564	20.0448
ERR13927574.9637	1577	17.1306
ERR13927574.9638	1566	19.4860
ERR13927574.9639	1573	18.9015
ERR13927574.9640	1588	17.7028
ERR13927574.9641	1595	18.3116
ERR13927574.9642	1598	16.4675
ERR13927574.9643	1564	16.8549
ERR13927574.9644	1597	18.0708
ERR13927574.9645	1606	17.8238
ERR13927574.9646	1598	19.1683
ERR13927574.9647	1589	17.7363
ERR13927574.9648	1594	18.6123
ERR13927574.9649	1581	16.2258
ERR13927574.9650	1552	18.0831
ERR13927574.9651	1558	17.3325
ERR13927574.9652	1587	17.8904
ERR13927574.9653	1571	19.6295
ERR13927574.9654	1567	16.9311
ERR13927574.9655	1592	17.6577
ERR13927574.9656	1522	19.0256
ERR13927574.9657	1603	19.6407
ERR13927574.9658	1604	19.8036
ERR13927574.9659	1635	18.6006
ERR13927574.9660	1515	16.6363
ERR13927574.9661	1584	17.9602
ERR13927574.9662	1573	21.5652
ERR13927574.9663	1571	17.5570
ERR13927574.9664	1537	18.6109
ERR13927574.9665	1560	14.7295
ERR13927574.9666	1547	17.6341
ERR13927574.9667	1625	19.0148
ERR13927574.9668	1613	20.9783
ERR13927574.9669	1588	19.4540
ERR13927574.9670	1565	19.4812
ERR13927574.9671	1587	19.3768
ERR13927574.9672	1561	17.5669
ERR13927574.9673	1574	18.6792
ERR13927574.9674	1575	16.8006
ERR13927574.9675	1565	19.8345
ERR13927574.9676	1596	18.7957
ERR13927574.9677	1606	16.0778
ERR13927574.9678	1563	15.3884
ERR13927574.9679	1538	16.1307
ERR13927574.9680	1591	20.3111
ERR13927574.9681	1581	18.5876
ERR13927574.9682	1579	15.3952
ERR13927574.9683	1564	19.8012
ERR13927574.9684	1579	20.3813
ERR13927574.9685	1589	19.7565
ERR13927574.9686	1558	17.1335
ERR13927574.9687	1551	17.4449
ERR13927574.9688	1614	19.0787
ERR13927574.9689	1603	16.9264
ERR13927574.9690	1614	17.9486
ERR13927574.9691	1508	15.5199
ERR13927574.9692	1592	17.9014
ERR13927574.9693	1614	15.3736
ERR13927574.9694	1544	17.1775
ERR13927574.9695	1634	15.1750
ERR13927574.9696	1614	20.2162
ERR13927574.9697	1561	16.6111
ERR13927574.9698	1587	18.7713
ERR13927574.9699	1588	18.4339
ERR13927574.9700	1563	19.3640
ERR13927574.9701	1624	19.2143
ERR13927574.9702	1577	18.4864
ERR13927574.9703	248	20.2621
ERR13927574.9704	1614	16.8544
ERR13927574.9705	1593	18.0860
ERR13927574.9706	1530	13.5935
ERR13927574.9707	1612	19.9411
ERR13927574.9708	1559	17.3977
ERR13927574.9709	1598	20.3642
ERR13927574.9710	1575	17.4140
ERR13927574.9711	1599	20.1651
ERR13927574.9712	1539	18.6283
ERR13927574.9713	1656	20.2651
ERR13927574.9714	1608	16.1238
ERR13927574.9715	1592	17.4598
ERR13927574.9716	1593	22.0226
ERR13927574.9717	1748	15.0383
ERR13927574.9718	1579	13.8442
ERR13927574.9719	1578	22.0368
ERR13927574.9720	1612	19.3641
ERR13927574.9721	1577	21.2232
ERR13927574.9722	1609	19.7154
ERR13927574.9723	1604	19.5268
ERR13927574.9724	1531	18.0927
ERR13927574.9725	1179	15.2137
ERR13927574.9726	1559	19.1309
ERR13927574.9727	1577	21.0114
ERR13927574.9728	1595	17.2790
ERR13927574.9729	296	15.5304
ERR13927574.9730	1595	19.8677
ERR13927574.9731	1595	17.9210
ERR13927574.9732	1537	18.9863
ERR13927574.9733	1606	18.6401
ERR13927574.9734	1562	19.4795
ERR13927574.9735	1589	17.9465
ERR13927574.9736	1594	18.5144
ERR13927574.9737	1585	17.5779
ERR13927574.9738	1622	21.9174
ERR13927574.9739	1571	20.6773
ERR13927574.9740	1628	19.8612
ERR13927574.9741	1606	18.1183
ERR13927574.9742	1466	15.6542
ERR13927574.9743	1541	17.9130
ERR13927574.9744	1600	16.3269
ERR13927574.9745	1604	16.7855
ERR13927574.9746	1593	20.2605
ERR13927574.9747	1549	15.9535
ERR13927574.9748	1576	20.1003
ERR13927574.9749	1583	16.3007
ERR13927574.9750	1598	17.2478
ERR13927574.9751	1594	19.6161
ERR13927574.9752	1584	17.9287
ERR13927574.9753	1582	19.3780
ERR13927574.9754	1554	15.9884
ERR13927574.9755	1580	18.8791
ERR13927574.9756	1481	20.1492
ERR13927574.9757	1600	19.9563
ERR13927574.9758	1570	20.3758
ERR13927574.9759	1602	15.6130
ERR13927574.9760	1550	18.0658
ERR13927574.9761	1562	17.7260
ERR13927574.9762	1600	18.9825
ERR13927574.9763	1550	18.5858
ERR13927574.9764	1572	20.2621
ERR13927574.9765	1541	15.8157
ERR13927574.9766	1332	18.5293
ERR13927574.9767	1575	20.4895
ERR13927574.9768	1583	19.0714
ERR13927574.9769	1544	15.2215
ERR13927574.9770	1589	15.7225
ERR13927574.9771	1564	19.4533
ERR13927574.9772	1533	18.4227
ERR13927574.9773	1620	19.8321
ERR13927574.9774	1549	19.1782
ERR13927574.9775	1597	16.7270
ERR13927574.9776	1570	14.6573
ERR13927574.9777	1523	16.4636
ERR13927574.9778	1564	18.4930
ERR13927574.9779	1568	18.9617
ERR13927574.9780	1541	15.5055
ERR13927574.9781	1630	19.1908
ERR13927574.9782	1578	18.0577
ERR13927574.9783	1600	20.1788
ERR13927574.9784	1597	17.8647
ERR13927574.9785	1579	17.5130
ERR13927574.9786	1547	15.1286
ERR13927574.9787	1553	15.9865
ERR13927574.9788	1566	17.6686
ERR13927574.9789	1586	16.2554
ERR13927574.9790	1591	13.9120
ERR13927574.9791	1586	18.1456
ERR13927574.9792	1573	18.2556
ERR13927574.9793	1571	21.9395
ERR13927574.9794	1555	19.1023
ERR13927574.9795	1559	19.8050
ERR13927574.9796	3166	18.1055
ERR13927574.9797	458	14.0459
ERR13927574.9798	1554	19.8514
ERR13927574.9799	1561	17.7053
ERR13927574.9800	1598	13.8767
ERR13927574.9801	1569	18.1976
ERR13927574.9802	1435	15.1707
ERR13927574.9803	1564	15.8274
ERR13927574.9804	1567	17.4174
ERR13927574.9805	1529	16.0667
ERR13927574.9806	1610	17.8975
ERR13927574.9807	646	19.1440
ERR13927574.9808	1571	19.2820
ERR13927574.9809	581	16.2048
ERR13927574.9810	1571	19.3902
ERR13927574.9811	1587	16.5217
ERR13927574.9812	1575	20.3333
ERR13927574.9813	1573	19.0407
ERR13927574.9814	1563	16.2956
ERR13927574.9815	1534	19.5919
ERR13927574.9816	1586	22.2598
ERR13927574.9817	1541	19.4588
ERR13927574.9818	1567	18.4244
ERR13927574.9819	1629	18.3714
ERR13927574.9820	1563	19.3033
ERR13927574.9821	1570	18.1962
ERR13927574.9822	1563	16.3097
ERR13927574.9823	1602	18.2347
ERR13927574.9824	1539	16.5237
ERR13927574.9825	1531	17.7655
ERR13927574.9826	1576	17.2138
ERR13927574.9827	1590	15.1704
ERR13927574.9828	1562	20.2535
ERR13927574.9829	1553	19.6066
ERR13927574.9830	1565	18.5361
ERR13927574.9831	1597	18.0971
ERR13927574.9832	1540	18.3506
ERR13927574.9833	1544	15.6820
ERR13927574.9834	1553	18.5898
ERR13927574.9835	1651	18.0206
ERR13927574.9836	1544	18.1742
ERR13927574.9837	1555	17.9878
ERR13927574.9838	1596	19.9887
ERR13927574.9839	1510	18.4709
ERR13927574.9840	1561	18.1499
ERR13927574.9841	1580	19.5304
ERR13927574.9842	1532	15.4295
ERR13927574.9843	1575	19.6749
ERR13927574.9844	1568	15.6696
ERR13927574.9845	1602	16.7859
ERR13927574.9846	1557	19.2781
ERR13927574.9847	1580	15.7962
ERR13927574.9848	1575	19.0559
ERR13927574.9849	1565	16.1911
ERR13927574.9850	1578	15.2896
ERR13927574.9851	1553	16.8989
ERR13927574.9852	1595	16.7361
ERR13927574.9853	1573	19.8729
ERR13927574.9854	1631	19.4004
ERR13927574.9855	1594	16.5772
ERR13927574.9856	1524	15.3898
ERR13927574.9857	1600	17.8475
ERR13927574.9858	1620	18.8426
ERR13927574.9859	1128	18.4867
ERR13927574.9860	1587	18.6150
ERR13927574.9861	1550	21.7968
ERR13927574.9862	1565	15.5942
ERR13927574.9863	1599	19.6417
ERR13927574.9864	166	16.7530
ERR13927574.9865	1516	15.7065
ERR13927574.9866	1540	18.5266
ERR13927574.9867	1546	16.1048
ERR13927574.9868	1589	15.7067
ERR13927574.9869	1590	18.9396
ERR13927574.9870	1587	18.2224
ERR13927574.9871	1564	17.7519
ERR13927574.9872	1550	20.3490
ERR13927574.9873	1754	20.9498
ERR13927574.9874	1592	18.2337
ERR13927574.9875	1601	18.5047
ERR13927574.9876	1566	15.2918
ERR13927574.9877	1544	16.7422
ERR13927574.9878	1604	18.7774
ERR13927574.9879	1515	15.5611
ERR13927574.9880	1571	19.0019
ERR13927574.9881	1568	16.9630
ERR13927574.9882	1577	19.2746
ERR13927574.9883	1542	19.2717
ERR13927574.9884	1581	18.7356
ERR13927574.9885	1564	20.2206
ERR13927574.9886	1515	15.9406
ERR13927574.9887	1580	17.3361
ERR13927574.9888	1019	18.6183
ERR13927574.9889	1609	19.1572
ERR13927574.9890	1562	19.5480
ERR13927574.9891	1576	17.5609
ERR13927574.9892	1556	18.4030
ERR13927574.9893	1579	19.3540
ERR13927574.9894	1587	19.9729
ERR13927574.9895	1574	18.8342
ERR13927574.9896	1190	14.7966
ERR13927574.9897	1577	20.4724
ERR13927574.9898	1561	14.0922
ERR13927574.9899	1562	17.8867
ERR13927574.9900	1519	16.8874
ERR13927574.9901	1592	17.5735
ERR13927574.9902	1576	19.6694
ERR13927574.9903	927	15.0173
ERR13927574.9904	1585	18.2536
ERR13927574.9905	1535	15.1557
ERR13927574.9906	1580	17.5114
ERR13927574.9907	1546	15.7089
ERR13927574.9908	1592	15.7820
ERR13927574.9909	1596	17.4398
ERR13927574.9910	1577	19.7540
ERR13927574.9911	1562	16.2759
ERR13927574.9912	1562	19.6511
ERR13927574.9913	1551	19.0451
ERR13927574.9914	1587	14.8324
ERR13927574.9915	1489	14.9416
ERR13927574.9916	1606	19.6955
ERR13927574.9917	1555	18.5023
ERR13927574.9918	1546	16.3221
ERR13927574.9919	1574	16.7548
ERR13927574.9920	1520	16.2020
ERR13927574.9921	1581	18.9108
ERR13927574.9922	1534	18.9772
ERR13927574.9923	1559	17.0128
ERR13927574.9924	1548	18.1686
ERR13927574.9925	1570	20.6146
ERR13927574.9926	1581	15.6584
ERR13927574.9927	1630	20.5742
ERR13927574.9928	1488	18.5020
ERR13927574.9929	1559	18.5311
ERR13927574.9930	1561	19.5669
ERR13927574.9931	1538	18.2978
ERR13927574.9932	1587	22.0895
ERR13927574.9933	1563	15.2182
ERR13927574.9934	1623	18.5132
ERR13927574.9935	1581	19.8577
ERR13927574.9936	1568	17.6537
ERR13927574.9937	1574	17.2668
ERR13927574.9938	1578	22.2300
ERR13927574.9939	1542	17.8171
ERR13927574.9940	1567	15.0466
ERR13927574.9941	1550	19.4058
ERR13927574.9942	1524	17.0322
ERR13927574.9943	1554	18.0116
ERR13927574.9944	1564	15.3101
ERR13927574.9945	1608	18.2475
ERR13927574.9946	1604	18.6789
ERR13927574.9947	1558	17.3511
ERR13927574.9948	1556	18.2937
ERR13927574.9949	1557	14.2717
ERR13927574.9950	1600	15.5325
ERR13927574.9951	1555	17.7704
ERR13927574.9952	1628	18.0313
ERR13927574.9953	1606	19.1102
ERR13927574.9954	1530	14.8013
ERR13927574.9955	1537	14.7742
ERR13927574.9956	1529	14.2374
ERR13927574.9957	1606	19.9222
ERR13927574.9958	1579	18.6631
ERR13927574.9959	1596	15.1303
ERR13927574.9960	1578	15.0589
ERR13927574.9961	1565	22.8927
ERR13927574.9962	1555	18.5588
ERR13927574.9963	1574	18.2598
ERR13927574.9964	1747	16.4087
ERR13927574.9965	1561	16.7854
ERR13927574.9966	1564	20.3555
ERR13927574.9967	1552	16.5818
ERR13927574.9968	1576	18.2088
ERR13927574.9969	1574	21.6366
ERR13927574.9970	1541	15.4465
ERR13927574.9971	1529	17.7659
ERR13927574.9972	1576	17.3027
ERR13927574.9973	1577	17.7102
ERR13927574.9974	1586	18.3115
ERR13927574.9975	1448	15.6430
ERR13927574.9976	1575	20.2362
ERR13927574.9977	1602	19.7615
ERR13927574.9978	1215	19.6041
ERR13927574.9979	1569	18.2148
ERR13927574.9980	1570	17.0357
ERR13927574.9981	1592	17.8348
ERR13927574.9982	1627	17.4100
ERR13927574.9983	1510	15.9152
ERR13927574.9984	1588	19.1732
ERR13927574.9985	1549	17.4745
ERR13927574.9986	1554	17.3134
ERR13927574.9987	1540	15.5403
ERR13927574.9988	1538	14.7666
ERR13927574.9989	1569	18.0147
ERR13927574.9990	1544	17.0965
ERR13927574.9991	1578	22.6863
ERR13927574.9992	1602	19.0861
ERR13927574.9993	1584	15.4205
ERR13927574.9994	1591	19.5569
ERR13927574.9995	1535	15.3055
ERR13927574.9996	1567	18.3178
ERR13927574.9997	1601	16.3092
ERR13927574.9998	1602	17.8951
ERR13927574.9999	1568	15.3667
ERR13927574.10000	1580	18.1025
ERR13927574.10001	1581	18.4339
ERR13927574.10002	1562	19.7759
ERR13927574.10003	1555	17.9910
ERR13927574.10004	1588	19.1562
ERR13927574.10005	1594	18.2026
ERR13927574.10006	1531	17.7100
ERR13927574.10007	1588	18.1971
ERR13927574.10008	1546	16.5770
ERR13927574.10009	1522	17.7871
ERR13927574.10010	1593	17.4300
ERR13927574.10011	1604	20.3373
ERR13927574.10012	1607	20.1294
ERR13927574.10013	1592	18.6131
ERR13927574.10014	1588	17.5435
ERR13927574.10015	1584	17.4867
ERR13927574.10016	1588	17.2903
ERR13927574.10017	1560	19.6147
ERR13927574.10018	1597	16.0257
ERR13927574.10019	1513	16.0456
ERR13927574.10020	517	14.3017
ERR13927574.10021	1548	17.9276
ERR13927574.10022	1586	20.5158
ERR13927574.10023	1579	17.7600
ERR13927574.10024	1489	14.7233
ERR13927574.10025	1585	18.1659
ERR13927574.10026	1505	17.1017
ERR13927574.10027	1493	16.8446
ERR13927574.10028	1486	15.3775
ERR13927574.10029	1598	18.4581
ERR13927574.10030	1575	14.8610
ERR13927574.10031	1613	21.8369
ERR13927574.10032	1603	18.5471
ERR13927574.10033	1612	17.9262
ERR13927574.10034	1576	20.0374
ERR13927574.10035	1546	15.6164
ERR13927574.10036	1572	18.8594
ERR13927574.10037	1582	18.8274
ERR13927574.10038	1577	17.5694
ERR13927574.10039	1560	20.1096
ERR13927574.10040	1566	16.2139
ERR13927574.10041	1574	16.1112
ERR13927574.10042	1537	18.5582
ERR13927574.10043	1581	16.7533
ERR13927574.10044	1562	17.6319
ERR13927574.10045	1567	15.1066
ERR13927574.10046	1606	19.7453
ERR13927574.10047	1638	16.2387
ERR13927574.10048	1554	18.2671
ERR13927574.10049	1549	19.6946
ERR13927574.10050	1521	16.6851
ERR13927574.10051	1585	18.6719
ERR13927574.10052	1562	19.6376
ERR13927574.10053	1590	20.4440
ERR13927574.10054	1567	18.2508
ERR13927574.10055	1567	16.0504
ERR13927574.10056	1621	18.8846
ERR13927574.10057	1565	19.7764
ERR13927574.10058	1616	19.6590
ERR13927574.10059	1571	17.6066
ERR13927574.10060	1504	16.0020
ERR13927574.10061	1474	16.7185
ERR13927574.10062	1534	13.7992
ERR13927574.10063	1610	17.9062
ERR13927574.10064	1571	16.3138
ERR13927574.10065	1325	18.3253
ERR13927574.10066	1568	17.6524
ERR13927574.10067	1571	18.8829
ERR13927574.10068	1566	18.8646
ERR13927574.10069	1596	17.9530
ERR13927574.10070	1561	18.7822
ERR13927574.10071	1567	19.7288
ERR13927574.10072	1593	17.2210
ERR13927574.10073	1562	15.4597
ERR13927574.10074	1563	18.6596
ERR13927574.10075	1560	20.5224
ERR13927574.10076	1605	19.2031
ERR13927574.10077	1587	20.2924
ERR13927574.10078	1593	17.2505
ERR13927574.10079	1580	15.0329
ERR13927574.10080	1568	17.4324
ERR13927574.10081	1581	16.3422
ERR13927574.10082	1584	17.3283
ERR13927574.10083	1553	17.7585
ERR13927574.10084	1564	18.2251
ERR13927574.10085	1562	15.3163
ERR13927574.10086	1586	18.9155
ERR13927574.10087	1587	17.7297
ERR13927574.10088	1575	16.7721
ERR13927574.10089	1572	16.6788
ERR13927574.10090	1612	18.4578
ERR13927574.10091	1580	16.2203
ERR13927574.10092	1601	16.5996
ERR13927574.10093	1563	18.0685
ERR13927574.10094	1561	16.6528
ERR13927574.10095	1605	18.7022
ERR13927574.10096	1602	17.3346
ERR13927574.10097	1542	15.6764
ERR13927574.10098	1551	16.9703
ERR13927574.10099	1598	18.2735
ERR13927574.10100	1589	19.9119
ERR13927574.10101	1587	17.8620
ERR13927574.10102	1540	19.2383
ERR13927574.10103	1563	16.8906
ERR13927574.10104	1528	18.1904
ERR13927574.10105	1521	17.4221
ERR13927574.10106	1560	20.0160
ERR13927574.10107	1523	19.3506
ERR13927574.10108	1597	16.3093
ERR13927574.10109	601	20.7171
ERR13927574.10110	1497	16.1436
ERR13927574.10111	986	14.8580
ERR13927574.10112	1711	17.0321
ERR13927574.10113	287	16.7108
ERR13927574.10114	1516	17.3179
ERR13927574.10115	1572	16.9784
ERR13927574.10116	1538	16.3544
ERR13927574.10117	1601	18.2536
ERR13927574.10118	1592	19.2619
ERR13927574.10119	1625	14.0683
ERR13927574.10120	1617	18.7588
ERR13927574.10121	1607	21.2022
ERR13927574.10122	1555	17.5325
ERR13927574.10123	1564	18.9776
ERR13927574.10124	1553	14.2704
ERR13927574.10125	830	15.1108
ERR13927574.10126	1560	17.2590
ERR13927574.10127	1560	18.3397
ERR13927574.10128	1556	17.7410
ERR13927574.10129	1536	18.0306
ERR13927574.10130	1594	17.8996
ERR13927574.10131	1529	17.9581
ERR13927574.10132	1592	20.2971
ERR13927574.10133	1561	19.1499
ERR13927574.10134	1586	15.2982
ERR13927574.10135	1571	20.0700
ERR13927574.10136	1568	15.4279
ERR13927574.10137	1564	20.4572
ERR13927574.10138	1574	13.5413
ERR13927574.10139	1551	15.5235
ERR13927574.10140	1589	16.2133
ERR13927574.10141	1758	17.3419
ERR13927574.10142	1642	17.7217
ERR13927574.10143	1553	16.6626
ERR13927574.10144	1590	17.5698
ERR13927574.10145	1593	15.2216
ERR13927574.10146	1575	14.9283
ERR13927574.10147	1586	18.3619
ERR13927574.10148	1554	14.4607
ERR13927574.10149	1553	18.3567
ERR13927574.10150	1557	19.1760
ERR13927574.10151	1536	18.6999
ERR13927574.10152	1691	17.1189
ERR13927574.10153	1583	20.6298
ERR13927574.10154	1586	16.8512
ERR13927574.10155	1597	21.1741
ERR13927574.10156	1576	17.2329
ERR13927574.10157	1580	17.5823
ERR13927574.10158	1548	18.5517
ERR13927574.10159	215	18.3488
ERR13927574.10160	1510	19.1609
ERR13927574.10161	1571	19.9637
ERR13927574.10162	1218	17.2570
ERR13927574.10163	1571	21.7307
ERR13927574.10164	240	13.9042
ERR13927574.10165	1559	19.3823
ERR13927574.10166	1567	16.2151
ERR13927574.10167	1550	19.4852
ERR13927574.10168	1588	18.1461
ERR13927574.10169	1602	20.5443
ERR13927574.10170	1635	14.8416
ERR13927574.10171	1559	18.9775
ERR13927574.10172	1601	14.0700
ERR13927574.10173	1579	19.5123
ERR13927574.10174	1557	19.3751
ERR13927574.10175	1594	19.8896
ERR13927574.10176	1521	16.0565
ERR13927574.10177	1611	15.4016
ERR13927574.10178	1568	17.0274
ERR13927574.10179	1551	16.8852
ERR13927574.10180	1546	18.7529
ERR13927574.10181	1599	18.3583
ERR13927574.10182	1563	15.8586
ERR13927574.10183	1567	19.3516
ERR13927574.10184	1596	14.8885
ERR13927574.10185	1566	20.4349
ERR13927574.10186	1600	18.0106
ERR13927574.10187	1563	20.0301
ERR13927574.10188	1557	19.1162
ERR13927574.10189	1510	15.9179
ERR13927574.10190	1589	21.4386
ERR13927574.10191	1556	16.4749
ERR13927574.10192	1609	18.0901
ERR13927574.10193	1587	16.3239
ERR13927574.10194	1581	15.5927
ERR13927574.10195	1538	15.3192
ERR13927574.10196	1559	19.1232
ERR13927574.10197	1590	16.8208
ERR13927574.10198	1544	15.8750
ERR13927574.10199	1488	15.6935
ERR13927574.10200	1602	16.1461
ERR13927574.10201	1582	18.1372
ERR13927574.10202	1554	20.2941
ERR13927574.10203	1602	17.7179
ERR13927574.10204	1582	20.3470
ERR13927574.10205	1544	19.7157
ERR13927574.10206	1521	15.4484
ERR13927574.10207	703	17.9602
ERR13927574.10208	1410	18.7986
ERR13927574.10209	1601	19.9688
ERR13927574.10210	1536	15.8014
ERR13927574.10211	1594	17.0477
ERR13927574.10212	1598	16.3573
ERR13927574.10213	1536	17.1784
ERR13927574.10214	1543	15.8017
ERR13927574.10215	1589	18.4216
ERR13927574.10216	1572	17.8779
ERR13927574.10217	1580	18.2981
ERR13927574.10218	1578	17.5355
ERR13927574.10219	1547	17.6968
ERR13927574.10220	1610	19.4025
ERR13927574.10221	1706	17.1864
ERR13927574.10222	1546	17.3655
ERR13927574.10223	1576	17.3401
ERR13927574.10224	1572	15.1062
ERR13927574.10225	1577	17.6779
ERR13927574.10226	1591	17.3250
ERR13927574.10227	1575	21.9924
ERR13927574.10228	1563	18.9866
ERR13927574.10229	1612	18.4696
ERR13927574.10230	1559	18.3560
ERR13927574.10231	1568	19.4292
ERR13927574.10232	1497	19.1383
ERR13927574.10233	1691	17.3389
ERR13927574.10234	1618	18.3918
ERR13927574.10235	1570	22.4522
ERR13927574.10236	1578	16.6584
ERR13927574.10237	1695	17.7534
ERR13927574.10238	1552	15.8099
ERR13927574.10239	1564	18.3357
ERR13927574.10240	1585	19.4833
ERR13927574.10241	1569	20.4461
ERR13927574.10242	1337	15.0770
ERR13927574.10243	1527	16.5665
ERR13927574.10244	1612	19.5118
ERR13927574.10245	1578	20.4170
ERR13927574.10246	1553	15.2582
ERR13927574.10247	1535	17.1453
ERR13927574.10248	1570	19.7013
ERR13927574.10249	1547	15.1616
ERR13927574.10250	1616	19.6801
ERR13927574.10251	1560	18.0353
ERR13927574.10252	1580	18.1392
ERR13927574.10253	1546	20.1255
ERR13927574.10254	1357	19.6124
ERR13927574.10255	1562	16.6370
ERR13927574.10256	1589	16.1617
ERR13927574.10257	1591	17.8202
ERR13927574.10258	1600	16.5587
ERR13927574.10259	1579	19.7137
ERR13927574.10260	1608	17.6107
ERR13927574.10261	1593	20.0377
ERR13927574.10262	1565	18.1872
ERR13927574.10263	1497	15.8824
ERR13927574.10264	1577	16.3202
ERR13927574.10265	1536	14.2363
ERR13927574.10266	1562	19.4052
ERR13927574.10267	1520	18.2612
ERR13927574.10268	1588	14.7840
ERR13927574.10269	1527	17.5416
ERR13927574.10270	1532	14.9523
ERR13927574.10271	1602	19.5762
ERR13927574.10272	1543	18.6714
ERR13927574.10273	1566	17.7063
ERR13927574.10274	1545	15.3016
ERR13927574.10275	1545	17.9249
ERR13927574.10276	1530	18.0327
ERR13927574.10277	1559	16.3008
ERR13927574.10278	1531	18.7231
ERR13927574.10279	1592	17.6608
ERR13927574.10280	1621	15.0216
ERR13927574.10281	1534	17.3833
ERR13927574.10282	1570	18.8484
ERR13927574.10283	1591	18.7454
ERR13927574.10284	295	11.9322
ERR13927574.10285	1568	15.1416
ERR13927574.10286	768	15.1888
ERR13927574.10287	1553	19.3973
ERR13927574.10288	1611	16.5692
ERR13927574.10289	1561	18.2383
ERR13927574.10290	1587	17.5381
ERR13927574.10291	1582	18.2383
ERR13927574.10292	1546	18.5019
ERR13927574.10293	1601	21.1380
ERR13927574.10294	1586	18.9325
ERR13927574.10295	1605	15.6660
ERR13927574.10296	1614	16.9151
ERR13927574.10297	1595	17.9204
ERR13927574.10298	1576	19.2189
ERR13927574.10299	1545	15.5599
ERR13927574.10300	1530	18.7660
ERR13927574.10301	1561	18.5894
ERR13927574.10302	1615	16.5938
ERR13927574.10303	1589	15.9509
ERR13927574.10304	1571	17.5767
ERR13927574.10305	1548	15.9729
ERR13927574.10306	500	15.2700
ERR13927574.10307	1548	15.5963
ERR13927574.10308	1604	16.8660
ERR13927574.10309	1588	17.5176
ERR13927574.10310	1587	17.9987
ERR13927574.10311	1620	19.9728
ERR13927574.10312	1557	18.4213
ERR13927574.10313	1596	16.0132
ERR13927574.10314	1613	20.1922
ERR13927574.10315	1566	17.6009
ERR13927574.10316	1540	17.8838
ERR13927574.10317	1575	14.1416
ERR13927574.10318	1565	16.3246
ERR13927574.10319	1515	15.2383
ERR13927574.10320	1560	16.6923
ERR13927574.10321	927	15.9579
ERR13927574.10322	1552	17.4601
ERR13927574.10323	1567	15.3057
ERR13927574.10324	1521	17.3445
ERR13927574.10325	1602	16.1436
ERR13927574.10326	1542	16.1323
ERR13927574.10327	1562	15.7695
ERR13927574.10328	1565	16.5815
ERR13927574.10329	1538	17.5579
ERR13927574.10330	1611	17.1409
ERR13927574.10331	1582	17.6833
ERR13927574.10332	1581	19.2423
ERR13927574.10333	384	13.5755
ERR13927574.10334	1551	14.7679
ERR13927574.10335	1579	17.9335
ERR13927574.10336	1540	14.9286
ERR13927574.10337	1588	17.5674
ERR13927574.10338	1594	18.0332
ERR13927574.10339	1536	14.6680
ERR13927574.10340	1603	17.9139
ERR13927574.10341	1507	20.8301
ERR13927574.10342	1583	18.6222
ERR13927574.10343	1596	17.2074
ERR13927574.10344	1550	19.4342
ERR13927574.10345	1591	19.4859
ERR13927574.10346	1577	14.5694
ERR13927574.10347	1455	15.6027
ERR13927574.10348	1602	18.4307
ERR13927574.10349	1517	15.4133
ERR13927574.10350	1387	15.0433
ERR13927574.10351	1564	15.6029
ERR13927574.10352	1564	19.7615
ERR13927574.10353	1557	20.9024
ERR13927574.10354	435	13.8161
ERR13927574.10355	1586	17.8625
ERR13927574.10356	1580	17.9608
ERR13927574.10357	1580	18.0500
ERR13927574.10358	1544	19.5052
ERR13927574.10359	1555	19.8939
ERR13927574.10360	1568	17.0051
ERR13927574.10361	1546	15.3648
ERR13927574.10362	1600	19.0287
ERR13927574.10363	1572	17.4491
ERR13927574.10364	1587	17.8828
ERR13927574.10365	1604	17.2874
ERR13927574.10366	1572	18.5216
ERR13927574.10367	1590	14.2824
ERR13927574.10368	1582	13.7718
ERR13927574.10369	1557	18.3558
ERR13927574.10370	1399	16.6619
ERR13927574.10371	1566	18.0268
ERR13927574.10372	1605	19.3364
ERR13927574.10373	1568	15.4381
ERR13927574.10374	1522	14.5315
ERR13927574.10375	1607	18.5401
ERR13927574.10376	1554	16.6512
ERR13927574.10377	1559	19.2893
ERR13927574.10378	1539	15.2326
ERR13927574.10379	1563	18.9738
ERR13927574.10380	1537	16.0911
ERR13927574.10381	1557	18.4644
ERR13927574.10382	1612	19.3921
ERR13927574.10383	1554	18.7664
ERR13927574.10384	1552	16.7339
ERR13927574.10385	1470	17.2449
ERR13927574.10386	1572	19.9911
ERR13927574.10387	1542	17.6388
ERR13927574.10388	1528	18.4876
ERR13927574.10389	1594	18.5194
ERR13927574.10390	1592	20.3461
ERR13927574.10391	1554	19.8906
ERR13927574.10392	1583	19.6222
ERR13927574.10393	1401	15.5931
ERR13927574.10394	1608	18.1723
ERR13927574.10395	1525	19.6184
ERR13927574.10396	1609	15.2157
ERR13927574.10397	1583	19.3165
ERR13927574.10398	1590	19.3491
ERR13927574.10399	1563	18.3077
ERR13927574.10400	1568	18.7366
ERR13927574.10401	1555	20.2392
ERR13927574.10402	1602	18.1966
ERR13927574.10403	1553	14.9987
ERR13927574.10404	1535	20.0554
ERR13927574.10405	1542	15.8093
ERR13927574.10406	1560	18.2782
ERR13927574.10407	1598	18.7078
ERR13927574.10408	1559	18.2707
ERR13927574.10409	1586	16.6526
ERR13927574.10410	1585	19.8246
ERR13927574.10411	1593	20.0220
ERR13927574.10412	1569	18.9841
ERR13927574.10413	1572	18.6813
ERR13927574.10414	1535	20.0860
ERR13927574.10415	1585	15.3640
ERR13927574.10416	1594	19.0715
ERR13927574.10417	1551	17.6776
ERR13927574.10418	1561	20.1896
ERR13927574.10419	1621	20.8902
ERR13927574.10420	292	16.2979
ERR13927574.10421	1591	20.5669
ERR13927574.10422	1582	17.2939
ERR13927574.10423	1591	18.1194
ERR13927574.10424	1616	20.4889
ERR13927574.10425	1549	20.0730
ERR13927574.10426	1564	19.1458
ERR13927574.10427	1568	20.8705
ERR13927574.10428	1581	16.3055
ERR13927574.10429	1602	16.5524
ERR13927574.10430	1595	19.8564
ERR13927574.10431	1609	16.5289
ERR13927574.10432	1598	17.5144
ERR13927574.10433	1563	20.3736
ERR13927574.10434	1568	16.8941
ERR13927574.10435	1604	21.9289
ERR13927574.10436	1570	17.2860
ERR13927574.10437	1573	21.2053
ERR13927574.10438	1618	21.3356
ERR13927574.10439	1511	16.6598
ERR13927574.10440	1602	20.6835
ERR13927574.10441	1554	17.0656
ERR13927574.10442	1580	21.5241
ERR13927574.10443	1548	18.9386
ERR13927574.10444	1570	19.8064
ERR13927574.10445	1544	18.0291
ERR13927574.10446	1606	17.1389
ERR13927574.10447	1545	16.7579
ERR13927574.10448	1616	17.1405
ERR13927574.10449	1529	16.9353
ERR13927574.10450	1551	14.9723
ERR13927574.10451	1555	18.6952
ERR13927574.10452	594	15.5774
ERR13927574.10453	1586	19.4388
ERR13927574.10454	1563	21.3506
ERR13927574.10455	1615	20.2180
ERR13927574.10456	1568	16.3348
ERR13927574.10457	1566	18.5747
ERR13927574.10458	1550	17.9361
ERR13927574.10459	1554	17.4299
ERR13927574.10460	1556	20.3136
ERR13927574.10461	1604	19.2625
ERR13927574.10462	1586	16.3909
ERR13927574.10463	1592	18.0609
ERR13927574.10464	1556	19.8265
ERR13927574.10465	1565	19.8518
ERR13927574.10466	1557	17.1689
ERR13927574.10467	1566	17.2656
ERR13927574.10468	1550	20.0723
ERR13927574.10469	1568	18.4024
ERR13927574.10470	1728	19.1186
ERR13927574.10471	1563	17.4344
ERR13927574.10472	1630	19.1521
ERR13927574.10473	1554	17.4376
ERR13927574.10474	1623	22.1516
ERR13927574.10475	1610	18.9155
ERR13927574.10476	1569	17.2556
ERR13927574.10477	1616	20.6652
ERR13927574.10478	1303	17.5940
ERR13927574.10479	1611	14.9441
ERR13927574.10480	1589	17.1510
ERR13927574.10481	1583	16.7385
ERR13927574.10482	1570	18.4452
ERR13927574.10483	1601	17.7751
ERR13927574.10484	1565	21.0518
ERR13927574.10485	1590	20.8761
ERR13927574.10486	1539	19.9311
ERR13927574.10487	1567	16.9879
ERR13927574.10488	1526	19.6809
ERR13927574.10489	1700	15.8247
ERR13927574.10490	1590	15.8881
ERR13927574.10491	1585	19.5565
ERR13927574.10492	1600	19.0756
ERR13927574.10493	1615	14.8867
ERR13927574.10494	1609	18.4307
ERR13927574.10495	1194	20.8987
ERR13927574.10496	1598	19.7340
ERR13927574.10497	1553	19.4997
ERR13927574.10498	1559	17.6209
ERR13927574.10499	1610	20.2422
ERR13927574.10500	1577	19.4122
ERR13927574.10501	1572	21.7939
ERR13927574.10502	1578	20.8961
ERR13927574.10503	1591	15.9397
ERR13927574.10504	1605	17.2100
ERR13927574.10505	1587	15.1771
ERR13927574.10506	1577	19.2739
ERR13927574.10507	1584	15.8883
ERR13927574.10508	1606	14.1270
ERR13927574.10509	1620	16.5235
ERR13927574.10510	1584	19.4823
ERR13927574.10511	1469	14.7815
ERR13927574.10512	1507	16.3437
ERR13927574.10513	1559	20.0872
ERR13927574.10514	1607	16.8058
ERR13927574.10515	1578	18.1996
ERR13927574.10516	1600	14.8550
ERR13927574.10517	1576	15.9784
ERR13927574.10518	1589	19.2744
ERR13927574.10519	1630	20.1196
ERR13927574.10520	1571	18.0095
ERR13927574.10521	1558	15.4519
ERR13927574.10522	1605	17.2816
ERR13927574.10523	1596	19.1535
ERR13927574.10524	1540	14.4773
ERR13927574.10525	1565	17.3419
ERR13927574.10526	1602	17.6442
ERR13927574.10527	1571	18.8294
ERR13927574.10528	1552	17.0052
ERR13927574.10529	1549	17.3622
ERR13927574.10530	1561	16.9225
ERR13927574.10531	1517	16.7601
ERR13927574.10532	1612	17.0006
ERR13927574.10533	1591	21.5475
ERR13927574.10534	1556	21.1870
ERR13927574.10535	1564	15.0160
ERR13927574.10536	1569	17.0892
ERR13927574.10537	1592	15.6514
ERR13927574.10538	1621	20.0617
ERR13927574.10539	1604	18.0087
ERR13927574.10540	1581	14.1031
ERR13927574.10541	1574	16.2236
ERR13927574.10542	1564	20.1848
ERR13927574.10543	1571	16.5646
ERR13927574.10544	1546	17.1281
ERR13927574.10545	1561	19.7008
ERR13927574.10546	1525	17.5128
ERR13927574.10547	1592	19.8989
ERR13927574.10548	1558	18.8132
ERR13927574.10549	1572	15.9809
ERR13927574.10550	1564	20.4898
ERR13927574.10551	1576	16.8699
ERR13927574.10552	1596	17.9054
ERR13927574.10553	1637	16.4472
ERR13927574.10554	1561	19.6099
ERR13927574.10555	1589	20.0818
ERR13927574.10556	1561	18.5612
ERR13927574.10557	1601	20.0968
ERR13927574.10558	1587	20.1500
ERR13927574.10559	1573	17.0318
ERR13927574.10560	1606	15.6557
ERR13927574.10561	1582	17.3255
ERR13927574.10562	1598	18.9925
ERR13927574.10563	3162	18.9677
ERR13927574.10564	1621	19.0925
ERR13927574.10565	1614	18.2057
ERR13927574.10566	1585	20.8177
ERR13927574.10567	1583	19.9507
ERR13927574.10568	1570	17.2732
ERR13927574.10569	1593	16.0389
ERR13927574.10570	1605	20.1950
ERR13927574.10571	1562	20.6152
ERR13927574.10572	1589	18.9169
ERR13927574.10573	1602	17.0481
ERR13927574.10574	1598	17.5188
ERR13927574.10575	1553	19.4630
ERR13927574.10576	1589	18.4720
ERR13927574.10577	1439	18.0403
ERR13927574.10578	1641	19.3035
ERR13927574.10579	1546	17.1895
ERR13927574.10580	1534	19.3768
ERR13927574.10581	1599	18.7755
ERR13927574.10582	1587	16.0126
ERR13927574.10583	1627	19.7222
ERR13927574.10584	1608	16.2662
ERR13927574.10585	1611	17.9379
ERR13927574.10586	1556	17.9582
ERR13927574.10587	1578	16.9816
ERR13927574.10588	1592	16.6193
ERR13927574.10589	1555	15.9421
ERR13927574.10590	1621	16.7532
ERR13927574.10591	1559	21.1790
ERR13927574.10592	1563	15.3340
ERR13927574.10593	1597	18.9004
ERR13927574.10594	1515	15.8647
ERR13927574.10595	1588	18.5044
ERR13927574.10596	1568	20.7946
ERR13927574.10597	1608	18.6760
ERR13927574.10598	1577	19.6785
ERR13927574.10599	1609	21.1200
ERR13927574.10600	1572	15.9319
ERR13927574.10601	1552	16.4536
ERR13927574.10602	1620	18.0975
ERR13927574.10603	602	15.4950
ERR13927574.10604	1591	20.0082
ERR13927574.10605	1603	17.6419
ERR13927574.10606	1553	16.0683
ERR13927574.10607	1556	15.9338
ERR13927574.10608	1576	14.9746
ERR13927574.10609	1566	18.6980
ERR13927574.10610	1549	14.5642
ERR13927574.10611	1544	19.8005
ERR13927574.10612	1541	16.4387
ERR13927574.10613	1544	16.2008
ERR13927574.10614	1601	17.9107
ERR13927574.10615	1570	17.4752
ERR13927574.10616	1594	18.7371
ERR13927574.10617	1574	17.2058
ERR13927574.10618	1609	20.5892
ERR13927574.10619	1566	16.8442
ERR13927574.10620	1580	18.7861
ERR13927574.10621	1619	21.1118
ERR13927574.10622	1581	20.2176
ERR13927574.10623	1582	19.0689
ERR13927574.10624	1580	18.3475
ERR13927574.10625	1570	22.2809
ERR13927574.10626	1618	18.3455
ERR13927574.10627	1562	17.6921
ERR13927574.10628	1580	16.6563
ERR13927574.10629	1590	16.3270
ERR13927574.10630	1607	18.6764
ERR13927574.10631	1562	14.7247
ERR13927574.10632	1600	19.9025
ERR13927574.10633	1595	19.8000
ERR13927574.10634	1591	18.9799
ERR13927574.10635	1554	20.1287
ERR13927574.10636	1578	15.0501
ERR13927574.10637	1564	17.2832
ERR13927574.10638	1548	17.3779
ERR13927574.10639	1577	19.9245
ERR13927574.10640	1615	16.1715
ERR13927574.10641	1593	19.2498
ERR13927574.10642	1604	19.3123
ERR13927574.10643	1561	18.2537
ERR13927574.10644	1621	18.9951
ERR13927574.10645	1560	16.3321
ERR13927574.10646	1602	21.1130
ERR13927574.10647	1559	18.6716
ERR13927574.10648	1514	16.8646
ERR13927574.10649	1571	15.2107
ERR13927574.10650	1557	19.2466
ERR13927574.10651	1573	20.1653
ERR13927574.10652	1569	19.2218
ERR13927574.10653	1560	18.1885
ERR13927574.10654	1590	20.6365
ERR13927574.10655	1582	17.6473
ERR13927574.10656	1569	19.1727
ERR13927574.10657	1586	19.7295
ERR13927574.10658	1579	16.1064
ERR13927574.10659	1550	15.7665
ERR13927574.10660	1551	19.8704
ERR13927574.10661	1565	18.5808
ERR13927574.10662	932	20.5837
ERR13927574.10663	1660	18.5536
ERR13927574.10664	1839	18.1637
ERR13927574.10665	1570	18.0350
ERR13927574.10666	1561	17.7777
ERR13927574.10667	1553	18.0927
ERR13927574.10668	1608	18.9117
ERR13927574.10669	1601	18.5122
ERR13927574.10670	1572	17.1953
ERR13927574.10671	1571	15.8587
ERR13927574.10672	1598	16.9718
ERR13927574.10673	1585	16.9735
ERR13927574.10674	1643	19.8497
ERR13927574.10675	697	18.9125
ERR13927574.10676	1585	21.7735
ERR13927574.10677	1550	15.2968
ERR13927574.10678	1599	19.1876
ERR13927574.10679	1567	15.1646
ERR13927574.10680	1599	19.9831
ERR13927574.10681	1385	19.2845
ERR13927574.10682	437	19.2975
ERR13927574.10683	1610	18.5981
ERR13927574.10684	1557	19.1689
ERR13927574.10685	1589	16.7609
ERR13927574.10686	1552	19.8125
ERR13927574.10687	1570	22.0255
ERR13927574.10688	1578	19.4278
ERR13927574.10689	1613	20.8803
ERR13927574.10690	1544	15.9041
ERR13927574.10691	1560	18.7801
ERR13927574.10692	1557	15.1394
ERR13927574.10693	1583	18.5130
ERR13927574.10694	1668	15.5462
ERR13927574.10695	1540	18.8643
ERR13927574.10696	1593	15.6453
ERR13927574.10697	1565	16.1508
ERR13927574.10698	3116	15.8925
ERR13927574.10699	189	10.7831
ERR13927574.10700	1516	17.7170
ERR13927574.10701	1600	18.6950
ERR13927574.10702	1555	15.8437
ERR13927574.10703	1593	20.1883
ERR13927574.10704	1581	20.8937
ERR13927574.10705	1612	16.8350
ERR13927574.10706	1554	16.6281
ERR13927574.10707	1600	16.5456
ERR13927574.10708	1616	16.6943
ERR13927574.10709	1576	19.3940
ERR13927574.10710	1602	17.7615
ERR13927574.10711	1606	19.5965
ERR13927574.10712	1529	19.2433
ERR13927574.10713	1617	15.5022
ERR13927574.10714	1610	21.0130
ERR13927574.10715	1583	17.9836
ERR13927574.10716	1553	17.6330
ERR13927574.10717	1611	17.0012
ERR13927574.10718	1571	16.5283
ERR13927574.10719	1604	19.0069
ERR13927574.10720	1556	16.9839
ERR13927574.10721	1585	21.0707
ERR13927574.10722	1593	22.0427
ERR13927574.10723	1614	16.0626
ERR13927574.10724	1591	18.7913
ERR13927574.10725	1573	18.5626
ERR13927574.10726	1597	17.8485
ERR13927574.10727	1559	20.7774
ERR13927574.10728	1569	15.2377
ERR13927574.10729	1582	19.5942
ERR13927574.10730	1566	16.9355
ERR13927574.10731	1590	20.1478
ERR13927574.10732	1592	19.4441
ERR13927574.10733	1516	18.0897
ERR13927574.10734	1588	18.6247
ERR13927574.10735	1594	19.5144
ERR13927574.10736	1578	19.5177
ERR13927574.10737	1534	16.3533
ERR13927574.10738	1543	16.6986
ERR13927574.10739	1578	17.1540
ERR13927574.10740	1613	17.5214
ERR13927574.10741	1581	17.9260
ERR13927574.10742	1571	19.6098
ERR13927574.10743	1576	19.2760
ERR13927574.10744	1585	18.0416
ERR13927574.10745	1610	21.1280
ERR13927574.10746	1584	15.8074
ERR13927574.10747	1571	20.9045
ERR13927574.10748	1608	19.6505
ERR13927574.10749	1355	18.6096
ERR13927574.10750	1846	20.1566
ERR13927574.10751	1602	18.4039
ERR13927574.10752	1450	20.2517
ERR13927574.10753	1558	17.4012
ERR13927574.10754	1605	19.3047
ERR13927574.10755	1578	20.8745
ERR13927574.10756	1079	16.7173
ERR13927574.10757	1600	21.6487
ERR13927574.10758	1570	17.5433
ERR13927574.10759	1055	19.3431
ERR13927574.10760	1579	19.7688
ERR13927574.10761	1575	20.0337
ERR13927574.10762	1563	20.4146
ERR13927574.10763	1581	18.4434
ERR13927574.10764	1607	15.0871
ERR13927574.10765	1578	21.6001
ERR13927574.10766	2433	18.2799
ERR13927574.10767	1611	16.4687
ERR13927574.10768	1551	18.3939
ERR13927574.10769	1576	18.9708
ERR13927574.10770	1587	20.8192
ERR13927574.10771	1597	17.0645
ERR13927574.10772	1570	20.1108
ERR13927574.10773	1056	18.4413
ERR13927574.10774	1561	15.8033
ERR13927574.10775	1549	17.4371
ERR13927574.10776	1524	17.9823
ERR13927574.10777	1605	19.3894
ERR13927574.10778	1554	18.1107
ERR13927574.10779	1621	21.1049
ERR13927574.10780	1550	18.9465
ERR13927574.10781	1633	20.9584
ERR13927574.10782	1615	19.4514
ERR13927574.10783	1503	17.1876
ERR13927574.10784	1600	19.8238
ERR13927574.10785	1575	17.8946
ERR13927574.10786	1594	15.4893
ERR13927574.10787	1603	18.2558
ERR13927574.10788	1572	15.6985
ERR13927574.10789	1614	19.2094
ERR13927574.10790	1571	20.8269
ERR13927574.10791	1581	19.5623
ERR13927574.10792	1611	17.2086
ERR13927574.10793	1606	17.0847
ERR13927574.10794	1564	16.5160
ERR13927574.10795	1554	17.7336
ERR13927574.10796	1630	18.4834
ERR13927574.10797	1601	17.8701
ERR13927574.10798	1687	16.2910
ERR13927574.10799	1598	15.5200
ERR13927574.10800	1566	18.1092
ERR13927574.10801	1573	20.0636
ERR13927574.10802	1576	16.1212
ERR13927574.10803	1607	19.7032
ERR13927574.10804	1299	19.8653
ERR13927574.10805	1571	18.0770
ERR13927574.10806	1579	15.9094
ERR13927574.10807	1621	16.7076
ERR13927574.10808	1564	17.6330
ERR13927574.10809	1607	19.3348
ERR13927574.10810	1548	15.6951
ERR13927574.10811	1501	17.7189
ERR13927574.10812	1620	17.8747
ERR13927574.10813	1620	16.4377
ERR13927574.10814	1584	16.8453
ERR13927574.10815	1602	20.9020
ERR13927574.10816	1547	18.2405
ERR13927574.10817	1583	19.0442
ERR13927574.10818	1553	15.9343
ERR13927574.10819	1554	15.3752
ERR13927574.10820	1613	18.7099
ERR13927574.10821	1621	19.8415
ERR13927574.10822	1600	19.1175
ERR13927574.10823	1538	18.6534
ERR13927574.10824	1618	14.5136
ERR13927574.10825	1563	20.8804
ERR13927574.10826	1635	18.7211
ERR13927574.10827	1588	15.7979
ERR13927574.10828	1586	16.2932
ERR13927574.10829	1584	18.2607
ERR13927574.10830	1583	16.3443
ERR13927574.10831	1573	16.7057
ERR13927574.10832	1616	15.3465
ERR13927574.10833	1569	21.4946
ERR13927574.10834	1588	17.2657
ERR13927574.10835	1606	17.0280
ERR13927574.10836	1547	16.0834
ERR13927574.10837	1568	19.2864
ERR13927574.10838	1338	14.2272
ERR13927574.10839	1611	15.6859
ERR13927574.10840	1613	19.3013
ERR13927574.10841	431	15.9350
ERR13927574.10842	1719	18.0355
ERR13927574.10843	1611	20.5574
ERR13927574.10844	1605	17.3277
ERR13927574.10845	1560	14.2840
ERR13927574.10846	1597	18.4314
ERR13927574.10847	1577	19.7108
ERR13927574.10848	1586	18.9540
ERR13927574.10849	1569	20.5494
ERR13927574.10850	1568	16.5000
ERR13927574.10851	1598	19.4399
ERR13927574.10852	1608	18.8520
ERR13927574.10853	1562	18.2977
ERR13927574.10854	1619	17.3533
ERR13927574.10855	1553	14.6137
ERR13927574.10856	1559	19.8512
ERR13927574.10857	1590	17.5868
ERR13927574.10858	1582	20.4602
ERR13927574.10859	1569	16.1147
ERR13927574.10860	1610	19.4683
ERR13927574.10861	1540	17.2182
ERR13927574.10862	1583	14.9779
ERR13927574.10863	1556	18.7429
ERR13927574.10864	1603	18.1946
ERR13927574.10865	1531	16.6708
ERR13927574.10866	1608	19.9359
ERR13927574.10867	1586	20.9962
ERR13927574.10868	1539	16.5647
ERR13927574.10869	1567	21.4550
ERR13927574.10870	1585	18.5079
ERR13927574.10871	1546	19.7387
ERR13927574.10872	1522	17.6110
ERR13927574.10873	1560	16.6987
ERR13927574.10874	1606	22.4147
ERR13927574.10875	1598	20.4093
ERR13927574.10876	1585	17.2360
ERR13927574.10877	1573	16.8156
ERR13927574.10878	1562	16.6018
ERR13927574.10879	1607	17.6335
ERR13927574.10880	1548	16.7267
ERR13927574.10881	1596	15.8365
ERR13927574.10882	1389	17.7437
ERR13927574.10883	1583	20.3512
ERR13927574.10884	1577	21.8789
ERR13927574.10885	1575	18.7073
ERR13927574.10886	1579	17.9240
ERR13927574.10887	1523	17.3848
ERR13927574.10888	1543	16.1277
ERR13927574.10889	1584	15.3782
ERR13927574.10890	1549	18.6249
ERR13927574.10891	1563	13.9559
ERR13927574.10892	1555	18.6759
ERR13927574.10893	1587	14.3113
ERR13927574.10894	177	11.6045
ERR13927574.10895	1529	18.6069
ERR13927574.10896	1286	15.3359
ERR13927574.10897	1532	15.2683
ERR13927574.10898	1562	18.9885
ERR13927574.10899	1559	18.3246
ERR13927574.10900	1613	19.0236
ERR13927574.10901	1393	15.4135
ERR13927574.10902	1622	19.1825
ERR13927574.10903	1580	14.8373
ERR13927574.10904	1586	15.7667
ERR13927574.10905	1523	18.8615
ERR13927574.10906	1590	17.8459
ERR13927574.10907	1536	19.0768
ERR13927574.10908	1514	16.1638
ERR13927574.10909	1604	20.7855
ERR13927574.10910	1545	16.6570
ERR13927574.10911	1596	20.3340
ERR13927574.10912	1569	19.2772
ERR13927574.10913	1595	14.6150
ERR13927574.10914	1536	20.7188
ERR13927574.10915	1522	16.1715
ERR13927574.10916	1571	17.0961
ERR13927574.10917	1604	15.7095
ERR13927574.10918	1563	16.3346
ERR13927574.10919	1591	21.7662
ERR13927574.10920	1569	17.3244
ERR13927574.10921	1596	18.4442
ERR13927574.10922	1559	18.9205
ERR13927574.10923	1583	18.5995
ERR13927574.10924	662	16.2130
ERR13927574.10925	1567	19.8736
ERR13927574.10926	1581	17.7748
ERR13927574.10927	1552	16.5045
ERR13927574.10928	1601	17.8270
ERR13927574.10929	1547	16.5934
ERR13927574.10930	1590	17.6390
ERR13927574.10931	1573	21.0057
ERR13927574.10932	1610	19.9652
ERR13927574.10933	445	18.4652
ERR13927574.10934	1583	18.8421
ERR13927574.10935	1594	20.6694
ERR13927574.10936	1534	16.6532
ERR13927574.10937	1573	17.3624
ERR13927574.10938	1550	15.4065
ERR13927574.10939	1599	16.1789
ERR13927574.10940	1553	17.8525
ERR13927574.10941	1563	14.2917
ERR13927574.10942	1559	17.1225
ERR13927574.10943	1605	19.0748
ERR13927574.10944	1574	17.6887
ERR13927574.10945	1492	14.7828
ERR13927574.10946	1502	15.5766
ERR13927574.10947	1610	18.6752
ERR13927574.10948	1522	16.2838
ERR13927574.10949	1583	15.3891
ERR13927574.10950	1561	17.7072
ERR13927574.10951	1576	16.6707
ERR13927574.10952	1607	17.2103
ERR13927574.10953	1541	20.9708
ERR13927574.10954	1600	20.0650
ERR13927574.10955	1573	15.9905
ERR13927574.10956	1599	20.1639
ERR13927574.10957	1556	15.3850
ERR13927574.10958	1520	19.1283
ERR13927574.10959	1535	20.3186
ERR13927574.10960	1557	19.2864
ERR13927574.10961	1559	21.0276
ERR13927574.10962	1586	19.4344
ERR13927574.10963	1538	16.5514
ERR13927574.10964	1544	16.5680
ERR13927574.10965	1540	16.8201
ERR13927574.10966	1609	16.3574
ERR13927574.10967	1551	16.1309
ERR13927574.10968	1592	17.3976
ERR13927574.10969	1609	17.6029
ERR13927574.10970	1578	14.9011
ERR13927574.10971	1572	17.7036
ERR13927574.10972	1525	15.1364
ERR13927574.10973	1598	19.3385
ERR13927574.10974	1560	14.3481
ERR13927574.10975	1506	19.1806
ERR13927574.10976	1583	15.6980
ERR13927574.10977	1606	20.5604
ERR13927574.10978	1617	22.1224
ERR13927574.10979	1482	16.6781
ERR13927574.10980	1269	20.1324
ERR13927574.10981	1566	17.6756
ERR13927574.10982	1506	16.9807
ERR13927574.10983	1586	18.8102
ERR13927574.10984	1562	18.7330
ERR13927574.10985	1565	19.3118
ERR13927574.10986	1559	15.5452
ERR13927574.10987	1558	19.3273
ERR13927574.10988	1588	20.0963
ERR13927574.10989	1565	19.7291
ERR13927574.10990	1522	19.1919
ERR13927574.10991	1593	19.2028
ERR13927574.10992	1566	19.3633
ERR13927574.10993	1570	17.5229
ERR13927574.10994	1716	19.5554
ERR13927574.10995	830	15.9349
ERR13927574.10996	1582	18.5133
ERR13927574.10997	1552	19.0612
ERR13927574.10998	1622	20.3342
ERR13927574.10999	1584	16.2986
ERR13927574.11000	1557	18.8735
ERR13927574.11001	1604	19.3354
ERR13927574.11002	1563	20.6609
ERR13927574.11003	1556	19.2192
ERR13927574.11004	1493	15.2693
ERR13927574.11005	1533	19.0874
ERR13927574.11006	1622	16.1547
ERR13927574.11007	1478	15.8816
ERR13927574.11008	1569	20.8917
ERR13927574.11009	1600	16.0750
ERR13927574.11010	1578	14.8935
ERR13927574.11011	1489	20.5017
ERR13927574.11012	1571	16.7887
ERR13927574.11013	1608	18.3340
ERR13927574.11014	1558	16.6303
ERR13927574.11015	1585	18.5495
ERR13927574.11016	1471	17.4439
ERR13927574.11017	1541	16.3777
ERR13927574.11018	1549	16.2576
ERR13927574.11019	1547	19.5695
ERR13927574.11020	1557	19.3622
ERR13927574.11021	1582	20.8938
ERR13927574.11022	1582	19.2807
ERR13927574.11023	1573	18.3598
ERR13927574.11024	1534	20.8924
ERR13927574.11025	1588	18.9162
ERR13927574.11026	1567	16.0574
ERR13927574.11027	1544	17.9430
ERR13927574.11028	1495	17.6609
ERR13927574.11029	1568	20.2143
ERR13927574.11030	1525	14.4452
ERR13927574.11031	1576	14.0514
ERR13927574.11032	1579	18.2977
ERR13927574.11033	1611	21.4438
ERR13927574.11034	1553	16.6761
ERR13927574.11035	1612	18.5707
ERR13927574.11036	1529	18.8895
ERR13927574.11037	1601	17.2199
ERR13927574.11038	1562	21.3848
ERR13927574.11039	1571	20.0547
ERR13927574.11040	1556	16.3271
ERR13927574.11041	1711	16.6207
ERR13927574.11042	1568	18.9528
ERR13927574.11043	1528	19.1486
ERR13927574.11044	1539	16.1793
ERR13927574.11045	1584	17.4937
ERR13927574.11046	1588	15.4817
ERR13927574.11047	1563	19.0800
ERR13927574.11048	1542	20.8943
ERR13927574.11049	1541	21.6334
ERR13927574.11050	1586	17.2680
ERR13927574.11051	1507	17.5879
ERR13927574.11052	1523	16.0414
ERR13927574.11053	840	20.5881
ERR13927574.11054	1577	17.3114
ERR13927574.11055	1550	20.1432
ERR13927574.11056	1576	16.6091
ERR13927574.11057	1623	20.9070
ERR13927574.11058	1607	19.4978
ERR13927574.11059	1595	18.7116
ERR13927574.11060	1610	17.5547
ERR13927574.11061	1541	18.5581
ERR13927574.11062	1552	18.2365
ERR13927574.11063	140	15.4571
ERR13927574.11064	1531	14.5330
ERR13927574.11065	1579	18.3135
ERR13927574.11066	1586	15.1564
ERR13927574.11067	1558	17.1136
ERR13927574.11068	716	18.6634
ERR13927574.11069	1600	21.2150
ERR13927574.11070	1550	15.8329
ERR13927574.11071	1561	17.8885
ERR13927574.11072	1603	19.4629
ERR13927574.11073	1630	17.0865
ERR13927574.11074	1596	21.8271
ERR13927574.11075	1532	17.4027
ERR13927574.11076	1579	14.8144
ERR13927574.11077	1567	19.4180
ERR13927574.11078	1573	20.0013
ERR13927574.11079	1617	15.9759
ERR13927574.11080	1594	16.2058
ERR13927574.11081	1594	19.2465
ERR13927574.11082	1596	21.2274
ERR13927574.11083	1561	17.3472
ERR13927574.11084	1548	18.8256
ERR13927574.11085	1558	18.7125
ERR13927574.11086	1540	15.5903
ERR13927574.11087	1592	15.8518
ERR13927574.11088	1573	19.5124
ERR13927574.11089	1578	17.4531
ERR13927574.11090	1589	17.9987
ERR13927574.11091	1612	17.5316
ERR13927574.11092	1642	16.9836
ERR13927574.11093	1383	15.3095
ERR13927574.11094	1562	16.4168
ERR13927574.11095	1556	14.3952
ERR13927574.11096	1003	18.8365
ERR13927574.11097	1598	17.4768
ERR13927574.11098	1432	18.0314
ERR13927574.11099	1513	17.0251
ERR13927574.11100	1557	19.5125
ERR13927574.11101	1574	17.8393
ERR13927574.11102	1547	15.8908
ERR13927574.11103	1617	19.8380
ERR13927574.11104	1122	18.0891
ERR13927574.11105	1550	15.8903
ERR13927574.11106	1596	18.2212
ERR13927574.11107	1589	14.5488
ERR13927574.11108	1572	14.8607
ERR13927574.11109	1564	17.3306
ERR13927574.11110	1572	14.0573
ERR13927574.11111	1551	17.3404
ERR13927574.11112	1490	15.8497
ERR13927574.11113	1592	16.8317
ERR13927574.11114	1530	17.0261
ERR13927574.11115	1535	17.0834
ERR13927574.11116	1568	17.1352
ERR13927574.11117	1576	16.1980
ERR13927574.11118	1529	14.5415
ERR13927574.11119	1385	16.0390
ERR13927574.11120	790	18.2924
ERR13927574.11121	1612	18.0695
ERR13927574.11122	1609	14.2865
ERR13927574.11123	1542	16.6706
ERR13927574.11124	1598	19.6033
ERR13927574.11125	1569	18.8623
ERR13927574.11126	1575	22.6444
ERR13927574.11127	1624	17.5160
ERR13927574.11128	1556	22.6285
ERR13927574.11129	1544	15.4016
ERR13927574.11130	1569	16.5341
ERR13927574.11131	1572	19.3683
ERR13927574.11132	1590	16.6082
ERR13927574.11133	1562	16.7177
ERR13927574.11134	1573	18.6109
ERR13927574.11135	1485	17.5246
ERR13927574.11136	1613	20.9430
ERR13927574.11137	1540	19.7844
ERR13927574.11138	1533	17.3301
ERR13927574.11139	1517	17.0349
ERR13927574.11140	1591	20.5575
ERR13927574.11141	1545	18.2084
ERR13927574.11142	1552	18.9955
ERR13927574.11143	1630	15.8669
ERR13927574.11144	1597	17.9894
ERR13927574.11145	1548	15.1951
ERR13927574.11146	1590	17.4075
ERR13927574.11147	1571	17.6353
ERR13927574.11148	1597	17.2342
ERR13927574.11149	1591	17.4488
ERR13927574.11150	1614	17.6041
ERR13927574.11151	1558	15.6913
ERR13927574.11152	1569	19.9420
ERR13927574.11153	1616	19.5934
ERR13927574.11154	1590	19.8226
ERR13927574.11155	1551	18.4339
ERR13927574.11156	1527	16.1146
ERR13927574.11157	1589	16.8597
ERR13927574.11158	1533	15.3353
ERR13927574.11159	1572	19.8174
ERR13927574.11160	1569	18.6801
ERR13927574.11161	1615	16.0638
ERR13927574.11162	1581	19.6452
ERR13927574.11163	1511	16.7088
ERR13927574.11164	1579	18.7682
ERR13927574.11165	1295	17.9012
ERR13927574.11166	1564	22.2545
ERR13927574.11167	1599	18.7242
ERR13927574.11168	1598	15.9468
ERR13927574.11169	1607	17.4879
ERR13927574.11170	1568	19.2130
ERR13927574.11171	1575	16.5410
ERR13927574.11172	1540	16.7338
ERR13927574.11173	1627	19.0289
ERR13927574.11174	1541	14.5847
ERR13927574.11175	1573	17.2219
ERR13927574.11176	1531	18.1287
ERR13927574.11177	1539	17.7238
ERR13927574.11178	1591	17.6738
ERR13927574.11179	1537	17.6897
ERR13927574.11180	1555	17.0328
ERR13927574.11181	374	23.0829
ERR13927574.11182	1564	14.7852
ERR13927574.11183	1575	19.6502
ERR13927574.11184	1566	21.4623
ERR13927574.11185	1550	20.0994
ERR13927574.11186	1560	20.1769
ERR13927574.11187	1590	19.8082
ERR13927574.11188	1552	19.9987
ERR13927574.11189	1573	18.3147
ERR13927574.11190	1596	21.0808
ERR13927574.11191	1753	19.1574
ERR13927574.11192	1570	19.4102
ERR13927574.11193	347	14.3631
ERR13927574.11194	1577	15.3684
ERR13927574.11195	1555	17.4116
ERR13927574.11196	1578	18.0019
ERR13927574.11197	1544	16.1347
ERR13927574.11198	1588	16.0151
ERR13927574.11199	1208	23.5985
ERR13927574.11200	1559	20.0295
ERR13927574.11201	1543	15.2553
ERR13927574.11202	1564	17.2040
ERR13927574.11203	1582	17.2920
ERR13927574.11204	1622	15.1381
ERR13927574.11205	1566	19.9847
ERR13927574.11206	1584	18.3384
ERR13927574.11207	1534	15.0867
ERR13927574.11208	1594	19.6826
ERR13927574.11209	1524	16.2848
ERR13927574.11210	1571	14.9421
ERR13927574.11211	1631	14.4494
ERR13927574.11212	1588	16.1461
ERR13927574.11213	1579	16.6859
ERR13927574.11214	1547	17.6167
ERR13927574.11215	1572	19.8193
ERR13927574.11216	1544	14.7642
ERR13927574.11217	1550	17.9658
ERR13927574.11218	1568	18.0804
ERR13927574.11219	1556	18.7706
ERR13927574.11220	1530	14.9444
ERR13927574.11221	1535	15.8840
ERR13927574.11222	1573	15.3007
ERR13927574.11223	1576	15.8027
ERR13927574.11224	1577	19.2340
ERR13927574.11225	1560	17.0840
ERR13927574.11226	1533	18.6921
ERR13927574.11227	1610	21.7832
ERR13927574.11228	1539	16.5478
ERR13927574.11229	1597	21.5848
ERR13927574.11230	1679	17.2793
ERR13927574.11231	1526	18.2320
ERR13927574.11232	1570	17.5854
ERR13927574.11233	1572	17.2195
ERR13927574.11234	1575	19.2108
ERR13927574.11235	1606	20.1457
ERR13927574.11236	1577	17.8542
ERR13927574.11237	1595	17.9605
ERR13927574.11238	1561	16.1915
ERR13927574.11239	1408	19.3260
ERR13927574.11240	839	16.2372
ERR13927574.11241	1590	15.0170
ERR13927574.11242	1541	16.3394
ERR13927574.11243	1524	14.4173
ERR13927574.11244	1597	17.1115
ERR13927574.11245	1562	18.9289
ERR13927574.11246	1579	18.2451
ERR13927574.11247	1588	19.3174
ERR13927574.11248	1545	18.5346
ERR13927574.11249	1559	21.0815
ERR13927574.11250	1582	17.6681
ERR13927574.11251	1571	16.5188
ERR13927574.11252	1585	21.6151
ERR13927574.11253	1627	19.1832
ERR13927574.11254	898	17.7405
ERR13927574.11255	1616	19.4115
ERR13927574.11256	1525	17.6728
ERR13927574.11257	1567	18.3389
ERR13927574.11258	1556	17.8297
ERR13927574.11259	1597	19.8147
ERR13927574.11260	1707	20.0726
ERR13927574.11261	1601	20.7414
ERR13927574.11262	1541	17.1428
ERR13927574.11263	1568	17.2066
ERR13927574.11264	1567	16.9668
ERR13927574.11265	1553	16.2318
ERR13927574.11266	1599	17.9894
ERR13927574.11267	1539	17.6582
ERR13927574.11268	1712	15.7850
ERR13927574.11269	1547	16.5805
ERR13927574.11270	1574	16.3780
ERR13927574.11271	478	18.3577
ERR13927574.11272	1548	15.0782
ERR13927574.11273	1563	17.9578
ERR13927574.11274	1533	15.8428
ERR13927574.11275	1572	18.6438
ERR13927574.11276	1578	18.4449
ERR13927574.11277	1590	22.5377
ERR13927574.11278	1575	16.1778
ERR13927574.11279	1512	14.4848
ERR13927574.11280	1629	17.5887
ERR13927574.11281	1560	16.7596
ERR13927574.11282	1527	15.0760
ERR13927574.11283	1583	16.1522
ERR13927574.11284	1572	15.8995
ERR13927574.11285	657	20.4094
ERR13927574.11286	1566	14.8972
ERR13927574.11287	181	11.7348
ERR13927574.11288	1613	17.1104
ERR13927574.11289	1582	19.1612
ERR13927574.11290	1555	20.1344
ERR13927574.11291	1582	21.0107
ERR13927574.11292	1565	14.7112
ERR13927574.11293	1615	17.5659
ERR13927574.11294	1538	16.3940
ERR13927574.11295	1546	19.9405
ERR13927574.11296	1611	18.2626
ERR13927574.11297	1575	19.9517
ERR13927574.11298	1589	18.2561
ERR13927574.11299	1609	18.6159
ERR13927574.11300	1598	16.0156
ERR13927574.11301	1619	17.6096
ERR13927574.11302	1621	15.9716
ERR13927574.11303	1588	20.9351
ERR13927574.11304	1623	18.8299
ERR13927574.11305	1593	17.6723
ERR13927574.11306	1560	15.1949
ERR13927574.11307	1552	17.3415
ERR13927574.11308	1593	20.3773
ERR13927574.11309	1611	17.6493
ERR13927574.11310	1557	17.2434
ERR13927574.11311	1529	18.8666
ERR13927574.11312	1577	19.9543
ERR13927574.11313	1555	18.6965
ERR13927574.11314	1583	16.5944
ERR13927574.11315	1579	18.4820
ERR13927574.11316	1589	16.9786
ERR13927574.11317	1546	18.9224
ERR13927574.11318	1612	20.1780
ERR13927574.11319	1543	18.4329
ERR13927574.11320	1610	18.1217
ERR13927574.11321	1574	18.1398
ERR13927574.11322	1577	18.8079
ERR13927574.11323	1575	21.6946
ERR13927574.11324	1608	20.9938
ERR13927574.11325	687	17.3857
ERR13927574.11326	1606	19.0361
ERR13927574.11327	1537	16.5029
ERR13927574.11328	1579	19.8524
ERR13927574.11329	1589	16.2681
ERR13927574.11330	1577	20.5682
ERR13927574.11331	1635	20.5682
ERR13927574.11332	1562	20.2157
ERR13927574.11333	578	19.7837
ERR13927574.11334	1558	18.8530
ERR13927574.11335	1572	19.1832
ERR13927574.11336	1596	21.0207
ERR13927574.11337	1592	20.1558
ERR13927574.11338	1608	20.3414
ERR13927574.11339	1602	19.0893
ERR13927574.11340	1577	18.1053
ERR13927574.11341	1592	17.6803
ERR13927574.11342	1588	20.5094
ERR13927574.11343	1548	18.8417
ERR13927574.11344	1591	17.2552
ERR13927574.11345	1587	19.7776
ERR13927574.11346	1565	19.9565
ERR13927574.11347	1559	17.4060
ERR13927574.11348	1569	17.0841
ERR13927574.11349	1553	19.5538
ERR13927574.11350	1580	19.0892
ERR13927574.11351	1004	15.5398
ERR13927574.11352	1572	17.7557
ERR13927574.11353	1601	15.2149
ERR13927574.11354	1573	21.9530
ERR13927574.11355	1565	18.8588
ERR13927574.11356	1595	19.8370
ERR13927574.11357	1574	18.7408
ERR13927574.11358	1614	18.9436
ERR13927574.11359	1227	20.5102
ERR13927574.11360	1606	15.9801
ERR13927574.11361	1577	18.4122
ERR13927574.11362	1565	19.0748
ERR13927574.11363	1495	14.5639
ERR13927574.11364	1567	19.1308
ERR13927574.11365	1606	20.1052
ERR13927574.11366	1569	16.0274
ERR13927574.11367	1565	20.4479
ERR13927574.11368	1539	17.5452
ERR13927574.11369	1574	21.4841
ERR13927574.11370	1585	20.3703
ERR13927574.11371	1588	18.5057
ERR13927574.11372	1529	17.7776
ERR13927574.11373	1614	16.5589
ERR13927574.11374	1586	15.3531
ERR13927574.11375	1539	17.7804
ERR13927574.11376	1601	18.4947
ERR13927574.11377	1594	18.4994
ERR13927574.11378	1559	16.1090
ERR13927574.11379	1587	17.9439
ERR13927574.11380	1619	20.2637
ERR13927574.11381	1609	18.2455
ERR13927574.11382	1579	15.9823
ERR13927574.11383	1612	19.9324
ERR13927574.11384	1599	19.2946
ERR13927574.11385	1560	17.4769
ERR13927574.11386	1573	16.5658
ERR13927574.11387	1600	18.5519
ERR13927574.11388	1569	17.4640
ERR13927574.11389	1575	20.4095
ERR13927574.11390	1548	20.8159
ERR13927574.11391	1580	19.0544
ERR13927574.11392	1706	19.2011
ERR13927574.11393	1594	14.5044
ERR13927574.11394	493	18.2069
ERR13927574.11395	1601	15.4660
ERR13927574.11396	1614	16.3147
ERR13927574.11397	1567	18.3421
ERR13927574.11398	1589	17.9648
ERR13927574.11399	1560	17.5763
ERR13927574.11400	1565	20.2990
ERR13927574.11401	1614	19.1245
ERR13927574.11402	1584	19.4413
ERR13927574.11403	1593	19.8249
ERR13927574.11404	1495	19.4816
ERR13927574.11405	1600	18.3663
ERR13927574.11406	809	18.8121
ERR13927574.11407	1612	18.8772
ERR13927574.11408	1549	18.0336
ERR13927574.11409	1562	16.0986
ERR13927574.11410	1569	17.3321
ERR13927574.11411	1578	18.1977
ERR13927574.11412	1547	19.1648
ERR13927574.11413	1585	18.0063
ERR13927574.11414	1609	18.3008
ERR13927574.11415	315	14.5524
ERR13927574.11416	1551	17.0161
ERR13927574.11417	1521	16.1492
ERR13927574.11418	1555	17.5145
ERR13927574.11419	1586	20.0649
ERR13927574.11420	1604	20.0773
ERR13927574.11421	1550	15.5252
ERR13927574.11422	1557	19.6712
ERR13927574.11423	1574	18.9034
ERR13927574.11424	1533	18.8748
ERR13927574.11425	1584	19.1105
ERR13927574.11426	1560	15.8788
ERR13927574.11427	1584	18.9716
ERR13927574.11428	1576	18.6307
ERR13927574.11429	1509	16.8204
ERR13927574.11430	1610	15.7236
ERR13927574.11431	1618	15.0278
ERR13927574.11432	1559	15.6754
ERR13927574.11433	1596	15.4442
ERR13927574.11434	1583	18.4441
ERR13927574.11435	1580	15.9525
ERR13927574.11436	1586	17.2119
ERR13927574.11437	1544	16.2720
ERR13927574.11438	549	21.0273
ERR13927574.11439	1529	19.6573
ERR13927574.11440	1543	15.2968
ERR13927574.11441	1543	21.2664
ERR13927574.11442	1604	18.0106
ERR13927574.11443	1532	16.4393
ERR13927574.11444	1553	17.1584
ERR13927574.11445	1597	17.8773
ERR13927574.11446	1536	18.8470
ERR13927574.11447	1586	17.2844
ERR13927574.11448	1561	19.8975
ERR13927574.11449	1539	17.8369
ERR13927574.11450	1551	18.8820
ERR13927574.11451	1582	16.6795
ERR13927574.11452	1531	17.5820
ERR13927574.11453	1603	19.2283
ERR13927574.11454	1552	18.2159
ERR13927574.11455	1547	18.5869
ERR13927574.11456	472	17.0275
ERR13927574.11457	1560	14.8327
ERR13927574.11458	1544	17.4573
ERR13927574.11459	1590	19.0088
ERR13927574.11460	1590	15.7535
ERR13927574.11461	1587	18.8715
ERR13927574.11462	1534	18.9928
ERR13927574.11463	1603	15.9464
ERR13927574.11464	1549	14.6436
ERR13927574.11465	1526	14.3401
ERR13927574.11466	1540	18.5643
ERR13927574.11467	1531	14.8811
ERR13927574.11468	1595	16.5787
ERR13927574.11469	1514	15.9135
ERR13927574.11470	1567	16.7026
ERR13927574.11471	902	19.4379
ERR13927574.11472	1557	16.5819
ERR13927574.11473	1553	18.2434
ERR13927574.11474	1556	19.2249
ERR13927574.11475	1523	18.0499
ERR13927574.11476	1604	18.2544
ERR13927574.11477	1614	18.1939
ERR13927574.11478	1551	15.1109
ERR13927574.11479	1573	19.3872
ERR13927574.11480	1605	16.7371
ERR13927574.11481	1686	19.6145
ERR13927574.11482	1546	18.1818
ERR13927574.11483	1601	17.4354
ERR13927574.11484	1565	16.8850
ERR13927574.11485	1553	18.6922
ERR13927574.11486	213	13.5211
ERR13927574.11487	1522	17.2635
ERR13927574.11488	1540	15.0442
ERR13927574.11489	1551	19.0045
ERR13927574.11490	1607	19.9104
ERR13927574.11491	1582	16.4785
ERR13927574.11492	1537	18.5628
ERR13927574.11493	1550	18.0703
ERR13927574.11494	1531	17.2358
ERR13927574.11495	1565	16.8716
ERR13927574.11496	1560	16.3109
ERR13927574.11497	1610	17.1602
ERR13927574.11498	1496	14.5074
ERR13927574.11499	1567	19.5903
ERR13927574.11500	1523	17.7420
ERR13927574.11501	1538	15.8810
ERR13927574.11502	1550	19.6555
ERR13927574.11503	1621	19.2369
ERR13927574.11504	1596	15.9555
ERR13927574.11505	1523	13.9698
ERR13927574.11506	1577	23.0805
ERR13927574.11507	1596	17.8622
ERR13927574.11508	1539	15.9422
ERR13927574.11509	1570	17.0726
ERR13927574.11510	1487	17.0390
ERR13927574.11511	1561	19.4318
ERR13927574.11512	1540	15.1169
ERR13927574.11513	1597	17.9186
ERR13927574.11514	1553	18.4366
ERR13927574.11515	1062	18.1055
ERR13927574.11516	1618	16.8010
ERR13927574.11517	1552	15.2816
ERR13927574.11518	1635	20.7602
ERR13927574.11519	1573	18.2149
ERR13927574.11520	1578	17.9252
ERR13927574.11521	1555	19.4322
ERR13927574.11522	1581	15.6818
ERR13927574.11523	1621	15.8470
ERR13927574.11524	1596	16.4505
ERR13927574.11525	1627	20.1291
ERR13927574.11526	1571	17.0796
ERR13927574.11527	1621	17.5873
ERR13927574.11528	1548	17.8475
ERR13927574.11529	1519	15.1343
ERR13927574.11530	1560	20.3699
ERR13927574.11531	1554	17.0483
ERR13927574.11532	1545	16.5883
ERR13927574.11533	1571	17.9013
ERR13927574.11534	1588	19.2657
ERR13927574.11535	1573	20.2270
ERR13927574.11536	1586	20.1595
ERR13927574.11537	1606	19.0915
ERR13927574.11538	1582	18.0506
ERR13927574.11539	1580	18.7614
ERR13927574.11540	1556	15.7616
ERR13927574.11541	1611	19.2700
ERR13927574.11542	1600	18.5181
ERR13927574.11543	1477	15.0961
ERR13927574.11544	1558	19.2875
ERR13927574.11545	1594	21.3996
ERR13927574.11546	1561	16.2441
ERR13927574.11547	1572	19.3416
ERR13927574.11548	1587	19.7101
ERR13927574.11549	1476	14.3869
ERR13927574.11550	1580	17.2177
ERR13927574.11551	1570	16.2643
ERR13927574.11552	1540	18.3857
ERR13927574.11553	1555	19.0193
ERR13927574.11554	1544	16.6237
ERR13927574.11555	1585	14.4991
ERR13927574.11556	1625	18.2849
ERR13927574.11557	1522	17.1912
ERR13927574.11558	1536	16.4616
ERR13927574.11559	1555	15.9936
ERR13927574.11560	1585	15.6681
ERR13927574.11561	1676	16.1110
ERR13927574.11562	1509	14.2021
ERR13927574.11563	1563	18.0390
ERR13927574.11564	1455	18.1278
ERR13927574.11565	1542	19.0337
ERR13927574.11566	1551	15.8814
ERR13927574.11567	1577	20.7470
ERR13927574.11568	1567	14.9821
ERR13927574.11569	1572	14.7532
ERR13927574.11570	1545	19.0117
ERR13927574.11571	1532	15.3766
ERR13927574.11572	1566	15.7874
ERR13927574.11573	1551	18.2476
ERR13927574.11574	1605	17.2717
ERR13927574.11575	1560	17.8462
ERR13927574.11576	1535	16.5974
ERR13927574.11577	1589	20.1536
ERR13927574.11578	798	16.6642
ERR13927574.11579	1614	13.7410
ERR13927574.11580	458	14.5611
ERR13927574.11581	1592	18.5433
ERR13927574.11582	1575	20.6857
ERR13927574.11583	1628	19.7371
ERR13927574.11584	1596	19.7362
ERR13927574.11585	1570	18.1452
ERR13927574.11586	1597	19.0833
ERR13927574.11587	1432	17.0852
ERR13927574.11588	1571	17.8740
ERR13927574.11589	1520	16.3770
ERR13927574.11590	1604	23.1758
ERR13927574.11591	1550	15.5613
ERR13927574.11592	1567	19.7147
ERR13927574.11593	1586	14.5895
ERR13927574.11594	1588	18.4899
ERR13927574.11595	1585	19.3199
ERR13927574.11596	1497	17.4449
ERR13927574.11597	1594	19.1838
ERR13927574.11598	1598	17.3861
ERR13927574.11599	1552	17.2159
ERR13927574.11600	1545	15.6880
ERR13927574.11601	1599	15.5472
ERR13927574.11602	1575	20.4032
ERR13927574.11603	1578	17.9024
ERR13927574.11604	1574	14.6766
ERR13927574.11605	1480	18.2588
ERR13927574.11606	1561	19.6899
ERR13927574.11607	1534	17.9387
ERR13927574.11608	1618	16.0482
ERR13927574.11609	1551	15.2340
ERR13927574.11610	1574	17.7789
ERR13927574.11611	1596	16.9129
ERR13927574.11612	1600	17.4475
ERR13927574.11613	1606	17.1501
ERR13927574.11614	1553	15.2131
ERR13927574.11615	1538	15.4681
ERR13927574.11616	1582	16.9166
ERR13927574.11617	1540	18.3136
ERR13927574.11618	1574	19.6379
ERR13927574.11619	1562	20.1146
ERR13927574.11620	1559	16.8807
ERR13927574.11621	1561	20.1698
ERR13927574.11622	1542	16.3424
ERR13927574.11623	1589	19.5318
ERR13927574.11624	1555	15.8791
ERR13927574.11625	1633	16.4495
ERR13927574.11626	1568	17.9349
ERR13927574.11627	1538	18.6489
ERR13927574.11628	1552	19.7287
ERR13927574.11629	1510	19.2106
ERR13927574.11630	1526	16.0478
ERR13927574.11631	1552	19.4478
ERR13927574.11632	1570	18.9503
ERR13927574.11633	1566	15.8289
ERR13927574.11634	1519	17.8374
ERR13927574.11635	1552	18.3911
ERR13927574.11636	1576	18.5152
ERR13927574.11637	1602	15.9613
ERR13927574.11638	1558	17.5802
ERR13927574.11639	1538	16.5852
ERR13927574.11640	1580	17.8506
ERR13927574.11641	1570	17.2834
ERR13927574.11642	1591	18.5833
ERR13927574.11643	1623	19.9994
ERR13927574.11644	1555	20.3248
ERR13927574.11645	437	14.0732
ERR13927574.11646	1559	16.2412
ERR13927574.11647	1287	17.3147
ERR13927574.11648	875	14.5360
ERR13927574.11649	1536	20.3529
ERR13927574.11650	1584	16.2058
ERR13927574.11651	1574	15.7274
ERR13927574.11652	1574	17.6881
ERR13927574.11653	1589	16.5897
ERR13927574.11654	1593	18.1023
ERR13927574.11655	1549	17.1207
ERR13927574.11656	1658	16.3577
ERR13927574.11657	1514	16.6882
ERR13927574.11658	1558	16.5263
ERR13927574.11659	1546	14.6837
ERR13927574.11660	1612	22.2854
ERR13927574.11661	1491	14.4205
ERR13927574.11662	3074	17.0403
ERR13927574.11663	1570	16.8268
ERR13927574.11664	1585	18.0391
ERR13927574.11665	1530	16.1379
ERR13927574.11666	1546	18.4030
ERR13927574.11667	876	18.0000
ERR13927574.11668	1564	18.2423
ERR13927574.11669	1540	18.5961
ERR13927574.11670	1572	21.0254
ERR13927574.11671	415	15.5687
ERR13927574.11672	707	16.3239
ERR13927574.11673	843	17.6690
ERR13927574.11674	1558	16.3864
ERR13927574.11675	1515	17.8092
ERR13927574.11676	1511	14.4421
ERR13927574.11677	1529	17.4317
ERR13927574.11678	1548	17.9884
ERR13927574.11679	1555	18.4977
ERR13927574.11680	1576	17.3642
ERR13927574.11681	670	16.4746
ERR13927574.11682	1604	19.3348
ERR13927574.11683	1616	19.4517
ERR13927574.11684	1586	18.5013
ERR13927574.11685	1500	17.6493
ERR13927574.11686	1565	14.4070
ERR13927574.11687	1567	19.4550
ERR13927574.11688	1568	19.2264
ERR13927574.11689	1599	17.3408
ERR13927574.11690	1571	16.4863
ERR13927574.11691	1586	19.7018
ERR13927574.11692	1582	18.0114
ERR13927574.11693	1491	16.4554
ERR13927574.11694	1557	17.1561
ERR13927574.11695	1546	18.6397
ERR13927574.11696	1592	17.3851
ERR13927574.11697	1650	20.5315
ERR13927574.11698	1516	17.2546
ERR13927574.11699	1581	16.9791
ERR13927574.11700	1560	17.6385
ERR13927574.11701	1563	19.6392
ERR13927574.11702	1600	17.0081
ERR13927574.11703	1540	14.7130
ERR13927574.11704	1570	17.3955
ERR13927574.11705	1562	23.4469
ERR13927574.11706	1557	15.1522
ERR13927574.11707	1580	18.7443
ERR13927574.11708	1586	19.0429
ERR13927574.11709	1596	16.4618
ERR13927574.11710	1596	19.0996
ERR13927574.11711	1549	19.1601
ERR13927574.11712	1534	18.1910
ERR13927574.11713	1534	19.8318
ERR13927574.11714	1535	14.7824
ERR13927574.11715	1549	17.7986
ERR13927574.11716	1542	15.1485
ERR13927574.11717	1551	18.1947
ERR13927574.11718	1584	16.2891
ERR13927574.11719	1518	18.5310
ERR13927574.11720	1568	18.2054
ERR13927574.11721	1584	19.5562
ERR13927574.11722	1532	17.5339
ERR13927574.11723	1567	15.6254
ERR13927574.11724	1606	18.9913
ERR13927574.11725	1578	18.6210
ERR13927574.11726	1575	19.0800
ERR13927574.11727	1557	16.0417
ERR13927574.11728	1556	17.4023
ERR13927574.11729	750	19.1280
ERR13927574.11730	1636	16.9578
ERR13927574.11731	1572	19.7640
ERR13927574.11732	1467	13.8759
ERR13927574.11733	1566	15.2708
ERR13927574.11734	1576	18.9391
ERR13927574.11735	1576	18.7741
ERR13927574.11736	1535	15.5616
ERR13927574.11737	1535	17.0593
ERR13927574.11738	1557	18.7335
ERR13927574.11739	1551	17.9697
ERR13927574.11740	1009	14.9812
ERR13927574.11741	1538	15.9038
ERR13927574.11742	1592	17.3361
ERR13927574.11743	1548	16.3469
ERR13927574.11744	1514	16.7351
ERR13927574.11745	1554	19.4331
ERR13927574.11746	1576	17.8528
ERR13927574.11747	1590	18.4384
ERR13927574.11748	1577	19.7609
ERR13927574.11749	1465	14.2451
ERR13927574.11750	1541	17.7476
ERR13927574.11751	1622	17.1141
ERR13927574.11752	1532	17.9589
ERR13927574.11753	1563	16.2278
ERR13927574.11754	1595	17.4245
ERR13927574.11755	1454	14.8583
ERR13927574.11756	1548	19.0375
ERR13927574.11757	1584	16.3359
ERR13927574.11758	1532	16.5313
ERR13927574.11759	951	19.6635
ERR13927574.11760	1595	18.1009
ERR13927574.11761	1608	19.1175
ERR13927574.11762	1546	17.2089
ERR13927574.11763	1542	19.3217
ERR13927574.11764	1605	18.2181
ERR13927574.11765	945	17.5090
ERR13927574.11766	1560	17.4224
ERR13927574.11767	1566	18.9298
ERR13927574.11768	1581	16.0278
ERR13927574.11769	1520	17.9230
ERR13927574.11770	1598	19.8217
ERR13927574.11771	1598	18.6108
ERR13927574.11772	1617	17.9208
ERR13927574.11773	1583	16.9962
ERR13927574.11774	1564	19.8855
ERR13927574.11775	1592	17.9994
ERR13927574.11776	1559	17.6748
ERR13927574.11777	1539	17.7050
ERR13927574.11778	1544	19.1723
ERR13927574.11779	1493	17.2927
ERR13927574.11780	1533	15.2427
ERR13927574.11781	1550	20.5097
ERR13927574.11782	1542	18.0921
ERR13927574.11783	1520	15.0072
ERR13927574.11784	1565	19.0984
ERR13927574.11785	1562	17.7478
ERR13927574.11786	1530	16.5065
ERR13927574.11787	1565	18.7981
ERR13927574.11788	1558	14.5963
ERR13927574.11789	1607	17.4126
ERR13927574.11790	1538	15.6983
ERR13927574.11791	1576	17.0749
ERR13927574.11792	1500	14.6467
ERR13927574.11793	1572	17.1279
ERR13927574.11794	1618	17.8782
ERR13927574.11795	1529	15.8260
ERR13927574.11796	1552	15.3428
ERR13927574.11797	1590	16.6893
ERR13927574.11798	1597	16.7621
ERR13927574.11799	1546	16.9036
ERR13927574.11800	1472	15.4640
ERR13927574.11801	1572	17.2265
ERR13927574.11802	1602	14.4844
ERR13927574.11803	1443	19.5821
ERR13927574.11804	1576	15.0190
ERR13927574.11805	1610	14.2193
ERR13927574.11806	1570	16.2414
ERR13927574.11807	1569	19.3722
ERR13927574.11808	1535	15.5173
ERR13927574.11809	1535	16.0013
ERR13927574.11810	1406	15.8329
ERR13927574.11811	1584	16.3801
ERR13927574.11812	1580	19.3487
ERR13927574.11813	1515	16.2706
ERR13927574.11814	1537	16.5368
ERR13927574.11815	1589	17.9415
ERR13927574.11816	1601	18.3161
ERR13927574.11817	1914	18.9958
ERR13927574.11818	1570	17.0968
ERR13927574.11819	1602	15.5194
ERR13927574.11820	1563	16.1260
ERR13927574.11821	1516	15.6702
ERR13927574.11822	1565	19.7118
ERR13927574.11823	1571	18.8237
ERR13927574.11824	1578	15.8454
ERR13927574.11825	1585	17.2006
ERR13927574.11826	1592	19.2261
ERR13927574.11827	1628	19.8950
ERR13927574.11828	1573	15.1189
ERR13927574.11829	1571	19.0509
ERR13927574.11830	1562	19.7746
ERR13927574.11831	1580	19.7703
ERR13927574.11832	1554	15.5264
ERR13927574.11833	1561	21.8258
ERR13927574.11834	1601	17.0069
ERR13927574.11835	1633	18.1972
ERR13927574.11836	1553	17.5428
ERR13927574.11837	1554	14.9633
ERR13927574.11838	1559	20.4343
ERR13927574.11839	1589	16.8288
ERR13927574.11840	1535	15.8261
ERR13927574.11841	1552	21.9169
ERR13927574.11842	1510	16.7285
ERR13927574.11843	1499	13.8165
ERR13927574.11844	1556	19.7275
ERR13927574.11845	1591	18.0402
ERR13927574.11846	1547	20.2586
ERR13927574.11847	1564	16.5953
ERR13927574.11848	1575	15.5771
ERR13927574.11849	1537	16.2388
ERR13927574.11850	1525	17.5430
ERR13927574.11851	1552	17.4865
ERR13927574.11852	1529	15.1040
ERR13927574.11853	1527	14.9993
ERR13927574.11854	1336	17.2111
ERR13927574.11855	1553	22.4231
ERR13927574.11856	1575	17.3016
ERR13927574.11857	1019	16.6928
ERR13927574.11858	1548	16.2939
ERR13927574.11859	1601	20.0437
ERR13927574.11860	1611	18.6648
ERR13927574.11861	1569	15.9547
ERR13927574.11862	1572	18.2010
ERR13927574.11863	1586	17.6400
ERR13927574.11864	1149	17.0479
ERR13927574.11865	1563	15.6993
ERR13927574.11866	1600	18.5338
ERR13927574.11867	1573	19.4024
ERR13927574.11868	1563	18.2233
ERR13927574.11869	1597	16.0163
ERR13927574.11870	1578	16.7928
ERR13927574.11871	1604	21.6103
ERR13927574.11872	1561	21.3491
ERR13927574.11873	1487	16.2233
ERR13927574.11874	1689	19.2220
ERR13927574.11875	1562	18.1140
ERR13927574.11876	1601	18.7764
ERR13927574.11877	1579	21.6339
ERR13927574.11878	1594	19.4831
ERR13927574.11879	1718	21.9645
ERR13927574.11880	1522	14.1932
ERR13927574.11881	1590	17.2912
ERR13927574.11882	202	16.0396
ERR13927574.11883	1567	16.8979
ERR13927574.11884	1549	17.8670
ERR13927574.11885	1580	18.2582
ERR13927574.11886	1578	16.7947
ERR13927574.11887	1533	14.8454
ERR13927574.11888	1601	19.7377
ERR13927574.11889	1611	17.6257
ERR13927574.11890	1579	17.5928
ERR13927574.11891	1592	16.6878
ERR13927574.11892	1590	15.9723
ERR13927574.11893	1611	20.6729
ERR13927574.11894	1576	19.6003
ERR13927574.11895	1531	17.9347
ERR13927574.11896	1593	18.7834
ERR13927574.11897	186	21.2849
ERR13927574.11898	1491	16.2911
ERR13927574.11899	1591	15.3570
ERR13927574.11900	1606	16.9633
ERR13927574.11901	1505	15.4957
ERR13927574.11902	1551	18.9961
ERR13927574.11903	1558	18.8010
ERR13927574.11904	1538	16.4512
ERR13927574.11905	1612	20.8790
ERR13927574.11906	1507	17.8062
ERR13927574.11907	1584	19.0234
ERR13927574.11908	1527	15.9476
ERR13927574.11909	1589	20.2014
ERR13927574.11910	1532	16.2970
ERR13927574.11911	1565	18.3744
ERR13927574.11912	1584	21.5347
ERR13927574.11913	1585	20.4574
ERR13927574.11914	1563	19.6257
ERR13927574.11915	1579	16.8271
ERR13927574.11916	1565	19.7962
ERR13927574.11917	1565	18.8045
ERR13927574.11918	1546	18.3577
ERR13927574.11919	1526	15.7982
ERR13927574.11920	1520	16.5605
ERR13927574.11921	1563	22.6641
ERR13927574.11922	1560	19.2179
ERR13927574.11923	1563	19.9194
ERR13927574.11924	1505	18.6824
ERR13927574.11925	1602	18.8140
ERR13927574.11926	1532	15.6025
ERR13927574.11927	1598	14.3060
ERR13927574.11928	1592	15.0421
ERR13927574.11929	1613	20.6572
ERR13927574.11930	1618	19.0525
ERR13927574.11931	1573	20.1113
ERR13927574.11932	1543	14.6377
ERR13927574.11933	1565	17.6997
ERR13927574.11934	1577	18.0254
ERR13927574.11935	1552	16.9704
ERR13927574.11936	1198	19.5601
ERR13927574.11937	1549	19.8205
ERR13927574.11938	1580	17.9728
ERR13927574.11939	1564	17.7359
ERR13927574.11940	1575	17.9981
ERR13927574.11941	1526	15.0269
ERR13927574.11942	1488	15.2003
ERR13927574.11943	1540	18.8039
ERR13927574.11944	1589	15.8798
ERR13927574.11945	1575	19.8203
ERR13927574.11946	1593	19.5191
ERR13927574.11947	1585	17.6196
ERR13927574.11948	1560	17.4494
ERR13927574.11949	1561	18.0826
ERR13927574.11950	1549	19.4739
ERR13927574.11951	1579	19.0804
ERR13927574.11952	1577	18.4230
ERR13927574.11953	1585	15.7924
ERR13927574.11954	1192	17.4018
ERR13927574.11955	1556	15.7886
ERR13927574.11956	1605	19.3321
ERR13927574.11957	1590	18.0314
ERR13927574.11958	1589	19.9742
ERR13927574.11959	1555	18.8572
ERR13927574.11960	1514	17.3554
ERR13927574.11961	1518	17.7945
ERR13927574.11962	1571	17.9656
ERR13927574.11963	1582	19.2566
ERR13927574.11964	1538	18.6463
ERR13927574.11965	1580	16.1494
ERR13927574.11966	1554	14.8610
ERR13927574.11967	1549	19.7734
ERR13927574.11968	1433	17.9518
ERR13927574.11969	1507	17.5627
ERR13927574.11970	1564	15.5889
ERR13927574.11971	1586	18.9256
ERR13927574.11972	1605	21.7950
ERR13927574.11973	1534	15.8507
ERR13927574.11974	1547	18.4370
ERR13927574.11975	1569	18.6240
ERR13927574.11976	1556	17.9737
ERR13927574.11977	1504	14.8052
ERR13927574.11978	1582	19.2604
ERR13927574.11979	1497	15.0621
ERR13927574.11980	1590	21.4327
ERR13927574.11981	1589	14.9685
ERR13927574.11982	1569	13.9643
ERR13927574.11983	1605	20.0729
ERR13927574.11984	1606	16.0423
ERR13927574.11985	1594	15.3557
ERR13927574.11986	1575	17.4546
ERR13927574.11987	1548	18.3934
ERR13927574.11988	1135	16.5683
ERR13927574.11989	1527	14.7852
ERR13927574.11990	1566	16.5568
ERR13927574.11991	1525	16.3659
ERR13927574.11992	1546	17.4955
ERR13927574.11993	1624	18.8596
ERR13927574.11994	1558	17.5950
ERR13927574.11995	369	14.6775
ERR13927574.11996	1551	14.5506
ERR13927574.11997	1576	20.9378
ERR13927574.11998	1584	18.8573
ERR13927574.11999	1624	17.1151
ERR13927574.12000	1604	19.4096
ERR13927574.12001	1571	15.4500
ERR13927574.12002	1576	16.9245
ERR13927574.12003	1594	17.8269
ERR13927574.12004	1547	17.5960
ERR13927574.12005	1610	17.6621
ERR13927574.12006	1562	17.0698
ERR13927574.12007	1586	15.9994
ERR13927574.12008	1578	20.5114
ERR13927574.12009	1603	17.1110
ERR13927574.12010	1591	16.6216
ERR13927574.12011	1566	16.1526
ERR13927574.12012	1577	15.4502
ERR13927574.12013	1564	17.6279
ERR13927574.12014	1545	15.7301
ERR13927574.12015	1518	15.0119
ERR13927574.12016	1603	19.2258
ERR13927574.12017	1562	16.9545
ERR13927574.12018	1308	17.1636
ERR13927574.12019	1588	18.0800
ERR13927574.12020	1567	20.2929
ERR13927574.12021	710	16.3437
ERR13927574.12022	1574	16.9593
ERR13927574.12023	1522	17.1853
ERR13927574.12024	1529	16.6167
ERR13927574.12025	1512	15.5351
ERR13927574.12026	1560	15.1436
ERR13927574.12027	1539	17.5614
ERR13927574.12028	1672	19.8917
ERR13927574.12029	1541	16.0130
ERR13927574.12030	1584	16.4242
ERR13927574.12031	968	17.4174
ERR13927574.12032	1574	15.8723
ERR13927574.12033	1537	16.6701
ERR13927574.12034	1570	16.4032
ERR13927574.12035	1536	16.6029
ERR13927574.12036	1582	18.8028
ERR13927574.12037	1608	16.5808
ERR13927574.12038	1560	22.6205
ERR13927574.12039	1546	18.2206
ERR13927574.12040	1568	18.2239
ERR13927574.12041	1549	17.7540
ERR13927574.12042	1566	20.3180
ERR13927574.12043	1562	18.5775
ERR13927574.12044	1581	19.0462
ERR13927574.12045	1610	15.6205
ERR13927574.12046	1550	15.1413
ERR13927574.12047	507	19.2682
ERR13927574.12048	591	17.3384
ERR13927574.12049	1559	19.3201
ERR13927574.12050	1529	17.6279
ERR13927574.12051	1578	16.5875
ERR13927574.12052	1520	17.3033
ERR13927574.12053	1570	19.3764
ERR13927574.12054	1591	16.4456
ERR13927574.12055	1551	15.9549
ERR13927574.12056	951	15.1399
ERR13927574.12057	1607	17.8195
ERR13927574.12058	1567	15.7849
ERR13927574.12059	1565	17.6978
ERR13927574.12060	1595	19.2094
ERR13927574.12061	1548	18.0872
ERR13927574.12062	1625	19.5908
ERR13927574.12063	1528	14.0877
ERR13927574.12064	1364	14.9758
ERR13927574.12065	1582	15.7566
ERR13927574.12066	1579	15.1704
ERR13927574.12067	1606	17.2889
ERR13927574.12068	1556	18.4447
ERR13927574.12069	1555	17.2842
ERR13927574.12070	1570	16.7178
ERR13927574.12071	1591	14.5506
ERR13927574.12072	1590	20.6962
ERR13927574.12073	1555	20.6990
ERR13927574.12074	1582	17.5209
ERR13927574.12075	1555	16.0785
ERR13927574.12076	1567	16.3829
ERR13927574.12077	1575	15.7714
ERR13927574.12078	1559	15.3066
ERR13927574.12079	1580	16.9158
ERR13927574.12080	1546	18.2212
ERR13927574.12081	1582	17.1669
ERR13927574.12082	1573	17.0642
ERR13927574.12083	1587	17.4657
ERR13927574.12084	1502	16.6165
ERR13927574.12085	1629	18.2449
ERR13927574.12086	1548	14.7054
ERR13927574.12087	1568	15.3871
ERR13927574.12088	1558	16.5469
ERR13927574.12089	1587	16.6402
ERR13927574.12090	424	15.3443
ERR13927574.12091	1538	19.0696
ERR13927574.12092	1598	20.3805
ERR13927574.12093	1497	15.9880
ERR13927574.12094	1575	16.6324
ERR13927574.12095	1537	19.3663
ERR13927574.12096	1590	19.0094
ERR13927574.12097	1622	16.4118
ERR13927574.12098	1527	14.2718
ERR13927574.12099	1583	17.2318
ERR13927574.12100	1588	14.7034
ERR13927574.12101	1609	19.5618
ERR13927574.12102	1527	14.8527
ERR13927574.12103	1578	17.3669
ERR13927574.12104	3793	15.5152
ERR13927574.12105	1549	16.5358
ERR13927574.12106	1585	17.9987
ERR13927574.12107	224	19.9464
ERR13927574.12108	1573	16.5658
ERR13927574.12109	1600	20.9275
ERR13927574.12110	1601	15.7664
ERR13927574.12111	1549	16.1369
ERR13927574.12112	1512	14.5913
ERR13927574.12113	1574	16.7668
ERR13927574.12114	1548	16.8146
ERR13927574.12115	1576	16.1612
ERR13927574.12116	1571	14.1680
ERR13927574.12117	1614	19.9213
ERR13927574.12118	1600	21.5188
ERR13927574.12119	1555	17.5537
ERR13927574.12120	1569	16.2282
ERR13927574.12121	1532	15.9047
ERR13927574.12122	1559	18.7370
ERR13927574.12123	1545	19.2660
ERR13927574.12124	1590	16.4925
ERR13927574.12125	1581	18.7666
ERR13927574.12126	1521	14.9908
ERR13927574.12127	1563	16.1216
ERR13927574.12128	1555	14.2894
ERR13927574.12129	1309	16.5722
ERR13927574.12130	1582	17.4855
ERR13927574.12131	1719	18.3339
ERR13927574.12132	1600	17.5500
ERR13927574.12133	1566	16.6162
ERR13927574.12134	1557	15.1124
ERR13927574.12135	1541	15.8287
ERR13927574.12136	1589	17.1825
ERR13927574.12137	1694	18.6558
ERR13927574.12138	1420	16.2324
ERR13927574.12139	1553	18.0502
ERR13927574.12140	1579	16.9728
ERR13927574.12141	1533	17.6164
ERR13927574.12142	1564	19.4763
ERR13927574.12143	1537	18.6474
ERR13927574.12144	1558	19.8723
ERR13927574.12145	1587	16.0422
ERR13927574.12146	1534	15.4857
ERR13927574.12147	1571	15.3444
ERR13927574.12148	1599	18.8286
ERR13927574.12149	1617	18.3878
ERR13927574.12150	1487	14.9919
ERR13927574.12151	1577	18.4711
ERR13927574.12152	1528	14.5955
ERR13927574.12153	1612	15.6619
ERR13927574.12154	1586	20.0618
ERR13927574.12155	1615	17.8830
ERR13927574.12156	1573	15.7769
ERR13927574.12157	1598	16.6633
ERR13927574.12158	1552	19.4987
ERR13927574.12159	1597	16.6612
ERR13927574.12160	1567	17.2368
ERR13927574.12161	1563	19.9917
ERR13927574.12162	1561	19.9737
ERR13927574.12163	1535	17.1472
ERR13927574.12164	1548	18.4134
ERR13927574.12165	1430	14.0259
ERR13927574.12166	1564	14.9501
ERR13927574.12167	1528	14.7991
ERR13927574.12168	1583	20.2925
ERR13927574.12169	1511	15.6545
ERR13927574.12170	1557	17.5080
ERR13927574.12171	1554	16.4485
ERR13927574.12172	1420	15.4648
ERR13927574.12173	1549	18.5636
ERR13927574.12174	1599	18.6054
ERR13927574.12175	1571	17.4125
ERR13927574.12176	1590	19.8553
ERR13927574.12177	1533	15.1461
ERR13927574.12178	1586	17.0183
ERR13927574.12179	989	14.6775
ERR13927574.12180	1551	17.6364
ERR13927574.12181	1600	19.3588
ERR13927574.12182	1556	16.0829
ERR13927574.12183	1567	19.2246
ERR13927574.12184	1490	16.4188
ERR13927574.12185	1581	17.7995
ERR13927574.12186	1577	17.0602
ERR13927574.12187	1605	15.5371
ERR13927574.12188	1575	17.5765
ERR13927574.12189	1604	16.3067
ERR13927574.12190	1567	16.4014
ERR13927574.12191	1546	17.8842
ERR13927574.12192	1618	16.6916
ERR13927574.12193	1599	15.3221
ERR13927574.12194	1582	17.3729
ERR13927574.12195	1559	15.9904
ERR13927574.12196	1571	15.4609
ERR13927574.12197	1602	19.4944
ERR13927574.12198	1582	16.9077
ERR13927574.12199	1592	16.8580
ERR13927574.12200	1579	18.8486
ERR13927574.12201	1573	16.8379
ERR13927574.12202	1581	16.0829
ERR13927574.12203	1495	16.1458
ERR13927574.12204	1620	17.7204
ERR13927574.12205	1558	17.2696
ERR13927574.12206	1595	18.9135
ERR13927574.12207	1609	17.5407
ERR13927574.12208	1596	17.1861
ERR13927574.12209	1589	18.9893
ERR13927574.12210	1571	17.4876
ERR13927574.12211	1556	15.3618
ERR13927574.12212	1583	18.4820
ERR13927574.12213	1616	21.5972
ERR13927574.12214	1553	17.6549
ERR13927574.12215	1583	17.3879
ERR13927574.12216	1550	16.7703
ERR13927574.12217	1537	16.0455
ERR13927574.12218	1546	18.8648
ERR13927574.12219	1531	17.1215
ERR13927574.12220	1601	15.3829
ERR13927574.12221	1563	20.6679
ERR13927574.12222	1555	18.7839
ERR13927574.12223	1593	17.9090
ERR13927574.12224	1561	19.1031
ERR13927574.12225	1465	19.6635
ERR13927574.12226	1602	16.5668
ERR13927574.12227	1552	15.2113
ERR13927574.12228	1534	19.5619
ERR13927574.12229	1578	14.5076
ERR13927574.12230	1586	18.2907
ERR13927574.12231	1278	15.3482
ERR13927574.12232	1583	14.3140
ERR13927574.12233	1615	16.0316
ERR13927574.12234	1564	15.6905
ERR13927574.12235	1556	15.9621
ERR13927574.12236	1607	17.1898
ERR13927574.12237	1537	14.8764
ERR13927574.12238	1526	15.2674
ERR13927574.12239	1595	17.0984
ERR13927574.12240	1547	17.5811
ERR13927574.12241	1533	15.6491
ERR13927574.12242	1567	16.5960
ERR13927574.12243	1578	14.2605
ERR13927574.12244	1553	19.8410
ERR13927574.12245	1642	19.5572
ERR13927574.12246	1520	17.0822
ERR13927574.12247	1616	18.2030
ERR13927574.12248	1554	18.7690
ERR13927574.12249	1489	17.4030
ERR13927574.12250	1575	17.2908
ERR13927574.12251	1597	15.2010
ERR13927574.12252	1615	17.9307
ERR13927574.12253	1583	16.9286
ERR13927574.12254	1524	16.1529
ERR13927574.12255	1562	17.4898
ERR13927574.12256	1612	15.9218
ERR13927574.12257	1535	14.4964
ERR13927574.12258	1377	20.3588
ERR13927574.12259	1609	18.6793
ERR13927574.12260	1549	17.1291
ERR13927574.12261	1583	18.0998
ERR13927574.12262	1558	17.6438
ERR13927574.12263	1566	17.2893
ERR13927574.12264	1574	18.7268
ERR13927574.12265	1601	19.5128
ERR13927574.12266	1577	18.9486
ERR13927574.12267	1553	17.9388
ERR13927574.12268	1515	17.1195
ERR13927574.12269	1554	15.7999
ERR13927574.12270	1566	17.0396
ERR13927574.12271	1064	16.7848
ERR13927574.12272	1550	18.7174
ERR13927574.12273	1591	18.0874
ERR13927574.12274	1580	14.5582
ERR13927574.12275	1496	19.1651
ERR13927574.12276	1395	18.4452
ERR13927574.12277	1544	15.9903
ERR13927574.12278	1593	18.7219
ERR13927574.12279	1539	15.3392
ERR13927574.12280	1577	17.9620
ERR13927574.12281	1556	15.7558
ERR13927574.12282	1535	15.8384
ERR13927574.12283	1563	18.4005
ERR13927574.12284	1583	16.6393
ERR13927574.12285	1556	16.4197
ERR13927574.12286	1584	15.5745
ERR13927574.12287	1594	15.7604
ERR13927574.12288	1530	15.4843
ERR13927574.12289	1473	13.9959
ERR13927574.12290	1530	19.0745
ERR13927574.12291	1539	17.6868
ERR13927574.12292	1592	18.6683
ERR13927574.12293	1523	16.7722
ERR13927574.12294	1553	17.6671
ERR13927574.12295	1537	15.9421
ERR13927574.12296	1496	14.3336
ERR13927574.12297	1597	18.8547
ERR13927574.12298	1715	16.7096
ERR13927574.12299	1524	16.9291
ERR13927574.12300	1619	18.5009
ERR13927574.12301	1567	17.0466
ERR13927574.12302	1551	17.9400
ERR13927574.12303	1604	14.9221
ERR13927574.12304	1552	19.9697
ERR13927574.12305	1607	18.6777
ERR13927574.12306	1563	17.7198
ERR13927574.12307	1564	20.3338
ERR13927574.12308	1559	18.2752
ERR13927574.12309	1557	19.1972
ERR13927574.12310	1574	16.1690
ERR13927574.12311	1541	17.5951
ERR13927574.12312	1561	17.5791
ERR13927574.12313	1602	17.6323
ERR13927574.12314	1558	15.2619
ERR13927574.12315	1557	17.9981
ERR13927574.12316	1573	16.9491
ERR13927574.12317	1569	20.0822
ERR13927574.12318	1088	15.2004
ERR13927574.12319	1594	16.2942
ERR13927574.12320	1582	15.3970
ERR13927574.12321	1556	15.1099
ERR13927574.12322	1553	15.3458
ERR13927574.12323	1562	19.2036
ERR13927574.12324	1561	22.2530
ERR13927574.12325	1575	16.4997
ERR13927574.12326	1506	15.8825
ERR13927574.12327	1716	15.4924
ERR13927574.12328	1556	16.2237
ERR13927574.12329	1585	16.5003
ERR13927574.12330	1580	18.3032
ERR13927574.12331	1574	15.9473
ERR13927574.12332	1582	16.3540
ERR13927574.12333	1560	19.1949
ERR13927574.12334	1567	21.4027
ERR13927574.12335	1599	17.2183
ERR13927574.12336	1560	21.2122
ERR13927574.12337	1604	19.3984
ERR13927574.12338	1551	16.2824
ERR13927574.12339	1609	20.8117
ERR13927574.12340	1580	18.6184
ERR13927574.12341	1562	18.8790
ERR13927574.12342	1609	16.3636
ERR13927574.12343	1562	19.8579
ERR13927574.12344	1531	16.8929
ERR13927574.12345	1585	18.9609
ERR13927574.12346	1591	18.7593
ERR13927574.12347	1606	18.6059
ERR13927574.12348	1604	17.3435
ERR13927574.12349	1579	20.5579
ERR13927574.12350	1581	18.9842
ERR13927574.12351	1532	15.6364
ERR13927574.12352	1585	18.5047
ERR13927574.12353	1594	17.4410
ERR13927574.12354	1559	17.8756
ERR13927574.12355	1567	19.4933
ERR13927574.12356	1562	19.9763
ERR13927574.12357	1573	18.7616
ERR13927574.12358	1554	20.3777
ERR13927574.12359	1586	18.0700
ERR13927574.12360	1536	17.4551
ERR13927574.12361	1584	17.7961
ERR13927574.12362	1568	19.7079
ERR13927574.12363	889	16.6187
ERR13927574.12364	1587	20.4203
ERR13927574.12365	1594	18.5132
ERR13927574.12366	1561	20.3498
ERR13927574.12367	1595	17.5649
ERR13927574.12368	1599	20.3096
ERR13927574.12369	1612	16.2140
ERR13927574.12370	1553	20.2395
ERR13927574.12371	1556	16.7648
ERR13927574.12372	1597	21.4559
ERR13927574.12373	1609	19.3984
ERR13927574.12374	1608	18.4621
ERR13927574.12375	1588	16.8457
ERR13927574.12376	1575	15.9594
ERR13927574.12377	1564	17.4150
ERR13927574.12378	1584	19.1288
ERR13927574.12379	1611	18.0490
ERR13927574.12380	1579	18.8125
ERR13927574.12381	1589	17.0780
ERR13927574.12382	1595	17.7931
ERR13927574.12383	1617	19.0996
ERR13927574.12384	1562	20.7939
ERR13927574.12385	1562	20.0672
ERR13927574.12386	1599	17.8368
ERR13927574.12387	1565	18.9994
ERR13927574.12388	1584	18.6944
ERR13927574.12389	1597	22.0670
ERR13927574.12390	1552	19.4774
ERR13927574.12391	1561	17.3325
ERR13927574.12392	1602	16.9401
ERR13927574.12393	1558	18.0225
ERR13927574.12394	1568	20.5293
ERR13927574.12395	1590	17.7421
ERR13927574.12396	1578	20.1787
ERR13927574.12397	1620	20.9741
ERR13927574.12398	1568	16.3208
ERR13927574.12399	1574	18.8780
ERR13927574.12400	1559	15.6735
ERR13927574.12401	1580	20.1759
ERR13927574.12402	1575	18.8940
ERR13927574.12403	1565	15.9035
ERR13927574.12404	1553	19.1867
ERR13927574.12405	1534	17.7301
ERR13927574.12406	1577	19.6829
ERR13927574.12407	1575	19.7625
ERR13927574.12408	1615	17.9579
ERR13927574.12409	1527	19.0406
ERR13927574.12410	1564	18.8165
ERR13927574.12411	1564	20.5748
ERR13927574.12412	812	20.0776
ERR13927574.12413	1578	19.4430
ERR13927574.12414	1553	20.6961
ERR13927574.12415	1599	19.9268
ERR13927574.12416	1599	16.8286
ERR13927574.12417	1578	18.5564
ERR13927574.12418	1562	21.2951
ERR13927574.12419	1588	16.8980
ERR13927574.12420	1597	17.0883
ERR13927574.12421	1534	18.4283
ERR13927574.12422	1613	18.7464
ERR13927574.12423	1589	19.7955
ERR13927574.12424	1585	16.2076
ERR13927574.12425	1566	21.5064
ERR13927574.12426	1543	19.1653
ERR13927574.12427	1604	20.4576
ERR13927574.12428	538	15.7156
ERR13927574.12429	1551	17.3836
ERR13927574.12430	1630	20.5110
ERR13927574.12431	1580	18.4146
ERR13927574.12432	1574	20.0013
ERR13927574.12433	1581	16.0569
ERR13927574.12434	1561	19.9065
ERR13927574.12435	1564	16.0569
ERR13927574.12436	1583	19.6172
ERR13927574.12437	1598	21.0914
ERR13927574.12438	1564	18.9137
ERR13927574.12439	1600	17.4700
ERR13927574.12440	559	17.1324
ERR13927574.12441	1576	19.7576
ERR13927574.12442	1605	17.7221
ERR13927574.12443	1607	18.4960
ERR13927574.12444	1534	15.7138
ERR13927574.12445	1613	20.0124
ERR13927574.12446	1584	19.1869
ERR13927574.12447	1561	21.1666
ERR13927574.12448	1578	17.5215
ERR13927574.12449	1622	16.6406
ERR13927574.12450	1603	18.7411
ERR13927574.12451	1560	15.7583
ERR13927574.12452	1606	18.0946
ERR13927574.12453	1598	18.6602
ERR13927574.12454	1423	18.0148
ERR13927574.12455	1594	19.1575
ERR13927574.12456	1576	17.2989
ERR13927574.12457	1581	16.3491
ERR13927574.12458	1668	15.8699
ERR13927574.12459	1582	20.6941
ERR13927574.12460	1560	21.0936
ERR13927574.12461	1606	19.1494
ERR13927574.12462	220	17.1000
ERR13927574.12463	1546	18.5349
ERR13927574.12464	1543	19.4128
ERR13927574.12465	1106	16.7152
ERR13927574.12466	1553	17.8622
ERR13927574.12467	1522	14.2707
ERR13927574.12468	1555	19.4309
ERR13927574.12469	1466	16.8745
ERR13927574.12470	1552	20.1269
ERR13927574.12471	1550	19.4335
ERR13927574.12472	1550	17.0465
ERR13927574.12473	1539	18.5211
ERR13927574.12474	353	15.7989
ERR13927574.12475	1578	20.3644
ERR13927574.12476	1531	16.1267
ERR13927574.12477	1605	20.2125
ERR13927574.12478	1565	16.8051
ERR13927574.12479	1530	21.0902
ERR13927574.12480	1522	14.5834
ERR13927574.12481	1540	18.7487
ERR13927574.12482	1523	17.0670
ERR13927574.12483	1551	15.9362
ERR13927574.12484	448	15.6652
ERR13927574.12485	1612	19.8654
ERR13927574.12486	1132	14.0283
ERR13927574.12487	1578	20.0298
ERR13927574.12488	1536	19.9583
ERR13927574.12489	1581	17.9614
ERR13927574.12490	1566	15.7401
ERR13927574.12491	1604	18.5374
ERR13927574.12492	446	18.5717
ERR13927574.12493	1509	15.2929
ERR13927574.12494	1595	17.1987
ERR13927574.12495	1566	16.9559
ERR13927574.12496	1539	17.4308
ERR13927574.12497	1535	22.0651
ERR13927574.12498	1609	18.7899
ERR13927574.12499	1543	17.4012
ERR13927574.12500	1591	17.0943
ERR13927574.12501	1523	15.7925
ERR13927574.12502	1499	18.6891
ERR13927574.12503	1562	22.6056
ERR13927574.12504	918	15.6198
ERR13927574.12505	1574	19.9727
ERR13927574.12506	1606	20.6245
ERR13927574.12507	1557	20.0668
ERR13927574.12508	1608	18.8296
ERR13927574.12509	1595	16.4846
ERR13927574.12510	1504	16.7746
ERR13927574.12511	1576	18.5184
ERR13927574.12512	1589	16.8521
ERR13927574.12513	1689	15.4902
ERR13927574.12514	1608	18.8060
ERR13927574.12515	1540	19.7753
ERR13927574.12516	1483	16.3533
ERR13927574.12517	1598	17.8767
ERR13927574.12518	1535	17.1166
ERR13927574.12519	1568	17.7647
ERR13927574.12520	1588	14.6599
ERR13927574.12521	1544	19.1444
ERR13927574.12522	1557	21.7643
ERR13927574.12523	1562	15.0999
ERR13927574.12524	1594	19.5897
ERR13927574.12525	1552	16.4401
ERR13927574.12526	1579	17.0703
ERR13927574.12527	1532	16.6664
ERR13927574.12528	1547	17.6871
ERR13927574.12529	1533	18.5610
ERR13927574.12530	1514	16.6070
ERR13927574.12531	1532	17.5685
ERR13927574.12532	1533	18.3659
ERR13927574.12533	1530	17.7967
ERR13927574.12534	1552	21.4214
ERR13927574.12535	1567	14.8003
ERR13927574.12536	1592	17.4824
ERR13927574.12537	1568	16.1403
ERR13927574.12538	1552	17.1488
ERR13927574.12539	1571	18.8447
ERR13927574.12540	1564	18.3606
ERR13927574.12541	1600	18.8194
ERR13927574.12542	1602	15.8015
ERR13927574.12543	962	16.4387
ERR13927574.12544	1534	17.3370
ERR13927574.12545	1601	18.1168
ERR13927574.12546	1538	18.4441
ERR13927574.12547	1506	15.1773
ERR13927574.12548	922	18.7148
ERR13927574.12549	1676	18.0358
ERR13927574.12550	1555	16.4534
ERR13927574.12551	1617	19.5417
ERR13927574.12552	1601	16.9600
ERR13927574.12553	1519	15.5174
ERR13927574.12554	1588	19.6392
ERR13927574.12555	1566	14.9489
ERR13927574.12556	1581	18.5269
ERR13927574.12557	1562	16.4641
ERR13927574.12558	1603	15.7118
ERR13927574.12559	1603	20.0468
ERR13927574.12560	1551	17.9607
ERR13927574.12561	1339	15.8327
ERR13927574.12562	1594	18.6788
ERR13927574.12563	1610	20.0037
ERR13927574.12564	1576	15.4162
ERR13927574.12565	1623	20.9871
ERR13927574.12566	1567	19.1774
ERR13927574.12567	1560	19.2474
ERR13927574.12568	1544	16.8782
ERR13927574.12569	1542	14.9514
ERR13927574.12570	1570	15.5006
ERR13927574.12571	1554	17.1493
ERR13927574.12572	1541	17.3076
ERR13927574.12573	1608	13.6723
ERR13927574.12574	1561	21.9898
ERR13927574.12575	1522	16.4737
ERR13927574.12576	1621	16.1178
ERR13927574.12577	1622	16.2318
ERR13927574.12578	1514	16.3481
ERR13927574.12579	1689	17.6779
ERR13927574.12580	1581	17.4054
ERR13927574.12581	1537	17.1262
ERR13927574.12582	1525	16.3154
ERR13927574.12583	1561	15.0666
ERR13927574.12584	1595	18.3279
ERR13927574.12585	1545	17.4071
ERR13927574.12586	1539	14.3132
ERR13927574.12587	1518	16.1660
ERR13927574.12588	1572	15.6539
ERR13927574.12589	1596	19.1504
ERR13927574.12590	1506	16.2563
ERR13927574.12591	1564	18.1739
ERR13927574.12592	1590	18.4774
ERR13927574.12593	1608	16.9913
ERR13927574.12594	1581	16.1651
ERR13927574.12595	1497	15.7321
ERR13927574.12596	1541	16.2109
ERR13927574.12597	1617	20.0241
ERR13927574.12598	1586	15.9704
ERR13927574.12599	1554	19.7728
ERR13927574.12600	1552	19.0612
ERR13927574.12601	1598	20.7466
ERR13927574.12602	1550	15.2200
ERR13927574.12603	1567	17.8705
ERR13927574.12604	1588	17.7021
ERR13927574.12605	1599	16.7592
ERR13927574.12606	1584	18.3289
ERR13927574.12607	1543	17.0052
ERR13927574.12608	1559	18.3682
ERR13927574.12609	1499	15.4109
ERR13927574.12610	1532	19.2970
ERR13927574.12611	1550	14.9116
ERR13927574.12612	979	18.3483
ERR13927574.12613	1550	18.1116
ERR13927574.12614	1570	14.0032
ERR13927574.12615	1596	18.4718
ERR13927574.12616	1560	19.0045
ERR13927574.12617	1566	19.9879
ERR13927574.12618	1569	16.6966
ERR13927574.12619	1638	16.8168
ERR13927574.12620	1531	15.9236
ERR13927574.12621	1516	13.9149
ERR13927574.12622	1533	15.8774
ERR13927574.12623	1502	15.4334
ERR13927574.12624	1904	16.5347
ERR13927574.12625	1596	16.1830
ERR13927574.12626	1572	18.9567
ERR13927574.12627	1556	15.0797
ERR13927574.12628	1593	21.6811
ERR13927574.12629	1562	18.1633
ERR13927574.12630	1580	18.2582
ERR13927574.12631	1618	18.9073
ERR13927574.12632	1589	15.0107
ERR13927574.12633	1568	19.9107
ERR13927574.12634	1553	17.6581
ERR13927574.12635	1562	20.2810
ERR13927574.12636	1611	15.6331
ERR13927574.12637	1580	17.0930
ERR13927574.12638	1523	17.0525
ERR13927574.12639	1354	19.3634
ERR13927574.12640	1577	18.7223
ERR13927574.12641	1561	18.4004
ERR13927574.12642	631	17.7496
ERR13927574.12643	1545	17.7883
ERR13927574.12644	1537	15.7788
ERR13927574.12645	1554	15.6242
ERR13927574.12646	1568	18.8163
ERR13927574.12647	1605	17.6399
ERR13927574.12648	1569	20.0720
ERR13927574.12649	1605	18.8903
ERR13927574.12650	1595	18.9009
ERR13927574.12651	1565	17.7099
ERR13927574.12652	1474	16.1710
ERR13927574.12653	1586	15.1406
ERR13927574.12654	1582	15.8976
ERR13927574.12655	1563	18.2079
ERR13927574.12656	2947	16.9959
ERR13927574.12657	1553	18.9775
ERR13927574.12658	300	18.8233
ERR13927574.12659	1569	20.1536
ERR13927574.12660	1615	17.2136
ERR13927574.12661	1507	15.7153
ERR13927574.12662	1545	16.8343
ERR13927574.12663	1568	18.9171
ERR13927574.12664	1291	15.5995
ERR13927574.12665	1603	21.9763
ERR13927574.12666	1593	19.7558
ERR13927574.12667	1604	16.8354
ERR13927574.12668	1569	17.1154
ERR13927574.12669	1523	16.8969
ERR13927574.12670	1512	14.9623
ERR13927574.12671	1562	15.4251
ERR13927574.12672	1522	15.5940
ERR13927574.12673	1626	18.1685
ERR13927574.12674	1503	16.4098
ERR13927574.12675	1582	21.3268
ERR13927574.12676	1579	19.6548
ERR13927574.12677	1602	18.0031
ERR13927574.12678	1578	16.9816
ERR13927574.12679	1551	17.3056
ERR13927574.12680	1595	16.9335
ERR13927574.12681	1606	18.9857
ERR13927574.12682	1531	17.0836
ERR13927574.12683	1559	15.1309
ERR13927574.12684	1565	15.1374
ERR13927574.12685	1581	18.9323
ERR13927574.12686	1648	15.0510
ERR13927574.12687	1539	15.2541
ERR13927574.12688	1502	16.9621
ERR13927574.12689	1546	16.0440
ERR13927574.12690	1543	19.3234
ERR13927574.12691	1523	14.9639
ERR13927574.12692	1535	14.5844
ERR13927574.12693	1562	14.7810
ERR13927574.12694	1571	18.7218
ERR13927574.12695	1603	16.2252
ERR13927574.12696	1525	17.6243
ERR13927574.12697	1595	19.6301
ERR13927574.12698	1602	18.4345
ERR13927574.12699	1585	16.5066
ERR13927574.12700	1547	16.6218
ERR13927574.12701	1573	18.0731
ERR13927574.12702	1601	19.0706
ERR13927574.12703	1561	14.7848
ERR13927574.12704	1560	17.8135
ERR13927574.12705	1578	18.5475
ERR13927574.12706	1522	17.2201
ERR13927574.12707	1583	19.2811
ERR13927574.12708	1554	15.2091
ERR13927574.12709	1577	14.8104
ERR13927574.12710	1560	20.8404
ERR13927574.12711	1562	19.8784
ERR13927574.12712	1582	15.1865
ERR13927574.12713	1591	19.2005
ERR13927574.12714	275	15.7891
ERR13927574.12715	1585	15.7565
ERR13927574.12716	1545	18.2913
ERR13927574.12717	1606	19.3039
ERR13927574.12718	1537	19.4118
ERR13927574.12719	1536	18.5443
ERR13927574.12720	1542	19.6809
ERR13927574.12721	1576	18.1415
ERR13927574.12722	1539	16.7303
ERR13927574.12723	1520	16.8967
ERR13927574.12724	1519	15.6669
ERR13927574.12725	1575	20.6330
ERR13927574.12726	1523	18.2239
ERR13927574.12727	1577	16.1059
ERR13927574.12728	1565	17.7412
ERR13927574.12729	1567	16.8290
ERR13927574.12730	1549	16.5449
ERR13927574.12731	1475	16.8197
ERR13927574.12732	1579	16.6884
ERR13927574.12733	1535	18.6567
ERR13927574.12734	1567	18.4308
ERR13927574.12735	1315	17.0380
ERR13927574.12736	1588	18.1467
ERR13927574.12737	1569	16.2065
ERR13927574.12738	1488	14.3441
ERR13927574.12739	1564	16.0997
ERR13927574.12740	1524	16.4678
ERR13927574.12741	1600	19.1806
ERR13927574.12742	1538	20.4174
ERR13927574.12743	1562	19.4200
ERR13927574.12744	1523	19.7170
ERR13927574.12745	1556	16.4769
ERR13927574.12746	1554	16.9794
ERR13927574.12747	1434	17.5704
ERR13927574.12748	1555	19.5293
ERR13927574.12749	1562	19.0595
ERR13927574.12750	1574	16.7300
ERR13927574.12751	1523	16.1156
ERR13927574.12752	1596	16.0883
ERR13927574.12753	1457	18.6987
ERR13927574.12754	1627	18.0313
ERR13927574.12755	1598	14.9737
ERR13927574.12756	1481	16.5348
ERR13927574.12757	1410	15.9007
ERR13927574.12758	1597	17.4678
ERR13927574.12759	1513	17.4045
ERR13927574.12760	1600	15.2481
ERR13927574.12761	1584	15.2854
ERR13927574.12762	1592	17.4529
ERR13927574.12763	1540	19.5734
ERR13927574.12764	1517	14.8655
ERR13927574.12765	1563	17.4408
ERR13927574.12766	1580	19.2089
ERR13927574.12767	1534	14.6695
ERR13927574.12768	1591	17.4827
ERR13927574.12769	1580	17.9120
ERR13927574.12770	1621	20.1937
ERR13927574.12771	1573	20.2645
ERR13927574.12772	1589	14.6564
ERR13927574.12773	1595	19.1831
ERR13927574.12774	1590	16.8723
ERR13927574.12775	1540	15.8383
ERR13927574.12776	1558	20.8543
ERR13927574.12777	1587	16.4058
ERR13927574.12778	1569	18.9178
ERR13927574.12779	276	18.7862
ERR13927574.12780	1585	21.4151
ERR13927574.12781	1513	15.5479
ERR13927574.12782	1539	15.4886
ERR13927574.12783	1509	16.2425
ERR13927574.12784	470	16.7979
ERR13927574.12785	1531	18.7956
ERR13927574.12786	594	16.7492
ERR13927574.12787	1547	18.7421
ERR13927574.12788	1597	20.5479
ERR13927574.12789	1560	16.1429
ERR13927574.12790	1590	19.7302
ERR13927574.12791	1582	14.3021
ERR13927574.12792	1624	14.1213
ERR13927574.12793	1573	19.5753
ERR13927574.12794	1546	16.2872
ERR13927574.12795	1534	16.0867
ERR13927574.12796	1470	17.8531
ERR13927574.12797	1502	16.6272
ERR13927574.12798	1549	20.5255
ERR13927574.12799	1512	14.5112
ERR13927574.12800	1581	20.9133
ERR13927574.12801	1531	17.0385
ERR13927574.12802	1590	17.8717
ERR13927574.12803	1565	15.3450
ERR13927574.12804	1553	16.8867
ERR13927574.12805	1542	17.4423
ERR13927574.12806	1574	19.8399
ERR13927574.12807	1589	20.6809
ERR13927574.12808	1547	15.0821
ERR13927574.12809	1618	18.9240
ERR13927574.12810	1480	16.5993
ERR13927574.12811	1596	18.1272
ERR13927574.12812	1600	21.1031
ERR13927574.12813	1547	19.6199
ERR13927574.12814	1560	16.3782
ERR13927574.12815	1611	16.2520
ERR13927574.12816	1578	16.8771
ERR13927574.12817	1592	15.2531
ERR13927574.12818	1558	17.5180
ERR13927574.12819	744	15.0780
ERR13927574.12820	1560	18.2288
ERR13927574.12821	1578	15.0222
ERR13927574.12822	1543	18.8062
ERR13927574.12823	1565	16.1859
ERR13927574.12824	1580	18.3019
ERR13927574.12825	1276	18.2955
ERR13927574.12826	1611	16.9479
ERR13927574.12827	1556	19.4383
ERR13927574.12828	1592	16.5107
ERR13927574.12829	1569	18.5392
ERR13927574.12830	652	14.0506
ERR13927574.12831	1571	16.9325
ERR13927574.12832	1524	16.1535
ERR13927574.12833	1606	17.6800
ERR13927574.12834	1604	19.0810
ERR13927574.12835	1608	18.5311
ERR13927574.12836	1539	16.8843
ERR13927574.12837	1580	15.5665
ERR13927574.12838	1572	15.4822
ERR13927574.12839	1036	16.6911
ERR13927574.12840	1528	16.1590
ERR13927574.12841	1557	17.1355
ERR13927574.12842	1525	18.5075
ERR13927574.12843	1602	20.7940
ERR13927574.12844	1547	18.1396
ERR13927574.12845	1613	18.3695
ERR13927574.12846	1554	15.4337
ERR13927574.12847	1593	17.2367
ERR13927574.12848	2349	23.7616
ERR13927574.12849	1594	18.0828
ERR13927574.12850	1603	18.1903
ERR13927574.12851	1543	13.9773
ERR13927574.12852	1557	15.6962
ERR13927574.12853	1550	17.0058
ERR13927574.12854	1406	15.2859
ERR13927574.12855	1546	15.1242
ERR13927574.12856	1573	15.8055
ERR13927574.12857	1542	20.8061
ERR13927574.12858	1554	17.2445
ERR13927574.12859	1558	17.3222
ERR13927574.12860	1523	16.7557
ERR13927574.12861	1595	22.5279
ERR13927574.12862	1580	17.3759
ERR13927574.12863	1580	16.1051
ERR13927574.12864	1558	15.6951
ERR13927574.12865	1622	14.8964
ERR13927574.12866	1541	16.2946
ERR13927574.12867	1598	17.7941
ERR13927574.12868	1623	17.4159
ERR13927574.12869	1497	14.0448
ERR13927574.12870	1524	17.7762
ERR13927574.12871	1711	15.5056
ERR13927574.12872	1584	16.0549
ERR13927574.12873	1299	18.7452
ERR13927574.12874	1592	17.1131
ERR13927574.12875	1544	17.9501
ERR13927574.12876	1572	17.2335
ERR13927574.12877	1564	18.4028
ERR13927574.12878	1575	17.6787
ERR13927574.12879	1594	17.9517
ERR13927574.12880	1568	18.3431
ERR13927574.12881	1571	18.2081
ERR13927574.12882	1594	18.5282
ERR13927574.12883	1548	15.8133
ERR13927574.12884	1574	17.8374
ERR13927574.12885	1562	18.2791
ERR13927574.12886	1572	19.5382
ERR13927574.12887	1462	15.1115
ERR13927574.12888	1567	15.2214
ERR13927574.12889	1575	19.3175
ERR13927574.12890	1568	17.2277
ERR13927574.12891	1547	17.7621
ERR13927574.12892	1576	16.0622
ERR13927574.12893	1587	16.7057
ERR13927574.12894	1594	16.4944
ERR13927574.12895	1591	18.6034
ERR13927574.12896	1496	17.3757
ERR13927574.12897	1566	18.4496
ERR13927574.12898	167	15.7066
ERR13927574.12899	1638	16.8816
ERR13927574.12900	1579	18.0893
ERR13927574.12901	1681	15.5324
ERR13927574.12902	1601	18.4816
ERR13927574.12903	1509	17.3380
ERR13927574.12904	1588	15.8596
ERR13927574.12905	1568	20.3635
ERR13927574.12906	1550	18.6697
ERR13927574.12907	1510	14.4695
ERR13927574.12908	1512	16.1131
ERR13927574.12909	1589	17.7835
ERR13927574.12910	1607	17.1313
ERR13927574.12911	1585	17.0347
ERR13927574.12912	1576	17.8096
ERR13927574.12913	1589	19.5368
ERR13927574.12914	1551	15.8956
ERR13927574.12915	1563	16.8535
ERR13927574.12916	1593	20.1174
ERR13927574.12917	1548	18.5633
ERR13927574.12918	853	19.0528
ERR13927574.12919	1598	18.0607
ERR13927574.12920	1569	17.7744
ERR13927574.12921	1573	16.1380
ERR13927574.12922	1584	19.0013
ERR13927574.12923	1570	19.4860
ERR13927574.12924	1555	18.1884
ERR13927574.12925	1615	16.4817
ERR13927574.12926	1522	14.9566
ERR13927574.12927	1550	19.9748
ERR13927574.12928	1579	19.0925
ERR13927574.12929	1549	15.7063
ERR13927574.12930	1557	18.9075
ERR13927574.12931	1728	15.6829
ERR13927574.12932	1576	16.9543
ERR13927574.12933	1502	15.2936
ERR13927574.12934	1568	17.4349
ERR13927574.12935	1551	18.7260
ERR13927574.12936	1549	15.0497
ERR13927574.12937	814	14.5958
ERR13927574.12938	1554	18.7671
ERR13927574.12939	1565	15.3265
ERR13927574.12940	1534	17.2666
ERR13927574.12941	1559	17.3926
ERR13927574.12942	1632	17.8744
ERR13927574.12943	1564	19.9041
ERR13927574.12944	1578	18.7009
ERR13927574.12945	1580	20.5734
ERR13927574.12946	1569	17.3964
ERR13927574.12947	1492	15.0342
ERR13927574.12948	1576	21.7627
ERR13927574.12949	1488	18.2823
ERR13927574.12950	1511	16.1416
ERR13927574.12951	1608	17.4502
ERR13927574.12952	1608	15.2189
ERR13927574.12953	1533	17.3372
ERR13927574.12954	1582	16.9064
ERR13927574.12955	1596	17.6604
ERR13927574.12956	1600	14.4738
ERR13927574.12957	1582	16.4608
ERR13927574.12958	1568	20.4203
ERR13927574.12959	1594	14.9536
ERR13927574.12960	1594	17.0878
ERR13927574.12961	1598	18.7134
ERR13927574.12962	1597	15.9411
ERR13927574.12963	1571	19.1973
ERR13927574.12964	1553	18.0676
ERR13927574.12965	1587	18.3359
ERR13927574.12966	1576	20.0019
ERR13927574.12967	1556	18.0488
ERR13927574.12968	1557	17.4663
ERR13927574.12969	1575	17.8724
ERR13927574.12970	1529	16.2636
ERR13927574.12971	1465	14.9352
ERR13927574.12972	1567	14.9777
ERR13927574.12973	1602	14.7659
ERR13927574.12974	1600	16.8625
ERR13927574.12975	1539	19.6459
ERR13927574.12976	1588	20.3829
ERR13927574.12977	1530	16.2765
ERR13927574.12978	1537	17.9863
ERR13927574.12979	1534	15.8879
ERR13927574.12980	1507	16.5003
ERR13927574.12981	1529	17.5612
ERR13927574.12982	1572	19.3410
ERR13927574.12983	1555	19.1325
ERR13927574.12984	1632	18.0441
ERR13927574.12985	1559	18.8358
ERR13927574.12986	1523	19.8391
ERR13927574.12987	1580	17.5152
ERR13927574.12988	1590	17.4585
ERR13927574.12989	1515	15.9043
ERR13927574.12990	1555	20.5087
ERR13927574.12991	1555	19.6090
ERR13927574.12992	1588	17.3715
ERR13927574.12993	1577	15.3938
ERR13927574.12994	1606	19.2522
ERR13927574.12995	1516	17.9512
ERR13927574.12996	1590	18.5296
ERR13927574.12997	1556	15.5341
ERR13927574.12998	1502	15.4980
ERR13927574.12999	1627	18.3387
ERR13927574.13000	1571	18.8969
ERR13927574.13001	1528	16.5779
ERR13927574.13002	1571	19.6881
ERR13927574.13003	1576	18.0152
ERR13927574.13004	1560	17.2205
ERR13927574.13005	1517	16.7053
ERR13927574.13006	1570	17.7248
ERR13927574.13007	1451	15.6540
ERR13927574.13008	285	17.5263
ERR13927574.13009	1590	21.1610
ERR13927574.13010	1598	15.8135
ERR13927574.13011	1588	18.6146
ERR13927574.13012	1568	14.8546
ERR13927574.13013	1564	15.2084
ERR13927574.13014	1585	18.8114
ERR13927574.13015	1569	17.4353
ERR13927574.13016	1516	15.0825
ERR13927574.13017	1549	15.5584
ERR13927574.13018	1504	15.2540
ERR13927574.13019	1554	16.9775
ERR13927574.13020	1526	16.6356
ERR13927574.13021	1558	20.5064
ERR13927574.13022	1581	17.0120
ERR13927574.13023	1570	19.9197
ERR13927574.13024	1564	18.7097
ERR13927574.13025	1555	19.9421
ERR13927574.13026	1532	17.4869
ERR13927574.13027	1577	18.8859
ERR13927574.13028	1514	16.4485
ERR13927574.13029	1509	14.7422
ERR13927574.13030	1542	21.0785
ERR13927574.13031	1565	20.6767
ERR13927574.13032	1570	18.7248
ERR13927574.13033	1570	19.0854
ERR13927574.13034	1479	16.0230
ERR13927574.13035	1546	18.7102
ERR13927574.13036	1594	18.6688
ERR13927574.13037	1612	18.7060
ERR13927574.13038	1543	16.1562
ERR13927574.13039	1611	20.5264
ERR13927574.13040	1656	15.8213
ERR13927574.13041	1594	17.7691
ERR13927574.13042	1617	16.3779
ERR13927574.13043	1523	18.1701
ERR13927574.13044	1534	15.4289
ERR13927574.13045	1554	19.7896
ERR13927574.13046	1570	18.4758
ERR13927574.13047	1537	16.6825
ERR13927574.13048	1609	19.3170
ERR13927574.13049	1540	19.5922
ERR13927574.13050	1591	15.6072
ERR13927574.13051	1567	16.2642
ERR13927574.13052	1536	19.2747
ERR13927574.13053	1578	18.0101
ERR13927574.13054	1552	19.6385
ERR13927574.13055	1605	21.3713
ERR13927574.13056	1575	17.2654
ERR13927574.13057	1561	18.7149
ERR13927574.13058	1531	16.9282
ERR13927574.13059	1555	18.8939
ERR13927574.13060	1555	18.9029
ERR13927574.13061	1575	18.9517
ERR13927574.13062	1571	16.7307
ERR13927574.13063	1573	17.5359
ERR13927574.13064	1534	17.2999
ERR13927574.13065	1602	17.9320
ERR13927574.13066	1567	17.0855
ERR13927574.13067	1548	16.8146
ERR13927574.13068	1585	18.7874
ERR13927574.13069	1614	20.7007
ERR13927574.13070	1502	16.8868
ERR13927574.13071	1593	18.2894
ERR13927574.13072	1578	17.7402
ERR13927574.13073	1550	14.2871
ERR13927574.13074	1596	15.7769
ERR13927574.13075	1577	17.3995
ERR13927574.13076	1606	16.8499
ERR13927574.13077	1613	20.8103
ERR13927574.13078	1618	19.2608
ERR13927574.13079	1606	16.5592
ERR13927574.13080	1564	14.7628
ERR13927574.13081	1517	15.8635
ERR13927574.13082	1596	18.0652
ERR13927574.13083	1538	15.6886
ERR13927574.13084	1597	16.0776
ERR13927574.13085	1530	16.4712
ERR13927574.13086	1524	18.9285
ERR13927574.13087	1597	18.7295
ERR13927574.13088	1352	18.6982
ERR13927574.13089	1544	19.8504
ERR13927574.13090	1574	18.3793
ERR13927574.13091	1576	14.7462
ERR13927574.13092	1540	17.2078
ERR13927574.13093	1570	15.1408
ERR13927574.13094	1594	17.6524
ERR13927574.13095	1585	20.1981
ERR13927574.13096	1570	19.6879
ERR13927574.13097	1561	19.4337
ERR13927574.13098	1543	20.5988
ERR13927574.13099	1548	18.1027
ERR13927574.13100	1510	14.8338
ERR13927574.13101	1582	16.6650
ERR13927574.13102	1597	16.0319
ERR13927574.13103	1475	15.0610
ERR13927574.13104	1586	18.7598
ERR13927574.13105	1601	19.8682
ERR13927574.13106	1574	20.7052
ERR13927574.13107	1534	16.6375
ERR13927574.13108	1592	17.9730
ERR13927574.13109	1520	16.0507
ERR13927574.13110	1593	22.1230
ERR13927574.13111	1548	19.3624
ERR13927574.13112	1535	15.7590
ERR13927574.13113	1513	17.1309
ERR13927574.13114	1601	16.0443
ERR13927574.13115	1535	17.8352
ERR13927574.13116	1569	16.4461
ERR13927574.13117	1513	14.7746
ERR13927574.13118	1614	17.9362
ERR13927574.13119	1526	19.5537
ERR13927574.13120	1534	15.8918
ERR13927574.13121	1532	16.8773
ERR13927574.13122	1588	18.2720
ERR13927574.13123	1566	18.2708
ERR13927574.13124	1538	17.4818
ERR13927574.13125	1606	22.2696
ERR13927574.13126	1564	18.0754
ERR13927574.13127	1565	15.7732
ERR13927574.13128	1582	20.1681
ERR13927574.13129	1553	17.9440
ERR13927574.13130	1535	18.6332
ERR13927574.13131	1589	19.2681
ERR13927574.13132	1629	18.4451
ERR13927574.13133	1537	16.4470
ERR13927574.13134	1557	14.8799
ERR13927574.13135	1540	15.6513
ERR13927574.13136	1505	16.3116
ERR13927574.13137	1469	17.9687
ERR13927574.13138	1531	15.8295
ERR13927574.13139	490	14.5857
ERR13927574.13140	951	15.6088
ERR13927574.13141	1583	18.3405
ERR13927574.13142	1547	18.3963
ERR13927574.13143	1630	17.2061
ERR13927574.13144	1564	20.6196
ERR13927574.13145	1561	15.9327
ERR13927574.13146	1615	18.5808
ERR13927574.13147	1504	17.8836
ERR13927574.13148	1577	16.6842
ERR13927574.13149	1647	15.8695
ERR13927574.13150	1553	15.8899
ERR13927574.13151	1562	17.2714
ERR13927574.13152	1589	19.0592
ERR13927574.13153	1591	19.8240
ERR13927574.13154	1551	15.3933
ERR13927574.13155	1604	18.6746
ERR13927574.13156	1559	16.5504
ERR13927574.13157	1507	18.1380
ERR13927574.13158	1561	19.6848
ERR13927574.13159	1569	18.0064
ERR13927574.13160	1611	16.0155
ERR13927574.13161	1532	16.2415
ERR13927574.13162	1601	17.1949
ERR13927574.13163	1540	14.2948
ERR13927574.13164	1523	15.4091
ERR13927574.13165	1511	17.3905
ERR13927574.13166	1595	19.0727
ERR13927574.13167	1606	16.8929
ERR13927574.13168	1560	14.3526
ERR13927574.13169	1598	16.4249
ERR13927574.13170	1598	18.7891
ERR13927574.13171	1585	16.4379
ERR13927574.13172	1568	16.0848
ERR13927574.13173	1567	19.5475
ERR13927574.13174	1521	19.2137
ERR13927574.13175	180	14.2556
ERR13927574.13176	1708	19.5176
ERR13927574.13177	1568	20.5574
ERR13927574.13178	1599	16.2564
ERR13927574.13179	1403	15.6073
ERR13927574.13180	1184	17.7838
ERR13927574.13181	1557	18.7951
ERR13927574.13182	1515	16.0073
ERR13927574.13183	1553	17.3921
ERR13927574.13184	1566	18.2427
ERR13927574.13185	1676	18.7011
ERR13927574.13186	1570	18.8242
ERR13927574.13187	1527	16.3648
ERR13927574.13188	1609	14.7943
ERR13927574.13189	1548	15.2377
ERR13927574.13190	1525	20.5489
ERR13927574.13191	291	14.3093
ERR13927574.13192	1558	20.4666
ERR13927574.13193	1385	16.9256
ERR13927574.13194	1603	18.6051
ERR13927574.13195	1586	18.1343
ERR13927574.13196	1558	18.9249
ERR13927574.13197	1577	18.3608
ERR13927574.13198	1570	17.1146
ERR13927574.13199	1508	15.5995
ERR13927574.13200	1578	21.7814
ERR13927574.13201	1523	16.2009
ERR13927574.13202	1603	21.3013
ERR13927574.13203	1573	18.8538
ERR13927574.13204	1607	19.0492
ERR13927574.13205	1552	17.7571
ERR13927574.13206	1574	19.4409
ERR13927574.13207	1563	17.3148
ERR13927574.13208	1594	17.3011
ERR13927574.13209	1567	17.7090
ERR13927574.13210	1526	16.6317
ERR13927574.13211	1578	17.0716
ERR13927574.13212	1630	16.2638
ERR13927574.13213	1579	17.4788
ERR13927574.13214	1542	17.9131
ERR13927574.13215	1586	19.6166
ERR13927574.13216	1549	15.1291
ERR13927574.13217	1547	18.4047
ERR13927574.13218	1352	14.9305
ERR13927574.13219	1600	18.4088
ERR13927574.13220	1602	15.1635
ERR13927574.13221	1520	18.2750
ERR13927574.13222	1572	19.9669
ERR13927574.13223	1432	16.1124
ERR13927574.13224	1556	18.0726
ERR13927574.13225	1557	17.7559
ERR13927574.13226	1615	18.2545
ERR13927574.13227	1573	15.5213
ERR13927574.13228	1590	20.2440
ERR13927574.13229	1604	17.2643
ERR13927574.13230	1567	17.8973
ERR13927574.13231	1587	15.4020
ERR13927574.13232	1556	17.3387
ERR13927574.13233	1548	15.7946
ERR13927574.13234	1587	14.6654
ERR13927574.13235	1570	18.7006
ERR13927574.13236	1567	18.7849
ERR13927574.13237	1558	20.1855
ERR13927574.13238	1514	16.0964
ERR13927574.13239	1600	16.5825
ERR13927574.13240	1549	19.6746
ERR13927574.13241	1597	16.0526
ERR13927574.13242	1516	16.8476
ERR13927574.13243	1597	19.7364
ERR13927574.13244	1599	18.6467
ERR13927574.13245	1590	16.4843
ERR13927574.13246	1565	20.5182
ERR13927574.13247	1606	14.9240
ERR13927574.13248	1521	16.5963
ERR13927574.13249	1565	15.5182
ERR13927574.13250	1536	16.1855
ERR13927574.13251	1531	19.5101
ERR13927574.13252	1555	18.1177
ERR13927574.13253	1614	18.8717
ERR13927574.13254	1565	17.6971
ERR13927574.13255	294	13.1122
ERR13927574.13256	1567	17.8207
ERR13927574.13257	1094	17.4397
ERR13927574.13258	1583	16.5016
ERR13927574.13259	1596	15.8490
ERR13927574.13260	1565	18.4013
ERR13927574.13261	1567	20.7447
ERR13927574.13262	1616	18.1312
ERR13927574.13263	1583	20.8395
ERR13927574.13264	1607	17.8009
ERR13927574.13265	1628	18.1499
ERR13927574.13266	1609	21.3232
ERR13927574.13267	1557	14.2042
ERR13927574.13268	1612	19.2252
ERR13927574.13269	1543	15.4913
ERR13927574.13270	1455	15.1285
ERR13927574.13271	1548	15.7849
ERR13927574.13272	1579	19.1412
ERR13927574.13273	1559	19.8191
ERR13927574.13274	1563	14.9974
ERR13927574.13275	1599	19.9049
ERR13927574.13276	1564	18.2769
ERR13927574.13277	1591	21.6895
ERR13927574.13278	1573	18.0324
ERR13927574.13279	1571	18.8288
ERR13927574.13280	1602	15.5655
ERR13927574.13281	1417	18.0395
ERR13927574.13282	1606	16.0243
ERR13927574.13283	1188	16.8418
ERR13927574.13284	1593	20.6786
ERR13927574.13285	1570	19.5159
ERR13927574.13286	1581	20.6256
ERR13927574.13287	1601	19.1237
ERR13927574.13288	1577	20.8548
ERR13927574.13289	1544	16.5097
ERR13927574.13290	1544	18.7934
ERR13927574.13291	1569	17.0644
ERR13927574.13292	1629	20.1424
ERR13927574.13293	1557	18.3680
ERR13927574.13294	1625	18.5458
ERR13927574.13295	1525	15.2728
ERR13927574.13296	1560	20.9263
ERR13927574.13297	1585	21.3060
ERR13927574.13298	1578	21.0057
ERR13927574.13299	1706	17.2737
ERR13927574.13300	1603	20.3088
ERR13927574.13301	1604	19.3491
ERR13927574.13302	1586	20.4994
ERR13927574.13303	1564	20.7206
ERR13927574.13304	1633	19.3386
ERR13927574.13305	1564	22.0390
ERR13927574.13306	1556	14.1054
ERR13927574.13307	1586	18.4161
ERR13927574.13308	490	17.4776
ERR13927574.13309	1607	22.0236
ERR13927574.13310	1598	21.1133
ERR13927574.13311	1561	16.7348
ERR13927574.13312	1577	16.8922
ERR13927574.13313	1560	19.5026
ERR13927574.13314	1563	18.0275
ERR13927574.13315	1621	19.8260
ERR13927574.13316	1559	15.1578
ERR13927574.13317	1595	17.4382
ERR13927574.13318	1566	15.3863
ERR13927574.13319	1588	14.7374
ERR13927574.13320	1594	20.7215
ERR13927574.13321	1584	18.8965
ERR13927574.13322	1556	14.3785
ERR13927574.13323	1557	20.9846
ERR13927574.13324	1568	20.2283
ERR13927574.13325	1607	20.2433
ERR13927574.13326	1600	14.9225
ERR13927574.13327	1551	19.2334
ERR13927574.13328	1544	16.4462
ERR13927574.13329	1611	19.5748
ERR13927574.13330	1552	19.7906
ERR13927574.13331	1553	18.8950
ERR13927574.13332	1640	16.6043
ERR13927574.13333	1616	16.4425
ERR13927574.13334	1608	19.8781
ERR13927574.13335	1577	18.5295
ERR13927574.13336	1589	16.8496
ERR13927574.13337	1560	14.7160
ERR13927574.13338	1565	19.3770
ERR13927574.13339	1558	19.0616
ERR13927574.13340	1565	19.9955
ERR13927574.13341	1582	20.9722
ERR13927574.13342	1564	18.6637
ERR13927574.13343	1583	18.9627
ERR13927574.13344	1576	20.3687
ERR13927574.13345	1560	16.4942
ERR13927574.13346	1579	20.7612
ERR13927574.13347	1598	18.6408
ERR13927574.13348	1615	18.0625
ERR13927574.13349	1542	19.7639
ERR13927574.13350	1612	20.3716
ERR13927574.13351	1602	17.6923
ERR13927574.13352	1582	18.3546
ERR13927574.13353	1572	19.4854
ERR13927574.13354	1615	18.7926
ERR13927574.13355	1556	15.9319
ERR13927574.13356	1624	19.0246
ERR13927574.13357	1612	15.4864
ERR13927574.13358	1588	19.3086
ERR13927574.13359	1692	19.5455
ERR13927574.13360	1601	17.1487
ERR13927574.13361	1562	21.0851
ERR13927574.13362	1598	17.3360
ERR13927574.13363	1531	15.0157
ERR13927574.13364	1590	14.7308
ERR13927574.13365	1568	19.8807
ERR13927574.13366	1411	19.5620
ERR13927574.13367	1585	18.6139
ERR13927574.13368	1586	15.3291
ERR13927574.13369	1569	18.5768
ERR13927574.13370	1602	14.8446
ERR13927574.13371	1628	18.9349
ERR13927574.13372	1568	17.1996
ERR13927574.13373	1571	17.1203
ERR13927574.13374	1592	17.2977
ERR13927574.13375	1572	17.9682
ERR13927574.13376	1499	14.3122
ERR13927574.13377	1546	16.1501
ERR13927574.13378	1615	18.7697
ERR13927574.13379	1550	17.5632
ERR13927574.13380	1523	16.9041
ERR13927574.13381	1594	20.8802
ERR13927574.13382	1565	16.3700
ERR13927574.13383	1554	16.2574
ERR13927574.13384	1564	18.9156
ERR13927574.13385	1576	15.8712
ERR13927574.13386	1527	15.0210
ERR13927574.13387	1549	20.6527
ERR13927574.13388	1543	14.8503
ERR13927574.13389	1578	18.0856
ERR13927574.13390	677	17.3959
ERR13927574.13391	1535	17.9427
ERR13927574.13392	1543	17.0149
ERR13927574.13393	1614	21.1952
ERR13927574.13394	330	18.7879
ERR13927574.13395	810	18.1457
ERR13927574.13396	1546	14.5013
ERR13927574.13397	1608	17.8451
ERR13927574.13398	1603	17.9351
ERR13927574.13399	1427	15.8430
ERR13927574.13400	1584	17.3314
ERR13927574.13401	1598	15.4018
ERR13927574.13402	1807	16.0083
ERR13927574.13403	1567	17.5648
ERR13927574.13404	1585	15.8271
ERR13927574.13405	1654	18.7443
ERR13927574.13406	1573	18.4380
ERR13927574.13407	1579	14.9607
ERR13927574.13408	1503	15.9867
ERR13927574.13409	1301	18.7325
ERR13927574.13410	1539	16.3496
ERR13927574.13411	1602	14.9351
ERR13927574.13412	1181	19.1296
ERR13927574.13413	1564	15.1349
ERR13927574.13414	1566	19.1603
ERR13927574.13415	1607	18.0255
ERR13927574.13416	1560	18.8455
ERR13927574.13417	1574	15.6137
ERR13927574.13418	1540	16.0032
ERR13927574.13419	1548	17.7668
ERR13927574.13420	922	13.8709
ERR13927574.13421	617	17.5057
ERR13927574.13422	1553	15.8706
ERR13927574.13423	1570	18.3783
ERR13927574.13424	1570	17.1809
ERR13927574.13425	1603	18.7760
ERR13927574.13426	1266	14.6137
ERR13927574.13427	1588	18.4981
ERR13927574.13428	1567	19.0568
ERR13927574.13429	319	13.0282
ERR13927574.13430	1607	18.6192
ERR13927574.13431	1555	18.0399
ERR13927574.13432	1585	18.5754
ERR13927574.13433	1589	16.4965
ERR13927574.13434	1619	16.6924
ERR13927574.13435	1552	20.3466
ERR13927574.13436	1577	17.5352
ERR13927574.13437	1621	17.2085
ERR13927574.13438	1527	16.0341
ERR13927574.13439	1560	16.7090
ERR13927574.13440	1562	16.6338
ERR13927574.13441	1565	15.6473
ERR13927574.13442	1529	16.1373
ERR13927574.13443	1533	17.7449
ERR13927574.13444	1546	14.3894
ERR13927574.13445	1549	18.6940
ERR13927574.13446	1594	17.2491
ERR13927574.13447	1572	18.3632
ERR13927574.13448	1636	17.0391
ERR13927574.13449	1550	16.9884
ERR13927574.13450	1553	16.7167
ERR13927574.13451	1535	17.3023
ERR13927574.13452	1614	19.7286
ERR13927574.13453	1589	20.0013
ERR13927574.13454	1551	15.2940
ERR13927574.13455	1539	15.6368
ERR13927574.13456	1577	15.5098
ERR13927574.13457	1625	16.7292
ERR13927574.13458	1559	18.9339
ERR13927574.13459	1587	18.2161
ERR13927574.13460	1629	17.4076
ERR13927574.13461	1579	15.3547
ERR13927574.13462	1546	18.0213
ERR13927574.13463	1576	15.1326
ERR13927574.13464	1561	15.2152
ERR13927574.13465	1602	17.6036
ERR13927574.13466	1548	16.2132
ERR13927574.13467	1035	14.3411
ERR13927574.13468	1564	18.3689
ERR13927574.13469	1575	14.9219
ERR13927574.13470	1539	16.0643
ERR13927574.13471	1556	17.1150
ERR13927574.13472	1575	15.5460
ERR13927574.13473	1623	16.8971
ERR13927574.13474	1532	16.1449
ERR13927574.13475	1574	17.9752
ERR13927574.13476	1541	15.3459
ERR13927574.13477	1544	17.6334
ERR13927574.13478	1503	15.0266
ERR13927574.13479	1600	16.5650
ERR13927574.13480	1496	15.0949
ERR13927574.13481	1524	14.8340
ERR13927574.13482	1567	15.6956
ERR13927574.13483	1561	17.1166
ERR13927574.13484	1552	14.5593
ERR13927574.13485	1691	18.9119
ERR13927574.13486	1526	17.0419
ERR13927574.13487	1566	18.8678
ERR13927574.13488	1561	17.4837
ERR13927574.13489	1581	17.3017
ERR13927574.13490	1590	18.4472
ERR13927574.13491	1566	19.8052
ERR13927574.13492	1601	18.3954
ERR13927574.13493	1538	17.1801
ERR13927574.13494	1538	17.2984
ERR13927574.13495	1538	16.5650
ERR13927574.13496	1583	17.1529
ERR13927574.13497	1547	16.9651
ERR13927574.13498	1550	15.5761
ERR13927574.13499	1559	17.1276
ERR13927574.13500	1581	17.8368
ERR13927574.13501	1576	13.9105
ERR13927574.13502	1557	14.8170
ERR13927574.13503	1553	18.0457
ERR13927574.13504	1523	20.0998
ERR13927574.13505	1547	19.0414
ERR13927574.13506	1646	19.1817
ERR13927574.13507	1530	14.7804
ERR13927574.13508	1554	18.8932
ERR13927574.13509	1584	14.8226
ERR13927574.13510	1559	17.4830
ERR13927574.13511	1598	16.0000
ERR13927574.13512	1595	16.4665
ERR13927574.13513	1532	14.9432
ERR13927574.13514	1594	16.1161
ERR13927574.13515	1566	16.5562
ERR13927574.13516	1568	19.8297
ERR13927574.13517	1571	16.8708
ERR13927574.13518	2979	15.3068
ERR13927574.13519	1601	18.3017
ERR13927574.13520	1588	18.0989
ERR13927574.13521	1552	18.4613
ERR13927574.13522	1545	14.9683
ERR13927574.13523	1600	15.4744
ERR13927574.13524	1570	14.8204
ERR13927574.13525	1593	18.0534
ERR13927574.13526	1057	19.9395
ERR13927574.13527	1581	16.9001
ERR13927574.13528	1314	16.0061
ERR13927574.13529	1599	19.0482
ERR13927574.13530	1600	14.7538
ERR13927574.13531	1560	16.0647
ERR13927574.13532	1573	15.5067
ERR13927574.13533	1518	17.1765
ERR13927574.13534	1523	18.5016
ERR13927574.13535	1480	15.2405
ERR13927574.13536	1585	16.2732
ERR13927574.13537	1680	20.4708
ERR13927574.13538	1582	18.5101
ERR13927574.13539	1550	15.5445
ERR13927574.13540	164	16.5488
ERR13927574.13541	1539	15.1969
ERR13927574.13542	1356	18.3606
ERR13927574.13543	1554	15.9537
ERR13927574.13544	1455	14.8976
ERR13927574.13545	1598	17.5751
ERR13927574.13546	1540	21.5773
ERR13927574.13547	1561	16.4119
ERR13927574.13548	1608	15.5541
ERR13927574.13549	1536	18.2233
ERR13927574.13550	1554	17.9775
ERR13927574.13551	1579	17.8626
ERR13927574.13552	1564	18.3990
ERR13927574.13553	1621	16.1141
ERR13927574.13554	1591	16.5192
ERR13927574.13555	1559	16.1886
ERR13927574.13556	1616	19.2314
ERR13927574.13557	1535	20.1941
ERR13927574.13558	1570	19.9752
ERR13927574.13559	1581	17.2353
ERR13927574.13560	1525	17.1003
ERR13927574.13561	1573	19.4024
ERR13927574.13562	1613	20.5040
ERR13927574.13563	1573	19.0299
ERR13927574.13564	1536	14.2266
ERR13927574.13565	1585	18.2997
ERR13927574.13566	1567	15.3331
ERR13927574.13567	1582	15.8831
ERR13927574.13568	1556	18.2468
ERR13927574.13569	1554	16.1113
ERR13927574.13570	1596	18.6642
ERR13927574.13571	1590	14.7314
ERR13927574.13572	1642	14.4336
ERR13927574.13573	1588	18.4125
ERR13927574.13574	1579	18.4782
ERR13927574.13575	1563	19.4210
ERR13927574.13576	1644	15.3589
ERR13927574.13577	1592	18.6633
ERR13927574.13578	1582	18.9027
ERR13927574.13579	1594	19.1104
ERR13927574.13580	1611	16.9870
ERR13927574.13581	1599	16.6954
ERR13927574.13582	1604	15.5879
ERR13927574.13583	1579	14.1197
ERR13927574.13584	1772	15.6016
ERR13927574.13585	1546	14.5013
ERR13927574.13586	1548	15.2926
ERR13927574.13587	1597	17.3788
ERR13927574.13588	1590	20.9082
ERR13927574.13589	1544	17.6911
ERR13927574.13590	1580	18.1089
ERR13927574.13591	1561	18.0583
ERR13927574.13592	1522	15.3784
ERR13927574.13593	1554	15.7947
ERR13927574.13594	1599	18.5691
ERR13927574.13595	1594	17.0678
ERR13927574.13596	1585	16.4158
ERR13927574.13597	1579	19.8347
ERR13927574.13598	1636	19.8026
ERR13927574.13599	1604	18.0736
ERR13927574.13600	1601	18.3479
ERR13927574.13601	1551	16.5932
ERR13927574.13602	1544	16.8387
ERR13927574.13603	1544	19.4851
ERR13927574.13604	1609	16.6520
ERR13927574.13605	1577	18.4743
ERR13927574.13606	1527	15.3713
ERR13927574.13607	1523	14.4596
ERR13927574.13608	1587	17.0555
ERR13927574.13609	1665	17.8865
ERR13927574.13610	1564	16.1279
ERR13927574.13611	1555	19.5891
ERR13927574.13612	1556	15.5366
ERR13927574.13613	1582	16.7579
ERR13927574.13614	1598	16.1508
ERR13927574.13615	1579	17.6434
ERR13927574.13616	1569	19.1759
ERR13927574.13617	1620	15.9796
ERR13927574.13618	855	14.8175
ERR13927574.13619	1585	15.9798
ERR13927574.13620	1545	17.0706
ERR13927574.13621	1616	20.5198
ERR13927574.13622	1553	16.0580
ERR13927574.13623	1570	16.3529
ERR13927574.13624	1528	15.9588
ERR13927574.13625	1544	14.3335
ERR13927574.13626	1538	17.4733
ERR13927574.13627	1507	14.2588
ERR13927574.13628	1560	19.3000
ERR13927574.13629	152	16.1382
ERR13927574.13630	1570	15.9338
ERR13927574.13631	1572	19.1565
ERR13927574.13632	1617	20.6401
ERR13927574.13633	1570	17.4433
ERR13927574.13634	1559	15.9371
ERR13927574.13635	1542	17.3930
ERR13927574.13636	1574	16.6817
ERR13927574.13637	1553	14.8049
ERR13927574.13638	1527	16.7328
ERR13927574.13639	1476	16.7263
ERR13927574.13640	1617	17.7316
ERR13927574.13641	1583	16.6286
ERR13927574.13642	1566	17.3333
ERR13927574.13643	1592	17.0484
ERR13927574.13644	1584	14.4388
ERR13927574.13645	1630	19.1785
ERR13927574.13646	1509	20.5262
ERR13927574.13647	1581	17.8545
ERR13927574.13648	1550	18.5194
ERR13927574.13649	1488	14.8804
ERR13927574.13650	1572	18.9898
ERR13927574.13651	1567	15.9464
ERR13927574.13652	1565	15.2684
ERR13927574.13653	1592	20.8938
ERR13927574.13654	1531	17.6969
ERR13927574.13655	1569	17.0982
ERR13927574.13656	1481	15.5982
ERR13927574.13657	1589	20.3109
ERR13927574.13658	1559	16.0481
ERR13927574.13659	1577	17.6443
ERR13927574.13660	1599	19.2727
ERR13927574.13661	1546	17.8021
ERR13927574.13662	662	17.1858
ERR13927574.13663	1532	17.6057
ERR13927574.13664	1515	16.8442
ERR13927574.13665	1566	15.2842
ERR13927574.13666	1508	14.3415
ERR13927574.13667	1610	17.9478
ERR13927574.13668	1554	17.2960
ERR13927574.13669	1569	16.5067
ERR13927574.13670	1569	15.6839
ERR13927574.13671	1541	16.9689
ERR13927574.13672	1573	16.4291
ERR13927574.13673	1552	18.2777
ERR13927574.13674	1556	18.9338
ERR13927574.13675	1528	16.3796
ERR13927574.13676	1561	14.6477
ERR13927574.13677	1562	14.9834
ERR13927574.13678	1600	16.7413
ERR13927574.13679	1561	16.6682
ERR13927574.13680	1616	15.1120
ERR13927574.13681	1545	18.0272
ERR13927574.13682	1483	15.4794
ERR13927574.13683	1551	16.1857
ERR13927574.13684	1548	18.2939
ERR13927574.13685	1585	16.0278
ERR13927574.13686	1548	18.3870
ERR13927574.13687	1552	17.3415
ERR13927574.13688	1512	16.1799
ERR13927574.13689	1539	18.8226
ERR13927574.13690	1555	19.2958
ERR13927574.13691	1559	20.6325
ERR13927574.13692	1526	14.6645
ERR13927574.13693	1590	17.0252
ERR13927574.13694	1553	18.4443
ERR13927574.13695	1555	17.9833
ERR13927574.13696	1510	15.7656
ERR13927574.13697	1583	19.6267
ERR13927574.13698	1582	14.8255
ERR13927574.13699	1523	19.3355
ERR13927574.13700	1591	17.1106
ERR13927574.13701	1614	18.2001
ERR13927574.13702	140	15.2929
ERR13927574.13703	1559	18.9051
ERR13927574.13704	1546	16.2387
ERR13927574.13705	1581	18.2100
ERR13927574.13706	1580	15.6570
ERR13927574.13707	1521	18.6765
ERR13927574.13708	1537	17.6708
ERR13927574.13709	1536	17.1582
ERR13927574.13710	1532	16.9497
ERR13927574.13711	1391	18.1387
ERR13927574.13712	1546	16.8777
ERR13927574.13713	1547	15.0452
ERR13927574.13714	1551	15.9852
ERR13927574.13715	1564	18.9840
ERR13927574.13716	1601	19.6234
ERR13927574.13717	1537	16.7254
ERR13927574.13718	1549	15.7043
ERR13927574.13719	1577	14.6373
ERR13927574.13720	1512	15.8902
ERR13927574.13721	1551	15.4662
ERR13927574.13722	1538	15.9961
ERR13927574.13723	1523	15.5187
ERR13927574.13724	1576	21.0051
ERR13927574.13725	1526	14.0727
ERR13927574.13726	1580	18.3310
ERR13927574.13727	1691	16.5435
ERR13927574.13728	1219	15.2190
ERR13927574.13729	1539	15.5783
ERR13927574.13730	1527	14.2737
ERR13927574.13731	1578	17.9556
ERR13927574.13732	1490	14.8423
ERR13927574.13733	1119	17.2413
ERR13927574.13734	1527	16.1519
ERR13927574.13735	1548	18.8101
ERR13927574.13736	1546	16.3027
ERR13927574.13737	1606	18.1949
ERR13927574.13738	1507	19.4459
ERR13927574.13739	1581	17.8754
ERR13927574.13740	1566	17.6858
ERR13927574.13741	1533	15.2003
ERR13927574.13742	1502	15.0180
ERR13927574.13743	1573	14.3083
ERR13927574.13744	1555	14.1312
ERR13927574.13745	1589	19.8653
ERR13927574.13746	1539	17.0221
ERR13927574.13747	1618	17.3677
ERR13927574.13748	1548	15.9328
ERR13927574.13749	1563	15.7639
ERR13927574.13750	1574	15.1169
ERR13927574.13751	1467	14.1725
ERR13927574.13752	1581	16.5490
ERR13927574.13753	550	15.1964
ERR13927574.13754	1546	14.8221
ERR13927574.13755	1613	18.7843
ERR13927574.13756	1547	15.7253
ERR13927574.13757	1538	15.8966
ERR13927574.13758	1247	14.8677
ERR13927574.13759	307	14.4919
ERR13927574.13760	1610	18.5081
ERR13927574.13761	1614	17.3662
ERR13927574.13762	1594	17.9316
ERR13927574.13763	1601	18.6565
ERR13927574.13764	1603	17.4223
ERR13927574.13765	1522	15.7799
ERR13927574.13766	1572	21.0967
ERR13927574.13767	1442	15.3467
ERR13927574.13768	1559	18.4644
ERR13927574.13769	1591	20.0138
ERR13927574.13770	1582	18.2819
ERR13927574.13771	1536	15.1530
ERR13927574.13772	1505	15.2724
ERR13927574.13773	1576	16.5114
ERR13927574.13774	1565	18.5118
ERR13927574.13775	1551	15.7266
ERR13927574.13776	1586	16.5044
ERR13927574.13777	1531	15.6486
ERR13927574.13778	1522	16.6781
ERR13927574.13779	1600	14.8356
ERR13927574.13780	1544	14.1645
ERR13927574.13781	1620	14.9630
ERR13927574.13782	1558	15.0546
ERR13927574.13783	1563	16.5566
ERR13927574.13784	1476	15.8557
ERR13927574.13785	1617	16.3445
ERR13927574.13786	197	12.8376
ERR13927574.13787	1582	18.4558
ERR13927574.13788	1592	19.2324
ERR13927574.13789	1612	20.5881
ERR13927574.13790	1534	15.1317
ERR13927574.13791	1533	15.7169
ERR13927574.13792	1557	16.3764
ERR13927574.13793	1556	17.6857
ERR13927574.13794	1573	19.1564
ERR13927574.13795	1538	16.0319
ERR13927574.13796	1554	16.7600
ERR13927574.13797	1525	15.9843
ERR13927574.13798	1533	15.4260
ERR13927574.13799	1572	15.0280
ERR13927574.13800	1618	17.7818
ERR13927574.13801	1527	15.2842
ERR13927574.13802	1531	16.6310
ERR13927574.13803	1557	18.4868
ERR13927574.13804	1597	19.1165
ERR13927574.13805	1668	15.5713
ERR13927574.13806	1592	17.7582
ERR13927574.13807	1512	16.1164
ERR13927574.13808	1120	16.3857
ERR13927574.13809	1523	16.8437
ERR13927574.13810	1207	16.2063
ERR13927574.13811	1495	17.8943
ERR13927574.13812	1582	16.9975
ERR13927574.13813	1556	17.9409
ERR13927574.13814	1535	17.8840
ERR13927574.13815	1487	14.8823
ERR13927574.13816	1546	15.4767
ERR13927574.13817	1572	18.3709
ERR13927574.13818	1573	15.9657
ERR13927574.13819	1591	18.4375
ERR13927574.13820	1575	15.7670
ERR13927574.13821	1537	18.0481
ERR13927574.13822	1557	17.9422
ERR13927574.13823	1531	16.0111
ERR13927574.13824	1551	17.6602
ERR13927574.13825	1584	18.0638
ERR13927574.13826	1531	17.7897
ERR13927574.13827	1584	16.3283
ERR13927574.13828	1573	18.7692
ERR13927574.13829	1544	15.6826
ERR13927574.13830	1608	16.9739
ERR13927574.13831	1592	18.2977
ERR13927574.13832	1561	14.4465
ERR13927574.13833	1555	16.4206
ERR13927574.13834	1532	14.8342
ERR13927574.13835	1609	15.6743
ERR13927574.13836	1579	15.5681
ERR13927574.13837	1573	17.2810
ERR13927574.13838	1521	14.9290
ERR13927574.13839	1533	17.0509
ERR13927574.13840	519	14.0405
ERR13927574.13841	1572	19.4688
ERR13927574.13842	1517	15.6170
ERR13927574.13843	1550	19.1013
ERR13927574.13844	1564	17.3945
ERR13927574.13845	1509	15.2001
ERR13927574.13846	1584	15.2639
ERR13927574.13847	1543	15.5424
ERR13927574.13848	1552	18.3550
ERR13927574.13849	1538	19.4538
ERR13927574.13850	1485	16.2007
ERR13927574.13851	1551	19.4217
ERR13927574.13852	237	14.0844
ERR13927574.13853	1068	14.8708
ERR13927574.13854	1570	18.6471
ERR13927574.13855	1511	15.8206
ERR13927574.13856	1599	16.4816
ERR13927574.13857	1274	16.9035
ERR13927574.13858	1563	15.8522
ERR13927574.13859	1615	18.2396
ERR13927574.13860	1527	15.4695
ERR13927574.13861	1548	17.2700
ERR13927574.13862	1746	16.3316
ERR13927574.13863	1573	16.5950
ERR13927574.13864	1497	14.9218
ERR13927574.13865	1655	16.2622
ERR13927574.13866	1582	15.6618
ERR13927574.13867	1560	16.0538
ERR13927574.13868	1585	16.9375
ERR13927574.13869	1588	16.6518
ERR13927574.13870	1578	17.9113
ERR13927574.13871	1562	14.8547
ERR13927574.13872	1030	16.9631
ERR13927574.13873	1530	16.8346
ERR13927574.13874	1587	17.1254
ERR13927574.13875	1597	17.2160
ERR13927574.13876	1605	16.9271
ERR13927574.13877	1573	15.7476
ERR13927574.13878	1567	17.3567
ERR13927574.13879	1550	15.2148
ERR13927574.13880	1573	15.2587
ERR13927574.13881	1480	14.2642
ERR13927574.13882	1033	14.0290
ERR13927574.13883	1427	15.5788
ERR13927574.13884	1565	18.7661
ERR13927574.13885	1553	17.7888
ERR13927574.13886	497	14.6640
ERR13927574.13887	226	10.4071
ERR13927574.13888	1567	18.9311
ERR13927574.13889	1542	15.1446
ERR13927574.13890	1538	15.5254
ERR13927574.13891	1560	15.0308
ERR13927574.13892	1577	19.1795
ERR13927574.13893	1566	18.6175
ERR13927574.13894	1614	18.3538
ERR13927574.13895	1510	15.5801
ERR13927574.13896	1660	16.0916
ERR13927574.13897	1507	15.6828
ERR13927574.13898	1554	16.9994
ERR13927574.13899	1618	17.1032
ERR13927574.13900	1608	15.1679
ERR13927574.13901	1579	16.6149
ERR13927574.13902	1543	17.5444
ERR13927574.13903	1496	15.2092
ERR13927574.13904	1532	15.6802
ERR13927574.13905	1510	14.7589
ERR13927574.13906	1541	15.0143
ERR13927574.13907	1483	14.7377
ERR13927574.13908	349	16.3381
ERR13927574.13909	1340	16.4679
ERR13927574.13910	1546	17.5666
ERR13927574.13911	1676	15.7882
ERR13927574.13912	1564	14.4380
ERR13927574.13913	1547	17.5281
ERR13927574.13914	1521	16.8626
ERR13927574.13915	1614	16.7800
ERR13927574.13916	1597	18.4452
ERR13927574.13917	1591	18.2439
ERR13927574.13918	1577	17.8510
ERR13927574.13919	1561	15.6291
ERR13927574.13920	1484	17.4798
ERR13927574.13921	1576	18.9365
ERR13927574.13922	1544	15.8504
ERR13927574.13923	1567	16.8003
ERR13927574.13924	1484	14.5175
ERR13927574.13925	1570	15.8363
ERR13927574.13926	1481	15.9034
ERR13927574.13927	1519	18.6728
ERR13927574.13928	1549	15.4074
ERR13927574.13929	1533	14.6504
ERR13927574.13930	1531	17.2221
ERR13927574.13931	1518	15.5547
ERR13927574.13932	1517	17.3309
ERR13927574.13933	1550	15.4303
ERR13927574.13934	1579	18.8980
ERR13927574.13935	1588	16.1606
ERR13927574.13936	1571	15.7460
ERR13927574.13937	1474	15.5787
ERR13927574.13938	1573	15.9962
ERR13927574.13939	1561	16.1268
ERR13927574.13940	1616	17.3267
ERR13927574.13941	1518	16.6087
ERR13927574.13942	1598	17.2854
ERR13927574.13943	1573	16.8506
ERR13927574.13944	1609	16.6650
ERR13927574.13945	1582	18.6327
ERR13927574.13946	1598	17.9431
ERR13927574.13947	1536	15.9355
ERR13927574.13948	1562	18.7369
ERR13927574.13949	1589	19.1334
ERR13927574.13950	1514	15.6453
ERR13927574.13951	1558	16.8357
ERR13927574.13952	1570	20.2140
ERR13927574.13953	1601	17.8470
ERR13927574.13954	1564	20.2065
ERR13927574.13955	1579	17.3192
ERR13927574.13956	1582	18.4633
ERR13927574.13957	1588	18.2922
ERR13927574.13958	1613	18.0756
ERR13927574.13959	1582	18.1308
ERR13927574.13960	1598	21.7378
ERR13927574.13961	1542	15.4202
ERR13927574.13962	1579	18.8892
ERR13927574.13963	1573	18.8137
ERR13927574.13964	1568	20.8399
ERR13927574.13965	1547	19.3387
ERR13927574.13966	1589	18.5368
ERR13927574.13967	1556	16.2744
ERR13927574.13968	1565	19.9201
ERR13927574.13969	1576	20.5495
ERR13927574.13970	1575	19.8648
ERR13927574.13971	1611	16.5500
ERR13927574.13972	1532	15.9530
ERR13927574.13973	1601	19.8645
ERR13927574.13974	1598	16.5889
ERR13927574.13975	1559	18.5465
ERR13927574.13976	1616	20.2624
ERR13927574.13977	1565	17.2479
ERR13927574.13978	1603	17.9488
ERR13927574.13979	1584	21.4848
ERR13927574.13980	1603	17.5203
ERR13927574.13981	1578	15.7022
ERR13927574.13982	1612	20.4392
ERR13927574.13983	1557	20.8022
ERR13927574.13984	1561	14.9789
ERR13927574.13985	1571	18.9752
ERR13927574.13986	1604	18.3878
ERR13927574.13987	1582	20.5847
ERR13927574.13988	1569	16.8349
ERR13927574.13989	1587	17.7278
ERR13927574.13990	1635	16.5755
ERR13927574.13991	1583	18.0126
ERR13927574.13992	1572	18.8416
ERR13927574.13993	1567	21.1838
ERR13927574.13994	1580	15.6886
ERR13927574.13995	1610	18.1963
ERR13927574.13996	1590	18.0767
ERR13927574.13997	1560	17.6962
ERR13927574.13998	1542	15.3243
ERR13927574.13999	1567	15.7658
ERR13927574.14000	1597	17.0269
ERR13927574.14001	1486	17.6999
ERR13927574.14002	1563	16.9923
ERR13927574.14003	1567	16.4474
ERR13927574.14004	1588	19.4956
ERR13927574.14005	1568	20.3909
ERR13927574.14006	1585	17.9028
ERR13927574.14007	1563	18.4530
ERR13927574.14008	1595	19.9787
ERR13927574.14009	1576	19.5190
ERR13927574.14010	1596	21.7212
ERR13927574.14011	1628	19.1437
ERR13927574.14012	1067	18.4461
ERR13927574.14013	1613	18.7588
ERR13927574.14014	1556	19.8143
ERR13927574.14015	1616	19.7184
ERR13927574.14016	1625	18.1058
ERR13927574.14017	1564	18.4949
ERR13927574.14018	1582	17.8255
ERR13927574.14019	1596	18.3008
ERR13927574.14020	1615	19.7455
ERR13927574.14021	1604	16.6608
ERR13927574.14022	1581	15.7230
ERR13927574.14023	1581	17.5939
ERR13927574.14024	1570	20.0369
ERR13927574.14025	1582	21.5152
ERR13927574.14026	1619	20.3953
ERR13927574.14027	1609	18.0920
ERR13927574.14028	1564	20.5946
ERR13927574.14029	1673	19.5158
ERR13927574.14030	1593	18.9780
ERR13927574.14031	1569	20.6603
ERR13927574.14032	1553	16.4076
ERR13927574.14033	1584	17.6723
ERR13927574.14034	1577	17.9410
ERR13927574.14035	1582	15.7819
ERR13927574.14036	1624	19.1490
ERR13927574.14037	1617	20.7582
ERR13927574.14038	1606	19.9514
ERR13927574.14039	1575	18.7314
ERR13927574.14040	222	11.0631
ERR13927574.14041	1580	20.2348
ERR13927574.14042	1607	19.1232
ERR13927574.14043	787	17.1410
ERR13927574.14044	1588	16.0560
ERR13927574.14045	1559	17.5048
ERR13927574.14046	1565	24.1834
ERR13927574.14047	1595	20.7191
ERR13927574.14048	1549	17.9077
ERR13927574.14049	1590	16.2138
ERR13927574.14050	1551	18.0709
ERR13927574.14051	244	14.7008
ERR13927574.14052	1615	19.9015
ERR13927574.14053	1586	16.8752
ERR13927574.14054	1593	20.1048
ERR13927574.14055	1556	18.4936
ERR13927574.14056	1612	18.9355
ERR13927574.14057	1608	20.0379
ERR13927574.14058	1589	20.9012
ERR13927574.14059	1573	18.2702
ERR13927574.14060	1620	19.6809
ERR13927574.14061	1562	18.1517
ERR13927574.14062	1587	19.2048
ERR13927574.14063	1562	19.8880
ERR13927574.14064	1704	17.8063
ERR13927574.14065	1587	20.7505
ERR13927574.14066	1563	20.5937
ERR13927574.14067	1593	17.4262
ERR13927574.14068	930	18.6946
ERR13927574.14069	1561	21.0980
ERR13927574.14070	1530	15.8346
ERR13927574.14071	1564	18.8491
ERR13927574.14072	1619	19.4694
ERR13927574.14073	1571	19.6652
ERR13927574.14074	1535	18.1029
ERR13927574.14075	1574	18.3806
ERR13927574.14076	1592	19.3976
ERR13927574.14077	1583	21.6980
ERR13927574.14078	1568	17.7806
ERR13927574.14079	1601	16.0356
ERR13927574.14080	1565	18.2760
ERR13927574.14081	1679	17.5289
ERR13927574.14082	1555	17.5730
ERR13927574.14083	1577	16.0247
ERR13927574.14084	1564	17.9105
ERR13927574.14085	1491	15.2871
ERR13927574.14086	1500	16.5607
ERR13927574.14087	1559	18.9872
ERR13927574.14088	1492	17.0744
ERR13927574.14089	1605	18.5427
ERR13927574.14090	1587	18.3081
ERR13927574.14091	1568	16.3769
ERR13927574.14092	3135	15.2603
ERR13927574.14093	1579	15.8664
ERR13927574.14094	1530	15.4556
ERR13927574.14095	1541	17.6502
ERR13927574.14096	1595	17.0006
ERR13927574.14097	1523	16.6093
ERR13927574.14098	1593	18.1193
ERR13927574.14099	1559	17.5061
ERR13927574.14100	1566	16.2490
ERR13927574.14101	1663	16.2610
ERR13927574.14102	1576	18.9511
ERR13927574.14103	423	17.6619
ERR13927574.14104	1483	14.4558
ERR13927574.14105	1569	14.8636
ERR13927574.14106	1546	16.1714
ERR13927574.14107	1532	17.2800
ERR13927574.14108	1593	16.6039
ERR13927574.14109	1620	16.8006
ERR13927574.14110	1558	14.3697
ERR13927574.14111	1583	16.1447
ERR13927574.14112	1535	18.3818
ERR13927574.14113	1484	14.7615
ERR13927574.14114	1541	14.9689
ERR13927574.14115	1556	18.7423
ERR13927574.14116	1501	15.8068
ERR13927574.14117	1534	15.7686
ERR13927574.14118	1533	17.9726
ERR13927574.14119	1540	16.9201
ERR13927574.14120	1507	16.2342
ERR13927574.14121	1542	15.5493
ERR13927574.14122	1574	14.9994
ERR13927574.14123	1561	17.7611
ERR13927574.14124	1616	16.5761
ERR13927574.14125	1587	17.9225
ERR13927574.14126	1025	16.7200
ERR13927574.14127	1481	15.2930
ERR13927574.14128	1561	18.0045
ERR13927574.14129	1409	17.0490
ERR13927574.14130	1618	15.4023
ERR13927574.14131	1553	15.7572
ERR13927574.14132	1565	17.1553
ERR13927574.14133	1520	17.0217
ERR13927574.14134	1554	15.8771
ERR13927574.14135	1538	17.3349
ERR13927574.14136	1615	15.5319
ERR13927574.14137	1526	15.4594
ERR13927574.14138	1569	16.5131
ERR13927574.14139	736	14.9823
ERR13927574.14140	1608	18.9677
ERR13927574.14141	1603	18.2202
ERR13927574.14142	1569	15.0918
ERR13927574.14143	1588	16.6297
ERR13927574.14144	1580	19.2544
ERR13927574.14145	1525	16.3416
ERR13927574.14146	1003	17.0927
ERR13927574.14147	1571	17.8676
ERR13927574.14148	1599	17.0313
ERR13927574.14149	1544	17.1671
ERR13927574.14150	1544	15.2604
ERR13927574.14151	1500	15.3853
ERR13927574.14152	1563	16.5406
ERR13927574.14153	1575	19.1460
ERR13927574.14154	1590	17.7755
ERR13927574.14155	1596	16.1591
ERR13927574.14156	1600	17.7338
ERR13927574.14157	1594	19.0458
ERR13927574.14158	786	14.3779
ERR13927574.14159	1559	17.8063
ERR13927574.14160	1613	17.7905
ERR13927574.14161	1699	15.8187
ERR13927574.14162	1513	16.4058
ERR13927574.14163	1556	18.7796
ERR13927574.14164	1605	18.5508
ERR13927574.14165	1525	13.9167
ERR13927574.14166	1556	16.3946
ERR13927574.14167	1523	16.0158
ERR13927574.14168	1568	17.9094
ERR13927574.14169	1585	21.5830
ERR13927574.14170	1602	20.2285
ERR13927574.14171	1540	16.0675
ERR13927574.14172	1583	17.6115
ERR13927574.14173	1571	15.7530
ERR13927574.14174	1583	18.9375
ERR13927574.14175	1582	15.6207
ERR13927574.14176	1555	15.9023
ERR13927574.14177	1561	18.0301
ERR13927574.14178	1578	16.0292
ERR13927574.14179	1587	19.8336
ERR13927574.14180	1523	16.0007
ERR13927574.14181	1578	18.1806
ERR13927574.14182	1578	18.4221
ERR13927574.14183	1582	18.0853
ERR13927574.14184	1565	14.9367
ERR13927574.14185	1593	20.2134
ERR13927574.14186	1553	19.9440
ERR13927574.14187	1588	18.7557
ERR13927574.14188	1557	19.2113
ERR13927574.14189	1559	18.2001
ERR13927574.14190	1545	18.1230
ERR13927574.14191	1603	17.0405
ERR13927574.14192	1599	20.4353
ERR13927574.14193	1547	19.1325
ERR13927574.14194	1495	16.4749
ERR13927574.14195	1573	17.9345
ERR13927574.14196	1542	18.5019
ERR13927574.14197	1562	18.5205
ERR13927574.14198	1620	19.2784
ERR13927574.14199	1603	20.3412
ERR13927574.14200	1365	17.8498
ERR13927574.14201	1578	22.1046
ERR13927574.14202	1608	14.7904
ERR13927574.14203	1589	17.4896
ERR13927574.14204	1572	16.9345
ERR13927574.14205	1544	16.2144
ERR13927574.14206	1555	18.2141
ERR13927574.14207	1560	20.3321
ERR13927574.14208	1564	17.7845
ERR13927574.14209	1591	17.2596
ERR13927574.14210	1562	16.6703
ERR13927574.14211	1221	20.2007
ERR13927574.14212	1588	18.9811
ERR13927574.14213	1578	20.5361
ERR13927574.14214	1610	16.7304
ERR13927574.14215	1566	17.6015
ERR13927574.14216	1581	15.7691
ERR13927574.14217	1583	21.1971
ERR13927574.14218	1553	20.0972
ERR13927574.14219	1567	18.6375
ERR13927574.14220	1581	20.5515
ERR13927574.14221	1619	17.7288
ERR13927574.14222	1572	17.3352
ERR13927574.14223	1630	15.9933
ERR13927574.14224	1336	15.1684
ERR13927574.14225	1633	15.9333
ERR13927574.14226	262	15.4160
ERR13927574.14227	1560	20.5410
ERR13927574.14228	1570	21.8306
ERR13927574.14229	1601	15.9413
ERR13927574.14230	1584	16.3207
ERR13927574.14231	1573	19.9250
ERR13927574.14232	1573	18.6484
ERR13927574.14233	1579	17.2888
ERR13927574.14234	1574	16.2719
ERR13927574.14235	1579	19.3414
ERR13927574.14236	1594	18.0483
ERR13927574.14237	1566	21.0843
ERR13927574.14238	1558	19.7850
ERR13927574.14239	1555	18.6534
ERR13927574.14240	1522	16.0171
ERR13927574.14241	1577	15.6595
ERR13927574.14242	1335	19.3491
ERR13927574.14243	1592	18.8549
ERR13927574.14244	1565	16.9419
ERR13927574.14245	1586	15.3884
ERR13927574.14246	1567	19.3044
ERR13927574.14247	1552	16.3286
ERR13927574.14248	1591	19.3281
ERR13927574.14249	1590	18.5302
ERR13927574.14250	1628	20.7420
ERR13927574.14251	1574	17.0368
ERR13927574.14252	1595	16.6571
ERR13927574.14253	1582	19.1068
ERR13927574.14254	1613	19.3118
ERR13927574.14255	1614	15.7652
ERR13927574.14256	1582	19.9791
ERR13927574.14257	1611	17.0074
ERR13927574.14258	1600	20.8031
ERR13927574.14259	1561	18.8219
ERR13927574.14260	1563	17.8285
ERR13927574.14261	209	14.7033
ERR13927574.14262	1590	19.8868
ERR13927574.14263	1551	18.2328
ERR13927574.14264	1599	17.3277
ERR13927574.14265	1604	20.1901
ERR13927574.14266	1592	19.2613
ERR13927574.14267	1561	18.2889
ERR13927574.14268	1619	16.6090
ERR13927574.14269	1560	18.9141
ERR13927574.14270	1611	15.9584
ERR13927574.14271	1546	16.3836
ERR13927574.14272	1633	19.5799
ERR13927574.14273	1586	14.6967
ERR13927574.14274	655	18.5267
ERR13927574.14275	1571	19.8218
ERR13927574.14276	1615	20.7133
ERR13927574.14277	1559	16.2803
ERR13927574.14278	1596	16.1805
ERR13927574.14279	1691	16.7918
ERR13927574.14280	1578	19.2275
ERR13927574.14281	1592	16.1482
ERR13927574.14282	1606	18.6301
ERR13927574.14283	1616	18.0514
ERR13927574.14284	1588	16.5743
ERR13927574.14285	1571	18.4965
ERR13927574.14286	1575	17.6749
ERR13927574.14287	1615	18.3777
ERR13927574.14288	1617	20.8782
ERR13927574.14289	1614	18.1419
ERR13927574.14290	1561	20.4619
ERR13927574.14291	1563	16.0870
ERR13927574.14292	1566	16.6571
ERR13927574.14293	1548	18.0517
ERR13927574.14294	1539	17.9656
ERR13927574.14295	1562	18.3528
ERR13927574.14296	1552	18.7055
ERR13927574.14297	1597	21.0382
ERR13927574.14298	1542	18.5824
ERR13927574.14299	1592	19.0358
ERR13927574.14300	1592	17.8078
ERR13927574.14301	1597	19.5034
ERR13927574.14302	1585	15.2498
ERR13927574.14303	1614	18.4740
ERR13927574.14304	1518	19.1825
ERR13927574.14305	1524	18.7552
ERR13927574.14306	1560	15.2936
ERR13927574.14307	1593	19.2662
ERR13927574.14308	1575	19.4635
ERR13927574.14309	1714	18.8151
ERR13927574.14310	1537	17.3910
ERR13927574.14311	1572	20.9307
ERR13927574.14312	1539	16.1897
ERR13927574.14313	1562	16.5877
ERR13927574.14314	399	18.1128
ERR13927574.14315	1574	19.5826
ERR13927574.14316	1604	19.6203
ERR13927574.14317	1589	19.4305
ERR13927574.14318	748	19.9078
ERR13927574.14319	1567	16.4710
ERR13927574.14320	1580	17.9595
ERR13927574.14321	1564	20.5326
ERR13927574.14322	1618	18.9716
ERR13927574.14323	1573	16.3954
ERR13927574.14324	1542	14.6777
ERR13927574.14325	1213	17.1179
ERR13927574.14326	1561	17.9994
ERR13927574.14327	1757	21.2066
ERR13927574.14328	1556	17.2481
ERR13927574.14329	1594	17.6186
ERR13927574.14330	1597	18.7984
ERR13927574.14331	1620	20.0086
ERR13927574.14332	1537	15.8835
ERR13927574.14333	1560	18.8083
ERR13927574.14334	1556	20.2166
ERR13927574.14335	824	18.2621
ERR13927574.14336	1608	20.7295
ERR13927574.14337	1569	18.8534
ERR13927574.14338	1575	18.1606
ERR13927574.14339	1577	18.7451
ERR13927574.14340	1599	19.1301
ERR13927574.14341	1565	19.9393
ERR13927574.14342	1596	18.7945
ERR13927574.14343	1593	16.3478
ERR13927574.14344	1535	18.0384
ERR13927574.14345	1584	17.2658
ERR13927574.14346	1571	18.3959
ERR13927574.14347	1555	16.9254
ERR13927574.14348	1543	20.0376
ERR13927574.14349	1598	18.7541
ERR13927574.14350	1552	15.7126
ERR13927574.14351	1562	15.7593
ERR13927574.14352	1565	16.8773
ERR13927574.14353	1603	20.5627
ERR13927574.14354	1556	16.5758
ERR13927574.14355	1595	19.4947
ERR13927574.14356	1568	18.9681
ERR13927574.14357	1616	20.1281
ERR13927574.14358	1560	17.5192
ERR13927574.14359	1557	21.4579
ERR13927574.14360	1551	19.0535
ERR13927574.14361	1594	17.2396
ERR13927574.14362	1590	20.7019
ERR13927574.14363	1597	15.2004
ERR13927574.14364	1591	14.8234
ERR13927574.14365	1564	15.1624
ERR13927574.14366	1557	18.0925
ERR13927574.14367	1596	19.8340
ERR13927574.14368	1572	19.6043
ERR13927574.14369	1560	18.1494
ERR13927574.14370	1552	18.9723
ERR13927574.14371	1622	19.5851
ERR13927574.14372	1540	18.9071
ERR13927574.14373	1601	20.2804
ERR13927574.14374	1619	20.9994
ERR13927574.14375	1590	17.8031
ERR13927574.14376	1606	17.9788
ERR13927574.14377	1554	16.4247
ERR13927574.14378	1616	19.0334
ERR13927574.14379	1571	18.2081
ERR13927574.14380	1566	17.8563
ERR13927574.14381	1578	16.6572
ERR13927574.14382	1614	18.7398
ERR13927574.14383	1596	18.5990
ERR13927574.14384	1571	19.9739
ERR13927574.14385	1574	14.5661
ERR13927574.14386	1583	19.6835
ERR13927574.14387	1558	18.7664
ERR13927574.14388	1625	19.5545
ERR13927574.14389	1571	17.4195
ERR13927574.14390	1582	22.6814
ERR13927574.14391	1592	17.9165
ERR13927574.14392	1568	16.7812
ERR13927574.14393	1565	16.8390
ERR13927574.14394	1611	21.9932
ERR13927574.14395	1604	15.9401
ERR13927574.14396	1605	16.4336
ERR13927574.14397	1575	16.8381
ERR13927574.14398	1577	20.5067
ERR13927574.14399	1597	16.0482
ERR13927574.14400	1554	18.9048
ERR13927574.14401	1598	20.0870
ERR13927574.14402	1590	18.7717
ERR13927574.14403	1409	20.2229
ERR13927574.14404	1570	19.0592
ERR13927574.14405	1586	19.0605
ERR13927574.14406	1588	16.6121
ERR13927574.14407	1606	17.2995
ERR13927574.14408	1578	18.5627
ERR13927574.14409	1558	16.0770
ERR13927574.14410	1596	17.7055
ERR13927574.14411	1621	17.7008
ERR13927574.14412	1588	20.8715
ERR13927574.14413	1555	20.1395
ERR13927574.14414	1552	15.1385
ERR13927574.14415	1577	17.3215
ERR13927574.14416	1556	21.8053
ERR13927574.14417	1546	17.9812
ERR13927574.14418	1590	16.8214
ERR13927574.14419	1536	14.3652
ERR13927574.14420	1566	19.4496
ERR13927574.14421	1593	18.7062
ERR13927574.14422	1558	20.2529
ERR13927574.14423	1566	18.1443
ERR13927574.14424	1585	16.6770
ERR13927574.14425	1584	19.8321
ERR13927574.14426	1534	18.2256
ERR13927574.14427	1592	18.1828
ERR13927574.14428	1555	19.7042
ERR13927574.14429	1513	15.4574
ERR13927574.14430	1540	16.2695
ERR13927574.14431	1634	20.5624
ERR13927574.14432	1612	16.0651
ERR13927574.14433	1586	16.9987
ERR13927574.14434	1571	18.3628
ERR13927574.14435	1593	18.8939
ERR13927574.14436	1609	18.5991
ERR13927574.14437	1566	16.7178
ERR13927574.14438	1608	19.5641
ERR13927574.14439	1599	18.5791
ERR13927574.14440	1621	17.9210
ERR13927574.14441	1556	18.8168
ERR13927574.14442	1584	16.2064
ERR13927574.14443	1541	16.8449
ERR13927574.14444	1576	15.4721
ERR13927574.14445	1605	15.6847
ERR13927574.14446	1555	19.4720
ERR13927574.14447	1591	19.5053
ERR13927574.14448	1528	16.4535
ERR13927574.14449	1549	18.6649
ERR13927574.14450	1541	16.5451
ERR13927574.14451	1605	17.3769
ERR13927574.14452	1604	14.8840
ERR13927574.14453	1599	17.3121
ERR13927574.14454	1604	21.1995
ERR13927574.14455	1564	19.9143
ERR13927574.14456	1567	19.3803
ERR13927574.14457	1545	16.2214
ERR13927574.14458	1606	19.5405
ERR13927574.14459	1539	19.1488
ERR13927574.14460	1246	15.9518
ERR13927574.14461	1616	19.0000
ERR13927574.14462	1568	16.2290
ERR13927574.14463	1608	19.0653
ERR13927574.14464	1633	15.9596
ERR13927574.14465	1560	21.7340
ERR13927574.14466	1598	19.0019
ERR13927574.14467	1566	15.2401
ERR13927574.14468	1570	16.5484
ERR13927574.14469	1569	15.2059
ERR13927574.14470	1569	20.6106
ERR13927574.14471	1617	18.4397
ERR13927574.14472	1586	15.0000
ERR13927574.14473	1559	18.3117
ERR13927574.14474	1616	19.2457
ERR13927574.14475	515	17.8291
ERR13927574.14476	1582	15.2617
ERR13927574.14477	1594	17.5778
ERR13927574.14478	1559	15.9788
ERR13927574.14479	1607	19.1176
ERR13927574.14480	1574	19.9003
ERR13927574.14481	1599	19.8049
ERR13927574.14482	1573	22.3471
ERR13927574.14483	1583	17.9450
ERR13927574.14484	1559	19.2816
ERR13927574.14485	1575	15.8717
ERR13927574.14486	1591	16.5940
ERR13927574.14487	1566	19.0530
ERR13927574.14488	1581	21.0183
ERR13927574.14489	1557	17.5812
ERR13927574.14490	1591	16.9554
ERR13927574.14491	1603	18.8316
ERR13927574.14492	1560	19.7218
ERR13927574.14493	1592	20.3178
ERR13927574.14494	1607	19.1400
ERR13927574.14495	1606	18.1837
ERR13927574.14496	1058	18.1125
ERR13927574.14497	1577	22.1890
ERR13927574.14498	1561	17.5753
ERR13927574.14499	1557	15.5408
ERR13927574.14500	1553	15.5074
ERR13927574.14501	1570	17.3586
ERR13927574.14502	1586	17.5700
ERR13927574.14503	1601	17.3136
ERR13927574.14504	1617	15.7149
ERR13927574.14505	1562	19.1044
ERR13927574.14506	1576	20.2164
ERR13927574.14507	1567	20.1940
ERR13927574.14508	1596	14.6253
ERR13927574.14509	1631	15.2226
ERR13927574.14510	1544	19.6509
ERR13927574.14511	1551	17.1805
ERR13927574.14512	1547	15.6063
ERR13927574.14513	1561	20.6432
ERR13927574.14514	622	20.9341
ERR13927574.14515	1550	15.5374
ERR13927574.14516	1574	19.5985
ERR13927574.14517	1567	17.4033
ERR13927574.14518	1557	18.8728
ERR13927574.14519	1609	18.6613
ERR13927574.14520	1589	18.5142
ERR13927574.14521	1571	18.2750
ERR13927574.14522	564	13.4167
ERR13927574.14523	1615	18.4415
ERR13927574.14524	1503	17.1317
ERR13927574.14525	1600	17.5944
ERR13927574.14526	1568	18.2436
ERR13927574.14527	1608	20.1660
ERR13927574.14528	1550	19.9710
ERR13927574.14529	1575	18.6578
ERR13927574.14530	1603	15.1316
ERR13927574.14531	1565	19.2109
ERR13927574.14532	1586	15.2270
ERR13927574.14533	1571	16.3043
ERR13927574.14534	1623	18.9119
ERR13927574.14535	1594	17.1844
ERR13927574.14536	1577	19.7121
ERR13927574.14537	1570	20.3153
ERR13927574.14538	1612	18.6607
ERR13927574.14539	1586	16.3335
ERR13927574.14540	1302	17.9516
ERR13927574.14541	1588	14.6669
ERR13927574.14542	1479	18.1082
ERR13927574.14543	1593	19.1331
ERR13927574.14544	1538	18.8036
ERR13927574.14545	1578	20.8016
ERR13927574.14546	1565	17.3080
ERR13927574.14547	1569	19.5857
ERR13927574.14548	1561	14.8706
ERR13927574.14549	1554	16.2722
ERR13927574.14550	1586	17.2062
ERR13927574.14551	1587	16.2520
ERR13927574.14552	1586	16.8745
ERR13927574.14553	1550	20.1006
ERR13927574.14554	1603	18.7804
ERR13927574.14555	1566	19.1590
ERR13927574.14556	1574	18.6442
ERR13927574.14557	1560	17.1750
ERR13927574.14558	1621	18.7711
ERR13927574.14559	1600	15.8562
ERR13927574.14560	1563	18.0774
ERR13927574.14561	1589	17.3059
ERR13927574.14562	1593	18.3164
ERR13927574.14563	1570	14.2815
ERR13927574.14564	1526	19.4784
ERR13927574.14565	1572	19.9936
ERR13927574.14566	1599	20.4246
ERR13927574.14567	1559	16.7139
ERR13927574.14568	1583	19.6235
ERR13927574.14569	1571	17.5672
ERR13927574.14570	1560	17.2692
ERR13927574.14571	1386	16.1111
ERR13927574.14572	1526	16.9456
ERR13927574.14573	1564	20.3280
ERR13927574.14574	1579	20.0817
ERR13927574.14575	1510	18.4298
ERR13927574.14576	1594	16.4573
ERR13927574.14577	1607	21.2066
ERR13927574.14578	1619	17.4280
ERR13927574.14579	1578	20.6597
ERR13927574.14580	1566	18.2356
ERR13927574.14581	1623	17.4880
ERR13927574.14582	1585	18.3861
ERR13927574.14583	1570	17.5745
ERR13927574.14584	1584	16.7052
ERR13927574.14585	1557	16.5549
ERR13927574.14586	1607	20.1263
ERR13927574.14587	1624	15.6613
ERR13927574.14588	1575	19.1327
ERR13927574.14589	1559	20.1969
ERR13927574.14590	1582	18.4267
ERR13927574.14591	194	16.8608
ERR13927574.14592	1588	20.9093
ERR13927574.14593	1559	16.2277
ERR13927574.14594	1567	18.2642
ERR13927574.14595	1565	17.8102
ERR13927574.14596	1582	16.8793
ERR13927574.14597	1585	19.0265
ERR13927574.14598	1580	16.5943
ERR13927574.14599	1623	17.2335
ERR13927574.14600	1582	21.5373
ERR13927574.14601	1569	20.8553
ERR13927574.14602	1574	17.8558
ERR13927574.14603	1573	18.2600
ERR13927574.14604	1631	21.1619
ERR13927574.14605	1567	19.9598
ERR13927574.14606	1576	18.5888
ERR13927574.14607	1555	18.9376
ERR13927574.14608	1601	19.0012
ERR13927574.14609	1585	17.7274
ERR13927574.14610	1600	18.7619
ERR13927574.14611	1594	20.7070
ERR13927574.14612	1414	15.2369
ERR13927574.14613	1595	14.5085
ERR13927574.14614	2047	16.4455
ERR13927574.14615	1571	18.0745
ERR13927574.14616	1564	16.2896
ERR13927574.14617	1563	19.2335
ERR13927574.14618	1517	15.7080
ERR13927574.14619	1546	20.1960
ERR13927574.14620	1563	16.7825
ERR13927574.14621	757	14.6037
ERR13927574.14622	1610	19.2062
ERR13927574.14623	1570	18.2293
ERR13927574.14624	1546	15.9961
ERR13927574.14625	1563	15.7249
ERR13927574.14626	1595	18.3856
ERR13927574.14627	1530	14.1595
ERR13927574.14628	1556	17.7680
ERR13927574.14629	1555	15.8289
ERR13927574.14630	1507	16.1022
ERR13927574.14631	1536	18.1159
ERR13927574.14632	1547	18.8061
ERR13927574.14633	1590	17.2201
ERR13927574.14634	1546	16.5912
ERR13927574.14635	1572	18.9046
ERR13927574.14636	1573	16.1106
ERR13927574.14637	1510	15.8642
ERR13927574.14638	240	11.4917
ERR13927574.14639	1535	17.7414
ERR13927574.14640	1596	15.5990
ERR13927574.14641	1528	15.7441
ERR13927574.14642	1548	18.2539
ERR13927574.14643	1532	15.3094
ERR13927574.14644	1555	17.5698
ERR13927574.14645	1579	16.2502
ERR13927574.14646	1537	15.1978
ERR13927574.14647	1531	14.7956
ERR13927574.14648	1568	15.0440
ERR13927574.14649	1570	17.2497
ERR13927574.14650	1310	20.1824
ERR13927574.14651	1581	19.3542
ERR13927574.14652	1531	16.4592
ERR13927574.14653	1591	15.9994
ERR13927574.14654	1593	16.2925
ERR13927574.14655	1609	15.5724
ERR13927574.14656	1500	16.1133
ERR13927574.14657	1487	17.1802
ERR13927574.14658	1610	16.9484
ERR13927574.14659	1599	17.9600
ERR13927574.14660	1525	14.4931
ERR13927574.14661	1591	19.3356
ERR13927574.14662	1541	16.7099
ERR13927574.14663	1605	17.1470
ERR13927574.14664	1523	15.5653
ERR13927574.14665	1554	16.6937
ERR13927574.14666	1597	19.2248
ERR13927574.14667	1566	19.9291
ERR13927574.14668	1589	18.9673
ERR13927574.14669	1574	15.8266
ERR13927574.14670	1546	17.7458
ERR13927574.14671	1528	16.7873
ERR13927574.14672	1556	15.2249
ERR13927574.14673	1583	19.6355
ERR13927574.14674	1531	16.2547
ERR13927574.14675	1540	14.8591
ERR13927574.14676	1587	15.7530
ERR13927574.14677	1601	17.0937
ERR13927574.14678	1550	14.6535
ERR13927574.14679	1574	16.6766
ERR13927574.14680	2365	19.6846
ERR13927574.14681	1568	20.1805
ERR13927574.14682	1603	16.4192
ERR13927574.14683	1561	17.8117
ERR13927574.14684	1517	18.8220
ERR13927574.14685	1525	15.1725
ERR13927574.14686	1539	15.5471
ERR13927574.14687	1613	16.0589
ERR13927574.14688	1575	19.8241
ERR13927574.14689	1550	18.6316
ERR13927574.14690	1580	18.5241
ERR13927574.14691	1572	15.4364
ERR13927574.14692	1581	16.3643
ERR13927574.14693	1547	16.8423
ERR13927574.14694	1571	16.3208
ERR13927574.14695	1555	20.3807
ERR13927574.14696	1582	18.1131
ERR13927574.14697	1387	15.0346
ERR13927574.14698	1641	17.7678
ERR13927574.14699	1576	18.7449
ERR13927574.14700	978	17.3681
ERR13927574.14701	1567	17.9343
ERR13927574.14702	1576	17.4753
ERR13927574.14703	1553	20.6587
ERR13927574.14704	1584	15.2298
ERR13927574.14705	1553	17.4823
ERR13927574.14706	1572	17.4529
ERR13927574.14707	1428	16.7563
ERR13927574.14708	1547	17.2896
ERR13927574.14709	1602	18.2291
ERR13927574.14710	1539	15.6478
ERR13927574.14711	1562	15.5141
ERR13927574.14712	1572	15.3384
ERR13927574.14713	1557	15.1548
ERR13927574.14714	1536	18.0716
ERR13927574.14715	1686	15.2865
ERR13927574.14716	1532	16.2970
ERR13927574.14717	1565	18.2684
ERR13927574.14718	1490	15.2779
ERR13927574.14719	1450	15.3069
ERR13927574.14720	1545	17.2272
ERR13927574.14721	1574	17.8234
ERR13927574.14722	1565	17.1879
ERR13927574.14723	1573	14.5092
ERR13927574.14724	1613	15.0570
ERR13927574.14725	1576	16.8642
ERR13927574.14726	1511	15.8187
ERR13927574.14727	1538	15.9025
ERR13927574.14728	1598	18.0175
ERR13927574.14729	1534	18.0398
ERR13927574.14730	1586	19.8064
ERR13927574.14731	1503	14.5210
ERR13927574.14732	1155	17.4017
ERR13927574.14733	1522	17.5329
ERR13927574.14734	1586	16.4899
ERR13927574.14735	1563	17.8375
ERR13927574.14736	1583	19.0076
ERR13927574.14737	1538	20.2328
ERR13927574.14738	1462	15.7011
ERR13927574.14739	1600	19.7350
ERR13927574.14740	1512	15.6878
ERR13927574.14741	1544	16.8439
ERR13927574.14742	1495	15.0502
ERR13927574.14743	1540	18.0461
ERR13927574.14744	1475	16.7600
ERR13927574.14745	1600	16.2444
ERR13927574.14746	1529	18.3728
ERR13927574.14747	1517	14.8332
ERR13927574.14748	1569	18.7457
ERR13927574.14749	1533	15.0992
ERR13927574.14750	1548	17.8547
ERR13927574.14751	1551	18.4294
ERR13927574.14752	1581	18.0202
ERR13927574.14753	1020	17.0647
ERR13927574.14754	1575	16.2337
ERR13927574.14755	1584	16.5688
ERR13927574.14756	1541	16.8670
ERR13927574.14757	1561	18.0512
ERR13927574.14758	1540	16.0169
ERR13927574.14759	1601	15.7695
ERR13927574.14760	1515	15.6224
ERR13927574.14761	3126	18.4482
ERR13927574.14762	1610	16.0565
ERR13927574.14763	1562	17.0615
ERR13927574.14764	1574	19.3405
ERR13927574.14765	1564	18.1349
ERR13927574.14766	1679	19.8011
ERR13927574.14767	1550	18.7200
ERR13927574.14768	1516	18.5356
ERR13927574.14769	1539	16.0000
ERR13927574.14770	1534	15.5280
ERR13927574.14771	1497	17.3968
ERR13927574.14772	1594	16.7058
ERR13927574.14773	1669	16.4272
ERR13927574.14774	1565	18.4518
ERR13927574.14775	1580	15.5608
ERR13927574.14776	1496	15.7099
ERR13927574.14777	1544	20.4793
ERR13927574.14778	1560	16.9417
ERR13927574.14779	1482	15.7989
ERR13927574.14780	1527	17.0000
ERR13927574.14781	1499	17.1348
ERR13927574.14782	1530	15.8105
ERR13927574.14783	1552	15.3473
ERR13927574.14784	1580	19.2215
ERR13927574.14785	1497	16.4516
ERR13927574.14786	1549	17.7573
ERR13927574.14787	1576	20.6326
ERR13927574.14788	1510	15.1861
ERR13927574.14789	1549	18.0955
ERR13927574.14790	1523	15.5509
ERR13927574.14791	1690	15.1160
ERR13927574.14792	1038	17.4037
ERR13927574.14793	1598	17.4781
ERR13927574.14794	1586	22.8020
ERR13927574.14795	1561	14.0026
ERR13927574.14796	1627	18.0221
ERR13927574.14797	1615	17.1195
ERR13927574.14798	1547	15.3025
ERR13927574.14799	1561	18.0102
ERR13927574.14800	1535	19.1414
ERR13927574.14801	1599	18.9931
ERR13927574.14802	1530	15.5608
ERR13927574.14803	1506	15.6421
ERR13927574.14804	1597	17.4033
ERR13927574.14805	1543	16.6636
ERR13927574.14806	1534	15.8390
ERR13927574.14807	1591	15.9956
ERR13927574.14808	1525	16.5692
ERR13927574.14809	1579	17.5579
ERR13927574.14810	1479	16.2556
ERR13927574.14811	1539	14.6446
ERR13927574.14812	1765	16.5399
ERR13927574.14813	1569	16.7024
ERR13927574.14814	1470	15.5619
ERR13927574.14815	1567	15.8143
ERR13927574.14816	1502	16.8815
ERR13927574.14817	1622	16.0906
ERR13927574.14818	1558	18.5796
ERR13927574.14819	1456	14.3242
ERR13927574.14820	1537	15.1535
ERR13927574.14821	1522	17.1275
ERR13927574.14822	1587	18.8607
ERR13927574.14823	1626	15.0486
ERR13927574.14824	1531	15.2319
ERR13927574.14825	1500	17.7900
ERR13927574.14826	1493	15.9082
ERR13927574.14827	1532	16.9054
ERR13927574.14828	1526	15.8218
ERR13927574.14829	1392	15.5999
ERR13927574.14830	1585	16.3628
ERR13927574.14831	1581	15.5617
ERR13927574.14832	1537	17.8536
ERR13927574.14833	1551	16.4591
ERR13927574.14834	1596	18.1792
ERR13927574.14835	1395	15.4409
ERR13927574.14836	1546	15.5323
ERR13927574.14837	1391	18.1610
ERR13927574.14838	306	18.8301
ERR13927574.14839	1568	15.6920
ERR13927574.14840	210	18.9095
ERR13927574.14841	1553	16.1797
ERR13927574.14842	1576	15.8211
ERR13927574.14843	1488	17.9637
ERR13927574.14844	1610	16.4261
ERR13927574.14845	1582	17.7174
ERR13927574.14846	1587	15.5369
ERR13927574.14847	1585	16.8215
ERR13927574.14848	1530	16.9033
ERR13927574.14849	1481	15.1134
ERR13927574.14850	1523	17.4498
ERR13927574.14851	1600	15.6762
ERR13927574.14852	1549	18.6320
ERR13927574.14853	1583	15.6911
ERR13927574.14854	1539	16.2216
ERR13927574.14855	1572	16.3378
ERR13927574.14856	1526	15.1920
ERR13927574.14857	1552	15.0767
ERR13927574.14858	1524	16.0315
ERR13927574.14859	1557	16.4130
ERR13927574.14860	1535	15.1062
ERR13927574.14861	1517	15.6117
ERR13927574.14862	231	12.8658
ERR13927574.14863	1613	17.2715
ERR13927574.14864	898	15.1938
ERR13927574.14865	1544	16.4747
ERR13927574.14866	1536	16.7630
ERR13927574.14867	1584	15.4527
ERR13927574.14868	1579	17.9335
ERR13927574.14869	1604	16.4239
ERR13927574.14870	1562	18.5909
ERR13927574.14871	1564	14.1758
ERR13927574.14872	1508	16.0822
ERR13927574.14873	307	14.9055
ERR13927574.14874	1413	15.1437
ERR13927574.14875	1584	14.2045
ERR13927574.14876	1627	18.6976
ERR13927574.14877	1603	18.5134
ERR13927574.14878	1542	16.7425
ERR13927574.14879	1559	16.3406
ERR13927574.14880	211	11.3081
ERR13927574.14881	1582	16.7491
ERR13927574.14882	1589	15.6979
ERR13927574.14883	1511	16.2866
ERR13927574.14884	1538	17.9558
ERR13927574.14885	1547	16.5339
ERR13927574.14886	1591	15.4733
ERR13927574.14887	1539	17.4061
ERR13927574.14888	1555	15.3479
ERR13927574.14889	1561	15.4644
ERR13927574.14890	1591	16.8322
ERR13927574.14891	1515	15.6152
ERR13927574.14892	1592	14.0151
ERR13927574.14893	304	14.9112
ERR13927574.14894	1537	14.7313
ERR13927574.14895	1474	14.7028
ERR13927574.14896	1554	16.7246
ERR13927574.14897	1571	17.1980
ERR13927574.14898	1533	16.6882
ERR13927574.14899	1547	15.7531
ERR13927574.14900	1520	17.6217
ERR13927574.14901	1490	15.1450
ERR13927574.14902	1497	16.2178
ERR13927574.14903	1562	15.2318
ERR13927574.14904	1623	15.6032
ERR13927574.14905	1454	16.0894
ERR13927574.14906	1560	17.1083
ERR13927574.14907	1564	19.6861
ERR13927574.14908	1530	16.3974
ERR13927574.14909	1561	15.0756
ERR13927574.14910	1570	15.4376
ERR13927574.14911	1563	18.6116
ERR13927574.14912	1545	15.8104
ERR13927574.14913	284	13.7570
ERR13927574.14914	1534	15.3435
ERR13927574.14915	1575	15.2800
ERR13927574.14916	1610	17.0348
ERR13927574.14917	1556	15.1485
ERR13927574.14918	1536	15.4173
ERR13927574.14919	1530	15.2837
ERR13927574.14920	1551	17.1077
ERR13927574.14921	1516	15.2045
ERR13927574.14922	1633	16.2051
ERR13927574.14923	1485	16.2242
ERR13927574.14924	1622	16.6726
ERR13927574.14925	1582	17.1277
ERR13927574.14926	1542	16.1381
ERR13927574.14927	1539	16.7596
ERR13927574.14928	1568	15.4483
ERR13927574.14929	1454	16.2730
ERR13927574.14930	1556	17.8586
ERR13927574.14931	1588	17.8501
ERR13927574.14932	1727	16.5223
ERR13927574.14933	1590	17.3604
ERR13927574.14934	1569	16.3270
ERR13927574.14935	1572	16.8098
ERR13927574.14936	1608	17.0031
ERR13927574.14937	1555	15.3756
ERR13927574.14938	1593	15.9523
ERR13927574.14939	1556	15.2616
ERR13927574.14940	1552	16.7796
ERR13927574.14941	235	13.3149
ERR13927574.14942	1546	15.4288
ERR13927574.14943	1522	16.6498
ERR13927574.14944	387	15.5478
ERR13927574.14945	1569	15.4442
ERR13927574.14946	1446	18.8243
ERR13927574.14947	1596	16.8064
ERR13927574.14948	1582	16.3420
ERR13927574.14949	1540	15.5519
ERR13927574.14950	1589	20.8137
ERR13927574.14951	1542	15.6278
ERR13927574.14952	1539	15.5335
ERR13927574.14953	1544	18.2630
ERR13927574.14954	1498	15.9940
ERR13927574.14955	1553	15.5100
ERR13927574.14956	1511	15.5328
ERR13927574.14957	1529	16.7685
ERR13927574.14958	1575	15.7613
ERR13927574.14959	1602	15.2266
ERR13927574.14960	1542	17.3645
ERR13927574.14961	306	14.4052
ERR13927574.14962	1445	16.2782
ERR13927574.14963	1508	17.2095
ERR13927574.14964	1540	16.0753
ERR13927574.14965	1491	15.7619
ERR13927574.14966	1549	18.8528
ERR13927574.14967	1575	18.2679
ERR13927574.14968	1580	15.9190
ERR13927574.14969	1505	14.3887
ERR13927574.14970	1552	17.2332
ERR13927574.14971	1501	15.6256
ERR13927574.14972	1479	17.0169
ERR13927574.14973	1549	14.7398
ERR13927574.14974	1595	16.0125
ERR13927574.14975	1552	16.3067
ERR13927574.14976	1546	15.3655
ERR13927574.14977	1595	17.2527
ERR13927574.14978	1531	15.5317
ERR13927574.14979	1534	15.3279
ERR13927574.14980	1545	15.7372
ERR13927574.14981	1555	17.4527
ERR13927574.14982	1544	17.0402
ERR13927574.14983	1560	16.3840
ERR13927574.14984	1585	16.4498
ERR13927574.14985	1617	16.9474
ERR13927574.14986	1517	15.0804
ERR13927574.14987	1522	14.2852
ERR13927574.14988	1580	15.0848
ERR13927574.14989	1547	17.3710
ERR13927574.14990	1543	14.9190
ERR13927574.14991	987	15.4732
ERR13927574.14992	1563	17.6897
ERR13927574.14993	1597	16.2248
ERR13927574.14994	1540	15.8805
ERR13927574.14995	1569	16.1396
ERR13927574.14996	1526	15.0007
ERR13927574.14997	1553	20.8860
ERR13927574.14998	1607	19.0784
ERR13927574.14999	1606	16.3014
ERR13927574.15000	745	15.1436
ERR13927574.15001	1560	20.4808
ERR13927574.15002	209	12.3062
ERR13927574.15003	1562	16.9571
ERR13927574.15004	1622	17.1850
ERR13927574.15005	1570	19.5631
ERR13927574.15006	1574	16.1296
ERR13927574.15007	545	16.3046
ERR13927574.15008	1599	19.5835
ERR13927574.15009	1573	19.3185
ERR13927574.15010	1563	19.1190
ERR13927574.15011	1578	21.1077
ERR13927574.15012	1569	20.1829
ERR13927574.15013	1613	16.6088
ERR13927574.15014	1623	19.4381
ERR13927574.15015	1592	17.6043
ERR13927574.15016	1595	19.2878
ERR13927574.15017	1572	16.4383
ERR13927574.15018	1698	21.6855
ERR13927574.15019	1594	17.8099
ERR13927574.15020	1608	15.3694
ERR13927574.15021	1624	21.4778
ERR13927574.15022	1571	19.5894
ERR13927574.15023	1570	19.5490
ERR13927574.15024	1536	14.5846
ERR13927574.15025	1405	18.4947
ERR13927574.15026	1581	18.5281
ERR13927574.15027	1604	20.1178
ERR13927574.15028	1574	18.4072
ERR13927574.15029	1598	18.9506
ERR13927574.15030	1692	18.6838
ERR13927574.15031	1573	20.2594
ERR13927574.15032	1579	13.4573
ERR13927574.15033	1614	20.3984
ERR13927574.15034	1611	18.9565
ERR13927574.15035	1623	17.5595
ERR13927574.15036	1585	20.0858
ERR13927574.15037	1557	16.2524
ERR13927574.15038	1576	21.3560
ERR13927574.15039	1612	20.7351
ERR13927574.15040	1577	18.6043
ERR13927574.15041	1602	17.0680
ERR13927574.15042	1556	17.8811
ERR13927574.15043	1602	16.1941
ERR13927574.15044	1593	16.2454
ERR13927574.15045	1626	19.3186
ERR13927574.15046	1552	16.3840
ERR13927574.15047	1610	19.3267
ERR13927574.15048	1583	17.0960
ERR13927574.15049	1603	20.4729
ERR13927574.15050	822	18.4319
ERR13927574.15051	1542	16.7957
ERR13927574.15052	1623	20.3487
ERR13927574.15053	1618	21.9005
ERR13927574.15054	1556	21.0334
ERR13927574.15055	1550	18.5374
ERR13927574.15056	1570	17.3854
ERR13927574.15057	1562	19.4334
ERR13927574.15058	1558	17.6662
ERR13927574.15059	1618	19.4141
ERR13927574.15060	1543	20.8535
ERR13927574.15061	1594	15.9862
ERR13927574.15062	1580	19.6905
ERR13927574.15063	676	19.7929
ERR13927574.15064	1558	19.7664
ERR13927574.15065	1595	17.1335
ERR13927574.15066	1612	19.3834
ERR13927574.15067	1562	18.5327
ERR13927574.15068	1559	15.1052
ERR13927574.15069	1562	21.5102
ERR13927574.15070	1583	18.4776
ERR13927574.15071	1620	19.6685
ERR13927574.15072	1609	19.5743
ERR13927574.15073	1601	16.1362
ERR13927574.15074	1555	17.7833
ERR13927574.15075	1569	22.6985
ERR13927574.15076	1604	16.7032
ERR13927574.15077	1574	18.0540
ERR13927574.15078	1613	17.6584
ERR13927574.15079	1606	19.9633
ERR13927574.15080	1583	20.7840
ERR13927574.15081	1580	14.0494
ERR13927574.15082	1590	18.2258
ERR13927574.15083	942	18.3737
ERR13927574.15084	1620	16.1154
ERR13927574.15085	1547	18.2663
ERR13927574.15086	305	14.7738
ERR13927574.15087	1593	15.9586
ERR13927574.15088	1552	19.9227
ERR13927574.15089	1549	17.6850
ERR13927574.15090	1606	20.2242
ERR13927574.15091	1583	19.8162
ERR13927574.15092	1595	19.0596
ERR13927574.15093	1593	22.1990
ERR13927574.15094	1548	18.1557
ERR13927574.15095	1606	20.6694
ERR13927574.15096	1587	20.4543
ERR13927574.15097	1574	18.2719
ERR13927574.15098	1551	16.8433
ERR13927574.15099	1582	19.9418
ERR13927574.15100	1574	18.3945
ERR13927574.15101	1558	21.6759
ERR13927574.15102	1602	17.2928
ERR13927574.15103	1555	19.7235
ERR13927574.15104	1601	18.4959
ERR13927574.15105	1574	18.9117
ERR13927574.15106	1588	17.9232
ERR13927574.15107	1583	20.6627
ERR13927574.15108	1581	18.4946
ERR13927574.15109	1596	18.3929
ERR13927574.15110	1598	16.5213
ERR13927574.15111	1620	18.1228
ERR13927574.15112	1567	16.9407
ERR13927574.15113	1614	19.8668
ERR13927574.15114	1556	19.0302
ERR13927574.15115	1578	18.9030
ERR13927574.15116	1563	19.9629
ERR13927574.15117	1592	16.1828
ERR13927574.15118	1585	19.2789
ERR13927574.15119	1484	15.3248
ERR13927574.15120	1521	15.1867
ERR13927574.15121	1559	14.9378
ERR13927574.15122	1564	14.1816
ERR13927574.15123	1500	15.2567
ERR13927574.15124	1577	15.8142
ERR13927574.15125	1599	15.8555
ERR13927574.15126	1596	15.3064
ERR13927574.15127	1549	15.0736
ERR13927574.15128	1513	16.0403
ERR13927574.15129	1543	16.1212
ERR13927574.15130	1535	16.2612
ERR13927574.15131	1538	15.2302
ERR13927574.15132	1527	15.1447
ERR13927574.15133	1016	15.7470
ERR13927574.15134	1501	14.7955
ERR13927574.15135	1516	14.6451
ERR13927574.15136	1571	14.8721
ERR13927574.15137	1414	14.0587
ERR13927574.15138	267	12.5468
ERR13927574.15139	1562	14.8540
ERR13927574.15140	1554	14.6776
ERR13927574.15141	1559	16.5792
ERR13927574.15142	1562	14.6895
ERR13927574.15143	1532	14.4706
ERR13927574.15144	258	14.7946
ERR13927574.15145	1560	16.4083
ERR13927574.15146	1572	18.7882
ERR13927574.15147	1583	19.4340
ERR13927574.15148	1617	17.5659
ERR13927574.15149	1590	21.1440
ERR13927574.15150	1609	18.9956
ERR13927574.15151	1586	15.3115
ERR13927574.15152	1597	21.5091
ERR13927574.15153	1572	20.4109
ERR13927574.15154	1546	16.7199
ERR13927574.15155	1625	20.9945
ERR13927574.15156	1607	16.7716
ERR13927574.15157	1559	17.7569
ERR13927574.15158	1570	20.5898
ERR13927574.15159	1569	18.8904
ERR13927574.15160	1602	19.3258
ERR13927574.15161	1583	19.1680
ERR13927574.15162	1566	18.3212
ERR13927574.15163	1636	16.5342
ERR13927574.15164	1601	16.5022
ERR13927574.15165	1591	18.1025
ERR13927574.15166	1537	15.8022
ERR13927574.15167	1546	17.6856
ERR13927574.15168	1586	20.6885
ERR13927574.15169	1596	20.5376
ERR13927574.15170	1614	20.3401
ERR13927574.15171	1586	16.1734
ERR13927574.15172	1598	18.9506
ERR13927574.15173	1593	19.4156
ERR13927574.15174	1564	18.2980
ERR13927574.15175	1609	19.5662
ERR13927574.15176	1574	20.0191
ERR13927574.15177	1544	19.6490
ERR13927574.15178	1573	21.0941
ERR13927574.15179	1561	16.5586
ERR13927574.15180	1546	15.6811
ERR13927574.15181	1593	18.8362
ERR13927574.15182	1571	20.0121
ERR13927574.15183	1568	18.2474
ERR13927574.15184	833	18.9772
ERR13927574.15185	1558	17.1566
ERR13927574.15186	1588	15.8602
ERR13927574.15187	1586	16.0359
ERR13927574.15188	1558	20.1348
ERR13927574.15189	1560	19.7096
ERR13927574.15190	1571	18.8969
ERR13927574.15191	1626	14.9656
ERR13927574.15192	1582	18.6675
ERR13927574.15193	1597	18.9599
ERR13927574.15194	1612	18.3480
ERR13927574.15195	1563	17.8541
ERR13927574.15196	1644	16.1995
ERR13927574.15197	1565	19.4396
ERR13927574.15198	1612	21.8164
ERR13927574.15199	1532	20.2265
ERR13927574.15200	1589	19.2391
ERR13927574.15201	1439	20.6824
ERR13927574.15202	1575	20.2521
ERR13927574.15203	1551	17.0155
ERR13927574.15204	1575	17.1175
ERR13927574.15205	215	20.4605
ERR13927574.15206	1667	16.1158
ERR13927574.15207	1404	15.4038
ERR13927574.15208	1564	20.5710
ERR13927574.15209	1556	19.8201
ERR13927574.15210	1577	18.4775
ERR13927574.15211	1594	17.4906
ERR13927574.15212	1607	18.9602
ERR13927574.15213	1575	16.7835
ERR13927574.15214	1581	17.7540
ERR13927574.15215	1568	14.7462
ERR13927574.15216	1567	20.4914
ERR13927574.15217	1577	19.1300
ERR13927574.15218	1626	20.0769
ERR13927574.15219	1566	17.1130
ERR13927574.15220	1446	21.8541
ERR13927574.15221	1600	19.9694
ERR13927574.15222	1623	18.4547
ERR13927574.15223	1584	14.1395
ERR13927574.15224	1578	15.9347
ERR13927574.15225	1573	18.3274
ERR13927574.15226	1551	20.0767
ERR13927574.15227	1555	18.4244
ERR13927574.15228	1559	20.2591
ERR13927574.15229	1571	18.0726
ERR13927574.15230	1536	16.5117
ERR13927574.15231	1590	18.3352
ERR13927574.15232	1585	18.5880
ERR13927574.15233	1558	16.2259
ERR13927574.15234	918	21.1340
ERR13927574.15235	1601	19.6427
ERR13927574.15236	1575	20.4387
ERR13927574.15237	1551	15.5925
ERR13927574.15238	1568	17.7443
ERR13927574.15239	1557	18.2441
ERR13927574.15240	1371	20.0481
ERR13927574.15241	1574	19.5019
ERR13927574.15242	1580	20.4139
ERR13927574.15243	1585	20.5804
ERR13927574.15244	1612	20.6203
ERR13927574.15245	1570	16.5936
ERR13927574.15246	1583	19.0449
ERR13927574.15247	1579	20.5377
ERR13927574.15248	1568	19.0440
ERR13927574.15249	1612	16.7295
ERR13927574.15250	1628	15.0878
ERR13927574.15251	1582	21.0777
ERR13927574.15252	1512	15.9901
ERR13927574.15253	1593	19.7665
ERR13927574.15254	488	15.0902
ERR13927574.15255	1567	21.2170
ERR13927574.15256	1595	20.6884
ERR13927574.15257	1560	21.6404
ERR13927574.15258	1601	18.5878
ERR13927574.15259	1570	19.0739
ERR13927574.15260	1590	15.7572
ERR13927574.15261	1589	16.7420
ERR13927574.15262	1598	18.3185
ERR13927574.15263	1591	14.9315
ERR13927574.15264	1620	20.5580
ERR13927574.15265	1577	20.0710
ERR13927574.15266	1613	20.5040
ERR13927574.15267	1580	20.9766
ERR13927574.15268	1571	16.4125
ERR13927574.15269	1549	17.9135
ERR13927574.15270	720	18.6931
ERR13927574.15271	1573	17.5105
ERR13927574.15272	1569	18.2135
ERR13927574.15273	1570	20.0089
ERR13927574.15274	294	17.7925
ERR13927574.15275	1574	18.7205
ERR13927574.15276	1548	20.4296
ERR13927574.15277	1559	17.1732
ERR13927574.15278	1597	16.8197
ERR13927574.15279	1603	19.0767
ERR13927574.15280	1556	14.6015
ERR13927574.15281	1618	21.6848
ERR13927574.15282	1590	20.5057
ERR13927574.15283	1640	16.5415
ERR13927574.15284	1589	20.4714
ERR13927574.15285	1538	16.5072
ERR13927574.15286	1620	19.0333
ERR13927574.15287	1579	20.5275
ERR13927574.15288	1560	19.2321
ERR13927574.15289	1562	19.7036
ERR13927574.15290	1583	18.0777
ERR13927574.15291	1622	19.1936
ERR13927574.15292	1618	18.7800
ERR13927574.15293	1592	17.7883
ERR13927574.15294	1562	16.2375
ERR13927574.15295	1554	20.4505
ERR13927574.15296	1555	17.1170
ERR13927574.15297	1581	18.5180
ERR13927574.15298	1551	14.9968
ERR13927574.15299	1623	20.6716
ERR13927574.15300	1582	19.2971
ERR13927574.15301	1581	20.1176
ERR13927574.15302	1585	17.5735
ERR13927574.15303	1614	22.2311
ERR13927574.15304	1616	19.9028
ERR13927574.15305	1603	20.4573
ERR13927574.15306	1615	15.8402
ERR13927574.15307	1571	18.4825
ERR13927574.15308	1499	16.0747
ERR13927574.15309	1558	16.3068
ERR13927574.15310	1655	16.8610
ERR13927574.15311	1611	17.2477
ERR13927574.15312	1586	21.6828
ERR13927574.15313	1583	17.6071
ERR13927574.15314	1577	19.9093
ERR13927574.15315	1578	15.9208
ERR13927574.15316	1595	19.1912
ERR13927574.15317	1567	19.8628
ERR13927574.15318	1568	17.3897
ERR13927574.15319	1586	18.5177
ERR13927574.15320	1623	19.7677
ERR13927574.15321	1594	18.2704
ERR13927574.15322	1587	18.7624
ERR13927574.15323	1596	17.9793
ERR13927574.15324	1584	16.8857
ERR13927574.15325	1569	15.0166
ERR13927574.15326	1575	16.1498
ERR13927574.15327	1567	17.3772
ERR13927574.15328	1611	20.2259
ERR13927574.15329	1569	17.9917
ERR13927574.15330	1718	17.1636
ERR13927574.15331	1583	17.1668
ERR13927574.15332	1537	17.2355
ERR13927574.15333	1598	20.7472
ERR13927574.15334	1585	20.9180
ERR13927574.15335	1595	19.7016
ERR13927574.15336	1594	16.0351
ERR13927574.15337	1604	16.3928
ERR13927574.15338	1573	18.2339
ERR13927574.15339	1608	17.2363
ERR13927574.15340	1567	20.0613
ERR13927574.15341	1556	16.0032
ERR13927574.15342	1582	19.9349
ERR13927574.15343	967	18.6991
ERR13927574.15344	1588	21.4055
ERR13927574.15345	1584	19.4886
ERR13927574.15346	1561	21.6073
ERR13927574.15347	1577	19.3583
ERR13927574.15348	1553	15.9807
ERR13927574.15349	1584	18.1206
ERR13927574.15350	1578	21.2452
ERR13927574.15351	1554	18.8340
ERR13927574.15352	1620	19.3858
ERR13927574.15353	722	15.8463
ERR13927574.15354	1600	19.6075
ERR13927574.15355	1563	19.1433
ERR13927574.15356	1570	19.2726
ERR13927574.15357	1581	17.9614
ERR13927574.15358	1577	14.4192
ERR13927574.15359	1549	21.0749
ERR13927574.15360	1550	17.2677
ERR13927574.15361	1580	17.6158
ERR13927574.15362	1579	18.3363
ERR13927574.15363	1554	17.5283
ERR13927574.15364	1558	19.6386
ERR13927574.15365	1554	19.6300
ERR13927574.15366	1628	20.7844
ERR13927574.15367	1573	15.4476
ERR13927574.15368	1555	17.5048
ERR13927574.15369	1596	18.9110
ERR13927574.15370	1533	14.7286
ERR13927574.15371	1573	19.2791
ERR13927574.15372	1573	17.4050
ERR13927574.15373	1581	19.5497
ERR13927574.15374	1571	18.6327
ERR13927574.15375	1570	17.5739
ERR13927574.15376	1549	17.2376
ERR13927574.15377	1600	17.1737
ERR13927574.15378	1576	20.5654
ERR13927574.15379	1613	18.9814
ERR13927574.15380	1563	16.7390
ERR13927574.15381	1552	16.4220
ERR13927574.15382	1568	17.8304
ERR13927574.15383	1557	21.2094
ERR13927574.15384	1518	15.7055
ERR13927574.15385	1500	17.7227
ERR13927574.15386	1577	19.9772
ERR13927574.15387	1565	19.2671
ERR13927574.15388	1593	21.9303
ERR13927574.15389	1595	18.3423
ERR13927574.15390	1676	16.9732
ERR13927574.15391	1578	15.9385
ERR13927574.15392	1607	19.4138
ERR13927574.15393	1642	16.8983
ERR13927574.15394	1604	16.4738
ERR13927574.15395	1590	21.4874
ERR13927574.15396	1559	16.7441
ERR13927574.15397	1601	19.7670
ERR13927574.15398	1609	18.0982
ERR13927574.15399	1583	20.7631
ERR13927574.15400	1541	16.9591
ERR13927574.15401	1594	18.3074
ERR13927574.15402	1597	17.4834
ERR13927574.15403	1585	16.7331
ERR13927574.15404	1608	19.4751
ERR13927574.15405	1628	19.5964
ERR13927574.15406	1572	19.3989
ERR13927574.15407	1535	16.4326
ERR13927574.15408	1597	16.3093
ERR13927574.15409	1568	17.9541
ERR13927574.15410	1602	20.0824
ERR13927574.15411	1569	16.3352
ERR13927574.15412	1549	17.5655
ERR13927574.15413	1586	19.1185
ERR13927574.15414	1579	20.5174
ERR13927574.15415	1553	18.9794
ERR13927574.15416	1606	19.5006
ERR13927574.15417	1585	19.2580
ERR13927574.15418	1548	17.9645
ERR13927574.15419	1546	19.8461
ERR13927574.15420	1593	19.5160
ERR13927574.15421	1595	15.8113
ERR13927574.15422	1594	18.8896
ERR13927574.15423	1614	19.2869
ERR13927574.15424	1562	20.7535
ERR13927574.15425	1597	20.1509
ERR13927574.15426	1539	20.8934
ERR13927574.15427	1555	17.9428
ERR13927574.15428	1607	19.4723
ERR13927574.15429	1605	16.3452
ERR13927574.15430	1653	19.0520
ERR13927574.15431	1553	14.8461
ERR13927574.15432	1596	18.4743
ERR13927574.15433	1568	18.4828
ERR13927574.15434	1560	17.2583
ERR13927574.15435	1546	14.4204
ERR13927574.15436	1549	20.4093
ERR13927574.15437	1592	17.4585
ERR13927574.15438	1575	19.7581
ERR13927574.15439	1617	16.0124
ERR13927574.15440	1545	17.7379
ERR13927574.15441	1607	19.2744
ERR13927574.15442	1556	17.8830
ERR13927574.15443	1578	16.3245
ERR13927574.15444	1572	20.0254
ERR13927574.15445	1550	20.2355
ERR13927574.15446	1614	20.6853
ERR13927574.15447	1567	18.0511
ERR13927574.15448	1612	15.7754
ERR13927574.15449	1621	20.4614
ERR13927574.15450	1598	18.9449
ERR13927574.15451	1566	18.6794
ERR13927574.15452	1559	18.9333
ERR13927574.15453	1565	19.2339
ERR13927574.15454	1580	17.6665
ERR13927574.15455	1609	17.5780
ERR13927574.15456	1612	17.5366
ERR13927574.15457	1584	18.0871
ERR13927574.15458	1586	18.5858
ERR13927574.15459	1582	19.6662
ERR13927574.15460	1549	16.3693
ERR13927574.15461	1567	17.6694
ERR13927574.15462	1568	18.7302
ERR13927574.15463	1581	20.1682
ERR13927574.15464	1562	20.5749
ERR13927574.15465	1576	19.8991
ERR13927574.15466	1600	20.6875
ERR13927574.15467	555	16.9027
ERR13927574.15468	1594	16.7252
ERR13927574.15469	1603	16.4523
ERR13927574.15470	1570	18.5070
ERR13927574.15471	1572	16.8683
ERR13927574.15472	1565	15.0134
ERR13927574.15473	1589	19.9522
ERR13927574.15474	1595	17.6495
ERR13927574.15475	1602	20.2047
ERR13927574.15476	1611	16.8833
ERR13927574.15477	1595	19.8094
ERR13927574.15478	1620	20.2210
ERR13927574.15479	1604	19.9034
ERR13927574.15480	1540	16.6403
ERR13927574.15481	1557	20.1683
ERR13927574.15482	1556	21.2988
ERR13927574.15483	1560	20.6346
ERR13927574.15484	1600	18.7406
ERR13927574.15485	1610	19.7429
ERR13927574.15486	1595	16.7699
ERR13927574.15487	1613	20.1228
ERR13927574.15488	1601	19.4572
ERR13927574.15489	1547	20.3891
ERR13927574.15490	1579	23.2489
ERR13927574.15491	1610	17.9938
ERR13927574.15492	1556	15.2661
ERR13927574.15493	1574	17.0959
ERR13927574.15494	1644	18.0967
ERR13927574.15495	1568	19.0682
ERR13927574.15496	1605	21.4903
ERR13927574.15497	1581	14.8691
ERR13927574.15498	1578	19.5722
ERR13927574.15499	1591	20.4155
ERR13927574.15500	1157	19.1158
ERR13927574.15501	1622	21.7842
ERR13927574.15502	1565	20.6946
ERR13927574.15503	1590	19.6264
ERR13927574.15504	1569	19.4245
ERR13927574.15505	1590	19.3937
ERR13927574.15506	1612	15.8238
ERR13927574.15507	1561	18.2217
ERR13927574.15508	1557	19.9306
ERR13927574.15509	1626	17.4957
ERR13927574.15510	1599	17.2464
ERR13927574.15511	1594	18.3112
ERR13927574.15512	1587	17.1481
ERR13927574.15513	1581	16.0259
ERR13927574.15514	1551	16.7995
ERR13927574.15515	1611	18.1434
ERR13927574.15516	1593	19.8073
ERR13927574.15517	1557	17.3475
ERR13927574.15518	1580	14.6228
ERR13927574.15519	1603	19.0774
ERR13927574.15520	1590	16.6855
ERR13927574.15521	1550	19.6658
ERR13927574.15522	1580	21.7741
ERR13927574.15523	1606	19.2267
ERR13927574.15524	1604	18.6989
ERR13927574.15525	1596	20.3966
ERR13927574.15526	1569	19.2307
ERR13927574.15527	1618	20.8177
ERR13927574.15528	1545	15.1877
ERR13927574.15529	1578	17.8226
ERR13927574.15530	1557	19.3565
ERR13927574.15531	1589	19.4613
ERR13927574.15532	1563	20.4811
ERR13927574.15533	1594	19.2409
ERR13927574.15534	1554	16.0238
ERR13927574.15535	1572	18.5076
ERR13927574.15536	1676	18.1366
ERR13927574.15537	1618	18.7837
ERR13927574.15538	1579	16.6840
ERR13927574.15539	1581	20.4466
ERR13927574.15540	1561	17.7841
ERR13927574.15541	1609	14.6557
ERR13927574.15542	1594	17.9724
ERR13927574.15543	1582	19.5480
ERR13927574.15544	1495	18.4836
ERR13927574.15545	1565	16.9955
ERR13927574.15546	1614	17.0719
ERR13927574.15547	1558	21.0533
ERR13927574.15548	1558	18.8671
ERR13927574.15549	1547	15.6755
ERR13927574.15550	1514	16.8190
ERR13927574.15551	1571	19.7467
ERR13927574.15552	1600	18.8144
ERR13927574.15553	1596	22.5959
ERR13927574.15554	1608	19.9988
ERR13927574.15555	1572	18.4548
ERR13927574.15556	1622	17.8009
ERR13927574.15557	1612	18.3096
ERR13927574.15558	1600	20.3875
ERR13927574.15559	1627	20.0178
ERR13927574.15560	1596	18.9994
ERR13927574.15561	1604	16.9009
ERR13927574.15562	1580	16.9601
ERR13927574.15563	1586	20.7295
ERR13927574.15564	1517	16.7001
ERR13927574.15565	1617	16.6030
ERR13927574.15566	1553	15.7733
ERR13927574.15567	1614	19.0025
ERR13927574.15568	1384	20.1351
ERR13927574.15569	1604	18.9383
ERR13927574.15570	1585	19.1975
ERR13927574.15571	1320	17.8023
ERR13927574.15572	1582	18.8578
ERR13927574.15573	1605	19.9246
ERR13927574.15574	1565	13.8556
ERR13927574.15575	1584	19.6105
ERR13927574.15576	1576	14.9124
ERR13927574.15577	1609	19.0920
ERR13927574.15578	1585	17.1199
ERR13927574.15579	1573	16.1577
ERR13927574.15580	1378	16.0312
ERR13927574.15581	1182	19.1058
ERR13927574.15582	1586	19.9483
ERR13927574.15583	1594	18.9316
ERR13927574.15584	1571	17.9663
ERR13927574.15585	1590	18.5119
ERR13927574.15586	1604	19.0137
ERR13927574.15587	1589	20.6205
ERR13927574.15588	1569	16.9446
ERR13927574.15589	1573	20.1322
ERR13927574.15590	1566	21.0153
ERR13927574.15591	1556	18.9544
ERR13927574.15592	1618	20.4506
ERR13927574.15593	1588	19.6511
ERR13927574.15594	1567	18.2802
ERR13927574.15595	1586	19.6293
ERR13927574.15596	1607	19.7455
ERR13927574.15597	1560	20.7500
ERR13927574.15598	1577	17.4566
ERR13927574.15599	1568	17.5753
ERR13927574.15600	1537	16.4392
ERR13927574.15601	1566	20.1386
ERR13927574.15602	1587	20.1884
ERR13927574.15603	1590	16.5314
ERR13927574.15604	1545	17.7320
ERR13927574.15605	1595	18.4734
ERR13927574.15606	1598	19.1733
ERR13927574.15607	1583	19.7536
ERR13927574.15608	1585	17.3849
ERR13927574.15609	1585	19.0410
ERR13927574.15610	1598	16.3417
ERR13927574.15611	1599	21.2251
ERR13927574.15612	1657	20.1123
ERR13927574.15613	1604	20.3130
ERR13927574.15614	1577	17.5003
ERR13927574.15615	1615	18.0068
ERR13927574.15616	1578	20.1717
ERR13927574.15617	1645	20.5465
ERR13927574.15618	1616	20.8205
ERR13927574.15619	1595	17.0276
ERR13927574.15620	1622	19.4162
ERR13927574.15621	1581	19.9216
ERR13927574.15622	255	12.7176
ERR13927574.15623	1611	20.9150
ERR13927574.15624	1634	17.3127
ERR13927574.15625	1567	21.0689
ERR13927574.15626	896	21.3929
ERR13927574.15627	1582	19.5834
ERR13927574.15628	1564	16.5812
ERR13927574.15629	1580	16.9690
ERR13927574.15630	1592	18.9962
ERR13927574.15631	1571	21.0465
ERR13927574.15632	1592	17.4849
ERR13927574.15633	1566	19.7573
ERR13927574.15634	1593	20.3779
ERR13927574.15635	1603	20.4348
ERR13927574.15636	1587	18.4776
ERR13927574.15637	1572	20.4256
ERR13927574.15638	1545	16.6971
ERR13927574.15639	1575	17.2368
ERR13927574.15640	1545	15.0712
ERR13927574.15641	1595	15.2489
ERR13927574.15642	1590	21.1189
ERR13927574.15643	1547	18.9005
ERR13927574.15644	1592	16.0358
ERR13927574.15645	1573	15.8309
ERR13927574.15646	1580	18.6184
ERR13927574.15647	1593	18.8211
ERR13927574.15648	1580	17.2392
ERR13927574.15649	1601	20.0119
ERR13927574.15650	515	14.4893
ERR13927574.15651	1569	18.0918
ERR13927574.15652	1584	16.8630
ERR13927574.15653	1600	17.6956
ERR13927574.15654	1563	16.7646
ERR13927574.15655	1562	20.3214
ERR13927574.15656	1583	19.0802
ERR13927574.15657	1617	21.4725
ERR13927574.15658	1545	18.2608
ERR13927574.15659	1607	15.4729
ERR13927574.15660	1595	20.8320
ERR13927574.15661	1552	20.2887
ERR13927574.15662	1579	15.9234
ERR13927574.15663	1590	15.5440
ERR13927574.15664	1575	21.1575
ERR13927574.15665	1605	19.3016
ERR13927574.15666	1617	17.9493
ERR13927574.15667	1571	19.1840
ERR13927574.15668	1530	15.4418
ERR13927574.15669	1583	21.6166
ERR13927574.15670	1604	20.7556
ERR13927574.15671	1698	20.0442
ERR13927574.15672	1549	17.2260
ERR13927574.15673	1576	19.1510
ERR13927574.15674	1520	15.2783
ERR13927574.15675	1604	18.0037
ERR13927574.15676	1590	20.0780
ERR13927574.15677	1611	18.3954
ERR13927574.15678	1599	17.9118
ERR13927574.15679	1616	21.3694
ERR13927574.15680	968	16.0692
ERR13927574.15681	1575	18.7206
ERR13927574.15682	1369	20.3711
ERR13927574.15683	686	16.4315
ERR13927574.15684	1603	17.1784
ERR13927574.15685	1584	17.5758
ERR13927574.15686	1587	14.0378
ERR13927574.15687	1595	17.3636
ERR13927574.15688	1587	18.8740
ERR13927574.15689	1593	16.1620
ERR13927574.15690	1618	19.7577
ERR13927574.15691	1573	19.8875
ERR13927574.15692	1601	15.8426
ERR13927574.15693	1583	19.1838
ERR13927574.15694	1546	17.2658
ERR13927574.15695	1614	22.0291
ERR13927574.15696	1573	18.2371
ERR13927574.15697	1619	18.4212
ERR13927574.15698	1514	17.0396
ERR13927574.15699	1588	18.3659
ERR13927574.15700	1590	16.1792
ERR13927574.15701	1561	21.0987
ERR13927574.15702	1571	20.0293
ERR13927574.15703	1597	17.1979
ERR13927574.15704	1592	19.6765
ERR13927574.15705	1547	17.4557
ERR13927574.15706	1558	19.4442
ERR13927574.15707	1580	17.9665
ERR13927574.15708	1641	17.3985
ERR13927574.15709	1558	18.8055
ERR13927574.15710	1562	18.5653
ERR13927574.15711	1609	18.9316
ERR13927574.15712	1611	18.3352
ERR13927574.15713	1553	19.2312
ERR13927574.15714	1566	17.9253
ERR13927574.15715	1594	17.3250
ERR13927574.15716	1577	19.3196
ERR13927574.15717	1588	19.1045
ERR13927574.15718	1572	19.2907
ERR13927574.15719	1561	20.0615
ERR13927574.15720	1590	18.4648
ERR13927574.15721	1554	19.0901
ERR13927574.15722	1572	16.0025
ERR13927574.15723	1554	19.8314
ERR13927574.15724	1596	20.7513
ERR13927574.15725	1582	19.2200
ERR13927574.15726	1537	19.6571
ERR13927574.15727	1581	15.1992
ERR13927574.15728	1602	20.5655
ERR13927574.15729	1581	20.8450
ERR13927574.15730	1580	16.6386
ERR13927574.15731	1579	19.2267
ERR13927574.15732	1567	15.6465
ERR13927574.15733	3120	16.1433
ERR13927574.15734	1605	16.2511
ERR13927574.15735	1552	16.9768
ERR13927574.15736	1587	18.5299
ERR13927574.15737	1533	19.2538
ERR13927574.15738	1561	20.3613
ERR13927574.15739	1572	16.0922
ERR13927574.15740	1568	16.3246
ERR13927574.15741	1591	16.8718
ERR13927574.15742	1539	16.4756
ERR13927574.15743	1569	18.8872
ERR13927574.15744	1565	16.4204
ERR13927574.15745	1583	16.3557
ERR13927574.15746	1636	18.2469
ERR13927574.15747	1665	20.3459
ERR13927574.15748	1008	19.3839
ERR13927574.15749	1556	15.9801
ERR13927574.15750	1597	16.9255
ERR13927574.15751	210	13.5286
ERR13927574.15752	1558	18.2914
ERR13927574.15753	1602	19.2846
ERR13927574.15754	1578	21.6343
ERR13927574.15755	1595	17.7636
ERR13927574.15756	1360	20.6059
ERR13927574.15757	218	16.9128
ERR13927574.15758	1604	20.1777
ERR13927574.15759	1588	17.6889
ERR13927574.15760	1697	17.2528
ERR13927574.15761	1584	20.5051
ERR13927574.15762	1570	17.8637
ERR13927574.15763	1575	19.9333
ERR13927574.15764	1561	17.2960
ERR13927574.15765	1568	18.7927
ERR13927574.15766	1604	18.5468
ERR13927574.15767	1606	18.9365
ERR13927574.15768	1572	21.4358
ERR13927574.15769	1596	18.7293
ERR13927574.15770	1601	17.0943
ERR13927574.15771	1604	18.7668
ERR13927574.15772	1626	17.1857
ERR13927574.15773	1568	20.2175
ERR13927574.15774	1606	20.1625
ERR13927574.15775	1612	17.6985
ERR13927574.15776	1557	18.3224
ERR13927574.15777	1575	20.7263
ERR13927574.15778	1602	20.4794
ERR13927574.15779	1600	16.4337
ERR13927574.15780	1540	18.3825
ERR13927574.15781	1560	16.4128
ERR13927574.15782	1605	19.3240
ERR13927574.15783	1561	17.8507
ERR13927574.15784	1568	21.1212
ERR13927574.15785	1584	16.5328
ERR13927574.15786	1579	21.2122
ERR13927574.15787	1592	21.2399
ERR13927574.15788	1583	19.6785
ERR13927574.15789	1556	15.8503
ERR13927574.15790	1559	18.2303
ERR13927574.15791	1576	16.6028
ERR13927574.15792	1592	16.2041
ERR13927574.15793	1647	16.9581
ERR13927574.15794	1604	19.9732
ERR13927574.15795	1572	19.7723
ERR13927574.15796	1572	17.5006
ERR13927574.15797	1615	18.7418
ERR13927574.15798	1574	21.7446
ERR13927574.15799	1601	19.1936
ERR13927574.15800	1524	18.2776
ERR13927574.15801	1594	18.8068
ERR13927574.15802	1660	21.0036
ERR13927574.15803	1589	18.8848
ERR13927574.15804	1623	19.9618
ERR13927574.15805	1570	17.9185
ERR13927574.15806	1593	20.3352
ERR13927574.15807	1562	15.2471
ERR13927574.15808	1574	21.2732
ERR13927574.15809	1587	16.6238
ERR13927574.15810	1616	19.9944
ERR13927574.15811	1464	21.1243
ERR13927574.15812	1611	19.6574
ERR13927574.15813	1576	19.1060
ERR13927574.15814	1589	18.5192
ERR13927574.15815	1606	17.4309
ERR13927574.15816	1574	19.1309
ERR13927574.15817	1585	18.8271
ERR13927574.15818	1588	18.5094
ERR13927574.15819	1566	18.3538
ERR13927574.15820	1572	16.2786
ERR13927574.15821	1522	15.6380
ERR13927574.15822	1589	18.1812
ERR13927574.15823	1592	16.8662
ERR13927574.15824	1579	19.2641
ERR13927574.15825	1574	18.2427
ERR13927574.15826	1577	17.1452
ERR13927574.15827	1609	20.2853
ERR13927574.15828	1578	20.0095
ERR13927574.15829	1403	16.0756
ERR13927574.15830	1553	20.5763
ERR13927574.15831	1570	20.9261
ERR13927574.15832	1571	15.1782
ERR13927574.15833	1276	17.4060
ERR13927574.15834	1594	17.5207
ERR13927574.15835	1576	20.1929
ERR13927574.15836	1560	16.3590
ERR13927574.15837	1570	18.0306
ERR13927574.15838	1578	20.6052
ERR13927574.15839	1587	18.9401
ERR13927574.15840	1578	18.5634
ERR13927574.15841	1572	20.2786
ERR13927574.15842	1572	17.4987
ERR13927574.15843	1601	17.9425
ERR13927574.15844	1597	17.9242
ERR13927574.15845	1612	14.7568
ERR13927574.15846	1609	17.3474
ERR13927574.15847	1579	16.5852
ERR13927574.15848	1610	19.6491
ERR13927574.15849	1605	14.7776
ERR13927574.15850	1614	19.3736
ERR13927574.15851	1578	18.3847
ERR13927574.15852	1541	20.8443
ERR13927574.15853	1600	21.6187
ERR13927574.15854	1562	19.7356
ERR13927574.15855	1583	18.9867
ERR13927574.15856	1600	17.7125
ERR13927574.15857	1589	19.2505
ERR13927574.15858	1612	19.7357
ERR13927574.15859	1590	15.4660
ERR13927574.15860	1615	18.9040
ERR13927574.15861	1593	14.6692
ERR13927574.15862	1576	21.6669
ERR13927574.15863	1618	18.6644
ERR13927574.15864	1574	19.7459
ERR13927574.15865	1564	21.2954
ERR13927574.15866	1588	20.0756
ERR13927574.15867	1616	17.2358
ERR13927574.15868	1597	18.0338
ERR13927574.15869	1618	16.6137
ERR13927574.15870	1593	18.5330
ERR13927574.15871	1545	16.6686
ERR13927574.15872	1564	19.1541
ERR13927574.15873	1579	19.4921
ERR13927574.15874	1570	15.3350
ERR13927574.15875	1588	16.8375
ERR13927574.15876	1604	17.8610
ERR13927574.15877	1606	19.3144
ERR13927574.15878	1599	18.5053
ERR13927574.15879	1580	19.9867
ERR13927574.15880	1552	18.3995
ERR13927574.15881	1481	19.1418
ERR13927574.15882	1608	19.2245
ERR13927574.15883	1551	16.5203
ERR13927574.15884	1576	20.0102
ERR13927574.15885	1559	16.5593
ERR13927574.15886	1603	16.9613
ERR13927574.15887	1555	19.6135
ERR13927574.15888	1578	17.4702
ERR13927574.15889	1491	14.0677
ERR13927574.15890	1371	20.8541
ERR13927574.15891	1571	18.0898
ERR13927574.15892	1600	19.6806
ERR13927574.15893	1643	16.8357
ERR13927574.15894	1620	18.5840
ERR13927574.15895	1596	15.0107
ERR13927574.15896	1590	14.0252
ERR13927574.15897	1302	18.8571
ERR13927574.15898	1579	16.1621
ERR13927574.15899	1580	16.5013
ERR13927574.15900	1604	18.3298
ERR13927574.15901	1586	18.7276
ERR13927574.15902	1580	18.0759
ERR13927574.15903	1592	19.5974
ERR13927574.15904	1605	20.0966
ERR13927574.15905	1557	15.0732
ERR13927574.15906	1599	15.2902
ERR13927574.15907	1583	16.1017
ERR13927574.15908	1566	17.0166
ERR13927574.15909	1594	19.6248
ERR13927574.15910	1601	20.7314
ERR13927574.15911	1586	18.8071
ERR13927574.15912	1567	18.9445
ERR13927574.15913	1581	18.2334
ERR13927574.15914	1560	19.0353
ERR13927574.15915	1566	20.7209
ERR13927574.15916	1619	16.1563
ERR13927574.15917	536	14.5653
ERR13927574.15918	1573	15.1914
ERR13927574.15919	1536	15.7943
ERR13927574.15920	1625	19.6855
ERR13927574.15921	1561	20.9910
ERR13927574.15922	404	18.7871
ERR13927574.15923	1592	17.1489
ERR13927574.15924	1547	22.0116
ERR13927574.15925	1587	18.1153
ERR13927574.15926	1553	18.3818
ERR13927574.15927	1589	19.7458
ERR13927574.15928	1572	18.8454
ERR13927574.15929	1547	16.0330
ERR13927574.15930	1578	20.4221
ERR13927574.15931	1666	19.8373
ERR13927574.15932	1609	20.1560
ERR13927574.15933	1585	19.8700
ERR13927574.15934	1622	20.0142
ERR13927574.15935	1612	21.4007
ERR13927574.15936	1572	19.2201
ERR13927574.15937	1573	18.2969
ERR13927574.15938	1532	18.8153
ERR13927574.15939	1561	19.0743
ERR13927574.15940	1614	20.8098
ERR13927574.15941	510	14.7804
ERR13927574.15942	1562	16.7785
ERR13927574.15943	1577	16.9841
ERR13927574.15944	1527	18.5102
ERR13927574.15945	1556	19.8207
ERR13927574.15946	1560	18.6513
ERR13927574.15947	1602	17.0187
ERR13927574.15948	1735	18.8703
ERR13927574.15949	1565	20.3987
ERR13927574.15950	1578	18.3790
ERR13927574.15951	1638	18.8187
ERR13927574.15952	1582	19.8180
ERR13927574.15953	714	18.0910
ERR13927574.15954	1578	19.6844
ERR13927574.15955	1576	19.2563
ERR13927574.15956	1524	15.8806
ERR13927574.15957	1586	15.7743
ERR13927574.15958	1556	17.7320
ERR13927574.15959	1588	16.5976
ERR13927574.15960	1518	17.5810
ERR13927574.15961	1603	16.5677
ERR13927574.15962	1622	18.0012
ERR13927574.15963	1609	19.6426
ERR13927574.15964	1597	18.6399
ERR13927574.15965	1612	19.0502
ERR13927574.15966	1615	20.9226
ERR13927574.15967	1603	18.7536
ERR13927574.15968	942	14.9151
ERR13927574.15969	1504	16.1150
ERR13927574.15970	1543	18.6902
ERR13927574.15971	1586	16.7913
ERR13927574.15972	1595	18.6063
ERR13927574.15973	1612	20.9702
ERR13927574.15974	1562	19.7785
ERR13927574.15975	1558	17.6566
ERR13927574.15976	1572	19.4656
ERR13927574.15977	1599	19.0807
ERR13927574.15978	1619	20.0636
ERR13927574.15979	1554	18.4801
ERR13927574.15980	1582	17.8331
ERR13927574.15981	1578	16.8847
ERR13927574.15982	1607	16.9932
ERR13927574.15983	1526	19.0885
ERR13927574.15984	1580	20.1614
ERR13927574.15985	1523	15.0532
ERR13927574.15986	1582	18.4874
ERR13927574.15987	1614	19.6543
ERR13927574.15988	1569	19.6475
ERR13927574.15989	1552	16.9188
ERR13927574.15990	1570	15.0561
ERR13927574.15991	1658	16.7696
ERR13927574.15992	1578	19.4810
ERR13927574.15993	1623	19.7474
ERR13927574.15994	1605	18.4474
ERR13927574.15995	1591	15.8680
ERR13927574.15996	1617	17.0068
ERR13927574.15997	1575	19.4032
ERR13927574.15998	1569	20.3646
ERR13927574.15999	1573	18.5658
ERR13927574.16000	1601	20.5540
ERR13927574.16001	1535	15.8384
ERR13927574.16002	1597	19.9724
ERR13927574.16003	1587	16.3711
ERR13927574.16004	1562	17.4046
ERR13927574.16005	1202	19.1522
ERR13927574.16006	1553	18.9891
ERR13927574.16007	1589	19.4902
ERR13927574.16008	1548	16.3191
ERR13927574.16009	1578	17.6667
ERR13927574.16010	1521	21.4609
ERR13927574.16011	1573	19.1322
ERR13927574.16012	3181	18.3722
ERR13927574.16013	1590	15.8893
ERR13927574.16014	282	14.5957
ERR13927574.16015	1534	18.6558
ERR13927574.16016	1576	15.0508
ERR13927574.16017	1550	16.4877
ERR13927574.16018	1602	18.6873
ERR13927574.16019	1549	18.5281
ERR13927574.16020	1598	17.8267
ERR13927574.16021	1582	17.6283
ERR13927574.16022	1602	20.2803
ERR13927574.16023	1612	17.9988
ERR13927574.16024	1563	20.8759
ERR13927574.16025	1577	20.9987
ERR13927574.16026	1570	21.3217
ERR13927574.16027	1562	18.3092
ERR13927574.16028	1585	19.4278
ERR13927574.16029	1578	20.2978
ERR13927574.16030	1577	18.9791
ERR13927574.16031	1615	18.4477
ERR13927574.16032	1539	15.5828
ERR13927574.16033	1571	17.9777
ERR13927574.16034	1579	15.1571
ERR13927574.16035	1598	16.7497
ERR13927574.16036	1589	15.9654
ERR13927574.16037	355	15.9155
ERR13927574.16038	1577	19.1249
ERR13927574.16039	1560	17.0038
ERR13927574.16040	1599	21.0969
ERR13927574.16041	1536	18.2422
ERR13927574.16042	1609	19.1840
ERR13927574.16043	1576	20.1923
ERR13927574.16044	1545	16.9087
ERR13927574.16045	1588	20.6083
ERR13927574.16046	1592	19.5050
ERR13927574.16047	1592	15.1401
ERR13927574.16048	1588	16.7393
ERR13927574.16049	1581	17.2663
ERR13927574.16050	1599	16.9099
ERR13927574.16051	1585	20.2391
ERR13927574.16052	1593	19.9297
ERR13927574.16053	1570	19.9204
ERR13927574.16054	1611	20.0670
ERR13927574.16055	1621	19.3109
ERR13927574.16056	1580	18.0506
ERR13927574.16057	383	15.2585
ERR13927574.16058	1585	18.3577
ERR13927574.16059	1617	22.2282
ERR13927574.16060	1603	20.5178
ERR13927574.16061	1590	20.5151
ERR13927574.16062	1558	19.5623
ERR13927574.16063	1568	17.3980
ERR13927574.16064	1542	17.2179
ERR13927574.16065	1573	16.3293
ERR13927574.16066	1592	18.0967
ERR13927574.16067	1618	19.7775
ERR13927574.16068	1519	18.5971
ERR13927574.16069	1550	17.3052
ERR13927574.16070	1555	17.6199
ERR13927574.16071	1615	19.1071
ERR13927574.16072	1580	19.9108
ERR13927574.16073	1589	17.9522
ERR13927574.16074	1566	18.2682
ERR13927574.16075	1596	18.3828
ERR13927574.16076	1559	16.7511
ERR13927574.16077	766	15.6802
ERR13927574.16078	1614	20.2844
ERR13927574.16079	1608	15.8203
ERR13927574.16080	1543	19.1886
ERR13927574.16081	1591	16.6166
ERR13927574.16082	1624	19.6952
ERR13927574.16083	1599	19.9412
ERR13927574.16084	1593	15.2053
ERR13927574.16085	1578	15.7985
ERR13927574.16086	1246	18.9262
ERR13927574.16087	1604	18.8522
ERR13927574.16088	1627	19.7763
ERR13927574.16089	1575	18.2654
ERR13927574.16090	1583	18.3967
ERR13927574.16091	1543	15.8898
ERR13927574.16092	1602	18.0986
ERR13927574.16093	1610	18.1776
ERR13927574.16094	1581	17.0247
ERR13927574.16095	1595	16.8690
ERR13927574.16096	1573	18.1589
ERR13927574.16097	1598	14.9687
ERR13927574.16098	1599	16.4253
ERR13927574.16099	1571	14.7530
ERR13927574.16100	1787	19.8931
ERR13927574.16101	1623	20.1904
ERR13927574.16102	1576	20.3515
ERR13927574.16103	1578	19.7243
ERR13927574.16104	1610	18.0739
ERR13927574.16105	1591	19.1201
ERR13927574.16106	1604	20.0405
ERR13927574.16107	1543	16.3474
ERR13927574.16108	1564	15.5857
ERR13927574.16109	1545	16.8421
ERR13927574.16110	1557	16.9261
ERR13927574.16111	1592	17.1558
ERR13927574.16112	1576	16.2830
ERR13927574.16113	1571	15.6696
ERR13927574.16114	1567	15.3255
ERR13927574.16115	1555	16.7672
ERR13927574.16116	1595	18.6558
ERR13927574.16117	3233	19.2144
ERR13927574.16118	1583	15.3670
ERR13927574.16119	1612	20.2233
ERR13927574.16120	1587	18.6604
ERR13927574.16121	1600	17.0519
ERR13927574.16122	1616	19.8880
ERR13927574.16123	1584	18.7134
ERR13927574.16124	1612	17.4448
ERR13927574.16125	1563	18.1056
ERR13927574.16126	1508	17.6154
ERR13927574.16127	1580	19.6513
ERR13927574.16128	1554	20.5920
ERR13927574.16129	1588	14.5869
ERR13927574.16130	1587	21.0466
ERR13927574.16131	1640	21.5104
ERR13927574.16132	1590	20.0648
ERR13927574.16133	1620	20.1241
ERR13927574.16134	1541	17.7904
ERR13927574.16135	1602	17.0724
ERR13927574.16136	1596	21.3753
ERR13927574.16137	1604	18.7494
ERR13927574.16138	1602	16.1542
ERR13927574.16139	1583	17.3594
ERR13927574.16140	1544	15.1192
ERR13927574.16141	1545	16.1165
ERR13927574.16142	1553	21.5229
ERR13927574.16143	1565	21.9489
ERR13927574.16144	1593	15.2806
ERR13927574.16145	1606	18.5685
ERR13927574.16146	1553	16.8828
ERR13927574.16147	484	18.8574
ERR13927574.16148	1580	19.3854
ERR13927574.16149	1274	18.9490
ERR13927574.16150	1572	20.2665
ERR13927574.16151	1601	14.6939
ERR13927574.16152	1569	20.8528
ERR13927574.16153	1602	17.2896
ERR13927574.16154	1602	17.3296
ERR13927574.16155	1575	15.3511
ERR13927574.16156	1598	18.3479
ERR13927574.16157	1594	19.8651
ERR13927574.16158	1562	17.2356
ERR13927574.16159	1597	20.2098
ERR13927574.16160	1608	15.4975
ERR13927574.16161	1607	20.3454
ERR13927574.16162	1599	17.2289
ERR13927574.16163	1565	18.8952
ERR13927574.16164	1575	22.0267
ERR13927574.16165	1613	18.6776
ERR13927574.16166	1567	19.6822
ERR13927574.16167	1606	20.6270
ERR13927574.16168	1622	19.7355
ERR13927574.16169	1582	14.7351
ERR13927574.16170	1577	17.0279
ERR13927574.16171	1533	18.9341
ERR13927574.16172	1600	19.2375
ERR13927574.16173	1252	18.0591
ERR13927574.16174	1559	17.8756
ERR13927574.16175	1568	19.9713
ERR13927574.16176	1574	16.2249
ERR13927574.16177	1605	17.7302
ERR13927574.16178	1605	18.5745
ERR13927574.16179	1583	21.7025
ERR13927574.16180	1554	20.5302
ERR13927574.16181	1540	17.1117
ERR13927574.16182	1578	21.4328
ERR13927574.16183	1564	18.6535
ERR13927574.16184	1560	20.5590
ERR13927574.16185	1597	20.1972
ERR13927574.16186	1583	13.3178
ERR13927574.16187	1626	16.4533
ERR13927574.16188	1621	18.9149
ERR13927574.16189	861	15.9152
ERR13927574.16190	1617	18.4193
ERR13927574.16191	1599	18.8924
ERR13927574.16192	1597	15.3056
ERR13927574.16193	1543	16.9391
ERR13927574.16194	1581	19.0689
ERR13927574.16195	1596	20.3239
ERR13927574.16196	1568	21.9464
ERR13927574.16197	1608	20.8750
ERR13927574.16198	1600	19.1713
ERR13927574.16199	1581	18.4213
ERR13927574.16200	1607	18.4188
ERR13927574.16201	1567	16.7358
ERR13927574.16202	1618	20.9357
ERR13927574.16203	1572	19.0076
ERR13927574.16204	1586	16.3380
ERR13927574.16205	1573	19.9243
ERR13927574.16206	1575	16.9048
ERR13927574.16207	1527	17.2443
ERR13927574.16208	1555	17.2437
ERR13927574.16209	1555	19.6444
ERR13927574.16210	1586	20.9931
ERR13927574.16211	1595	19.3762
ERR13927574.16212	1594	18.7064
ERR13927574.16213	1570	20.5917
ERR13927574.16214	1614	20.2825
ERR13927574.16215	1546	15.3034
ERR13927574.16216	1616	17.6597
ERR13927574.16217	1563	16.4171
ERR13927574.16218	1557	15.8902
ERR13927574.16219	1581	19.5604
ERR13927574.16220	1611	21.5078
ERR13927574.16221	1608	16.1437
ERR13927574.16222	1575	16.4590
ERR13927574.16223	1603	19.8883
ERR13927574.16224	1575	17.5283
ERR13927574.16225	1719	21.1576
ERR13927574.16226	989	16.5238
ERR13927574.16227	1516	15.2084
ERR13927574.16228	1573	20.4825
ERR13927574.16229	1584	19.5985
ERR13927574.16230	1594	15.9762
ERR13927574.16231	1589	18.3518
ERR13927574.16232	1566	18.6462
ERR13927574.16233	1572	19.4695
ERR13927574.16234	1596	19.3471
ERR13927574.16235	1587	18.7750
ERR13927574.16236	1607	19.3130
ERR13927574.16237	1555	16.7730
ERR13927574.16238	1625	19.2043
ERR13927574.16239	1620	19.9235
ERR13927574.16240	1544	19.9197
ERR13927574.16241	1560	17.8179
ERR13927574.16242	1580	13.4797
ERR13927574.16243	1590	19.9874
ERR13927574.16244	1706	16.6600
ERR13927574.16245	1619	16.7035
ERR13927574.16246	1309	18.7166
ERR13927574.16247	1562	18.3015
ERR13927574.16248	1511	14.7485
ERR13927574.16249	1603	19.8434
ERR13927574.16250	1595	15.2502
ERR13927574.16251	1619	21.5466
ERR13927574.16252	1598	18.7259
ERR13927574.16253	1593	17.5097
ERR13927574.16254	1571	17.8262
ERR13927574.16255	1566	20.1111
ERR13927574.16256	1592	18.2594
ERR13927574.16257	1582	16.5847
ERR13927574.16258	1551	18.5957
ERR13927574.16259	1562	19.2061
ERR13927574.16260	1605	19.3832
ERR13927574.16261	763	17.6815
ERR13927574.16262	1596	17.2726
ERR13927574.16263	1661	20.0759
ERR13927574.16264	1565	19.4952
ERR13927574.16265	1595	17.1248
ERR13927574.16266	1566	20.2605
ERR13927574.16267	1552	17.0419
ERR13927574.16268	1597	20.2956
ERR13927574.16269	1604	19.1808
ERR13927574.16270	1592	19.3763
ERR13927574.16271	1578	16.4601
ERR13927574.16272	1594	17.8871
ERR13927574.16273	1551	20.0445
ERR13927574.16274	1553	20.5351
ERR13927574.16275	1588	20.4729
ERR13927574.16276	1617	19.1719
ERR13927574.16277	1565	17.8217
ERR13927574.16278	1605	16.1495
ERR13927574.16279	1576	20.6332
ERR13927574.16280	1602	20.2553
ERR13927574.16281	1584	16.2222
ERR13927574.16282	1277	19.4597
ERR13927574.16283	1565	18.2115
ERR13927574.16284	1616	16.8787
ERR13927574.16285	1593	19.7439
ERR13927574.16286	1576	19.2240
ERR13927574.16287	1293	19.6783
ERR13927574.16288	1581	20.5794
ERR13927574.16289	1596	16.9185
ERR13927574.16290	1566	19.6820
ERR13927574.16291	1564	19.2212
ERR13927574.16292	1556	16.9666
ERR13927574.16293	1617	20.0550
ERR13927574.16294	1577	18.7495
ERR13927574.16295	1578	19.0837
ERR13927574.16296	1584	14.3232
ERR13927574.16297	1603	17.4136
ERR13927574.16298	1553	18.9111
ERR13927574.16299	1620	15.6012
ERR13927574.16300	1579	17.1482
ERR13927574.16301	1590	15.6434
ERR13927574.16302	1615	19.5418
ERR13927574.16303	1612	17.9926
ERR13927574.16304	1542	14.5914
ERR13927574.16305	1557	17.0617
ERR13927574.16306	1622	16.5869
ERR13927574.16307	1576	21.5108
ERR13927574.16308	404	13.2450
ERR13927574.16309	565	15.8389
ERR13927574.16310	1587	20.6131
ERR13927574.16311	702	14.7621
ERR13927574.16312	1647	14.8312
ERR13927574.16313	1615	22.6421
ERR13927574.16314	1175	15.6902
ERR13927574.16315	792	15.9634
ERR13927574.16316	1549	15.1014
ERR13927574.16317	1593	13.5223
ERR13927574.16318	1820	17.3434
ERR13927574.16319	238	13.6975
ERR13927574.16320	1603	17.9114
ERR13927574.16321	1589	20.1101
ERR13927574.16322	1572	16.7201
ERR13927574.16323	1541	19.3511
ERR13927574.16324	1534	19.4615
ERR13927574.16325	1582	16.3249
ERR13927574.16326	1620	17.0660
ERR13927574.16327	1546	17.5097
ERR13927574.16328	1603	20.5602
ERR13927574.16329	1565	18.6594
ERR13927574.16330	1605	20.5875
ERR13927574.16331	1629	18.7139
ERR13927574.16332	1618	19.0155
ERR13927574.16333	1558	18.0591
ERR13927574.16334	1584	16.1856
ERR13927574.16335	851	16.6957
ERR13927574.16336	1568	17.7200
ERR13927574.16337	1541	19.1622
ERR13927574.16338	1653	16.5681
ERR13927574.16339	1626	17.5474
ERR13927574.16340	1610	17.0565
ERR13927574.16341	1606	19.0056
ERR13927574.16342	1576	17.4016
ERR13927574.16343	3173	14.7825
ERR13927574.16344	1576	19.1098
ERR13927574.16345	1600	19.2894
ERR13927574.16346	1575	18.1537
ERR13927574.16347	1601	18.3092
ERR13927574.16348	1576	16.0387
ERR13927574.16349	1560	19.4929
ERR13927574.16350	1618	22.0544
ERR13927574.16351	1605	19.1969
ERR13927574.16352	1553	16.5737
ERR13927574.16353	1566	21.4100
ERR13927574.16354	1590	19.0182
ERR13927574.16355	1586	14.6999
ERR13927574.16356	1562	16.9085
ERR13927574.16357	1599	17.4409
ERR13927574.16358	1569	20.5660
ERR13927574.16359	1596	14.7362
ERR13927574.16360	1572	16.5935
ERR13927574.16361	1603	20.1454
ERR13927574.16362	1564	17.7065
ERR13927574.16363	1576	19.3001
ERR13927574.16364	1613	19.3459
ERR13927574.16365	1599	18.9475
ERR13927574.16366	1721	20.8762
ERR13927574.16367	1533	15.0137
ERR13927574.16368	1191	18.9370
ERR13927574.16369	1662	21.0656
ERR13927574.16370	1574	19.3412
ERR13927574.16371	1622	16.7694
ERR13927574.16372	1561	19.5708
ERR13927574.16373	1576	16.3230
ERR13927574.16374	1601	18.6621
ERR13927574.16375	1569	18.1880
ERR13927574.16376	1578	17.8853
ERR13927574.16377	1611	18.8473
ERR13927574.16378	1568	20.4726
ERR13927574.16379	1566	19.0390
ERR13927574.16380	1599	13.7598
ERR13927574.16381	1570	21.1089
ERR13927574.16382	1625	18.9754
ERR13927574.16383	1591	18.0044
ERR13927574.16384	334	18.0120
ERR13927574.16385	1617	19.1880
ERR13927574.16386	1579	17.0006
ERR13927574.16387	1576	17.4061
ERR13927574.16388	1579	17.8239
ERR13927574.16389	1580	19.8962
ERR13927574.16390	1578	19.5025
ERR13927574.16391	1585	19.3558
ERR13927574.16392	1582	15.8995
ERR13927574.16393	1574	18.3640
ERR13927574.16394	1603	19.1042
ERR13927574.16395	1509	16.1630
ERR13927574.16396	1577	20.0926
ERR13927574.16397	1591	20.4865
ERR13927574.16398	1563	21.4990
ERR13927574.16399	764	19.5314
ERR13927574.16400	1571	19.3985
ERR13927574.16401	1579	21.4528
ERR13927574.16402	1618	16.3405
ERR13927574.16403	1717	19.0542
ERR13927574.16404	1601	20.0806
ERR13927574.16405	1603	19.8422
ERR13927574.16406	1584	18.4640
ERR13927574.16407	1557	21.1734
ERR13927574.16408	1565	18.3355
ERR13927574.16409	1614	17.9498
ERR13927574.16410	1610	17.6472
ERR13927574.16411	1566	21.2625
ERR13927574.16412	1580	18.9962
ERR13927574.16413	1569	20.5551
ERR13927574.16414	1541	18.1447
ERR13927574.16415	1712	19.4165
ERR13927574.16416	1612	19.2581
ERR13927574.16417	1594	16.7365
ERR13927574.16418	812	17.3276
ERR13927574.16419	1608	17.2848
ERR13927574.16420	942	18.3355
ERR13927574.16421	281	16.4555
ERR13927574.16422	1831	17.8798
ERR13927574.16423	1549	18.2066
ERR13927574.16424	1579	15.8265
ERR13927574.16425	1571	17.1935
ERR13927574.16426	1568	18.3023
ERR13927574.16427	1549	16.4551
ERR13927574.16428	1614	20.1524
ERR13927574.16429	1545	19.4479
ERR13927574.16430	1558	18.7439
ERR13927574.16431	1574	17.1360
ERR13927574.16432	1578	19.9347
ERR13927574.16433	1591	16.9101
ERR13927574.16434	1585	19.5584
ERR13927574.16435	1568	18.3954
ERR13927574.16436	1614	15.8055
ERR13927574.16437	1569	17.3454
ERR13927574.16438	1574	19.8825
ERR13927574.16439	1588	19.0139
ERR13927574.16440	1568	14.3999
ERR13927574.16441	1560	20.5077
ERR13927574.16442	1581	19.1410
ERR13927574.16443	1561	19.5599
ERR13927574.16444	1570	18.1172
ERR13927574.16445	847	18.1133
ERR13927574.16446	1603	19.7336
ERR13927574.16447	1551	16.2224
ERR13927574.16448	1586	19.1992
ERR13927574.16449	1545	17.4686
ERR13927574.16450	1535	19.2293
ERR13927574.16451	886	16.1772
ERR13927574.16452	1622	17.8015
ERR13927574.16453	1569	16.8815
ERR13927574.16454	1606	20.4819
ERR13927574.16455	841	20.5018
ERR13927574.16456	1595	20.0721
ERR13927574.16457	1577	19.3488
ERR13927574.16458	1595	18.1862
ERR13927574.16459	1556	16.1581
ERR13927574.16460	1608	17.9944
ERR13927574.16461	1562	18.6191
ERR13927574.16462	1585	18.2000
ERR13927574.16463	1609	18.6140
ERR13927574.16464	1591	16.7982
ERR13927574.16465	1545	14.4356
ERR13927574.16466	1588	14.5246
ERR13927574.16467	1623	19.2828
ERR13927574.16468	1555	18.6605
ERR13927574.16469	1584	17.2563
ERR13927574.16470	1617	18.7570
ERR13927574.16471	1607	16.2819
ERR13927574.16472	1545	17.5683
ERR13927574.16473	1549	18.9451
ERR13927574.16474	1558	16.6958
ERR13927574.16475	1575	19.7987
ERR13927574.16476	1614	19.3761
ERR13927574.16477	1552	15.3080
ERR13927574.16478	1568	16.7793
ERR13927574.16479	1604	21.0449
ERR13927574.16480	1572	19.9472
ERR13927574.16481	1581	18.7419
ERR13927574.16482	1625	20.6234
ERR13927574.16483	1549	16.3183
ERR13927574.16484	1559	18.0334
ERR13927574.16485	1599	16.8799
ERR13927574.16486	1556	18.7950
ERR13927574.16487	1630	18.5331
ERR13927574.16488	1581	17.0076
ERR13927574.16489	1564	18.6509
ERR13927574.16490	1590	19.6283
ERR13927574.16491	1658	16.7292
ERR13927574.16492	1566	16.2350
ERR13927574.16493	1595	18.6345
ERR13927574.16494	1562	18.0845
ERR13927574.16495	1631	21.6419
ERR13927574.16496	1596	18.4843
ERR13927574.16497	1575	16.6578
ERR13927574.16498	1575	16.0590
ERR13927574.16499	1582	19.5297
ERR13927574.16500	1571	20.1063
ERR13927574.16501	1624	18.6158
ERR13927574.16502	1505	19.4419
ERR13927574.16503	1586	18.0921
ERR13927574.16504	1558	16.5578
ERR13927574.16505	1582	19.0917
ERR13927574.16506	343	16.7668
ERR13927574.16507	1621	19.2196
ERR13927574.16508	1579	20.4262
ERR13927574.16509	1567	15.1206
ERR13927574.16510	1561	21.1441
ERR13927574.16511	1571	19.7180
ERR13927574.16512	1559	17.2611
ERR13927574.16513	1607	18.2943
ERR13927574.16514	1572	14.5782
ERR13927574.16515	1619	18.7017
ERR13927574.16516	1613	18.5437
ERR13927574.16517	1603	19.3668
ERR13927574.16518	1611	19.6747
ERR13927574.16519	1484	17.6860
ERR13927574.16520	1563	21.2981
ERR13927574.16521	1603	19.6956
ERR13927574.16522	1571	19.9109
ERR13927574.16523	1578	16.9480
ERR13927574.16524	1530	15.6575
ERR13927574.16525	1706	19.0111
ERR13927574.16526	1590	18.2686
ERR13927574.16527	1594	17.1763
ERR13927574.16528	1595	18.9085
ERR13927574.16529	1608	19.2637
ERR13927574.16530	1624	19.9323
ERR13927574.16531	1562	20.7049
ERR13927574.16532	1605	18.5558
ERR13927574.16533	1598	14.8436
ERR13927574.16534	1596	17.2657
ERR13927574.16535	1604	18.8167
ERR13927574.16536	1606	18.5735
ERR13927574.16537	1578	21.4411
ERR13927574.16538	1602	19.8171
ERR13927574.16539	1603	19.0792
ERR13927574.16540	1572	21.6756
ERR13927574.16541	1577	16.7286
ERR13927574.16542	1582	16.0019
ERR13927574.16543	1607	18.2887
ERR13927574.16544	1571	14.3870
ERR13927574.16545	1568	22.0625
ERR13927574.16546	1597	14.9148
ERR13927574.16547	1578	16.4962
ERR13927574.16548	1598	19.8761
ERR13927574.16549	1621	18.0808
ERR13927574.16550	1571	19.7091
ERR13927574.16551	1582	18.2509
ERR13927574.16552	1567	15.7435
ERR13927574.16553	1554	19.0135
ERR13927574.16554	1612	20.1297
ERR13927574.16555	1161	17.7218
ERR13927574.16556	1604	19.4146
ERR13927574.16557	1629	18.8533
ERR13927574.16558	1588	18.8413
ERR13927574.16559	1540	19.4675
ERR13927574.16560	1608	20.4415
ERR13927574.16561	1608	21.3769
ERR13927574.16562	1566	18.0498
ERR13927574.16563	1618	18.0655
ERR13927574.16564	1542	15.7049
ERR13927574.16565	1608	19.9739
ERR13927574.16566	1603	20.3774
ERR13927574.16567	1581	18.3548
ERR13927574.16568	1602	19.0705
ERR13927574.16569	337	20.4065
ERR13927574.16570	1587	18.4562
ERR13927574.16571	1586	21.5517
ERR13927574.16572	1595	18.9611
ERR13927574.16573	1609	18.0677
ERR13927574.16574	1559	20.0289
ERR13927574.16575	1159	19.6126
ERR13927574.16576	1623	18.2311
ERR13927574.16577	1573	19.8512
ERR13927574.16578	1571	19.6149
ERR13927574.16579	1573	18.6860
ERR13927574.16580	1600	17.7550
ERR13927574.16581	1618	18.0105
ERR13927574.16582	1559	15.9859
ERR13927574.16583	1595	18.5749
ERR13927574.16584	849	17.5336
ERR13927574.16585	1553	15.6542
ERR13927574.16586	1399	22.7763
ERR13927574.16587	1582	18.2668
ERR13927574.16588	1618	17.6026
ERR13927574.16589	1541	15.0123
ERR13927574.16590	1609	18.0839
ERR13927574.16591	1577	14.7508
ERR13927574.16592	1559	19.7498
ERR13927574.16593	1617	19.4348
ERR13927574.16594	1617	19.1447
ERR13927574.16595	1560	15.6968
ERR13927574.16596	720	17.5153
ERR13927574.16597	1586	17.9016
ERR13927574.16598	1586	15.9962
ERR13927574.16599	1572	18.9135
ERR13927574.16600	1560	15.3404
ERR13927574.16601	1614	19.3234
ERR13927574.16602	1603	15.7648
ERR13927574.16603	1562	20.3899
ERR13927574.16604	1562	18.6799
ERR13927574.16605	1625	19.1151
ERR13927574.16606	1571	20.6098
ERR13927574.16607	1553	15.8390
ERR13927574.16608	1480	15.8784
ERR13927574.16609	1603	16.8060
ERR13927574.16610	1572	22.1387
ERR13927574.16611	1564	20.9488
ERR13927574.16612	1120	17.7857
ERR13927574.16613	1612	15.3983
ERR13927574.16614	1585	14.7079
ERR13927574.16615	1591	18.5311
ERR13927574.16616	1569	18.4474
ERR13927574.16617	1572	18.2958
ERR13927574.16618	1573	17.7343
ERR13927574.16619	1701	19.4615
ERR13927574.16620	1581	19.2606
ERR13927574.16621	1577	19.5504
ERR13927574.16622	1597	20.3732
ERR13927574.16623	1615	17.5988
ERR13927574.16624	1572	18.3009
ERR13927574.16625	1562	16.8278
ERR13927574.16626	1604	17.9869
ERR13927574.16627	1566	17.1149
ERR13927574.16628	1526	14.7982
ERR13927574.16629	1610	21.3776
ERR13927574.16630	1550	17.0265
ERR13927574.16631	1567	18.8698
ERR13927574.16632	1602	17.2135
ERR13927574.16633	1577	19.0114
ERR13927574.16634	1580	17.0203
ERR13927574.16635	1571	18.2018
ERR13927574.16636	1571	20.8173
ERR13927574.16637	1576	19.0761
ERR13927574.16638	1510	16.7126
ERR13927574.16639	1617	20.4725
ERR13927574.16640	1561	18.6675
ERR13927574.16641	1560	20.4846
ERR13927574.16642	1575	21.0019
ERR13927574.16643	1591	15.7102
ERR13927574.16644	1595	17.5893
ERR13927574.16645	1572	20.9720
ERR13927574.16646	1565	21.0799
ERR13927574.16647	1594	20.1656
ERR13927574.16648	1612	20.0403
ERR13927574.16649	1551	20.1509
ERR13927574.16650	1584	18.9293
ERR13927574.16651	1553	15.2981
ERR13927574.16652	1568	18.8010
ERR13927574.16653	1582	19.6877
ERR13927574.16654	1620	18.5759
ERR13927574.16655	1552	16.5664
ERR13927574.16656	1574	20.0457
ERR13927574.16657	1571	19.4984
ERR13927574.16658	1548	19.2048
ERR13927574.16659	1561	19.8379
ERR13927574.16660	1599	18.8430
ERR13927574.16661	1600	19.3025
ERR13927574.16662	1586	16.1835
ERR13927574.16663	1604	19.2469
ERR13927574.16664	1587	16.0510
ERR13927574.16665	1611	18.7709
ERR13927574.16666	1558	21.0571
ERR13927574.16667	1584	15.0347
ERR13927574.16668	1598	18.3004
ERR13927574.16669	1596	15.8797
ERR13927574.16670	1571	20.5461
ERR13927574.16671	1563	18.1241
ERR13927574.16672	1609	18.7098
ERR13927574.16673	1577	18.7032
ERR13927574.16674	1550	14.7413
ERR13927574.16675	1590	14.0887
ERR13927574.16676	1561	18.7905
ERR13927574.16677	1614	19.6090
ERR13927574.16678	1584	19.4299
ERR13927574.16679	1619	20.4972
ERR13927574.16680	1591	16.4997
ERR13927574.16681	1590	19.2057
ERR13927574.16682	1623	20.0826
ERR13927574.16683	1567	15.4314
ERR13927574.16684	1596	20.7206
ERR13927574.16685	1601	17.9694
ERR13927574.16686	1614	19.8637
ERR13927574.16687	1577	17.2302
ERR13927574.16688	1512	16.8790
ERR13927574.16689	1571	15.9815
ERR13927574.16690	1612	19.3065
ERR13927574.16691	1676	17.8365
ERR13927574.16692	1549	19.3880
ERR13927574.16693	1622	19.0660
ERR13927574.16694	1567	17.3133
ERR13927574.16695	1598	20.4912
ERR13927574.16696	1620	21.5432
ERR13927574.16697	391	20.7059
ERR13927574.16698	1585	15.2902
ERR13927574.16699	1548	16.0581
ERR13927574.16700	1567	15.8251
ERR13927574.16701	1620	21.2302
ERR13927574.16702	1604	20.2849
ERR13927574.16703	1577	16.8681
ERR13927574.16704	1574	21.2668
ERR13927574.16705	1575	17.7276
ERR13927574.16706	1585	21.0227
ERR13927574.16707	1589	19.0717
ERR13927574.16708	1543	15.9268
ERR13927574.16709	1556	18.6787
ERR13927574.16710	1539	15.5757
ERR13927574.16711	1587	20.7952
ERR13927574.16712	1604	19.0162
ERR13927574.16713	1626	17.9975
ERR13927574.16714	1571	19.0369
ERR13927574.16715	1592	17.5791
ERR13927574.16716	1597	18.0019
ERR13927574.16717	1590	19.6403
ERR13927574.16718	1611	19.7263
ERR13927574.16719	1593	16.6993
ERR13927574.16720	1558	18.3151
ERR13927574.16721	1535	20.4612
ERR13927574.16722	1572	19.7805
ERR13927574.16723	1623	18.6574
ERR13927574.16724	1576	16.1180
ERR13927574.16725	1560	20.9538
ERR13927574.16726	1545	18.1398
ERR13927574.16727	1617	19.4756
ERR13927574.16728	1596	18.7757
ERR13927574.16729	1551	19.5590
ERR13927574.16730	1598	19.4518
ERR13927574.16731	1570	19.2752
ERR13927574.16732	1636	19.2781
ERR13927574.16733	1571	18.5672
ERR13927574.16734	1616	19.7166
ERR13927574.16735	1583	17.9792
ERR13927574.16736	1572	19.3340
ERR13927574.16737	1613	19.7254
ERR13927574.16738	1633	18.2388
ERR13927574.16739	1606	19.5062
ERR13927574.16740	1617	14.7959
ERR13927574.16741	1595	19.2583
ERR13927574.16742	1581	18.3846
ERR13927574.16743	1599	19.6892
ERR13927574.16744	1564	20.6643
ERR13927574.16745	1535	15.0417
ERR13927574.16746	1572	19.1584
ERR13927574.16747	1551	13.3830
ERR13927574.16748	1613	18.7787
ERR13927574.16749	1598	19.4437
ERR13927574.16750	1594	18.6863
ERR13927574.16751	1618	21.8714
ERR13927574.16752	1566	22.2561
ERR13927574.16753	1711	20.0292
ERR13927574.16754	1594	16.6048
ERR13927574.16755	1565	16.2645
ERR13927574.16756	1586	20.6009
ERR13927574.16757	1590	16.4893
ERR13927574.16758	1630	15.7834
ERR13927574.16759	1569	19.3716
ERR13927574.16760	1586	18.0473
ERR13927574.16761	1548	15.6647
ERR13927574.16762	1564	16.0965
ERR13927574.16763	1613	17.9988
ERR13927574.16764	1575	15.3702
ERR13927574.16765	1624	20.0579
ERR13927574.16766	1648	18.1754
ERR13927574.16767	1611	19.7691
ERR13927574.16768	1594	19.2673
ERR13927574.16769	1581	15.3523
ERR13927574.16770	605	16.0793
ERR13927574.16771	1566	18.6367
ERR13927574.16772	1620	20.8802
ERR13927574.16773	1571	18.5831
ERR13927574.16774	1602	16.7821
ERR13927574.16775	1611	20.2228
ERR13927574.16776	1610	19.6702
ERR13927574.16777	1600	19.0944
ERR13927574.16778	1567	16.3389
ERR13927574.16779	1552	15.7784
ERR13927574.16780	1591	15.7725
ERR13927574.16781	1602	15.8252
ERR13927574.16782	1560	19.2513
ERR13927574.16783	1536	18.6660
ERR13927574.16784	1566	21.2586
ERR13927574.16785	1593	16.7024
ERR13927574.16786	1575	17.7740
ERR13927574.16787	1573	19.6395
ERR13927574.16788	1563	19.7179
ERR13927574.16789	1611	18.3166
ERR13927574.16790	1577	15.4223
ERR13927574.16791	1585	18.3123
ERR13927574.16792	1557	14.1927
ERR13927574.16793	1603	21.3512
ERR13927574.16794	1609	17.8732
ERR13927574.16795	1556	17.2982
ERR13927574.16796	1567	20.8692
ERR13927574.16797	1563	18.9687
ERR13927574.16798	1611	18.3551
ERR13927574.16799	1572	20.4268
ERR13927574.16800	1586	17.6311
ERR13927574.16801	1538	16.8121
ERR13927574.16802	1578	21.3403
ERR13927574.16803	1576	18.5742
ERR13927574.16804	1609	20.9260
ERR13927574.16805	1640	17.9451
ERR13927574.16806	1599	16.4478
ERR13927574.16807	1587	19.3743
ERR13927574.16808	1593	15.5499
ERR13927574.16809	1550	18.3245
ERR13927574.16810	1605	14.9807
ERR13927574.16811	1581	21.4503
ERR13927574.16812	1567	20.9611
ERR13927574.16813	1623	19.6519
ERR13927574.16814	1566	16.2554
ERR13927574.16815	1565	19.7859
ERR13927574.16816	1562	18.7542
ERR13927574.16817	1553	18.1127
ERR13927574.16818	1613	19.0936
ERR13927574.16819	1564	17.5588
ERR13927574.16820	1577	19.7026
ERR13927574.16821	1566	19.9132
ERR13927574.16822	1614	18.1264
ERR13927574.16823	1578	15.9689
ERR13927574.16824	1562	15.0487
ERR13927574.16825	1511	17.6969
ERR13927574.16826	1608	16.0460
ERR13927574.16827	1593	16.6547
ERR13927574.16828	1653	20.6316
ERR13927574.16829	1635	19.5957
ERR13927574.16830	1559	14.0981
ERR13927574.16831	1560	15.7256
ERR13927574.16832	1600	20.1088
ERR13927574.16833	1512	14.5860
ERR13927574.16834	1590	16.7667
ERR13927574.16835	1576	14.7202
ERR13927574.16836	1556	17.0386
ERR13927574.16837	1507	16.8719
ERR13927574.16838	1552	17.5135
ERR13927574.16839	1556	16.7506
ERR13927574.16840	1569	18.3550
ERR13927574.16841	1611	20.2117
ERR13927574.16842	1578	16.6800
ERR13927574.16843	1578	18.1990
ERR13927574.16844	1574	17.7802
ERR13927574.16845	1580	17.6259
ERR13927574.16846	587	16.4344
ERR13927574.16847	1565	18.4045
ERR13927574.16848	1513	15.6200
ERR13927574.16849	1592	15.3763
ERR13927574.16850	1597	19.9092
ERR13927574.16851	1547	19.1610
ERR13927574.16852	1668	15.4490
ERR13927574.16853	1596	19.4455
ERR13927574.16854	1569	16.9089
ERR13927574.16855	1550	16.7439
ERR13927574.16856	1311	18.2212
ERR13927574.16857	1617	19.1033
ERR13927574.16858	1617	19.9573
ERR13927574.16859	1582	19.2016
ERR13927574.16860	1618	16.7237
ERR13927574.16861	1567	20.3184
ERR13927574.16862	1566	20.7222
ERR13927574.16863	1599	18.3315
ERR13927574.16864	1563	19.4875
ERR13927574.16865	595	16.1345
ERR13927574.16866	1575	18.6102
ERR13927574.16867	1624	18.0671
ERR13927574.16868	1608	20.1580
ERR13927574.16869	1570	17.2236
ERR13927574.16870	1567	15.8519
ERR13927574.16871	1570	20.9688
ERR13927574.16872	1618	21.5006
ERR13927574.16873	1521	19.2367
ERR13927574.16874	850	17.5847
ERR13927574.16875	1572	19.7373
ERR13927574.16876	1463	15.8113
ERR13927574.16877	1585	17.8032
ERR13927574.16878	1591	16.4664
ERR13927574.16879	1600	21.6044
ERR13927574.16880	1612	21.1408
ERR13927574.16881	1540	17.3831
ERR13927574.16882	1588	15.6971
ERR13927574.16883	1585	18.4719
ERR13927574.16884	1562	19.8457
ERR13927574.16885	1601	20.5765
ERR13927574.16886	1579	19.0443
ERR13927574.16887	1590	18.6522
ERR13927574.16888	1594	17.1625
ERR13927574.16889	1585	16.2132
ERR13927574.16890	1642	18.6029
ERR13927574.16891	1584	20.4817
ERR13927574.16892	1559	15.3958
ERR13927574.16893	1607	18.6938
ERR13927574.16894	1631	19.6334
ERR13927574.16895	1569	14.0153
ERR13927574.16896	1557	18.5324
ERR13927574.16897	1576	20.1536
ERR13927574.16898	1581	21.2859
ERR13927574.16899	1591	17.8045
ERR13927574.16900	1570	17.7860
ERR13927574.16901	1571	16.3526
ERR13927574.16902	1576	19.1624
ERR13927574.16903	1594	19.0803
ERR13927574.16904	1581	20.5560
ERR13927574.16905	1566	19.8397
ERR13927574.16906	1608	20.9154
ERR13927574.16907	1576	20.1662
ERR13927574.16908	1601	18.4803
ERR13927574.16909	1573	14.8195
ERR13927574.16910	1575	19.7537
ERR13927574.16911	1609	17.7955
ERR13927574.16912	1617	19.4855
ERR13927574.16913	1566	18.4674
ERR13927574.16914	1579	14.4003
ERR13927574.16915	1569	20.6985
ERR13927574.16916	1627	20.2372
ERR13927574.16917	255	13.7255
ERR13927574.16918	1605	15.8642
ERR13927574.16919	1617	19.0148
ERR13927574.16920	1547	15.2864
ERR13927574.16921	1625	17.3889
ERR13927574.16922	1622	16.4088
ERR13927574.16923	1617	16.4119
ERR13927574.16924	1559	17.0417
ERR13927574.16925	1609	18.3940
ERR13927574.16926	1610	18.5075
ERR13927574.16927	1209	16.0298
ERR13927574.16928	1564	19.1503
ERR13927574.16929	1592	17.4108
ERR13927574.16930	1605	20.8243
ERR13927574.16931	1552	17.2481
ERR13927574.16932	1560	16.5468
ERR13927574.16933	1579	18.4908
ERR13927574.16934	1564	19.9552
ERR13927574.16935	1572	19.8136
ERR13927574.16936	1603	20.4810
ERR13927574.16937	1617	19.1750
ERR13927574.16938	1569	15.9649
ERR13927574.16939	1608	16.2512
ERR13927574.16940	1576	18.7284
ERR13927574.16941	1590	20.3566
ERR13927574.16942	1581	20.7514
ERR13927574.16943	1564	15.0211
ERR13927574.16944	1566	20.6865
ERR13927574.16945	1541	16.0058
ERR13927574.16946	1573	15.6078
ERR13927574.16947	1603	20.0799
ERR13927574.16948	1544	18.7021
ERR13927574.16949	1582	17.7402
ERR13927574.16950	1609	17.7707
ERR13927574.16951	1616	20.4821
ERR13927574.16952	1602	16.2129
ERR13927574.16953	1567	19.6094
ERR13927574.16954	1607	20.2141
ERR13927574.16955	1547	20.5139
ERR13927574.16956	1598	14.1927
ERR13927574.16957	1581	19.3460
ERR13927574.16958	1621	18.6095
ERR13927574.16959	1549	15.0381
ERR13927574.16960	1581	21.6622
ERR13927574.16961	1561	17.1973
ERR13927574.16962	1563	17.5649
ERR13927574.16963	1599	18.9456
ERR13927574.16964	1570	21.0465
ERR13927574.16965	1561	16.7681
ERR13927574.16966	1551	16.7602
ERR13927574.16967	1560	18.1455
ERR13927574.16968	1568	17.9585
ERR13927574.16969	1566	17.5696
ERR13927574.16970	1615	20.5845
ERR13927574.16971	1610	17.1901
ERR13927574.16972	1614	16.7181
ERR13927574.16973	1610	18.7460
ERR13927574.16974	1561	16.6137
ERR13927574.16975	1541	18.9533
ERR13927574.16976	1595	18.4069
ERR13927574.16977	1088	15.0643
ERR13927574.16978	1552	21.9890
ERR13927574.16979	1566	15.7778
ERR13927574.16980	1563	17.8496
ERR13927574.16981	1571	17.1458
ERR13927574.16982	1547	16.4512
ERR13927574.16983	1583	16.6974
ERR13927574.16984	1587	19.9464
ERR13927574.16985	1587	21.7454
ERR13927574.16986	1580	21.1127
ERR13927574.16987	1560	19.9603
ERR13927574.16988	1579	22.7885
ERR13927574.16989	1578	20.7155
ERR13927574.16990	1580	14.6152
ERR13927574.16991	1580	16.6658
ERR13927574.16992	1564	19.2001
ERR13927574.16993	1565	21.7431
ERR13927574.16994	1547	18.6761
ERR13927574.16995	1593	17.3923
ERR13927574.16996	1618	21.6366
ERR13927574.16997	1553	16.1481
ERR13927574.16998	1556	19.8882
ERR13927574.16999	1550	17.2110
ERR13927574.17000	1598	18.3642
ERR13927574.17001	1557	20.0071
ERR13927574.17002	1569	20.6380
ERR13927574.17003	1564	21.0090
ERR13927574.17004	1584	16.9747
ERR13927574.17005	1574	18.1277
ERR13927574.17006	1555	17.1814
ERR13927574.17007	1577	19.4788
ERR13927574.17008	1539	21.0390
ERR13927574.17009	1573	19.2606
ERR13927574.17010	1594	17.5540
ERR13927574.17011	1576	18.8230
ERR13927574.17012	1563	18.6788
ERR13927574.17013	1609	19.2716
ERR13927574.17014	1619	19.7134
ERR13927574.17015	1802	18.9084
ERR13927574.17016	1633	19.1464
ERR13927574.17017	1539	17.8941
ERR13927574.17018	1604	17.4401
ERR13927574.17019	1622	21.3261
ERR13927574.17020	1596	17.8133
ERR13927574.17021	1546	17.5446
ERR13927574.17022	1585	20.7754
ERR13927574.17023	1589	21.2222
ERR13927574.17024	1559	18.4541
ERR13927574.17025	1587	20.2010
ERR13927574.17026	1610	17.6130
ERR13927574.17027	1578	19.2820
ERR13927574.17028	1594	21.3124
ERR13927574.17029	1597	20.5761
ERR13927574.17030	1568	19.3871
ERR13927574.17031	1578	19.9354
ERR13927574.17032	1561	20.7604
ERR13927574.17033	253	22.1067
ERR13927574.17034	1539	17.6862
ERR13927574.17035	1572	17.8989
ERR13927574.17036	1557	17.6185
ERR13927574.17037	1595	18.1981
ERR13927574.17038	1599	18.7104
ERR13927574.17039	1608	18.6922
ERR13927574.17040	1553	15.4771
ERR13927574.17041	1566	20.6590
ERR13927574.17042	1560	17.6282
ERR13927574.17043	1555	17.0469
ERR13927574.17044	1256	18.7182
ERR13927574.17045	1608	20.8700
ERR13927574.17046	1568	17.0804
ERR13927574.17047	1617	20.2430
ERR13927574.17048	1582	19.8135
ERR13927574.17049	1508	16.4171
ERR13927574.17050	1595	21.0056
ERR13927574.17051	1570	15.7108
ERR13927574.17052	372	12.8280
ERR13927574.17053	1607	20.6621
ERR13927574.17054	1610	17.2733
ERR13927574.17055	1595	19.4583
ERR13927574.17056	1593	16.0760
ERR13927574.17057	1630	16.6810
ERR13927574.17058	1574	20.2008
ERR13927574.17059	1557	16.4252
ERR13927574.17060	1596	17.9236
ERR13927574.17061	1555	17.8244
ERR13927574.17062	319	14.0596
ERR13927574.17063	1561	19.6855
ERR13927574.17064	1581	19.2214
ERR13927574.17065	1609	20.5861
ERR13927574.17066	1598	18.8442
ERR13927574.17067	1598	20.6458
ERR13927574.17068	1559	21.2412
ERR13927574.17069	1570	16.7713
ERR13927574.17070	1579	21.8011
ERR13927574.17071	1605	17.9539
ERR13927574.17072	746	17.7976
ERR13927574.17073	1580	18.5854
ERR13927574.17074	1627	18.9471
ERR13927574.17075	1534	19.7966
ERR13927574.17076	1572	17.6698
ERR13927574.17077	1537	17.3806
ERR13927574.17078	1563	18.3781
ERR13927574.17079	1577	18.7115
ERR13927574.17080	1606	20.2111
ERR13927574.17081	1539	16.0286
ERR13927574.17082	1614	19.1233
ERR13927574.17083	1578	20.9981
ERR13927574.17084	1568	17.8603
ERR13927574.17085	1561	19.9872
ERR13927574.17086	1574	18.7109
ERR13927574.17087	1565	20.2383
ERR13927574.17088	1572	18.6730
ERR13927574.17089	1629	20.8072
ERR13927574.17090	1560	18.0006
ERR13927574.17091	1572	19.4637
ERR13927574.17092	1591	18.3790
ERR13927574.17093	1571	18.5130
ERR13927574.17094	1590	15.6704
ERR13927574.17095	1613	18.4923
ERR13927574.17096	1534	15.2679
ERR13927574.17097	1577	18.9867
ERR13927574.17098	1588	19.1196
ERR13927574.17099	1587	19.9931
ERR13927574.17100	1614	20.9678
ERR13927574.17101	1601	14.6390
ERR13927574.17102	1588	17.8325
ERR13927574.17103	1563	18.1567
ERR13927574.17104	1573	19.0108
ERR13927574.17105	1597	21.0351
ERR13927574.17106	1547	14.8436
ERR13927574.17107	1702	19.7068
ERR13927574.17108	1589	17.9484
ERR13927574.17109	1543	19.9702
ERR13927574.17110	1580	17.0082
ERR13927574.17111	1585	21.6259
ERR13927574.17112	1588	18.5258
ERR13927574.17113	1601	19.1049
ERR13927574.17114	1571	19.5073
ERR13927574.17115	1580	15.9449
ERR13927574.17116	1595	17.2677
ERR13927574.17117	1551	18.2431
ERR13927574.17118	1614	21.5762
ERR13927574.17119	733	20.4584
ERR13927574.17120	1609	19.7203
ERR13927574.17121	1573	19.2066
ERR13927574.17122	1568	21.0376
ERR13927574.17123	1552	18.8286
ERR13927574.17124	1573	19.7743
ERR13927574.17125	1572	18.4135
ERR13927574.17126	1581	19.4953
ERR13927574.17127	1570	19.9713
ERR13927574.17128	1582	18.9450
ERR13927574.17129	1595	19.4495
ERR13927574.17130	1556	17.3271
ERR13927574.17131	1586	17.0946
ERR13927574.17132	1564	16.2379
ERR13927574.17133	1550	18.6219
ERR13927574.17134	1579	18.0671
ERR13927574.17135	1719	18.8074
ERR13927574.17136	1608	19.2861
ERR13927574.17137	1581	20.3523
ERR13927574.17138	1570	18.5580
ERR13927574.17139	3120	16.8506
ERR13927574.17140	1591	18.1201
ERR13927574.17141	1592	18.2406
ERR13927574.17142	1635	16.7254
ERR13927574.17143	1606	19.3032
ERR13927574.17144	1590	15.5730
ERR13927574.17145	1595	18.1981
ERR13927574.17146	1593	16.7382
ERR13927574.17147	1569	19.3129
ERR13927574.17148	1614	17.1177
ERR13927574.17149	1502	18.1711
ERR13927574.17150	1585	18.5666
ERR13927574.17151	1611	18.4022
ERR13927574.17152	885	16.0655
ERR13927574.17153	1607	16.9110
ERR13927574.17154	1601	20.4760
ERR13927574.17155	1619	20.2224
ERR13927574.17156	1051	17.4186
ERR13927574.17157	1550	17.9258
ERR13927574.17158	1591	17.0559
ERR13927574.17159	1577	17.8028
ERR13927574.17160	1568	17.0287
ERR13927574.17161	1544	16.7500
ERR13927574.17162	1665	16.5357
ERR13927574.17163	1562	17.2612
ERR13927574.17164	1628	18.0860
ERR13927574.17165	1575	16.0502
ERR13927574.17166	1566	20.0115
ERR13927574.17167	1601	15.3904
ERR13927574.17168	1587	17.3604
ERR13927574.17169	1556	19.5219
ERR13927574.17170	1577	23.3215
ERR13927574.17171	1607	17.8911
ERR13927574.17172	1566	19.5185
ERR13927574.17173	1585	19.1653
ERR13927574.17174	1610	18.8559
ERR13927574.17175	1580	19.7570
ERR13927574.17176	1558	15.9191
ERR13927574.17177	1619	16.6949
ERR13927574.17178	1596	19.2776
ERR13927574.17179	1600	17.1075
ERR13927574.17180	1565	19.8115
ERR13927574.17181	1572	19.3473
ERR13927574.17182	1605	20.0131
ERR13927574.17183	1609	20.7520
ERR13927574.17184	1564	20.9284
ERR13927574.17185	1566	16.6948
ERR13927574.17186	1602	19.2584
ERR13927574.17187	959	14.8154
ERR13927574.17188	1567	17.7307
ERR13927574.17189	1560	17.3487
ERR13927574.17190	1573	21.2320
ERR13927574.17191	570	16.4298
ERR13927574.17192	1565	21.5623
ERR13927574.17193	1613	19.0384
ERR13927574.17194	1535	16.5401
ERR13927574.17195	1585	19.7937
ERR13927574.17196	1622	20.3434
ERR13927574.17197	1585	16.3584
ERR13927574.17198	1586	15.7327
ERR13927574.17199	1547	18.8125
ERR13927574.17200	1616	20.5538
ERR13927574.17201	1593	16.7891
ERR13927574.17202	1574	17.8945
ERR13927574.17203	1568	18.8412
ERR13927574.17204	1572	17.0706
ERR13927574.17205	1592	19.0289
ERR13927574.17206	1596	21.1723
ERR13927574.17207	1605	17.5153
ERR13927574.17208	1564	19.5121
ERR13927574.17209	1578	20.1546
ERR13927574.17210	1584	19.0568
ERR13927574.17211	1582	21.5082
ERR13927574.17212	1560	20.1583
ERR13927574.17213	1620	19.9562
ERR13927574.17214	1573	19.7661
ERR13927574.17215	1618	16.8684
ERR13927574.17216	1581	20.0139
ERR13927574.17217	1556	14.6324
ERR13927574.17218	612	17.1127
ERR13927574.17219	1563	17.2751
ERR13927574.17220	1630	20.4926
ERR13927574.17221	1564	20.6208
ERR13927574.17222	1612	18.0298
ERR13927574.17223	1589	20.4972
ERR13927574.17224	1588	18.7242
ERR13927574.17225	1618	20.0587
ERR13927574.17226	1603	15.9588
ERR13927574.17227	1574	18.7154
ERR13927574.17228	1575	17.1168
ERR13927574.17229	1582	19.4526
ERR13927574.17230	1529	16.3067
ERR13927574.17231	1571	15.6856
ERR13927574.17232	1564	18.6816
ERR13927574.17233	1619	19.9666
ERR13927574.17234	1562	20.9891
ERR13927574.17235	1615	19.6551
ERR13927574.17236	1572	19.1024
ERR13927574.17237	1596	19.8872
ERR13927574.17238	1573	19.9987
ERR13927574.17239	1558	19.0051
ERR13927574.17240	1579	18.6979
ERR13927574.17241	1608	16.7942
ERR13927574.17242	1596	18.4893
ERR13927574.17243	1618	21.9197
ERR13927574.17244	1590	19.8296
ERR13927574.17245	1621	16.3171
ERR13927574.17246	1603	17.8129
ERR13927574.17247	1549	16.4015
ERR13927574.17248	1564	15.3453
ERR13927574.17249	925	15.6681
ERR13927574.17250	1591	17.0126
ERR13927574.17251	1554	19.9987
ERR13927574.17252	1619	18.7702
ERR13927574.17253	1554	16.4241
ERR13927574.17254	1577	19.2143
ERR13927574.17255	1612	19.3139
ERR13927574.17256	1577	16.8326
ERR13927574.17257	1715	17.9423
ERR13927574.17258	1620	22.3358
ERR13927574.17259	1537	16.1744
ERR13927574.17260	1590	19.0635
ERR13927574.17261	1592	21.2148
ERR13927574.17262	1605	15.1477
ERR13927574.17263	1550	18.1639
ERR13927574.17264	1568	14.9439
ERR13927574.17265	1584	15.1894
ERR13927574.17266	1415	17.3774
ERR13927574.17267	1612	20.3747
ERR13927574.17268	1590	15.1497
ERR13927574.17269	1614	19.1214
ERR13927574.17270	1579	19.1520
ERR13927574.17271	1576	19.6345
ERR13927574.17272	1565	19.6294
ERR13927574.17273	1581	15.0557
ERR13927574.17274	1535	15.4189
ERR13927574.17275	1597	21.1353
ERR13927574.17276	1546	15.4120
ERR13927574.17277	1617	19.0588
ERR13927574.17278	1592	19.0691
ERR13927574.17279	1558	19.0263
ERR13927574.17280	1585	19.6517
ERR13927574.17281	1583	16.4870
ERR13927574.17282	530	16.4113
ERR13927574.17283	1573	18.7991
ERR13927574.17284	1553	17.5634
ERR13927574.17285	1603	19.6675
ERR13927574.17286	1571	17.3030
ERR13927574.17287	1579	17.0861
ERR13927574.17288	1545	19.8641
ERR13927574.17289	1549	17.6662
ERR13927574.17290	1528	15.5216
ERR13927574.17291	1571	18.2597
ERR13927574.17292	1587	19.2187
ERR13927574.17293	1596	19.0301
ERR13927574.17294	1581	19.5490
ERR13927574.17295	1564	17.9501
ERR13927574.17296	1546	20.6688
ERR13927574.17297	1603	21.8665
ERR13927574.17298	1537	15.8861
ERR13927574.17299	1621	19.2825
ERR13927574.17300	1612	20.4442
ERR13927574.17301	1571	19.6289
ERR13927574.17302	1601	17.1324
ERR13927574.17303	1566	20.2369
ERR13927574.17304	1570	18.9242
ERR13927574.17305	1612	17.7897
ERR13927574.17306	1569	20.9324
ERR13927574.17307	1571	19.8822
ERR13927574.17308	1552	17.7210
ERR13927574.17309	1587	18.8771
ERR13927574.17310	1553	20.6465
ERR13927574.17311	1572	17.9949
ERR13927574.17312	1580	20.6228
ERR13927574.17313	1578	15.7700
ERR13927574.17314	1598	15.2322
ERR13927574.17315	1612	17.3561
ERR13927574.17316	1618	20.4153
ERR13927574.17317	1614	18.9269
ERR13927574.17318	1614	18.5595
ERR13927574.17319	1552	19.8492
ERR13927574.17320	1563	17.5400
ERR13927574.17321	1597	17.0006
ERR13927574.17322	1569	23.0229
ERR13927574.17323	1568	20.2812
ERR13927574.17324	1553	16.1912
ERR13927574.17325	1561	16.4561
ERR13927574.17326	1583	16.5130
ERR13927574.17327	1571	19.1852
ERR13927574.17328	1613	19.6565
ERR13927574.17329	1612	19.8710
ERR13927574.17330	1607	18.2763
ERR13927574.17331	1606	16.0797
ERR13927574.17332	1610	15.8826
ERR13927574.17333	1582	19.9804
ERR13927574.17334	1603	21.5134
ERR13927574.17335	1620	17.2068
ERR13927574.17336	1557	15.5960
ERR13927574.17337	1604	21.6783
ERR13927574.17338	1628	18.4877
ERR13927574.17339	1571	19.8020
ERR13927574.17340	1597	19.0670
ERR13927574.17341	1580	16.4323
ERR13927574.17342	1577	16.6963
ERR13927574.17343	1566	19.1673
ERR13927574.17344	1584	20.3220
ERR13927574.17345	1569	18.9841
ERR13927574.17346	1560	20.7391
ERR13927574.17347	1608	16.6517
ERR13927574.17348	1561	19.9622
ERR13927574.17349	1620	18.8691
ERR13927574.17350	1596	18.0031
ERR13927574.17351	1580	18.1797
ERR13927574.17352	1571	17.8383
ERR13927574.17353	1588	21.4553
ERR13927574.17354	1553	14.5518
ERR13927574.17355	1572	20.3950
ERR13927574.17356	1544	20.1036
ERR13927574.17357	1560	16.0936
ERR13927574.17358	1623	16.2483
ERR13927574.17359	1557	19.2453
ERR13927574.17360	1609	19.2965
ERR13927574.17361	1576	20.3249
ERR13927574.17362	1572	20.5235
ERR13927574.17363	1577	17.8402
ERR13927574.17364	1558	20.5392
ERR13927574.17365	1553	16.2292
ERR13927574.17366	1583	17.8130
ERR13927574.17367	1581	21.1701
ERR13927574.17368	1594	18.9755
ERR13927574.17369	1583	21.0884
ERR13927574.17370	1573	20.2905
ERR13927574.17371	1568	19.7774
ERR13927574.17372	1584	18.9261
ERR13927574.17373	1575	16.5956
ERR13927574.17374	1580	20.4354
ERR13927574.17375	1588	20.5384
ERR13927574.17376	1681	18.3896
ERR13927574.17377	1572	19.6279
ERR13927574.17378	1576	19.5565
ERR13927574.17379	1570	18.5019
ERR13927574.17380	1562	20.5256
ERR13927574.17381	1609	19.4133
ERR13927574.17382	1637	19.0544
ERR13927574.17383	1552	16.0709
ERR13927574.17384	1130	15.1425
ERR13927574.17385	1609	20.6022
ERR13927574.17386	1556	18.4801
ERR13927574.17387	1603	17.9058
ERR13927574.17388	1570	17.7459
ERR13927574.17389	1609	17.2536
ERR13927574.17390	1591	16.9202
ERR13927574.17391	373	12.6086
ERR13927574.17392	1559	15.6292
ERR13927574.17393	1610	17.5193
ERR13927574.17394	1591	15.1314
ERR13927574.17395	1603	19.8596
ERR13927574.17396	1552	17.4994
ERR13927574.17397	1571	15.9758
ERR13927574.17398	1620	16.0580
ERR13927574.17399	1582	19.6991
ERR13927574.17400	1024	19.8789
ERR13927574.17401	1571	19.3291
ERR13927574.17402	1616	19.2754
ERR13927574.17403	1560	19.4192
ERR13927574.17404	1613	16.8599
ERR13927574.17405	1621	19.8877
ERR13927574.17406	1584	22.1944
ERR13927574.17407	1582	21.9336
ERR13927574.17408	1575	16.6514
ERR13927574.17409	1559	19.5362
ERR13927574.17410	1591	16.6807
ERR13927574.17411	1585	17.8719
ERR13927574.17412	1716	16.4621
ERR13927574.17413	1576	17.6440
ERR13927574.17414	1582	17.4576
ERR13927574.17415	1605	16.5551
ERR13927574.17416	1602	15.2147
ERR13927574.17417	1563	18.0774
ERR13927574.17418	1568	16.2793
ERR13927574.17419	1540	15.9584
ERR13927574.17420	1609	17.8421
ERR13927574.17421	1555	19.6695
ERR13927574.17422	1570	18.3427
ERR13927574.17423	1557	18.0456
ERR13927574.17424	1612	18.9467
ERR13927574.17425	1658	19.1755
ERR13927574.17426	1587	20.4827
ERR13927574.17427	1561	20.3799
ERR13927574.17428	1578	19.7497
ERR13927574.17429	1585	19.0202
ERR13927574.17430	1621	20.3621
ERR13927574.17431	1541	17.4140
ERR13927574.17432	1601	20.2261
ERR13927574.17433	1609	19.3083
ERR13927574.17434	1537	14.0377
ERR13927574.17435	1622	17.4186
ERR13927574.17436	1541	14.8047
ERR13927574.17437	1610	18.8925
ERR13927574.17438	1526	22.2280
ERR13927574.17439	1620	21.9105
ERR13927574.17440	1585	19.2467
ERR13927574.17441	1556	16.4473
ERR13927574.17442	1582	16.4254
ERR13927574.17443	1564	17.7820
ERR13927574.17444	1582	14.5531
ERR13927574.17445	1599	18.0025
ERR13927574.17446	1601	17.0968
ERR13927574.17447	1589	19.7596
ERR13927574.17448	1585	18.6599
ERR13927574.17449	1571	19.7855
ERR13927574.17450	1011	17.8140
ERR13927574.17451	1562	16.5787
ERR13927574.17452	1591	15.9422
ERR13927574.17453	1579	21.2970
ERR13927574.17454	1583	20.5913
ERR13927574.17455	1549	18.7657
ERR13927574.17456	1609	19.7874
ERR13927574.17457	1581	18.0474
ERR13927574.17458	1619	16.4169
ERR13927574.17459	1543	14.9430
ERR13927574.17460	1577	16.4718
ERR13927574.17461	1612	19.6545
ERR13927574.17462	1554	14.3681
ERR13927574.17463	1646	19.0559
ERR13927574.17464	1573	18.3096
ERR13927574.17465	1568	19.0089
ERR13927574.17466	1557	18.2935
ERR13927574.17467	1597	19.3701
ERR13927574.17468	1580	19.2861
ERR13927574.17469	1541	17.6710
ERR13927574.17470	1608	16.1175
ERR13927574.17471	1553	15.8403
ERR13927574.17472	1574	18.7522
ERR13927574.17473	1498	17.6041
ERR13927574.17474	1629	16.0921
ERR13927574.17475	1603	20.2527
ERR13927574.17476	1629	15.5157
ERR13927574.17477	1378	17.2808
ERR13927574.17478	1551	15.4346
ERR13927574.17479	1571	20.5111
ERR13927574.17480	1596	16.9862
ERR13927574.17481	1601	20.0475
ERR13927574.17482	1566	20.3123
ERR13927574.17483	1586	15.9767
ERR13927574.17484	1583	18.9097
ERR13927574.17485	1570	20.0338
ERR13927574.17486	1606	15.9994
ERR13927574.17487	1582	18.1941
ERR13927574.17488	1567	15.6184
ERR13927574.17489	1557	15.5434
ERR13927574.17490	1573	20.4056
ERR13927574.17491	1615	19.3765
ERR13927574.17492	1591	18.3319
ERR13927574.17493	1637	15.7392
ERR13927574.17494	1585	20.2334
ERR13927574.17495	1615	18.6638
ERR13927574.17496	1556	16.7763
ERR13927574.17497	1618	20.3492
ERR13927574.17498	1567	18.5099
ERR13927574.17499	1573	20.5531
ERR13927574.17500	1579	19.9208
ERR13927574.17501	1598	18.8867
ERR13927574.17502	1550	16.5800
ERR13927574.17503	1606	17.9222
ERR13927574.17504	1612	16.7171
ERR13927574.17505	1615	21.7387
ERR13927574.17506	1609	16.3959
ERR13927574.17507	1578	20.1305
ERR13927574.17508	1608	19.2525
ERR13927574.17509	1562	20.0032
ERR13927574.17510	1653	18.5445
ERR13927574.17511	1568	17.0478
ERR13927574.17512	1531	14.6813
ERR13927574.17513	1542	15.1556
ERR13927574.17514	1591	17.4104
ERR13927574.17515	1592	20.3373
ERR13927574.17516	1597	19.9800
ERR13927574.17517	1553	16.8010
ERR13927574.17518	1535	17.4606
ERR13927574.17519	1550	15.7374
ERR13927574.17520	1572	15.8321
ERR13927574.17521	1583	17.9255
ERR13927574.17522	1607	19.4244
ERR13927574.17523	1610	20.7217
ERR13927574.17524	1560	18.9814
ERR13927574.17525	1581	16.8583
ERR13927574.17526	1536	15.8021
ERR13927574.17527	1607	18.9409
ERR13927574.17528	1602	16.7060
ERR13927574.17529	1544	16.0240
ERR13927574.17530	1609	19.0044
ERR13927574.17531	1560	16.1788
ERR13927574.17532	1552	19.0986
ERR13927574.17533	1551	20.7453
ERR13927574.17534	1629	18.5058
ERR13927574.17535	1596	15.2337
ERR13927574.17536	1158	16.9991
ERR13927574.17537	1621	15.8797
ERR13927574.17538	1608	21.1623
ERR13927574.17539	1652	17.4485
ERR13927574.17540	1596	16.2500
ERR13927574.17541	1603	15.3899
ERR13927574.17542	3115	20.3506
ERR13927574.17543	1572	16.5324
ERR13927574.17544	1588	16.3659
ERR13927574.17545	1574	18.9441
ERR13927574.17546	1614	19.2472
ERR13927574.17547	1569	16.6405
ERR13927574.17548	1678	16.6847
ERR13927574.17549	1597	17.0758
ERR13927574.17550	1583	17.0518
ERR13927574.17551	1627	16.5821
ERR13927574.17552	1575	18.8508
ERR13927574.17553	1584	19.2860
ERR13927574.17554	1576	19.1377
ERR13927574.17555	1576	14.9765
ERR13927574.17556	1576	18.4721
ERR13927574.17557	1543	19.2962
ERR13927574.17558	1569	20.0147
ERR13927574.17559	311	16.8167
ERR13927574.17560	1608	13.5833
ERR13927574.17561	1569	20.7986
ERR13927574.17562	1666	17.8121
ERR13927574.17563	1669	20.5063
ERR13927574.17564	1637	17.3293
ERR13927574.17565	1548	19.8469
ERR13927574.17566	1588	16.2827
ERR13927574.17567	1576	16.6282
ERR13927574.17568	1548	19.2397
ERR13927574.17569	1589	18.7879
ERR13927574.17570	1548	16.8114
ERR13927574.17571	1591	17.6386
ERR13927574.17572	1614	18.0756
ERR13927574.17573	1609	19.3922
ERR13927574.17574	1598	19.1658
ERR13927574.17575	1577	17.6049
ERR13927574.17576	1548	19.3359
ERR13927574.17577	1613	21.6410
ERR13927574.17578	1559	20.2880
ERR13927574.17579	1637	18.8601
ERR13927574.17580	733	20.2265
ERR13927574.17581	1598	19.4969
ERR13927574.17582	1563	18.1395
ERR13927574.17583	1616	17.6355
ERR13927574.17584	1603	18.1048
ERR13927574.17585	1614	20.3637
ERR13927574.17586	1634	18.8972
ERR13927574.17587	1574	19.0801
ERR13927574.17588	1599	19.5766
ERR13927574.17589	1576	20.2227
ERR13927574.17590	1575	15.5663
ERR13927574.17591	1551	18.1612
ERR13927574.17592	1619	15.9543
ERR13927574.17593	1560	19.9692
ERR13927574.17594	1644	19.5341
ERR13927574.17595	1623	19.9137
ERR13927574.17596	1613	19.4830
ERR13927574.17597	1584	18.6004
ERR13927574.17598	1602	15.4526
ERR13927574.17599	1553	19.1925
ERR13927574.17600	1574	18.8621
ERR13927574.17601	1615	17.1084
ERR13927574.17602	1579	17.9924
ERR13927574.17603	1578	18.1768
ERR13927574.17604	1625	19.3618
ERR13927574.17605	1575	20.0527
ERR13927574.17606	1611	19.3880
ERR13927574.17607	1616	20.7197
ERR13927574.17608	1577	19.2625
ERR13927574.17609	1571	18.3533
ERR13927574.17610	1556	19.7455
ERR13927574.17611	1588	16.6543
ERR13927574.17612	1327	13.5109
ERR13927574.17613	1567	20.3223
ERR13927574.17614	1623	17.4664
ERR13927574.17615	1613	20.0031
ERR13927574.17616	1599	18.8011
ERR13927574.17617	1593	19.9379
ERR13927574.17618	1610	20.1342
ERR13927574.17619	1582	18.8824
ERR13927574.17620	1570	20.1217
ERR13927574.17621	1583	19.3917
ERR13927574.17622	1611	20.5078
ERR13927574.17623	1589	18.0843
ERR13927574.17624	1603	19.6974
ERR13927574.17625	1593	19.5248
ERR13927574.17626	2000	18.9210
ERR13927574.17627	1577	20.0862
ERR13927574.17628	1593	18.6711
ERR13927574.17629	1563	19.2758
ERR13927574.17630	1557	20.3687
ERR13927574.17631	1581	20.6078
ERR13927574.17632	1646	18.5067
ERR13927574.17633	1611	17.0975
ERR13927574.17634	1563	22.6974
ERR13927574.17635	1569	16.1976
ERR13927574.17636	580	18.8276
ERR13927574.17637	1544	16.1224
ERR13927574.17638	1621	18.6169
ERR13927574.17639	1557	18.8786
ERR13927574.17640	1603	19.3319
ERR13927574.17641	1588	17.1455
ERR13927574.17642	718	16.9067
ERR13927574.17643	1581	16.1056
ERR13927574.17644	1618	19.8171
ERR13927574.17645	1553	19.2260
ERR13927574.17646	1574	16.4504
ERR13927574.17647	689	16.7692
ERR13927574.17648	1547	20.8694
ERR13927574.17649	1642	18.2881
ERR13927574.17650	1551	20.2270
ERR13927574.17651	1542	19.6031
ERR13927574.17652	1574	17.1093
ERR13927574.17653	1799	17.0951
ERR13927574.17654	714	15.8473
ERR13927574.17655	1627	18.9570
ERR13927574.17656	1577	16.3196
ERR13927574.17657	1552	16.2629
ERR13927574.17658	1592	17.7557
ERR13927574.17659	1591	16.6537
ERR13927574.17660	1578	16.1071
ERR13927574.17661	1597	19.3525
ERR13927574.17662	1559	19.1411
ERR13927574.17663	1596	20.1573
ERR13927574.17664	1607	18.4555
ERR13927574.17665	1634	18.8464
ERR13927574.17666	1569	20.4831
ERR13927574.17667	1578	19.9930
ERR13927574.17668	1569	17.8655
ERR13927574.17669	1572	17.8340
ERR13927574.17670	1615	19.2582
ERR13927574.17671	1581	20.7571
ERR13927574.17672	1592	20.5163
ERR13927574.17673	1606	18.5193
ERR13927574.17674	1576	18.2462
ERR13927574.17675	1598	18.5207
ERR13927574.17676	1592	18.6972
ERR13927574.17677	1612	18.0397
ERR13927574.17678	1576	17.0742
ERR13927574.17679	1576	19.3249
ERR13927574.17680	1611	19.0993
ERR13927574.17681	1587	17.6887
ERR13927574.17682	1604	17.8186
ERR13927574.17683	1600	19.6600
ERR13927574.17684	1544	18.3905
ERR13927574.17685	1633	15.7783
ERR13927574.17686	1570	14.2605
ERR13927574.17687	1488	20.8219
ERR13927574.17688	1492	16.1816
ERR13927574.17689	1608	19.3458
ERR13927574.17690	1624	20.8079
ERR13927574.17691	1602	19.0861
ERR13927574.17692	1589	18.5853
ERR13927574.17693	1606	18.9595
ERR13927574.17694	1615	19.6192
ERR13927574.17695	1626	17.1052
ERR13927574.17696	1591	17.2219
ERR13927574.17697	1617	19.9654
ERR13927574.17698	1574	16.5362
ERR13927574.17699	1580	19.5152
ERR13927574.17700	1579	18.4129
ERR13927574.17701	1568	18.4432
ERR13927574.17702	1575	15.0286
ERR13927574.17703	1561	16.5151
ERR13927574.17704	1554	17.0399
ERR13927574.17705	1601	15.4016
ERR13927574.17706	1578	18.6280
ERR13927574.17707	1582	20.0702
ERR13927574.17708	1609	17.6227
ERR13927574.17709	1601	17.8214
ERR13927574.17710	1586	19.7793
ERR13927574.17711	1589	22.6123
ERR13927574.17712	1583	20.1112
ERR13927574.17713	1546	17.8111
ERR13927574.17714	1609	18.8471
ERR13927574.17715	1584	19.8409
ERR13927574.17716	1607	18.6957
ERR13927574.17717	1549	14.5236
ERR13927574.17718	1594	15.9341
ERR13927574.17719	1605	20.0274
ERR13927574.17720	1544	14.5291
ERR13927574.17721	1589	18.4688
ERR13927574.17722	1604	17.1951
ERR13927574.17723	1575	18.7816
ERR13927574.17724	1593	15.5543
ERR13927574.17725	1605	19.7570
ERR13927574.17726	1609	18.8602
ERR13927574.17727	1580	19.0778
ERR13927574.17728	1597	19.1503
ERR13927574.17729	1616	15.8583
ERR13927574.17730	1637	17.0965
ERR13927574.17731	1560	18.4917
ERR13927574.17732	1606	18.9041
ERR13927574.17733	1592	16.5546
ERR13927574.17734	1603	17.4485
ERR13927574.17735	1645	19.0195
ERR13927574.17736	1532	15.8342
ERR13927574.17737	1582	20.1315
ERR13927574.17738	1593	18.5417
ERR13927574.17739	1580	18.7975
ERR13927574.17740	1607	19.7405
ERR13927574.17741	1608	21.1169
ERR13927574.17742	1477	19.9986
ERR13927574.17743	1679	17.0548
ERR13927574.17744	1564	15.8389
ERR13927574.17745	1554	16.5708
ERR13927574.17746	577	16.6326
ERR13927574.17747	1569	19.1969
ERR13927574.17748	1598	20.0144
ERR13927574.17749	1603	16.2109
ERR13927574.17750	1590	17.1252
ERR13927574.17751	1600	18.8606
ERR13927574.17752	1584	18.8466
ERR13927574.17753	1602	17.3683
ERR13927574.17754	1605	19.7682
ERR13927574.17755	1566	19.1769
ERR13927574.17756	1595	20.0702
ERR13927574.17757	1601	15.0119
ERR13927574.17758	1619	20.1174
ERR13927574.17759	1563	19.7953
ERR13927574.17760	1585	19.6934
ERR13927574.17761	1569	15.7030
ERR13927574.17762	1519	15.4279
ERR13927574.17763	1645	20.4274
ERR13927574.17764	1544	20.2228
ERR13927574.17765	1598	14.0889
ERR13927574.17766	1575	20.1727
ERR13927574.17767	1569	20.9210
ERR13927574.17768	1515	19.6257
ERR13927574.17769	1592	16.1683
ERR13927574.17770	1588	19.0705
ERR13927574.17771	1611	15.1130
ERR13927574.17772	1566	17.6999
ERR13927574.17773	1589	19.7325
ERR13927574.17774	1573	15.4901
ERR13927574.17775	939	16.4153
ERR13927574.17776	1620	23.2358
ERR13927574.17777	1581	15.7362
ERR13927574.17778	1577	18.9366
ERR13927574.17779	1052	15.0665
ERR13927574.17780	1577	16.1516
ERR13927574.17781	1551	16.0580
ERR13927574.17782	1558	19.3877
ERR13927574.17783	672	16.8780
ERR13927574.17784	1554	17.3771
ERR13927574.17785	1579	18.0399
ERR13927574.17786	1620	18.8846
ERR13927574.17787	1548	19.7203
ERR13927574.17788	1629	17.4721
ERR13927574.17789	1556	16.8130
ERR13927574.17790	1545	14.3107
ERR13927574.17791	1556	14.8188
ERR13927574.17792	1595	18.7455
ERR13927574.17793	1028	16.9339
ERR13927574.17794	1572	17.8391
ERR13927574.17795	1550	20.5955
ERR13927574.17796	304	14.7829
ERR13927574.17797	1682	20.0565
ERR13927574.17798	1582	20.2244
ERR13927574.17799	1559	19.2367
ERR13927574.17800	1578	18.3821
ERR13927574.17801	485	23.3299
ERR13927574.17802	1614	17.0917
ERR13927574.17803	1557	20.4322
ERR13927574.17804	1585	16.3672
ERR13927574.17805	1560	19.1128
ERR13927574.17806	1572	17.2010
ERR13927574.17807	1538	19.9272
ERR13927574.17808	1693	17.6952
ERR13927574.17809	1578	19.9309
ERR13927574.17810	1590	16.7006
ERR13927574.17811	1598	20.4900
ERR13927574.17812	1484	18.3127
ERR13927574.17813	1596	20.0670
ERR13927574.17814	1589	16.5702
ERR13927574.17815	1589	19.6457
ERR13927574.17816	1721	18.1662
ERR13927574.17817	1605	18.1651
ERR13927574.17818	1605	14.6125
ERR13927574.17819	1611	18.4773
ERR13927574.17820	1599	20.4515
ERR13927574.17821	1573	19.0960
ERR13927574.17822	1567	20.5412
ERR13927574.17823	1614	19.9244
ERR13927574.17824	1637	17.7874
ERR13927574.17825	1573	16.8404
ERR13927574.17826	1556	19.3091
ERR13927574.17827	1593	15.6077
ERR13927574.17828	1569	15.4857
ERR13927574.17829	1594	15.8959
ERR13927574.17830	1620	20.4500
ERR13927574.17831	1608	19.5833
ERR13927574.17832	1539	16.8051
ERR13927574.17833	1610	19.8876
ERR13927574.17834	1610	17.8665
ERR13927574.17835	1583	18.8793
ERR13927574.17836	1573	17.5391
ERR13927574.17837	1237	19.7251
ERR13927574.17838	1550	18.2587
ERR13927574.17839	1583	17.5774
ERR13927574.17840	1613	16.5487
ERR13927574.17841	1569	19.9968
ERR13927574.17842	1579	18.0051
ERR13927574.17843	1624	20.0948
ERR13927574.17844	1563	17.4850
ERR13927574.17845	1150	18.6852
ERR13927574.17846	1555	19.7949
ERR13927574.17847	1717	20.9843
ERR13927574.17848	1553	14.5216
ERR13927574.17849	1605	18.4162
ERR13927574.17850	850	18.7694
ERR13927574.17851	1588	16.8659
ERR13927574.17852	1535	14.9407
ERR13927574.17853	1610	18.3298
ERR13927574.17854	1593	17.6648
ERR13927574.17855	1595	15.6577
ERR13927574.17856	514	17.5623
ERR13927574.17857	1583	18.7303
ERR13927574.17858	1606	19.6108
ERR13927574.17859	1554	19.0849
ERR13927574.17860	1629	19.7440
ERR13927574.17861	1550	14.4806
ERR13927574.17862	1631	18.5555
ERR13927574.17863	1568	19.5389
ERR13927574.17864	1638	16.1966
ERR13927574.17865	1578	18.8302
ERR13927574.17866	1599	19.7036
ERR13927574.17867	1584	17.7904
ERR13927574.17868	1633	18.7538
ERR13927574.17869	1711	17.3700
ERR13927574.17870	1563	17.3455
ERR13927574.17871	1604	18.1191
ERR13927574.17872	1609	19.6582
ERR13927574.17873	1621	18.4750
ERR13927574.17874	1585	18.7300
ERR13927574.17875	1779	21.0798
ERR13927574.17876	1600	19.5244
ERR13927574.17877	1562	16.3496
ERR13927574.17878	1621	20.1456
ERR13927574.17879	1560	15.6000
ERR13927574.17880	1578	17.6888
ERR13927574.17881	1626	20.0314
ERR13927574.17882	825	16.2352
ERR13927574.17883	998	19.3116
ERR13927574.17884	1608	17.4714
ERR13927574.17885	1609	19.1989
ERR13927574.17886	1602	16.0312
ERR13927574.17887	1478	17.9635
ERR13927574.17888	1567	20.5654
ERR13927574.17889	1560	18.2006
ERR13927574.17890	1560	20.1128
ERR13927574.17891	1381	19.9471
ERR13927574.17892	1571	15.2171
ERR13927574.17893	1557	18.6410
ERR13927574.17894	1617	19.7848
ERR13927574.17895	1556	18.7571
ERR13927574.17896	1570	17.9554
ERR13927574.17897	1607	15.7828
ERR13927574.17898	1520	19.0868
ERR13927574.17899	1533	17.7091
ERR13927574.17900	1566	17.0249
ERR13927574.17901	1575	19.7359
ERR13927574.17902	1598	21.6414
ERR13927574.17903	1567	18.1736
ERR13927574.17904	1609	18.8856
ERR13927574.17905	1549	17.6578
ERR13927574.17906	1627	17.7615
ERR13927574.17907	1593	17.8858
ERR13927574.17908	957	16.0470
ERR13927574.17909	1586	16.5454
ERR13927574.17910	1535	19.4502
ERR13927574.17911	320	21.7688
ERR13927574.17912	1616	20.8075
ERR13927574.17913	1555	21.4232
ERR13927574.17914	1538	15.6300
ERR13927574.17915	1585	18.4069
ERR13927574.17916	1559	19.3303
ERR13927574.17917	1597	20.4809
ERR13927574.17918	1554	17.9994
ERR13927574.17919	1596	20.8628
ERR13927574.17920	1617	18.6203
ERR13927574.17921	1566	19.4732
ERR13927574.17922	1573	18.6364
ERR13927574.17923	1576	17.1453
ERR13927574.17924	1578	13.7871
ERR13927574.17925	1582	21.1966
ERR13927574.17926	1585	18.0997
ERR13927574.17927	1615	19.1839
ERR13927574.17928	1577	21.6550
ERR13927574.17929	1619	20.6362
ERR13927574.17930	1572	19.4873
ERR13927574.17931	1598	17.7121
ERR13927574.17932	1602	19.9569
ERR13927574.17933	1582	18.8685
ERR13927574.17934	1583	17.2571
ERR13927574.17935	1557	19.8349
ERR13927574.17936	1569	17.8604
ERR13927574.17937	1651	19.0575
ERR13927574.17938	1623	19.8527
ERR13927574.17939	1605	18.8928
ERR13927574.17940	1550	15.8877
ERR13927574.17941	1614	16.8965
ERR13927574.17942	1585	16.7281
ERR13927574.17943	1585	19.8101
ERR13927574.17944	1674	17.2658
ERR13927574.17945	1580	14.5570
ERR13927574.17946	1590	17.0887
ERR13927574.17947	1585	19.9237
ERR13927574.17948	1565	19.5508
ERR13927574.17949	1585	18.8688
ERR13927574.17950	1581	17.3036
ERR13927574.17951	1611	16.8852
ERR13927574.17952	1613	16.7161
ERR13927574.17953	1602	20.0406
ERR13927574.17954	1617	15.2832
ERR13927574.17955	1586	16.0189
ERR13927574.17956	1602	19.3327
ERR13927574.17957	1567	19.3708
ERR13927574.17958	1563	17.6615
ERR13927574.17959	1619	21.0513
ERR13927574.17960	1614	16.9095
ERR13927574.17961	1564	17.3242
ERR13927574.17962	1571	16.0751
ERR13927574.17963	1587	20.5961
ERR13927574.17964	1585	17.8776
ERR13927574.17965	1572	20.3791
ERR13927574.17966	1545	16.4058
ERR13927574.17967	1595	19.0765
ERR13927574.17968	1620	20.4062
ERR13927574.17969	1612	19.3610
ERR13927574.17970	1584	18.5379
ERR13927574.17971	1570	18.9134
ERR13927574.17972	1581	15.0335
ERR13927574.17973	1543	17.0337
ERR13927574.17974	1603	19.8528
ERR13927574.17975	1587	20.9521
ERR13927574.17976	1549	16.5358
ERR13927574.17977	1581	16.7533
ERR13927574.17978	1561	19.0026
ERR13927574.17979	1549	16.0303
ERR13927574.17980	1592	15.5459
ERR13927574.17981	1547	17.9599
ERR13927574.17982	1595	21.9097
ERR13927574.17983	1587	19.7259
ERR13927574.17984	1597	18.1327
ERR13927574.17985	1607	19.7716
ERR13927574.17986	1555	19.9601
ERR13927574.17987	1568	20.0829
ERR13927574.17988	1572	16.0108
ERR13927574.17989	1619	18.7727
ERR13927574.17990	1550	17.3161
ERR13927574.17991	1621	18.0790
ERR13927574.17992	1607	20.2489
ERR13927574.17993	1614	18.6629
ERR13927574.17994	1573	19.1640
ERR13927574.17995	1546	19.0349
ERR13927574.17996	1633	18.6975
ERR13927574.17997	1572	20.4796
ERR13927574.17998	1563	18.5138
ERR13927574.17999	1583	20.0044
ERR13927574.18000	1596	17.6015
ERR13927574.18001	1570	20.3357
ERR13927574.18002	1561	17.0583
ERR13927574.18003	1592	19.7180
ERR13927574.18004	1623	19.4855
ERR13927574.18005	1586	19.5164
ERR13927574.18006	1548	18.1421
ERR13927574.18007	1628	18.1781
ERR13927574.18008	1563	18.1145
ERR13927574.18009	1618	17.0025
ERR13927574.18010	1584	17.7601
ERR13927574.18011	1557	20.6333
ERR13927574.18012	1592	17.8989
ERR13927574.18013	1605	19.7850
ERR13927574.18014	1601	20.4266
ERR13927574.18015	1556	19.7539
ERR13927574.18016	1616	18.0829
ERR13927574.18017	1561	19.8373
ERR13927574.18018	1615	18.5207
ERR13927574.18019	1576	21.6117
ERR13927574.18020	1604	16.3074
ERR13927574.18021	1608	15.2351
ERR13927574.18022	617	17.2739
ERR13927574.18023	1574	16.6823
ERR13927574.18024	1553	19.6433
ERR13927574.18025	1587	21.0101
ERR13927574.18026	1559	18.3156
ERR13927574.18027	1045	16.9330
ERR13927574.18028	1521	17.5812
ERR13927574.18029	1565	19.5431
ERR13927574.18030	832	16.2356
ERR13927574.18031	1599	17.9775
ERR13927574.18032	1617	17.7434
ERR13927574.18033	1617	19.8751
ERR13927574.18034	1610	20.1348
ERR13927574.18035	1534	20.5860
ERR13927574.18036	1614	16.4337
ERR13927574.18037	1590	15.7836
ERR13927574.18038	1557	16.3507
ERR13927574.18039	597	18.3451
ERR13927574.18040	1621	17.2560
ERR13927574.18041	1569	19.1568
ERR13927574.18042	1621	16.5404
ERR13927574.18043	1574	17.6194
ERR13927574.18044	1572	19.7392
ERR13927574.18045	1621	17.9340
ERR13927574.18046	1555	20.9492
ERR13927574.18047	1579	17.0507
ERR13927574.18048	1563	18.9571
ERR13927574.18049	1570	19.4943
ERR13927574.18050	1576	18.4797
ERR13927574.18051	1543	20.1666
ERR13927574.18052	1584	21.0865
ERR13927574.18053	1597	19.8535
ERR13927574.18054	1555	20.9357
ERR13927574.18055	1558	18.4076
ERR13927574.18056	1599	20.5835
ERR13927574.18057	1568	17.0057
ERR13927574.18058	1672	18.2644
ERR13927574.18059	1545	15.1702
ERR13927574.18060	1603	15.7885
ERR13927574.18061	1621	19.4250
ERR13927574.18062	1560	17.8891
ERR13927574.18063	1595	21.5248
ERR13927574.18064	1586	17.3083
ERR13927574.18065	1590	17.9063
ERR13927574.18066	1582	18.8217
ERR13927574.18067	1626	19.7798
ERR13927574.18068	1587	16.2010
ERR13927574.18069	1575	13.7968
ERR13927574.18070	1545	17.4045
ERR13927574.18071	1391	15.7786
ERR13927574.18072	1573	19.8366
ERR13927574.18073	1600	20.1363
ERR13927574.18074	1589	16.6589
ERR13927574.18075	1596	16.9649
ERR13927574.18076	1569	15.1453
ERR13927574.18077	1576	20.6675
ERR13927574.18078	1592	16.3197
ERR13927574.18079	1605	18.6411
ERR13927574.18080	1585	18.2429
ERR13927574.18081	924	17.8853
ERR13927574.18082	1612	15.9603
ERR13927574.18083	1555	18.9556
ERR13927574.18084	1609	21.5569
ERR13927574.18085	1609	20.7837
ERR13927574.18086	1557	16.9197
ERR13927574.18087	1609	16.0938
ERR13927574.18088	1606	19.0735
ERR13927574.18089	1592	20.1627
ERR13927574.18090	1593	15.5198
ERR13927574.18091	1591	21.0987
ERR13927574.18092	1563	19.5713
ERR13927574.18093	1603	20.8671
ERR13927574.18094	1580	18.6082
ERR13927574.18095	1574	16.5870
ERR13927574.18096	1524	15.5728
ERR13927574.18097	1529	17.0412
ERR13927574.18098	1609	18.9975
ERR13927574.18099	1569	18.1294
ERR13927574.18100	1572	17.0992
ERR13927574.18101	1594	16.8187
ERR13927574.18102	1595	19.1386
ERR13927574.18103	1608	17.5367
ERR13927574.18104	1578	17.8973
ERR13927574.18105	1583	17.0246
ERR13927574.18106	1685	18.6504
ERR13927574.18107	1611	15.7176
ERR13927574.18108	1573	13.9625
ERR13927574.18109	1635	21.8459
ERR13927574.18110	1608	18.1611
ERR13927574.18111	1585	16.5085
ERR13927574.18112	1602	19.5655
ERR13927574.18113	1616	19.0619
ERR13927574.18114	1589	15.5765
ERR13927574.18115	1541	19.1071
ERR13927574.18116	1554	17.0888
ERR13927574.18117	1461	18.9329
ERR13927574.18118	1597	17.5085
ERR13927574.18119	1551	18.7582
ERR13927574.18120	1614	19.3668
ERR13927574.18121	950	17.8242
ERR13927574.18122	1580	19.9956
ERR13927574.18123	1541	15.2304
ERR13927574.18124	1569	18.0389
ERR13927574.18125	1561	17.4145
ERR13927574.18126	1621	19.2770
ERR13927574.18127	337	19.8368
ERR13927574.18128	1625	18.6160
ERR13927574.18129	1596	19.4148
ERR13927574.18130	1568	21.1416
ERR13927574.18131	1609	18.4245
ERR13927574.18132	1594	19.0408
ERR13927574.18133	1606	18.3474
ERR13927574.18134	1586	18.2680
ERR13927574.18135	1592	18.9190
ERR13927574.18136	1390	20.0014
ERR13927574.18137	1610	20.0733
ERR13927574.18138	1642	17.3995
ERR13927574.18139	1628	17.9908
ERR13927574.18140	1071	18.7759
ERR13927574.18141	1606	20.7852
ERR13927574.18142	1722	18.8484
ERR13927574.18143	1594	20.2271
ERR13927574.18144	1558	18.4134
ERR13927574.18145	1551	14.9123
ERR13927574.18146	553	15.4123
ERR13927574.18147	1695	18.1493
ERR13927574.18148	1602	19.5443
ERR13927574.18149	1570	21.2580
ERR13927574.18150	1551	14.6248
ERR13927574.18151	1576	17.1694
ERR13927574.18152	1613	19.5220
ERR13927574.18153	1597	19.9468
ERR13927574.18154	1577	20.2701
ERR13927574.18155	1570	19.7217
ERR13927574.18156	1580	19.0424
ERR13927574.18157	1624	20.2001
ERR13927574.18158	1563	15.2758
ERR13927574.18159	1585	19.4669
ERR13927574.18160	1583	20.0208
ERR13927574.18161	1606	19.8499
ERR13927574.18162	1753	16.6138
ERR13927574.18163	1611	19.9056
ERR13927574.18164	1567	16.3229
ERR13927574.18165	1572	18.0324
ERR13927574.18166	1603	21.9270
ERR13927574.18167	1596	20.4123
ERR13927574.18168	1577	18.3893
ERR13927574.18169	1622	20.4815
ERR13927574.18170	1591	18.3765
ERR13927574.18171	1951	16.5689
ERR13927574.18172	1574	18.9752
ERR13927574.18173	1598	18.7403
ERR13927574.18174	1613	18.8363
ERR13927574.18175	1565	17.2198
ERR13927574.18176	1570	14.8631
ERR13927574.18177	1603	17.8054
ERR13927574.18178	1540	15.8591
ERR13927574.18179	1606	17.2783
ERR13927574.18180	1606	14.9359
ERR13927574.18181	1562	18.0928
ERR13927574.18182	1573	19.7724
ERR13927574.18183	1582	21.3262
ERR13927574.18184	1558	17.2683
ERR13927574.18185	1595	17.7812
ERR13927574.18186	1600	21.0900
ERR13927574.18187	1593	18.8663
ERR13927574.18188	1568	15.7181
ERR13927574.18189	1695	18.0142
ERR13927574.18190	1566	17.2880
ERR13927574.18191	1583	21.3260
ERR13927574.18192	1575	16.0286
ERR13927574.18193	1583	15.6475
ERR13927574.18194	1614	19.6462
ERR13927574.18195	1617	18.7724
ERR13927574.18196	1611	19.1291
ERR13927574.18197	1625	17.9218
ERR13927574.18198	1570	16.3662
ERR13927574.18199	1620	19.4198
ERR13927574.18200	1593	18.3974
ERR13927574.18201	1534	15.3801
ERR13927574.18202	1613	16.6559
ERR13927574.18203	1564	18.8939
ERR13927574.18204	1580	19.2532
ERR13927574.18205	1555	18.1106
ERR13927574.18206	1608	15.8184
ERR13927574.18207	1635	16.5456
ERR13927574.18208	1603	18.8328
ERR13927574.18209	1569	19.7935
ERR13927574.18210	970	17.3887
ERR13927574.18211	1539	18.9552
ERR13927574.18212	1596	17.9110
ERR13927574.18213	1544	20.4793
ERR13927574.18214	1572	18.5585
ERR13927574.18215	1594	16.2284
ERR13927574.18216	1549	19.3731
ERR13927574.18217	1616	19.0575
ERR13927574.18218	1567	17.7352
ERR13927574.18219	1565	17.1099
ERR13927574.18220	1562	18.3662
ERR13927574.18221	1623	22.1466
ERR13927574.18222	1577	15.5935
ERR13927574.18223	1608	19.4708
ERR13927574.18224	1560	15.9122
ERR13927574.18225	1572	18.3721
ERR13927574.18226	1579	19.6966
ERR13927574.18227	1591	19.6926
ERR13927574.18228	1631	20.0742
ERR13927574.18229	1603	20.8596
ERR13927574.18230	1548	16.0478
ERR13927574.18231	1610	20.6509
ERR13927574.18232	1552	16.8956
ERR13927574.18233	1556	20.6112
ERR13927574.18234	1576	18.2341
ERR13927574.18235	1561	18.6316
ERR13927574.18236	1551	13.8150
ERR13927574.18237	1586	16.6595
ERR13927574.18238	1601	18.3485
ERR13927574.18239	1586	19.2812
ERR13927574.18240	1759	19.2848
ERR13927574.18241	1559	16.1309
ERR13927574.18242	1559	19.0571
ERR13927574.18243	1586	19.4275
ERR13927574.18244	584	15.6027
ERR13927574.18245	1559	18.0443
ERR13927574.18246	1559	20.6658
ERR13927574.18247	1601	19.1724
ERR13927574.18248	1565	19.4907
ERR13927574.18249	1681	16.9209
ERR13927574.18250	1731	18.4934
ERR13927574.18251	1570	17.8306
ERR13927574.18252	1583	18.6229
ERR13927574.18253	1559	19.7755
ERR13927574.18254	1567	21.0587
ERR13927574.18255	1556	15.0418
ERR13927574.18256	1561	17.6470
ERR13927574.18257	1619	16.1717
ERR13927574.18258	1610	19.2814
ERR13927574.18259	1554	17.2889
ERR13927574.18260	1590	19.7176
ERR13927574.18261	1555	19.1582
ERR13927574.18262	1552	16.1430
ERR13927574.18263	1558	19.7073
ERR13927574.18264	1568	15.0816
ERR13927574.18265	1557	19.1657
ERR13927574.18266	1596	16.2726
ERR13927574.18267	1570	19.3739
ERR13927574.18268	1567	16.0881
ERR13927574.18269	1621	22.5762
ERR13927574.18270	1572	15.3104
ERR13927574.18271	1587	16.5841
ERR13927574.18272	1603	17.9457
ERR13927574.18273	1610	20.0186
ERR13927574.18274	1579	20.4535
ERR13927574.18275	1557	15.5979
ERR13927574.18276	1581	18.0436
ERR13927574.18277	1618	19.7206
ERR13927574.18278	1580	16.1905
ERR13927574.18279	1579	17.3844
ERR13927574.18280	1615	21.2619
ERR13927574.18281	1585	19.9161
ERR13927574.18282	1593	19.4859
ERR13927574.18283	1572	17.6247
ERR13927574.18284	1570	19.4287
ERR13927574.18285	1644	18.4033
ERR13927574.18286	1599	19.7592
ERR13927574.18287	1546	17.4631
ERR13927574.18288	1562	19.0666
ERR13927574.18289	1591	20.7316
ERR13927574.18290	1603	20.8796
ERR13927574.18291	1621	18.3590
ERR13927574.18292	1560	14.9776
ERR13927574.18293	1565	18.8351
ERR13927574.18294	1574	18.4384
ERR13927574.18295	1605	19.7757
ERR13927574.18296	1590	19.9050
ERR13927574.18297	1562	15.0128
ERR13927574.18298	1573	17.6109
ERR13927574.18299	1588	15.7424
ERR13927574.18300	1575	18.7105
ERR13927574.18301	1911	17.3276
ERR13927574.18302	1176	19.9192
ERR13927574.18303	1577	18.8611
ERR13927574.18304	1634	19.9731
ERR13927574.18305	1598	20.9906
ERR13927574.18306	1619	20.3397
ERR13927574.18307	1548	17.0013
ERR13927574.18308	1573	14.8271
ERR13927574.18309	1578	17.3308
ERR13927574.18310	1581	18.6369
ERR13927574.18311	1524	18.2579
ERR13927574.18312	1605	18.3526
ERR13927574.18313	320	15.1625
ERR13927574.18314	1588	16.6650
ERR13927574.18315	493	15.5213
ERR13927574.18316	1549	18.0626
ERR13927574.18317	1560	16.4455
ERR13927574.18318	1564	15.5141
ERR13927574.18319	1632	18.4779
ERR13927574.18320	1593	20.1626
ERR13927574.18321	1557	19.0841
ERR13927574.18322	1573	15.8411
ERR13927574.18323	1602	16.5618
ERR13927574.18324	1568	20.5848
ERR13927574.18325	1609	17.0180
ERR13927574.18326	1606	20.2827
ERR13927574.18327	1607	19.3696
ERR13927574.18328	411	14.3723
ERR13927574.18329	1607	20.9334
ERR13927574.18330	1578	16.9265
ERR13927574.18331	1610	19.2665
ERR13927574.18332	1577	18.1693
ERR13927574.18333	1761	16.2555
ERR13927574.18334	1605	19.8854
ERR13927574.18335	1590	19.6635
ERR13927574.18336	1607	15.7100
ERR13927574.18337	1561	19.9552
ERR13927574.18338	1594	16.7767
ERR13927574.18339	1581	17.9753
ERR13927574.18340	1575	18.4375
ERR13927574.18341	1571	17.4793
ERR13927574.18342	1602	19.8077
ERR13927574.18343	1552	18.3293
ERR13927574.18344	1571	21.2120
ERR13927574.18345	1628	20.2045
ERR13927574.18346	1614	19.6363
ERR13927574.18347	268	15.5933
ERR13927574.18348	1649	19.1371
ERR13927574.18349	1616	21.7543
ERR13927574.18350	1609	20.1473
ERR13927574.18351	1575	17.7956
ERR13927574.18352	1681	18.1041
ERR13927574.18353	1603	16.8815
ERR13927574.18354	1545	19.5139
ERR13927574.18355	1614	17.9529
ERR13927574.18356	1583	19.1775
ERR13927574.18357	1566	19.3831
ERR13927574.18358	1595	18.7229
ERR13927574.18359	1606	17.7690
ERR13927574.18360	1588	18.8098
ERR13927574.18361	1564	18.9578
ERR13927574.18362	1565	17.3022
ERR13927574.18363	1592	17.1526
ERR13927574.18364	1562	18.9885
ERR13927574.18365	1545	16.6654
ERR13927574.18366	1558	16.2099
ERR13927574.18367	1562	20.4878
ERR13927574.18368	1602	18.7222
ERR13927574.18369	1586	19.3575
ERR13927574.18370	1552	19.8892
ERR13927574.18371	1578	19.6597
ERR13927574.18372	1609	20.8713
ERR13927574.18373	1559	19.5067
ERR13927574.18374	1559	18.8050
ERR13927574.18375	1627	20.0965
ERR13927574.18376	1559	18.6722
ERR13927574.18377	1623	20.1818
ERR13927574.18378	1571	19.5920
ERR13927574.18379	1587	19.4921
ERR13927574.18380	1558	15.4782
ERR13927574.18381	1615	18.9294
ERR13927574.18382	1592	18.5760
ERR13927574.18383	1624	19.2826
ERR13927574.18384	1562	14.3713
ERR13927574.18385	1542	17.8100
ERR13927574.18386	1601	20.9044
ERR13927574.18387	1614	18.0818
ERR13927574.18388	1592	19.1476
ERR13927574.18389	1755	18.0245
ERR13927574.18390	1552	15.2738
ERR13927574.18391	1573	15.1411
ERR13927574.18392	1600	17.2563
ERR13927574.18393	1613	22.4923
ERR13927574.18394	1062	15.3522
ERR13927574.18395	1629	19.2234
ERR13927574.18396	1611	17.6859
ERR13927574.18397	1563	18.6999
ERR13927574.18398	1583	20.0347
ERR13927574.18399	1581	15.0803
ERR13927574.18400	1572	16.6304
ERR13927574.18401	1447	18.6427
ERR13927574.18402	1574	20.6855
ERR13927574.18403	1555	20.2547
ERR13927574.18404	1558	19.3306
ERR13927574.18405	582	17.9880
ERR13927574.18406	1600	19.0000
ERR13927574.18407	1565	21.0275
ERR13927574.18408	1600	19.3513
ERR13927574.18409	1602	18.0662
ERR13927574.18410	1569	17.6546
ERR13927574.18411	1589	18.4053
ERR13927574.18412	1583	18.7770
ERR13927574.18413	1585	20.7666
ERR13927574.18414	1566	18.7075
ERR13927574.18415	1609	20.1709
ERR13927574.18416	1570	15.8134
ERR13927574.18417	1619	19.7863
ERR13927574.18418	1618	16.4240
ERR13927574.18419	1626	17.7497
ERR13927574.18420	1550	18.8781
ERR13927574.18421	1579	18.4395
ERR13927574.18422	1627	16.8961
ERR13927574.18423	1530	17.8209
ERR13927574.18424	1600	17.5237
ERR13927574.18425	1573	20.4107
ERR13927574.18426	1571	18.9656
ERR13927574.18427	1573	20.1697
ERR13927574.18428	1549	20.4371
ERR13927574.18429	1556	15.6896
ERR13927574.18430	1604	18.3423
ERR13927574.18431	1598	17.6033
ERR13927574.18432	1559	18.2110
ERR13927574.18433	1612	17.3226
ERR13927574.18434	1580	18.2513
ERR13927574.18435	1572	20.9071
ERR13927574.18436	1567	20.0874
ERR13927574.18437	1565	18.8268
ERR13927574.18438	1289	15.3189
ERR13927574.18439	1577	16.4344
ERR13927574.18440	1612	16.0782
ERR13927574.18441	1600	17.7563
ERR13927574.18442	1575	19.3143
ERR13927574.18443	1542	19.6777
ERR13927574.18444	1557	18.4310
ERR13927574.18445	1570	19.5452
ERR13927574.18446	1618	19.7824
ERR13927574.18447	1584	16.4362
ERR13927574.18448	1589	17.1114
ERR13927574.18449	1578	19.1679
ERR13927574.18450	1612	20.1309
ERR13927574.18451	1606	18.0511
ERR13927574.18452	1571	20.6709
ERR13927574.18453	1619	18.1439
ERR13927574.18454	1615	20.6291
ERR13927574.18455	1047	15.3668
ERR13927574.18456	1596	19.5288
ERR13927574.18457	1617	18.7594
ERR13927574.18458	1631	19.8835
ERR13927574.18459	1577	16.8624
ERR13927574.18460	1574	18.2395
ERR13927574.18461	1614	18.3649
ERR13927574.18462	1587	19.1941
ERR13927574.18463	1588	20.1914
ERR13927574.18464	1570	20.7083
ERR13927574.18465	1581	17.3934
ERR13927574.18466	1590	17.8566
ERR13927574.18467	1577	19.1427
ERR13927574.18468	1559	17.0821
ERR13927574.18469	1559	17.1738
ERR13927574.18470	1595	18.1843
ERR13927574.18471	1584	15.5473
ERR13927574.18472	1578	15.7288
ERR13927574.18473	1602	19.0468
ERR13927574.18474	1584	17.6477
ERR13927574.18475	1579	16.2913
ERR13927574.18476	1587	19.5350
ERR13927574.18477	1586	16.5347
ERR13927574.18478	1563	20.4133
ERR13927574.18479	2096	17.0081
ERR13927574.18480	1612	18.7016
ERR13927574.18481	1626	20.2011
ERR13927574.18482	1580	21.2747
ERR13927574.18483	1572	20.6826
ERR13927574.18484	1601	19.4635
ERR13927574.18485	1604	20.2288
ERR13927574.18486	1600	14.6319
ERR13927574.18487	1605	16.9321
ERR13927574.18488	1570	20.0834
ERR13927574.18489	1567	15.3669
ERR13927574.18490	1560	16.9026
ERR13927574.18491	1610	18.5801
ERR13927574.18492	1559	16.4195
ERR13927574.18493	1567	16.8813
ERR13927574.18494	1602	19.4669
ERR13927574.18495	1607	19.2850
ERR13927574.18496	1589	18.6822
ERR13927574.18497	1580	19.9684
ERR13927574.18498	1566	17.9112
ERR13927574.18499	1592	17.9887
ERR13927574.18500	1571	16.7925
ERR13927574.18501	1619	19.4929
ERR13927574.18502	1591	19.1458
ERR13927574.18503	249	15.2209
ERR13927574.18504	1576	19.0082
ERR13927574.18505	1597	16.8278
ERR13927574.18506	1617	19.7409
ERR13927574.18507	1617	19.1602
ERR13927574.18508	1591	19.0886
ERR13927574.18509	1553	17.0766
ERR13927574.18510	1570	17.2408
ERR13927574.18511	1572	18.4128
ERR13927574.18512	1653	14.9897
ERR13927574.18513	1586	20.1866
ERR13927574.18514	1611	20.2489
ERR13927574.18515	1556	17.0765
ERR13927574.18516	1571	16.4278
ERR13927574.18517	1593	19.6591
ERR13927574.18518	1595	20.4571
ERR13927574.18519	1583	19.9608
ERR13927574.18520	1591	17.0817
ERR13927574.18521	1541	15.0727
ERR13927574.18522	1604	19.1054
ERR13927574.18523	1576	20.6510
ERR13927574.18524	1565	20.5380
ERR13927574.18525	1582	15.1018
ERR13927574.18526	1551	18.9226
ERR13927574.18527	1611	18.6605
ERR13927574.18528	3129	15.7021
ERR13927574.18529	1595	17.4401
ERR13927574.18530	1621	15.8038
ERR13927574.18531	1562	20.9680
ERR13927574.18532	1641	18.3870
ERR13927574.18533	1560	15.1468
ERR13927574.18534	1553	18.5190
ERR13927574.18535	1585	19.8410
ERR13927574.18536	1546	18.6261
ERR13927574.18537	1554	19.5206
ERR13927574.18538	1627	15.5243
ERR13927574.18539	1624	18.8091
ERR13927574.18540	1547	17.9347
ERR13927574.18541	1562	20.3284
ERR13927574.18542	1593	19.2492
ERR13927574.18543	1585	19.2221
ERR13927574.18544	1596	19.5564
ERR13927574.18545	1571	18.4755
ERR13927574.18546	1614	18.5037
ERR13927574.18547	1593	20.4131
ERR13927574.18548	1582	17.2971
ERR13927574.18549	1592	17.9240
ERR13927574.18550	1550	17.8923
ERR13927574.18551	1589	19.7338
ERR13927574.18552	1585	16.2839
ERR13927574.18553	1542	19.0318
ERR13927574.18554	1599	15.9400
ERR13927574.18555	1605	16.3788
ERR13927574.18556	1558	18.4403
ERR13927574.18557	1609	17.1156
ERR13927574.18558	1598	19.8173
ERR13927574.18559	1588	15.7047
ERR13927574.18560	1573	17.8430
ERR13927574.18561	1544	18.2843
ERR13927574.18562	1575	20.9511
ERR13927574.18563	713	18.5849
ERR13927574.18564	1598	17.4725
ERR13927574.18565	1560	17.6346
ERR13927574.18566	1574	18.0159
ERR13927574.18567	1564	14.7737
ERR13927574.18568	1551	20.2818
ERR13927574.18569	1562	17.5691
ERR13927574.18570	1793	20.7769
ERR13927574.18571	1598	14.1133
ERR13927574.18572	1608	19.8035
ERR13927574.18573	1563	14.6552
ERR13927574.18574	1530	14.5562
ERR13927574.18575	1627	16.2889
ERR13927574.18576	1623	19.3056
ERR13927574.18577	1557	19.1329
ERR13927574.18578	1598	19.9844
ERR13927574.18579	1588	16.9320
ERR13927574.18580	1583	19.2179
ERR13927574.18581	1582	17.8508
ERR13927574.18582	1614	20.0880
ERR13927574.18583	1622	18.0481
ERR13927574.18584	1624	18.9002
ERR13927574.18585	1613	18.8965
ERR13927574.18586	1608	18.1281
ERR13927574.18587	1584	18.2412
ERR13927574.18588	1568	17.8131
ERR13927574.18589	1603	18.7735
ERR13927574.18590	1624	21.7863
ERR13927574.18591	1593	17.2624
ERR13927574.18592	1552	16.4594
ERR13927574.18593	1622	19.5764
ERR13927574.18594	1575	19.7473
ERR13927574.18595	1599	18.0600
ERR13927574.18596	1593	16.7137
ERR13927574.18597	1592	19.7701
ERR13927574.18598	1620	15.6284
ERR13927574.18599	1570	17.1592
ERR13927574.18600	1593	16.1186
ERR13927574.18601	1560	19.6288
ERR13927574.18602	1582	18.7762
ERR13927574.18603	1587	19.1059
ERR13927574.18604	1626	17.3383
ERR13927574.18605	1577	20.3164
ERR13927574.18606	1608	18.9042
ERR13927574.18607	1566	18.2133
ERR13927574.18608	1567	15.4831
ERR13927574.18609	1584	17.9615
ERR13927574.18610	1588	21.1877
ERR13927574.18611	1612	17.0230
ERR13927574.18612	1625	19.1169
ERR13927574.18613	1573	17.3064
ERR13927574.18614	1560	18.7936
ERR13927574.18615	1544	17.7487
ERR13927574.18616	1586	18.3770
ERR13927574.18617	1596	14.9900
ERR13927574.18618	1580	19.7690
ERR13927574.18619	1598	20.3730
ERR13927574.18620	1628	18.0799
ERR13927574.18621	1554	18.4903
ERR13927574.18622	1556	18.7461
ERR13927574.18623	1594	17.4818
ERR13927574.18624	1592	18.7506
ERR13927574.18625	1620	18.5704
ERR13927574.18626	1627	17.8205
ERR13927574.18627	366	15.3115
ERR13927574.18628	1578	15.2034
ERR13927574.18629	1324	17.9252
ERR13927574.18630	1568	18.2921
ERR13927574.18631	1082	18.7357
ERR13927574.18632	1627	20.8808
ERR13927574.18633	1576	18.9759
ERR13927574.18634	996	18.9267
ERR13927574.18635	1584	17.9905
ERR13927574.18636	1577	18.1256
ERR13927574.18637	1587	18.0479
ERR13927574.18638	1580	16.8582
ERR13927574.18639	2079	19.0462
ERR13927574.18640	1632	19.0558
ERR13927574.18641	1539	16.1066
ERR13927574.18642	1609	21.0827
ERR13927574.18643	1599	18.5872
ERR13927574.18644	1606	16.3524
ERR13927574.18645	1591	19.9793
ERR13927574.18646	1597	19.1446
ERR13927574.18647	1596	15.9192
ERR13927574.18648	1582	19.6669
ERR13927574.18649	1599	18.7154
ERR13927574.18650	1611	18.8889
ERR13927574.18651	1601	17.1599
ERR13927574.18652	1573	20.0598
ERR13927574.18653	1612	15.4330
ERR13927574.18654	1576	19.6605
ERR13927574.18655	1599	18.6423
ERR13927574.18656	1952	18.9047
ERR13927574.18657	1666	16.6291
ERR13927574.18658	1623	19.5964
ERR13927574.18659	1620	19.7093
ERR13927574.18660	1570	17.2822
ERR13927574.18661	1556	17.2288
ERR13927574.18662	1570	16.7350
ERR13927574.18663	1561	14.7284
ERR13927574.18664	1569	16.5328
ERR13927574.18665	1559	19.9564
ERR13927574.18666	1588	18.5082
ERR13927574.18667	1625	19.5040
ERR13927574.18668	1578	19.0247
ERR13927574.18669	1581	18.5553
ERR13927574.18670	985	18.7259
ERR13927574.18671	1565	19.3987
ERR13927574.18672	1590	18.1289
ERR13927574.18673	1612	17.4826
ERR13927574.18674	1593	18.8475
ERR13927574.18675	1603	18.5041
ERR13927574.18676	1540	16.3766
ERR13927574.18677	1588	19.3136
ERR13927574.18678	1593	19.8236
ERR13927574.18679	1544	16.8977
ERR13927574.18680	1617	16.8689
ERR13927574.18681	1722	17.6382
ERR13927574.18682	1599	19.3696
ERR13927574.18683	1609	16.0168
ERR13927574.18684	1605	19.8704
ERR13927574.18685	1608	16.8993
ERR13927574.18686	1567	20.2246
ERR13927574.18687	1573	19.8436
ERR13927574.18688	1582	16.7124
ERR13927574.18689	1572	18.1368
ERR13927574.18690	1571	18.2069
ERR13927574.18691	1560	19.1840
ERR13927574.18692	1586	19.7768
ERR13927574.18693	1607	20.1120
ERR13927574.18694	1709	14.1106
ERR13927574.18695	1536	17.5905
ERR13927574.18696	1593	17.8029
ERR13927574.18697	1552	17.4375
ERR13927574.18698	1618	17.9067
ERR13927574.18699	1575	17.5321
ERR13927574.18700	1554	16.4614
ERR13927574.18701	1567	18.0172
ERR13927574.18702	1591	16.9881
ERR13927574.18703	1595	17.4144
ERR13927574.18704	1562	15.2708
ERR13927574.18705	1591	18.7027
ERR13927574.18706	1576	18.5723
ERR13927574.18707	1531	15.6101
ERR13927574.18708	1587	16.5072
ERR13927574.18709	1624	17.7087
ERR13927574.18710	1584	19.0650
ERR13927574.18711	1608	20.1350
ERR13927574.18712	1570	20.3548
ERR13927574.18713	1606	21.0971
ERR13927574.18714	1599	18.9281
ERR13927574.18715	1591	22.0333
ERR13927574.18716	1589	17.5853
ERR13927574.18717	1583	17.5047
ERR13927574.18718	1568	18.1805
ERR13927574.18719	1551	18.2295
ERR13927574.18720	1559	19.4894
ERR13927574.18721	1576	18.6497
ERR13927574.18722	1525	18.5875
ERR13927574.18723	1561	17.6541
ERR13927574.18724	1594	18.0163
ERR13927574.18725	1588	20.3476
ERR13927574.18726	1578	15.8809
ERR13927574.18727	1623	18.3124
ERR13927574.18728	1569	18.3614
ERR13927574.18729	1549	16.5997
ERR13927574.18730	1538	18.8934
ERR13927574.18731	1611	18.4705
ERR13927574.18732	1559	18.3072
ERR13927574.18733	1602	19.7016
ERR13927574.18734	1556	16.4595
ERR13927574.18735	1594	14.2246
ERR13927574.18736	1555	16.3531
ERR13927574.18737	1609	20.3791
ERR13927574.18738	1563	20.4005
ERR13927574.18739	1610	18.8652
ERR13927574.18740	1551	15.8446
ERR13927574.18741	1607	18.8581
ERR13927574.18742	1607	18.2147
ERR13927574.18743	1579	19.9348
ERR13927574.18744	1602	20.3277
ERR13927574.18745	1567	19.6592
ERR13927574.18746	1629	21.1811
ERR13927574.18747	1560	19.3327
ERR13927574.18748	1567	18.4448
ERR13927574.18749	1561	15.1659
ERR13927574.18750	1573	19.1780
ERR13927574.18751	1603	20.8072
ERR13927574.18752	1573	20.3172
ERR13927574.18753	1576	19.9277
ERR13927574.18754	1558	18.8556
ERR13927574.18755	1591	18.7228
ERR13927574.18756	1588	18.9137
ERR13927574.18757	1544	20.5278
ERR13927574.18758	1565	20.4198
ERR13927574.18759	1617	20.0006
ERR13927574.18760	1597	17.4941
ERR13927574.18761	1556	16.1253
ERR13927574.18762	1551	20.0097
ERR13927574.18763	1544	15.9203
ERR13927574.18764	1547	15.1351
ERR13927574.18765	1588	17.9225
ERR13927574.18766	1583	20.1194
ERR13927574.18767	1592	19.7996
ERR13927574.18768	1562	22.3182
ERR13927574.18769	1548	17.5523
ERR13927574.18770	1555	21.0817
ERR13927574.18771	1571	17.6264
ERR13927574.18772	1553	15.7624
ERR13927574.18773	1580	14.9076
ERR13927574.18774	1581	17.7451
ERR13927574.18775	1585	16.2656
ERR13927574.18776	1506	15.3931
ERR13927574.18777	1567	16.7907
ERR13927574.18778	1572	19.4205
ERR13927574.18779	1578	17.2060
ERR13927574.18780	1608	22.3252
ERR13927574.18781	1574	19.9905
ERR13927574.18782	1551	14.6905
ERR13927574.18783	1562	18.6248
ERR13927574.18784	1140	17.2447
ERR13927574.18785	1618	18.1044
ERR13927574.18786	1616	21.3212
ERR13927574.18787	1571	20.0757
ERR13927574.18788	1593	14.6673
ERR13927574.18789	1553	19.2827
ERR13927574.18790	1561	15.9315
ERR13927574.18791	1515	18.0158
ERR13927574.18792	1554	21.1641
ERR13927574.18793	1610	21.7230
ERR13927574.18794	1593	20.4444
ERR13927574.18795	926	18.0346
ERR13927574.18796	1551	18.7208
ERR13927574.18797	677	17.8567
ERR13927574.18798	1569	20.0504
ERR13927574.18799	1598	19.7522
ERR13927574.18800	1603	18.5795
ERR13927574.18801	1552	19.3363
ERR13927574.18802	1587	15.9653
ERR13927574.18803	1305	17.7464
ERR13927574.18804	1562	19.9225
ERR13927574.18805	1565	15.3949
ERR13927574.18806	1564	18.4591
ERR13927574.18807	1620	15.5327
ERR13927574.18808	1610	16.0627
ERR13927574.18809	1575	18.6140
ERR13927574.18810	1562	17.0909
ERR13927574.18811	1586	18.3852
ERR13927574.18812	1618	18.7386
ERR13927574.18813	1577	16.2378
ERR13927574.18814	1562	19.4603
ERR13927574.18815	1562	20.9930
ERR13927574.18816	1060	18.1038
ERR13927574.18817	1610	19.7075
ERR13927574.18818	1644	17.4428
ERR13927574.18819	1600	18.5656
ERR13927574.18820	1570	21.2134
ERR13927574.18821	1556	21.2590
ERR13927574.18822	1618	20.4617
ERR13927574.18823	1561	15.4459
ERR13927574.18824	1573	21.1952
ERR13927574.18825	1592	17.7399
ERR13927574.18826	1572	18.8257
ERR13927574.18827	1590	16.9057
ERR13927574.18828	1576	20.5749
ERR13927574.18829	1667	17.5465
ERR13927574.18830	1578	18.7047
ERR13927574.18831	1550	18.5452
ERR13927574.18832	1561	19.0615
ERR13927574.18833	1617	14.4082
ERR13927574.18834	1572	19.6559
ERR13927574.18835	1596	20.9173
ERR13927574.18836	1580	20.0424
ERR13927574.18837	1582	17.1625
ERR13927574.18838	1583	19.9690
ERR13927574.18839	1657	18.7151
ERR13927574.18840	1558	19.1168
ERR13927574.18841	1567	20.3095
ERR13927574.18842	1553	20.2460
ERR13927574.18843	1563	18.7735
ERR13927574.18844	1613	18.5939
ERR13927574.18845	1566	18.2216
ERR13927574.18846	930	21.4204
ERR13927574.18847	1598	21.0720
ERR13927574.18848	1540	21.3240
ERR13927574.18849	1567	21.3325
ERR13927574.18850	1610	19.2304
ERR13927574.18851	1682	18.3585
ERR13927574.18852	1611	16.8125
ERR13927574.18853	1617	17.7669
ERR13927574.18854	1579	18.9227
ERR13927574.18855	1570	19.3204
ERR13927574.18856	1588	19.0428
ERR13927574.18857	1562	17.5608
ERR13927574.18858	1584	20.3813
ERR13927574.18859	1598	18.2816
ERR13927574.18860	1608	20.6287
ERR13927574.18861	1573	19.0420
ERR13927574.18862	1552	20.1798
ERR13927574.18863	1561	16.0762
ERR13927574.18864	1598	19.0926
ERR13927574.18865	1614	19.3699
ERR13927574.18866	1588	17.5321
ERR13927574.18867	1555	15.6379
ERR13927574.18868	1549	17.7992
ERR13927574.18869	1582	18.1492
ERR13927574.18870	840	21.8250
ERR13927574.18871	1611	19.4091
ERR13927574.18872	1560	19.5558
ERR13927574.18873	1574	18.1131
ERR13927574.18874	1523	14.6546
ERR13927574.18875	1568	19.8661
ERR13927574.18876	1598	19.6790
ERR13927574.18877	1556	18.9499
ERR13927574.18878	1521	17.3491
ERR13927574.18879	1568	15.9911
ERR13927574.18880	1616	16.4152
ERR13927574.18881	1628	15.0209
ERR13927574.18882	1614	16.2509
ERR13927574.18883	1591	20.0522
ERR13927574.18884	1471	14.7165
ERR13927574.18885	1597	19.5423
ERR13927574.18886	1575	15.9803
ERR13927574.18887	1574	19.1944
ERR13927574.18888	1540	19.7468
ERR13927574.18889	1568	18.9247
ERR13927574.18890	1564	20.4143
ERR13927574.18891	1564	21.5134
ERR13927574.18892	336	17.7411
ERR13927574.18893	1588	18.5850
ERR13927574.18894	1586	17.2049
ERR13927574.18895	1625	15.5194
ERR13927574.18896	1536	14.6361
ERR13927574.18897	1584	16.9552
ERR13927574.18898	1580	18.9475
ERR13927574.18899	1625	20.3243
ERR13927574.18900	1580	21.1468
ERR13927574.18901	1543	21.3007
ERR13927574.18902	1588	17.2683
ERR13927574.18903	1631	18.3777
ERR13927574.18904	1548	17.8049
ERR13927574.18905	1601	21.2286
ERR13927574.18906	1545	16.7333
ERR13927574.18907	1557	18.3886
ERR13927574.18908	1627	14.9533
ERR13927574.18909	1597	18.3538
ERR13927574.18910	868	19.9078
ERR13927574.18911	1593	17.2191
ERR13927574.18912	1550	17.9877
ERR13927574.18913	1563	16.5509
ERR13927574.18914	1603	21.3886
ERR13927574.18915	1555	19.8026
ERR13927574.18916	1573	15.9968
ERR13927574.18917	1555	20.3511
ERR13927574.18918	1609	18.3766
ERR13927574.18919	1586	18.8241
ERR13927574.18920	1560	16.2006
ERR13927574.18921	1573	20.5079
ERR13927574.18922	1562	16.8771
ERR13927574.18923	1578	19.7719
ERR13927574.18924	1599	17.2383
ERR13927574.18925	1507	15.2037
ERR13927574.18926	1574	17.8088
ERR13927574.18927	1575	19.1956
ERR13927574.18928	1602	15.3190
ERR13927574.18929	1578	20.0304
ERR13927574.18930	1685	16.5169
ERR13927574.18931	1554	14.0238
ERR13927574.18932	1601	19.2917
ERR13927574.18933	674	15.4599
ERR13927574.18934	1555	15.8887
ERR13927574.18935	1590	15.1667
ERR13927574.18936	1623	17.0370
ERR13927574.18937	1511	19.6314
ERR13927574.18938	1564	17.3497
ERR13927574.18939	1582	15.9210
ERR13927574.18940	1626	16.0461
ERR13927574.18941	1580	20.5272
ERR13927574.18942	1553	16.6871
ERR13927574.18943	1568	19.4394
ERR13927574.18944	1594	19.1324
ERR13927574.18945	1540	16.7805
ERR13927574.18946	1582	18.1018
ERR13927574.18947	1574	15.5515
ERR13927574.18948	1569	15.4812
ERR13927574.18949	1534	16.2992
ERR13927574.18950	1598	18.3736
ERR13927574.18951	1565	14.9668
ERR13927574.18952	1608	18.3781
ERR13927574.18953	1553	19.4881
ERR13927574.18954	1482	17.9872
ERR13927574.18955	1554	18.9710
ERR13927574.18956	1596	20.1053
ERR13927574.18957	1621	18.1184
ERR13927574.18958	1584	16.8422
ERR13927574.18959	1582	20.6277
ERR13927574.18960	1603	13.3986
ERR13927574.18961	1592	19.4862
ERR13927574.18962	1596	18.0576
ERR13927574.18963	1572	17.3753
ERR13927574.18964	1607	15.1829
ERR13927574.18965	1562	18.3169
ERR13927574.18966	1578	17.6299
ERR13927574.18967	1565	17.4767
ERR13927574.18968	1601	20.1755
ERR13927574.18969	1585	20.5129
ERR13927574.18970	1602	19.5206
ERR13927574.18971	1588	15.5863
ERR13927574.18972	1533	16.7541
ERR13927574.18973	1559	17.1578
ERR13927574.18974	1606	21.2615
ERR13927574.18975	1587	18.7328
ERR13927574.18976	1561	16.7117
ERR13927574.18977	1611	19.6089
ERR13927574.18978	1532	15.3597
ERR13927574.18979	1517	18.8840
ERR13927574.18980	1514	17.6915
ERR13927574.18981	1577	15.3139
ERR13927574.18982	1566	18.9617
ERR13927574.18983	1598	19.3273
ERR13927574.18984	1312	17.0587
ERR13927574.18985	1574	15.2872
ERR13927574.18986	1609	19.5736
ERR13927574.18987	1623	20.3561
ERR13927574.18988	1587	16.8992
ERR13927574.18989	1589	18.0340
ERR13927574.18990	1586	15.5567
ERR13927574.18991	1588	21.0894
ERR13927574.18992	1394	16.2339
ERR13927574.18993	1573	19.8487
ERR13927574.18994	1572	20.5197
ERR13927574.18995	1609	18.2349
ERR13927574.18996	1604	20.3560
ERR13927574.18997	1556	17.1292
ERR13927574.18998	1556	18.5039
ERR13927574.18999	1575	19.8095
ERR13927574.19000	1586	17.8398
ERR13927574.19001	1623	20.2508
ERR13927574.19002	1621	18.0895
ERR13927574.19003	1624	16.3966
ERR13927574.19004	1583	18.0272
ERR13927574.19005	1610	20.1385
ERR13927574.19006	1511	20.2091
ERR13927574.19007	1612	16.3065
ERR13927574.19008	1615	19.5492
ERR13927574.19009	1562	16.5352
ERR13927574.19010	1561	17.8443
ERR13927574.19011	1572	17.0789
ERR13927574.19012	1550	16.5626
ERR13927574.19013	1592	15.4196
ERR13927574.19014	1587	17.2124
ERR13927574.19015	1574	21.5470
ERR13927574.19016	1548	17.6357
ERR13927574.19017	1574	22.8151
ERR13927574.19018	1616	19.0322
ERR13927574.19019	1574	17.9104
ERR13927574.19020	1584	21.7961
ERR13927574.19021	1625	19.5545
ERR13927574.19022	1588	20.5548
ERR13927574.19023	1574	15.1093
ERR13927574.19024	1624	19.3264
ERR13927574.19025	1581	20.6154
ERR13927574.19026	1554	20.3372
ERR13927574.19027	1580	17.6329
ERR13927574.19028	1567	17.8079
ERR13927574.19029	1507	18.2110
ERR13927574.19030	1567	15.4710
ERR13927574.19031	1604	15.5480
ERR13927574.19032	1601	18.0525
ERR13927574.19033	1713	14.0070
ERR13927574.19034	1578	21.3809
ERR13927574.19035	1603	18.2583
ERR13927574.19036	1593	16.5813
ERR13927574.19037	1579	18.3648
ERR13927574.19038	1571	18.8498
ERR13927574.19039	1604	20.5798
ERR13927574.19040	1535	19.4065
ERR13927574.19041	921	17.0771
ERR13927574.19042	1556	15.7442
ERR13927574.19043	1600	16.5237
ERR13927574.19044	1551	19.8156
ERR13927574.19045	1538	16.4415
ERR13927574.19046	1478	18.8403
ERR13927574.19047	1565	15.9227
ERR13927574.19048	1567	18.5699
ERR13927574.19049	1560	18.6949
ERR13927574.19050	1551	18.5422
ERR13927574.19051	1553	15.4578
ERR13927574.19052	1565	18.3534
ERR13927574.19053	1618	19.8480
ERR13927574.19054	1550	20.0684
ERR13927574.19055	1558	14.9262
ERR13927574.19056	1547	16.1952
ERR13927574.19057	491	18.1670
ERR13927574.19058	1063	15.1449
ERR13927574.19059	1603	17.8260
ERR13927574.19060	1610	18.2795
ERR13927574.19061	1539	15.4003
ERR13927574.19062	1562	19.8041
ERR13927574.19063	1554	16.3340
ERR13927574.19064	1572	18.5522
ERR13927574.19065	1626	15.0892
ERR13927574.19066	1640	17.4555
ERR13927574.19067	1584	20.6357
ERR13927574.19068	1574	22.0197
ERR13927574.19069	1568	20.0459
ERR13927574.19070	1608	19.3234
ERR13927574.19071	1612	21.4057
ERR13927574.19072	1574	21.9193
ERR13927574.19073	1597	16.8259
ERR13927574.19074	1590	20.4138
ERR13927574.19075	1539	15.9753
ERR13927574.19076	1603	21.0274
ERR13927574.19077	1568	16.4452
ERR13927574.19078	1560	18.0494
ERR13927574.19079	1563	15.8880
ERR13927574.19080	1559	19.2457
ERR13927574.19081	1620	19.2426
ERR13927574.19082	1556	19.6620
ERR13927574.19083	1520	20.7197
ERR13927574.19084	1698	19.5377
ERR13927574.19085	1592	19.4786
ERR13927574.19086	1554	20.1255
ERR13927574.19087	1547	15.7401
ERR13927574.19088	1579	18.2489
ERR13927574.19089	1595	18.5931
ERR13927574.19090	1589	16.0699
ERR13927574.19091	421	15.0119
ERR13927574.19092	1579	20.7644
ERR13927574.19093	1526	16.1776
ERR13927574.19094	1570	17.9605
ERR13927574.19095	1690	17.5840
ERR13927574.19096	1581	14.0183
ERR13927574.19097	1074	21.1387
ERR13927574.19098	1608	19.8265
ERR13927574.19099	1556	18.9981
ERR13927574.19100	1584	14.1351
ERR13927574.19101	1562	16.8457
ERR13927574.19102	1538	15.2367
ERR13927574.19103	1544	15.7545
ERR13927574.19104	1635	17.1547
ERR13927574.19105	1595	17.3743
ERR13927574.19106	1573	21.1043
ERR13927574.19107	1609	20.9814
ERR13927574.19108	1561	14.9923
ERR13927574.19109	1626	20.6119
ERR13927574.19110	1622	15.7552
ERR13927574.19111	1564	17.4962
ERR13927574.19112	1500	16.7007
ERR13927574.19113	1617	18.4947
ERR13927574.19114	1608	21.3284
ERR13927574.19115	1597	16.5542
ERR13927574.19116	1576	15.3261
ERR13927574.19117	1599	19.4640
ERR13927574.19118	1680	17.1821
ERR13927574.19119	1527	15.7603
ERR13927574.19120	1568	17.9375
ERR13927574.19121	1570	17.4312
ERR13927574.19122	1573	19.9282
ERR13927574.19123	1600	15.5750
ERR13927574.19124	1564	15.9629
ERR13927574.19125	1541	16.7813
ERR13927574.19126	1617	20.2016
ERR13927574.19127	1617	22.1682
ERR13927574.19128	1601	17.8120
ERR13927574.19129	1599	19.3640
ERR13927574.19130	1555	17.5196
ERR13927574.19131	1132	19.3940
ERR13927574.19132	1578	18.4639
ERR13927574.19133	1565	16.8741
ERR13927574.19134	1591	18.3482
ERR13927574.19135	1524	17.0525
ERR13927574.19136	1583	19.3809
ERR13927574.19137	1562	16.9257
ERR13927574.19138	1561	17.6143
ERR13927574.19139	1622	18.9945
ERR13927574.19140	681	16.1483
ERR13927574.19141	1599	15.7786
ERR13927574.19142	1623	20.2015
ERR13927574.19143	1737	14.0178
ERR13927574.19144	1569	16.9044
ERR13927574.19145	1538	16.3349
ERR13927574.19146	1586	15.4414
ERR13927574.19147	1581	21.4390
ERR13927574.19148	1584	20.6629
ERR13927574.19149	1534	17.4785
ERR13927574.19150	1585	19.4719
ERR13927574.19151	1542	16.0804
ERR13927574.19152	1588	17.1108
ERR13927574.19153	1599	18.8530
ERR13927574.19154	1581	18.2593
ERR13927574.19155	1745	18.4143
ERR13927574.19156	1517	17.6875
ERR13927574.19157	1592	19.2915
ERR13927574.19158	1629	19.4279
ERR13927574.19159	1630	20.3448
ERR13927574.19160	1539	16.7524
ERR13927574.19161	1574	19.5280
ERR13927574.19162	1575	21.4495
ERR13927574.19163	1540	16.9071
ERR13927574.19164	1565	16.9470
ERR13927574.19165	1613	18.8537
ERR13927574.19166	1546	19.9521
ERR13927574.19167	1569	15.9356
ERR13927574.19168	1562	19.0262
ERR13927574.19169	1585	18.0580
ERR13927574.19170	1614	20.5818
ERR13927574.19171	1598	18.0670
ERR13927574.19172	1603	17.3493
ERR13927574.19173	1601	15.2998
ERR13927574.19174	1570	18.0389
ERR13927574.19175	1623	15.9125
ERR13927574.19176	1625	18.8695
ERR13927574.19177	1601	17.5153
ERR13927574.19178	1561	17.3459
ERR13927574.19179	1570	18.9962
ERR13927574.19180	1568	19.0338
ERR13927574.19181	1565	16.0492
ERR13927574.19182	1587	17.0813
ERR13927574.19183	1581	17.9570
ERR13927574.19184	736	19.6264
ERR13927574.19185	1599	18.2245
ERR13927574.19186	912	21.0351
ERR13927574.19187	1565	16.0019
ERR13927574.19188	1578	16.5253
ERR13927574.19189	1575	18.5035
ERR13927574.19190	1596	19.0727
ERR13927574.19191	1622	17.7300
ERR13927574.19192	1560	19.1237
ERR13927574.19193	1573	18.2327
ERR13927574.19194	1541	17.7469
ERR13927574.19195	1609	17.9186
ERR13927574.19196	1568	20.1193
ERR13927574.19197	1604	17.2182
ERR13927574.19198	1567	18.3478
ERR13927574.19199	1598	19.1076
ERR13927574.19200	1569	14.4130
ERR13927574.19201	1577	18.0425
ERR13927574.19202	1565	18.8422
ERR13927574.19203	1587	18.7171
ERR13927574.19204	1565	16.5879
ERR13927574.19205	1587	20.5633
ERR13927574.19206	1569	16.0440
ERR13927574.19207	1603	18.1953
ERR13927574.19208	1560	17.4160
ERR13927574.19209	1624	20.3479
ERR13927574.19210	1530	20.3797
ERR13927574.19211	1589	17.1466
ERR13927574.19212	1594	20.6286
ERR13927574.19213	1592	18.9523
ERR13927574.19214	1603	18.2895
ERR13927574.19215	1559	17.1379
ERR13927574.19216	1612	16.6625
ERR13927574.19217	1593	17.0251
ERR13927574.19218	1568	15.8272
ERR13927574.19219	1541	17.7352
ERR13927574.19220	1604	18.4015
ERR13927574.19221	1611	18.3681
ERR13927574.19222	1525	18.3967
ERR13927574.19223	1316	17.9157
ERR13927574.19224	1577	19.3424
ERR13927574.19225	1584	15.2052
ERR13927574.19226	1565	20.6377
ERR13927574.19227	1482	15.2490
ERR13927574.19228	1578	18.3485
ERR13927574.19229	1570	18.5688
ERR13927574.19230	1582	20.8040
ERR13927574.19231	1574	16.8888
ERR13927574.19232	1571	16.0032
ERR13927574.19233	1578	17.8029
ERR13927574.19234	1596	15.6673
ERR13927574.19235	1567	20.2833
ERR13927574.19236	1582	20.3142
ERR13927574.19237	1616	18.7123
ERR13927574.19238	1606	18.1227
ERR13927574.19239	1593	17.3302
ERR13927574.19240	1547	19.6018
ERR13927574.19241	1091	15.6453
ERR13927574.19242	1579	19.1830
ERR13927574.19243	1560	15.7109
ERR13927574.19244	1596	14.7249
ERR13927574.19245	1567	19.1921
ERR13927574.19246	1611	16.7405
ERR13927574.19247	1602	16.8508
ERR13927574.19248	1563	18.9424
ERR13927574.19249	1589	17.5551
ERR13927574.19250	1681	16.4670
ERR13927574.19251	1554	17.3346
ERR13927574.19252	1599	19.1639
ERR13927574.19253	1562	20.4910
ERR13927574.19254	1610	15.6764
ERR13927574.19255	1624	18.1527
ERR13927574.19256	1583	20.1169
ERR13927574.19257	1576	20.8299
ERR13927574.19258	1564	20.6464
ERR13927574.19259	1587	18.6295
ERR13927574.19260	1583	19.3727
ERR13927574.19261	1619	20.0605
ERR13927574.19262	1629	20.8367
ERR13927574.19263	1575	19.5422
ERR13927574.19264	1551	20.8962
ERR13927574.19265	1585	18.0959
ERR13927574.19266	1555	19.4180
ERR13927574.19267	1585	15.7842
ERR13927574.19268	1603	16.2308
ERR13927574.19269	1593	18.8751
ERR13927574.19270	1603	22.1978
ERR13927574.19271	1621	17.9247
ERR13927574.19272	1546	19.2445
ERR13927574.19273	1563	18.3480
ERR13927574.19274	1562	18.1088
ERR13927574.19275	1568	17.8884
ERR13927574.19276	1607	17.1605
ERR13927574.19277	1572	20.0388
ERR13927574.19278	1626	17.8210
ERR13927574.19279	1591	19.4620
ERR13927574.19280	1557	19.0655
ERR13927574.19281	1614	18.6586
ERR13927574.19282	1600	18.5206
ERR13927574.19283	1611	20.8417
ERR13927574.19284	1611	21.1688
ERR13927574.19285	1596	18.3289
ERR13927574.19286	1587	16.8475
ERR13927574.19287	1577	18.7051
ERR13927574.19288	1585	21.8871
ERR13927574.19289	1575	15.3797
ERR13927574.19290	1617	20.1868
ERR13927574.19291	1584	17.0663
ERR13927574.19292	1582	18.7307
ERR13927574.19293	1600	17.8756
ERR13927574.19294	1598	15.1402
ERR13927574.19295	1560	15.1904
ERR13927574.19296	1563	19.3743
ERR13927574.19297	1562	18.2356
ERR13927574.19298	1577	15.9112
ERR13927574.19299	1566	19.3065
ERR13927574.19300	1608	19.3868
ERR13927574.19301	1561	18.3190
ERR13927574.19302	1566	20.2375
ERR13927574.19303	1558	15.8017
ERR13927574.19304	1402	18.4158
ERR13927574.19305	1722	18.9466
ERR13927574.19306	1588	17.2859
ERR13927574.19307	1554	16.8642
ERR13927574.19308	1553	17.9775
ERR13927574.19309	1366	16.2994
ERR13927574.19310	1570	20.1911
ERR13927574.19311	1741	18.5112
ERR13927574.19312	1617	20.0266
ERR13927574.19313	1604	15.9994
ERR13927574.19314	1612	17.5627
ERR13927574.19315	1605	16.1850
ERR13927574.19316	1595	16.8219
ERR13927574.19317	1610	17.8000
ERR13927574.19318	1609	18.4164
ERR13927574.19319	1569	16.5876
ERR13927574.19320	1622	20.1961
ERR13927574.19321	1566	18.6718
ERR13927574.19322	1561	20.3786
ERR13927574.19323	1582	15.7257
ERR13927574.19324	1584	20.8466
ERR13927574.19325	1578	19.4398
ERR13927574.19326	1573	19.7502
ERR13927574.19327	1591	21.4073
ERR13927574.19328	1587	20.5287
ERR13927574.19329	1607	15.0367
ERR13927574.19330	1591	17.6556
ERR13927574.19331	1589	18.7992
ERR13927574.19332	1573	15.5982
ERR13927574.19333	1549	19.9316
ERR13927574.19334	1569	20.7776
ERR13927574.19335	1581	20.3150
ERR13927574.19336	1574	15.7878
ERR13927574.19337	1119	19.3450
ERR13927574.19338	1569	20.0962
ERR13927574.19339	1587	18.0000
ERR13927574.19340	1572	14.9726
ERR13927574.19341	1626	20.5670
ERR13927574.19342	1563	20.3576
ERR13927574.19343	1599	14.7792
ERR13927574.19344	1564	16.9994
ERR13927574.19345	1578	18.0824
ERR13927574.19346	1610	20.9043
ERR13927574.19347	1657	18.5383
ERR13927574.19348	1601	17.4035
ERR13927574.19349	877	15.7594
ERR13927574.19350	1569	21.8050
ERR13927574.19351	1595	14.5774
ERR13927574.19352	1554	15.7671
ERR13927574.19353	1733	21.0802
ERR13927574.19354	1581	18.7691
ERR13927574.19355	1578	18.0247
ERR13927574.19356	1587	19.9981
ERR13927574.19357	1587	19.1071
ERR13927574.19358	1621	19.2060
ERR13927574.19359	1591	18.2118
ERR13927574.19360	1581	13.9810
ERR13927574.19361	1560	16.4994
ERR13927574.19362	1578	18.6001
ERR13927574.19363	1590	15.1931
ERR13927574.19364	469	17.4478
ERR13927574.19365	1581	19.6059
ERR13927574.19366	1567	16.4340
ERR13927574.19367	1563	18.3992
ERR13927574.19368	1557	16.2781
ERR13927574.19369	1545	14.7178
ERR13927574.19370	1614	19.3222
ERR13927574.19371	1573	16.2854
ERR13927574.19372	1578	16.5805
ERR13927574.19373	1605	17.9614
ERR13927574.19374	1645	15.1702
ERR13927574.19375	1576	19.1364
ERR13927574.19376	1610	14.6472
ERR13927574.19377	1611	22.0267
ERR13927574.19378	1602	19.2378
ERR13927574.19379	1570	16.8070
ERR13927574.19380	1563	19.9469
ERR13927574.19381	1617	19.9746
ERR13927574.19382	1594	19.1136
ERR13927574.19383	1572	15.6107
ERR13927574.19384	1568	20.1333
ERR13927574.19385	1621	20.4078
ERR13927574.19386	1624	20.2383
ERR13927574.19387	1611	18.4302
ERR13927574.19388	1607	19.2209
ERR13927574.19389	1571	18.3113
ERR13927574.19390	1575	19.3016
ERR13927574.19391	1534	18.9394
ERR13927574.19392	1635	15.8092
ERR13927574.19393	1570	19.5529
ERR13927574.19394	1600	19.9088
ERR13927574.19395	1586	19.9061
ERR13927574.19396	1618	17.3894
ERR13927574.19397	1557	13.8722
ERR13927574.19398	1576	15.5362
ERR13927574.19399	1766	18.1484
ERR13927574.19400	1595	15.8326
ERR13927574.19401	1579	20.0912
ERR13927574.19402	1545	18.2524
ERR13927574.19403	1616	19.5130
ERR13927574.19404	1572	19.1743
ERR13927574.19405	1601	19.3679
ERR13927574.19406	1550	18.1110
ERR13927574.19407	1567	19.6126
ERR13927574.19408	1594	19.7911
ERR13927574.19409	1595	18.3774
ERR13927574.19410	1594	16.4147
ERR13927574.19411	1569	18.5825
ERR13927574.19412	1554	19.5180
ERR13927574.19413	1574	19.0426
ERR13927574.19414	1566	17.0798
ERR13927574.19415	1552	19.9034
ERR13927574.19416	1582	18.2617
ERR13927574.19417	1594	17.4417
ERR13927574.19418	1585	21.3407
ERR13927574.19419	1568	17.7423
ERR13927574.19420	1575	15.9956
ERR13927574.19421	1571	17.7849
ERR13927574.19422	1572	16.4351
ERR13927574.19423	1615	16.0031
ERR13927574.19424	1596	18.8315
ERR13927574.19425	1640	17.8512
ERR13927574.19426	1608	18.6126
ERR13927574.19427	1564	16.1861
ERR13927574.19428	1579	18.3635
ERR13927574.19429	1605	17.7302
ERR13927574.19430	1590	18.0013
ERR13927574.19431	1579	19.1013
ERR13927574.19432	1628	17.7144
ERR13927574.19433	1567	18.3229
ERR13927574.19434	1559	19.6453
ERR13927574.19435	1586	15.7144
ERR13927574.19436	1586	16.7610
ERR13927574.19437	1589	20.6860
ERR13927574.19438	1389	18.6911
ERR13927574.19439	1583	17.8838
ERR13927574.19440	1608	19.4745
ERR13927574.19441	1569	20.0848
ERR13927574.19442	1563	17.8906
ERR13927574.19443	1598	18.7716
ERR13927574.19444	1625	20.7397
ERR13927574.19445	1703	19.1280
ERR13927574.19446	1576	14.4423
ERR13927574.19447	1544	16.2863
ERR13927574.19448	1562	18.9321
ERR13927574.19449	1584	17.9255
ERR13927574.19450	1556	20.0578
ERR13927574.19451	1622	20.9655
ERR13927574.19452	1606	18.4726
ERR13927574.19453	1590	19.8969
ERR13927574.19454	1589	18.8263
ERR13927574.19455	556	17.5683
ERR13927574.19456	1605	18.8860
ERR13927574.19457	1561	19.9001
ERR13927574.19458	1577	20.1490
ERR13927574.19459	1619	18.8085
ERR13927574.19460	1609	18.7265
ERR13927574.19461	1576	18.1612
ERR13927574.19462	1600	17.6619
ERR13927574.19463	1543	17.8432
ERR13927574.19464	1600	19.7856
ERR13927574.19465	1582	21.1719
ERR13927574.19466	1578	19.6819
ERR13927574.19467	1760	18.1091
ERR13927574.19468	1552	16.9813
ERR13927574.19469	1564	20.2500
ERR13927574.19470	1626	18.7522
ERR13927574.19471	1567	15.7135
ERR13927574.19472	1629	19.5543
ERR13927574.19473	1567	16.4263
ERR13927574.19474	1547	15.6471
ERR13927574.19475	1617	18.7953
ERR13927574.19476	494	16.5304
ERR13927574.19477	1567	20.1168
ERR13927574.19478	1616	15.0965
ERR13927574.19479	1597	19.8240
ERR13927574.19480	1567	16.8034
ERR13927574.19481	1541	16.2855
ERR13927574.19482	1572	15.7583
ERR13927574.19483	1573	19.8678
ERR13927574.19484	1609	19.6047
ERR13927574.19485	1560	16.6423
ERR13927574.19486	1601	18.9407
ERR13927574.19487	1575	18.6825
ERR13927574.19488	1620	18.3198
ERR13927574.19489	1579	19.7682
ERR13927574.19490	1566	20.5153
ERR13927574.19491	1582	18.6207
ERR13927574.19492	1567	19.1768
ERR13927574.19493	1544	18.6289
ERR13927574.19494	1582	19.8110
ERR13927574.19495	1606	16.2765
ERR13927574.19496	1565	19.3457
ERR13927574.19497	1553	20.7373
ERR13927574.19498	1639	16.7248
ERR13927574.19499	1559	18.4727
ERR13927574.19500	1706	17.4314
ERR13927574.19501	1597	19.1747
ERR13927574.19502	1567	17.7920
ERR13927574.19503	1614	17.2577
ERR13927574.19504	1636	19.7500
ERR13927574.19505	1545	15.3728
ERR13927574.19506	1605	19.8193
ERR13927574.19507	1583	18.3228
ERR13927574.19508	1571	17.9784
ERR13927574.19509	1574	18.1220
ERR13927574.19510	1574	19.2706
ERR13927574.19511	1571	18.6773
ERR13927574.19512	1624	16.2001
ERR13927574.19513	1574	20.0540
ERR13927574.19514	1582	15.9728
ERR13927574.19515	1598	16.7872
ERR13927574.19516	1570	19.3369
ERR13927574.19517	1567	17.9892
ERR13927574.19518	1617	15.7242
ERR13927574.19519	1575	18.6902
ERR13927574.19520	1587	17.4373
ERR13927574.19521	1584	20.1995
ERR13927574.19522	1554	14.8398
ERR13927574.19523	1567	18.8341
ERR13927574.19524	1564	15.7052
ERR13927574.19525	1568	18.2430
ERR13927574.19526	1597	14.7539
ERR13927574.19527	1618	20.8857
ERR13927574.19528	1563	14.0595
ERR13927574.19529	1638	17.4261
ERR13927574.19530	1619	18.9728
ERR13927574.19531	1586	15.0870
ERR13927574.19532	1581	18.3738
ERR13927574.19533	1574	17.9612
ERR13927574.19534	1567	17.4269
ERR13927574.19535	1589	14.9748
ERR13927574.19536	1578	17.4601
ERR13927574.19537	1622	18.8545
ERR13927574.19538	1552	21.2577
ERR13927574.19539	1575	16.2025
ERR13927574.19540	1568	16.4209
ERR13927574.19541	1576	14.9683
ERR13927574.19542	1615	15.0743
ERR13927574.19543	1606	20.0697
ERR13927574.19544	1588	17.1883
ERR13927574.19545	1599	20.5729
ERR13927574.19546	1600	20.2706
ERR13927574.19547	1632	18.7243
ERR13927574.19548	1581	18.5750
ERR13927574.19549	1597	19.8967
ERR13927574.19550	1595	19.9931
ERR13927574.19551	1572	17.8842
ERR13927574.19552	1628	18.1050
ERR13927574.19553	1539	16.5023
ERR13927574.19554	1584	18.5259
ERR13927574.19555	1530	19.6235
ERR13927574.19556	1577	18.1262
ERR13927574.19557	1619	17.4737
ERR13927574.19558	1557	14.4920
ERR13927574.19559	1592	16.7356
ERR13927574.19560	1559	19.8531
ERR13927574.19561	1666	19.3049
ERR13927574.19562	1587	17.5331
ERR13927574.19563	1581	16.6673
ERR13927574.19564	1578	18.7161
ERR13927574.19565	1626	20.4422
ERR13927574.19566	1563	15.8234
ERR13927574.19567	1606	19.4408
ERR13927574.19568	1607	16.2408
ERR13927574.19569	190	15.0789
ERR13927574.19570	1569	17.5118
ERR13927574.19571	1551	15.1051
ERR13927574.19572	1657	20.2903
ERR13927574.19573	1558	16.3588
ERR13927574.19574	1600	19.9556
ERR13927574.19575	1563	15.6878
ERR13927574.19576	1617	15.4638
ERR13927574.19577	1615	20.7802
ERR13927574.19578	1591	21.3306
ERR13927574.19579	1594	20.2961
ERR13927574.19580	1632	14.8021
ERR13927574.19581	1582	20.0398
ERR13927574.19582	1586	20.7232
ERR13927574.19583	697	21.4390
ERR13927574.19584	974	19.4517
ERR13927574.19585	1589	16.4185
ERR13927574.19586	1607	17.5812
ERR13927574.19587	1617	20.0860
ERR13927574.19588	1568	19.6352
ERR13927574.19589	1819	18.3507
ERR13927574.19590	1616	18.7283
ERR13927574.19591	1559	15.9211
ERR13927574.19592	1600	17.8100
ERR13927574.19593	1564	17.8830
ERR13927574.19594	1582	16.8641
ERR13927574.19595	1584	22.5126
ERR13927574.19596	1533	18.3379
ERR13927574.19597	1242	15.7899
ERR13927574.19598	1570	17.2968
ERR13927574.19599	1590	19.2906
ERR13927574.19600	1609	20.0528
ERR13927574.19601	1578	17.3511
ERR13927574.19602	1621	17.4343
ERR13927574.19603	1602	15.6798
ERR13927574.19604	1576	20.8896
ERR13927574.19605	1602	16.4975
ERR13927574.19606	1612	17.7060
ERR13927574.19607	732	19.1735
ERR13927574.19608	267	13.2697
ERR13927574.19609	1618	21.4017
ERR13927574.19610	1579	19.3762
ERR13927574.19611	1618	20.6514
ERR13927574.19612	1569	16.8802
ERR13927574.19613	1622	19.2744
ERR13927574.19614	1604	18.1035
ERR13927574.19615	220	15.3818
ERR13927574.19616	1583	16.8629
ERR13927574.19617	1603	19.7461
ERR13927574.19618	1594	20.4021
ERR13927574.19619	1564	15.8012
ERR13927574.19620	1580	18.7481
ERR13927574.19621	1614	20.4690
ERR13927574.19622	1565	19.5176
ERR13927574.19623	1625	20.8289
ERR13927574.19624	1614	17.0520
ERR13927574.19625	1580	18.1203
ERR13927574.19626	1613	18.5133
ERR13927574.19627	1577	18.9880
ERR13927574.19628	1637	19.1930
ERR13927574.19629	1602	18.7778
ERR13927574.19630	1561	15.3056
ERR13927574.19631	1592	17.6696
ERR13927574.19632	1536	16.0853
ERR13927574.19633	1564	15.8165
ERR13927574.19634	1524	19.1175
ERR13927574.19635	1568	20.6122
ERR13927574.19636	1582	17.5297
ERR13927574.19637	1601	18.7208
ERR13927574.19638	1558	21.1540
ERR13927574.19639	1604	18.8716
ERR13927574.19640	1557	16.3886
ERR13927574.19641	1544	17.0376
ERR13927574.19642	723	17.7552
ERR13927574.19643	1560	17.3622
ERR13927574.19644	1569	16.1415
ERR13927574.19645	1582	17.4836
ERR13927574.19646	1617	17.9542
ERR13927574.19647	1588	17.2374
ERR13927574.19648	1578	19.0716
ERR13927574.19649	1593	19.6051
ERR13927574.19650	1561	21.1493
ERR13927574.19651	1590	19.5730
ERR13927574.19652	1582	18.4418
ERR13927574.19653	1619	17.7993
ERR13927574.19654	1588	18.3438
ERR13927574.19655	1609	16.5898
ERR13927574.19656	1561	20.2684
ERR13927574.19657	1573	17.3318
ERR13927574.19658	1561	17.9763
ERR13927574.19659	1617	15.1373
ERR13927574.19660	1583	19.4365
ERR13927574.19661	1623	20.8423
ERR13927574.19662	1583	20.4106
ERR13927574.19663	1586	19.4357
ERR13927574.19664	1590	19.3585
ERR13927574.19665	1614	20.9418
ERR13927574.19666	1587	17.0769
ERR13927574.19667	1582	16.7870
ERR13927574.19668	1587	16.0208
ERR13927574.19669	1583	22.1605
ERR13927574.19670	1567	15.0638
ERR13927574.19671	1565	16.1642
ERR13927574.19672	1569	20.8853
ERR13927574.19673	1615	19.0607
ERR13927574.19674	1593	17.4495
ERR13927574.19675	1706	18.6061
ERR13927574.19676	1629	19.3076
ERR13927574.19677	1577	21.3253
ERR13927574.19678	1602	19.6380
ERR13927574.19679	1559	19.6440
ERR13927574.19680	1555	20.1479
ERR13927574.19681	1611	19.5152
ERR13927574.19682	1579	21.2413
ERR13927574.19683	470	16.0702
ERR13927574.19684	1620	18.1932
ERR13927574.19685	1581	18.5927
ERR13927574.19686	1344	15.9628
ERR13927574.19687	1575	20.4705
ERR13927574.19688	1596	15.0182
ERR13927574.19689	1553	21.5744
ERR13927574.19690	1527	15.8173
ERR13927574.19691	1572	20.9612
ERR13927574.19692	1589	21.0497
ERR13927574.19693	1608	20.6082
ERR13927574.19694	1606	22.0560
ERR13927574.19695	1563	20.0205
ERR13927574.19696	1597	17.0257
ERR13927574.19697	1590	18.8421
ERR13927574.19698	1578	16.9202
ERR13927574.19699	1604	21.6153
ERR13927574.19700	1542	19.9565
ERR13927574.19701	1094	18.0530
ERR13927574.19702	1578	19.8188
ERR13927574.19703	1553	17.0142
ERR13927574.19704	1594	20.5903
ERR13927574.19705	1681	18.7002
ERR13927574.19706	1613	18.2982
ERR13927574.19707	1587	19.3737
ERR13927574.19708	1579	19.3344
ERR13927574.19709	1601	21.0725
ERR13927574.19710	1591	19.8341
ERR13927574.19711	1579	18.5092
ERR13927574.19712	1554	17.3990
ERR13927574.19713	1562	15.8028
ERR13927574.19714	1587	15.1821
ERR13927574.19715	1577	21.8326
ERR13927574.19716	1579	20.1590
ERR13927574.19717	1631	20.3470
ERR13927574.19718	1562	14.4296
ERR13927574.19719	1561	16.4670
ERR13927574.19720	1584	16.8699
ERR13927574.19721	1590	19.4648
ERR13927574.19722	1582	17.6681
ERR13927574.19723	1613	18.6652
ERR13927574.19724	1584	18.2235
ERR13927574.19725	1565	16.4204
ERR13927574.19726	1580	18.3437
ERR13927574.19727	1297	19.6870
ERR13927574.19728	1588	19.5945
ERR13927574.19729	1573	19.2130
ERR13927574.19730	1572	20.4707
ERR13927574.19731	1549	20.0671
ERR13927574.19732	1571	15.6092
ERR13927574.19733	1568	22.4611
ERR13927574.19734	1602	21.0986
ERR13927574.19735	1570	16.7930
ERR13927574.19736	1554	20.3745
ERR13927574.19737	1568	17.1964
ERR13927574.19738	1586	16.0870
ERR13927574.19739	1559	20.1507
ERR13927574.19740	1594	19.6161
ERR13927574.19741	1547	19.3510
ERR13927574.19742	1565	20.5955
ERR13927574.19743	1611	17.6108
ERR13927574.19744	1559	22.1674
ERR13927574.19745	1589	18.0560
ERR13927574.19746	1643	19.3360
ERR13927574.19747	1590	18.4830
ERR13927574.19748	1575	20.8317
ERR13927574.19749	1578	22.0152
ERR13927574.19750	1538	17.9649
ERR13927574.19751	1565	18.5220
ERR13927574.19752	1569	18.7291
ERR13927574.19753	1601	19.4397
ERR13927574.19754	1652	16.2421
ERR13927574.19755	1538	17.5325
ERR13927574.19756	1551	16.6976
ERR13927574.19757	1568	16.4165
ERR13927574.19758	1573	15.1144
ERR13927574.19759	1581	19.7198
ERR13927574.19760	1581	16.7185
ERR13927574.19761	1607	20.8276
ERR13927574.19762	1565	20.4045
ERR13927574.19763	1611	20.8281
ERR13927574.19764	1542	18.5525
ERR13927574.19765	1542	17.7114
ERR13927574.19766	1600	19.5275
ERR13927574.19767	1568	17.7474
ERR13927574.19768	1601	17.0618
ERR13927574.19769	1610	15.7199
ERR13927574.19770	1604	19.9738
ERR13927574.19771	1559	19.7486
ERR13927574.19772	1633	16.8334
ERR13927574.19773	1620	20.5735
ERR13927574.19774	1589	15.4368
ERR13927574.19775	1590	17.7314
ERR13927574.19776	1635	18.8722
ERR13927574.19777	1529	20.1203
ERR13927574.19778	1569	19.8623
ERR13927574.19779	1601	16.2936
ERR13927574.19780	1572	15.0992
ERR13927574.19781	1591	18.0666
ERR13927574.19782	1622	20.6498
ERR13927574.19783	1617	19.5547
ERR13927574.19784	1526	16.0629
ERR13927574.19785	1588	16.0220
ERR13927574.19786	1577	20.1218
ERR13927574.19787	1634	17.5863
ERR13927574.19788	1590	18.1862
ERR13927574.19789	1592	17.5371
ERR13927574.19790	1636	17.6870
ERR13927574.19791	1558	16.0526
ERR13927574.19792	1578	22.2731
ERR13927574.19793	203	16.0345
ERR13927574.19794	989	20.2164
ERR13927574.19795	1572	18.5891
ERR13927574.19796	1559	17.5632
ERR13927574.19797	1577	17.1820
ERR13927574.19798	1460	14.3651
ERR13927574.19799	1625	20.9108
ERR13927574.19800	1572	21.8187
ERR13927574.19801	1564	16.7295
ERR13927574.19802	1631	17.9221
ERR13927574.19803	1600	21.5575
ERR13927574.19804	1535	14.7433
ERR13927574.19805	1607	18.1848
ERR13927574.19806	1601	17.4853
ERR13927574.19807	1575	18.6457
ERR13927574.19808	1556	16.2243
ERR13927574.19809	1570	17.3255
ERR13927574.19810	1591	22.0107
ERR13927574.19811	1511	15.6909
ERR13927574.19812	1571	19.5239
ERR13927574.19813	1608	16.3632
ERR13927574.19814	1611	18.4072
ERR13927574.19815	1580	17.1063
ERR13927574.19816	1584	17.9640
ERR13927574.19817	1588	21.2941
ERR13927574.19818	1560	19.5154
ERR13927574.19819	1535	20.4189
ERR13927574.19820	1592	21.4353
ERR13927574.19821	1571	18.2432
ERR13927574.19822	1560	16.3423
ERR13927574.19823	1579	17.7391
ERR13927574.19824	1604	19.9489
ERR13927574.19825	1559	18.3496
ERR13927574.19826	1549	17.3686
ERR13927574.19827	1589	17.1850
ERR13927574.19828	1600	19.6713
ERR13927574.19829	1565	17.8313
ERR13927574.19830	1584	20.3371
ERR13927574.19831	1608	18.1922
ERR13927574.19832	1615	18.1628
ERR13927574.19833	1558	16.9641
ERR13927574.19834	1612	18.6365
ERR13927574.19835	1567	18.2451
ERR13927574.19836	1596	16.5570
ERR13927574.19837	1559	17.1206
ERR13927574.19838	1578	15.8105
ERR13927574.19839	1589	20.9163
ERR13927574.19840	1818	17.5572
ERR13927574.19841	1610	14.2758
ERR13927574.19842	1613	20.3112
ERR13927574.19843	1554	19.7696
ERR13927574.19844	1588	17.4477
ERR13927574.19845	1565	20.8147
ERR13927574.19846	1553	17.0032
ERR13927574.19847	1548	16.0859
ERR13927574.19848	1602	16.6049
ERR13927574.19849	1622	19.0814
ERR13927574.19850	1562	17.0755
ERR13927574.19851	1581	16.9096
ERR13927574.19852	1611	20.8442
ERR13927574.19853	1550	19.5568
ERR13927574.19854	1596	17.9574
ERR13927574.19855	1593	16.5662
ERR13927574.19856	1507	18.1699
ERR13927574.19857	1596	14.6598
ERR13927574.19858	1538	19.6645
ERR13927574.19859	1549	16.8334
ERR13927574.19860	1615	19.6229
ERR13927574.19861	1588	21.1486
ERR13927574.19862	1562	16.7023
ERR13927574.19863	1564	21.1228
ERR13927574.19864	1588	18.2160
ERR13927574.19865	1592	19.6062
ERR13927574.19866	1571	17.8141
ERR13927574.19867	1579	20.6992
ERR13927574.19868	1576	19.9372
ERR13927574.19869	1581	20.0626
ERR13927574.19870	1588	19.3589
ERR13927574.19871	1621	15.5632
ERR13927574.19872	1593	20.2825
ERR13927574.19873	1556	20.9428
ERR13927574.19874	1555	18.2778
ERR13927574.19875	1583	20.6980
ERR13927574.19876	1607	19.6702
ERR13927574.19877	1594	19.3394
ERR13927574.19878	1541	20.9474
ERR13927574.19879	1601	15.1980
ERR13927574.19880	1285	18.5844
ERR13927574.19881	1592	21.0697
ERR13927574.19882	1624	21.1219
ERR13927574.19883	1581	16.8102
ERR13927574.19884	1581	22.2328
ERR13927574.19885	1551	17.3088
ERR13927574.19886	1579	20.4066
ERR13927574.19887	1619	19.0661
ERR13927574.19888	1537	16.3129
ERR13927574.19889	1557	19.0784
ERR13927574.19890	1612	20.6377
ERR13927574.19891	1573	19.1564
ERR13927574.19892	1537	16.8933
ERR13927574.19893	1595	18.8533
ERR13927574.19894	1574	18.5000
ERR13927574.19895	1592	19.6602
ERR13927574.19896	1603	20.7629
ERR13927574.19897	1610	15.5161
ERR13927574.19898	1579	19.9481
ERR13927574.19899	1598	17.8135
ERR13927574.19900	1570	18.1083
ERR13927574.19901	1608	18.0410
ERR13927574.19902	1617	16.4063
ERR13927574.19903	1583	18.6766
ERR13927574.19904	1568	17.1448
ERR13927574.19905	1588	22.7607
ERR13927574.19906	1579	19.6567
ERR13927574.19907	1588	15.6190
ERR13927574.19908	1527	17.8310
ERR13927574.19909	1577	22.9626
ERR13927574.19910	1572	18.6361
ERR13927574.19911	1553	20.7952
ERR13927574.19912	1589	18.1045
ERR13927574.19913	847	14.8335
ERR13927574.19914	1613	18.3379
ERR13927574.19915	1597	17.9105
ERR13927574.19916	1588	22.7072
ERR13927574.19917	1573	19.8735
ERR13927574.19918	1683	20.4801
ERR13927574.19919	1606	19.3288
ERR13927574.19920	1613	15.8816
ERR13927574.19921	1604	17.1708
ERR13927574.19922	1593	20.8387
ERR13927574.19923	1606	18.3524
ERR13927574.19924	1579	18.2476
ERR13927574.19925	1575	20.1683
ERR13927574.19926	1593	19.0697
ERR13927574.19927	1558	21.3216
ERR13927574.19928	1607	17.5140
ERR13927574.19929	1601	14.0500
ERR13927574.19930	1590	15.5535
ERR13927574.19931	1595	18.8934
ERR13927574.19932	1565	17.5738
ERR13927574.19933	1567	18.3089
ERR13927574.19934	1581	21.3308
ERR13927574.19935	1565	16.7042
ERR13927574.19936	1589	20.6356
ERR13927574.19937	1575	19.3111
ERR13927574.19938	1564	21.5045
ERR13927574.19939	1616	17.7364
ERR13927574.19940	1263	15.7300
ERR13927574.19941	1580	21.3994
ERR13927574.19942	1599	18.8649
ERR13927574.19943	1573	20.9460
ERR13927574.19944	1598	16.5832
ERR13927574.19945	1579	17.1729
ERR13927574.19946	1580	17.5019
ERR13927574.19947	1604	16.3105
ERR13927574.19948	1562	20.4302
ERR13927574.19949	1596	15.7187
ERR13927574.19950	1563	16.4363
ERR13927574.19951	1562	17.2804
ERR13927574.19952	1592	17.3750
ERR13927574.19953	1587	21.2268
ERR13927574.19954	1626	21.0867
ERR13927574.19955	1567	20.9279
ERR13927574.19956	1617	20.9301
ERR13927574.19957	1543	15.7797
ERR13927574.19958	1573	17.5238
ERR13927574.19959	1541	16.2206
ERR13927574.19960	1607	21.0205
ERR13927574.19961	1578	19.6014
ERR13927574.19962	1532	17.9347
ERR13927574.19963	1583	20.7997
ERR13927574.19964	1591	19.9642
ERR13927574.19965	1578	16.0811
ERR13927574.19966	1440	17.0028
ERR13927574.19967	1581	18.2239
ERR13927574.19968	1521	19.3748
ERR13927574.19969	1536	16.7930
ERR13927574.19970	1599	19.2064
ERR13927574.19971	1584	21.1458
ERR13927574.19972	1624	21.0751
ERR13927574.19973	1579	18.3274
ERR13927574.19974	1605	19.0050
ERR13927574.19975	1548	20.6421
ERR13927574.19976	914	16.0700
ERR13927574.19977	1612	20.2829
ERR13927574.19978	1558	20.5039
ERR13927574.19979	1593	18.6045
ERR13927574.19980	1557	18.1098
ERR13927574.19981	1627	19.3423
ERR13927574.19982	1569	19.6367
ERR13927574.19983	1614	20.3693
ERR13927574.19984	1618	17.9203
ERR13927574.19985	1562	21.7548
ERR13927574.19986	1611	20.0428
ERR13927574.19987	1597	21.7420
ERR13927574.19988	1614	22.1400
ERR13927574.19989	1576	20.0552
ERR13927574.19990	1556	18.2751
ERR13927574.19991	1595	20.6671
ERR13927574.19992	1632	21.0766
ERR13927574.19993	1579	20.3293
ERR13927574.19994	1571	16.2164
ERR13927574.19995	1610	17.6267
ERR13927574.19996	1598	17.0269
ERR13927574.19997	1607	13.7330
ERR13927574.19998	1573	18.4113
ERR13927574.19999	1615	19.5356
ERR13927574.20000	1618	21.0402
ERR13927574.20001	1626	19.2442
ERR13927574.20002	1568	18.7857
ERR13927574.20003	1586	15.9161
ERR13927574.20004	1567	18.5016
ERR13927574.20005	1557	20.3500
ERR13927574.20006	1517	18.2070
ERR13927574.20007	1597	18.1678
ERR13927574.20008	1547	18.0918
ERR13927574.20009	1588	18.3627
ERR13927574.20010	1619	19.9327
ERR13927574.20011	1594	19.3507
ERR13927574.20012	1586	20.3638
ERR13927574.20013	1578	20.6096
ERR13927574.20014	1556	18.5379
ERR13927574.20015	1601	20.0362
ERR13927574.20016	1576	21.9841
ERR13927574.20017	1560	20.1769
ERR13927574.20018	1563	20.2924
ERR13927574.20019	1593	19.7031
ERR13927574.20020	730	18.2534
ERR13927574.20021	1575	18.3727
ERR13927574.20022	1650	17.6739
ERR13927574.20023	1613	17.5456
ERR13927574.20024	1599	19.6854
ERR13927574.20025	1576	16.2855
ERR13927574.20026	1617	22.7557
ERR13927574.20027	1563	19.3916
ERR13927574.20028	1596	15.3622
ERR13927574.20029	1567	19.5992
ERR13927574.20030	1542	16.5409
ERR13927574.20031	1568	21.9853
ERR13927574.20032	1562	18.0090
ERR13927574.20033	1578	19.2167
ERR13927574.20034	486	15.3128
ERR13927574.20035	1571	15.3469
ERR13927574.20036	1633	19.0704
ERR13927574.20037	1701	19.0206
ERR13927574.20038	1595	18.6000
ERR13927574.20039	1599	16.1113
ERR13927574.20040	1593	17.2448
ERR13927574.20041	304	13.5625
ERR13927574.20042	1603	19.6656
ERR13927574.20043	1559	19.0051
ERR13927574.20044	1553	17.5048
ERR13927574.20045	1564	20.3536
ERR13927574.20046	1600	19.7469
ERR13927574.20047	1606	20.2883
ERR13927574.20048	1556	18.9794
ERR13927574.20049	1570	19.0688
ERR13927574.20050	1576	17.8687
ERR13927574.20051	1572	18.0636
ERR13927574.20052	1535	16.0612
ERR13927574.20053	1565	21.1585
ERR13927574.20054	1507	16.9681
ERR13927574.20055	1551	17.2302
ERR13927574.20056	1563	20.9136
ERR13927574.20057	1571	18.8708
ERR13927574.20058	1575	20.4311
ERR13927574.20059	1571	18.0662
ERR13927574.20060	1611	15.7939
ERR13927574.20061	1589	16.1278
ERR13927574.20062	1572	16.4383
ERR13927574.20063	1581	19.0487
ERR13927574.20064	1581	18.9602
ERR13927574.20065	1553	15.6652
ERR13927574.20066	1590	19.5824
ERR13927574.20067	1565	18.8696
ERR13927574.20068	1568	17.5364
ERR13927574.20069	1563	19.5829
ERR13927574.20070	1581	18.4516
ERR13927574.20071	1546	17.9871
ERR13927574.20072	1589	19.8320
ERR13927574.20073	1557	20.4978
ERR13927574.20074	1548	20.7345
ERR13927574.20075	1608	18.1070
ERR13927574.20076	1610	19.9311
ERR13927574.20077	1586	17.3827
ERR13927574.20078	1567	14.7505
ERR13927574.20079	1618	19.8356
ERR13927574.20080	1540	20.5351
ERR13927574.20081	1596	19.4424
ERR13927574.20082	1576	19.1643
ERR13927574.20083	1582	19.0177
ERR13927574.20084	1571	16.4895
ERR13927574.20085	1561	20.0064
ERR13927574.20086	1610	20.3441
ERR13927574.20087	1580	20.6892
ERR13927574.20088	1558	16.5635
ERR13927574.20089	1732	17.7044
ERR13927574.20090	1626	20.2116
ERR13927574.20091	1590	18.1874
ERR13927574.20092	1603	18.4304
ERR13927574.20093	1556	18.8335
ERR13927574.20094	1604	20.8416
ERR13927574.20095	1612	16.9547
ERR13927574.20096	1613	17.3974
ERR13927574.20097	1563	17.1990
ERR13927574.20098	1582	19.8085
ERR13927574.20099	1586	14.6381
ERR13927574.20100	1608	18.9285
ERR13927574.20101	1541	14.2829
ERR13927574.20102	1523	16.0473
ERR13927574.20103	1603	18.0755
ERR13927574.20104	1573	17.5804
ERR13927574.20105	1600	18.0569
ERR13927574.20106	1569	19.4927
ERR13927574.20107	1575	18.8870
ERR13927574.20108	1568	16.3973
ERR13927574.20109	255	16.4471
ERR13927574.20110	1582	18.0992
ERR13927574.20111	1604	19.0966
ERR13927574.20112	1590	17.9308
ERR13927574.20113	1599	18.6654
ERR13927574.20114	1631	20.7045
ERR13927574.20115	1585	20.2839
ERR13927574.20116	1569	21.3002
ERR13927574.20117	1608	21.3862
ERR13927574.20118	1569	16.5182
ERR13927574.20119	1519	18.0783
ERR13927574.20120	1635	18.3823
ERR13927574.20121	1559	17.5516
ERR13927574.20122	1566	17.7133
ERR13927574.20123	1559	15.7729
ERR13927574.20124	1588	18.1681
ERR13927574.20125	1565	18.4077
ERR13927574.20126	1665	16.8583
ERR13927574.20127	1578	19.0653
ERR13927574.20128	1571	17.9179
ERR13927574.20129	1549	16.6972
ERR13927574.20130	1571	16.5283
ERR13927574.20131	1567	15.8564
ERR13927574.20132	1573	17.7839
ERR13927574.20133	1560	15.7038
ERR13927574.20134	1556	19.9492
ERR13927574.20135	1571	14.9134
ERR13927574.20136	1532	17.1110
ERR13927574.20137	1594	18.6675
ERR13927574.20138	1589	19.9729
ERR13927574.20139	1537	16.6695
ERR13927574.20140	1570	21.0758
ERR13927574.20141	1597	20.5585
ERR13927574.20142	1591	19.8297
ERR13927574.20143	1565	19.4479
ERR13927574.20144	1574	17.6169
ERR13927574.20145	1565	15.8230
ERR13927574.20146	1569	19.5054
ERR13927574.20147	1613	18.6206
ERR13927574.20148	1610	21.1565
ERR13927574.20149	1598	16.7196
ERR13927574.20150	1594	15.4573
ERR13927574.20151	1557	15.0083
ERR13927574.20152	1606	21.7727
ERR13927574.20153	1567	15.0204
ERR13927574.20154	1592	17.7670
ERR13927574.20155	1560	18.3571
ERR13927574.20156	1588	17.4225
ERR13927574.20157	1589	19.8930
ERR13927574.20158	1568	19.3068
ERR13927574.20159	1593	17.7979
ERR13927574.20160	1582	20.3293
ERR13927574.20161	1621	17.5688
ERR13927574.20162	1601	20.1999
ERR13927574.20163	1564	14.2973
ERR13927574.20164	1583	16.6172
ERR13927574.20165	1306	20.0092
ERR13927574.20166	1578	19.0165
ERR13927574.20167	1595	17.6834
ERR13927574.20168	1576	18.9321
ERR13927574.20169	1625	18.7686
ERR13927574.20170	1526	18.9908
ERR13927574.20171	1559	18.2470
ERR13927574.20172	1564	20.8868
ERR13927574.20173	1595	18.2006
ERR13927574.20174	1594	21.8984
ERR13927574.20175	1563	17.2495
ERR13927574.20176	1593	19.0515
ERR13927574.20177	1549	21.8612
ERR13927574.20178	1563	21.2527
ERR13927574.20179	1564	15.9188
ERR13927574.20180	1615	18.9406
ERR13927574.20181	1589	18.1536
ERR13927574.20182	1533	18.1566
ERR13927574.20183	1584	21.6143
ERR13927574.20184	1632	18.2194
ERR13927574.20185	1595	20.8157
ERR13927574.20186	1600	17.6706
ERR13927574.20187	1611	19.3507
ERR13927574.20188	1569	18.0166
ERR13927574.20189	1615	14.8638
ERR13927574.20190	1588	17.8419
ERR13927574.20191	1552	16.2784
ERR13927574.20192	1582	19.3388
ERR13927574.20193	1589	18.6218
ERR13927574.20194	1633	18.0459
ERR13927574.20195	1600	15.3406
ERR13927574.20196	1563	18.2322
ERR13927574.20197	1588	14.8004
ERR13927574.20198	238	16.0084
ERR13927574.20199	1583	18.2009
ERR13927574.20200	1595	19.3768
ERR13927574.20201	1565	17.8070
ERR13927574.20202	1591	20.8127
ERR13927574.20203	1595	19.6897
ERR13927574.20204	1655	19.5511
ERR13927574.20205	1605	19.9969
ERR13927574.20206	1632	17.4510
ERR13927574.20207	1605	19.0586
ERR13927574.20208	1543	16.4673
ERR13927574.20209	1533	17.3907
ERR13927574.20210	1555	18.3704
ERR13927574.20211	1631	18.5727
ERR13927574.20212	1571	16.9924
ERR13927574.20213	1574	19.1042
ERR13927574.20214	1605	15.9626
ERR13927574.20215	1542	14.4274
ERR13927574.20216	1596	17.8872
ERR13927574.20217	1573	19.7641
ERR13927574.20218	1543	17.9689
ERR13927574.20219	1583	19.1004
ERR13927574.20220	1604	19.4052
ERR13927574.20221	1611	18.7151
ERR13927574.20222	1616	19.7098
ERR13927574.20223	1566	15.3225
ERR13927574.20224	1546	19.4683
ERR13927574.20225	1600	16.6938
ERR13927574.20226	1555	19.2270
ERR13927574.20227	1583	18.4087
ERR13927574.20228	1634	22.2179
ERR13927574.20229	1564	17.2660
ERR13927574.20230	1570	17.0898
ERR13927574.20231	1572	17.9599
ERR13927574.20232	1717	15.3029
ERR13927574.20233	1609	20.9459
ERR13927574.20234	1589	18.3682
ERR13927574.20235	1578	17.8612
ERR13927574.20236	1605	17.5988
ERR13927574.20237	1547	16.2127
ERR13927574.20238	1553	15.7527
ERR13927574.20239	1553	19.1880
ERR13927574.20240	1675	17.7940
ERR13927574.20241	1518	14.6476
ERR13927574.20242	1607	19.6752
ERR13927574.20243	1569	17.8260
ERR13927574.20244	1543	16.2054
ERR13927574.20245	1585	16.2050
ERR13927574.20246	1604	18.5081
ERR13927574.20247	1533	18.1500
ERR13927574.20248	1457	19.1208
ERR13927574.20249	1554	20.0869
ERR13927574.20250	1572	22.3435
ERR13927574.20251	1597	17.1484
ERR13927574.20252	1560	18.5731
ERR13927574.20253	1516	15.9512
ERR13927574.20254	1636	19.6779
ERR13927574.20255	1589	18.6633
ERR13927574.20256	3241	19.0953
ERR13927574.20257	1580	17.5196
ERR13927574.20258	1596	18.1704
ERR13927574.20259	1573	17.5537
ERR13927574.20260	1536	18.7324
ERR13927574.20261	1634	16.2625
ERR13927574.20262	1617	20.3420
ERR13927574.20263	1559	19.3643
ERR13927574.20264	1595	19.5793
ERR13927574.20265	260	15.5000
ERR13927574.20266	1620	16.4204
ERR13927574.20267	1582	17.1549
ERR13927574.20268	1556	17.6575
ERR13927574.20269	1568	17.9815
ERR13927574.20270	1564	21.6720
ERR13927574.20271	1601	19.6309
ERR13927574.20272	1531	20.3743
ERR13927574.20273	1552	20.3776
ERR13927574.20274	1600	19.8275
ERR13927574.20275	1561	17.2582
ERR13927574.20276	1556	19.1266
ERR13927574.20277	1604	18.4002
ERR13927574.20278	1742	17.2951
ERR13927574.20279	1609	19.4034
ERR13927574.20280	1582	20.7585
ERR13927574.20281	1334	14.6477
ERR13927574.20282	1614	15.6227
ERR13927574.20283	1579	20.2229
ERR13927574.20284	1546	20.4644
ERR13927574.20285	1631	19.1907
ERR13927574.20286	1539	16.3340
ERR13927574.20287	1551	19.2115
ERR13927574.20288	1595	20.0953
ERR13927574.20289	1555	21.1814
ERR13927574.20290	1616	20.2500
ERR13927574.20291	1617	15.9511
ERR13927574.20292	1578	17.4461
ERR13927574.20293	1599	20.2195
ERR13927574.20294	1622	17.3977
ERR13927574.20295	1577	20.7153
ERR13927574.20296	1582	19.4785
ERR13927574.20297	1622	22.0450
ERR13927574.20298	1542	16.2704
ERR13927574.20299	1585	18.9748
ERR13927574.20300	1565	19.4767
ERR13927574.20301	1604	18.9906
ERR13927574.20302	1558	18.3280
ERR13927574.20303	1573	17.2797
ERR13927574.20304	1582	18.9671
ERR13927574.20305	1599	20.5153
ERR13927574.20306	1615	17.1121
ERR13927574.20307	1611	20.3855
ERR13927574.20308	1579	17.9354
ERR13927574.20309	1560	19.8000
ERR13927574.20310	1569	20.6348
ERR13927574.20311	1607	16.4418
ERR13927574.20312	1616	19.3911
ERR13927574.20313	1605	19.9221
ERR13927574.20314	1580	20.3709
ERR13927574.20315	1603	19.6076
ERR13927574.20316	1098	19.5546
ERR13927574.20317	990	18.9889
ERR13927574.20318	1587	20.7750
ERR13927574.20319	1571	20.2750
ERR13927574.20320	1598	14.5626
ERR13927574.20321	1561	21.1089
ERR13927574.20322	1583	19.8951
ERR13927574.20323	1600	18.5562
ERR13927574.20324	1456	15.0288
ERR13927574.20325	1506	17.7875
ERR13927574.20326	1575	20.8756
ERR13927574.20327	1592	14.8153
ERR13927574.20328	1563	17.8337
ERR13927574.20329	1573	20.3223
ERR13927574.20330	1605	19.9695
ERR13927574.20331	1587	20.7669
ERR13927574.20332	1576	19.6409
ERR13927574.20333	1580	20.1000
ERR13927574.20334	1594	16.6261
ERR13927574.20335	786	19.5216
ERR13927574.20336	1629	19.4438
ERR13927574.20337	1618	18.7812
ERR13927574.20338	1599	18.4490
ERR13927574.20339	1581	14.4010
ERR13927574.20340	1601	18.5478
ERR13927574.20341	1581	18.9798
ERR13927574.20342	1688	18.9236
ERR13927574.20343	1573	21.6745
ERR13927574.20344	1576	17.8623
ERR13927574.20345	1576	15.2449
ERR13927574.20346	1549	19.7192
ERR13927574.20347	1530	17.0131
ERR13927574.20348	1555	19.1132
ERR13927574.20349	1543	16.4543
ERR13927574.20350	1086	18.4116
ERR13927574.20351	1584	21.5789
ERR13927574.20352	1583	14.9413
ERR13927574.20353	1549	17.3783
ERR13927574.20354	1574	16.6633
ERR13927574.20355	1563	16.5688
ERR13927574.20356	1572	19.8410
ERR13927574.20357	1553	18.3484
ERR13927574.20358	1585	19.0397
ERR13927574.20359	1551	20.7157
ERR13927574.20360	1359	19.8999
ERR13927574.20361	1587	19.5413
ERR13927574.20362	1581	20.8792
ERR13927574.20363	1560	16.1917
ERR13927574.20364	1589	19.8219
ERR13927574.20365	1553	19.5235
ERR13927574.20366	1623	18.3167
ERR13927574.20367	1584	21.4059
ERR13927574.20368	861	12.7515
ERR13927574.20369	1566	16.2957
ERR13927574.20370	1583	20.9482
ERR13927574.20371	1574	20.7586
ERR13927574.20372	1622	16.5832
ERR13927574.20373	1731	17.9613
ERR13927574.20374	1541	16.0902
ERR13927574.20375	1568	16.9885
ERR13927574.20376	1568	20.7698
ERR13927574.20377	1707	17.4259
ERR13927574.20378	1537	16.6604
ERR13927574.20379	1513	18.9081
ERR13927574.20380	1616	18.5179
ERR13927574.20381	1556	19.3085
ERR13927574.20382	1607	18.8699
ERR13927574.20383	1559	15.5394
ERR13927574.20384	1602	20.9039
ERR13927574.20385	1543	18.3785
ERR13927574.20386	1704	17.9249
ERR13927574.20387	1577	19.7305
ERR13927574.20388	1570	17.0223
ERR13927574.20389	1509	15.1564
ERR13927574.20390	1585	17.6549
ERR13927574.20391	1611	19.5754
ERR13927574.20392	1533	17.8715
ERR13927574.20393	1568	21.4088
ERR13927574.20394	1595	19.2182
ERR13927574.20395	1587	20.1040
ERR13927574.20396	1579	18.1197
ERR13927574.20397	1578	22.2161
ERR13927574.20398	1575	18.0857
ERR13927574.20399	1580	18.3494
ERR13927574.20400	1565	20.4358
ERR13927574.20401	1576	16.5121
ERR13927574.20402	1542	16.7853
ERR13927574.20403	1601	17.8264
ERR13927574.20404	1625	17.2578
ERR13927574.20405	1552	18.0966
ERR13927574.20406	1562	18.6601
ERR13927574.20407	1505	16.0173
ERR13927574.20408	1614	19.7292
ERR13927574.20409	1585	19.8562
ERR13927574.20410	1566	17.3103
ERR13927574.20411	1583	20.5919
ERR13927574.20412	1542	21.0888
ERR13927574.20413	1575	18.5524
ERR13927574.20414	1606	19.3450
ERR13927574.20415	1577	19.8694
ERR13927574.20416	1603	16.4074
ERR13927574.20417	1383	17.5040
ERR13927574.20418	1587	15.0044
ERR13927574.20419	1613	15.9932
ERR13927574.20420	1597	17.9869
ERR13927574.20421	1604	19.2799
ERR13927574.20422	1604	18.1658
ERR13927574.20423	1543	19.4025
ERR13927574.20424	1571	18.3596
ERR13927574.20425	1588	21.3898
ERR13927574.20426	1568	14.3508
ERR13927574.20427	1569	18.1007
ERR13927574.20428	1611	17.0403
ERR13927574.20429	1614	18.6035
ERR13927574.20430	1570	17.7924
ERR13927574.20431	1581	17.3245
ERR13927574.20432	1542	16.0901
ERR13927574.20433	1619	20.0994
ERR13927574.20434	1619	19.8320
ERR13927574.20435	1602	19.0874
ERR13927574.20436	1572	18.3263
ERR13927574.20437	1616	18.0309
ERR13927574.20438	1629	19.6298
ERR13927574.20439	1591	17.5361
ERR13927574.20440	1569	19.6648
ERR13927574.20441	1605	19.1034
ERR13927574.20442	1614	20.0762
ERR13927574.20443	1630	18.0994
ERR13927574.20444	1571	16.9122
ERR13927574.20445	1572	16.5986
ERR13927574.20446	1636	15.8105
ERR13927574.20447	1559	16.1911
ERR13927574.20448	1554	18.8069
ERR13927574.20449	1568	19.4024
ERR13927574.20450	1608	19.5012
ERR13927574.20451	1610	20.4646
ERR13927574.20452	1601	21.0550
ERR13927574.20453	1583	19.9709
ERR13927574.20454	1560	20.8718
ERR13927574.20455	1564	20.8996
ERR13927574.20456	1617	19.4972
ERR13927574.20457	1569	18.4882
ERR13927574.20458	1609	19.0044
ERR13927574.20459	1591	20.0314
ERR13927574.20460	1613	17.9888
ERR13927574.20461	1552	18.7841
ERR13927574.20462	1574	21.7789
ERR13927574.20463	1555	15.0527
ERR13927574.20464	1596	17.0038
ERR13927574.20465	1556	18.5990
ERR13927574.20466	1600	19.6544
ERR13927574.20467	1572	19.2557
ERR13927574.20468	1611	19.5028
ERR13927574.20469	1446	16.8956
ERR13927574.20470	1611	15.8088
ERR13927574.20471	1715	17.9936
ERR13927574.20472	1557	18.2717
ERR13927574.20473	1626	16.5394
ERR13927574.20474	1580	17.0190
ERR13927574.20475	1578	18.7180
ERR13927574.20476	1578	19.2630
ERR13927574.20477	1608	19.6573
ERR13927574.20478	1774	19.3371
ERR13927574.20479	1611	20.0068
ERR13927574.20480	1582	15.6802
ERR13927574.20481	1550	18.7265
ERR13927574.20482	1676	19.2763
ERR13927574.20483	1637	17.0666
ERR13927574.20484	1578	19.3276
ERR13927574.20485	1594	16.6681
ERR13927574.20486	1561	16.0801
ERR13927574.20487	1593	17.8456
ERR13927574.20488	1615	19.4539
ERR13927574.20489	1594	16.1361
ERR13927574.20490	1590	19.2730
ERR13927574.20491	1546	14.2710
ERR13927574.20492	1593	18.3045
ERR13927574.20493	1630	20.6681
ERR13927574.20494	1567	20.0932
ERR13927574.20495	1618	18.8480
ERR13927574.20496	1659	20.2857
ERR13927574.20497	1594	20.1982
ERR13927574.20498	1538	15.4311
ERR13927574.20499	1549	16.8928
ERR13927574.20500	1606	19.8736
ERR13927574.20501	1574	21.0216
ERR13927574.20502	1577	21.1382
ERR13927574.20503	1558	18.9403
ERR13927574.20504	1556	20.2442
ERR13927574.20505	1572	20.6991
ERR13927574.20506	1590	20.2849
ERR13927574.20507	1542	15.2834
ERR13927574.20508	444	14.5586
ERR13927574.20509	1579	17.6567
ERR13927574.20510	1597	17.1221
ERR13927574.20511	1574	15.4587
ERR13927574.20512	1569	17.0089
ERR13927574.20513	1654	17.5206
ERR13927574.20514	1671	15.3411
ERR13927574.20515	1613	20.8227
ERR13927574.20516	1625	20.6277
ERR13927574.20517	1565	19.3297
ERR13927574.20518	1561	20.4446
ERR13927574.20519	1586	18.0820
ERR13927574.20520	1570	19.8879
ERR13927574.20521	1603	21.3556
ERR13927574.20522	1534	19.7934
ERR13927574.20523	1574	20.2179
ERR13927574.20524	1694	18.4835
ERR13927574.20525	1604	18.3915
ERR13927574.20526	1602	19.1554
ERR13927574.20527	1632	19.4779
ERR13927574.20528	1585	14.8864
ERR13927574.20529	1584	16.7860
ERR13927574.20530	1582	17.5247
ERR13927574.20531	1568	16.5855
ERR13927574.20532	1433	19.7879
ERR13927574.20533	1552	19.6372
ERR13927574.20534	1564	17.8235
ERR13927574.20535	1164	15.5490
ERR13927574.20536	1573	18.7050
ERR13927574.20537	1694	17.2928
ERR13927574.20538	1566	17.9323
ERR13927574.20539	1655	20.4918
ERR13927574.20540	1602	19.1161
ERR13927574.20541	1544	19.1528
ERR13927574.20542	799	17.3342
ERR13927574.20543	1608	16.5292
ERR13927574.20544	1845	20.9556
ERR13927574.20545	1610	19.4776
ERR13927574.20546	1596	20.7406
ERR13927574.20547	1615	21.4365
ERR13927574.20548	1617	20.1336
ERR13927574.20549	1617	21.0989
ERR13927574.20550	1610	18.6056
ERR13927574.20551	906	13.5629
ERR13927574.20552	1590	18.4101
ERR13927574.20553	1591	15.4192
ERR13927574.20554	1547	14.9121
ERR13927574.20555	1554	15.9356
ERR13927574.20556	1581	17.4333
ERR13927574.20557	1570	21.5013
ERR13927574.20558	1577	18.7349
ERR13927574.20559	1588	18.9843
ERR13927574.20560	1571	21.3584
ERR13927574.20561	1567	22.9713
ERR13927574.20562	1615	20.7139
ERR13927574.20563	1567	18.8590
ERR13927574.20564	1595	19.9787
ERR13927574.20565	1738	15.6254
ERR13927574.20566	1587	18.1525
ERR13927574.20567	1230	17.0285
ERR13927574.20568	1603	18.8222
ERR13927574.20569	1601	20.1605
ERR13927574.20570	1614	19.5297
ERR13927574.20571	1633	17.4268
ERR13927574.20572	1549	18.4616
ERR13927574.20573	1568	21.1288
ERR13927574.20574	1622	14.7355
ERR13927574.20575	1612	20.8759
ERR13927574.20576	1714	18.6459
ERR13927574.20577	1548	18.8043
ERR13927574.20578	1589	19.9541
ERR13927574.20579	1628	19.8833
ERR13927574.20580	1621	19.2733
ERR13927574.20581	1715	20.5883
ERR13927574.20582	1583	19.2950
ERR13927574.20583	1548	17.4748
ERR13927574.20584	1578	18.6679
ERR13927574.20585	1577	19.4471
ERR13927574.20586	1572	16.3613
ERR13927574.20587	1584	15.3277
ERR13927574.20588	1605	20.8611
ERR13927574.20589	1578	16.9949
ERR13927574.20590	1579	17.1596
ERR13927574.20591	1597	18.4076
ERR13927574.20592	1566	19.9943
ERR13927574.20593	1556	18.9087
ERR13927574.20594	789	18.9100
ERR13927574.20595	1260	20.4500
ERR13927574.20596	1598	19.0801
ERR13927574.20597	1618	19.1180
ERR13927574.20598	1574	19.9657
ERR13927574.20599	1606	17.1725
ERR13927574.20600	1598	18.4912
ERR13927574.20601	1540	18.6247
ERR13927574.20602	1485	17.4168
ERR13927574.20603	1577	21.1655
ERR13927574.20604	1557	19.6969
ERR13927574.20605	1586	21.0025
ERR13927574.20606	1562	16.7567
ERR13927574.20607	1587	20.0668
ERR13927574.20608	1556	17.0482
ERR13927574.20609	1589	18.7250
ERR13927574.20610	1604	15.9389
ERR13927574.20611	1571	17.4348
ERR13927574.20612	1585	17.3293
ERR13927574.20613	1586	15.7856
ERR13927574.20614	1560	18.6353
ERR13927574.20615	1584	19.0316
ERR13927574.20616	1609	18.0348
ERR13927574.20617	1578	16.8574
ERR13927574.20618	1544	17.8808
ERR13927574.20619	1618	20.8758
ERR13927574.20620	607	16.5865
ERR13927574.20621	1570	19.7115
ERR13927574.20622	1554	15.0399
ERR13927574.20623	1590	20.1145
ERR13927574.20624	1575	17.9479
ERR13927574.20625	1556	18.4781
ERR13927574.20626	1581	19.1297
ERR13927574.20627	1554	20.0521
ERR13927574.20628	1547	15.2786
ERR13927574.20629	1565	17.0518
ERR13927574.20630	1564	16.9290
ERR13927574.20631	1569	14.4971
ERR13927574.20632	1584	19.8428
ERR13927574.20633	1589	15.1737
ERR13927574.20634	1565	20.4850
ERR13927574.20635	1646	17.9453
ERR13927574.20636	1705	17.8240
ERR13927574.20637	3185	17.4801
ERR13927574.20638	1580	18.7810
ERR13927574.20639	1580	18.2500
ERR13927574.20640	1584	17.0499
ERR13927574.20641	1540	15.7351
ERR13927574.20642	1577	21.2517
ERR13927574.20643	1551	19.2366
ERR13927574.20644	1615	20.1251
ERR13927574.20645	1552	18.1244
ERR13927574.20646	1655	16.4066
ERR13927574.20647	1544	17.0609
ERR13927574.20648	1593	19.2812
ERR13927574.20649	1578	14.9785
ERR13927574.20650	1583	17.2249
ERR13927574.20651	1606	16.5884
ERR13927574.20652	1592	18.8455
ERR13927574.20653	1623	18.7234
ERR13927574.20654	1598	19.4406
ERR13927574.20655	1586	18.7005
ERR13927574.20656	1553	16.8364
ERR13927574.20657	1636	20.5397
ERR13927574.20658	1574	19.4377
ERR13927574.20659	1603	19.6868
ERR13927574.20660	1582	14.0329
ERR13927574.20661	1249	17.1753
ERR13927574.20662	1566	17.9936
ERR13927574.20663	1621	20.7205
ERR13927574.20664	1591	19.5745
ERR13927574.20665	1598	20.5895
ERR13927574.20666	1537	16.6142
ERR13927574.20667	1610	18.4056
ERR13927574.20668	1588	18.0390
ERR13927574.20669	1581	19.5313
ERR13927574.20670	1581	19.6490
ERR13927574.20671	1570	16.1631
ERR13927574.20672	1655	17.4036
ERR13927574.20673	1561	19.3850
ERR13927574.20674	1570	21.5720
ERR13927574.20675	1570	20.2682
ERR13927574.20676	1600	20.0675
ERR13927574.20677	1602	19.8452
ERR13927574.20678	1557	19.0006
ERR13927574.20679	1590	18.1189
ERR13927574.20680	1543	20.7246
ERR13927574.20681	1620	19.0475
ERR13927574.20682	1563	18.4447
ERR13927574.20683	671	13.5604
ERR13927574.20684	1572	19.6921
ERR13927574.20685	1055	16.3611
ERR13927574.20686	1599	18.2852
ERR13927574.20687	1615	19.4235
ERR13927574.20688	1587	19.0378
ERR13927574.20689	1609	20.1019
ERR13927574.20690	1626	16.1568
ERR13927574.20691	1578	19.7681
ERR13927574.20692	1614	20.4226
ERR13927574.20693	277	18.7581
ERR13927574.20694	1608	18.0410
ERR13927574.20695	1615	17.1195
ERR13927574.20696	1623	20.9994
ERR13927574.20697	1570	20.9930
ERR13927574.20698	1550	18.1542
ERR13927574.20699	1611	19.5984
ERR13927574.20700	1618	20.3220
ERR13927574.20701	1594	20.1073
ERR13927574.20702	274	14.3394
ERR13927574.20703	1300	20.5377
ERR13927574.20704	1583	20.1567
ERR13927574.20705	1570	20.4541
ERR13927574.20706	1568	17.6849
ERR13927574.20707	1580	15.5171
ERR13927574.20708	1552	17.1604
ERR13927574.20709	1584	18.8150
ERR13927574.20710	1595	20.3912
ERR13927574.20711	1564	19.4776
ERR13927574.20712	1590	16.2881
ERR13927574.20713	1565	17.9610
ERR13927574.20714	1570	15.7930
ERR13927574.20715	1602	19.6230
ERR13927574.20716	1547	14.4525
ERR13927574.20717	1610	16.0000
ERR13927574.20718	1566	20.9253
ERR13927574.20719	590	18.0322
ERR13927574.20720	1571	16.7167
ERR13927574.20721	1069	19.7736
ERR13927574.20722	1563	16.6379
ERR13927574.20723	1585	20.1420
ERR13927574.20724	1612	19.6303
ERR13927574.20725	1557	17.3115
ERR13927574.20726	1559	19.2367
ERR13927574.20727	1565	16.7808
ERR13927574.20728	1452	17.1467
ERR13927574.20729	1579	17.9265
ERR13927574.20730	1552	15.8293
ERR13927574.20731	1532	16.5607
ERR13927574.20732	1611	20.1564
ERR13927574.20733	1621	19.4978
ERR13927574.20734	1584	18.4817
ERR13927574.20735	1589	19.5909
ERR13927574.20736	1574	18.6226
ERR13927574.20737	1604	15.6004
ERR13927574.20738	1614	20.1109
ERR13927574.20739	1603	19.2308
ERR13927574.20740	1654	19.7721
ERR13927574.20741	1292	17.8050
ERR13927574.20742	876	15.7283
ERR13927574.20743	1572	15.8295
ERR13927574.20744	1632	17.2837
ERR13927574.20745	1583	20.0625
ERR13927574.20746	1571	18.1642
ERR13927574.20747	1597	15.9480
ERR13927574.20748	1551	15.7092
ERR13927574.20749	1575	16.4648
ERR13927574.20750	1597	17.4183
ERR13927574.20751	1583	18.5944
ERR13927574.20752	1498	16.9319
ERR13927574.20753	1551	18.6518
ERR13927574.20754	1599	18.8111
ERR13927574.20755	1566	16.8123
ERR13927574.20756	1653	19.4561
ERR13927574.20757	1566	17.6207
ERR13927574.20758	1576	18.9461
ERR13927574.20759	1526	18.5164
ERR13927574.20760	1552	19.7906
ERR13927574.20761	1591	19.2074
ERR13927574.20762	1526	18.9443
ERR13927574.20763	1567	14.8015
ERR13927574.20764	1621	19.3387
ERR13927574.20765	1586	17.8783
ERR13927574.20766	1612	20.4864
ERR13927574.20767	1575	20.5759
ERR13927574.20768	1014	18.0345
ERR13927574.20769	1555	17.6129
ERR13927574.20770	1616	18.5712
ERR13927574.20771	1545	16.1858
ERR13927574.20772	1570	21.8280
ERR13927574.20773	1625	21.4043
ERR13927574.20774	1552	14.0174
ERR13927574.20775	1590	14.9214
ERR13927574.20776	1583	16.1586
ERR13927574.20777	1553	17.6999
ERR13927574.20778	1592	19.3580
ERR13927574.20779	1650	20.9697
ERR13927574.20780	1572	20.4408
ERR13927574.20781	1603	17.8147
ERR13927574.20782	1580	16.0266
ERR13927574.20783	1536	16.9883
ERR13927574.20784	1606	20.3518
ERR13927574.20785	1484	21.1880
ERR13927574.20786	1576	19.4689
ERR13927574.20787	1573	20.5207
ERR13927574.20788	1614	19.6437
ERR13927574.20789	1610	19.5696
ERR13927574.20790	1535	15.9212
ERR13927574.20791	1583	19.7100
ERR13927574.20792	1573	20.0019
ERR13927574.20793	1615	18.9616
ERR13927574.20794	1591	19.5374
ERR13927574.20795	1566	16.8825
ERR13927574.20796	1616	18.6597
ERR13927574.20797	1595	15.3229
ERR13927574.20798	1613	22.8717
ERR13927574.20799	1597	16.0745
ERR13927574.20800	1582	18.8097
ERR13927574.20801	1581	17.6660
ERR13927574.20802	1619	20.3403
ERR13927574.20803	1577	17.9943
ERR13927574.20804	1585	20.7129
ERR13927574.20805	1572	18.9020
ERR13927574.20806	1588	19.8772
ERR13927574.20807	1574	15.6474
ERR13927574.20808	1616	17.8942
ERR13927574.20809	1611	19.1173
ERR13927574.20810	1527	18.5095
ERR13927574.20811	1604	16.3273
ERR13927574.20812	1577	19.4394
ERR13927574.20813	1596	21.0482
ERR13927574.20814	1579	19.8904
ERR13927574.20815	1607	17.8108
ERR13927574.20816	1583	19.5673
ERR13927574.20817	1546	19.7697
ERR13927574.20818	1587	18.0410
ERR13927574.20819	1579	15.5446
ERR13927574.20820	1575	18.8317
ERR13927574.20821	1565	20.4550
ERR13927574.20822	1605	18.6586
ERR13927574.20823	1621	20.9247
ERR13927574.20824	1562	16.6338
ERR13927574.20825	1580	16.2411
ERR13927574.20826	1231	18.5297
ERR13927574.20827	1554	19.0470
ERR13927574.20828	1573	17.9994
ERR13927574.20829	1628	17.8305
ERR13927574.20830	1622	19.6862
ERR13927574.20831	1575	19.3359
ERR13927574.20832	1559	17.9525
ERR13927574.20833	1598	17.3498
ERR13927574.20834	1589	18.2146
ERR13927574.20835	1539	17.8532
ERR13927574.20836	1459	18.9267
ERR13927574.20837	1582	19.8989
ERR13927574.20838	1573	19.3071
ERR13927574.20839	1558	15.2125
ERR13927574.20840	1606	16.3238
ERR13927574.20841	1588	19.9270
ERR13927574.20842	1615	21.6557
ERR13927574.20843	1592	20.3938
ERR13927574.20844	1566	19.5479
ERR13927574.20845	1580	16.7930
ERR13927574.20846	1601	18.5372
ERR13927574.20847	1617	19.7489
ERR13927574.20848	1693	18.6232
ERR13927574.20849	1719	18.3729
ERR13927574.20850	1589	20.2649
ERR13927574.20851	1605	20.9265
ERR13927574.20852	1594	16.9994
ERR13927574.20853	1568	18.0861
ERR13927574.20854	1625	14.6708
ERR13927574.20855	1587	19.5904
ERR13927574.20856	1606	18.6015
ERR13927574.20857	1575	19.9213
ERR13927574.20858	1628	15.3299
ERR13927574.20859	1577	20.2632
ERR13927574.20860	1570	19.8420
ERR13927574.20861	1725	21.0562
ERR13927574.20862	1572	19.9892
ERR13927574.20863	1615	16.4254
ERR13927574.20864	1576	18.4067
ERR13927574.20865	1614	18.5991
ERR13927574.20866	1570	16.4121
ERR13927574.20867	1631	19.2287
ERR13927574.20868	1550	21.1374
ERR13927574.20869	1594	17.0809
ERR13927574.20870	1565	19.5917
ERR13927574.20871	1567	20.3344
ERR13927574.20872	1625	19.7151
ERR13927574.20873	1610	20.9112
ERR13927574.20874	1585	16.7893
ERR13927574.20875	1584	15.9893
ERR13927574.20876	1642	18.5201
ERR13927574.20877	1596	18.7331
ERR13927574.20878	1551	17.4765
ERR13927574.20879	1574	18.6925
ERR13927574.20880	1625	20.2240
ERR13927574.20881	1569	15.2250
ERR13927574.20882	1583	20.3247
ERR13927574.20883	1580	20.3791
ERR13927574.20884	215	10.4140
ERR13927574.20885	1623	19.7264
ERR13927574.20886	1592	14.7293
ERR13927574.20887	1610	19.9745
ERR13927574.20888	1615	20.8613
ERR13927574.20889	1538	13.5839
ERR13927574.20890	1588	19.6807
ERR13927574.20891	1565	20.6863
ERR13927574.20892	1556	16.4737
ERR13927574.20893	1558	17.0950
ERR13927574.20894	1584	18.6648
ERR13927574.20895	1603	20.1404
ERR13927574.20896	1542	16.1427
ERR13927574.20897	1580	20.1848
ERR13927574.20898	1560	16.5301
ERR13927574.20899	1631	20.8228
ERR13927574.20900	1612	16.1967
ERR13927574.20901	1423	15.0829
ERR13927574.20902	1630	20.7712
ERR13927574.20903	1534	18.9172
ERR13927574.20904	1634	19.4217
ERR13927574.20905	1591	15.4148
ERR13927574.20906	1617	15.2641
ERR13927574.20907	1513	22.8533
ERR13927574.20908	1544	17.4585
ERR13927574.20909	1559	18.2886
ERR13927574.20910	1610	18.3571
ERR13927574.20911	844	21.2287
ERR13927574.20912	1577	19.2980
ERR13927574.20913	1600	20.2794
ERR13927574.20914	1551	18.5474
ERR13927574.20915	1599	15.7280
ERR13927574.20916	1612	19.9516
ERR13927574.20917	1573	17.5842
ERR13927574.20918	1608	17.2220
ERR13927574.20919	1617	19.8299
ERR13927574.20920	1616	14.1052
ERR13927574.20921	1602	18.3720
ERR13927574.20922	1560	18.4045
ERR13927574.20923	1638	20.4389
ERR13927574.20924	1599	18.8086
ERR13927574.20925	1593	16.0797
ERR13927574.20926	1590	17.0528
ERR13927574.20927	1564	18.3152
ERR13927574.20928	1625	18.8923
ERR13927574.20929	1571	16.4023
ERR13927574.20930	1570	20.8529
ERR13927574.20931	1604	18.9308
ERR13927574.20932	1402	15.5628
ERR13927574.20933	1590	19.8447
ERR13927574.20934	1573	21.3484
ERR13927574.20935	1582	19.0335
ERR13927574.20936	1585	20.4511
ERR13927574.20937	1594	17.8231
ERR13927574.20938	1572	18.8410
ERR13927574.20939	1595	17.8157
ERR13927574.20940	1589	18.3908
ERR13927574.20941	1548	15.6305
ERR13927574.20942	1584	17.4463
ERR13927574.20943	1623	14.0579
ERR13927574.20944	1556	18.1401
ERR13927574.20945	1604	19.1029
ERR13927574.20946	1609	21.1094
ERR13927574.20947	1546	17.1300
ERR13927574.20948	1583	18.4176
ERR13927574.20949	1550	17.5348
ERR13927574.20950	1561	21.5862
ERR13927574.20951	224	15.6027
ERR13927574.20952	1555	17.3350
ERR13927574.20953	1544	17.9009
ERR13927574.20954	1556	20.1176
ERR13927574.20955	1576	18.0038
ERR13927574.20956	1564	15.9405
ERR13927574.20957	1611	18.2893
ERR13927574.20958	1576	18.0596
ERR13927574.20959	1581	17.7331
ERR13927574.20960	1614	20.1877
ERR13927574.20961	1589	19.9610
ERR13927574.20962	1598	17.0069
ERR13927574.20963	1569	19.6450
ERR13927574.20964	1585	17.2574
ERR13927574.20965	1534	18.7614
ERR13927574.20966	1549	19.5107
ERR13927574.20967	1618	19.5031
ERR13927574.20968	1576	20.0051
ERR13927574.20969	1566	20.0045
ERR13927574.20970	1577	17.1122
ERR13927574.20971	1620	19.2796
ERR13927574.20972	1588	17.6272
ERR13927574.20973	1652	16.9370
ERR13927574.20974	1573	20.1863
ERR13927574.20975	1623	18.5890
ERR13927574.20976	1599	18.2552
ERR13927574.20977	1633	16.0343
ERR13927574.20978	1323	15.5692
ERR13927574.20979	1573	17.8271
ERR13927574.20980	1573	19.7527
ERR13927574.20981	1557	20.0270
ERR13927574.20982	1582	19.5980
ERR13927574.20983	1616	20.6101
ERR13927574.20984	1719	21.1193
ERR13927574.20985	1567	16.1825
ERR13927574.20986	1540	19.3266
ERR13927574.20987	1609	19.4419
ERR13927574.20988	1582	20.6846
ERR13927574.20989	1594	14.8162
ERR13927574.20990	1589	19.1592
ERR13927574.20991	1578	18.4474
ERR13927574.20992	1632	19.6195
ERR13927574.20993	1603	20.1528
ERR13927574.20994	1603	16.2676
ERR13927574.20995	1572	20.5757
ERR13927574.20996	1618	21.5575
ERR13927574.20997	1628	15.7518
ERR13927574.20998	1603	15.1865
ERR13927574.20999	1572	20.4504
ERR13927574.21000	1062	16.0716
ERR13927574.21001	1603	17.7935
ERR13927574.21002	1589	19.1775
ERR13927574.21003	1571	18.9115
ERR13927574.21004	1616	18.8614
ERR13927574.21005	1576	15.4213
ERR13927574.21006	932	17.3187
ERR13927574.21007	631	19.1078
ERR13927574.21008	1573	20.3579
ERR13927574.21009	1588	15.6423
ERR13927574.21010	1577	17.7565
ERR13927574.21011	1573	15.9294
ERR13927574.21012	1589	21.5614
ERR13927574.21013	1587	18.4449
ERR13927574.21014	1598	16.2841
ERR13927574.21015	1573	21.7781
ERR13927574.21016	1562	18.0948
ERR13927574.21017	1566	20.0562
ERR13927574.21018	1550	17.2677
ERR13927574.21019	1556	17.2423
ERR13927574.21020	1567	18.4659
ERR13927574.21021	1603	15.5845
ERR13927574.21022	1559	16.1770
ERR13927574.21023	1626	19.0793
ERR13927574.21024	1584	17.9489
ERR13927574.21025	1560	17.6904
ERR13927574.21026	1577	17.3354
ERR13927574.21027	1609	19.5382
ERR13927574.21028	1582	20.0954
ERR13927574.21029	1586	18.9634
ERR13927574.21030	1622	21.1134
ERR13927574.21031	1624	18.4945
ERR13927574.21032	1614	15.4938
ERR13927574.21033	1591	20.9478
ERR13927574.21034	1597	20.7502
ERR13927574.21035	1570	19.9242
ERR13927574.21036	1578	19.9753
ERR13927574.21037	1556	17.8560
ERR13927574.21038	1567	15.6165
ERR13927574.21039	1575	20.7727
ERR13927574.21040	1668	18.7092
ERR13927574.21041	1573	21.5092
ERR13927574.21042	1584	21.4154
ERR13927574.21043	1526	16.6232
ERR13927574.21044	1570	18.6350
ERR13927574.21045	1602	18.5924
ERR13927574.21046	1565	19.6709
ERR13927574.21047	1591	19.6235
ERR13927574.21048	1587	15.1808
ERR13927574.21049	1611	21.3563
ERR13927574.21050	1585	18.4612
ERR13927574.21051	1563	20.0595
ERR13927574.21052	1550	17.4374
ERR13927574.21053	1567	19.3580
ERR13927574.21054	1583	20.2849
ERR13927574.21055	1606	20.7839
ERR13927574.21056	1589	20.0390
ERR13927574.21057	1591	16.8561
ERR13927574.21058	1592	15.3260
ERR13927574.21059	1464	19.6510
ERR13927574.21060	1559	16.8807
ERR13927574.21061	1548	15.3837
ERR13927574.21062	1569	18.3098
ERR13927574.21063	1506	16.2131
ERR13927574.21064	1561	18.9994
ERR13927574.21065	1595	17.7636
ERR13927574.21066	1591	18.9931
ERR13927574.21067	1566	20.1188
ERR13927574.21068	1617	17.3847
ERR13927574.21069	1605	19.9981
ERR13927574.21070	1559	18.9410
ERR13927574.21071	1611	18.3842
ERR13927574.21072	1582	19.2807
ERR13927574.21073	1585	15.9849
ERR13927574.21074	1564	16.1208
ERR13927574.21075	1615	14.6533
ERR13927574.21076	1557	19.8992
ERR13927574.21077	1578	19.8777
ERR13927574.21078	1555	18.7151
ERR13927574.21079	1543	20.9015
ERR13927574.21080	1567	20.5297
ERR13927574.21081	1574	15.8907
ERR13927574.21082	1546	17.6863
ERR13927574.21083	1577	18.3164
ERR13927574.21084	1564	17.6176
ERR13927574.21085	1623	18.5015
ERR13927574.21086	1626	19.2196
ERR13927574.21087	1577	16.9214
ERR13927574.21088	1608	14.2071
ERR13927574.21089	1614	20.0335
ERR13927574.21090	1580	16.8348
ERR13927574.21091	1590	20.0245
ERR13927574.21092	879	14.8294
ERR13927574.21093	1574	16.8856
ERR13927574.21094	1573	21.0769
ERR13927574.21095	1559	19.6709
ERR13927574.21096	1608	20.6897
ERR13927574.21097	1555	15.2264
ERR13927574.21098	1565	17.4198
ERR13927574.21099	1613	16.1662
ERR13927574.21100	1605	18.6785
ERR13927574.21101	1556	16.9332
ERR13927574.21102	1550	15.9813
ERR13927574.21103	1570	16.6955
ERR13927574.21104	1567	20.0198
ERR13927574.21105	1608	19.7494
ERR13927574.21106	1563	21.6795
ERR13927574.21107	1616	16.8614
ERR13927574.21108	1620	22.6531
ERR13927574.21109	1576	21.7735
ERR13927574.21110	1560	20.3173
ERR13927574.21111	1479	20.0115
ERR13927574.21112	1584	17.9779
ERR13927574.21113	1577	17.4274
ERR13927574.21114	1562	18.3560
ERR13927574.21115	1616	20.5681
ERR13927574.21116	1593	19.9366
ERR13927574.21117	1050	17.2762
ERR13927574.21118	1538	16.5007
ERR13927574.21119	1571	20.4125
ERR13927574.21120	1582	18.0746
ERR13927574.21121	1578	17.5545
ERR13927574.21122	1592	20.0923
ERR13927574.21123	1621	20.5256
ERR13927574.21124	1727	18.2032
ERR13927574.21125	1612	19.3797
ERR13927574.21126	1322	19.1831
ERR13927574.21127	1586	13.5013
ERR13927574.21128	1612	18.2500
ERR13927574.21129	1607	19.2570
ERR13927574.21130	1582	16.2592
ERR13927574.21131	1620	17.6914
ERR13927574.21132	1550	15.4245
ERR13927574.21133	1595	19.5718
ERR13927574.21134	1565	19.4166
ERR13927574.21135	301	16.8272
ERR13927574.21136	486	16.0432
ERR13927574.21137	1588	19.1751
ERR13927574.21138	1542	15.7763
ERR13927574.21139	1605	17.4268
ERR13927574.21140	1570	21.5898
ERR13927574.21141	1602	17.7397
ERR13927574.21142	1634	19.3953
ERR13927574.21143	1551	19.9046
ERR13927574.21144	1584	19.4552
ERR13927574.21145	1571	16.2909
ERR13927574.21146	1605	18.1153
ERR13927574.21147	1576	15.9232
ERR13927574.21148	1554	21.1583
ERR13927574.21149	1057	17.8193
ERR13927574.21150	741	18.7260
ERR13927574.21151	1614	19.3228
ERR13927574.21152	1598	20.9825
ERR13927574.21153	1560	20.9603
ERR13927574.21154	1604	20.4476
ERR13927574.21155	1565	20.0096
ERR13927574.21156	1617	20.1540
ERR13927574.21157	1561	19.2486
ERR13927574.21158	1609	17.8931
ERR13927574.21159	1567	16.4984
ERR13927574.21160	1582	17.4949
ERR13927574.21161	1586	17.2875
ERR13927574.21162	1595	18.1567
ERR13927574.21163	1562	20.1978
ERR13927574.21164	1598	19.0369
ERR13927574.21165	1590	18.6994
ERR13927574.21166	1617	19.4818
ERR13927574.21167	1638	19.2985
ERR13927574.21168	1570	19.2000
ERR13927574.21169	1619	15.6856
ERR13927574.21170	1585	19.9218
ERR13927574.21171	1561	20.1775
ERR13927574.21172	1545	16.7049
ERR13927574.21173	1571	18.3304
ERR13927574.21174	1575	19.2330
ERR13927574.21175	1613	19.7254
ERR13927574.21176	1562	20.4802
ERR13927574.21177	1584	17.2071
ERR13927574.21178	1625	20.9354
ERR13927574.21179	1614	20.2014
ERR13927574.21180	1567	17.6873
ERR13927574.21181	1585	20.1464
ERR13927574.21182	1590	18.9811
ERR13927574.21183	1549	17.7786
ERR13927574.21184	1598	13.3517
ERR13927574.21185	1571	18.0267
ERR13927574.21186	1607	17.1226
ERR13927574.21187	1588	18.9055
ERR13927574.21188	1594	18.4693
ERR13927574.21189	1521	16.4813
ERR13927574.21190	1586	17.0933
ERR13927574.21191	1612	16.5242
ERR13927574.21192	1624	19.2272
ERR13927574.21193	1580	17.3158
ERR13927574.21194	1602	17.0805
ERR13927574.21195	1599	16.3477
ERR13927574.21196	1591	14.5236
ERR13927574.21197	1607	21.8482
ERR13927574.21198	1596	14.8365
ERR13927574.21199	1581	16.5319
ERR13927574.21200	1630	18.3196
ERR13927574.21201	1563	17.8369
ERR13927574.21202	1594	16.3388
ERR13927574.21203	1548	16.8676
ERR13927574.21204	1567	14.8194
ERR13927574.21205	1584	15.6843
ERR13927574.21206	1574	16.2624
ERR13927574.21207	1583	21.1807
ERR13927574.21208	1612	19.9473
ERR13927574.21209	1598	18.9024
ERR13927574.21210	1619	18.7647
ERR13927574.21211	1560	18.3750
ERR13927574.21212	1588	15.2355
ERR13927574.21213	1564	16.7526
ERR13927574.21214	1581	15.8798
ERR13927574.21215	1551	16.2141
ERR13927574.21216	1560	15.6417
ERR13927574.21217	1567	19.0236
ERR13927574.21218	1583	19.5136
ERR13927574.21219	1352	15.9186
ERR13927574.21220	1552	14.9710
ERR13927574.21221	1613	17.6820
ERR13927574.21222	1580	18.2665
ERR13927574.21223	1052	17.4544
ERR13927574.21224	1610	19.4553
ERR13927574.21225	1606	20.8948
ERR13927574.21226	1605	18.1969
ERR13927574.21227	1546	15.8829
ERR13927574.21228	1591	20.7366
ERR13927574.21229	1561	18.5804
ERR13927574.21230	1603	17.8534
ERR13927574.21231	1564	14.3389
ERR13927574.21232	1576	20.3319
ERR13927574.21233	1574	18.9288
ERR13927574.21234	1575	20.7905
ERR13927574.21235	1611	18.8585
ERR13927574.21236	1581	18.8817
ERR13927574.21237	1609	20.1666
ERR13927574.21238	1589	15.5236
ERR13927574.21239	1555	20.2489
ERR13927574.21240	1618	17.0136
ERR13927574.21241	1598	19.1696
ERR13927574.21242	1577	19.0609
ERR13927574.21243	1638	16.2155
ERR13927574.21244	1605	16.7782
ERR13927574.21245	1593	19.5612
ERR13927574.21246	1581	19.4118
ERR13927574.21247	1607	19.3709
ERR13927574.21248	1586	20.3600
ERR13927574.21249	1623	14.9741
ERR13927574.21250	1560	16.0750
ERR13927574.21251	1581	20.5009
ERR13927574.21252	1579	19.2324
ERR13927574.21253	1552	18.4839
ERR13927574.21254	1609	18.8993
ERR13927574.21255	1627	21.3098
ERR13927574.21256	1563	20.6340
ERR13927574.21257	1603	17.8702
ERR13927574.21258	1547	17.1357
ERR13927574.21259	1518	19.0329
ERR13927574.21260	1607	20.5713
ERR13927574.21261	1556	18.1697
ERR13927574.21262	1499	21.4650
ERR13927574.21263	1602	19.7896
ERR13927574.21264	1584	19.2494
ERR13927574.21265	1625	16.2603
ERR13927574.21266	1566	18.2650
ERR13927574.21267	1554	14.8810
ERR13927574.21268	1623	16.0129
ERR13927574.21269	1602	20.7697
ERR13927574.21270	1557	20.4945
ERR13927574.21271	1560	20.7865
ERR13927574.21272	1586	20.8279
ERR13927574.21273	1608	17.7836
ERR13927574.21274	758	17.8179
ERR13927574.21275	1560	19.5474
ERR13927574.21276	1569	18.8604
ERR13927574.21277	1539	18.4198
ERR13927574.21278	1581	20.4409
ERR13927574.21279	1612	18.3437
ERR13927574.21280	1566	20.1073
ERR13927574.21281	1504	20.2673
ERR13927574.21282	1550	17.2819
ERR13927574.21283	1575	17.8711
ERR13927574.21284	1588	18.5554
ERR13927574.21285	1547	21.2637
ERR13927574.21286	1566	18.3959
ERR13927574.21287	1567	21.6765
ERR13927574.21288	1591	16.4928
ERR13927574.21289	1579	16.9177
ERR13927574.21290	483	17.6853
ERR13927574.21291	1573	17.6275
ERR13927574.21292	1585	18.3779
ERR13927574.21293	1570	21.5675
ERR13927574.21294	1582	19.4703
ERR13927574.21295	1557	19.1766
ERR13927574.21296	1577	18.4699
ERR13927574.21297	1551	19.2076
ERR13927574.21298	1586	17.6236
ERR13927574.21299	1573	20.6122
ERR13927574.21300	1575	19.6737
ERR13927574.21301	1770	19.5842
ERR13927574.21302	1579	17.7125
ERR13927574.21303	1170	15.9205
ERR13927574.21304	1619	20.0784
ERR13927574.21305	1607	18.7355
ERR13927574.21306	1623	20.8373
ERR13927574.21307	1563	20.4626
ERR13927574.21308	1546	17.9508
ERR13927574.21309	1562	17.6741
ERR13927574.21310	1598	16.9318
ERR13927574.21311	1608	16.7289
ERR13927574.21312	1698	16.7550
ERR13927574.21313	1618	18.3708
ERR13927574.21314	1609	19.3244
ERR13927574.21315	1611	19.9863
ERR13927574.21316	1584	16.6326
ERR13927574.21317	1592	17.4962
ERR13927574.21318	1572	19.0331
ERR13927574.21319	1586	18.5530
ERR13927574.21320	1619	16.0939
ERR13927574.21321	1588	20.2664
ERR13927574.21322	1572	19.4720
ERR13927574.21323	1619	19.4787
ERR13927574.21324	1571	19.7225
ERR13927574.21325	1599	18.5503
ERR13927574.21326	1628	15.8415
ERR13927574.21327	1803	18.4559
ERR13927574.21328	1577	21.8110
ERR13927574.21329	1604	18.9719
ERR13927574.21330	1564	16.5448
ERR13927574.21331	1539	14.3320
ERR13927574.21332	1591	15.3532
ERR13927574.21333	1580	21.0506
ERR13927574.21334	1570	19.3701
ERR13927574.21335	1572	17.4319
ERR13927574.21336	1603	19.8022
ERR13927574.21337	1564	17.9520
ERR13927574.21338	1572	19.2017
ERR13927574.21339	1546	19.2497
ERR13927574.21340	1544	16.1781
ERR13927574.21341	1551	15.9329
ERR13927574.21342	1601	19.4297
ERR13927574.21343	1626	15.2860
ERR13927574.21344	1611	19.7083
ERR13927574.21345	1577	19.8326
ERR13927574.21346	1572	18.7602
ERR13927574.21347	1575	20.9613
ERR13927574.21348	1579	17.7764
ERR13927574.21349	1598	19.1640
ERR13927574.21350	1614	14.4436
ERR13927574.21351	1565	17.8230
ERR13927574.21352	1492	15.5462
ERR13927574.21353	1576	21.2056
ERR13927574.21354	1608	18.4160
ERR13927574.21355	1564	20.3082
ERR13927574.21356	1536	17.6204
ERR13927574.21357	1561	19.6291
ERR13927574.21358	1619	19.9234
ERR13927574.21359	1616	19.6027
ERR13927574.21360	1595	18.0332
ERR13927574.21361	1589	20.6413
ERR13927574.21362	1566	17.9559
ERR13927574.21363	1619	20.0049
ERR13927574.21364	1593	19.2128
ERR13927574.21365	1615	19.3579
ERR13927574.21366	1580	21.2196
ERR13927574.21367	1572	20.3543
ERR13927574.21368	1626	14.9397
ERR13927574.21369	1583	19.0227
ERR13927574.21370	1562	19.4238
ERR13927574.21371	1631	18.4647
ERR13927574.21372	1617	16.2907
ERR13927574.21373	1584	20.6370
ERR13927574.21374	1290	19.8636
ERR13927574.21375	1754	19.3655
ERR13927574.21376	1576	20.8668
ERR13927574.21377	1562	18.2778
ERR13927574.21378	1604	20.1110
ERR13927574.21379	1570	18.5713
ERR13927574.21380	1656	18.6268
ERR13927574.21381	1613	22.2319
ERR13927574.21382	1559	18.4452
ERR13927574.21383	1595	19.0470
ERR13927574.21384	1612	14.5980
ERR13927574.21385	1612	19.4355
ERR13927574.21386	1545	16.0796
ERR13927574.21387	1606	18.3742
ERR13927574.21388	1571	19.3603
ERR13927574.21389	1604	19.8254
ERR13927574.21390	1643	16.8935
ERR13927574.21391	1617	16.5597
ERR13927574.21392	1605	17.0978
ERR13927574.21393	1596	17.7914
ERR13927574.21394	1620	20.6370
ERR13927574.21395	1618	20.1440
ERR13927574.21396	1574	18.2986
ERR13927574.21397	1564	18.1566
ERR13927574.21398	1622	19.5740
ERR13927574.21399	1641	21.3431
ERR13927574.21400	1574	16.5794
ERR13927574.21401	1566	19.0619
ERR13927574.21402	1584	20.1761
ERR13927574.21403	1592	19.5559
ERR13927574.21404	1481	18.8305
ERR13927574.21405	1597	16.7533
ERR13927574.21406	1633	18.8879
ERR13927574.21407	1620	18.7932
ERR13927574.21408	1559	20.1706
ERR13927574.21409	1513	14.1388
ERR13927574.21410	1585	18.3603
ERR13927574.21411	1583	17.7808
ERR13927574.21412	1584	20.5972
ERR13927574.21413	1601	19.8826
ERR13927574.21414	1604	20.7413
ERR13927574.21415	1609	21.3250
ERR13927574.21416	1619	20.4361
ERR13927574.21417	1587	16.0630
ERR13927574.21418	1573	19.9034
ERR13927574.21419	1582	18.6100
ERR13927574.21420	1569	18.1122
ERR13927574.21421	1555	17.7569
ERR13927574.21422	1573	16.6586
ERR13927574.21423	457	20.2210
ERR13927574.21424	1596	16.9969
ERR13927574.21425	1627	19.7037
ERR13927574.21426	1567	16.2955
ERR13927574.21427	1569	19.2384
ERR13927574.21428	1559	21.0154
ERR13927574.21429	1586	15.0712
ERR13927574.21430	1609	19.3157
ERR13927574.21431	1584	17.1736
ERR13927574.21432	1591	17.5110
ERR13927574.21433	1582	19.4766
ERR13927574.21434	1554	17.2735
ERR13927574.21435	1554	20.8951
ERR13927574.21436	1585	21.7975
ERR13927574.21437	1603	18.0805
ERR13927574.21438	1560	17.5897
ERR13927574.21439	1573	22.8919
ERR13927574.21440	1575	17.1581
ERR13927574.21441	1590	19.0748
ERR13927574.21442	1548	20.2384
ERR13927574.21443	1603	19.2626
ERR13927574.21444	1593	21.4294
ERR13927574.21445	1592	20.5396
ERR13927574.21446	1568	16.4981
ERR13927574.21447	1613	20.3032
ERR13927574.21448	1591	18.6813
ERR13927574.21449	1565	18.5412
ERR13927574.21450	1569	15.5303
ERR13927574.21451	1589	20.8307
ERR13927574.21452	1614	19.8135
ERR13927574.21453	930	16.8989
ERR13927574.21454	1585	20.0082
ERR13927574.21455	1561	20.5503
ERR13927574.21456	1580	18.8215
ERR13927574.21457	1582	20.6239
ERR13927574.21458	1593	19.5606
ERR13927574.21459	1604	20.3105
ERR13927574.21460	1552	17.9323
ERR13927574.21461	1568	22.3922
ERR13927574.21462	1604	16.7581
ERR13927574.21463	1606	17.7186
ERR13927574.21464	1577	19.0564
ERR13927574.21465	1602	20.2984
ERR13927574.21466	1581	19.5908
ERR13927574.21467	1616	19.0922
ERR13927574.21468	1575	18.9619
ERR13927574.21469	1568	23.9235
ERR13927574.21470	1580	17.0430
ERR13927574.21471	1571	19.2686
ERR13927574.21472	1609	22.3027
ERR13927574.21473	1581	19.4181
ERR13927574.21474	1595	17.9191
ERR13927574.21475	1575	17.3289
ERR13927574.21476	1539	18.9201
ERR13927574.21477	1552	18.3486
ERR13927574.21478	1589	16.3405
ERR13927574.21479	1566	20.8595
ERR13927574.21480	1569	16.7992
ERR13927574.21481	1572	19.0204
ERR13927574.21482	1653	17.2226
ERR13927574.21483	1586	16.5422
ERR13927574.21484	1542	16.6900
ERR13927574.21485	1555	15.5730
ERR13927574.21486	1559	17.5459
ERR13927574.21487	1564	18.9942
ERR13927574.21488	1538	17.3687
ERR13927574.21489	1571	16.4093
ERR13927574.21490	1602	19.6461
ERR13927574.21491	1597	16.3651
ERR13927574.21492	1405	17.2349
ERR13927574.21493	1536	15.8848
ERR13927574.21494	628	17.5334
ERR13927574.21495	1593	19.8198
ERR13927574.21496	1572	19.7080
ERR13927574.21497	1533	13.4932
ERR13927574.21498	1583	21.7397
ERR13927574.21499	1563	16.8407
ERR13927574.21500	1592	21.1256
ERR13927574.21501	1579	17.0082
ERR13927574.21502	1520	14.9868
ERR13927574.21503	1620	21.8253
ERR13927574.21504	1552	18.0947
ERR13927574.21505	1062	20.7053
ERR13927574.21506	1584	17.4274
ERR13927574.21507	1553	16.4095
ERR13927574.21508	1590	17.3509
ERR13927574.21509	1594	17.3821
ERR13927574.21510	1605	19.7975
ERR13927574.21511	1593	15.1337
ERR13927574.21512	1572	18.7907
ERR13927574.21513	1584	18.6452
ERR13927574.21514	1576	18.8617
ERR13927574.21515	1558	18.6303
ERR13927574.21516	1533	15.8154
ERR13927574.21517	1618	17.9091
ERR13927574.21518	1555	19.6887
ERR13927574.21519	1563	16.2892
ERR13927574.21520	1598	20.0839
ERR13927574.21521	1540	15.0461
ERR13927574.21522	1569	18.8311
ERR13927574.21523	1598	17.6508
ERR13927574.21524	1584	18.1597
ERR13927574.21525	1561	18.8155
ERR13927574.21526	1537	16.3247
ERR13927574.21527	1621	19.1826
ERR13927574.21528	1580	20.7386
ERR13927574.21529	1614	19.1134
ERR13927574.21530	1576	16.6802
ERR13927574.21531	1607	20.3759
ERR13927574.21532	1586	17.3941
ERR13927574.21533	1597	15.9180
ERR13927574.21534	1562	15.5275
ERR13927574.21535	1588	17.9616
ERR13927574.21536	1576	16.7614
ERR13927574.21537	1605	18.4916
ERR13927574.21538	1571	20.1961
ERR13927574.21539	1570	19.4166
ERR13927574.21540	1569	19.9892
ERR13927574.21541	1558	14.6130
ERR13927574.21542	1615	18.9288
ERR13927574.21543	1172	19.4625
ERR13927574.21544	1561	16.8225
ERR13927574.21545	1616	18.3663
ERR13927574.21546	1560	20.6641
ERR13927574.21547	1591	19.8026
ERR13927574.21548	1558	16.2208
ERR13927574.21549	1623	18.0160
ERR13927574.21550	1607	15.4611
ERR13927574.21551	1523	18.9902
ERR13927574.21552	1551	21.1270
ERR13927574.21553	1549	19.3189
ERR13927574.21554	1551	17.9523
ERR13927574.21555	1594	18.9417
ERR13927574.21556	1585	17.2574
ERR13927574.21557	1593	17.6114
ERR13927574.21558	1573	22.1723
ERR13927574.21559	1575	15.3498
ERR13927574.21560	1591	18.6713
ERR13927574.21561	1559	21.0988
ERR13927574.21562	1591	17.8404
ERR13927574.21563	1598	19.2829
ERR13927574.21564	1550	17.8716
ERR13927574.21565	1612	19.4615
ERR13927574.21566	1552	18.0683
ERR13927574.21567	1600	15.9138
ERR13927574.21568	1602	18.6017
ERR13927574.21569	1573	17.8442
ERR13927574.21570	1570	20.0459
ERR13927574.21571	1578	15.9366
ERR13927574.21572	1616	20.7673
ERR13927574.21573	1601	18.1899
ERR13927574.21574	1557	16.0539
ERR13927574.21575	1607	20.3298
ERR13927574.21576	1579	19.4946
ERR13927574.21577	1650	19.0570
ERR13927574.21578	1588	20.1499
ERR13927574.21579	1547	19.9289
ERR13927574.21580	1567	20.1825
ERR13927574.21581	1560	19.8282
ERR13927574.21582	1590	20.3189
ERR13927574.21583	1538	16.0923
ERR13927574.21584	1617	18.4867
ERR13927574.21585	1572	19.6399
ERR13927574.21586	1577	19.3970
ERR13927574.21587	1553	18.0515
ERR13927574.21588	1628	18.8299
ERR13927574.21589	1590	16.3610
ERR13927574.21590	1546	16.8389
ERR13927574.21591	1550	17.1355
ERR13927574.21592	1561	20.2268
ERR13927574.21593	1599	20.6116
ERR13927574.21594	1604	19.5150
ERR13927574.21595	884	19.8507
ERR13927574.21596	1543	17.7174
ERR13927574.21597	1576	15.3680
ERR13927574.21598	1600	15.6425
ERR13927574.21599	1537	19.6070
ERR13927574.21600	1605	17.9427
ERR13927574.21601	1526	15.9620
ERR13927574.21602	1551	19.3894
ERR13927574.21603	1580	17.8962
ERR13927574.21604	1565	18.9668
ERR13927574.21605	1581	19.8280
ERR13927574.21606	1582	19.6839
ERR13927574.21607	1612	19.6967
ERR13927574.21608	1611	18.8690
ERR13927574.21609	1618	16.0562
ERR13927574.21610	1582	19.5752
ERR13927574.21611	1559	15.5843
ERR13927574.21612	1586	20.4124
ERR13927574.21613	1584	17.9653
ERR13927574.21614	1601	19.4072
ERR13927574.21615	1560	15.4795
ERR13927574.21616	1586	18.8903
ERR13927574.21617	1597	18.5548
ERR13927574.21618	1577	20.7749
ERR13927574.21619	1580	17.0443
ERR13927574.21620	1617	15.7638
ERR13927574.21621	1614	19.0316
ERR13927574.21622	1585	15.7489
ERR13927574.21623	1619	20.2421
ERR13927574.21624	1608	20.5299
ERR13927574.21625	1572	18.7424
ERR13927574.21626	1173	17.0699
ERR13927574.21627	1620	18.7167
ERR13927574.21628	1586	18.0977
ERR13927574.21629	1614	21.0973
ERR13927574.21630	1593	20.2065
ERR13927574.21631	1618	19.9357
ERR13927574.21632	1598	16.0682
ERR13927574.21633	1609	20.4929
ERR13927574.21634	1610	15.8720
ERR13927574.21635	1619	19.5707
ERR13927574.21636	1512	15.3737
ERR13927574.21637	1546	21.0019
ERR13927574.21638	1587	18.5583
ERR13927574.21639	1570	19.4752
ERR13927574.21640	1604	19.9158
ERR13927574.21641	1576	18.8160
ERR13927574.21642	1566	19.0849
ERR13927574.21643	1562	15.7631
ERR13927574.21644	1557	18.9846
ERR13927574.21645	1610	18.5025
ERR13927574.21646	1570	17.6510
ERR13927574.21647	1618	19.7960
ERR13927574.21648	1527	18.2004
ERR13927574.21649	1615	19.1889
ERR13927574.21650	1571	19.0516
ERR13927574.21651	1553	18.5145
ERR13927574.21652	1576	14.4289
ERR13927574.21653	1592	16.2745
ERR13927574.21654	1560	21.5987
ERR13927574.21655	1577	18.2169
ERR13927574.21656	1569	18.1217
ERR13927574.21657	1553	16.3071
ERR13927574.21658	1588	19.6304
ERR13927574.21659	1566	20.5262
ERR13927574.21660	1557	19.2877
ERR13927574.21661	1623	17.7776
ERR13927574.21662	1571	19.8160
ERR13927574.21663	1602	20.4007
ERR13927574.21664	1608	20.2562
ERR13927574.21665	1585	19.1811
ERR13927574.21666	1566	16.0377
ERR13927574.21667	1574	21.4504
ERR13927574.21668	1602	17.6429
ERR13927574.21669	1571	18.5239
ERR13927574.21670	1584	19.6856
ERR13927574.21671	1601	18.2698
ERR13927574.21672	1633	20.3772
ERR13927574.21673	1583	21.5407
ERR13927574.21674	1582	18.1296
ERR13927574.21675	1566	18.6335
ERR13927574.21676	1610	16.4404
ERR13927574.21677	1592	19.5496
ERR13927574.21678	1535	15.7876
ERR13927574.21679	297	16.3333
ERR13927574.21680	1584	18.3965
ERR13927574.21681	495	16.2444
ERR13927574.21682	1589	16.5035
ERR13927574.21683	1578	18.2269
ERR13927574.21684	1581	19.5623
ERR13927574.21685	1590	15.5572
ERR13927574.21686	1603	18.1915
ERR13927574.21687	1556	15.7179
ERR13927574.21688	1588	17.7538
ERR13927574.21689	1587	21.5028
ERR13927574.21690	1598	18.2891
ERR13927574.21691	1170	20.2538
ERR13927574.21692	1556	21.0733
ERR13927574.21693	1602	19.2940
ERR13927574.21694	1523	15.8076
ERR13927574.21695	173	14.9538
ERR13927574.21696	1618	16.7417
ERR13927574.21697	1539	15.0864
ERR13927574.21698	1587	17.4644
ERR13927574.21699	1565	18.6812
ERR13927574.21700	1585	15.0366
ERR13927574.21701	1605	19.8324
ERR13927574.21702	1585	15.8309
ERR13927574.21703	1604	14.7020
ERR13927574.21704	1702	18.2344
ERR13927574.21705	1574	19.8501
ERR13927574.21706	1587	19.9408
ERR13927574.21707	1586	18.1066
ERR13927574.21708	1567	20.0013
ERR13927574.21709	1567	18.7160
ERR13927574.21710	1604	19.7625
ERR13927574.21711	1606	18.0006
ERR13927574.21712	1586	18.4773
ERR13927574.21713	1554	18.2780
ERR13927574.21714	1628	16.5964
ERR13927574.21715	1775	19.3628
ERR13927574.21716	1577	15.7616
ERR13927574.21717	1562	16.6453
ERR13927574.21718	1562	16.0499
ERR13927574.21719	1613	19.0353
ERR13927574.21720	1644	18.3084
ERR13927574.21721	1566	16.1162
ERR13927574.21722	1584	15.9874
ERR13927574.21723	1556	16.8907
ERR13927574.21724	1717	17.8567
ERR13927574.21725	1579	20.2204
ERR13927574.21726	1564	20.5153
ERR13927574.21727	490	13.6469
ERR13927574.21728	1598	17.2960
ERR13927574.21729	1566	18.8314
ERR13927574.21730	1587	20.0498
ERR13927574.21731	1577	16.6557
ERR13927574.21732	1598	17.2553
ERR13927574.21733	1573	18.9682
ERR13927574.21734	1567	20.7167
ERR13927574.21735	1604	18.3242
ERR13927574.21736	1531	17.1261
ERR13927574.21737	1585	18.1174
ERR13927574.21738	1556	17.2898
ERR13927574.21739	1574	19.7414
ERR13927574.21740	1577	17.1401
ERR13927574.21741	1557	16.8176
ERR13927574.21742	1601	20.0394
ERR13927574.21743	1615	20.4248
ERR13927574.21744	1640	20.8774
ERR13927574.21745	1577	15.2486
ERR13927574.21746	1556	15.5116
ERR13927574.21747	1635	19.9352
ERR13927574.21748	1603	19.1859
ERR13927574.21749	1554	19.4633
ERR13927574.21750	1537	17.8243
ERR13927574.21751	1735	20.8646
ERR13927574.21752	1622	20.6430
ERR13927574.21753	1603	16.4604
ERR13927574.21754	1587	18.3655
ERR13927574.21755	1601	18.7139
ERR13927574.21756	1589	19.9924
ERR13927574.21757	1604	17.3697
ERR13927574.21758	1510	16.4589
ERR13927574.21759	1573	18.3630
ERR13927574.21760	1586	20.6444
ERR13927574.21761	1585	20.6719
ERR13927574.21762	1560	17.4744
ERR13927574.21763	1560	21.3019
ERR13927574.21764	1540	18.1721
ERR13927574.21765	1602	19.9438
ERR13927574.21766	1600	19.9481
ERR13927574.21767	1608	20.6306
ERR13927574.21768	1612	15.8046
ERR13927574.21769	1540	18.1240
ERR13927574.21770	304	16.7961
ERR13927574.21771	1602	19.1336
ERR13927574.21772	1341	18.6801
ERR13927574.21773	1586	16.1494
ERR13927574.21774	1573	16.7940
ERR13927574.21775	1496	16.5134
ERR13927574.21776	1570	15.2720
ERR13927574.21777	1608	20.0354
ERR13927574.21778	1619	19.0537
ERR13927574.21779	1535	18.6645
ERR13927574.21780	1617	20.7662
ERR13927574.21781	1605	18.9308
ERR13927574.21782	1541	18.8215
ERR13927574.21783	1563	18.1945
ERR13927574.21784	1703	16.0464
ERR13927574.21785	1491	21.0523
ERR13927574.21786	1581	17.2770
ERR13927574.21787	1623	18.5533
ERR13927574.21788	1552	15.8892
ERR13927574.21789	1616	20.3521
ERR13927574.21790	1595	19.6063
ERR13927574.21791	1588	21.5617
ERR13927574.21792	1571	19.2572
ERR13927574.21793	1611	21.0950
ERR13927574.21794	1579	20.2749
ERR13927574.21795	1636	18.6510
ERR13927574.21796	1560	18.0058
ERR13927574.21797	1585	19.9779
ERR13927574.21798	1558	15.3954
ERR13927574.21799	1641	19.5161
ERR13927574.21800	1564	16.4885
ERR13927574.21801	1553	15.3941
ERR13927574.21802	1623	19.5287
ERR13927574.21803	1614	19.7237
ERR13927574.21804	1569	19.3027
ERR13927574.21805	1578	19.2072
ERR13927574.21806	1583	18.3184
ERR13927574.21807	1626	15.8561
ERR13927574.21808	1588	16.4458
ERR13927574.21809	1520	15.9493
ERR13927574.21810	1563	14.8177
ERR13927574.21811	1617	14.3741
ERR13927574.21812	1569	19.3996
ERR13927574.21813	1580	18.8911
ERR13927574.21814	1604	18.7999
ERR13927574.21815	1608	19.4925
ERR13927574.21816	1562	21.2907
ERR13927574.21817	1609	18.4506
ERR13927574.21818	1558	18.4583
ERR13927574.21819	1544	16.3083
ERR13927574.21820	1580	19.1323
ERR13927574.21821	1630	19.9497
ERR13927574.21822	1587	19.0586
ERR13927574.21823	1600	18.6406
ERR13927574.21824	1563	16.6206
ERR13927574.21825	1600	19.6675
ERR13927574.21826	1577	19.6278
ERR13927574.21827	1585	20.8801
ERR13927574.21828	1613	18.5115
ERR13927574.21829	1557	18.6435
ERR13927574.21830	1575	16.4654
ERR13927574.21831	1597	20.6036
ERR13927574.21832	1578	18.5691
ERR13927574.21833	1549	20.2957
ERR13927574.21834	1588	20.0183
ERR13927574.21835	1584	21.0549
ERR13927574.21836	1572	17.6215
ERR13927574.21837	1538	20.2627
ERR13927574.21838	211	18.7630
ERR13927574.21839	1594	20.4605
ERR13927574.21840	1575	15.3340
ERR13927574.21841	1599	18.7749
ERR13927574.21842	1573	16.8894
ERR13927574.21843	1609	19.1075
ERR13927574.21844	1570	15.7236
ERR13927574.21845	1275	19.8290
ERR13927574.21846	1533	16.3588
ERR13927574.21847	1602	19.8233
ERR13927574.21848	1611	21.2266
ERR13927574.21849	1580	19.5601
ERR13927574.21850	1598	20.4224
ERR13927574.21851	1573	16.5982
ERR13927574.21852	1565	18.6134
ERR13927574.21853	1619	19.6096
ERR13927574.21854	1585	17.6789
ERR13927574.21855	1606	19.4888
ERR13927574.21856	1515	15.3432
ERR13927574.21857	1596	18.5827
ERR13927574.21858	1600	21.3619
ERR13927574.21859	1609	16.4618
ERR13927574.21860	1632	18.7488
ERR13927574.21861	1569	19.9229
ERR13927574.21862	1563	22.3525
ERR13927574.21863	1607	21.4941
ERR13927574.21864	1554	17.4929
ERR13927574.21865	1567	19.1532
ERR13927574.21866	1548	19.5782
ERR13927574.21867	1555	16.7100
ERR13927574.21868	1581	18.3757
ERR13927574.21869	1569	17.6106
ERR13927574.21870	1613	16.9473
ERR13927574.21871	1589	20.6149
ERR13927574.21872	1590	19.5918
ERR13927574.21873	1597	19.3932
ERR13927574.21874	1626	21.2306
ERR13927574.21875	1536	19.0586
ERR13927574.21876	1572	17.7487
ERR13927574.21877	1605	15.8293
ERR13927574.21878	1617	17.8200
ERR13927574.21879	1600	16.3562
ERR13927574.21880	1577	19.8535
ERR13927574.21881	1583	19.7915
ERR13927574.21882	1611	16.4364
ERR13927574.21883	1589	17.9994
ERR13927574.21884	1593	19.7684
ERR13927574.21885	1613	18.9715
ERR13927574.21886	1583	15.3689
ERR13927574.21887	1544	16.5447
ERR13927574.21888	1602	17.3096
ERR13927574.21889	1607	20.4175
ERR13927574.21890	1659	19.6323
ERR13927574.21891	1552	16.0870
ERR13927574.21892	1591	15.6593
ERR13927574.21893	1575	16.5162
ERR13927574.21894	1560	17.4083
ERR13927574.21895	1615	20.1288
ERR13927574.21896	1572	21.2894
ERR13927574.21897	1592	18.1087
ERR13927574.21898	1609	18.7458
ERR13927574.21899	1572	15.6915
ERR13927574.21900	1661	19.8122
ERR13927574.21901	1600	18.7656
ERR13927574.21902	1697	15.9599
ERR13927574.21903	1577	20.1091
ERR13927574.21904	1593	18.9617
ERR13927574.21905	1592	18.8894
ERR13927574.21906	1585	18.5842
ERR13927574.21907	1599	18.2489
ERR13927574.21908	1566	16.0728
ERR13927574.21909	1520	18.4007
ERR13927574.21910	1592	19.2431
ERR13927574.21911	1545	17.4945
ERR13927574.21912	1625	20.5409
ERR13927574.21913	1556	14.7500
ERR13927574.21914	1578	19.8631
ERR13927574.21915	1598	17.7910
ERR13927574.21916	1623	17.4085
ERR13927574.21917	1613	20.0973
ERR13927574.21918	1409	17.6941
ERR13927574.21919	1611	20.1173
ERR13927574.21920	1557	19.2498
ERR13927574.21921	1555	21.3151
ERR13927574.21922	1625	19.6603
ERR13927574.21923	1572	17.7258
ERR13927574.21924	1592	21.0999
ERR13927574.21925	1553	21.2930
ERR13927574.21926	1603	16.2895
ERR13927574.21927	196	17.6735
ERR13927574.21928	1599	17.6379
ERR13927574.21929	1611	20.5270
ERR13927574.21930	1610	16.7832
ERR13927574.21931	1555	17.9852
ERR13927574.21932	1681	15.6026
ERR13927574.21933	1566	16.2184
ERR13927574.21934	1599	15.5791
ERR13927574.21935	1567	19.8909
ERR13927574.21936	1717	20.5020
ERR13927574.21937	1604	19.2276
ERR13927574.21938	1611	18.1850
ERR13927574.21939	1585	17.1274
ERR13927574.21940	1570	18.2854
ERR13927574.21941	1553	18.2183
ERR13927574.21942	1605	15.3813
ERR13927574.21943	1570	16.6854
ERR13927574.21944	1581	19.7875
ERR13927574.21945	1622	17.2824
ERR13927574.21946	1572	18.0528
ERR13927574.21947	1546	16.0750
ERR13927574.21948	1566	22.3359
ERR13927574.21949	1596	19.2343
ERR13927574.21950	1627	15.3762
ERR13927574.21951	1549	19.0226
ERR13927574.21952	1559	15.0981
ERR13927574.21953	1593	20.5851
ERR13927574.21954	1619	16.8802
ERR13927574.21955	1551	17.5139
ERR13927574.21956	1630	15.0755
ERR13927574.21957	1568	20.5593
ERR13927574.21958	1513	16.5684
ERR13927574.21959	1596	15.7857
ERR13927574.21960	1731	17.8972
ERR13927574.21961	1557	16.3815
ERR13927574.21962	1618	20.8918
ERR13927574.21963	1587	18.0170
ERR13927574.21964	1595	20.3273
ERR13927574.21965	1579	18.2299
ERR13927574.21966	1613	21.3577
ERR13927574.21967	1691	21.3294
ERR13927574.21968	934	22.3822
ERR13927574.21969	1582	16.1593
ERR13927574.21970	1604	20.3254
ERR13927574.21971	1583	19.7890
ERR13927574.21972	1601	20.1487
ERR13927574.21973	1605	19.9701
ERR13927574.21974	1563	21.2188
ERR13927574.21975	1615	16.9529
ERR13927574.21976	1562	20.7606
ERR13927574.21977	1601	19.6996
ERR13927574.21978	1569	20.4882
ERR13927574.21979	1572	19.2805
ERR13927574.21980	1577	18.2372
ERR13927574.21981	1562	19.5691
ERR13927574.21982	1557	19.6686
ERR13927574.21983	1576	20.0926
ERR13927574.21984	1621	16.9241
ERR13927574.21985	1609	17.5625
ERR13927574.21986	1589	18.8502
ERR13927574.21987	1576	15.7570
ERR13927574.21988	1542	19.2361
ERR13927574.21989	1586	17.7900
ERR13927574.21990	1606	19.7235
ERR13927574.21991	1566	19.5568
ERR13927574.21992	1572	19.2551
ERR13927574.21993	547	15.1079
ERR13927574.21994	1638	19.8926
ERR13927574.21995	1578	20.5957
ERR13927574.21996	1592	18.2236
ERR13927574.21997	1583	19.6134
ERR13927574.21998	1608	19.8713
ERR13927574.21999	1593	16.8267
ERR13927574.22000	1573	16.9243
ERR13927574.22001	1576	18.3655
ERR13927574.22002	1605	19.7321
ERR13927574.22003	1608	15.8340
ERR13927574.22004	1586	17.5372
ERR13927574.22005	1577	18.7901
ERR13927574.22006	1551	19.6280
ERR13927574.22007	1592	16.2795
ERR13927574.22008	1606	22.3151
ERR13927574.22009	1582	19.3394
ERR13927574.22010	1603	18.8883
ERR13927574.22011	1532	18.3864
ERR13927574.22012	1592	20.3134
ERR13927574.22013	1586	22.0082
ERR13927574.22014	1560	17.9250
ERR13927574.22015	1573	15.9898
ERR13927574.22016	1588	19.6599
ERR13927574.22017	1594	17.2566
ERR13927574.22018	1567	19.0970
ERR13927574.22019	1588	15.1656
ERR13927574.22020	1619	19.2650
ERR13927574.22021	1576	18.9753
ERR13927574.22022	1541	15.0279
ERR13927574.22023	1578	22.7624
ERR13927574.22024	1620	16.9025
ERR13927574.22025	1559	15.7402
ERR13927574.22026	1626	20.9772
ERR13927574.22027	1620	16.1537
ERR13927574.22028	1592	21.9196
ERR13927574.22029	1604	19.3123
ERR13927574.22030	1607	20.0952
ERR13927574.22031	1619	19.5923
ERR13927574.22032	1549	15.1039
ERR13927574.22033	1573	19.4692
ERR13927574.22034	1548	15.4406
ERR13927574.22035	1544	18.7617
ERR13927574.22036	1573	19.5722
ERR13927574.22037	1575	17.4457
ERR13927574.22038	1599	19.5791
ERR13927574.22039	1583	19.6109
ERR13927574.22040	1582	20.7509
ERR13927574.22041	1565	15.2351
ERR13927574.22042	1569	19.9203
ERR13927574.22043	1738	15.6824
ERR13927574.22044	1574	17.7789
ERR13927574.22045	1625	21.7871
ERR13927574.22046	1606	17.9900
ERR13927574.22047	1602	17.6030
ERR13927574.22048	1613	18.8859
ERR13927574.22049	1587	19.3403
ERR13927574.22050	1559	16.1796
ERR13927574.22051	1592	20.2764
ERR13927574.22052	1580	17.3652
ERR13927574.22053	1609	19.9149
ERR13927574.22054	1573	18.9491
ERR13927574.22055	1599	16.0294
ERR13927574.22056	1565	20.4914
ERR13927574.22057	1170	19.0829
ERR13927574.22058	1563	17.8912
ERR13927574.22059	1569	22.2913
ERR13927574.22060	1606	18.1507
ERR13927574.22061	1564	18.5141
ERR13927574.22062	1558	16.6996
ERR13927574.22063	1612	17.4727
ERR13927574.22064	1574	20.5604
ERR13927574.22065	1606	18.1824
ERR13927574.22066	1598	15.2854
ERR13927574.22067	1581	16.3017
ERR13927574.22068	1614	18.2485
ERR13927574.22069	1617	21.3228
ERR13927574.22070	1592	19.5760
ERR13927574.22071	1544	18.6153
ERR13927574.22072	1551	18.7331
ERR13927574.22073	1698	20.7968
ERR13927574.22074	1570	15.3503
ERR13927574.22075	639	19.1800
ERR13927574.22076	1615	19.5703
ERR13927574.22077	1603	19.5209
ERR13927574.22078	1601	16.6040
ERR13927574.22079	1613	20.6249
ERR13927574.22080	1721	18.1441
ERR13927574.22081	1613	18.6882
ERR13927574.22082	1567	16.5329
ERR13927574.22083	1595	18.2138
ERR13927574.22084	1596	20.8878
ERR13927574.22085	1576	20.5127
ERR13927574.22086	1560	15.4321
ERR13927574.22087	1584	16.0461
ERR13927574.22088	1606	15.5697
ERR13927574.22089	1588	17.8224
ERR13927574.22090	1610	18.1193
ERR13927574.22091	1554	16.0360
ERR13927574.22092	1548	18.6008
ERR13927574.22093	1586	20.5429
ERR13927574.22094	1576	16.3737
ERR13927574.22095	1580	18.6190
ERR13927574.22096	1554	16.5135
ERR13927574.22097	1591	19.1433
ERR13927574.22098	1620	20.5926
ERR13927574.22099	1550	17.6665
ERR13927574.22100	1613	18.7880
ERR13927574.22101	1570	17.6274
ERR13927574.22102	1603	16.2820
ERR13927574.22103	1575	20.1200
ERR13927574.22104	1574	18.2706
ERR13927574.22105	1576	14.6967
ERR13927574.22106	1541	21.6262
ERR13927574.22107	1562	19.8265
ERR13927574.22108	1591	16.7693
ERR13927574.22109	1610	20.2752
ERR13927574.22110	1582	17.1277
ERR13927574.22111	1619	18.9055
ERR13927574.22112	1591	20.4796
ERR13927574.22113	1057	16.1485
ERR13927574.22114	1565	19.2946
ERR13927574.22115	1588	17.3778
ERR13927574.22116	1509	15.6382
ERR13927574.22117	1573	18.3992
ERR13927574.22118	1599	20.2333
ERR13927574.22119	1613	18.4482
ERR13927574.22120	1503	18.7385
ERR13927574.22121	1561	17.3472
ERR13927574.22122	1633	19.1874
ERR13927574.22123	1597	19.8867
ERR13927574.22124	1626	17.9268
ERR13927574.22125	1601	16.8763
ERR13927574.22126	1589	20.8628
ERR13927574.22127	1626	18.7835
ERR13927574.22128	1607	19.6857
ERR13927574.22129	1734	18.6113
ERR13927574.22130	1328	15.4503
ERR13927574.22131	1595	16.1718
ERR13927574.22132	1539	15.3073
ERR13927574.22133	1578	20.9499
ERR13927574.22134	1360	19.2632
ERR13927574.22135	1537	16.2570
ERR13927574.22136	1650	16.5085
ERR13927574.22137	1591	18.8385
ERR13927574.22138	1581	18.9431
ERR13927574.22139	1590	18.5623
ERR13927574.22140	1593	18.7194
ERR13927574.22141	1598	19.1621
ERR13927574.22142	1562	17.2990
ERR13927574.22143	1613	16.9306
ERR13927574.22144	1553	18.5505
ERR13927574.22145	1546	19.5783
ERR13927574.22146	1605	20.0430
ERR13927574.22147	1589	17.1957
ERR13927574.22148	1575	19.1035
ERR13927574.22149	1570	20.0854
ERR13927574.22150	1544	18.1548
ERR13927574.22151	1600	19.2519
ERR13927574.22152	1604	17.7706
ERR13927574.22153	1612	18.0695
ERR13927574.22154	1621	16.3319
ERR13927574.22155	1576	21.3744
ERR13927574.22156	1567	19.8692
ERR13927574.22157	1653	19.0563
ERR13927574.22158	1579	17.5130
ERR13927574.22159	1619	20.7085
ERR13927574.22160	1671	20.8564
ERR13927574.22161	1502	15.9268
ERR13927574.22162	1543	15.5982
ERR13927574.22163	281	11.1246
ERR13927574.22164	1558	18.8466
ERR13927574.22165	1574	21.6550
ERR13927574.22166	1586	17.0195
ERR13927574.22167	1601	19.1224
ERR13927574.22168	1600	17.5044
ERR13927574.22169	1607	20.2558
ERR13927574.22170	1569	20.4691
ERR13927574.22171	1615	15.9090
ERR13927574.22172	1599	16.4428
ERR13927574.22173	747	19.6238
ERR13927574.22174	1550	17.0077
ERR13927574.22175	1581	14.5136
ERR13927574.22176	1614	20.7807
ERR13927574.22177	1596	19.5902
ERR13927574.22178	1626	21.1396
ERR13927574.22179	1600	20.3256
ERR13927574.22180	1588	18.4893
ERR13927574.22181	1575	19.6635
ERR13927574.22182	1531	16.8981
ERR13927574.22183	1567	20.9362
ERR13927574.22184	1604	17.5655
ERR13927574.22185	1583	18.9697
ERR13927574.22186	1581	19.1999
ERR13927574.22187	1603	16.8628
ERR13927574.22188	1598	15.4750
ERR13927574.22189	1611	19.5196
ERR13927574.22190	1554	18.4607
ERR13927574.22191	1631	17.9019
ERR13927574.22192	1569	17.0778
ERR13927574.22193	1593	20.6974
ERR13927574.22194	1585	18.8479
ERR13927574.22195	220	16.6955
ERR13927574.22196	1617	17.5720
ERR13927574.22197	1590	20.5000
ERR13927574.22198	1561	14.6003
ERR13927574.22199	1565	19.2204
ERR13927574.22200	586	14.7218
ERR13927574.22201	1586	20.0063
ERR13927574.22202	1460	20.4664
ERR13927574.22203	1608	19.0690
ERR13927574.22204	1582	18.9431
ERR13927574.22205	1607	17.7144
ERR13927574.22206	1608	20.3128
ERR13927574.22207	1584	16.6218
ERR13927574.22208	1619	16.5485
ERR13927574.22209	1581	18.3884
ERR13927574.22210	1597	17.8378
ERR13927574.22211	1571	17.5201
ERR13927574.22212	1600	18.4625
ERR13927574.22213	1576	14.3756
ERR13927574.22214	972	20.3652
ERR13927574.22215	1588	18.3911
ERR13927574.22216	1576	16.5070
ERR13927574.22217	1624	19.0696
ERR13927574.22218	1580	20.3741
ERR13927574.22219	1563	16.8951
ERR13927574.22220	1480	15.0878
ERR13927574.22221	1561	18.7393
ERR13927574.22222	1599	18.9944
ERR13927574.22223	1553	18.6549
ERR13927574.22224	1624	18.2802
ERR13927574.22225	1574	14.8513
ERR13927574.22226	1574	16.2548
ERR13927574.22227	1613	19.5263
ERR13927574.22228	1562	19.0743
ERR13927574.22229	1603	20.5558
ERR13927574.22230	1556	21.6009
ERR13927574.22231	1607	20.2427
ERR13927574.22232	1628	19.8090
ERR13927574.22233	1558	17.5616
ERR13927574.22234	1586	19.3518
ERR13927574.22235	1559	22.6767
ERR13927574.22236	1533	15.5421
ERR13927574.22237	1573	17.6211
ERR13927574.22238	1583	20.2950
ERR13927574.22239	1626	18.7774
ERR13927574.22240	1566	20.2452
ERR13927574.22241	1602	19.5974
ERR13927574.22242	1540	15.7656
ERR13927574.22243	1600	16.0706
ERR13927574.22244	1578	16.7383
ERR13927574.22245	1566	17.0888
ERR13927574.22246	1598	16.7040
ERR13927574.22247	1520	15.2474
ERR13927574.22248	1594	19.9824
ERR13927574.22249	1573	14.7336
ERR13927574.22250	1548	16.9399
ERR13927574.22251	1560	19.9910
ERR13927574.22252	1578	17.0184
ERR13927574.22253	1597	19.8741
ERR13927574.22254	1587	14.0479
ERR13927574.22255	1584	19.1869
ERR13927574.22256	1563	18.4581
ERR13927574.22257	1610	18.9925
ERR13927574.22258	1567	14.2840
ERR13927574.22259	1608	19.5006
ERR13927574.22260	1622	17.3268
ERR13927574.22261	1609	20.7570
ERR13927574.22262	1610	16.1205
ERR13927574.22263	1599	15.8243
ERR13927574.22264	1564	14.8894
ERR13927574.22265	3203	16.8938
ERR13927574.22266	1635	20.3560
ERR13927574.22267	1575	20.0063
ERR13927574.22268	1572	18.5140
ERR13927574.22269	1583	18.5382
ERR13927574.22270	1594	18.5747
ERR13927574.22271	887	15.1826
ERR13927574.22272	1602	17.7409
ERR13927574.22273	1568	18.6256
ERR13927574.22274	1554	16.7542
ERR13927574.22275	1599	18.9800
ERR13927574.22276	1587	17.1972
ERR13927574.22277	1620	17.5975
ERR13927574.22278	1571	17.2489
ERR13927574.22279	1617	20.5622
ERR13927574.22280	1722	14.4303
ERR13927574.22281	1590	17.2453
ERR13927574.22282	1399	18.3760
ERR13927574.22283	1608	18.4260
ERR13927574.22284	1594	20.2804
ERR13927574.22285	1584	19.7645
ERR13927574.22286	1611	18.2849
ERR13927574.22287	1563	20.6148
ERR13927574.22288	1567	18.4990
ERR13927574.22289	1553	19.4713
ERR13927574.22290	1561	18.0538
ERR13927574.22291	1614	19.2627
ERR13927574.22292	1702	18.4213
ERR13927574.22293	1579	17.0728
ERR13927574.22294	1579	17.4908
ERR13927574.22295	1613	19.0725
ERR13927574.22296	1610	19.5373
ERR13927574.22297	1580	20.1829
ERR13927574.22298	1632	18.5650
ERR13927574.22299	1531	16.7923
ERR13927574.22300	1599	21.5028
ERR13927574.22301	1602	19.8327
ERR13927574.22302	1560	16.5083
ERR13927574.22303	1610	20.2907
ERR13927574.22304	1525	16.3915
ERR13927574.22305	1590	14.4836
ERR13927574.22306	1616	16.1151
ERR13927574.22307	1631	17.4120
ERR13927574.22308	1599	18.0957
ERR13927574.22309	1595	18.1455
ERR13927574.22310	253	13.5810
ERR13927574.22311	1608	18.0759
ERR13927574.22312	1601	18.8844
ERR13927574.22313	1549	16.8147
ERR13927574.22314	1605	19.8748
ERR13927574.22315	1608	15.3122
ERR13927574.22316	1568	17.9343
ERR13927574.22317	1601	18.8226
ERR13927574.22318	1571	18.8600
ERR13927574.22319	1590	16.1686
ERR13927574.22320	1598	17.8173
ERR13927574.22321	1600	20.4906
ERR13927574.22322	1610	21.2012
ERR13927574.22323	1575	18.7575
ERR13927574.22324	1588	17.8873
ERR13927574.22325	1556	17.0206
ERR13927574.22326	1592	16.3122
ERR13927574.22327	1580	22.2665
ERR13927574.22328	1576	17.2360
ERR13927574.22329	1584	20.0366
ERR13927574.22330	1608	19.3750
ERR13927574.22331	1572	16.8085
ERR13927574.22332	1574	20.3285
ERR13927574.22333	1597	18.6312
ERR13927574.22334	1572	17.4663
ERR13927574.22335	1564	16.4015
ERR13927574.22336	1578	22.0925
ERR13927574.22337	1622	18.7096
ERR13927574.22338	1595	18.9774
ERR13927574.22339	1531	16.0810
ERR13927574.22340	1607	20.3086
ERR13927574.22341	1583	16.2900
ERR13927574.22342	1613	20.2536
ERR13927574.22343	1534	18.6441
ERR13927574.22344	1519	18.0474
ERR13927574.22345	1577	17.4610
ERR13927574.22346	1583	19.1352
ERR13927574.22347	1611	19.9212
ERR13927574.22348	1559	15.0148
ERR13927574.22349	1579	20.1393
ERR13927574.22350	1601	16.3036
ERR13927574.22351	1577	21.5986
ERR13927574.22352	1566	18.7893
ERR13927574.22353	1605	21.2766
ERR13927574.22354	1599	20.3139
ERR13927574.22355	1578	19.2389
ERR13927574.22356	1608	20.2643
ERR13927574.22357	1571	19.7842
ERR13927574.22358	1529	19.1517
ERR13927574.22359	1572	15.5102
ERR13927574.22360	1553	16.5229
ERR13927574.22361	1627	20.7738
ERR13927574.22362	1622	22.1097
ERR13927574.22363	1611	15.9255
ERR13927574.22364	1600	15.4206
ERR13927574.22365	1526	15.8231
ERR13927574.22366	1610	21.0863
ERR13927574.22367	1573	18.6516
ERR13927574.22368	1608	19.5267
ERR13927574.22369	405	16.7037
ERR13927574.22370	1571	17.5468
ERR13927574.22371	1624	17.3313
ERR13927574.22372	1608	17.6244
ERR13927574.22373	1598	19.9280
ERR13927574.22374	1569	17.4621
ERR13927574.22375	1398	19.7153
ERR13927574.22376	1567	17.2814
ERR13927574.22377	1626	19.5879
ERR13927574.22378	1587	18.8708
ERR13927574.22379	1600	15.8694
ERR13927574.22380	1571	15.7753
ERR13927574.22381	1567	21.1110
ERR13927574.22382	1596	18.7274
ERR13927574.22383	1607	17.3721
ERR13927574.22384	1614	20.7881
ERR13927574.22385	1796	17.3508
ERR13927574.22386	1574	19.3952
ERR13927574.22387	1570	17.8172
ERR13927574.22388	1564	20.4066
ERR13927574.22389	775	20.2568
ERR13927574.22390	1538	14.3992
ERR13927574.22391	1607	18.5725
ERR13927574.22392	1581	19.8697
ERR13927574.22393	1563	20.3007
ERR13927574.22394	1579	20.0266
ERR13927574.22395	1570	19.9522
ERR13927574.22396	1510	19.1993
ERR13927574.22397	1618	20.9363
ERR13927574.22398	1567	19.2853
ERR13927574.22399	1564	16.1074
ERR13927574.22400	1582	19.0082
ERR13927574.22401	1599	19.9900
ERR13927574.22402	1625	17.8923
ERR13927574.22403	1564	21.0767
ERR13927574.22404	1589	15.5563
ERR13927574.22405	1624	21.2087
ERR13927574.22406	1678	16.1907
ERR13927574.22407	1552	21.2281
ERR13927574.22408	1537	15.3728
ERR13927574.22409	1603	18.3231
ERR13927574.22410	1577	19.5751
ERR13927574.22411	1608	21.2183
ERR13927574.22412	1582	15.7617
ERR13927574.22413	1592	18.6244
ERR13927574.22414	1623	19.5453
ERR13927574.22415	1582	18.4260
ERR13927574.22416	1579	21.0279
ERR13927574.22417	601	13.8536
ERR13927574.22418	1566	18.6296
ERR13927574.22419	1578	18.8124
ERR13927574.22420	1593	15.9058
ERR13927574.22421	1620	19.3914
ERR13927574.22422	1617	19.4595
ERR13927574.22423	1555	15.7929
ERR13927574.22424	1593	19.3390
ERR13927574.22425	1598	19.1264
ERR13927574.22426	1574	19.8628
ERR13927574.22427	1585	18.9022
ERR13927574.22428	1594	17.4686
ERR13927574.22429	1626	19.2091
ERR13927574.22430	1573	15.2829
ERR13927574.22431	1607	19.5464
ERR13927574.22432	1557	18.0257
ERR13927574.22433	1563	18.3736
ERR13927574.22434	1628	21.0602
ERR13927574.22435	1568	19.5159
ERR13927574.22436	1585	17.2410
ERR13927574.22437	1561	19.2396
ERR13927574.22438	1596	20.4549
ERR13927574.22439	1596	19.8741
ERR13927574.22440	1556	20.0784
ERR13927574.22441	283	19.7880
ERR13927574.22442	1590	19.3314
ERR13927574.22443	1565	19.1776
ERR13927574.22444	1580	16.6335
ERR13927574.22445	1576	20.9918
ERR13927574.22446	1575	16.7086
ERR13927574.22447	1588	15.8772
ERR13927574.22448	1605	18.2075
ERR13927574.22449	1584	18.7765
ERR13927574.22450	1602	18.8177
ERR13927574.22451	1586	19.5946
ERR13927574.22452	1630	18.8540
ERR13927574.22453	1570	21.0643
ERR13927574.22454	1559	19.6325
ERR13927574.22455	1571	18.4278
ERR13927574.22456	1601	19.0225
ERR13927574.22457	1623	17.7344
ERR13927574.22458	1590	19.3113
ERR13927574.22459	1601	20.6502
ERR13927574.22460	1614	19.1375
ERR13927574.22461	1611	20.9373
ERR13927574.22462	1614	16.9449
ERR13927574.22463	1550	18.3890
ERR13927574.22464	1594	19.1744
ERR13927574.22465	1603	18.4261
ERR13927574.22466	1585	20.1211
ERR13927574.22467	1607	18.7181
ERR13927574.22468	1597	19.9693
ERR13927574.22469	1606	19.2939
ERR13927574.22470	1603	17.5664
ERR13927574.22471	1570	20.5478
ERR13927574.22472	1610	19.6304
ERR13927574.22473	1626	17.4164
ERR13927574.22474	1549	16.2092
ERR13927574.22475	1565	21.4837
ERR13927574.22476	1544	16.6794
ERR13927574.22477	1555	19.4675
ERR13927574.22478	1591	15.7687
ERR13927574.22479	1548	19.6389
ERR13927574.22480	1587	16.9427
ERR13927574.22481	1606	19.2964
ERR13927574.22482	1624	18.1927
ERR13927574.22483	1613	19.1692
ERR13927574.22484	1579	18.0652
ERR13927574.22485	1550	19.5394
ERR13927574.22486	1670	17.0545
ERR13927574.22487	1618	20.9326
ERR13927574.22488	1593	18.9642
ERR13927574.22489	1612	19.3412
ERR13927574.22490	1583	17.8263
ERR13927574.22491	1579	18.7315
ERR13927574.22492	1584	18.3586
ERR13927574.22493	1602	16.3240
ERR13927574.22494	1606	21.5648
ERR13927574.22495	1589	16.3392
ERR13927574.22496	1591	18.8856
ERR13927574.22497	1580	18.0842
ERR13927574.22498	1563	18.5099
ERR13927574.22499	1609	20.0385
ERR13927574.22500	1575	20.8533
ERR13927574.22501	1602	18.6292
ERR13927574.22502	1608	16.5392
ERR13927574.22503	1614	18.9591
ERR13927574.22504	1580	17.4519
ERR13927574.22505	1547	15.3904
ERR13927574.22506	1569	20.0809
ERR13927574.22507	1607	17.8164
ERR13927574.22508	1614	20.0074
ERR13927574.22509	1569	21.6278
ERR13927574.22510	1590	18.4597
ERR13927574.22511	1728	20.9456
ERR13927574.22512	1615	18.5158
ERR13927574.22513	1561	19.2325
ERR13927574.22514	1570	19.1873
ERR13927574.22515	1565	19.2262
ERR13927574.22516	1581	17.9114
ERR13927574.22517	1555	15.0206
ERR13927574.22518	2125	15.7322
ERR13927574.22519	1593	15.7753
ERR13927574.22520	1688	15.8134
ERR13927574.22521	1602	19.0212
ERR13927574.22522	1520	16.7151
ERR13927574.22523	1568	17.7398
ERR13927574.22524	1595	20.2376
ERR13927574.22525	1583	19.8528
ERR13927574.22526	1552	16.7165
ERR13927574.22527	1573	15.2683
ERR13927574.22528	1575	21.1187
ERR13927574.22529	1590	19.8132
ERR13927574.22530	1567	19.1653
ERR13927574.22531	1583	18.4106
ERR13927574.22532	1606	16.9290
ERR13927574.22533	1571	20.5385
ERR13927574.22534	1599	21.1557
ERR13927574.22535	1620	18.9759
ERR13927574.22536	1569	16.7916
ERR13927574.22537	1632	16.4479
ERR13927574.22538	1565	14.8856
ERR13927574.22539	1579	14.8385
ERR13927574.22540	1572	20.2964
ERR13927574.22541	1556	15.5559
ERR13927574.22542	1596	20.7074
ERR13927574.22543	1565	20.3393
ERR13927574.22544	1579	20.7093
ERR13927574.22545	1585	18.9798
ERR13927574.22546	1575	18.9022
ERR13927574.22547	1561	15.8386
ERR13927574.22548	1589	19.4229
ERR13927574.22549	1606	20.1980
ERR13927574.22550	1576	18.4181
ERR13927574.22551	1574	16.5775
ERR13927574.22552	1625	18.1514
ERR13927574.22553	1606	15.2036
ERR13927574.22554	1606	17.7410
ERR13927574.22555	1610	20.5441
ERR13927574.22556	1624	20.1225
ERR13927574.22557	1551	19.0232
ERR13927574.22558	1600	17.5550
ERR13927574.22559	1581	19.4693
ERR13927574.22560	1606	19.2285
ERR13927574.22561	1603	19.7867
ERR13927574.22562	1554	21.5894
ERR13927574.22563	1571	19.6365
ERR13927574.22564	1589	17.1221
ERR13927574.22565	1553	20.4443
ERR13927574.22566	1565	21.9112
ERR13927574.22567	1562	18.5006
ERR13927574.22568	1626	20.2897
ERR13927574.22569	1594	20.3971
ERR13927574.22570	1384	15.4624
ERR13927574.22571	1604	19.5823
ERR13927574.22572	1631	19.7823
ERR13927574.22573	1601	16.9488
ERR13927574.22574	1583	19.6570
ERR13927574.22575	1589	14.7930
ERR13927574.22576	1587	18.3774
ERR13927574.22577	1603	21.0780
ERR13927574.22578	1591	19.0823
ERR13927574.22579	1569	20.3461
ERR13927574.22580	1620	21.3309
ERR13927574.22581	1618	21.3053
ERR13927574.22582	1566	17.8857
ERR13927574.22583	1578	18.9474
ERR13927574.22584	1615	19.2644
ERR13927574.22585	1619	19.8030
ERR13927574.22586	472	15.5678
ERR13927574.22587	1538	15.3166
ERR13927574.22588	1584	15.8681
ERR13927574.22589	1570	20.2121
ERR13927574.22590	1587	19.7353
ERR13927574.22591	1509	15.3877
ERR13927574.22592	1551	20.5390
ERR13927574.22593	1558	14.8036
ERR13927574.22594	1574	15.5781
ERR13927574.22595	1615	17.2471
ERR13927574.22596	1544	16.3452
ERR13927574.22597	1584	17.5278
ERR13927574.22598	1586	18.7894
ERR13927574.22599	1581	21.5421
ERR13927574.22600	1587	20.4543
ERR13927574.22601	1610	16.6789
ERR13927574.22602	1618	17.6564
ERR13927574.22603	1582	20.0847
ERR13927574.22604	1566	19.1041
ERR13927574.22605	1586	16.2421
ERR13927574.22606	1598	19.1727
ERR13927574.22607	1615	16.5077
ERR13927574.22608	1617	21.0470
ERR13927574.22609	1575	13.9810
ERR13927574.22610	1565	19.8326
ERR13927574.22611	1590	20.0428
ERR13927574.22612	1608	19.0118
ERR13927574.22613	1579	14.8575
ERR13927574.22614	1554	15.5386
ERR13927574.22615	1547	15.2198
ERR13927574.22616	1592	19.4102
ERR13927574.22617	1554	20.1287
ERR13927574.22618	1592	17.4052
ERR13927574.22619	1576	18.4143
ERR13927574.22620	1590	15.9748
ERR13927574.22621	1589	19.7804
ERR13927574.22622	1675	17.8072
ERR13927574.22623	1566	18.0951
ERR13927574.22624	1639	19.7633
ERR13927574.22625	1581	18.5952
ERR13927574.22626	1610	18.2547
ERR13927574.22627	1615	19.4867
ERR13927574.22628	1558	19.4493
ERR13927574.22629	1555	17.7659
ERR13927574.22630	1614	17.3501
ERR13927574.22631	1572	19.9307
ERR13927574.22632	1589	16.7609
ERR13927574.22633	1547	21.5624
ERR13927574.22634	1077	19.5135
ERR13927574.22635	1586	17.0498
ERR13927574.22636	1605	19.3894
ERR13927574.22637	1584	16.4634
ERR13927574.22638	1581	15.7729
ERR13927574.22639	1567	21.4020
ERR13927574.22640	1602	22.1517
ERR13927574.22641	1601	18.5984
ERR13927574.22642	1572	14.2481
ERR13927574.22643	1846	19.4225
ERR13927574.22644	1611	20.1794
ERR13927574.22645	1602	20.7129
ERR13927574.22646	1609	20.4071
ERR13927574.22647	1554	17.5907
ERR13927574.22648	1591	19.4016
ERR13927574.22649	1540	20.0994
ERR13927574.22650	1612	20.1458
ERR13927574.22651	1615	19.6985
ERR13927574.22652	1598	19.0069
ERR13927574.22653	1579	15.3661
ERR13927574.22654	1592	19.5082
ERR13927574.22655	1614	19.9703
ERR13927574.22656	1598	16.2966
ERR13927574.22657	1622	18.2768
ERR13927574.22658	1599	16.5766
ERR13927574.22659	1613	18.8487
ERR13927574.22660	1581	20.0323
ERR13927574.22661	1575	17.2051
ERR13927574.22662	1549	21.1653
ERR13927574.22663	1578	19.2712
ERR13927574.22664	1587	20.2558
ERR13927574.22665	1596	19.9004
ERR13927574.22666	1549	17.3150
ERR13927574.22667	1595	22.3724
ERR13927574.22668	1264	17.3790
ERR13927574.22669	1608	18.3545
ERR13927574.22670	1616	20.6040
ERR13927574.22671	1584	19.5120
ERR13927574.22672	1573	15.8398
ERR13927574.22673	1619	17.7566
ERR13927574.22674	1621	15.3603
ERR13927574.22675	1567	15.5456
ERR13927574.22676	1595	19.5097
ERR13927574.22677	1613	17.6956
ERR13927574.22678	1614	20.2751
ERR13927574.22679	1611	19.2346
ERR13927574.22680	1552	16.3048
ERR13927574.22681	1319	20.5906
ERR13927574.22682	1569	16.1077
ERR13927574.22683	1625	18.0578
ERR13927574.22684	1607	18.5974
ERR13927574.22685	1612	22.9727
ERR13927574.22686	1548	19.2868
ERR13927574.22687	1585	19.3577
ERR13927574.22688	1589	21.7904
ERR13927574.22689	1583	17.7442
ERR13927574.22690	1508	15.5962
ERR13927574.22691	1571	19.5761
ERR13927574.22692	1554	16.4286
ERR13927574.22693	1617	14.6481
ERR13927574.22694	1607	22.7312
ERR13927574.22695	191	13.6911
ERR13927574.22696	1580	18.4177
ERR13927574.22697	1613	19.7030
ERR13927574.22698	1613	15.6026
ERR13927574.22699	1558	14.8524
ERR13927574.22700	1562	15.9667
ERR13927574.22701	1597	17.3751
ERR13927574.22702	1626	21.8057
ERR13927574.22703	1569	19.6883
ERR13927574.22704	1625	18.9237
ERR13927574.22705	1585	19.6076
ERR13927574.22706	1628	17.1499
ERR13927574.22707	1585	21.6864
ERR13927574.22708	1605	18.8156
ERR13927574.22709	490	17.0816
ERR13927574.22710	1589	21.0038
ERR13927574.22711	1568	16.2832
ERR13927574.22712	1592	18.4962
ERR13927574.22713	1580	17.6741
ERR13927574.22714	1554	20.8449
ERR13927574.22715	1546	19.6837
ERR13927574.22716	1620	17.1000
ERR13927574.22717	1576	18.1332
ERR13927574.22718	1573	20.1608
ERR13927574.22719	1512	19.5311
ERR13927574.22720	1616	17.1931
ERR13927574.22721	1594	20.1374
ERR13927574.22722	1550	19.1516
ERR13927574.22723	1613	19.9337
ERR13927574.22724	1610	19.9453
ERR13927574.22725	1571	18.9510
ERR13927574.22726	1545	13.8492
ERR13927574.22727	1553	17.7560
ERR13927574.22728	1538	16.5501
ERR13927574.22729	1585	16.1741
ERR13927574.22730	1512	17.7983
ERR13927574.22731	1619	19.5473
ERR13927574.22732	1613	15.7632
ERR13927574.22733	1612	17.1123
ERR13927574.22734	1551	19.4958
ERR13927574.22735	1623	19.6741
ERR13927574.22736	1561	21.7450
ERR13927574.22737	1570	15.5726
ERR13927574.22738	1540	20.5922
ERR13927574.22739	1544	16.1120
ERR13927574.22740	1545	19.7359
ERR13927574.22741	1633	18.0251
ERR13927574.22742	1583	16.6153
ERR13927574.22743	1578	18.1800
ERR13927574.22744	1567	18.4550
ERR13927574.22745	1581	17.1942
ERR13927574.22746	1559	17.1738
ERR13927574.22747	1575	19.7575
ERR13927574.22748	1584	20.3668
ERR13927574.22749	1551	18.8691
ERR13927574.22750	1594	16.9260
ERR13927574.22751	1611	18.5047
ERR13927574.22752	1604	21.1926
ERR13927574.22753	1600	20.5700
ERR13927574.22754	1627	17.5814
ERR13927574.22755	1598	20.6370
ERR13927574.22756	1594	20.0157
ERR13927574.22757	1558	19.3594
ERR13927574.22758	1560	17.6564
ERR13927574.22759	1632	21.2757
ERR13927574.22760	1588	16.4030
ERR13927574.22761	1577	19.1477
ERR13927574.22762	1586	16.6469
ERR13927574.22763	1571	20.1604
ERR13927574.22764	1562	17.7516
ERR13927574.22765	1640	15.7049
ERR13927574.22766	1564	19.6496
ERR13927574.22767	1569	16.6890
ERR13927574.22768	1614	20.2354
ERR13927574.22769	1598	18.5200
ERR13927574.22770	1569	20.7565
ERR13927574.22771	1569	17.3110
ERR13927574.22772	1565	15.3042
ERR13927574.22773	1633	17.2676
ERR13927574.22774	1609	18.8365
ERR13927574.22775	1571	20.2533
ERR13927574.22776	1596	20.0288
ERR13927574.22777	1552	17.8421
ERR13927574.22778	1616	20.1986
ERR13927574.22779	1587	18.6106
ERR13927574.22780	1606	20.5772
ERR13927574.22781	1599	18.1326
ERR13927574.22782	1377	17.5839
ERR13927574.22783	1616	20.4926
ERR13927574.22784	1573	16.2676
ERR13927574.22785	1604	19.9601
ERR13927574.22786	1579	17.0811
ERR13927574.22787	1580	19.0272
ERR13927574.22788	1574	18.8901
ERR13927574.22789	1624	21.9692
ERR13927574.22790	1613	20.6559
ERR13927574.22791	1574	18.0527
ERR13927574.22792	1598	21.0638
ERR13927574.22793	1593	21.3817
ERR13927574.22794	1566	16.7178
ERR13927574.22795	1565	21.2019
ERR13927574.22796	1583	18.9444
ERR13927574.22797	1609	15.4394
ERR13927574.22798	1614	20.5124
ERR13927574.22799	1565	19.0792
ERR13927574.22800	1567	17.4601
ERR13927574.22801	1558	20.1849
ERR13927574.22802	1093	16.6642
ERR13927574.22803	1553	15.1668
ERR13927574.22804	1567	20.0185
ERR13927574.22805	1546	16.8894
ERR13927574.22806	1608	17.1468
ERR13927574.22807	1571	15.4927
ERR13927574.22808	1595	16.2420
ERR13927574.22809	1558	20.2150
ERR13927574.22810	1554	20.1692
ERR13927574.22811	1583	17.1440
ERR13927574.22812	1560	17.5468
ERR13927574.22813	1600	17.6244
ERR13927574.22814	1580	15.7551
ERR13927574.22815	1571	16.9453
ERR13927574.22816	1609	20.9478
ERR13927574.22817	1549	19.2479
ERR13927574.22818	1613	19.6200
ERR13927574.22819	1615	20.0204
ERR13927574.22820	1581	20.3011
ERR13927574.22821	1529	14.7005
ERR13927574.22822	1605	16.5969
ERR13927574.22823	1588	17.9969
ERR13927574.22824	1588	21.7872
ERR13927574.22825	1589	20.5570
ERR13927574.22826	1570	16.2752
ERR13927574.22827	1557	18.4265
ERR13927574.22828	1573	19.7654
ERR13927574.22829	1623	18.8897
ERR13927574.22830	1603	22.0898
ERR13927574.22831	1584	17.6761
ERR13927574.22832	1601	16.5659
ERR13927574.22833	1619	20.2187
ERR13927574.22834	1627	19.5943
ERR13927574.22835	1578	19.2725
ERR13927574.22836	1565	20.0390
ERR13927574.22837	1551	17.1051
ERR13927574.22838	1534	15.6095
ERR13927574.22839	1562	16.7996
ERR13927574.22840	1552	19.9781
ERR13927574.22841	1558	16.5841
ERR13927574.22842	1583	18.2994
ERR13927574.22843	1620	18.3556
ERR13927574.22844	1587	20.3705
ERR13927574.22845	1581	17.0481
ERR13927574.22846	1615	19.4000
ERR13927574.22847	1583	15.9210
ERR13927574.22848	1581	16.5629
ERR13927574.22849	1616	18.8719
ERR13927574.22850	1613	19.2263
ERR13927574.22851	1611	17.9125
ERR13927574.22852	686	15.5962
ERR13927574.22853	1564	16.1656
ERR13927574.22854	1574	19.5057
ERR13927574.22855	1582	16.7984
ERR13927574.22856	1583	20.7795
ERR13927574.22857	1587	17.0328
ERR13927574.22858	1616	17.1597
ERR13927574.22859	1591	17.2476
ERR13927574.22860	1639	16.3807
ERR13927574.22861	1582	18.4678
ERR13927574.22862	1621	15.5873
ERR13927574.22863	1568	17.1040
ERR13927574.22864	1566	21.1469
ERR13927574.22865	1535	17.0091
ERR13927574.22866	1568	20.8386
ERR13927574.22867	1575	15.9175
ERR13927574.22868	1542	16.9929
ERR13927574.22869	1573	15.8309
ERR13927574.22870	1590	18.9245
ERR13927574.22871	1534	18.4472
ERR13927574.22872	1580	15.4139
ERR13927574.22873	1566	17.2720
ERR13927574.22874	1564	16.5716
ERR13927574.22875	1571	18.0057
ERR13927574.22876	1594	18.1769
ERR13927574.22877	1569	14.9229
ERR13927574.22878	1532	16.6475
ERR13927574.22879	1641	18.0823
ERR13927574.22880	1563	19.2873
ERR13927574.22881	1594	16.0640
ERR13927574.22882	1574	17.5254
ERR13927574.22883	1582	18.6700
ERR13927574.22884	1557	16.2447
ERR13927574.22885	1615	20.4718
ERR13927574.22886	1581	20.7634
ERR13927574.22887	1569	19.7208
ERR13927574.22888	1618	21.3782
ERR13927574.22889	1588	19.2897
ERR13927574.22890	1575	19.6146
ERR13927574.22891	1617	18.5306
ERR13927574.22892	1578	21.6686
ERR13927574.22893	1570	17.3841
ERR13927574.22894	1407	18.1684
ERR13927574.22895	1503	16.2229
ERR13927574.22896	1576	18.8642
ERR13927574.22897	1578	19.0957
ERR13927574.22898	1565	20.4364
ERR13927574.22899	1609	19.7787
ERR13927574.22900	1595	18.7323
ERR13927574.22901	1606	19.4589
ERR13927574.22902	1559	21.0154
ERR13927574.22903	1599	16.7555
ERR13927574.22904	1564	18.8459
ERR13927574.22905	1622	18.8095
ERR13927574.22906	1586	16.7043
ERR13927574.22907	228	14.9693
ERR13927574.22908	1602	17.5886
ERR13927574.22909	1594	19.7585
ERR13927574.22910	1591	20.8856
ERR13927574.22911	1579	16.5446
ERR13927574.22912	1566	18.2241
ERR13927574.22913	1608	20.2668
ERR13927574.22914	1595	16.2878
ERR13927574.22915	1533	15.9491
ERR13927574.22916	1539	16.2976
ERR13927574.22917	1603	19.3231
ERR13927574.22918	1566	19.4642
ERR13927574.22919	1597	17.7952
ERR13927574.22920	1568	17.2009
ERR13927574.22921	1610	21.2441
ERR13927574.22922	1551	19.1902
ERR13927574.22923	1585	17.6397
ERR13927574.22924	1581	20.3839
ERR13927574.22925	1555	17.0219
ERR13927574.22926	1613	18.8779
ERR13927574.22927	1548	17.5349
ERR13927574.22928	1565	18.9131
ERR13927574.22929	1575	20.5860
ERR13927574.22930	1612	18.6340
ERR13927574.22931	1278	22.8764
ERR13927574.22932	1574	20.4282
ERR13927574.22933	1552	19.0110
ERR13927574.22934	1559	15.8121
ERR13927574.22935	1567	18.5897
ERR13927574.22936	1578	21.1293
ERR13927574.22937	1394	18.0402
ERR13927574.22938	1602	20.5537
ERR13927574.22939	1604	19.4794
ERR13927574.22940	1610	17.9497
ERR13927574.22941	1539	20.0149
ERR13927574.22942	1571	16.5302
ERR13927574.22943	1561	16.6573
ERR13927574.22944	499	14.1443
ERR13927574.22945	1587	17.7637
ERR13927574.22946	1680	17.2000
ERR13927574.22947	1605	18.0854
ERR13927574.22948	1546	17.2180
ERR13927574.22949	1588	19.4377
ERR13927574.22950	1594	16.4605
ERR13927574.22951	1600	20.7844
ERR13927574.22952	1595	18.9022
ERR13927574.22953	1605	20.2480
ERR13927574.22954	1604	19.0312
ERR13927574.22955	1575	16.2540
ERR13927574.22956	1587	19.7851
ERR13927574.22957	1556	16.1080
ERR13927574.22958	1577	19.6595
ERR13927574.22959	1551	20.8917
ERR13927574.22960	1625	18.0775
ERR13927574.22961	1588	17.4553
ERR13927574.22962	1537	16.1034
ERR13927574.22963	1640	17.7494
ERR13927574.22964	1605	16.6393
ERR13927574.22965	1036	17.0734
ERR13927574.22966	1562	14.6530
ERR13927574.22967	1576	16.7602
ERR13927574.22968	1595	14.7066
ERR13927574.22969	1604	19.2706
ERR13927574.22970	1579	19.1355
ERR13927574.22971	1613	18.7012
ERR13927574.22972	1564	16.2398
ERR13927574.22973	1594	19.9937
ERR13927574.22974	1582	20.0727
ERR13927574.22975	1606	19.8481
ERR13927574.22976	1608	20.9129
ERR13927574.22977	1583	18.9672
ERR13927574.22978	1576	19.4848
ERR13927574.22979	1560	20.6346
ERR13927574.22980	1577	15.3792
ERR13927574.22981	1538	17.4688
ERR13927574.22982	1586	17.3525
ERR13927574.22983	1583	16.0967
ERR13927574.22984	1589	19.8540
ERR13927574.22985	1598	17.4593
ERR13927574.22986	1531	15.7557
ERR13927574.22987	1388	20.2450
ERR13927574.22988	1634	20.4492
ERR13927574.22989	1592	16.0302
ERR13927574.22990	1535	17.5199
ERR13927574.22991	1622	14.1708
ERR13927574.22992	1559	19.8159
ERR13927574.22993	1555	18.5659
ERR13927574.22994	1573	15.3649
ERR13927574.22995	1596	20.3252
ERR13927574.22996	1582	21.7750
ERR13927574.22997	1621	22.5922
ERR13927574.22998	1375	21.8022
ERR13927574.22999	1554	19.2954
ERR13927574.23000	1560	16.7090
ERR13927574.23001	1568	15.8731
ERR13927574.23002	1589	19.1894
ERR13927574.23003	1562	19.3803
ERR13927574.23004	1584	20.8838
ERR13927574.23005	1583	17.9634
ERR13927574.23006	1594	17.2999
ERR13927574.23007	1618	18.4703
ERR13927574.23008	1621	20.9944
ERR13927574.23009	1563	17.3679
ERR13927574.23010	1556	17.1183
ERR13927574.23011	1577	17.3278
ERR13927574.23012	1603	19.9744
ERR13927574.23013	1552	17.4839
ERR13927574.23014	1580	19.7930
ERR13927574.23015	1553	14.6710
ERR13927574.23016	1585	21.6555
ERR13927574.23017	1563	19.1286
ERR13927574.23018	1591	17.2740
ERR13927574.23019	1573	18.4584
ERR13927574.23020	1596	18.2061
ERR13927574.23021	1604	21.7032
ERR13927574.23022	1589	20.0787
ERR13927574.23023	1599	19.6992
ERR13927574.23024	1562	18.1300
ERR13927574.23025	1599	18.9900
ERR13927574.23026	1589	16.4242
ERR13927574.23027	1550	17.6523
ERR13927574.23028	1580	17.9703
ERR13927574.23029	1552	18.2661
ERR13927574.23030	1599	19.0719
ERR13927574.23031	1539	18.9656
ERR13927574.23032	1635	19.6183
ERR13927574.23033	1584	18.3636
ERR13927574.23034	1549	17.8993
ERR13927574.23035	1615	19.9548
ERR13927574.23036	1560	20.2551
ERR13927574.23037	1598	19.6320
ERR13927574.23038	1595	20.1480
ERR13927574.23039	1575	16.7359
ERR13927574.23040	1555	15.6894
ERR13927574.23041	1575	18.2883
ERR13927574.23042	1611	18.0726
ERR13927574.23043	1556	17.2391
ERR13927574.23044	1589	16.5752
ERR13927574.23045	1587	20.3837
ERR13927574.23046	1606	18.3917
ERR13927574.23047	1569	18.4391
ERR13927574.23048	294	13.7891
ERR13927574.23049	1598	20.6158
ERR13927574.23050	1596	21.5188
ERR13927574.23051	1559	19.3733
ERR13927574.23052	1559	16.7056
ERR13927574.23053	1563	16.2086
ERR13927574.23054	1566	15.8084
ERR13927574.23055	1557	20.3064
ERR13927574.23056	1549	15.5036
ERR13927574.23057	1609	19.3661
ERR13927574.23058	1564	20.2283
ERR13927574.23059	1575	18.3073
ERR13927574.23060	1572	20.0833
ERR13927574.23061	1286	16.9510
ERR13927574.23062	1590	18.8704
ERR13927574.23063	1520	18.1967
ERR13927574.23064	1564	19.8127
ERR13927574.23065	1567	19.2387
ERR13927574.23066	1652	18.0212
ERR13927574.23067	1043	19.9684
ERR13927574.23068	1567	16.8220
ERR13927574.23069	1616	19.2791
ERR13927574.23070	1586	18.2213
ERR13927574.23071	1576	21.5038
ERR13927574.23072	1588	19.2034
ERR13927574.23073	1591	19.9441
ERR13927574.23074	1602	19.4132
ERR13927574.23075	1558	15.1958
ERR13927574.23076	1580	19.2924
ERR13927574.23077	1615	17.1449
ERR13927574.23078	1618	14.8999
ERR13927574.23079	1608	17.7276
ERR13927574.23080	1607	15.7666
ERR13927574.23081	1609	18.3611
ERR13927574.23082	1567	13.7958
ERR13927574.23083	1555	19.4482
ERR13927574.23084	1565	17.9099
ERR13927574.23085	1568	19.5759
ERR13927574.23086	1623	19.8854
ERR13927574.23087	1596	21.0069
ERR13927574.23088	1573	16.3814
ERR13927574.23089	1600	16.9881
ERR13927574.23090	1652	18.8269
ERR13927574.23091	1592	20.3995
ERR13927574.23092	1570	17.1975
ERR13927574.23093	1620	17.6383
ERR13927574.23094	1572	21.3950
ERR13927574.23095	1558	17.9198
ERR13927574.23096	1573	19.4736
ERR13927574.23097	1568	19.2168
ERR13927574.23098	1616	20.3249
ERR13927574.23099	1600	19.1700
ERR13927574.23100	1577	16.5961
ERR13927574.23101	1568	20.0995
ERR13927574.23102	1559	16.7421
ERR13927574.23103	1565	19.1866
ERR13927574.23104	1564	20.2845
ERR13927574.23105	1541	15.9948
ERR13927574.23106	1569	20.7451
ERR13927574.23107	1619	16.6850
ERR13927574.23108	1606	19.0971
ERR13927574.23109	1660	17.5048
ERR13927574.23110	1575	17.5797
ERR13927574.23111	1600	17.4481
ERR13927574.23112	1547	20.0679
ERR13927574.23113	1549	18.8554
ERR13927574.23114	1606	18.0535
ERR13927574.23115	1595	18.3918
ERR13927574.23116	1554	17.0592
ERR13927574.23117	1572	16.0134
ERR13927574.23118	1589	18.9176
ERR13927574.23119	1548	17.4070
ERR13927574.23120	1614	18.0006
ERR13927574.23121	1572	20.9644
ERR13927574.23122	1585	16.9893
ERR13927574.23123	1614	20.2020
ERR13927574.23124	1623	19.6001
ERR13927574.23125	1548	19.2842
ERR13927574.23126	1571	17.2476
ERR13927574.23127	1566	16.5990
ERR13927574.23128	1622	19.0518
ERR13927574.23129	1575	20.0495
ERR13927574.23130	1502	18.5273
ERR13927574.23131	1558	16.0366
ERR13927574.23132	1589	19.4877
ERR13927574.23133	1595	21.2000
ERR13927574.23134	1602	21.3933
ERR13927574.23135	1615	20.3115
ERR13927574.23136	1590	18.0233
ERR13927574.23137	1318	17.3065
ERR13927574.23138	1593	19.7370
ERR13927574.23139	1553	18.7244
ERR13927574.23140	1577	15.1566
ERR13927574.23141	1578	18.3891
ERR13927574.23142	1593	19.5273
ERR13927574.23143	1630	15.0313
ERR13927574.23144	1567	19.6343
ERR13927574.23145	1563	16.9034
ERR13927574.23146	1567	17.3797
ERR13927574.23147	1545	20.2964
ERR13927574.23148	1570	16.5395
ERR13927574.23149	1576	17.9372
ERR13927574.23150	1551	19.3843
ERR13927574.23151	1628	19.1873
ERR13927574.23152	1598	20.0175
ERR13927574.23153	1577	22.1864
ERR13927574.23154	1622	19.9266
ERR13927574.23155	1595	17.4552
ERR13927574.23156	730	16.4712
ERR13927574.23157	1579	18.5795
ERR13927574.23158	1580	17.8544
ERR13927574.23159	1561	17.5458
ERR13927574.23160	1573	18.5391
ERR13927574.23161	1498	18.7623
ERR13927574.23162	1592	17.9190
ERR13927574.23163	1547	18.9121
ERR13927574.23164	1605	19.3315
ERR13927574.23165	1588	20.3495
ERR13927574.23166	1587	18.8538
ERR13927574.23167	1572	17.3003
ERR13927574.23168	1567	16.9432
ERR13927574.23169	1587	17.9723
ERR13927574.23170	1578	19.6090
ERR13927574.23171	1548	19.8889
ERR13927574.23172	1546	17.4567
ERR13927574.23173	1589	19.5123
ERR13927574.23174	1587	21.2873
ERR13927574.23175	1589	17.3298
ERR13927574.23176	1605	18.3695
ERR13927574.23177	1581	20.5307
ERR13927574.23178	1605	20.7053
ERR13927574.23179	1579	18.9601
ERR13927574.23180	1566	14.6539
ERR13927574.23181	1574	17.7954
ERR13927574.23182	1554	18.8095
ERR13927574.23183	1552	16.3769
ERR13927574.23184	1410	16.4986
ERR13927574.23185	1536	16.7331
ERR13927574.23186	1630	14.7000
ERR13927574.23187	1565	18.4345
ERR13927574.23188	1531	14.9987
ERR13927574.23189	1587	19.8059
ERR13927574.23190	1166	19.2702
ERR13927574.23191	1568	19.9509
ERR13927574.23192	1612	17.3530
ERR13927574.23193	1551	15.3765
ERR13927574.23194	1618	17.2015
ERR13927574.23195	1588	20.9446
ERR13927574.23196	1579	19.5174
ERR13927574.23197	1685	17.5074
ERR13927574.23198	1580	19.5544
ERR13927574.23199	1594	17.5069
ERR13927574.23200	1551	15.8691
ERR13927574.23201	1570	20.0828
ERR13927574.23202	1598	15.3404
ERR13927574.23203	1552	16.3389
ERR13927574.23204	1615	20.5356
ERR13927574.23205	1586	18.2692
ERR13927574.23206	1546	19.1442
ERR13927574.23207	1601	19.9382
ERR13927574.23208	1552	18.4903
ERR13927574.23209	1626	18.8383
ERR13927574.23210	1601	17.9838
ERR13927574.23211	1597	16.4659
ERR13927574.23212	1617	18.9499
ERR13927574.23213	1624	16.7974
ERR13927574.23214	1586	19.4729
ERR13927574.23215	1586	16.3203
ERR13927574.23216	1593	16.0496
ERR13927574.23217	1627	17.5618
ERR13927574.23218	1598	14.1652
ERR13927574.23219	1582	16.9981
ERR13927574.23220	1617	17.8312
ERR13927574.23221	1574	18.6709
ERR13927574.23222	1556	17.3882
ERR13927574.23223	1622	17.5253
ERR13927574.23224	1606	19.7422
ERR13927574.23225	1598	17.7334
ERR13927574.23226	1539	17.1053
ERR13927574.23227	929	21.6577
ERR13927574.23228	1548	17.1234
ERR13927574.23229	1532	15.4354
ERR13927574.23230	1601	19.2480
ERR13927574.23231	1593	18.6830
ERR13927574.23232	1595	16.4364
ERR13927574.23233	1557	15.5421
ERR13927574.23234	1614	16.4511
ERR13927574.23235	1528	20.5092
ERR13927574.23236	1724	16.6903
ERR13927574.23237	1615	17.8359
ERR13927574.23238	1598	20.8166
ERR13927574.23239	1567	19.5424
ERR13927574.23240	1622	20.6677
ERR13927574.23241	1570	20.2146
ERR13927574.23242	1549	15.3312
ERR13927574.23243	1596	22.5338
ERR13927574.23244	1598	19.3385
ERR13927574.23245	1575	16.3365
ERR13927574.23246	1575	20.2057
ERR13927574.23247	1624	18.5302
ERR13927574.23248	1603	18.5540
ERR13927574.23249	1631	20.1582
ERR13927574.23250	1621	15.1036
ERR13927574.23251	1571	19.0968
ERR13927574.23252	1576	20.0628
ERR13927574.23253	1606	18.9851
ERR13927574.23254	1577	19.2283
ERR13927574.23255	1481	14.2714
ERR13927574.23256	1567	19.0121
ERR13927574.23257	1571	17.0554
ERR13927574.23258	1580	18.5538
ERR13927574.23259	1550	16.6871
ERR13927574.23260	1590	18.1333
ERR13927574.23261	1579	14.3553
ERR13927574.23262	1584	20.2355
ERR13927574.23263	1560	15.6359
ERR13927574.23264	1604	17.8267
ERR13927574.23265	1567	20.0881
ERR13927574.23266	1585	17.1312
ERR13927574.23267	1550	21.0594
ERR13927574.23268	1622	14.6998
ERR13927574.23269	1605	19.5950
ERR13927574.23270	1575	18.9867
ERR13927574.23271	1557	19.6063
ERR13927574.23272	1535	15.2332
ERR13927574.23273	1591	18.7863
ERR13927574.23274	1571	18.5576
ERR13927574.23275	1655	16.2725
ERR13927574.23276	1574	18.4682
ERR13927574.23277	1600	17.7400
ERR13927574.23278	1568	14.9471
ERR13927574.23279	1557	15.0835
ERR13927574.23280	1558	17.1027
ERR13927574.23281	1570	17.3019
ERR13927574.23282	1595	20.7987
ERR13927574.23283	1554	19.5238
ERR13927574.23284	1558	20.7978
ERR13927574.23285	1599	19.3296
ERR13927574.23286	1556	15.9788
ERR13927574.23287	1610	17.1273
ERR13927574.23288	1560	16.8301
ERR13927574.23289	1554	20.1454
ERR13927574.23290	1567	16.2240
ERR13927574.23291	1565	19.4166
ERR13927574.23292	1584	20.1237
ERR13927574.23293	1577	17.2105
ERR13927574.23294	1565	20.6332
ERR13927574.23295	1561	19.7854
ERR13927574.23296	1549	14.6301
ERR13927574.23297	876	20.0936
ERR13927574.23298	539	17.9499
ERR13927574.23299	1569	16.6469
ERR13927574.23300	1550	17.0697
ERR13927574.23301	1562	19.2714
ERR13927574.23302	1550	17.6123
ERR13927574.23303	1561	17.3626
ERR13927574.23304	1604	16.5181
ERR13927574.23305	1617	21.0390
ERR13927574.23306	1581	16.0911
ERR13927574.23307	1599	17.7824
ERR13927574.23308	1600	14.7469
ERR13927574.23309	1560	19.7115
ERR13927574.23310	1597	16.6005
ERR13927574.23311	1585	17.5237
ERR13927574.23312	1567	17.2604
ERR13927574.23313	1630	17.8160
ERR13927574.23314	1573	20.3325
ERR13927574.23315	1589	19.5249
ERR13927574.23316	1579	21.3882
ERR13927574.23317	1595	16.2815
ERR13927574.23318	1571	16.7607
ERR13927574.23319	1617	18.8813
ERR13927574.23320	1558	16.8902
ERR13927574.23321	1579	18.7251
ERR13927574.23322	1584	18.6427
ERR13927574.23323	1567	16.0957
ERR13927574.23324	1600	18.9769
ERR13927574.23325	1564	16.2807
ERR13927574.23326	1536	18.9850
ERR13927574.23327	1550	19.8471
ERR13927574.23328	1620	15.2414
ERR13927574.23329	1577	18.9309
ERR13927574.23330	1618	20.6545
ERR13927574.23331	1613	16.3645
ERR13927574.23332	1578	18.8150
ERR13927574.23333	1617	20.3562
ERR13927574.23334	1560	19.5583
ERR13927574.23335	1625	17.6603
ERR13927574.23336	1578	19.7871
ERR13927574.23337	1603	18.2383
ERR13927574.23338	1598	18.9856
ERR13927574.23339	1556	19.4878
ERR13927574.23340	1556	16.2841
ERR13927574.23341	1568	18.4598
ERR13927574.23342	1591	19.9485
ERR13927574.23343	1573	18.5283
ERR13927574.23344	1568	19.3221
ERR13927574.23345	1577	20.7616
ERR13927574.23346	1584	15.1957
ERR13927574.23347	1580	14.8386
ERR13927574.23348	1601	19.9163
ERR13927574.23349	1574	17.0794
ERR13927574.23350	1604	15.6933
ERR13927574.23351	1603	18.5683
ERR13927574.23352	1576	17.9689
ERR13927574.23353	1553	21.5209
ERR13927574.23354	1560	17.3917
ERR13927574.23355	1579	17.7511
ERR13927574.23356	1578	18.7750
ERR13927574.23357	1516	15.4974
ERR13927574.23358	1603	21.4984
ERR13927574.23359	1579	19.6922
ERR13927574.23360	1614	20.8358
ERR13927574.23361	1247	20.7578
ERR13927574.23362	1582	16.2908
ERR13927574.23363	1573	15.5601
ERR13927574.23364	1591	21.0685
ERR13927574.23365	1603	15.4410
ERR13927574.23366	1728	16.1869
ERR13927574.23367	1591	21.1182
ERR13927574.23368	1704	20.2881
ERR13927574.23369	1613	19.6584
ERR13927574.23370	1595	18.7091
ERR13927574.23371	1576	18.3230
ERR13927574.23372	1572	21.3136
ERR13927574.23373	1558	19.8081
ERR13927574.23374	1592	18.5126
ERR13927574.23375	221	13.1176
ERR13927574.23376	1574	16.0565
ERR13927574.23377	1616	19.1473
ERR13927574.23378	1595	15.9887
ERR13927574.23379	1567	18.2482
ERR13927574.23380	1528	20.3442
ERR13927574.23381	1609	19.5848
ERR13927574.23382	1540	15.9695
ERR13927574.23383	1628	21.3698
ERR13927574.23384	1562	15.8944
ERR13927574.23385	1588	16.4610
ERR13927574.23386	224	17.2634
ERR13927574.23387	1592	20.9089
ERR13927574.23388	1592	17.5628
ERR13927574.23389	1547	16.6975
ERR13927574.23390	1620	18.4728
ERR13927574.23391	1583	19.3057
ERR13927574.23392	1591	18.5280
ERR13927574.23393	1577	17.8351
ERR13927574.23394	1586	14.5599
ERR13927574.23395	412	18.3350
ERR13927574.23396	1572	20.7678
ERR13927574.23397	1588	19.1190
ERR13927574.23398	1597	18.7865
ERR13927574.23399	1620	20.0426
ERR13927574.23400	1571	19.2196
ERR13927574.23401	1609	19.7955
ERR13927574.23402	1563	18.6283
ERR13927574.23403	1329	17.2197
ERR13927574.23404	1612	21.7481
ERR13927574.23405	1564	19.6598
ERR13927574.23406	1566	16.8959
ERR13927574.23407	1595	20.0903
ERR13927574.23408	1629	16.7956
ERR13927574.23409	1460	16.7774
ERR13927574.23410	1568	18.9668
ERR13927574.23411	1575	19.3130
ERR13927574.23412	1514	14.1882
ERR13927574.23413	1587	17.9307
ERR13927574.23414	977	16.3091
ERR13927574.23415	1572	16.5274
ERR13927574.23416	1567	17.8264
ERR13927574.23417	1607	19.4984
ERR13927574.23418	1572	19.7532
ERR13927574.23419	1581	19.7489
ERR13927574.23420	1564	17.5997
ERR13927574.23421	1510	17.2980
ERR13927574.23422	1596	18.3020
ERR13927574.23423	1666	20.1849
ERR13927574.23424	1557	15.4021
ERR13927574.23425	1571	17.8695
ERR13927574.23426	1597	19.1816
ERR13927574.23427	1552	14.4626
ERR13927574.23428	1750	19.4086
ERR13927574.23429	1554	16.3224
ERR13927574.23430	1611	18.6214
ERR13927574.23431	1570	18.5879
ERR13927574.23432	1607	17.0709
ERR13927574.23433	1568	19.9005
ERR13927574.23434	1560	17.9577
ERR13927574.23435	1568	16.1690
ERR13927574.23436	1572	19.7023
ERR13927574.23437	1590	19.8333
ERR13927574.23438	1622	19.3718
ERR13927574.23439	1565	17.4792
ERR13927574.23440	1556	17.6729
ERR13927574.23441	1567	17.9809
ERR13927574.23442	1588	16.5258
ERR13927574.23443	1595	17.5317
ERR13927574.23444	1599	20.0569
ERR13927574.23445	1591	20.3909
ERR13927574.23446	1584	16.0814
ERR13927574.23447	993	17.1611
ERR13927574.23448	1592	15.8857
ERR13927574.23449	1567	16.9751
ERR13927574.23450	1565	19.0511
ERR13927574.23451	1566	19.5390
ERR13927574.23452	1566	21.0945
ERR13927574.23453	1613	16.8072
ERR13927574.23454	1584	18.5707
ERR13927574.23455	1572	19.6221
ERR13927574.23456	645	16.5302
ERR13927574.23457	1089	18.6961
ERR13927574.23458	1626	17.0836
ERR13927574.23459	1613	18.2188
ERR13927574.23460	1567	19.6911
ERR13927574.23461	1618	16.0550
ERR13927574.23462	1566	19.0447
ERR13927574.23463	1599	16.8924
ERR13927574.23464	1254	20.4912
ERR13927574.23465	1569	17.5258
ERR13927574.23466	1587	19.7164
ERR13927574.23467	1577	19.1363
ERR13927574.23468	1560	19.5827
ERR13927574.23469	1579	20.5807
ERR13927574.23470	1595	18.3599
ERR13927574.23471	1583	19.9848
ERR13927574.23472	1606	19.6233
ERR13927574.23473	1539	16.1917
ERR13927574.23474	1613	15.9622
ERR13927574.23475	1566	20.0492
ERR13927574.23476	1559	20.6915
ERR13927574.23477	1564	17.3012
ERR13927574.23478	1564	20.2474
ERR13927574.23479	1610	19.8354
ERR13927574.23480	1605	20.2293
ERR13927574.23481	1584	18.5063
ERR13927574.23482	1544	18.4028
ERR13927574.23483	1583	16.8471
ERR13927574.23484	1564	17.3760
ERR13927574.23485	1572	17.4656
ERR13927574.23486	1560	15.5936
ERR13927574.23487	1563	20.3308
ERR13927574.23488	1570	18.3968
ERR13927574.23489	1589	20.3298
ERR13927574.23490	1569	21.2957
ERR13927574.23491	1567	19.1015
ERR13927574.23492	1651	17.8976
ERR13927574.23493	1587	16.5532
ERR13927574.23494	1579	20.6346
ERR13927574.23495	1578	19.5393
ERR13927574.23496	1586	20.8159
ERR13927574.23497	1564	16.1937
ERR13927574.23498	1581	19.7704
ERR13927574.23499	1576	20.4397
ERR13927574.23500	1597	18.9436
ERR13927574.23501	1585	18.6082
ERR13927574.23502	1603	20.7105
ERR13927574.23503	1602	18.5774
ERR13927574.23504	1610	16.1776
ERR13927574.23505	1551	20.9407
ERR13927574.23506	1552	19.3582
ERR13927574.23507	1572	19.9097
ERR13927574.23508	1600	14.8562
ERR13927574.23509	1621	16.9105
ERR13927574.23510	1574	19.7039
ERR13927574.23511	1531	17.6375
ERR13927574.23512	1607	18.3242
ERR13927574.23513	1627	16.9226
ERR13927574.23514	1618	18.0080
ERR13927574.23515	1580	18.7943
ERR13927574.23516	1570	15.5567
ERR13927574.23517	545	15.2972
ERR13927574.23518	1599	15.6504
ERR13927574.23519	1593	18.2090
ERR13927574.23520	1580	16.7722
ERR13927574.23521	1647	19.2793
ERR13927574.23522	1565	16.6665
ERR13927574.23523	1563	19.4907
ERR13927574.23524	1597	17.6043
ERR13927574.23525	1580	19.7981
ERR13927574.23526	1576	17.7214
ERR13927574.23527	1568	16.1901
ERR13927574.23528	1592	18.6106
ERR13927574.23529	1552	16.2758
ERR13927574.23530	1576	17.8280
ERR13927574.23531	1590	22.6604
ERR13927574.23532	1541	18.5315
ERR13927574.23533	1577	20.2251
ERR13927574.23534	1539	19.6504
ERR13927574.23535	1615	18.1796
ERR13927574.23536	1523	16.8056
ERR13927574.23537	1586	17.4880
ERR13927574.23538	1589	17.8546
ERR13927574.23539	1573	18.4997
ERR13927574.23540	1591	20.0509
ERR13927574.23541	1763	16.9450
ERR13927574.23542	1601	20.3785
ERR13927574.23543	1621	17.8180
ERR13927574.23544	1602	15.3121
ERR13927574.23545	1615	17.6817
ERR13927574.23546	1566	15.0249
ERR13927574.23547	1571	21.3966
ERR13927574.23548	1523	20.3546
ERR13927574.23549	1622	16.8576
ERR13927574.23550	1572	20.0903
ERR13927574.23551	1610	18.5658
ERR13927574.23552	1542	16.6051
ERR13927574.23553	1601	16.6658
ERR13927574.23554	1605	21.6087
ERR13927574.23555	1612	17.3269
ERR13927574.23556	1565	17.5732
ERR13927574.23557	1674	16.9367
ERR13927574.23558	1577	18.7413
ERR13927574.23559	1535	17.7954
ERR13927574.23560	1571	16.7365
ERR13927574.23561	1560	16.1590
ERR13927574.23562	1584	16.5120
ERR13927574.23563	1610	13.9665
ERR13927574.23564	1566	19.0300
ERR13927574.23565	1580	16.8190
ERR13927574.23566	1631	17.1214
ERR13927574.23567	1575	22.7232
ERR13927574.23568	1606	20.5448
ERR13927574.23569	1604	18.4782
ERR13927574.23570	1561	17.9494
ERR13927574.23571	1532	15.6736
ERR13927574.23572	1584	18.6307
ERR13927574.23573	1558	20.3286
ERR13927574.23574	1588	20.1392
ERR13927574.23575	800	16.7462
ERR13927574.23576	1566	18.3314
ERR13927574.23577	1613	20.4079
ERR13927574.23578	1186	18.0919
ERR13927574.23579	1596	20.6704
ERR13927574.23580	1576	17.6878
ERR13927574.23581	1577	18.5625
ERR13927574.23582	1545	15.3256
ERR13927574.23583	1615	17.2898
ERR13927574.23584	1566	22.1054
ERR13927574.23585	1596	19.3803
ERR13927574.23586	1572	20.7347
ERR13927574.23587	1571	18.8708
ERR13927574.23588	1588	19.5970
ERR13927574.23589	1597	16.6875
ERR13927574.23590	1378	17.6480
ERR13927574.23591	1572	17.2551
ERR13927574.23592	1533	18.0274
ERR13927574.23593	1568	15.4898
ERR13927574.23594	1625	17.8689
ERR13927574.23595	1611	15.1844
ERR13927574.23596	1554	20.8700
ERR13927574.23597	1562	15.9488
ERR13927574.23598	1574	20.5038
ERR13927574.23599	1570	17.8752
ERR13927574.23600	1604	19.1633
ERR13927574.23601	1584	16.6900
ERR13927574.23602	1562	19.9033
ERR13927574.23603	1620	16.7778
ERR13927574.23604	1561	21.6938
ERR13927574.23605	1538	16.9688
ERR13927574.23606	1601	15.5078
ERR13927574.23607	1566	19.0517
ERR13927574.23608	1559	18.7800
ERR13927574.23609	1562	21.6536
ERR13927574.23610	1577	18.9994
ERR13927574.23611	1599	18.3408
ERR13927574.23612	1525	16.3331
ERR13927574.23613	1585	16.8309
ERR13927574.23614	1560	20.0538
ERR13927574.23615	1612	20.4826
ERR13927574.23616	1565	17.5304
ERR13927574.23617	1581	16.9968
ERR13927574.23618	1575	15.4997
ERR13927574.23619	1571	19.4481
ERR13927574.23620	1575	18.0025
ERR13927574.23621	1578	20.2909
ERR13927574.23622	1562	17.7599
ERR13927574.23623	1612	17.4665
ERR13927574.23624	1562	20.8867
ERR13927574.23625	1313	16.3138
ERR13927574.23626	1620	19.1580
ERR13927574.23627	1595	20.6401
ERR13927574.23628	1601	20.1680
ERR13927574.23629	1564	19.9463
ERR13927574.23630	1612	19.7438
ERR13927574.23631	1572	15.2328
ERR13927574.23632	1582	16.1100
ERR13927574.23633	1555	20.3158
ERR13927574.23634	484	17.0475
ERR13927574.23635	1564	16.9648
ERR13927574.23636	1601	17.6452
ERR13927574.23637	1598	20.4549
ERR13927574.23638	1571	15.3393
ERR13927574.23639	1635	19.2905
ERR13927574.23640	1580	19.6006
ERR13927574.23641	1602	18.3864
ERR13927574.23642	1602	16.1130
ERR13927574.23643	1627	18.9342
ERR13927574.23644	1572	16.9796
ERR13927574.23645	1583	20.6058
ERR13927574.23646	1608	15.2693
ERR13927574.23647	1597	18.8278
ERR13927574.23648	1576	21.5025
ERR13927574.23649	1612	18.2258
ERR13927574.23650	1598	19.6483
ERR13927574.23651	1617	15.2665
ERR13927574.23652	1613	20.7991
ERR13927574.23653	1592	18.9862
ERR13927574.23654	1601	20.3435
ERR13927574.23655	1579	18.4110
ERR13927574.23656	1613	17.9132
ERR13927574.23657	1568	19.6977
ERR13927574.23658	1558	18.5770
ERR13927574.23659	1601	19.3023
ERR13927574.23660	1587	18.7946
ERR13927574.23661	1583	18.1914
ERR13927574.23662	1541	17.4315
ERR13927574.23663	1560	16.0667
ERR13927574.23664	1594	19.9793
ERR13927574.23665	1574	18.1023
ERR13927574.23666	1574	15.9695
ERR13927574.23667	1616	18.7908
ERR13927574.23668	1562	16.2260
ERR13927574.23669	1563	15.6328
ERR13927574.23670	1587	19.5406
ERR13927574.23671	1557	15.5780
ERR13927574.23672	1584	17.8434
ERR13927574.23673	1567	18.4525
ERR13927574.23674	1609	18.6762
ERR13927574.23675	1570	19.0841
ERR13927574.23676	1625	18.6234
ERR13927574.23677	1587	15.7492
ERR13927574.23678	1623	19.6063
ERR13927574.23679	1609	17.2405
ERR13927574.23680	1623	19.8398
ERR13927574.23681	1601	18.0437
ERR13927574.23682	1627	18.1955
ERR13927574.23683	1562	20.3848
ERR13927574.23684	1562	18.3694
ERR13927574.23685	1601	16.2517
ERR13927574.23686	1582	17.9008
ERR13927574.23687	1597	20.1334
ERR13927574.23688	1613	19.6100
ERR13927574.23689	1612	16.6805
ERR13927574.23690	1546	15.8558
ERR13927574.23691	1540	17.8974
ERR13927574.23692	1587	18.7410
ERR13927574.23693	1600	20.6431
ERR13927574.23694	1555	19.2457
ERR13927574.23695	1600	16.9769
ERR13927574.23696	1606	17.7870
ERR13927574.23697	1609	19.2293
ERR13927574.23698	1569	17.9382
ERR13927574.23699	1585	19.9274
ERR13927574.23700	1581	16.3890
ERR13927574.23701	1607	20.1133
ERR13927574.23702	1572	20.9307
ERR13927574.23703	1555	18.9241
ERR13927574.23704	1611	18.8982
ERR13927574.23705	1555	20.5061
ERR13927574.23706	1600	17.7625
ERR13927574.23707	1583	19.3885
ERR13927574.23708	1573	20.3051
ERR13927574.23709	1572	19.4307
ERR13927574.23710	1576	19.0241
ERR13927574.23711	1615	21.2669
ERR13927574.23712	1611	17.8094
ERR13927574.23713	1612	20.1811
ERR13927574.23714	1569	19.2148
ERR13927574.23715	604	20.4901
ERR13927574.23716	1555	21.2270
ERR13927574.23717	1544	16.6632
ERR13927574.23718	1618	21.0049
ERR13927574.23719	1591	20.7442
ERR13927574.23720	1618	16.7892
ERR13927574.23721	1588	17.8665
ERR13927574.23722	1593	16.4507
ERR13927574.23723	1583	20.6336
ERR13927574.23724	1540	16.0461
ERR13927574.23725	1619	20.4744
ERR13927574.23726	1542	19.3074
ERR13927574.23727	1601	18.0356
ERR13927574.23728	1554	16.6782
ERR13927574.23729	1606	17.5629
ERR13927574.23730	1618	17.8529
ERR13927574.23731	1583	17.4226
ERR13927574.23732	1524	16.9423
ERR13927574.23733	1537	15.5172
ERR13927574.23734	1597	17.8441
ERR13927574.23735	1558	20.7792
ERR13927574.23736	1561	17.6938
ERR13927574.23737	1543	14.1743
ERR13927574.23738	1534	17.0860
ERR13927574.23739	1564	20.4508
ERR13927574.23740	1595	20.9361
ERR13927574.23741	1560	16.5833
ERR13927574.23742	1578	18.8473
ERR13927574.23743	1593	18.6503
ERR13927574.23744	1619	19.7678
ERR13927574.23745	1585	15.3912
ERR13927574.23746	1578	19.8327
ERR13927574.23747	1584	19.1458
ERR13927574.23748	1575	20.0413
ERR13927574.23749	1573	17.6745
ERR13927574.23750	1600	18.6288
ERR13927574.23751	1626	18.0449
ERR13927574.23752	1556	18.9306
ERR13927574.23753	1579	17.4364
ERR13927574.23754	1568	18.9139
ERR13927574.23755	1584	19.9905
ERR13927574.23756	1557	18.7161
ERR13927574.23757	1600	16.1919
ERR13927574.23758	1551	17.6544
ERR13927574.23759	1588	21.0264
ERR13927574.23760	1595	18.3060
ERR13927574.23761	1580	19.0595
ERR13927574.23762	1608	20.6517
ERR13927574.23763	1580	18.1475
ERR13927574.23764	1564	15.0729
ERR13927574.23765	1564	16.5205
ERR13927574.23766	1562	21.0615
ERR13927574.23767	1560	20.9532
ERR13927574.23768	1597	19.8397
ERR13927574.23769	1608	18.3563
ERR13927574.23770	1633	18.9743
ERR13927574.23771	1572	19.9536
ERR13927574.23772	1628	17.6155
ERR13927574.23773	1626	18.8530
ERR13927574.23774	1564	17.0710
ERR13927574.23775	1556	17.7378
ERR13927574.23776	1591	21.3997
ERR13927574.23777	1582	20.2004
ERR13927574.23778	1582	19.2434
ERR13927574.23779	1572	17.9065
ERR13927574.23780	1607	18.2732
ERR13927574.23781	1548	16.3501
ERR13927574.23782	1573	18.1634
ERR13927574.23783	1603	17.6712
ERR13927574.23784	1578	20.5089
ERR13927574.23785	1551	15.3088
ERR13927574.23786	1595	18.1467
ERR13927574.23787	210	16.5857
ERR13927574.23788	1616	18.5241
ERR13927574.23789	1601	20.7801
ERR13927574.23790	1570	15.5497
ERR13927574.23791	1576	16.9505
ERR13927574.23792	1627	20.6878
ERR13927574.23793	1370	16.0927
ERR13927574.23794	1661	19.0241
ERR13927574.23795	1584	17.7790
ERR13927574.23796	1585	16.3773
ERR13927574.23797	205	16.2195
ERR13927574.23798	1577	16.9081
ERR13927574.23799	1569	21.0720
ERR13927574.23800	1590	15.3717
ERR13927574.23801	1036	18.5541
ERR13927574.23802	1563	17.3756
ERR13927574.23803	1580	21.0411
ERR13927574.23804	1580	21.1892
ERR13927574.23805	1581	22.1265
ERR13927574.23806	1596	19.8039
ERR13927574.23807	1583	16.6431
ERR13927574.23808	1579	16.8512
ERR13927574.23809	1568	15.8814
ERR13927574.23810	1566	20.2458
ERR13927574.23811	1587	17.9307
ERR13927574.23812	1575	15.3600
ERR13927574.23813	1588	19.2368
ERR13927574.23814	1650	17.3994
ERR13927574.23815	1602	18.2690
ERR13927574.23816	1423	14.2094
ERR13927574.23817	1580	22.0538
ERR13927574.23818	1580	18.5443
ERR13927574.23819	1518	13.9499
ERR13927574.23820	1547	15.2172
ERR13927574.23821	1612	18.1985
ERR13927574.23822	1587	19.8683
ERR13927574.23823	1583	14.9223
ERR13927574.23824	1532	18.9119
ERR13927574.23825	1579	17.2122
ERR13927574.23826	1579	16.3794
ERR13927574.23827	1567	18.8066
ERR13927574.23828	1535	16.6697
ERR13927574.23829	1595	21.2207
ERR13927574.23830	1573	16.2161
ERR13927574.23831	1620	19.3611
ERR13927574.23832	1587	19.0567
ERR13927574.23833	1599	19.7004
ERR13927574.23834	1611	19.7486
ERR13927574.23835	224	16.2723
ERR13927574.23836	1589	17.0522
ERR13927574.23837	1611	18.4109
ERR13927574.23838	1590	19.2610
ERR13927574.23839	1576	19.3991
ERR13927574.23840	1614	18.6159
ERR13927574.23841	1569	17.7126
ERR13927574.23842	1603	18.8022
ERR13927574.23843	1560	19.9667
ERR13927574.23844	1594	19.1248
ERR13927574.23845	1637	19.0067
ERR13927574.23846	1554	17.1100
ERR13927574.23847	1572	18.2665
ERR13927574.23848	1569	17.2989
ERR13927574.23849	1575	18.3651
ERR13927574.23850	1585	20.5256
ERR13927574.23851	1568	21.9273
ERR13927574.23852	1611	15.1881
ERR13927574.23853	1617	17.6846
ERR13927574.23854	1591	18.2709
ERR13927574.23855	1611	17.8113
ERR13927574.23856	378	12.4921
ERR13927574.23857	1604	21.2949
ERR13927574.23858	1600	21.9394
ERR13927574.23859	1619	17.5590
ERR13927574.23860	1556	18.6587
ERR13927574.23861	1614	18.2243
ERR13927574.23862	1621	20.5824
ERR13927574.23863	1568	19.6320
ERR13927574.23864	1564	19.0070
ERR13927574.23865	1571	21.1820
ERR13927574.23866	1554	14.9685
ERR13927574.23867	1615	15.3251
ERR13927574.23868	1593	16.8073
ERR13927574.23869	1607	19.0131
ERR13927574.23870	1571	17.9593
ERR13927574.23871	1584	16.1850
ERR13927574.23872	1606	16.5100
ERR13927574.23873	1558	17.5725
ERR13927574.23874	1568	17.2647
ERR13927574.23875	1582	21.5442
ERR13927574.23876	1543	16.3668
ERR13927574.23877	1619	18.7400
ERR13927574.23878	1552	16.3119
ERR13927574.23879	1557	20.3789
ERR13927574.23880	1590	19.0711
ERR13927574.23881	1593	19.0734
ERR13927574.23882	1542	15.5882
ERR13927574.23883	1548	15.4160
ERR13927574.23884	1576	16.6218
ERR13927574.23885	1548	20.6596
ERR13927574.23886	1599	15.3934
ERR13927574.23887	1607	19.7088
ERR13927574.23888	1705	17.7543
ERR13927574.23889	1559	18.3926
ERR13927574.23890	1565	18.0358
ERR13927574.23891	1558	17.0623
ERR13927574.23892	1585	18.9041
ERR13927574.23893	1556	19.8464
ERR13927574.23894	1566	19.9323
ERR13927574.23895	1545	17.5424
ERR13927574.23896	1639	19.3935
ERR13927574.23897	1626	17.8573
ERR13927574.23898	1546	21.1617
ERR13927574.23899	1616	19.2017
ERR13927574.23900	1587	19.1323
ERR13927574.23901	1563	18.8311
ERR13927574.23902	1575	17.2394
ERR13927574.23903	1536	16.6693
ERR13927574.23904	1579	15.4864
ERR13927574.23905	1710	20.0094
ERR13927574.23906	1583	16.3108
ERR13927574.23907	1620	19.5833
ERR13927574.23908	1550	19.1716
ERR13927574.23909	1553	15.4900
ERR13927574.23910	1602	20.1617
ERR13927574.23911	1677	19.7048
ERR13927574.23912	206	14.8107
ERR13927574.23913	1591	17.7775
ERR13927574.23914	1606	17.2646
ERR13927574.23915	1610	17.7087
ERR13927574.23916	1606	21.5037
ERR13927574.23917	1487	19.4997
ERR13927574.23918	1606	15.5224
ERR13927574.23919	1611	17.4749
ERR13927574.23920	1545	19.9139
ERR13927574.23921	1582	22.2162
ERR13927574.23922	1617	19.6852
ERR13927574.23923	794	17.7809
ERR13927574.23924	1571	19.2183
ERR13927574.23925	1579	17.8575
ERR13927574.23926	1537	14.9792
ERR13927574.23927	1606	16.8979
ERR13927574.23928	1547	17.3129
ERR13927574.23929	703	13.8905
ERR13927574.23930	1558	15.1772
ERR13927574.23931	1512	17.6825
ERR13927574.23932	1563	18.1068
ERR13927574.23933	599	18.9366
ERR13927574.23934	1571	20.8950
ERR13927574.23935	1612	16.0000
ERR13927574.23936	1570	16.9796
ERR13927574.23937	1615	18.9610
ERR13927574.23938	1620	19.8821
ERR13927574.23939	1617	20.3111
ERR13927574.23940	1592	16.0415
ERR13927574.23941	1599	19.9944
ERR13927574.23942	1548	16.1460
ERR13927574.23943	1606	19.4396
ERR13927574.23944	1642	17.4263
ERR13927574.23945	1478	16.5629
ERR13927574.23946	1601	19.7701
ERR13927574.23947	1592	16.6011
ERR13927574.23948	1679	17.4187
ERR13927574.23949	1620	19.3500
ERR13927574.23950	1582	19.5480
ERR13927574.23951	1023	17.2346
ERR13927574.23952	1592	18.8210
ERR13927574.23953	1589	20.5607
ERR13927574.23954	1583	20.1813
ERR13927574.23955	1618	14.7818
ERR13927574.23956	1598	15.7597
ERR13927574.23957	1607	16.4997
ERR13927574.23958	1589	19.2561
ERR13927574.23959	1016	19.3524
ERR13927574.23960	1590	19.7138
ERR13927574.23961	1621	20.0265
ERR13927574.23962	1557	14.2145
ERR13927574.23963	1615	20.2898
ERR13927574.23964	1541	16.2583
ERR13927574.23965	1602	20.2141
ERR13927574.23966	652	18.7101
ERR13927574.23967	1581	17.8235
ERR13927574.23968	1611	18.7722
ERR13927574.23969	1572	16.4281
ERR13927574.23970	1587	20.0384
ERR13927574.23971	1551	16.7801
ERR13927574.23972	1618	21.1428
ERR13927574.23973	1572	17.5693
ERR13927574.23974	1584	17.8548
ERR13927574.23975	1561	17.8341
ERR13927574.23976	1557	17.7701
ERR13927574.23977	1584	15.6881
ERR13927574.23978	1603	16.6326
ERR13927574.23979	1591	19.4896
ERR13927574.23980	1580	17.7791
ERR13927574.23981	1616	18.4257
ERR13927574.23982	1571	18.2215
ERR13927574.23983	1613	18.5146
ERR13927574.23984	1554	17.4575
ERR13927574.23985	1611	20.6058
ERR13927574.23986	1558	19.1804
ERR13927574.23987	1582	15.9728
ERR13927574.23988	1594	17.4962
ERR13927574.23989	1591	15.0000
ERR13927574.23990	1556	21.4640
ERR13927574.23991	1625	19.2954
ERR13927574.23992	1608	20.2606
ERR13927574.23993	1584	18.3630
ERR13927574.23994	1577	22.1040
ERR13927574.23995	1540	16.1234
ERR13927574.23996	1629	18.3278
ERR13927574.23997	1583	18.2994
ERR13927574.23998	1590	17.1000
ERR13927574.23999	1587	17.0744
ERR13927574.24000	1565	20.3604
ERR13927574.24001	1622	17.0475
ERR13927574.24002	1614	21.7361
ERR13927574.24003	1553	15.8545
ERR13927574.24004	1623	19.0222
ERR13927574.24005	1619	16.5985
ERR13927574.24006	1578	17.8676
ERR13927574.24007	1595	15.6665
ERR13927574.24008	808	21.1671
ERR13927574.24009	1606	18.8487
ERR13927574.24010	1602	16.7303
ERR13927574.24011	1610	15.0255
ERR13927574.24012	1596	20.8095
ERR13927574.24013	1588	15.2160
ERR13927574.24014	1558	19.2805
ERR13927574.24015	1577	18.9391
ERR13927574.24016	1574	19.8602
ERR13927574.24017	1703	16.4557
ERR13927574.24018	1650	19.3497
ERR13927574.24019	1582	20.1979
ERR13927574.24020	1555	18.1177
ERR13927574.24021	1574	21.2039
ERR13927574.24022	1630	20.0558
ERR13927574.24023	1585	15.4505
ERR13927574.24024	1555	18.7293
ERR13927574.24025	1609	19.6532
ERR13927574.24026	1340	15.7851
ERR13927574.24027	1560	19.3737
ERR13927574.24028	1572	16.9345
ERR13927574.24029	1563	19.6488
ERR13927574.24030	1566	19.2152
ERR13927574.24031	1599	17.2871
ERR13927574.24032	1580	15.6076
ERR13927574.24033	1569	19.8203
ERR13927574.24034	1595	19.2238
ERR13927574.24035	1562	20.5250
ERR13927574.24036	1683	20.1456
ERR13927574.24037	768	15.7253
ERR13927574.24038	1605	18.8025
ERR13927574.24039	1565	18.6313
ERR13927574.24040	1621	17.5423
ERR13927574.24041	1543	16.9948
ERR13927574.24042	1595	15.7041
ERR13927574.24043	1568	16.9994
ERR13927574.24044	1645	18.6188
ERR13927574.24045	1560	19.5904
ERR13927574.24046	1581	21.1885
ERR13927574.24047	1620	17.9648
ERR13927574.24048	1633	17.7802
ERR13927574.24049	1592	20.5465
ERR13927574.24050	1569	20.3773
ERR13927574.24051	1593	21.7414
ERR13927574.24052	1576	18.6180
ERR13927574.24053	1633	20.4562
ERR13927574.24054	1610	15.2099
ERR13927574.24055	1629	18.5427
ERR13927574.24056	1564	15.9137
ERR13927574.24057	1588	18.7040
ERR13927574.24058	1562	20.0883
ERR13927574.24059	1588	17.8123
ERR13927574.24060	1607	18.3049
ERR13927574.24061	1625	18.2018
ERR13927574.24062	1613	18.5809
ERR13927574.24063	1564	19.8587
ERR13927574.24064	1594	19.2051
ERR13927574.24065	1519	18.5688
ERR13927574.24066	1609	20.3325
ERR13927574.24067	1587	19.6219
ERR13927574.24068	1599	20.8086
ERR13927574.24069	1176	17.1259
ERR13927574.24070	1549	19.0342
ERR13927574.24071	1544	16.0816
ERR13927574.24072	1569	16.5832
ERR13927574.24073	1574	16.8698
ERR13927574.24074	1581	18.2929
ERR13927574.24075	1564	20.3555
ERR13927574.24076	1573	20.3465
ERR13927574.24077	846	18.6371
ERR13927574.24078	1551	16.1057
ERR13927574.24079	1570	17.3369
ERR13927574.24080	1575	17.1263
ERR13927574.24081	1617	18.1361
ERR13927574.24082	1603	21.9570
ERR13927574.24083	1569	22.3716
ERR13927574.24084	1584	16.1338
ERR13927574.24085	1568	20.9662
ERR13927574.24086	1570	20.6497
ERR13927574.24087	1621	17.7674
ERR13927574.24088	1597	20.1378
ERR13927574.24089	1582	18.4140
ERR13927574.24090	1616	20.5891
ERR13927574.24091	1588	18.4994
ERR13927574.24092	1531	15.2737
ERR13927574.24093	1614	19.3061
ERR13927574.24094	1538	14.5124
ERR13927574.24095	1537	16.0403
ERR13927574.24096	1570	19.4631
ERR13927574.24097	1601	18.3092
ERR13927574.24098	1590	17.9245
ERR13927574.24099	1613	16.7613
ERR13927574.24100	1639	19.8286
ERR13927574.24101	1551	16.3153
ERR13927574.24102	1584	17.8813
ERR13927574.24103	1615	17.9412
ERR13927574.24104	1577	14.8396
ERR13927574.24105	1530	15.2170
ERR13927574.24106	1511	18.4209
ERR13927574.24107	180	16.8389
ERR13927574.24108	1558	15.9397
ERR13927574.24109	1590	18.5528
ERR13927574.24110	1574	20.9282
ERR13927574.24111	1551	18.6144
ERR13927574.24112	1607	19.9496
ERR13927574.24113	1557	17.7887
ERR13927574.24114	1588	19.1467
ERR13927574.24115	1622	20.1443
ERR13927574.24116	1585	18.5091
ERR13927574.24117	1611	19.8734
ERR13927574.24118	1613	19.8543
ERR13927574.24119	1592	14.9780
ERR13927574.24120	1559	16.1565
ERR13927574.24121	1553	16.9614
ERR13927574.24122	1582	16.4539
ERR13927574.24123	1606	16.6189
ERR13927574.24124	1549	17.6243
ERR13927574.24125	1537	18.0930
ERR13927574.24126	1598	20.3129
ERR13927574.24127	1578	17.9290
ERR13927574.24128	1581	20.9924
ERR13927574.24129	1568	18.8061
ERR13927574.24130	1552	19.1959
ERR13927574.24131	1606	15.4134
ERR13927574.24132	1552	15.1153
ERR13927574.24133	1560	17.7917
ERR13927574.24134	1560	20.2776
ERR13927574.24135	1571	19.6747
ERR13927574.24136	1586	18.7749
ERR13927574.24137	1567	16.3401
ERR13927574.24138	1621	21.4719
ERR13927574.24139	1583	16.9280
ERR13927574.24140	1569	18.9535
ERR13927574.24141	1577	22.3564
ERR13927574.24142	1575	19.4978
ERR13927574.24143	1566	18.3985
ERR13927574.24144	1605	20.3857
ERR13927574.24145	1598	21.4512
ERR13927574.24146	1574	21.7370
ERR13927574.24147	1594	20.5565
ERR13927574.24148	236	16.3898
ERR13927574.24149	1503	20.6786
ERR13927574.24150	1607	19.3329
ERR13927574.24151	1556	17.1677
ERR13927574.24152	1572	19.7029
ERR13927574.24153	1598	18.3636
ERR13927574.24154	1589	19.7911
ERR13927574.24155	1566	16.9917
ERR13927574.24156	1587	19.7083
ERR13927574.24157	1584	15.7626
ERR13927574.24158	1559	17.1552
ERR13927574.24159	1581	20.0323
ERR13927574.24160	1563	17.7633
ERR13927574.24161	1569	20.7157
ERR13927574.24162	1599	19.6704
ERR13927574.24163	1566	18.1960
ERR13927574.24164	1607	22.1394
ERR13927574.24165	1616	19.2481
ERR13927574.24166	1576	16.5730
ERR13927574.24167	1574	19.0235
ERR13927574.24168	1612	21.5453
ERR13927574.24169	1557	18.3256
ERR13927574.24170	1556	17.0174
ERR13927574.24171	1594	18.6976
ERR13927574.24172	1550	18.0929
ERR13927574.24173	1616	19.7345
ERR13927574.24174	1587	20.8992
ERR13927574.24175	1587	22.5539
ERR13927574.24176	1591	17.2150
ERR13927574.24177	1519	16.7913
ERR13927574.24178	1559	21.0674
ERR13927574.24179	1573	22.2975
ERR13927574.24180	1585	17.5331
ERR13927574.24181	1588	16.7997
ERR13927574.24182	1605	17.4953
ERR13927574.24183	1551	15.5654
ERR13927574.24184	1589	16.3801
ERR13927574.24185	1597	18.1064
ERR13927574.24186	1567	19.7447
ERR13927574.24187	1595	20.9147
ERR13927574.24188	1614	20.0477
ERR13927574.24189	1590	16.8509
ERR13927574.24190	1615	20.0099
ERR13927574.24191	1599	17.5704
ERR13927574.24192	1567	13.9024
ERR13927574.24193	1573	16.9599
ERR13927574.24194	1572	15.9765
ERR13927574.24195	1550	20.3155
ERR13927574.24196	1590	20.9138
ERR13927574.24197	1613	18.6206
ERR13927574.24198	1615	18.6334
ERR13927574.24199	1596	18.0576
ERR13927574.24200	1614	19.4244
ERR13927574.24201	1586	15.2604
ERR13927574.24202	1571	17.5920
ERR13927574.24203	1595	18.0420
ERR13927574.24204	1602	19.8858
ERR13927574.24205	1616	17.0972
ERR13927574.24206	1538	15.0832
ERR13927574.24207	1576	18.1504
ERR13927574.24208	1610	20.5714
ERR13927574.24209	1587	15.8311
ERR13927574.24210	1584	18.3434
ERR13927574.24211	1575	21.6165
ERR13927574.24212	1593	17.6849
ERR13927574.24213	1603	16.8341
ERR13927574.24214	1609	20.8073
ERR13927574.24215	700	15.3557
ERR13927574.24216	1154	16.8977
ERR13927574.24217	1546	16.1643
ERR13927574.24218	1574	19.9587
ERR13927574.24219	1576	19.6834
ERR13927574.24220	1608	14.2500
ERR13927574.24221	1619	21.9722
ERR13927574.24222	1614	19.9058
ERR13927574.24223	1576	20.0482
ERR13927574.24224	1628	19.6898
ERR13927574.24225	1535	22.4065
ERR13927574.24226	1611	19.9119
ERR13927574.24227	1583	20.1901
ERR13927574.24228	1268	18.6822
ERR13927574.24229	1580	19.6848
ERR13927574.24230	1609	17.7116
ERR13927574.24231	1633	16.8181
ERR13927574.24232	1586	20.7213
ERR13927574.24233	1563	17.1100
ERR13927574.24234	1579	15.6707
ERR13927574.24235	1557	15.9942
ERR13927574.24236	1610	21.7478
ERR13927574.24237	1566	18.0785
ERR13927574.24238	1590	17.9208
ERR13927574.24239	1574	17.9492
ERR13927574.24240	1589	20.1183
ERR13927574.24241	1597	20.5786
ERR13927574.24242	1238	19.2787
ERR13927574.24243	1574	19.7948
ERR13927574.24244	1570	18.3459
ERR13927574.24245	1612	21.2711
ERR13927574.24246	1567	16.1034
ERR13927574.24247	1576	17.0926
ERR13927574.24248	1590	19.0459
ERR13927574.24249	1596	15.9605
ERR13927574.24250	1607	17.1133
ERR13927574.24251	1576	18.2500
ERR13927574.24252	1585	17.4151
ERR13927574.24253	1610	19.2596
ERR13927574.24254	1596	13.9461
ERR13927574.24255	1602	20.9938
ERR13927574.24256	1578	19.6812
ERR13927574.24257	1605	17.2978
ERR13927574.24258	1576	19.4448
ERR13927574.24259	1584	19.9912
ERR13927574.24260	1610	17.6540
ERR13927574.24261	1557	22.2974
ERR13927574.24262	1577	15.3621
ERR13927574.24263	1569	20.1154
ERR13927574.24264	1572	19.4911
ERR13927574.24265	1639	17.7572
ERR13927574.24266	1581	19.0550
ERR13927574.24267	1584	19.1370
ERR13927574.24268	1598	17.8473
ERR13927574.24269	1546	20.0789
ERR13927574.24270	1548	15.3327
ERR13927574.24271	1565	18.3789
ERR13927574.24272	1585	19.7174
ERR13927574.24273	1640	16.0726
ERR13927574.24274	1563	18.1465
ERR13927574.24275	1614	20.1797
ERR13927574.24276	1574	16.8355
ERR13927574.24277	1569	21.4665
ERR13927574.24278	1644	15.9282
ERR13927574.24279	1589	14.8137
ERR13927574.24280	1565	18.3208
ERR13927574.24281	1575	17.1987
ERR13927574.24282	1570	16.0783
ERR13927574.24283	1560	16.2968
ERR13927574.24284	1566	16.5492
ERR13927574.24285	1581	15.5433
ERR13927574.24286	1630	18.3466
ERR13927574.24287	1538	20.3654
ERR13927574.24288	1582	16.7301
ERR13927574.24289	1610	17.4385
ERR13927574.24290	1588	18.4326
ERR13927574.24291	1612	19.6278
ERR13927574.24292	2354	15.8751
ERR13927574.24293	1576	20.1155
ERR13927574.24294	1573	19.8048
ERR13927574.24295	1586	20.2560
ERR13927574.24296	1627	20.6656
ERR13927574.24297	1615	20.7913
ERR13927574.24298	1569	20.3034
ERR13927574.24299	1581	20.3270
ERR13927574.24300	1534	17.1082
ERR13927574.24301	1587	19.8784
ERR13927574.24302	1621	18.1178
ERR13927574.24303	1526	20.0865
ERR13927574.24304	1589	16.0277
ERR13927574.24305	1571	16.9052
ERR13927574.24306	1571	17.7384
ERR13927574.24307	1591	15.3627
ERR13927574.24308	227	15.0088
ERR13927574.24309	1565	15.9099
ERR13927574.24310	1597	16.1171
ERR13927574.24311	667	16.9160
ERR13927574.24312	1588	16.1310
ERR13927574.24313	1573	17.6275
ERR13927574.24314	1697	16.2840
ERR13927574.24315	1583	16.3885
ERR13927574.24316	1566	19.0524
ERR13927574.24317	1570	18.4943
ERR13927574.24318	1570	19.4000
ERR13927574.24319	1571	17.8116
ERR13927574.24320	1595	18.2013
ERR13927574.24321	1541	18.0629
ERR13927574.24322	1599	20.4841
ERR13927574.24323	1571	19.0757
ERR13927574.24324	1617	17.6679
ERR13927574.24325	1589	19.5009
ERR13927574.24326	1612	20.3431
ERR13927574.24327	1561	20.7726
ERR13927574.24328	1563	19.0134
ERR13927574.24329	1564	21.0460
ERR13927574.24330	1365	16.7597
ERR13927574.24331	1070	16.3252
ERR13927574.24332	1609	19.0534
ERR13927574.24333	1557	19.6583
ERR13927574.24334	1632	19.3199
ERR13927574.24335	1581	18.3245
ERR13927574.24336	1573	21.0718
ERR13927574.24337	1591	16.9491
ERR13927574.24338	1563	17.0883
ERR13927574.24339	1620	15.3673
ERR13927574.24340	1616	20.2983
ERR13927574.24341	1567	19.7186
ERR13927574.24342	1566	19.8474
ERR13927574.24343	1613	18.9678
ERR13927574.24344	1559	15.4862
ERR13927574.24345	1606	20.2796
ERR13927574.24346	1633	18.4005
ERR13927574.24347	1604	20.2481
ERR13927574.24348	1634	19.3378
ERR13927574.24349	1269	18.2805
ERR13927574.24350	1560	17.7122
ERR13927574.24351	1580	15.9285
ERR13927574.24352	1554	16.3822
ERR13927574.24353	1594	18.5464
ERR13927574.24354	1584	17.2948
ERR13927574.24355	1652	15.6628
ERR13927574.24356	1554	19.2909
ERR13927574.24357	1597	19.5266
ERR13927574.24358	1581	19.0544
ERR13927574.24359	1507	17.4088
ERR13927574.24360	1561	17.9904
ERR13927574.24361	1583	18.4195
ERR13927574.24362	1589	18.4915
ERR13927574.24363	1557	15.8337
ERR13927574.24364	1600	19.5144
ERR13927574.24365	1546	16.6947
ERR13927574.24366	1553	17.6246
ERR13927574.24367	1461	17.3046
ERR13927574.24368	1537	18.5628
ERR13927574.24369	1558	16.7786
ERR13927574.24370	1569	17.0771
ERR13927574.24371	1615	20.2130
ERR13927574.24372	1574	20.7192
ERR13927574.24373	1618	16.4147
ERR13927574.24374	1580	16.9867
ERR13927574.24375	1596	20.0821
ERR13927574.24376	1559	19.2245
ERR13927574.24377	1547	22.2986
ERR13927574.24378	1599	20.6316
ERR13927574.24379	1568	17.8597
ERR13927574.24380	1583	17.9861
ERR13927574.24381	1592	14.7676
ERR13927574.24382	1560	20.2167
ERR13927574.24383	1603	20.7155
ERR13927574.24384	1567	19.4486
ERR13927574.24385	1577	20.6994
ERR13927574.24386	1613	19.7365
ERR13927574.24387	1612	18.1923
ERR13927574.24388	213	22.3991
ERR13927574.24389	1606	19.4234
ERR13927574.24390	1576	19.2018
ERR13927574.24391	1585	19.6410
ERR13927574.24392	1557	19.8677
ERR13927574.24393	1589	19.5771
ERR13927574.24394	1247	17.7466
ERR13927574.24395	1565	15.2460
ERR13927574.24396	1552	18.8409
ERR13927574.24397	1536	16.3021
ERR13927574.24398	1545	16.4194
ERR13927574.24399	1571	20.8670
ERR13927574.24400	3214	19.1310
ERR13927574.24401	1587	15.4953
ERR13927574.24402	1609	19.7253
ERR13927574.24403	1535	15.8137
ERR13927574.24404	1601	16.0887
ERR13927574.24405	1548	20.1008
ERR13927574.24406	1561	16.4420
ERR13927574.24407	1596	21.9637
ERR13927574.24408	1008	15.6250
ERR13927574.24409	1605	18.1115
ERR13927574.24410	1555	20.8926
ERR13927574.24411	1618	20.0507
ERR13927574.24412	1591	17.1628
ERR13927574.24413	1611	18.8374
ERR13927574.24414	1522	14.5788
ERR13927574.24415	1611	14.2055
ERR13927574.24416	1564	18.0838
ERR13927574.24417	1602	18.3658
ERR13927574.24418	218	16.7661
ERR13927574.24419	1627	20.9963
ERR13927574.24420	1615	16.7808
ERR13927574.24421	1560	15.2038
ERR13927574.24422	1612	20.8828
ERR13927574.24423	1567	18.7939
ERR13927574.24424	1581	21.0342
ERR13927574.24425	1621	19.0049
ERR13927574.24426	1571	16.8778
ERR13927574.24427	1609	18.8713
ERR13927574.24428	1582	20.3015
ERR13927574.24429	1559	18.8307
ERR13927574.24430	1579	18.4668
ERR13927574.24431	1611	16.8169
ERR13927574.24432	1585	17.8006
ERR13927574.24433	1582	16.8135
ERR13927574.24434	1575	15.6717
ERR13927574.24435	1616	17.6801
ERR13927574.24436	1578	18.5203
ERR13927574.24437	1574	18.6429
ERR13927574.24438	1583	20.3879
ERR13927574.24439	1577	19.8408
ERR13927574.24440	1581	19.9924
ERR13927574.24441	1494	16.3755
ERR13927574.24442	1562	18.6191
ERR13927574.24443	1593	19.3955
ERR13927574.24444	1578	17.9842
ERR13927574.24445	1549	18.5229
ERR13927574.24446	1577	17.5415
ERR13927574.24447	1550	16.9703
ERR13927574.24448	1583	20.2375
ERR13927574.24449	1579	16.4262
ERR13927574.24450	1567	16.8922
ERR13927574.24451	1584	20.0221
ERR13927574.24452	1574	17.7700
ERR13927574.24453	800	14.9663
ERR13927574.24454	1595	15.9329
ERR13927574.24455	1576	17.7437
ERR13927574.24456	1632	19.0380
ERR13927574.24457	1566	16.0492
ERR13927574.24458	1587	18.6805
ERR13927574.24459	1543	18.3500
ERR13927574.24460	1548	18.7183
ERR13927574.24461	1545	16.5599
ERR13927574.24462	1585	20.4183
ERR13927574.24463	1565	21.7585
ERR13927574.24464	1619	16.6306
ERR13927574.24465	1563	16.3628
ERR13927574.24466	1607	19.3329
ERR13927574.24467	1572	18.9663
ERR13927574.24468	1598	20.2009
ERR13927574.24469	1574	17.5565
ERR13927574.24470	1615	18.1282
ERR13927574.24471	1588	19.5416
ERR13927574.24472	1588	20.1209
ERR13927574.24473	1586	19.0076
ERR13927574.24474	1580	19.6987
ERR13927574.24475	1600	18.1088
ERR13927574.24476	1529	17.8777
ERR13927574.24477	1610	15.4497
ERR13927574.24478	1610	19.0745
ERR13927574.24479	1628	15.1057
ERR13927574.24480	1605	21.7464
ERR13927574.24481	1542	16.5642
ERR13927574.24482	1610	17.9534
ERR13927574.24483	1601	20.0081
ERR13927574.24484	1522	17.0210
ERR13927574.24485	1534	15.7679
ERR13927574.24486	1543	17.0771
ERR13927574.24487	1644	17.6557
ERR13927574.24488	1557	15.5601
ERR13927574.24489	210	18.1000
ERR13927574.24490	1556	16.9871
ERR13927574.24491	1547	16.7828
ERR13927574.24492	1590	16.0503
ERR13927574.24493	1556	14.9319
ERR13927574.24494	1613	19.2548
ERR13927574.24495	1576	17.4734
ERR13927574.24496	1509	20.7972
ERR13927574.24497	1610	20.4317
ERR13927574.24498	1627	19.9324
ERR13927574.24499	1570	15.7312
ERR13927574.24500	1558	15.1662
ERR13927574.24501	1558	17.7516
ERR13927574.24502	1600	19.4994
ERR13927574.24503	1601	15.2224
ERR13927574.24504	1617	18.1373
ERR13927574.24505	1603	17.5933
ERR13927574.24506	1600	17.1381
ERR13927574.24507	1570	19.2159
ERR13927574.24508	1601	20.3198
ERR13927574.24509	1613	18.3664
ERR13927574.24510	1607	17.5849
ERR13927574.24511	1575	15.8324
ERR13927574.24512	1601	17.0269
ERR13927574.24513	879	20.1263
ERR13927574.24514	1548	18.9683
ERR13927574.24515	1571	21.0414
ERR13927574.24516	1584	20.2109
ERR13927574.24517	1543	17.8043
ERR13927574.24518	1598	20.4737
ERR13927574.24519	1556	19.9852
ERR13927574.24520	1599	17.2633
ERR13927574.24521	1584	21.8150
ERR13927574.24522	1462	19.2168
ERR13927574.24523	1559	19.4407
ERR13927574.24524	1541	17.5049
ERR13927574.24525	1562	15.2151
ERR13927574.24526	1601	17.9463
ERR13927574.24527	1565	22.5732
ERR13927574.24528	1581	18.2075
ERR13927574.24529	1584	20.0770
ERR13927574.24530	1601	17.8057
ERR13927574.24531	256	14.3125
ERR13927574.24532	1559	16.4798
ERR13927574.24533	1564	20.4930
ERR13927574.24534	1554	19.4942
ERR13927574.24535	1559	16.4124
ERR13927574.24536	1540	18.7325
ERR13927574.24537	1563	18.3282
ERR13927574.24538	581	17.4750
ERR13927574.24539	1611	17.1471
ERR13927574.24540	1547	16.6050
ERR13927574.24541	1567	20.9592
ERR13927574.24542	1546	18.6604
ERR13927574.24543	1221	20.9214
ERR13927574.24544	1613	19.7607
ERR13927574.24545	1586	20.8745
ERR13927574.24546	1627	19.2286
ERR13927574.24547	1580	20.3525
ERR13927574.24548	1595	18.4458
ERR13927574.24549	1569	16.2020
ERR13927574.24550	1585	16.6934
ERR13927574.24551	1552	15.2532
ERR13927574.24552	1138	18.9631
ERR13927574.24553	1560	15.6064
ERR13927574.24554	1601	20.0044
ERR13927574.24555	1557	18.8394
ERR13927574.24556	1551	17.8253
ERR13927574.24557	1543	18.4919
ERR13927574.24558	1613	19.8803
ERR13927574.24559	1560	16.9288
ERR13927574.24560	1623	21.1251
ERR13927574.24561	1609	19.4177
ERR13927574.24562	1566	17.5390
ERR13927574.24563	1576	18.9524
ERR13927574.24564	1588	20.2286
ERR13927574.24565	1623	18.2779
ERR13927574.24566	456	19.0373
ERR13927574.24567	1510	18.9616
ERR13927574.24568	1587	18.7719
ERR13927574.24569	1047	21.8663
ERR13927574.24570	1579	18.0469
ERR13927574.24571	1589	15.2020
ERR13927574.24572	1563	18.7742
ERR13927574.24573	1546	20.2775
ERR13927574.24574	1581	18.6597
ERR13927574.24575	1598	14.6927
ERR13927574.24576	1597	16.2774
ERR13927574.24577	1640	20.6244
ERR13927574.24578	1599	18.8893
ERR13927574.24579	1543	17.4601
ERR13927574.24580	1589	20.9037
ERR13927574.24581	1559	14.3194
ERR13927574.24582	1542	18.2931
ERR13927574.24583	1564	21.5780
ERR13927574.24584	1562	17.5455
ERR13927574.24585	1591	19.0660
ERR13927574.24586	1581	16.5402
ERR13927574.24587	1612	21.3716
ERR13927574.24588	823	17.5881
ERR13927574.24589	1537	16.6454
ERR13927574.24590	1579	19.8778
ERR13927574.24591	1579	17.1932
ERR13927574.24592	1582	18.4570
ERR13927574.24593	1590	18.8981
ERR13927574.24594	1556	20.4216
ERR13927574.24595	1599	19.4884
ERR13927574.24596	1554	20.7072
ERR13927574.24597	1579	14.8303
ERR13927574.24598	1578	17.7085
ERR13927574.24599	1583	16.3651
ERR13927574.24600	1591	16.8913
ERR13927574.24601	1588	19.8583
ERR13927574.24602	1558	20.4487
ERR13927574.24603	1599	15.8174
ERR13927574.24604	1584	19.7961
ERR13927574.24605	1630	17.1509
ERR13927574.24606	1557	16.9865
ERR13927574.24607	1576	17.2843
ERR13927574.24608	1576	14.9245
ERR13927574.24609	1599	16.0882
ERR13927574.24610	1594	19.3469
ERR13927574.24611	1550	16.1439
ERR13927574.24612	1599	19.4916
ERR13927574.24613	1599	18.3784
ERR13927574.24614	1583	17.2944
ERR13927574.24615	1627	17.3245
ERR13927574.24616	1548	18.5866
ERR13927574.24617	1620	16.1574
ERR13927574.24618	1609	16.6140
ERR13927574.24619	1596	16.3565
ERR13927574.24620	1397	15.3822
ERR13927574.24621	1591	17.0094
ERR13927574.24622	1542	19.3210
ERR13927574.24623	1581	20.6161
ERR13927574.24624	1602	16.0618
ERR13927574.24625	1559	19.5581
ERR13927574.24626	1576	19.2075
ERR13927574.24627	1514	17.4472
ERR13927574.24628	1607	19.1798
ERR13927574.24629	1560	16.5474
ERR13927574.24630	1564	17.4763
ERR13927574.24631	1557	18.0681
ERR13927574.24632	1594	15.9310
ERR13927574.24633	1572	15.5184
ERR13927574.24634	1558	15.9506
ERR13927574.24635	1563	20.0186
ERR13927574.24636	1560	20.0058
ERR13927574.24637	1617	16.8986
ERR13927574.24638	1582	14.7073
ERR13927574.24639	1566	16.7516
ERR13927574.24640	1617	19.5442
ERR13927574.24641	1630	19.3589
ERR13927574.24642	1611	20.0596
ERR13927574.24643	1581	16.8805
ERR13927574.24644	1616	21.4957
ERR13927574.24645	1592	20.8825
ERR13927574.24646	1541	18.2972
ERR13927574.24647	1596	19.5570
ERR13927574.24648	1541	17.9838
ERR13927574.24649	1589	19.4191
ERR13927574.24650	1522	18.0769
ERR13927574.24651	1585	17.8776
ERR13927574.24652	1577	14.2600
ERR13927574.24653	1564	19.0652
ERR13927574.24654	1586	18.7623
ERR13927574.24655	1117	17.5783
ERR13927574.24656	1616	18.2890
ERR13927574.24657	1577	18.1439
ERR13927574.24658	1592	17.1118
ERR13927574.24659	1583	18.4302
ERR13927574.24660	1561	20.8322
ERR13927574.24661	1569	20.1026
ERR13927574.24662	1590	19.5748
ERR13927574.24663	1584	18.6376
ERR13927574.24664	1612	18.0955
ERR13927574.24665	1589	20.0264
ERR13927574.24666	1584	21.6351
ERR13927574.24667	1611	19.3824
ERR13927574.24668	1567	17.3701
ERR13927574.24669	1575	19.3898
ERR13927574.24670	1295	17.0811
ERR13927574.24671	1550	20.7103
ERR13927574.24672	1613	20.0583
ERR13927574.24673	1570	18.5057
ERR13927574.24674	360	15.5028
ERR13927574.24675	1589	20.4537
ERR13927574.24676	1609	16.8539
ERR13927574.24677	1558	18.5963
ERR13927574.24678	1559	18.6491
ERR13927574.24679	1615	18.4923
ERR13927574.24680	1616	19.0192
ERR13927574.24681	1580	17.4911
ERR13927574.24682	1626	21.9969
ERR13927574.24683	1539	15.4795
ERR13927574.24684	942	15.7261
ERR13927574.24685	1584	19.3056
ERR13927574.24686	1616	15.4394
ERR13927574.24687	1574	20.2872
ERR13927574.24688	1629	18.3057
ERR13927574.24689	1595	20.1762
ERR13927574.24690	1562	14.3259
ERR13927574.24691	1628	15.9287
ERR13927574.24692	1604	20.0898
ERR13927574.24693	1590	20.8057
ERR13927574.24694	1566	18.2107
ERR13927574.24695	1542	18.2309
ERR13927574.24696	1600	20.1106
ERR13927574.24697	1585	17.1028
ERR13927574.24698	1573	20.2479
ERR13927574.24699	1586	17.3178
ERR13927574.24700	1614	19.5149
ERR13927574.24701	1549	16.8547
ERR13927574.24702	1556	19.4698
ERR13927574.24703	1569	20.6705
ERR13927574.24704	1386	20.4719
ERR13927574.24705	1586	18.4571
ERR13927574.24706	1621	17.5811
ERR13927574.24707	1575	17.0610
ERR13927574.24708	1604	19.2799
ERR13927574.24709	1582	16.8217
ERR13927574.24710	1601	18.3916
ERR13927574.24711	1598	16.6327
ERR13927574.24712	1587	17.4455
ERR13927574.24713	1606	21.6762
ERR13927574.24714	1589	15.2070
ERR13927574.24715	1618	21.5148
ERR13927574.24716	1573	20.6974
ERR13927574.24717	1555	16.9691
ERR13927574.24718	1519	16.3529
ERR13927574.24719	1587	14.5142
ERR13927574.24720	1544	17.0842
ERR13927574.24721	1574	19.2764
ERR13927574.24722	1546	19.4295
ERR13927574.24723	1578	19.1375
ERR13927574.24724	1615	19.6755
ERR13927574.24725	1387	16.0000
ERR13927574.24726	1593	16.7621
ERR13927574.24727	1565	21.2096
ERR13927574.24728	1565	20.7246
ERR13927574.24729	1554	20.3076
ERR13927574.24730	1603	17.6719
ERR13927574.24731	1526	17.9581
ERR13927574.24732	1612	21.2581
ERR13927574.24733	1619	19.9771
ERR13927574.24734	1664	16.7530
ERR13927574.24735	531	17.0621
ERR13927574.24736	1657	17.2505
ERR13927574.24737	1581	18.7615
ERR13927574.24738	1576	19.3014
ERR13927574.24739	1589	19.0132
ERR13927574.24740	1574	17.3374
ERR13927574.24741	1614	17.1561
ERR13927574.24742	1573	18.1367
ERR13927574.24743	1637	16.8931
ERR13927574.24744	1570	15.0592
ERR13927574.24745	1573	16.7107
ERR13927574.24746	1557	20.5909
ERR13927574.24747	1586	23.0460
ERR13927574.24748	1700	20.1835
ERR13927574.24749	1575	17.2260
ERR13927574.24750	1561	15.1422
ERR13927574.24751	1605	20.7458
ERR13927574.24752	1596	19.2318
ERR13927574.24753	1592	19.6269
ERR13927574.24754	1577	16.7679
ERR13927574.24755	1574	20.3926
ERR13927574.24756	1578	19.7776
ERR13927574.24757	1602	16.2022
ERR13927574.24758	1796	19.2940
ERR13927574.24759	1070	16.6364
ERR13927574.24760	1596	17.3866
ERR13927574.24761	1577	17.5504
ERR13927574.24762	1582	19.8104
ERR13927574.24763	1559	15.8730
ERR13927574.24764	1586	19.6721
ERR13927574.24765	1546	16.9929
ERR13927574.24766	1591	14.8988
ERR13927574.24767	1625	17.7982
ERR13927574.24768	1620	20.1340
ERR13927574.24769	1575	18.8679
ERR13927574.24770	1628	21.1738
ERR13927574.24771	1573	17.6631
ERR13927574.24772	1564	16.7986
ERR13927574.24773	1570	15.6873
ERR13927574.24774	1611	18.8144
ERR13927574.24775	1574	18.4104
ERR13927574.24776	1539	19.8434
ERR13927574.24777	1561	18.9142
ERR13927574.24778	1571	14.2896
ERR13927574.24779	1551	17.5583
ERR13927574.24780	1600	20.2763
ERR13927574.24781	1602	22.2160
ERR13927574.24782	1580	20.6044
ERR13927574.24783	1568	19.0459
ERR13927574.24784	1597	14.7589
ERR13927574.24785	1564	19.4847
ERR13927574.24786	1562	18.3841
ERR13927574.24787	1607	18.5420
ERR13927574.24788	1590	16.4723
ERR13927574.24789	1589	16.0132
ERR13927574.24790	1560	17.5526
ERR13927574.24791	1556	20.3605
ERR13927574.24792	1583	20.4908
ERR13927574.24793	1579	14.5795
ERR13927574.24794	1588	19.6599
ERR13927574.24795	1581	19.4092
ERR13927574.24796	1600	20.7587
ERR13927574.24797	1548	19.6951
ERR13927574.24798	1607	20.4549
ERR13927574.24799	1521	14.4675
ERR13927574.24800	1555	16.9582
ERR13927574.24801	1577	15.8725
ERR13927574.24802	1554	18.1544
ERR13927574.24803	1611	20.3004
ERR13927574.24804	1557	18.3038
ERR13927574.24805	1560	18.3019
ERR13927574.24806	1582	19.0424
ERR13927574.24807	1591	15.6336
ERR13927574.24808	1552	16.5077
ERR13927574.24809	1650	17.2770
ERR13927574.24810	1596	18.2018
ERR13927574.24811	1589	17.4034
ERR13927574.24812	1596	19.9223
ERR13927574.24813	1588	18.1921
ERR13927574.24814	1568	19.8501
ERR13927574.24815	1591	17.5619
ERR13927574.24816	1541	15.1733
ERR13927574.24817	1545	18.6673
ERR13927574.24818	1553	15.3548
ERR13927574.24819	1161	17.1464
ERR13927574.24820	1574	17.9098
ERR13927574.24821	1549	20.1085
ERR13927574.24822	1545	16.9851
ERR13927574.24823	1554	17.7876
ERR13927574.24824	1613	18.5945
ERR13927574.24825	1570	18.6873
ERR13927574.24826	1584	16.4331
ERR13927574.24827	1609	17.3841
ERR13927574.24828	1539	18.3138
ERR13927574.24829	1546	18.9580
ERR13927574.24830	1574	16.4066
ERR13927574.24831	1569	16.4410
ERR13927574.24832	1589	16.0717
ERR13927574.24833	1574	20.6220
ERR13927574.24834	1577	20.2955
ERR13927574.24835	157	15.1529
ERR13927574.24836	1605	20.5221
ERR13927574.24837	1562	16.9699
ERR13927574.24838	1596	19.4449
ERR13927574.24839	1527	17.8120
ERR13927574.24840	1604	15.9065
ERR13927574.24841	1543	18.3895
ERR13927574.24842	1532	19.1834
ERR13927574.24843	1562	17.9097
ERR13927574.24844	1704	16.6831
ERR13927574.24845	1571	19.0121
ERR13927574.24846	1536	14.2370
ERR13927574.24847	346	15.3988
ERR13927574.24848	1601	18.9207
ERR13927574.24849	1624	15.9464
ERR13927574.24850	1572	17.9746
ERR13927574.24851	1624	17.4175
ERR13927574.24852	1600	19.1175
ERR13927574.24853	1492	17.0898
ERR13927574.24854	1613	19.0620
ERR13927574.24855	1587	17.4688
ERR13927574.24856	1566	20.4930
ERR13927574.24857	1566	17.3761
ERR13927574.24858	1572	20.0744
ERR13927574.24859	1561	18.5016
ERR13927574.24860	1550	15.6232
ERR13927574.24861	1563	17.9693
ERR13927574.24862	1545	16.5786
ERR13927574.24863	1553	18.7064
ERR13927574.24864	1599	15.7892
ERR13927574.24865	1610	18.8714
ERR13927574.24866	1544	14.8135
ERR13927574.24867	1592	18.3901
ERR13927574.24868	1113	19.5867
ERR13927574.24869	1585	15.8524
ERR13927574.24870	1583	20.6980
ERR13927574.24871	1562	17.9206
ERR13927574.24872	1616	20.3849
ERR13927574.24873	1561	20.7444
ERR13927574.24874	1566	21.5064
ERR13927574.24875	1577	16.1141
ERR13927574.24876	1566	16.5498
ERR13927574.24877	1579	16.8220
ERR13927574.24878	1551	15.5893
ERR13927574.24879	1611	18.6331
ERR13927574.24880	1613	17.4501
ERR13927574.24881	1578	18.9994
ERR13927574.24882	1551	18.6525
ERR13927574.24883	1599	17.1601
ERR13927574.24884	1555	18.8135
ERR13927574.24885	1549	22.0749
ERR13927574.24886	1563	19.6865
ERR13927574.24887	1591	20.2313
ERR13927574.24888	1548	17.7984
ERR13927574.24889	1553	18.5905
ERR13927574.24890	1597	19.6706
ERR13927574.24891	1601	19.3323
ERR13927574.24892	1607	19.8382
ERR13927574.24893	1614	21.8532
ERR13927574.24894	1613	19.3050
ERR13927574.24895	1616	19.0050
ERR13927574.24896	1614	14.7850
ERR13927574.24897	1605	16.4704
ERR13927574.24898	1571	19.2712
ERR13927574.24899	1591	17.5487
ERR13927574.24900	1567	19.4461
ERR13927574.24901	1563	18.0800
ERR13927574.24902	1543	17.0493
ERR13927574.24903	1589	19.3279
ERR13927574.24904	1524	17.5564
ERR13927574.24905	1569	20.6597
ERR13927574.24906	1605	17.8891
ERR13927574.24907	1572	19.8480
ERR13927574.24908	1607	17.7150
ERR13927574.24909	1613	17.6020
ERR13927574.24910	1518	17.4223
ERR13927574.24911	1539	20.1767
ERR13927574.24912	1558	14.9878
ERR13927574.24913	1619	20.1970
ERR13927574.24914	1547	15.6749
ERR13927574.24915	1568	19.1652
ERR13927574.24916	1600	20.3744
ERR13927574.24917	1482	16.6377
ERR13927574.24918	570	14.9368
ERR13927574.24919	1585	17.3823
ERR13927574.24920	1579	16.6187
ERR13927574.24921	1535	19.1987
ERR13927574.24922	1593	20.6742
ERR13927574.24923	1587	18.2060
ERR13927574.24924	1575	20.0990
ERR13927574.24925	1565	18.9054
ERR13927574.24926	1588	16.9515
ERR13927574.24927	1602	17.5368
ERR13927574.24928	1607	16.6870
ERR13927574.24929	1545	19.2570
ERR13927574.24930	1604	16.8335
ERR13927574.24931	1581	20.2119
ERR13927574.24932	1598	17.7140
ERR13927574.24933	1580	14.1892
ERR13927574.24934	1668	16.2524
ERR13927574.24935	1541	15.7489
ERR13927574.24936	1610	16.6689
ERR13927574.24937	1579	20.3851
ERR13927574.24938	1544	17.6930
ERR13927574.24939	1590	18.5333
ERR13927574.24940	1590	17.3346
ERR13927574.24941	1543	18.0000
ERR13927574.24942	1558	17.3376
ERR13927574.24943	1571	16.8065
ERR13927574.24944	1556	19.9576
ERR13927574.24945	1636	19.2500
ERR13927574.24946	1589	16.0824
ERR13927574.24947	1579	17.5915
ERR13927574.24948	1546	19.0349
ERR13927574.24949	1582	19.5120
ERR13927574.24950	1572	15.4472
ERR13927574.24951	1585	15.9703
ERR13927574.24952	1613	15.7948
ERR13927574.24953	1597	20.4565
ERR13927574.24954	1570	16.4102
ERR13927574.24955	1583	17.8534
ERR13927574.24956	1563	20.2790
ERR13927574.24957	1565	18.9316
ERR13927574.24958	1627	15.6232
ERR13927574.24959	1604	18.6565
ERR13927574.24960	1551	16.3656
ERR13927574.24961	1577	15.7508
ERR13927574.24962	1555	21.7955
ERR13927574.24963	1119	15.9455
ERR13927574.24964	1597	17.8272
ERR13927574.24965	1582	21.4545
ERR13927574.24966	1596	17.4518
ERR13927574.24967	1572	16.9109
ERR13927574.24968	1599	18.4309
ERR13927574.24969	1577	15.9873
ERR13927574.24970	1560	17.5513
ERR13927574.24971	1579	16.5624
ERR13927574.24972	1580	19.2823
ERR13927574.24973	1579	20.2666
ERR13927574.24974	1619	19.3867
ERR13927574.24975	1589	18.6891
ERR13927574.24976	1584	20.4217
ERR13927574.24977	1602	20.4307
ERR13927574.24978	1585	21.9968
ERR13927574.24979	1568	21.0657
ERR13927574.24980	1568	19.6199
ERR13927574.24981	1557	18.4624
ERR13927574.24982	1642	15.9854
ERR13927574.24983	1579	16.1172
ERR13927574.24984	1564	21.6061
ERR13927574.24985	1575	21.1276
ERR13927574.24986	1623	18.4295
ERR13927574.24987	1596	19.8083
ERR13927574.24988	1615	14.4409
ERR13927574.24989	1604	20.9688
ERR13927574.24990	1583	20.6665
ERR13927574.24991	1583	18.8010
ERR13927574.24992	1612	20.4981
ERR13927574.24993	1581	14.6622
ERR13927574.24994	1586	17.8947
ERR13927574.24995	1571	19.3380
ERR13927574.24996	1573	15.5613
ERR13927574.24997	1570	19.8497
ERR13927574.24998	1478	18.9804
ERR13927574.24999	1713	17.4577
ERR13927574.25000	1495	16.3538
ERR13927574.25001	1594	15.2748
ERR13927574.25002	1591	14.6688
ERR13927574.25003	1695	18.6035
ERR13927574.25004	1616	16.7618
ERR13927574.25005	2203	18.3459
ERR13927574.25006	1509	15.5474
ERR13927574.25007	1580	15.6582
ERR13927574.25008	1558	15.4910
ERR13927574.25009	1601	18.9700
ERR13927574.25010	1569	19.7036
ERR13927574.25011	1572	19.3524
ERR13927574.25012	1574	20.1353
ERR13927574.25013	1550	19.9258
ERR13927574.25014	1597	17.7232
ERR13927574.25015	1591	16.1257
ERR13927574.25016	1587	17.4197
ERR13927574.25017	1613	18.8388
ERR13927574.25018	1555	18.5479
ERR13927574.25019	1592	20.4893
ERR13927574.25020	1600	17.4144
ERR13927574.25021	1575	19.9390
ERR13927574.25022	1612	18.2940
ERR13927574.25023	466	15.1502
ERR13927574.25024	1592	19.0766
ERR13927574.25025	1577	16.8675
ERR13927574.25026	1587	16.5167
ERR13927574.25027	1520	13.7441
ERR13927574.25028	1615	18.4204
ERR13927574.25029	1540	14.8818
ERR13927574.25030	1554	18.7786
ERR13927574.25031	1582	16.9381
ERR13927574.25032	1623	18.9858
ERR13927574.25033	1586	19.2137
ERR13927574.25034	1592	17.6646
ERR13927574.25035	1623	18.0370
ERR13927574.25036	1562	17.9834
ERR13927574.25037	1588	18.2771
ERR13927574.25038	1561	17.4343
ERR13927574.25039	1532	15.5718
ERR13927574.25040	1575	21.3517
ERR13927574.25041	1585	17.6467
ERR13927574.25042	1598	20.2184
ERR13927574.25043	1603	19.3755
ERR13927574.25044	1606	18.6563
ERR13927574.25045	1507	16.6596
ERR13927574.25046	1624	19.7057
ERR13927574.25047	1594	15.9849
ERR13927574.25048	3190	17.7853
ERR13927574.25049	1607	18.3584
ERR13927574.25050	1591	21.5732
ERR13927574.25051	1576	20.8706
ERR13927574.25052	1562	16.1492
ERR13927574.25053	1603	19.4779
ERR13927574.25054	1569	21.5143
ERR13927574.25055	1567	17.1353
ERR13927574.25056	1635	17.3731
ERR13927574.25057	1611	17.6269
ERR13927574.25058	1565	17.5617
ERR13927574.25059	1608	19.9770
ERR13927574.25060	1543	20.8393
ERR13927574.25061	1557	19.3770
ERR13927574.25062	1530	16.7444
ERR13927574.25063	1596	20.7268
ERR13927574.25064	1572	18.3022
ERR13927574.25065	1597	18.1446
ERR13927574.25066	1630	17.0546
ERR13927574.25067	1583	20.8307
ERR13927574.25068	1559	18.0949
ERR13927574.25069	1580	18.0038
ERR13927574.25070	1569	16.1816
ERR13927574.25071	1568	18.8418
ERR13927574.25072	1605	16.5109
ERR13927574.25073	1520	17.6855
ERR13927574.25074	1599	20.1038
ERR13927574.25075	1621	17.9272
ERR13927574.25076	1584	20.1837
ERR13927574.25077	1535	14.5075
ERR13927574.25078	1621	19.4608
ERR13927574.25079	1615	19.8675
ERR13927574.25080	1564	21.1771
ERR13927574.25081	1590	21.4987
ERR13927574.25082	1603	19.6769
ERR13927574.25083	1569	16.4410
ERR13927574.25084	1578	16.0659
ERR13927574.25085	1612	17.3220
ERR13927574.25086	1564	16.0486
ERR13927574.25087	1607	20.7237
ERR13927574.25088	1621	19.7958
ERR13927574.25089	1584	20.1597
ERR13927574.25090	1594	17.0408
ERR13927574.25091	1617	17.8268
ERR13927574.25092	1573	18.0744
ERR13927574.25093	1571	21.2915
ERR13927574.25094	1707	18.3802
ERR13927574.25095	1569	16.8343
ERR13927574.25096	1566	18.8525
ERR13927574.25097	1596	16.2149
ERR13927574.25098	1609	18.0659
ERR13927574.25099	1588	18.7670
ERR13927574.25100	1643	16.6342
ERR13927574.25101	1621	18.2764
ERR13927574.25102	1563	17.4357
ERR13927574.25103	1549	19.9845
ERR13927574.25104	1582	18.8590
ERR13927574.25105	1563	15.3244
ERR13927574.25106	1615	17.7288
ERR13927574.25107	1585	20.4164
ERR13927574.25108	1565	21.1540
ERR13927574.25109	1586	16.2554
ERR13927574.25110	1627	20.8138
ERR13927574.25111	1482	14.4352
ERR13927574.25112	1553	20.3863
ERR13927574.25113	1712	19.5578
ERR13927574.25114	1549	16.1356
ERR13927574.25115	1578	18.4645
ERR13927574.25116	1607	20.1220
ERR13927574.25117	1549	16.8844
ERR13927574.25118	1606	18.6899
ERR13927574.25119	1563	17.6609
ERR13927574.25120	1584	17.9899
ERR13927574.25121	1521	16.1670
ERR13927574.25122	1566	18.0971
ERR13927574.25123	1551	23.2482
ERR13927574.25124	1562	17.9232
ERR13927574.25125	1592	15.8028
ERR13927574.25126	1547	17.0039
ERR13927574.25127	1580	18.0443
ERR13927574.25128	1635	19.4006
ERR13927574.25129	1569	20.7330
ERR13927574.25130	1619	16.2199
ERR13927574.25131	1593	18.0050
ERR13927574.25132	1587	18.6742
ERR13927574.25133	1590	19.7107
ERR13927574.25134	1579	15.7967
ERR13927574.25135	1576	20.1415
ERR13927574.25136	1580	21.1190
ERR13927574.25137	1533	16.9622
ERR13927574.25138	1545	19.3482
ERR13927574.25139	1618	20.4048
ERR13927574.25140	1563	18.1964
ERR13927574.25141	1626	18.2036
ERR13927574.25142	1618	18.5402
ERR13927574.25143	1607	20.4269
ERR13927574.25144	1585	15.4656
ERR13927574.25145	1605	17.7632
ERR13927574.25146	1541	17.4666
ERR13927574.25147	1574	16.8875
ERR13927574.25148	1563	16.5937
ERR13927574.25149	1565	17.0236
ERR13927574.25150	1571	17.8001
ERR13927574.25151	1589	15.3870
ERR13927574.25152	1572	19.1508
ERR13927574.25153	1575	20.5130
ERR13927574.25154	1604	16.1079
ERR13927574.25155	1622	19.5321
ERR13927574.25156	1710	19.4579
ERR13927574.25157	1565	14.9802
ERR13927574.25158	1566	19.9246
ERR13927574.25159	1568	16.7653
ERR13927574.25160	1572	17.2983
ERR13927574.25161	1589	18.0371
ERR13927574.25162	1602	18.4732
ERR13927574.25163	1099	15.6078
ERR13927574.25164	1605	20.5988
ERR13927574.25165	1556	16.2783
ERR13927574.25166	1582	18.7427
ERR13927574.25167	1602	14.2722
ERR13927574.25168	1601	18.1668
ERR13927574.25169	1568	21.3610
ERR13927574.25170	1614	22.0849
ERR13927574.25171	1589	15.9276
ERR13927574.25172	1604	14.2562
ERR13927574.25173	1592	15.9177
ERR13927574.25174	1601	14.3904
ERR13927574.25175	1561	18.2582
ERR13927574.25176	1579	20.7992
ERR13927574.25177	1583	16.5559
ERR13927574.25178	1602	19.5911
ERR13927574.25179	1567	19.4608
ERR13927574.25180	1556	19.4826
ERR13927574.25181	1572	20.5789
ERR13927574.25182	1613	17.9299
ERR13927574.25183	1593	19.2787
ERR13927574.25184	1598	20.0038
ERR13927574.25185	1605	19.5713
ERR13927574.25186	1589	21.8880
ERR13927574.25187	1588	20.1499
ERR13927574.25188	1554	17.7465
ERR13927574.25189	1615	16.4303
ERR13927574.25190	1624	18.7826
ERR13927574.25191	1612	19.8164
ERR13927574.25192	1572	17.7570
ERR13927574.25193	1582	19.3274
ERR13927574.25194	1600	16.6788
ERR13927574.25195	1577	16.1268
ERR13927574.25196	1564	22.7788
ERR13927574.25197	1557	17.3532
ERR13927574.25198	1555	16.5241
ERR13927574.25199	1540	15.4032
ERR13927574.25200	1602	20.2441
ERR13927574.25201	1551	20.2431
ERR13927574.25202	1572	17.4116
ERR13927574.25203	1596	17.1497
ERR13927574.25204	1598	19.6477
ERR13927574.25205	1606	18.7870
ERR13927574.25206	1569	19.1995
ERR13927574.25207	1640	19.3323
ERR13927574.25208	1575	19.5365
ERR13927574.25209	1548	17.7358
ERR13927574.25210	1520	15.8066
ERR13927574.25211	1569	19.1587
ERR13927574.25212	1628	19.3894
ERR13927574.25213	1598	18.5582
ERR13927574.25214	1593	19.5223
ERR13927574.25215	1597	21.4371
ERR13927574.25216	1557	19.4509
ERR13927574.25217	1562	17.2029
ERR13927574.25218	1587	14.2842
ERR13927574.25219	1551	15.7369
ERR13927574.25220	1569	17.5456
ERR13927574.25221	1562	19.5224
ERR13927574.25222	1595	14.6545
ERR13927574.25223	1608	19.6580
ERR13927574.25224	1582	16.2162
ERR13927574.25225	1553	17.5692
ERR13927574.25226	1048	16.4456
ERR13927574.25227	1556	17.8978
ERR13927574.25228	677	14.1640
ERR13927574.25229	1578	18.2313
ERR13927574.25230	1584	20.4432
ERR13927574.25231	1390	17.8626
ERR13927574.25232	1575	18.4838
ERR13927574.25233	1568	18.8737
ERR13927574.25234	1619	16.5108
ERR13927574.25235	1580	16.9766
ERR13927574.25236	1606	20.0399
ERR13927574.25237	1559	16.6331
ERR13927574.25238	1087	17.3974
ERR13927574.25239	1589	20.7854
ERR13927574.25240	1558	19.3248
ERR13927574.25241	1562	17.3636
ERR13927574.25242	1549	15.2653
ERR13927574.25243	1571	15.7912
ERR13927574.25244	1579	16.7144
ERR13927574.25245	1570	18.6115
ERR13927574.25246	1570	17.0382
ERR13927574.25247	1540	18.7779
ERR13927574.25248	1494	17.5368
ERR13927574.25249	1582	16.8881
ERR13927574.25250	1556	20.3078
ERR13927574.25251	1569	16.6730
ERR13927574.25252	1602	17.6454
ERR13927574.25253	1577	16.0495
ERR13927574.25254	1575	20.4870
ERR13927574.25255	1599	16.5810
ERR13927574.25256	1589	16.5123
ERR13927574.25257	1554	20.5405
ERR13927574.25258	1588	19.9131
ERR13927574.25259	1601	21.1393
ERR13927574.25260	1565	16.9348
ERR13927574.25261	1543	14.5230
ERR13927574.25262	1585	17.8845
ERR13927574.25263	1612	16.1569
ERR13927574.25264	1617	18.8299
ERR13927574.25265	1557	14.9827
ERR13927574.25266	1599	20.3634
ERR13927574.25267	1576	16.9232
ERR13927574.25268	1620	18.6975
ERR13927574.25269	1502	16.5353
ERR13927574.25270	1572	19.5095
ERR13927574.25271	1564	16.6221
ERR13927574.25272	1591	18.6147
ERR13927574.25273	1570	21.1866
ERR13927574.25274	1615	15.8935
ERR13927574.25275	1579	19.4345
ERR13927574.25276	1594	22.9059
ERR13927574.25277	1562	15.5980
ERR13927574.25278	1612	19.9107
ERR13927574.25279	1571	19.6996
ERR13927574.25280	1547	19.8390
ERR13927574.25281	1597	19.1403
ERR13927574.25282	1587	19.2439
ERR13927574.25283	1538	17.4337
ERR13927574.25284	1635	21.7462
ERR13927574.25285	1596	14.6610
ERR13927574.25286	1561	19.1409
ERR13927574.25287	1589	19.4141
ERR13927574.25288	1559	19.3002
ERR13927574.25289	1588	17.5535
ERR13927574.25290	1567	15.2719
ERR13927574.25291	1622	19.8564
ERR13927574.25292	1541	16.6087
ERR13927574.25293	1572	18.0331
ERR13927574.25294	1619	20.5182
ERR13927574.25295	1575	21.5117
ERR13927574.25296	1551	18.6821
ERR13927574.25297	1603	19.9557
ERR13927574.25298	1603	21.1978
ERR13927574.25299	1592	17.4541
ERR13927574.25300	1559	21.0988
ERR13927574.25301	1607	17.9172
ERR13927574.25302	1606	21.1874
ERR13927574.25303	1615	19.7034
ERR13927574.25304	1593	19.5907
ERR13927574.25305	1599	20.2846
ERR13927574.25306	1503	16.9415
ERR13927574.25307	1642	18.9531
ERR13927574.25308	1581	20.0335
ERR13927574.25309	1577	16.5263
ERR13927574.25310	1628	21.0645
ERR13927574.25311	1016	16.3061
ERR13927574.25312	1632	16.6244
ERR13927574.25313	1585	17.8057
ERR13927574.25314	1574	20.2929
ERR13927574.25315	1527	19.8441
ERR13927574.25316	818	16.1870
ERR13927574.25317	1583	17.2963
ERR13927574.25318	1577	16.6595
ERR13927574.25319	1555	20.2926
ERR13927574.25320	1559	16.4721
ERR13927574.25321	1620	17.4253
ERR13927574.25322	1583	18.9918
ERR13927574.25323	1581	16.1575
ERR13927574.25324	1575	18.1657
ERR13927574.25325	1595	18.6627
ERR13927574.25326	1571	18.9433
ERR13927574.25327	1552	15.0999
ERR13927574.25328	1549	16.1291
ERR13927574.25329	1562	16.3758
ERR13927574.25330	1623	18.7221
ERR13927574.25331	1536	16.2507
ERR13927574.25332	1580	17.5127
ERR13927574.25333	1581	15.6256
ERR13927574.25334	1620	20.0463
ERR13927574.25335	1544	16.9819
ERR13927574.25336	1613	20.9188
ERR13927574.25337	1605	16.0343
ERR13927574.25338	1618	17.6075
ERR13927574.25339	1598	18.7910
ERR13927574.25340	1531	16.5029
ERR13927574.25341	1615	18.1003
ERR13927574.25342	1577	20.3056
ERR13927574.25343	1586	16.3083
ERR13927574.25344	1602	19.6142
ERR13927574.25345	1233	17.2474
ERR13927574.25346	1653	20.7120
ERR13927574.25347	3150	19.5914
ERR13927574.25348	1572	20.2888
ERR13927574.25349	1575	20.9727
ERR13927574.25350	1591	20.2734
ERR13927574.25351	1587	16.9742
ERR13927574.25352	1560	20.1538
ERR13927574.25353	1598	17.6815
ERR13927574.25354	1584	19.3813
ERR13927574.25355	1575	18.6394
ERR13927574.25356	1530	16.7588
ERR13927574.25357	1608	19.3246
ERR13927574.25358	1627	14.8955
ERR13927574.25359	1591	15.7995
ERR13927574.25360	1568	19.3227
ERR13927574.25361	1633	17.7232
ERR13927574.25362	1511	19.9841
ERR13927574.25363	1551	20.4326
ERR13927574.25364	1557	18.9782
ERR13927574.25365	1614	19.5149
ERR13927574.25366	784	18.1735
ERR13927574.25367	1628	16.5061
ERR13927574.25368	1592	18.6608
ERR13927574.25369	1563	20.8093
ERR13927574.25370	1611	20.3700
ERR13927574.25371	1599	18.0632
ERR13927574.25372	1629	18.8674
ERR13927574.25373	1560	16.8859
ERR13927574.25374	1574	19.1792
ERR13927574.25375	1572	19.8639
ERR13927574.25376	1595	20.3298
ERR13927574.25377	1616	17.8193
ERR13927574.25378	1597	21.8316
ERR13927574.25379	1572	20.0642
ERR13927574.25380	1563	14.5003
ERR13927574.25381	1566	15.5211
ERR13927574.25382	1539	14.3580
ERR13927574.25383	1597	15.9894
ERR13927574.25384	1615	20.8433
ERR13927574.25385	1570	21.0879
ERR13927574.25386	1595	19.5994
ERR13927574.25387	1566	20.8308
ERR13927574.25388	1614	20.6456
ERR13927574.25389	1623	18.5102
ERR13927574.25390	1579	15.0868
ERR13927574.25391	1602	18.8758
ERR13927574.25392	1579	21.5149
ERR13927574.25393	1503	18.6154
ERR13927574.25394	1547	18.1881
ERR13927574.25395	1579	19.8043
ERR13927574.25396	1627	16.8254
ERR13927574.25397	1525	21.0859
ERR13927574.25398	1588	20.6631
ERR13927574.25399	1624	19.8387
ERR13927574.25400	1604	19.2145
ERR13927574.25401	1584	20.8838
ERR13927574.25402	1551	17.7299
ERR13927574.25403	1512	16.7017
ERR13927574.25404	1585	14.4820
ERR13927574.25405	1570	19.9344
ERR13927574.25406	1565	16.0294
ERR13927574.25407	1585	21.1874
ERR13927574.25408	1597	17.5723
ERR13927574.25409	1579	20.7942
ERR13927574.25410	1599	17.4434
ERR13927574.25411	1579	20.7131
ERR13927574.25412	1585	19.8587
ERR13927574.25413	1587	17.2243
ERR13927574.25414	1605	19.9489
ERR13927574.25415	1641	16.8056
ERR13927574.25416	1564	17.6797
ERR13927574.25417	1590	21.2616
ERR13927574.25418	1613	17.4402
ERR13927574.25419	1575	18.4216
ERR13927574.25420	1614	19.4257
ERR13927574.25421	1577	17.5777
ERR13927574.25422	1583	16.4220
ERR13927574.25423	1601	20.1405
ERR13927574.25424	1637	21.2389
ERR13927574.25425	1618	21.5600
ERR13927574.25426	1444	14.0658
ERR13927574.25427	1579	19.7163
ERR13927574.25428	675	17.1007
ERR13927574.25429	1560	20.7333
ERR13927574.25430	1552	19.9079
ERR13927574.25431	1621	21.8822
ERR13927574.25432	1609	20.1193
ERR13927574.25433	1546	18.3260
ERR13927574.25434	1613	20.6733
ERR13927574.25435	1562	18.0307
ERR13927574.25436	1614	19.2974
ERR13927574.25437	1575	17.7162
ERR13927574.25438	1577	19.0748
ERR13927574.25439	1577	16.0938
ERR13927574.25440	1569	17.7400
ERR13927574.25441	1225	21.6424
ERR13927574.25442	1573	18.6821
ERR13927574.25443	1563	13.8996
ERR13927574.25444	1531	15.2515
ERR13927574.25445	1606	21.9303
ERR13927574.25446	1608	16.7606
ERR13927574.25447	1585	21.9129
ERR13927574.25448	1516	13.9967
ERR13927574.25449	1578	18.2199
ERR13927574.25450	733	17.8663
ERR13927574.25451	1578	18.7478
ERR13927574.25452	1593	18.8832
ERR13927574.25453	1574	20.7376
ERR13927574.25454	1566	16.9381
ERR13927574.25455	1616	16.8131
ERR13927574.25456	1596	19.7287
ERR13927574.25457	1598	19.9186
ERR13927574.25458	1562	16.9808
ERR13927574.25459	1570	20.5662
ERR13927574.25460	1568	19.1754
ERR13927574.25461	1599	17.2564
ERR13927574.25462	1527	14.2299
ERR13927574.25463	1614	18.4033
ERR13927574.25464	1619	17.6504
ERR13927574.25465	1612	19.7016
ERR13927574.25466	1616	20.5198
ERR13927574.25467	1576	18.2018
ERR13927574.25468	1592	19.2418
ERR13927574.25469	1616	19.1696
ERR13927574.25470	1542	15.7633
ERR13927574.25471	1626	19.4367
ERR13927574.25472	1576	20.1789
ERR13927574.25473	1590	20.7220
ERR13927574.25474	1583	17.3670
ERR13927574.25475	1576	18.1250
ERR13927574.25476	1620	17.4728
ERR13927574.25477	1595	17.8897
ERR13927574.25478	1588	19.0397
ERR13927574.25479	1573	19.6847
ERR13927574.25480	1541	21.4114
ERR13927574.25481	1607	21.1450
ERR13927574.25482	1563	15.9379
ERR13927574.25483	1583	18.1876
ERR13927574.25484	1572	18.1953
ERR13927574.25485	1605	20.4573
ERR13927574.25486	1554	16.5824
ERR13927574.25487	1575	21.7371
ERR13927574.25488	1585	20.0688
ERR13927574.25489	1526	15.5098
ERR13927574.25490	1564	16.7609
ERR13927574.25491	1627	20.7486
ERR13927574.25492	1609	21.0777
ERR13927574.25493	1578	20.2864
ERR13927574.25494	1580	20.7956
ERR13927574.25495	1585	20.8177
ERR13927574.25496	1563	20.7735
ERR13927574.25497	1598	19.3079
ERR13927574.25498	1681	19.0541
ERR13927574.25499	1583	19.7694
ERR13927574.25500	1551	19.1277
ERR13927574.25501	1589	16.3449
ERR13927574.25502	1575	16.9994
ERR13927574.25503	1612	17.7978
ERR13927574.25504	1566	17.2235
ERR13927574.25505	1607	17.5588
ERR13927574.25506	1573	16.8048
ERR13927574.25507	1591	19.5110
ERR13927574.25508	1570	19.2796
ERR13927574.25509	1591	18.9183
ERR13927574.25510	1618	20.1749
ERR13927574.25511	1602	20.3471
ERR13927574.25512	1581	16.5598
ERR13927574.25513	1575	19.2267
ERR13927574.25514	1556	19.0713
ERR13927574.25515	1581	19.4801
ERR13927574.25516	1585	19.2625
ERR13927574.25517	1576	18.7862
ERR13927574.25518	1547	17.1952
ERR13927574.25519	1403	15.7170
ERR13927574.25520	1582	20.4690
ERR13927574.25521	592	15.9814
ERR13927574.25522	1605	20.0405
ERR13927574.25523	1595	19.7806
ERR13927574.25524	1589	17.8697
ERR13927574.25525	1590	21.3730
ERR13927574.25526	1585	20.2524
ERR13927574.25527	1571	19.7206
ERR13927574.25528	1582	19.9254
ERR13927574.25529	1573	19.2117
ERR13927574.25530	1635	18.8526
ERR13927574.25531	1534	18.6995
ERR13927574.25532	1595	17.0991
ERR13927574.25533	1577	18.6107
ERR13927574.25534	1565	17.2460
ERR13927574.25535	1587	17.6767
ERR13927574.25536	1559	17.8307
ERR13927574.25537	1576	18.8249
ERR13927574.25538	1620	17.1463
ERR13927574.25539	1570	18.5917
ERR13927574.25540	1610	19.9727
ERR13927574.25541	1569	16.9853
ERR13927574.25542	1607	19.0996
ERR13927574.25543	1415	17.7887
ERR13927574.25544	1587	19.7190
ERR13927574.25545	1574	16.1436
ERR13927574.25546	1590	15.7088
ERR13927574.25547	1204	19.1819
ERR13927574.25548	1569	17.3199
ERR13927574.25549	1546	18.6022
ERR13927574.25550	1557	20.0398
ERR13927574.25551	1614	19.0118
ERR13927574.25552	1566	18.6341
ERR13927574.25553	1579	17.5459
ERR13927574.25554	1582	16.7528
ERR13927574.25555	1590	17.8459
ERR13927574.25556	1560	22.6603
ERR13927574.25557	1589	15.2297
ERR13927574.25558	258	13.1822
ERR13927574.25559	1559	20.5799
ERR13927574.25560	1596	19.2206
ERR13927574.25561	1554	16.8069
ERR13927574.25562	1579	19.2939
ERR13927574.25563	1572	16.9746
ERR13927574.25564	1599	19.4096
ERR13927574.25565	1582	20.2693
ERR13927574.25566	1613	18.4916
ERR13927574.25567	1615	19.5288
ERR13927574.25568	1565	19.4256
ERR13927574.25569	1577	17.6956
ERR13927574.25570	1558	20.7721
ERR13927574.25571	1555	21.3460
ERR13927574.25572	1611	18.7238
ERR13927574.25573	1550	18.5639
ERR13927574.25574	1605	22.5265
ERR13927574.25575	1522	16.3443
ERR13927574.25576	1580	19.9646
ERR13927574.25577	1571	19.9198
ERR13927574.25578	1605	19.4579
ERR13927574.25579	1586	18.2245
ERR13927574.25580	1568	17.6116
ERR13927574.25581	1565	16.9265
ERR13927574.25582	1579	19.8068
ERR13927574.25583	1596	19.3947
ERR13927574.25584	1576	18.8344
ERR13927574.25585	1594	17.9699
ERR13927574.25586	1597	19.2636
ERR13927574.25587	1578	21.7117
ERR13927574.25588	1564	19.1413
ERR13927574.25589	1561	18.7521
ERR13927574.25590	1567	16.4499
ERR13927574.25591	1571	19.7632
ERR13927574.25592	1636	16.8099
ERR13927574.25593	1600	17.8406
ERR13927574.25594	1556	17.8329
ERR13927574.25595	1587	18.2773
ERR13927574.25596	850	18.0471
ERR13927574.25597	1734	20.5830
ERR13927574.25598	1569	19.2467
ERR13927574.25599	1623	18.2317
ERR13927574.25600	1593	20.3861
ERR13927574.25601	1607	18.0541
ERR13927574.25602	1613	16.6330
ERR13927574.25603	1560	16.8378
ERR13927574.25604	1539	16.6693
ERR13927574.25605	1617	15.8324
ERR13927574.25606	1599	21.9475
ERR13927574.25607	1576	16.7208
ERR13927574.25608	1579	17.2223
ERR13927574.25609	1618	20.4314
ERR13927574.25610	1586	19.0044
ERR13927574.25611	1574	17.1423
ERR13927574.25612	1567	19.1749
ERR13927574.25613	1582	16.5670
ERR13927574.25614	1517	14.4601
ERR13927574.25615	1615	21.0613
ERR13927574.25616	1595	18.4627
ERR13927574.25617	1577	16.2099
ERR13927574.25618	1600	17.4919
ERR13927574.25619	777	20.1236
ERR13927574.25620	1239	16.7950
ERR13927574.25621	1587	20.2010
ERR13927574.25622	1588	17.6877
ERR13927574.25623	1545	15.3942
ERR13927574.25624	1590	21.1057
ERR13927574.25625	1576	18.7912
ERR13927574.25626	1550	19.5619
ERR13927574.25627	1569	20.9350
ERR13927574.25628	1592	14.7129
ERR13927574.25629	1586	17.3928
ERR13927574.25630	1570	20.0522
ERR13927574.25631	1581	18.2808
ERR13927574.25632	1608	18.1331
ERR13927574.25633	1643	16.2386
ERR13927574.25634	1576	18.5032
ERR13927574.25635	1597	17.8384
ERR13927574.25636	1586	19.9029
ERR13927574.25637	1569	16.1402
ERR13927574.25638	1601	21.7908
ERR13927574.25639	1577	17.3354
ERR13927574.25640	1603	16.9214
ERR13927574.25641	1601	18.5971
ERR13927574.25642	1549	15.8941
ERR13927574.25643	1584	15.9249
ERR13927574.25644	1584	18.9015
ERR13927574.25645	1567	20.1193
ERR13927574.25646	1617	16.9202
ERR13927574.25647	1604	22.1322
ERR13927574.25648	1544	19.6885
ERR13927574.25649	1592	17.4956
ERR13927574.25650	1598	19.0488
ERR13927574.25651	1600	17.2119
ERR13927574.25652	1563	19.6328
ERR13927574.25653	1614	20.7218
ERR13927574.25654	1639	20.4491
ERR13927574.25655	1577	16.1966
ERR13927574.25656	1564	19.5799
ERR13927574.25657	1588	20.4024
ERR13927574.25658	1539	17.8499
ERR13927574.25659	1604	21.3865
ERR13927574.25660	1825	16.4877
ERR13927574.25661	1585	15.7968
ERR13927574.25662	1594	17.7742
ERR13927574.25663	1552	17.7938
ERR13927574.25664	1591	17.6801
ERR13927574.25665	1557	21.1028
ERR13927574.25666	1585	20.8442
ERR13927574.25667	1573	19.1971
ERR13927574.25668	1603	17.8066
ERR13927574.25669	1541	20.7437
ERR13927574.25670	1562	15.0672
ERR13927574.25671	1554	18.4633
ERR13927574.25672	1569	18.8649
ERR13927574.25673	1611	20.5903
ERR13927574.25674	611	20.9493
ERR13927574.25675	1568	21.6881
ERR13927574.25676	1571	18.7613
ERR13927574.25677	1449	15.4300
ERR13927574.25678	1572	16.8702
ERR13927574.25679	1570	18.2611
ERR13927574.25680	1560	20.9397
ERR13927574.25681	1600	20.7025
ERR13927574.25682	1564	17.3951
ERR13927574.25683	1613	19.7216
ERR13927574.25684	1572	21.6985
ERR13927574.25685	1633	20.7434
ERR13927574.25686	1573	15.5168
ERR13927574.25687	1599	17.4609
ERR13927574.25688	1595	16.8075
ERR13927574.25689	1567	17.5144
ERR13927574.25690	1608	19.3147
ERR13927574.25691	1609	19.9646
ERR13927574.25692	1584	15.8409
ERR13927574.25693	1572	18.3734
ERR13927574.25694	1589	19.0422
ERR13927574.25695	1527	17.8003
ERR13927574.25696	1582	19.1517
ERR13927574.25697	486	13.9012
ERR13927574.25698	1578	20.8929
ERR13927574.25699	1568	16.3788
ERR13927574.25700	1569	18.4888
ERR13927574.25701	1550	15.1710
ERR13927574.25702	1624	20.5068
ERR13927574.25703	1563	15.8093
ERR13927574.25704	1609	17.7937
ERR13927574.25705	1423	17.0639
ERR13927574.25706	1574	21.9053
ERR13927574.25707	1606	17.1171
ERR13927574.25708	1564	21.2922
ERR13927574.25709	1553	18.8860
ERR13927574.25710	1587	19.1613
ERR13927574.25711	1561	20.5740
ERR13927574.25712	1561	14.2902
ERR13927574.25713	1585	17.9249
ERR13927574.25714	1610	18.7758
ERR13927574.25715	1595	21.0708
ERR13927574.25716	1589	19.6394
ERR13927574.25717	1605	19.3184
ERR13927574.25718	1621	17.9371
ERR13927574.25719	1564	19.6841
ERR13927574.25720	1564	21.6701
ERR13927574.25721	1555	20.2977
ERR13927574.25722	1115	14.4278
ERR13927574.25723	1549	15.0187
ERR13927574.25724	1608	18.5771
ERR13927574.25725	1565	17.6888
ERR13927574.25726	1578	18.3378
ERR13927574.25727	1507	19.3245
ERR13927574.25728	1577	17.0628
ERR13927574.25729	1590	20.2258
ERR13927574.25730	1580	19.8082
ERR13927574.25731	1589	19.5154
ERR13927574.25732	1579	20.0969
ERR13927574.25733	1573	17.8544
ERR13927574.25734	1600	17.0475
ERR13927574.25735	1605	19.8897
ERR13927574.25736	1637	18.8876
ERR13927574.25737	1567	14.5093
ERR13927574.25738	1566	16.0160
ERR13927574.25739	1602	19.6679
ERR13927574.25740	1609	19.1168
ERR13927574.25741	1577	19.4394
ERR13927574.25742	1604	21.1615
ERR13927574.25743	1559	19.5831
ERR13927574.25744	1533	17.3470
ERR13927574.25745	1584	20.1521
ERR13927574.25746	1548	16.7235
ERR13927574.25747	1549	18.5713
ERR13927574.25748	1611	18.7306
ERR13927574.25749	1615	20.0458
ERR13927574.25750	1574	19.5267
ERR13927574.25751	658	17.5957
ERR13927574.25752	1584	17.9312
ERR13927574.25753	1614	18.3315
ERR13927574.25754	1560	20.9596
ERR13927574.25755	1592	18.5195
ERR13927574.25756	1585	19.5590
ERR13927574.25757	1572	20.7672
ERR13927574.25758	1044	18.6743
ERR13927574.25759	1581	18.4390
ERR13927574.25760	1560	20.1538
ERR13927574.25761	1557	19.7129
ERR13927574.25762	1566	18.5332
ERR13927574.25763	1561	21.8181
ERR13927574.25764	1616	16.3954
ERR13927574.25765	1571	16.4456
ERR13927574.25766	1566	18.6654
ERR13927574.25767	1581	17.8760
ERR13927574.25768	1594	15.0878
ERR13927574.25769	1545	15.8369
ERR13927574.25770	1578	18.8517
ERR13927574.25771	1549	19.9994
ERR13927574.25772	1099	19.8917
ERR13927574.25773	1560	17.6359
ERR13927574.25774	1606	15.8686
ERR13927574.25775	1569	19.8579
ERR13927574.25776	1609	15.9807
ERR13927574.25777	1605	18.7402
ERR13927574.25778	1569	21.6463
ERR13927574.25779	1613	19.2455
ERR13927574.25780	1597	17.2736
ERR13927574.25781	1612	15.5689
ERR13927574.25782	1578	19.6381
ERR13927574.25783	1583	18.6652
ERR13927574.25784	1620	15.1241
ERR13927574.25785	1583	18.0303
ERR13927574.25786	1547	21.0155
ERR13927574.25787	1568	17.4917
ERR13927574.25788	1401	14.0999
ERR13927574.25789	1547	16.3070
ERR13927574.25790	1567	17.9572
ERR13927574.25791	1613	17.8965
ERR13927574.25792	1543	18.1426
ERR13927574.25793	834	16.2122
ERR13927574.25794	1588	16.1933
ERR13927574.25795	1554	19.3108
ERR13927574.25796	1615	19.6650
ERR13927574.25797	1570	18.4382
ERR13927574.25798	1599	15.7442
ERR13927574.25799	1621	20.8297
ERR13927574.25800	1570	18.8605
ERR13927574.25801	1566	14.9330
ERR13927574.25802	1589	17.0787
ERR13927574.25803	1590	18.0541
ERR13927574.25804	1492	16.8834
ERR13927574.25805	1597	18.2035
ERR13927574.25806	1560	16.9436
ERR13927574.25807	1603	18.5022
ERR13927574.25808	1611	19.5450
ERR13927574.25809	1576	18.2982
ERR13927574.25810	1616	15.9356
ERR13927574.25811	1546	19.1805
ERR13927574.25812	1563	22.4990
ERR13927574.25813	1541	19.4082
ERR13927574.25814	1573	15.3497
ERR13927574.25815	1580	20.4209
ERR13927574.25816	1488	15.6223
ERR13927574.25817	1588	16.8974
ERR13927574.25818	1559	16.2412
ERR13927574.25819	1568	21.2978
ERR13927574.25820	1560	20.9571
ERR13927574.25821	1583	15.2565
ERR13927574.25822	1572	20.9816
ERR13927574.25823	1590	17.1138
ERR13927574.25824	1562	19.4763
ERR13927574.25825	1642	19.6346
ERR13927574.25826	1572	19.4211
ERR13927574.25827	1553	18.8416
ERR13927574.25828	1566	19.1009
ERR13927574.25829	1579	16.0906
ERR13927574.25830	1586	19.0441
ERR13927574.25831	1589	18.9503
ERR13927574.25832	1617	18.0087
ERR13927574.25833	1577	19.8377
ERR13927574.25834	1568	20.3425
ERR13927574.25835	1606	18.0162
ERR13927574.25836	1621	19.5497
ERR13927574.25837	1562	16.8854
ERR13927574.25838	1557	18.2672
ERR13927574.25839	1566	20.0160
ERR13927574.25840	1603	15.3431
ERR13927574.25841	1601	17.2867
ERR13927574.25842	1562	18.1985
ERR13927574.25843	1595	20.9542
ERR13927574.25844	1581	16.5206
ERR13927574.25845	1615	19.5437
ERR13927574.25846	1562	20.2964
ERR13927574.25847	1600	17.2312
ERR13927574.25848	1550	19.0045
ERR13927574.25849	1599	14.8512
ERR13927574.25850	1587	20.5955
ERR13927574.25851	1559	15.5895
ERR13927574.25852	1575	20.9194
ERR13927574.25853	1573	19.7680
ERR13927574.25854	1608	18.3215
ERR13927574.25855	1612	17.8586
ERR13927574.25856	1604	18.2618
ERR13927574.25857	1612	18.1079
ERR13927574.25858	1575	18.2883
ERR13927574.25859	1607	15.4779
ERR13927574.25860	1595	20.4451
ERR13927574.25861	1576	16.6250
ERR13927574.25862	1594	15.9398
ERR13927574.25863	1601	20.0600
ERR13927574.25864	1595	15.0959
ERR13927574.25865	1547	16.0220
ERR13927574.25866	1561	16.4785
ERR13927574.25867	1534	15.1232
ERR13927574.25868	1565	15.9482
ERR13927574.25869	1546	16.5369
ERR13927574.25870	1550	17.9858
ERR13927574.25871	1603	14.4660
ERR13927574.25872	1580	15.6361
ERR13927574.25873	1607	23.1686
ERR13927574.25874	1647	14.6090
ERR13927574.25875	1551	18.5564
ERR13927574.25876	1536	16.2194
ERR13927574.25877	1551	18.2502
ERR13927574.25878	1569	20.5411
ERR13927574.25879	1573	18.3325
ERR13927574.25880	1608	18.8949
ERR13927574.25881	1578	18.8346
ERR13927574.25882	1586	15.0902
ERR13927574.25883	1597	16.8879
ERR13927574.25884	1593	21.6905
ERR13927574.25885	1606	21.0741
ERR13927574.25886	1578	19.3371
ERR13927574.25887	1573	15.7667
ERR13927574.25888	1604	20.7070
ERR13927574.25889	1602	22.4195
ERR13927574.25890	1625	20.1668
ERR13927574.25891	1611	19.4929
ERR13927574.25892	1570	19.3331
ERR13927574.25893	1571	21.9045
ERR13927574.25894	1555	16.4707
ERR13927574.25895	1507	16.9801
ERR13927574.25896	1583	20.0828
ERR13927574.25897	1606	16.1252
ERR13927574.25898	1565	17.0268
ERR13927574.25899	1587	15.7650
ERR13927574.25900	1590	21.9881
ERR13927574.25901	1568	18.9260
ERR13927574.25902	1568	17.0982
ERR13927574.25903	1607	19.2383
ERR13927574.25904	1566	16.5773
ERR13927574.25905	1606	18.4253
ERR13927574.25906	1526	20.8008
ERR13927574.25907	1583	18.0183
ERR13927574.25908	1630	19.6883
ERR13927574.25909	1614	18.5050
ERR13927574.25910	1537	20.0924
ERR13927574.25911	1616	17.5142
ERR13927574.25912	1545	16.2861
ERR13927574.25913	1601	17.2804
ERR13927574.25914	1613	16.8977
ERR13927574.25915	3225	16.2905
ERR13927574.25916	1722	20.3455
ERR13927574.25917	1623	21.5256
ERR13927574.25918	1592	22.9384
ERR13927574.25919	1568	19.7883
ERR13927574.25920	1604	22.3847
ERR13927574.25921	1558	20.8203
ERR13927574.25922	1584	20.2872
ERR13927574.25923	1578	19.3409
ERR13927574.25924	1591	19.5625
ERR13927574.25925	1608	20.4459
ERR13927574.25926	1577	20.2289
ERR13927574.25927	1617	18.6494
ERR13927574.25928	1622	19.0117
ERR13927574.25929	1588	17.7802
ERR13927574.25930	1587	18.3163
ERR13927574.25931	1618	21.4129
ERR13927574.25932	1617	21.8126
ERR13927574.25933	1574	18.1182
ERR13927574.25934	1534	15.9198
ERR13927574.25935	1606	14.8692
ERR13927574.25936	1602	18.9769
ERR13927574.25937	1555	20.8875
ERR13927574.25938	1587	20.1418
ERR13927574.25939	1595	18.3323
ERR13927574.25940	1575	15.4819
ERR13927574.25941	1556	15.6311
ERR13927574.25942	1551	16.8562
ERR13927574.25943	1625	18.3434
ERR13927574.25944	1547	16.5398
ERR13927574.25945	1628	18.3360
ERR13927574.25946	1597	19.2930
ERR13927574.25947	1562	18.4136
ERR13927574.25948	1551	18.9523
ERR13927574.25949	1548	15.2190
ERR13927574.25950	1604	21.8672
ERR13927574.25951	1567	17.2642
ERR13927574.25952	1628	20.4165
ERR13927574.25953	1574	15.6271
ERR13927574.25954	1582	18.7630
ERR13927574.25955	1578	18.4411
ERR13927574.25956	1560	18.6968
ERR13927574.25957	1571	19.2813
ERR13927574.25958	1562	17.6012
ERR13927574.25959	1613	20.5121
ERR13927574.25960	1583	20.2160
ERR13927574.25961	1592	19.5496
ERR13927574.25962	1610	22.0764
ERR13927574.25963	1615	16.7276
ERR13927574.25964	1605	17.1545
ERR13927574.25965	1564	17.5946
ERR13927574.25966	1602	19.9395
ERR13927574.25967	1572	16.7774
ERR13927574.25968	1591	14.5185
ERR13927574.25969	1614	18.0304
ERR13927574.25970	1562	14.9475
ERR13927574.25971	1599	17.2402
ERR13927574.25972	1576	18.0527
ERR13927574.25973	1566	15.7848
ERR13927574.25974	1615	20.3616
ERR13927574.25975	1571	16.3552
ERR13927574.25976	1561	20.2652
ERR13927574.25977	1569	18.9662
ERR13927574.25978	1568	19.8489
ERR13927574.25979	1577	13.3133
ERR13927574.25980	1584	18.4205
ERR13927574.25981	1566	14.9157
ERR13927574.25982	1563	16.8682
ERR13927574.25983	1577	19.2682
ERR13927574.25984	1606	20.6376
ERR13927574.25985	1606	18.1912
ERR13927574.25986	1594	18.6374
ERR13927574.25987	1585	19.9950
ERR13927574.25988	1616	19.8026
ERR13927574.25989	1602	20.2372
ERR13927574.25990	1580	16.2057
ERR13927574.25991	1569	19.0127
ERR13927574.25992	1584	16.4451
ERR13927574.25993	1522	20.3778
ERR13927574.25994	1576	20.2183
ERR13927574.25995	1587	17.8097
ERR13927574.25996	1553	18.3664
ERR13927574.25997	1571	22.2406
ERR13927574.25998	1560	18.5968
ERR13927574.25999	1560	16.0699
ERR13927574.26000	1553	19.6111
ERR13927574.26001	1560	19.2628
ERR13927574.26002	1628	16.8415
ERR13927574.26003	1601	17.6946
ERR13927574.26004	1549	18.3138
ERR13927574.26005	1540	18.7929
ERR13927574.26006	1581	18.8115
ERR13927574.26007	1590	18.7258
ERR13927574.26008	1578	15.4373
ERR13927574.26009	1566	17.6188
ERR13927574.26010	1563	20.4459
ERR13927574.26011	1604	19.3117
ERR13927574.26012	1611	20.1608
ERR13927574.26013	1612	16.0031
ERR13927574.26014	1583	20.2723
ERR13927574.26015	1563	18.3992
ERR13927574.26016	1543	18.1925
ERR13927574.26017	1577	18.9562
ERR13927574.26018	1603	19.5565
ERR13927574.26019	1619	19.0624
ERR13927574.26020	1885	17.1772
ERR13927574.26021	1578	15.2060
ERR13927574.26022	1792	17.5463
ERR13927574.26023	1591	19.6336
ERR13927574.26024	1557	17.2408
ERR13927574.26025	1597	19.7608
ERR13927574.26026	1550	17.3910
ERR13927574.26027	1567	16.3146
ERR13927574.26028	1570	19.4204
ERR13927574.26029	1585	19.2057
ERR13927574.26030	1576	17.6478
ERR13927574.26031	1620	16.9975
ERR13927574.26032	1535	14.5433
ERR13927574.26033	1573	16.4488
ERR13927574.26034	1577	20.4990
ERR13927574.26035	1587	19.0933
ERR13927574.26036	1550	19.5200
ERR13927574.26037	1574	19.5578
ERR13927574.26038	1568	21.1403
ERR13927574.26039	1606	18.3431
ERR13927574.26040	1557	15.6615
ERR13927574.26041	1568	19.0268
ERR13927574.26042	1571	17.8230
ERR13927574.26043	1568	19.8195
ERR13927574.26044	1602	19.0194
ERR13927574.26045	1617	20.3612
ERR13927574.26046	1598	16.9962
ERR13927574.26047	1587	20.7240
ERR13927574.26048	1553	21.1217
ERR13927574.26049	1589	16.9748
ERR13927574.26050	734	18.4619
ERR13927574.26051	1576	16.2760
ERR13927574.26052	1590	18.1151
ERR13927574.26053	1611	20.0869
ERR13927574.26054	1570	19.8650
ERR13927574.26055	1608	17.9248
ERR13927574.26056	1589	15.4223
ERR13927574.26057	1549	16.6385
ERR13927574.26058	1560	16.2051
ERR13927574.26059	1462	20.5219
ERR13927574.26060	1570	22.0051
ERR13927574.26061	1609	16.8378
ERR13927574.26062	1565	18.7399
ERR13927574.26063	1663	15.9531
ERR13927574.26064	1596	16.4298
ERR13927574.26065	1573	17.4545
ERR13927574.26066	1589	20.1189
ERR13927574.26067	1605	14.4000
ERR13927574.26068	2161	16.8376
ERR13927574.26069	1543	18.9592
ERR13927574.26070	1597	17.8497
ERR13927574.26071	1587	15.2634
ERR13927574.26072	1617	14.9790
ERR13927574.26073	1555	20.4772
ERR13927574.26074	1606	19.6644
ERR13927574.26075	1611	18.9429
ERR13927574.26076	1607	19.2918
ERR13927574.26077	1584	17.6433
ERR13927574.26078	1579	20.2008
ERR13927574.26079	1601	19.2374
ERR13927574.26080	1570	17.2096
ERR13927574.26081	1560	19.6577
ERR13927574.26082	1502	14.6032
ERR13927574.26083	1614	15.0378
ERR13927574.26084	1567	17.7320
ERR13927574.26085	1515	17.4528
ERR13927574.26086	1542	19.1284
ERR13927574.26087	1551	18.3952
ERR13927574.26088	1584	19.2891
ERR13927574.26089	1561	16.7226
ERR13927574.26090	1605	20.4093
ERR13927574.26091	1613	20.2802
ERR13927574.26092	1593	19.7897
ERR13927574.26093	1583	20.0726
ERR13927574.26094	1635	15.6104
ERR13927574.26095	1600	15.1150
ERR13927574.26096	1559	16.6838
ERR13927574.26097	1591	18.9679
ERR13927574.26098	1607	17.2022
ERR13927574.26099	1564	19.1451
ERR13927574.26100	1574	15.1569
ERR13927574.26101	1562	16.9757
ERR13927574.26102	1596	14.7951
ERR13927574.26103	1578	19.9011
ERR13927574.26104	1595	18.4307
ERR13927574.26105	1597	16.6957
ERR13927574.26106	1612	16.0955
ERR13927574.26107	1626	20.4102
ERR13927574.26108	1550	20.2606
ERR13927574.26109	1568	20.0287
ERR13927574.26110	1588	15.7752
ERR13927574.26111	1527	16.8507
ERR13927574.26112	1592	15.8386
ERR13927574.26113	1545	19.2427
ERR13927574.26114	1617	16.2560
ERR13927574.26115	1559	15.0693
ERR13927574.26116	1601	22.9057
ERR13927574.26117	1582	16.2130
ERR13927574.26118	1543	14.7447
ERR13927574.26119	1570	18.4739
ERR13927574.26120	1654	18.5919
ERR13927574.26121	1561	18.4709
ERR13927574.26122	1588	15.2953
ERR13927574.26123	1587	18.3598
ERR13927574.26124	1537	17.0547
ERR13927574.26125	1614	17.2249
ERR13927574.26126	1570	19.4299
ERR13927574.26127	1564	18.3114
ERR13927574.26128	1555	18.4752
ERR13927574.26129	1585	17.4297
ERR13927574.26130	1578	19.2788
ERR13927574.26131	1554	20.1551
ERR13927574.26132	1597	19.3131
ERR13927574.26133	1582	16.6106
ERR13927574.26134	1619	16.5868
ERR13927574.26135	1601	18.2136
ERR13927574.26136	1613	17.7595
ERR13927574.26137	1540	18.0597
ERR13927574.26138	1592	18.6420
ERR13927574.26139	1606	17.6214
ERR13927574.26140	1573	20.9390
ERR13927574.26141	1571	17.6665
ERR13927574.26142	1626	15.9287
ERR13927574.26143	1558	15.2587
ERR13927574.26144	1581	20.2245
ERR13927574.26145	1581	15.7052
ERR13927574.26146	1587	19.1544
ERR13927574.26147	1577	19.3995
ERR13927574.26148	1553	20.1256
ERR13927574.26149	1524	16.7454
ERR13927574.26150	1615	16.6836
ERR13927574.26151	1641	18.0951
ERR13927574.26152	1572	18.7354
ERR13927574.26153	1591	18.4934
ERR13927574.26154	1594	16.5847
ERR13927574.26155	1563	17.0115
ERR13927574.26156	1588	19.2613
ERR13927574.26157	1544	19.4832
ERR13927574.26158	1553	17.1127
ERR13927574.26159	1590	18.1352
ERR13927574.26160	1578	16.6641
ERR13927574.26161	1576	20.4232
ERR13927574.26162	1541	16.0980
ERR13927574.26163	1549	19.4293
ERR13927574.26164	1582	20.5133
ERR13927574.26165	1577	17.8510
ERR13927574.26166	1594	20.3795
ERR13927574.26167	1565	19.7840
ERR13927574.26168	1596	18.9411
ERR13927574.26169	1558	19.8081
ERR13927574.26170	1576	20.6390
ERR13927574.26171	1531	18.1025
ERR13927574.26172	1587	14.5879
ERR13927574.26173	1615	19.8000
ERR13927574.26174	1578	15.1958
ERR13927574.26175	1581	20.0683
ERR13927574.26176	1567	16.2565
ERR13927574.26177	1591	19.4739
ERR13927574.26178	1595	20.0414
ERR13927574.26179	1555	17.6585
ERR13927574.26180	1590	15.7101
ERR13927574.26181	1561	16.8943
ERR13927574.26182	1620	21.1130
ERR13927574.26183	1603	14.3631
ERR13927574.26184	1602	15.0237
ERR13927574.26185	1583	17.4927
ERR13927574.26186	1595	20.7567
ERR13927574.26187	1547	14.3885
ERR13927574.26188	1569	20.8101
ERR13927574.26189	1608	18.8700
ERR13927574.26190	1570	18.3338
ERR13927574.26191	1577	19.5282
ERR13927574.26192	1561	22.3991
ERR13927574.26193	1568	20.0319
ERR13927574.26194	1583	15.3809
ERR13927574.26195	1583	15.8250
ERR13927574.26196	1569	18.9567
ERR13927574.26197	1570	20.6389
ERR13927574.26198	1589	14.8458
ERR13927574.26199	1081	19.3996
ERR13927574.26200	1609	14.3157
ERR13927574.26201	1598	19.7916
ERR13927574.26202	1556	16.9839
ERR13927574.26203	217	16.4286
ERR13927574.26204	1601	20.2742
ERR13927574.26205	1592	20.5773
ERR13927574.26206	1547	17.1099
ERR13927574.26207	1593	20.2674
ERR13927574.26208	1585	21.0353
ERR13927574.26209	1538	18.6170
ERR13927574.26210	1589	15.9440
ERR13927574.26211	1600	20.5538
ERR13927574.26212	1578	19.1147
ERR13927574.26213	1594	18.3808
ERR13927574.26214	1570	16.1592
ERR13927574.26215	1606	17.5243
ERR13927574.26216	1497	19.1864
ERR13927574.26217	1608	21.2687
ERR13927574.26218	3276	19.2308
ERR13927574.26219	1592	18.9108
ERR13927574.26220	1599	17.9575
ERR13927574.26221	1531	17.5291
ERR13927574.26222	1630	14.3282
ERR13927574.26223	1580	20.5228
ERR13927574.26224	1570	16.6064
ERR13927574.26225	1628	18.4251
ERR13927574.26226	1555	21.9100
ERR13927574.26227	1594	20.1763
ERR13927574.26228	1610	17.5807
ERR13927574.26229	1580	19.4614
ERR13927574.26230	1576	16.7982
ERR13927574.26231	1604	16.6403
ERR13927574.26232	1571	19.2151
ERR13927574.26233	1571	19.5824
ERR13927574.26234	1561	14.7060
ERR13927574.26235	1610	16.7068
ERR13927574.26236	1609	18.5898
ERR13927574.26237	1587	19.2804
ERR13927574.26238	1580	21.1601
ERR13927574.26239	1579	17.7429
ERR13927574.26240	1613	19.6931
ERR13927574.26241	1600	20.6750
ERR13927574.26242	1579	14.5383
ERR13927574.26243	1582	21.1776
ERR13927574.26244	1593	15.3528
ERR13927574.26245	1595	19.1718
ERR13927574.26246	1556	20.4518
ERR13927574.26247	1584	18.0669
ERR13927574.26248	1595	17.8433
ERR13927574.26249	1591	17.7813
ERR13927574.26250	1615	18.2464
ERR13927574.26251	1542	19.5966
ERR13927574.26252	1588	14.3149
ERR13927574.26253	1555	17.7826
ERR13927574.26254	1567	16.1181
ERR13927574.26255	1583	16.0379
ERR13927574.26256	1545	18.1929
ERR13927574.26257	1580	18.8709
ERR13927574.26258	1566	18.8685
ERR13927574.26259	1582	19.0588
ERR13927574.26260	1602	17.2141
ERR13927574.26261	1549	19.4061
ERR13927574.26262	1596	18.8753
ERR13927574.26263	1610	17.5863
ERR13927574.26264	233	12.8712
ERR13927574.26265	1552	16.2152
ERR13927574.26266	1551	18.1006
ERR13927574.26267	1616	20.8397
ERR13927574.26268	1568	16.4828
ERR13927574.26269	330	12.7152
ERR13927574.26270	1590	18.5057
ERR13927574.26271	1566	20.0990
ERR13927574.26272	1609	20.0410
ERR13927574.26273	1548	16.2623
ERR13927574.26274	1586	19.8537
ERR13927574.26275	1581	19.2423
ERR13927574.26276	1605	18.8380
ERR13927574.26277	1629	20.4340
ERR13927574.26278	1574	16.6881
ERR13927574.26279	1587	17.4052
ERR13927574.26280	1579	19.0969
ERR13927574.26281	1514	19.2477
ERR13927574.26282	1577	19.1332
ERR13927574.26283	1567	21.2049
ERR13927574.26284	1558	19.2381
ERR13927574.26285	1582	18.7257
ERR13927574.26286	1591	18.6794
ERR13927574.26287	1613	21.5053
ERR13927574.26288	1566	19.0549
ERR13927574.26289	1593	16.8726
ERR13927574.26290	1560	21.4769
ERR13927574.26291	1573	18.7171
ERR13927574.26292	1587	17.3793
ERR13927574.26293	1583	20.0745
ERR13927574.26294	1616	20.5458
ERR13927574.26295	1582	15.5525
ERR13927574.26296	1583	19.5622
ERR13927574.26297	1572	17.9415
ERR13927574.26298	1551	16.3430
ERR13927574.26299	1581	19.0822
ERR13927574.26300	1619	18.9246
ERR13927574.26301	1552	15.3679
ERR13927574.26302	1599	17.3358
ERR13927574.26303	1588	18.3596
ERR13927574.26304	1591	17.7712
ERR13927574.26305	1581	19.7426
ERR13927574.26306	1558	16.9493
ERR13927574.26307	1616	20.5377
ERR13927574.26308	1574	20.6773
ERR13927574.26309	1569	16.0637
ERR13927574.26310	1601	19.5172
ERR13927574.26311	1557	18.8542
ERR13927574.26312	1577	19.2613
ERR13927574.26313	1579	15.6270
ERR13927574.26314	1586	19.6305
ERR13927574.26315	1595	14.8313
ERR13927574.26316	1585	19.2322
ERR13927574.26317	1627	16.2864
ERR13927574.26318	1570	16.4166
ERR13927574.26319	1588	15.7714
ERR13927574.26320	1575	20.2825
ERR13927574.26321	1575	19.3797
ERR13927574.26322	1570	20.3344
ERR13927574.26323	1583	19.2047
ERR13927574.26324	1558	18.6162
ERR13927574.26325	1592	17.6884
ERR13927574.26326	1585	18.4107
ERR13927574.26327	1558	16.0424
ERR13927574.26328	1606	19.9097
ERR13927574.26329	1570	20.3573
ERR13927574.26330	1600	16.4806
ERR13927574.26331	1559	15.2470
ERR13927574.26332	1613	19.4154
ERR13927574.26333	1597	19.8597
ERR13927574.26334	1604	16.9882
ERR13927574.26335	1609	22.2101
ERR13927574.26336	1566	16.7235
ERR13927574.26337	1548	16.8172
ERR13927574.26338	1565	16.6728
ERR13927574.26339	1580	15.8481
ERR13927574.26340	1618	21.0056
ERR13927574.26341	1619	18.0124
ERR13927574.26342	1569	21.5621
ERR13927574.26343	1556	17.7956
ERR13927574.26344	1586	18.3462
ERR13927574.26345	844	19.7382
ERR13927574.26346	1550	16.8477
ERR13927574.26347	1527	19.2161
ERR13927574.26348	1595	19.4476
ERR13927574.26349	1587	20.6030
ERR13927574.26350	1567	15.9036
ERR13927574.26351	1573	20.2524
ERR13927574.26352	1601	18.9032
ERR13927574.26353	1619	20.4453
ERR13927574.26354	1551	18.9246
ERR13927574.26355	1585	17.2132
ERR13927574.26356	1576	19.8731
ERR13927574.26357	1595	19.9034
ERR13927574.26358	1584	20.9874
ERR13927574.26359	1574	14.9288
ERR13927574.26360	1558	17.9923
ERR13927574.26361	1554	16.8398
ERR13927574.26362	1590	19.1264
ERR13927574.26363	1575	16.5924
ERR13927574.26364	1564	22.8389
ERR13927574.26365	1572	19.4491
ERR13927574.26366	1555	15.5177
ERR13927574.26367	1565	17.4601
ERR13927574.26368	1602	18.6667
ERR13927574.26369	1591	16.7649
ERR13927574.26370	1548	19.1789
ERR13927574.26371	1566	18.4732
ERR13927574.26372	1564	16.4284
ERR13927574.26373	1562	15.6287
ERR13927574.26374	1591	20.0251
ERR13927574.26375	1566	18.5951
ERR13927574.26376	1560	17.5878
ERR13927574.26377	1863	22.3945
ERR13927574.26378	1538	17.7250
ERR13927574.26379	1697	19.1019
ERR13927574.26380	1621	15.7582
ERR13927574.26381	1582	16.4912
ERR13927574.26382	1605	17.5489
ERR13927574.26383	1592	19.6746
ERR13927574.26384	1555	16.1402
ERR13927574.26385	772	19.9236
ERR13927574.26386	1587	18.0618
ERR13927574.26387	1552	16.1753
ERR13927574.26388	1617	15.8145
ERR13927574.26389	1547	16.1991
ERR13927574.26390	1588	20.3892
ERR13927574.26391	1589	16.5651
ERR13927574.26392	1632	18.0974
ERR13927574.26393	1586	16.8506
ERR13927574.26394	1585	19.4681
ERR13927574.26395	1591	18.0446
ERR13927574.26396	1574	19.9746
ERR13927574.26397	1562	16.0013
ERR13927574.26398	1598	15.4556
ERR13927574.26399	1573	19.4762
ERR13927574.26400	1543	14.7809
ERR13927574.26401	1581	19.7843
ERR13927574.26402	1548	15.5762
ERR13927574.26403	1595	18.7718
ERR13927574.26404	1539	14.9526
ERR13927574.26405	1613	18.5294
ERR13927574.26406	1588	19.9074
ERR13927574.26407	1614	20.4126
ERR13927574.26408	1562	15.2414
ERR13927574.26409	1635	19.6202
ERR13927574.26410	1601	19.9488
ERR13927574.26411	1563	20.5803
ERR13927574.26412	1530	17.7098
ERR13927574.26413	1585	19.7180
ERR13927574.26414	1565	19.7853
ERR13927574.26415	1540	20.0617
ERR13927574.26416	1576	17.4486
ERR13927574.26417	1507	17.1825
ERR13927574.26418	1572	19.2430
ERR13927574.26419	1602	17.1960
ERR13927574.26420	1581	17.6546
ERR13927574.26421	1560	20.0994
ERR13927574.26422	1560	16.8000
ERR13927574.26423	971	19.3903
ERR13927574.26424	1600	20.9819
ERR13927574.26425	1524	16.5669
ERR13927574.26426	1620	18.3667
ERR13927574.26427	1583	18.3588
ERR13927574.26428	1570	16.8045
ERR13927574.26429	1571	17.0675
ERR13927574.26430	1570	20.8108
ERR13927574.26431	1540	16.7669
ERR13927574.26432	1600	21.2550
ERR13927574.26433	1567	22.1838
ERR13927574.26434	1616	20.4282
ERR13927574.26435	1637	19.7630
ERR13927574.26436	1583	19.8433
ERR13927574.26437	1589	16.1429
ERR13927574.26438	1578	15.9430
ERR13927574.26439	1592	18.8078
ERR13927574.26440	1671	16.2615
ERR13927574.26441	1587	14.5350
ERR13927574.26442	1579	19.8030
ERR13927574.26443	1552	16.8660
ERR13927574.26444	1625	19.3895
ERR13927574.26445	1590	15.9566
ERR13927574.26446	1563	15.7562
ERR13927574.26447	1606	19.9128
ERR13927574.26448	1624	20.5080
ERR13927574.26449	1498	16.7109
ERR13927574.26450	613	22.2170
ERR13927574.26451	1541	17.9779
ERR13927574.26452	1528	20.8285
ERR13927574.26453	1596	20.4474
ERR13927574.26454	1567	18.1238
ERR13927574.26455	1580	18.9291
ERR13927574.26456	1609	19.3543
ERR13927574.26457	1537	20.2206
ERR13927574.26458	1598	20.7146
ERR13927574.26459	1583	18.2123
ERR13927574.26460	1571	20.8370
ERR13927574.26461	1553	16.1481
ERR13927574.26462	1561	21.9052
ERR13927574.26463	1579	18.8258
ERR13927574.26464	1608	19.3489
ERR13927574.26465	1611	16.9199
ERR13927574.26466	1618	19.9648
ERR13927574.26467	1614	19.2993
ERR13927574.26468	1614	21.1276
ERR13927574.26469	1587	21.0397
ERR13927574.26470	1505	17.8047
ERR13927574.26471	1567	20.6177
ERR13927574.26472	827	16.9927
ERR13927574.26473	1609	17.1939
ERR13927574.26474	1570	17.9089
ERR13927574.26475	1605	17.3701
ERR13927574.26476	1592	19.7211
ERR13927574.26477	1616	17.5353
ERR13927574.26478	1607	19.9023
ERR13927574.26479	1569	20.6941
ERR13927574.26480	1602	18.4370
ERR13927574.26481	1582	21.4393
ERR13927574.26482	1616	19.1683
ERR13927574.26483	1577	20.8224
ERR13927574.26484	1543	18.4906
ERR13927574.26485	1584	19.5612
ERR13927574.26486	1588	16.9351
ERR13927574.26487	1582	19.2813
ERR13927574.26488	1618	18.0995
ERR13927574.26489	1472	15.5992
ERR13927574.26490	1600	22.4831
ERR13927574.26491	1577	20.4432
ERR13927574.26492	1604	19.8485
ERR13927574.26493	1573	19.6052
ERR13927574.26494	1573	18.8678
ERR13927574.26495	1600	16.7688
ERR13927574.26496	1579	21.1906
ERR13927574.26497	1612	19.4801
ERR13927574.26498	1582	16.3628
ERR13927574.26499	1654	19.8924
ERR13927574.26500	1523	16.9114
ERR13927574.26501	1554	16.6532
ERR13927574.26502	175	13.7429
ERR13927574.26503	1583	21.3727
ERR13927574.26504	1608	20.0261
ERR13927574.26505	1562	18.7919
ERR13927574.26506	1605	21.2262
ERR13927574.26507	1603	20.6981
ERR13927574.26508	1581	16.9494
ERR13927574.26509	1597	20.6093
ERR13927574.26510	1582	18.8837
ERR13927574.26511	1095	14.9196
ERR13927574.26512	1562	19.0948
ERR13927574.26513	1565	17.5859
ERR13927574.26514	1603	19.0100
ERR13927574.26515	1614	19.7206
ERR13927574.26516	1552	19.8937
ERR13927574.26517	1595	17.1129
ERR13927574.26518	1567	18.2010
ERR13927574.26519	1596	18.6316
ERR13927574.26520	1598	18.0607
ERR13927574.26521	1577	17.2042
ERR13927574.26522	1601	16.9375
ERR13927574.26523	1571	19.7199
ERR13927574.26524	1592	15.8618
ERR13927574.26525	1613	19.7756
ERR13927574.26526	1554	16.2072
ERR13927574.26527	1614	20.8222
ERR13927574.26528	1577	18.7571
ERR13927574.26529	1611	20.5276
ERR13927574.26530	1533	17.9217
ERR13927574.26531	1577	19.8973
ERR13927574.26532	1585	17.9325
ERR13927574.26533	1519	15.3331
ERR13927574.26534	1552	17.7655
ERR13927574.26535	1546	17.2439
ERR13927574.26536	1552	19.9878
ERR13927574.26537	1570	15.4994
ERR13927574.26538	1613	18.5790
ERR13927574.26539	1518	17.3248
ERR13927574.26540	1582	16.4494
ERR13927574.26541	1600	15.4213
ERR13927574.26542	1570	18.9783
ERR13927574.26543	1605	20.1570
ERR13927574.26544	1580	16.8816
ERR13927574.26545	1588	19.7525
ERR13927574.26546	1563	15.4920
ERR13927574.26547	1545	15.0680
ERR13927574.26548	1560	15.3385
ERR13927574.26549	1558	15.1784
ERR13927574.26550	1550	20.0226
ERR13927574.26551	1563	20.8631
ERR13927574.26552	1609	18.3897
ERR13927574.26553	1574	15.2776
ERR13927574.26554	1600	17.3588
ERR13927574.26555	1605	21.3545
ERR13927574.26556	1560	19.3571
ERR13927574.26557	1592	19.2789
ERR13927574.26558	1537	15.6096
ERR13927574.26559	1593	19.6108
ERR13927574.26560	1589	21.7464
ERR13927574.26561	1598	16.6896
ERR13927574.26562	1626	19.1021
ERR13927574.26563	1553	18.0586
ERR13927574.26564	1141	18.4259
ERR13927574.26565	1785	18.3563
ERR13927574.26566	1584	19.2083
ERR13927574.26567	1563	18.2751
ERR13927574.26568	1542	16.1725
ERR13927574.26569	1586	19.2686
ERR13927574.26570	472	20.1017
ERR13927574.26571	1598	16.1164
ERR13927574.26572	1545	16.4201
ERR13927574.26573	1595	17.7549
ERR13927574.26574	1610	20.9099
ERR13927574.26575	1630	19.9847
ERR13927574.26576	1593	15.5072
ERR13927574.26577	1563	18.2751
ERR13927574.26578	1556	16.3290
ERR13927574.26579	1578	20.0120
ERR13927574.26580	1573	13.8525
ERR13927574.26581	1290	17.3450
ERR13927574.26582	1589	19.6350
ERR13927574.26583	1583	15.4056
ERR13927574.26584	140	16.1857
ERR13927574.26585	1550	16.1335
ERR13927574.26586	1574	16.6137
ERR13927574.26587	1588	18.2450
ERR13927574.26588	1596	17.8966
ERR13927574.26589	1558	16.0199
ERR13927574.26590	1602	16.9338
ERR13927574.26591	457	19.4267
ERR13927574.26592	1540	20.5721
ERR13927574.26593	1557	18.4425
ERR13927574.26594	1583	13.7934
ERR13927574.26595	1582	17.9836
ERR13927574.26596	1559	19.4625
ERR13927574.26597	1611	19.2042
ERR13927574.26598	1585	17.3634
ERR13927574.26599	1563	16.0109
ERR13927574.26600	1599	16.6410
ERR13927574.26601	1611	18.8094
ERR13927574.26602	1566	18.4923
ERR13927574.26603	1551	19.7034
ERR13927574.26604	1610	18.3484
ERR13927574.26605	716	19.1089
ERR13927574.26606	1594	18.0063
ERR13927574.26607	1573	20.9027
ERR13927574.26608	1561	20.7617
ERR13927574.26609	1581	15.6388
ERR13927574.26610	1470	18.1687
ERR13927574.26611	1578	21.8213
ERR13927574.26612	1590	19.3597
ERR13927574.26613	1578	15.8999
ERR13927574.26614	1589	18.9497
ERR13927574.26615	1523	18.3224
ERR13927574.26616	1572	15.7939
ERR13927574.26617	1549	20.8593
ERR13927574.26618	1548	17.4509
ERR13927574.26619	1582	19.6783
ERR13927574.26620	1606	17.9271
ERR13927574.26621	1605	20.4785
ERR13927574.26622	1614	17.8947
ERR13927574.26623	1571	17.6741
ERR13927574.26624	1514	15.7873
ERR13927574.26625	1617	14.3358
ERR13927574.26626	1557	21.9679
ERR13927574.26627	1578	19.7091
ERR13927574.26628	1565	20.2556
ERR13927574.26629	1585	20.5218
ERR13927574.26630	1542	17.9416
ERR13927574.26631	1608	18.7873
ERR13927574.26632	1586	17.7169
ERR13927574.26633	1585	15.2940
ERR13927574.26634	1575	16.8311
ERR13927574.26635	1619	20.0537
ERR13927574.26636	1554	21.2671
ERR13927574.26637	1552	21.0329
ERR13927574.26638	1574	21.2027
ERR13927574.26639	1574	18.4898
ERR13927574.26640	1553	14.7328
ERR13927574.26641	1608	19.4496
ERR13927574.26642	1534	21.7060
ERR13927574.26643	1621	18.5478
ERR13927574.26644	1579	19.5731
ERR13927574.26645	1595	17.0878
ERR13927574.26646	1539	18.0227
ERR13927574.26647	1598	17.3116
ERR13927574.26648	1561	16.8482
ERR13927574.26649	1367	19.1880
ERR13927574.26650	972	15.5617
ERR13927574.26651	1607	17.5090
ERR13927574.26652	1587	19.9187
ERR13927574.26653	1605	17.1857
ERR13927574.26654	1573	16.8271
ERR13927574.26655	1607	16.7984
ERR13927574.26656	1562	15.6556
ERR13927574.26657	1521	14.8514
ERR13927574.26658	1604	14.5854
ERR13927574.26659	1503	18.6354
ERR13927574.26660	1574	19.2281
ERR13927574.26661	1587	19.6616
ERR13927574.26662	1607	16.3030
ERR13927574.26663	1605	17.8561
ERR13927574.26664	1610	20.1826
ERR13927574.26665	1616	18.4833
ERR13927574.26666	1583	18.9469
ERR13927574.26667	1576	17.7779
ERR13927574.26668	1590	19.1396
ERR13927574.26669	1595	20.1317
ERR13927574.26670	1558	19.1983
ERR13927574.26671	1562	17.4097
ERR13927574.26672	1558	19.2490
ERR13927574.26673	1519	16.1396
ERR13927574.26674	1607	19.3248
ERR13927574.26675	1608	19.8427
ERR13927574.26676	1573	20.3115
ERR13927574.26677	1570	15.5280
ERR13927574.26678	1585	21.4530
ERR13927574.26679	1613	18.6200
ERR13927574.26680	1590	20.8208
ERR13927574.26681	1620	18.1426
ERR13927574.26682	1608	21.5585
ERR13927574.26683	1574	21.1557
ERR13927574.26684	1564	21.0754
ERR13927574.26685	1568	17.3457
ERR13927574.26686	1596	18.6842
ERR13927574.26687	1575	16.9060
ERR13927574.26688	1617	16.3964
ERR13927574.26689	1571	16.3692
ERR13927574.26690	1604	18.2082
ERR13927574.26691	1585	17.7811
ERR13927574.26692	1621	19.3609
ERR13927574.26693	1577	18.3323
ERR13927574.26694	1559	20.9205
ERR13927574.26695	1562	19.1216
ERR13927574.26696	1593	17.2561
ERR13927574.26697	283	14.6007
ERR13927574.26698	1550	16.7606
ERR13927574.26699	1579	22.1476
ERR13927574.26700	1612	19.6328
ERR13927574.26701	1566	18.8761
ERR13927574.26702	1596	18.5727
ERR13927574.26703	1589	16.9975
ERR13927574.26704	1585	19.4120
ERR13927574.26705	1578	18.8384
ERR13927574.26706	200	12.7950
ERR13927574.26707	1595	20.6771
ERR13927574.26708	256	18.1367
ERR13927574.26709	1545	20.7502
ERR13927574.26710	1599	17.1482
ERR13927574.26711	1580	18.9576
ERR13927574.26712	1607	21.1269
ERR13927574.26713	1580	18.3880
ERR13927574.26714	1590	21.0522
ERR13927574.26715	1570	21.6248
ERR13927574.26716	1605	18.3875
ERR13927574.26717	1514	17.7741
ERR13927574.26718	1566	21.3091
ERR13927574.26719	1585	19.1502
ERR13927574.26720	1600	19.8281
ERR13927574.26721	1639	17.8444
ERR13927574.26722	1604	21.2544
ERR13927574.26723	1570	20.2287
ERR13927574.26724	1561	18.6874
ERR13927574.26725	1573	18.7069
ERR13927574.26726	1576	18.8395
ERR13927574.26727	174	12.6149
ERR13927574.26728	1591	17.0063
ERR13927574.26729	1500	18.1433
ERR13927574.26730	1576	20.9600
ERR13927574.26731	1571	17.2158
ERR13927574.26732	1593	17.1168
ERR13927574.26733	1586	19.5164
ERR13927574.26734	934	17.9368
ERR13927574.26735	1615	21.2545
ERR13927574.26736	1604	20.7456
ERR13927574.26737	1622	20.4106
ERR13927574.26738	1623	16.4276
ERR13927574.26739	1495	16.6187
ERR13927574.26740	1584	16.1376
ERR13927574.26741	1560	17.6314
ERR13927574.26742	1569	15.2792
ERR13927574.26743	1562	18.9520
ERR13927574.26744	1581	15.3327
ERR13927574.26745	1589	16.9962
ERR13927574.26746	1460	15.6678
ERR13927574.26747	1560	19.3712
ERR13927574.26748	1560	17.9109
ERR13927574.26749	1622	20.0031
ERR13927574.26750	1600	16.8938
ERR13927574.26751	1566	18.0026
ERR13927574.26752	1588	20.9238
ERR13927574.26753	1620	19.5901
ERR13927574.26754	1579	17.6377
ERR13927574.26755	1551	17.4423
ERR13927574.26756	1552	15.9091
ERR13927574.26757	1602	15.6186
ERR13927574.26758	1574	19.0375
ERR13927574.26759	1513	18.5327
ERR13927574.26760	1552	18.4240
ERR13927574.26761	1631	14.6211
ERR13927574.26762	1573	20.0064
ERR13927574.26763	1557	19.1933
ERR13927574.26764	1602	20.0012
ERR13927574.26765	1562	19.8572
ERR13927574.26766	1572	21.4746
ERR13927574.26767	1613	16.9076
ERR13927574.26768	1556	20.6530
ERR13927574.26769	1566	17.4777
ERR13927574.26770	1606	19.6893
ERR13927574.26771	1628	17.5270
ERR13927574.26772	1604	17.6908
ERR13927574.26773	1605	19.5763
ERR13927574.26774	1565	18.2160
ERR13927574.26775	1596	19.0025
ERR13927574.26776	1583	20.3348
ERR13927574.26777	1489	14.2082
ERR13927574.26778	1562	17.7414
ERR13927574.26779	1528	15.4247
ERR13927574.26780	1557	15.2768
ERR13927574.26781	1583	19.0234
ERR13927574.26782	1575	15.9232
ERR13927574.26783	1635	19.1786
ERR13927574.26784	1572	19.7373
ERR13927574.26785	1560	18.7333
ERR13927574.26786	1594	20.2804
ERR13927574.26787	1594	18.6964
ERR13927574.26788	1569	16.7298
ERR13927574.26789	1571	19.2190
ERR13927574.26790	1616	20.9802
ERR13927574.26791	1859	17.9822
ERR13927574.26792	1607	18.2682
ERR13927574.26793	1606	20.0330
ERR13927574.26794	1512	15.1792
ERR13927574.26795	1578	19.5507
ERR13927574.26796	1553	16.9794
ERR13927574.26797	1596	17.9380
ERR13927574.26798	1597	20.1590
ERR13927574.26799	1598	19.5826
ERR13927574.26800	1575	19.6165
ERR13927574.26801	1551	17.8517
ERR13927574.26802	1539	15.5978
ERR13927574.26803	1595	19.0878
ERR13927574.26804	1583	17.0354
ERR13927574.26805	1586	18.3203
ERR13927574.26806	1546	20.1429
ERR13927574.26807	1606	19.1351
ERR13927574.26808	1567	17.6184
ERR13927574.26809	1615	17.4359
ERR13927574.26810	1586	17.2743
ERR13927574.26811	1540	15.8539
ERR13927574.26812	1590	16.9994
ERR13927574.26813	1531	19.0229
ERR13927574.26814	1578	18.4632
ERR13927574.26815	1574	14.0254
ERR13927574.26816	1611	20.9659
ERR13927574.26817	1572	14.3397
ERR13927574.26818	1597	18.4621
ERR13927574.26819	1619	18.0618
ERR13927574.26820	1576	15.2494
ERR13927574.26821	1582	17.5714
ERR13927574.26822	1615	20.0384
ERR13927574.26823	1574	18.4689
ERR13927574.26824	1598	15.6339
ERR13927574.26825	1554	21.4691
ERR13927574.26826	1595	18.7103
ERR13927574.26827	1602	18.4382
ERR13927574.26828	1567	21.5948
ERR13927574.26829	1589	17.3329
ERR13927574.26830	1537	19.4359
ERR13927574.26831	1602	19.2915
ERR13927574.26832	1576	19.1567
ERR13927574.26833	1612	20.3766
ERR13927574.26834	1604	19.2188
ERR13927574.26835	1597	19.3413
ERR13927574.26836	1553	20.7624
ERR13927574.26837	1587	19.1733
ERR13927574.26838	1609	17.9845
ERR13927574.26839	1574	18.2795
ERR13927574.26840	1631	18.1343
ERR13927574.26841	1482	14.2895
ERR13927574.26842	1587	21.3806
ERR13927574.26843	1586	20.0448
ERR13927574.26844	1584	19.4943
ERR13927574.26845	1596	19.6447
ERR13927574.26846	1602	19.3808
ERR13927574.26847	1088	18.7426
ERR13927574.26848	1541	19.5529
ERR13927574.26849	1611	18.0993
ERR13927574.26850	1614	18.5502
ERR13927574.26851	1551	16.4397
ERR13927574.26852	1587	18.9912
ERR13927574.26853	1582	20.5013
ERR13927574.26854	1566	20.0658
ERR13927574.26855	1601	21.0675
ERR13927574.26856	1508	18.2792
ERR13927574.26857	1553	19.8976
ERR13927574.26858	1572	15.7735
ERR13927574.26859	1590	18.5025
ERR13927574.26860	1581	16.3675
ERR13927574.26861	1575	17.4921
ERR13927574.26862	1532	17.5836
ERR13927574.26863	1572	16.7933
ERR13927574.26864	1660	17.7349
ERR13927574.26865	1572	17.5961
ERR13927574.26866	1597	15.0326
ERR13927574.26867	1582	17.9191
ERR13927574.26868	1570	18.1287
ERR13927574.26869	1636	19.5153
ERR13927574.26870	1574	18.8240
ERR13927574.26871	1576	16.3978
ERR13927574.26872	1588	19.0031
ERR13927574.26873	1520	15.8757
ERR13927574.26874	1587	17.7675
ERR13927574.26875	1615	20.2341
ERR13927574.26876	1570	15.5178
ERR13927574.26877	1540	15.1727
ERR13927574.26878	1619	20.5707
ERR13927574.26879	952	17.5630
ERR13927574.26880	1574	19.6830
ERR13927574.26881	1584	17.3428
ERR13927574.26882	1584	19.8902
ERR13927574.26883	1612	19.9225
ERR13927574.26884	708	15.4802
ERR13927574.26885	1615	15.0545
ERR13927574.26886	1605	17.1514
ERR13927574.26887	1585	19.1148
ERR13927574.26888	1605	18.3526
ERR13927574.26889	1573	19.0661
ERR13927574.26890	1580	18.8690
ERR13927574.26891	1589	19.9459
ERR13927574.26892	1582	21.8635
ERR13927574.26893	1547	18.1816
ERR13927574.26894	1626	19.3622
ERR13927574.26895	1594	19.5954
ERR13927574.26896	1579	19.6916
ERR13927574.26897	1572	19.7748
ERR13927574.26898	1571	16.7212
ERR13927574.26899	1614	16.4789
ERR13927574.26900	1588	19.3470
ERR13927574.26901	1579	19.3249
ERR13927574.26902	1586	20.0687
ERR13927574.26903	1557	19.6114
ERR13927574.26904	1558	15.3222
ERR13927574.26905	1565	17.9029
ERR13927574.26906	1676	17.9946
ERR13927574.26907	1755	20.5026
ERR13927574.26908	1541	16.5652
ERR13927574.26909	1557	19.0495
ERR13927574.26910	1588	16.7997
ERR13927574.26911	1611	18.6034
ERR13927574.26912	1623	18.1565
ERR13927574.26913	852	18.6502
ERR13927574.26914	662	18.3157
ERR13927574.26915	1613	19.7774
ERR13927574.26916	1598	20.5288
ERR13927574.26917	1564	19.0659
ERR13927574.26918	1569	16.6871
ERR13927574.26919	1574	18.5959
ERR13927574.26920	895	20.0034
ERR13927574.26921	1560	15.0019
ERR13927574.26922	1566	19.1980
ERR13927574.26923	1552	20.3447
ERR13927574.26924	1558	19.0154
ERR13927574.26925	1326	19.4329
ERR13927574.26926	1557	18.8915
ERR13927574.26927	1609	20.0131
ERR13927574.26928	1572	16.4726
ERR13927574.26929	1574	21.1105
ERR13927574.26930	1611	20.4562
ERR13927574.26931	1615	15.5895
ERR13927574.26932	1564	19.7775
ERR13927574.26933	1563	19.6871
ERR13927574.26934	1487	15.4344
ERR13927574.26935	1562	16.6562
ERR13927574.26936	1317	19.6112
ERR13927574.26937	996	19.9538
ERR13927574.26938	1576	20.5508
ERR13927574.26939	1561	18.3978
ERR13927574.26940	1599	18.7886
ERR13927574.26941	1564	15.2832
ERR13927574.26942	1609	17.7868
ERR13927574.26943	1597	19.1353
ERR13927574.26944	1553	16.0425
ERR13927574.26945	1603	18.6500
ERR13927574.26946	1599	17.3452
ERR13927574.26947	1547	16.1629
ERR13927574.26948	1589	19.8370
ERR13927574.26949	1578	20.5234
ERR13927574.26950	1599	16.1726
ERR13927574.26951	1570	16.3847
ERR13927574.26952	1561	20.2447
ERR13927574.26953	1579	20.8689
ERR13927574.26954	1574	20.3742
ERR13927574.26955	1554	16.9794
ERR13927574.26956	1502	19.6132
ERR13927574.26957	1540	15.1903
ERR13927574.26958	1555	16.0341
ERR13927574.26959	1582	18.0297
ERR13927574.26960	1537	18.5823
ERR13927574.26961	1586	17.1160
ERR13927574.26962	1579	16.4940
ERR13927574.26963	1589	20.6098
ERR13927574.26964	1619	19.4867
ERR13927574.26965	1597	18.3970
ERR13927574.26966	1590	18.2409
ERR13927574.26967	1589	17.5198
ERR13927574.26968	1604	20.7282
ERR13927574.26969	1576	16.0368
ERR13927574.26970	1611	21.2924
ERR13927574.26971	1588	18.3413
ERR13927574.26972	1607	19.8867
ERR13927574.26973	1616	17.1132
ERR13927574.26974	1145	17.8437
ERR13927574.26975	1587	17.3188
ERR13927574.26976	1626	17.9348
ERR13927574.26977	1567	18.8794
ERR13927574.26978	1541	17.6470
ERR13927574.26979	1565	20.7419
ERR13927574.26980	1583	17.7953
ERR13927574.26981	1628	18.0602
ERR13927574.26982	1568	19.7577
ERR13927574.26983	1564	20.9380
ERR13927574.26984	1586	20.9369
ERR13927574.26985	1589	18.2379
ERR13927574.26986	1550	17.8748
ERR13927574.26987	1616	18.0155
ERR13927574.26988	1491	18.5915
ERR13927574.26989	1585	18.1539
ERR13927574.26990	1561	17.9942
ERR13927574.26991	1605	20.4660
ERR13927574.26992	1608	16.4907
ERR13927574.26993	1565	20.4722
ERR13927574.26994	1576	19.2157
ERR13927574.26995	1608	20.4888
ERR13927574.26996	1622	19.0333
ERR13927574.26997	1549	20.3486
ERR13927574.26998	1551	18.9555
ERR13927574.26999	1598	20.7703
ERR13927574.27000	317	13.5331
ERR13927574.27001	1565	19.4294
ERR13927574.27002	1572	20.0324
ERR13927574.27003	1572	20.5941
ERR13927574.27004	1683	16.7825
ERR13927574.27005	1575	19.8127
ERR13927574.27006	1552	16.7352
ERR13927574.27007	1543	19.6416
ERR13927574.27008	1594	16.8212
ERR13927574.27009	1547	15.7615
ERR13927574.27010	1553	16.2666
ERR13927574.27011	1585	18.0271
ERR13927574.27012	1601	15.7676
ERR13927574.27013	1568	16.2704
ERR13927574.27014	1657	18.7314
ERR13927574.27015	1553	17.8268
ERR13927574.27016	1597	19.3444
ERR13927574.27017	1581	18.7179
ERR13927574.27018	1572	17.0623
ERR13927574.27019	1576	16.6098
ERR13927574.27020	1575	17.7314
ERR13927574.27021	1616	19.3657
ERR13927574.27022	170	13.4647
ERR13927574.27023	1623	17.2964
ERR13927574.27024	1583	18.4466
ERR13927574.27025	1579	17.9620
ERR13927574.27026	1627	20.5556
ERR13927574.27027	1566	16.9719
ERR13927574.27028	1616	20.6912
ERR13927574.27029	1559	18.2360
ERR13927574.27030	1560	19.4577
ERR13927574.27031	1590	18.9516
ERR13927574.27032	1572	19.8855
ERR13927574.27033	1618	16.9895
ERR13927574.27034	1557	15.5877
ERR13927574.27035	1572	19.6870
ERR13927574.27036	1570	16.6688
ERR13927574.27037	1596	20.6892
ERR13927574.27038	1573	20.5467
ERR13927574.27039	1577	18.0875
ERR13927574.27040	1537	14.5491
ERR13927574.27041	1579	17.9829
ERR13927574.27042	1713	18.4197
ERR13927574.27043	1585	15.2461
ERR13927574.27044	1573	17.5760
ERR13927574.27045	1628	20.9226
ERR13927574.27046	1533	18.4462
ERR13927574.27047	1555	17.4405
ERR13927574.27048	1537	17.9610
ERR13927574.27049	1600	19.8931
ERR13927574.27050	1532	17.0646
ERR13927574.27051	1600	18.2700
ERR13927574.27052	1573	20.1246
ERR13927574.27053	1555	22.1177
ERR13927574.27054	248	17.0968
ERR13927574.27055	1600	17.2300
ERR13927574.27056	1585	19.3426
ERR13927574.27057	1617	18.7644
ERR13927574.27058	1502	14.8509
ERR13927574.27059	1564	19.1752
ERR13927574.27060	1561	20.4587
ERR13927574.27061	1558	19.0725
ERR13927574.27062	1609	19.1212
ERR13927574.27063	1564	20.0518
ERR13927574.27064	1569	18.1568
ERR13927574.27065	1576	16.7094
ERR13927574.27066	1616	18.7494
ERR13927574.27067	1566	15.8812
ERR13927574.27068	1573	20.3299
ERR13927574.27069	1653	17.8276
ERR13927574.27070	1571	19.8606
ERR13927574.27071	1551	16.7086
ERR13927574.27072	1549	17.8941
ERR13927574.27073	1545	15.9877
ERR13927574.27074	1536	18.6589
ERR13927574.27075	1572	19.8531
ERR13927574.27076	1584	19.6275
ERR13927574.27077	1579	17.3528
ERR13927574.27078	1588	19.5309
ERR13927574.27079	1589	19.9169
ERR13927574.27080	1619	18.4021
ERR13927574.27081	1591	19.8617
ERR13927574.27082	1590	21.7698
ERR13927574.27083	1587	16.2867
ERR13927574.27084	1549	14.8935
ERR13927574.27085	1591	15.2300
ERR13927574.27086	1574	16.8202
ERR13927574.27087	1616	18.4524
ERR13927574.27088	1575	20.0781
ERR13927574.27089	1586	18.8960
ERR13927574.27090	1600	18.8050
ERR13927574.27091	1615	18.1554
ERR13927574.27092	1609	21.9198
ERR13927574.27093	1511	15.4454
ERR13927574.27094	1578	21.4436
ERR13927574.27095	1705	17.8176
ERR13927574.27096	1622	21.7355
ERR13927574.27097	1580	18.5013
ERR13927574.27098	1563	19.2354
ERR13927574.27099	1563	21.0928
ERR13927574.27100	1596	15.9919
ERR13927574.27101	1131	16.4315
ERR13927574.27102	1571	20.0025
ERR13927574.27103	1606	19.6351
ERR13927574.27104	1546	20.2193
ERR13927574.27105	1590	19.6535
ERR13927574.27106	1551	17.4707
ERR13927574.27107	1596	19.5595
ERR13927574.27108	1606	19.8537
ERR13927574.27109	1567	19.6969
ERR13927574.27110	1558	16.7105
ERR13927574.27111	1576	17.2119
ERR13927574.27112	1602	15.4176
ERR13927574.27113	1567	18.1187
ERR13927574.27114	1541	16.3407
ERR13927574.27115	1587	18.1059
ERR13927574.27116	1542	17.7931
ERR13927574.27117	1539	18.6459
ERR13927574.27118	1577	16.4325
ERR13927574.27119	1580	18.6943
ERR13927574.27120	1565	20.4313
ERR13927574.27121	434	16.4171
ERR13927574.27122	1589	19.7288
ERR13927574.27123	1591	19.6776
ERR13927574.27124	1494	14.3521
ERR13927574.27125	1587	20.1739
ERR13927574.27126	1583	16.4460
ERR13927574.27127	1589	19.1592
ERR13927574.27128	1586	17.2352
ERR13927574.27129	1585	20.0170
ERR13927574.27130	1537	17.1529
ERR13927574.27131	1531	15.7028
ERR13927574.27132	1586	18.1299
ERR13927574.27133	1591	18.8309
ERR13927574.27134	1543	19.3772
ERR13927574.27135	1574	20.7732
ERR13927574.27136	1607	15.4549
ERR13927574.27137	3205	19.8786
ERR13927574.27138	1587	18.1248
ERR13927574.27139	1558	18.8267
ERR13927574.27140	1639	20.9610
ERR13927574.27141	1469	16.8067
ERR13927574.27142	1577	22.2530
ERR13927574.27143	1564	22.3785
ERR13927574.27144	1569	19.5494
ERR13927574.27145	1550	19.5516
ERR13927574.27146	1563	18.6622
ERR13927574.27147	1605	18.5688
ERR13927574.27148	1538	20.2802
ERR13927574.27149	1604	18.7743
ERR13927574.27150	715	17.4839
ERR13927574.27151	1554	18.0444
ERR13927574.27152	1581	17.5117
ERR13927574.27153	1583	17.7694
ERR13927574.27154	1569	18.8757
ERR13927574.27155	1616	18.6949
ERR13927574.27156	1401	16.1378
ERR13927574.27157	1607	20.4343
ERR13927574.27158	1589	19.0516
ERR13927574.27159	1606	18.9321
ERR13927574.27160	1559	18.4734
ERR13927574.27161	770	19.0792
ERR13927574.27162	1577	15.4692
ERR13927574.27163	1624	21.2057
ERR13927574.27164	1590	18.1252
ERR13927574.27165	1574	20.2961
ERR13927574.27166	1597	19.0933
ERR13927574.27167	1609	19.5096
ERR13927574.27168	1568	21.1154
ERR13927574.27169	1601	17.8432
ERR13927574.27170	1529	15.6488
ERR13927574.27171	1571	15.9173
ERR13927574.27172	1342	19.7332
ERR13927574.27173	1580	16.6987
ERR13927574.27174	1574	20.0095
ERR13927574.27175	1583	16.2445
ERR13927574.27176	1571	19.9109
ERR13927574.27177	1606	18.8686
ERR13927574.27178	1562	20.4846
ERR13927574.27179	589	18.5857
ERR13927574.27180	1585	20.1123
ERR13927574.27181	1563	21.0173
ERR13927574.27182	1596	17.8559
ERR13927574.27183	1575	18.7283
ERR13927574.27184	1571	21.6079
ERR13927574.27185	1619	18.0735
ERR13927574.27186	1606	16.0355
ERR13927574.27187	1573	18.7031
ERR13927574.27188	1551	19.0445
ERR13927574.27189	1584	18.1869
ERR13927574.27190	1548	18.2939
ERR13927574.27191	1608	20.0286
ERR13927574.27192	1615	19.4006
ERR13927574.27193	1620	17.6920
ERR13927574.27194	1621	16.9377
ERR13927574.27195	1575	21.8895
ERR13927574.27196	1559	17.2123
ERR13927574.27197	1591	19.1307
ERR13927574.27198	1576	21.1022
ERR13927574.27199	1549	18.6262
ERR13927574.27200	1585	17.6568
ERR13927574.27201	1636	16.1553
ERR13927574.27202	1521	16.5273
ERR13927574.27203	1551	17.5809
ERR13927574.27204	1580	18.5684
ERR13927574.27205	1531	17.3357
ERR13927574.27206	1587	20.1292
ERR13927574.27207	1545	17.0997
ERR13927574.27208	1640	18.2549
ERR13927574.27209	1575	20.2387
ERR13927574.27210	1582	16.2788
ERR13927574.27211	1538	18.0507
ERR13927574.27212	1491	15.8229
ERR13927574.27213	1562	17.7919
ERR13927574.27214	1569	16.2320
ERR13927574.27215	1612	18.2928
ERR13927574.27216	1566	18.5760
ERR13927574.27217	1584	20.1427
ERR13927574.27218	1566	15.5485
ERR13927574.27219	1595	19.7987
ERR13927574.27220	1569	18.4264
ERR13927574.27221	1591	19.3369
ERR13927574.27222	1541	20.4815
ERR13927574.27223	3202	16.1187
ERR13927574.27224	1603	17.9900
ERR13927574.27225	1567	19.8156
ERR13927574.27226	1563	16.7863
ERR13927574.27227	1605	18.9209
ERR13927574.27228	1577	18.6963
ERR13927574.27229	1558	17.9255
ERR13927574.27230	1551	19.2257
ERR13927574.27231	1601	19.8214
ERR13927574.27232	1528	17.0223
ERR13927574.27233	1605	17.6137
ERR13927574.27234	1561	16.6445
ERR13927574.27235	1676	18.8455
ERR13927574.27236	1612	18.5868
ERR13927574.27237	1568	18.0134
ERR13927574.27238	1603	19.6887
ERR13927574.27239	1517	15.5359
ERR13927574.27240	178	16.6854
ERR13927574.27241	1554	17.5798
ERR13927574.27242	1571	15.7212
ERR13927574.27243	1618	16.3331
ERR13927574.27244	1555	17.7299
ERR13927574.27245	1609	15.5438
ERR13927574.27246	1608	20.4328
ERR13927574.27247	229	11.7031
ERR13927574.27248	1607	19.6745
ERR13927574.27249	1581	16.8880
ERR13927574.27250	1554	17.0695
ERR13927574.27251	1561	19.4574
ERR13927574.27252	1576	18.0044
ERR13927574.27253	1601	20.1493
ERR13927574.27254	1615	17.9245
ERR13927574.27255	1583	19.8604
ERR13927574.27256	1534	15.7894
ERR13927574.27257	1571	17.5022
ERR13927574.27258	1564	19.0659
ERR13927574.27259	1618	19.1848
ERR13927574.27260	1597	18.9969
ERR13927574.27261	1561	17.1217
ERR13927574.27262	1540	18.0753
ERR13927574.27263	1550	18.3097
ERR13927574.27264	1615	15.8161
ERR13927574.27265	1579	15.4123
ERR13927574.27266	1611	20.8814
ERR13927574.27267	1590	17.9308
ERR13927574.27268	1581	20.0297
ERR13927574.27269	1571	18.2139
ERR13927574.27270	309	19.0291
ERR13927574.27271	1328	19.8765
ERR13927574.27272	1506	14.6713
ERR13927574.27273	1661	19.7375
ERR13927574.27274	1571	18.6938
ERR13927574.27275	1584	16.1843
ERR13927574.27276	1563	17.8855
ERR13927574.27277	1546	16.3603
ERR13927574.27278	1574	15.7300
ERR13927574.27279	1630	18.5025
ERR13927574.27280	1591	16.5399
ERR13927574.27281	1586	18.1828
ERR13927574.27282	1561	16.2607
ERR13927574.27283	1591	18.7197
ERR13927574.27284	1555	14.6437
ERR13927574.27285	1455	17.2729
ERR13927574.27286	1579	20.5383
ERR13927574.27287	1577	17.5098
ERR13927574.27288	1662	18.5066
ERR13927574.27289	1551	18.4191
ERR13927574.27290	1525	17.1102
ERR13927574.27291	1600	20.6531
ERR13927574.27292	1580	18.3899
ERR13927574.27293	1612	19.9938
ERR13927574.27294	1575	19.3187
ERR13927574.27295	173	17.6243
ERR13927574.27296	1582	19.7819
ERR13927574.27297	1587	16.8469
ERR13927574.27298	1554	16.7896
ERR13927574.27299	1559	19.3342
ERR13927574.27300	1656	19.8750
ERR13927574.27301	1615	20.1437
ERR13927574.27302	1592	17.2990
ERR13927574.27303	3626	18.8318
ERR13927574.27304	1587	20.2659
ERR13927574.27305	1616	20.6931
ERR13927574.27306	1389	14.9366
ERR13927574.27307	1543	15.3714
ERR13927574.27308	1551	19.7930
ERR13927574.27309	1556	14.6311
ERR13927574.27310	1575	18.0152
ERR13927574.27311	1566	18.7458
ERR13927574.27312	1569	20.4825
ERR13927574.27313	1537	15.8289
ERR13927574.27314	1563	18.4939
ERR13927574.27315	1589	16.5072
ERR13927574.27316	1491	17.8585
ERR13927574.27317	1375	16.0625
ERR13927574.27318	1567	20.2291
ERR13927574.27319	1549	20.8903
ERR13927574.27320	1589	18.0661
ERR13927574.27321	1583	16.1263
ERR13927574.27322	1573	21.0089
ERR13927574.27323	1551	17.7795
ERR13927574.27324	1572	20.0846
ERR13927574.27325	1576	15.5089
ERR13927574.27326	1508	17.5027
ERR13927574.27327	1560	19.4077
ERR13927574.27328	1085	17.2710
ERR13927574.27329	1632	15.0380
ERR13927574.27330	1561	19.3229
ERR13927574.27331	1581	15.8906
ERR13927574.27332	1616	21.1844
ERR13927574.27333	1582	19.0588
ERR13927574.27334	1597	16.6669
ERR13927574.27335	1564	15.9674
ERR13927574.27336	913	19.6758
ERR13927574.27337	1609	20.9149
ERR13927574.27338	1533	16.5186
ERR13927574.27339	1608	18.9142
ERR13927574.27340	1579	17.3667
ERR13927574.27341	1551	21.1941
ERR13927574.27342	1593	17.7244
ERR13927574.27343	1594	15.7961
ERR13927574.27344	1591	15.0698
ERR13927574.27345	1552	17.4072
ERR13927574.27346	1586	20.9243
ERR13927574.27347	1617	17.4515
ERR13927574.27348	1612	21.1166
ERR13927574.27349	1601	20.3598
ERR13927574.27350	1608	15.8451
ERR13927574.27351	1618	17.6446
ERR13927574.27352	1552	16.4207
ERR13927574.27353	1532	16.7866
ERR13927574.27354	1090	15.7688
ERR13927574.27355	1581	19.6711
ERR13927574.27356	1589	15.4991
ERR13927574.27357	1254	18.1898
ERR13927574.27358	1575	20.2279
ERR13927574.27359	1560	18.6115
ERR13927574.27360	1579	19.1792
ERR13927574.27361	1603	18.7517
ERR13927574.27362	1569	18.0701
ERR13927574.27363	1572	19.3276
ERR13927574.27364	1617	19.1039
ERR13927574.27365	1867	20.2089
ERR13927574.27366	1700	15.9641
ERR13927574.27367	1605	15.3408
ERR13927574.27368	1581	19.8931
ERR13927574.27369	1541	17.4173
ERR13927574.27370	1568	14.3654
ERR13927574.27371	1583	15.6513
ERR13927574.27372	1567	17.2572
ERR13927574.27373	1631	20.8578
ERR13927574.27374	1567	20.6005
ERR13927574.27375	1583	19.4473
ERR13927574.27376	1577	16.9220
ERR13927574.27377	1562	15.1613
ERR13927574.27378	1628	20.7789
ERR13927574.27379	1559	16.8813
ERR13927574.27380	1632	15.6164
ERR13927574.27381	1592	20.8197
ERR13927574.27382	1584	20.2816
ERR13927574.27383	1593	15.8870
ERR13927574.27384	1579	15.9576
ERR13927574.27385	1550	17.0458
ERR13927574.27386	1572	18.9809
ERR13927574.27387	1540	14.5890
ERR13927574.27388	1550	16.7181
ERR13927574.27389	1599	20.3302
ERR13927574.27390	1602	19.6111
ERR13927574.27391	1596	19.5627
ERR13927574.27392	1596	17.9267
ERR13927574.27393	1586	16.0637
ERR13927574.27394	1535	21.0977
ERR13927574.27395	1543	18.0817
ERR13927574.27396	1561	18.6393
ERR13927574.27397	1628	20.5412
ERR13927574.27398	1609	20.0976
ERR13927574.27399	1601	18.7995
ERR13927574.27400	1573	18.7139
ERR13927574.27401	1573	15.9955
ERR13927574.27402	1581	19.7818
ERR13927574.27403	1693	18.0597
ERR13927574.27404	1575	19.5041
ERR13927574.27405	1560	18.0064
ERR13927574.27406	1599	18.9731
ERR13927574.27407	1550	18.0181
ERR13927574.27408	1576	20.3477
ERR13927574.27409	1603	18.0094
ERR13927574.27410	1553	20.1339
ERR13927574.27411	1580	17.9089
ERR13927574.27412	1546	18.4702
ERR13927574.27413	1612	21.0596
ERR13927574.27414	1584	20.3479
ERR13927574.27415	1579	19.1754
ERR13927574.27416	1610	18.3702
ERR13927574.27417	1539	16.8005
ERR13927574.27418	1564	15.0294
ERR13927574.27419	1575	14.2533
ERR13927574.27420	1643	16.0870
ERR13927574.27421	1569	15.7693
ERR13927574.27422	1602	19.1785
ERR13927574.27423	1586	22.2194
ERR13927574.27424	1560	19.0821
ERR13927574.27425	1573	20.4615
ERR13927574.27426	1557	16.2858
ERR13927574.27427	1557	18.3481
ERR13927574.27428	1574	17.0813
ERR13927574.27429	1597	17.5836
ERR13927574.27430	1608	22.3862
ERR13927574.27431	1610	20.8429
ERR13927574.27432	1567	17.1755
ERR13927574.27433	1588	15.8992
ERR13927574.27434	1600	18.8250
ERR13927574.27435	1564	19.8600
ERR13927574.27436	1574	18.1036
ERR13927574.27437	1602	18.1136
ERR13927574.27438	1552	21.0909
ERR13927574.27439	1494	14.5643
ERR13927574.27440	1556	16.3503
ERR13927574.27441	1553	19.7373
ERR13927574.27442	1591	18.2407
ERR13927574.27443	1599	19.0381
ERR13927574.27444	1615	15.3765
ERR13927574.27445	1597	19.9894
ERR13927574.27446	1595	21.2169
ERR13927574.27447	1576	18.4435
ERR13927574.27448	1611	16.9323
ERR13927574.27449	1587	19.1059
ERR13927574.27450	1576	19.2716
ERR13927574.27451	1607	18.9048
ERR13927574.27452	1600	14.8006
ERR13927574.27453	1561	17.5029
ERR13927574.27454	1563	15.4075
ERR13927574.27455	1556	16.2224
ERR13927574.27456	1459	19.8855
ERR13927574.27457	1549	15.7682
ERR13927574.27458	1572	16.5490
ERR13927574.27459	1618	21.0204
ERR13927574.27460	1570	17.2516
ERR13927574.27461	1575	18.6622
ERR13927574.27462	1574	15.7421
ERR13927574.27463	1568	19.5523
ERR13927574.27464	1576	20.1859
ERR13927574.27465	1566	18.8825
ERR13927574.27466	1562	16.0461
ERR13927574.27467	1540	18.9143
ERR13927574.27468	1557	15.5851
ERR13927574.27469	1565	15.5802
ERR13927574.27470	1550	18.8084
ERR13927574.27471	1587	16.2678
ERR13927574.27472	1626	20.7768
ERR13927574.27473	1550	15.8942
ERR13927574.27474	1593	16.9479
ERR13927574.27475	1547	19.4240
ERR13927574.27476	1592	18.5930
ERR13927574.27477	1583	16.3323
ERR13927574.27478	1589	18.7432
ERR13927574.27479	1547	18.1500
ERR13927574.27480	1558	18.2888
ERR13927574.27481	1604	18.5081
ERR13927574.27482	1566	17.8895
ERR13927574.27483	1584	19.2159
ERR13927574.27484	1580	14.9741
ERR13927574.27485	1008	21.4950
ERR13927574.27486	1570	19.9510
ERR13927574.27487	1561	16.1800
ERR13927574.27488	1603	16.8129
ERR13927574.27489	1129	16.8583
ERR13927574.27490	1579	19.8835
ERR13927574.27491	1629	20.0209
ERR13927574.27492	1584	19.3087
ERR13927574.27493	1700	16.9900
ERR13927574.27494	1606	21.1102
ERR13927574.27495	1615	16.3108
ERR13927574.27496	1595	20.3436
ERR13927574.27497	1552	19.3402
ERR13927574.27498	1611	19.4115
ERR13927574.27499	219	12.3836
ERR13927574.27500	1611	19.4258
ERR13927574.27501	1646	14.8499
ERR13927574.27502	1547	15.3736
ERR13927574.27503	1583	18.7202
ERR13927574.27504	1564	17.1592
ERR13927574.27505	1559	17.9314
ERR13927574.27506	1586	19.3266
ERR13927574.27507	1564	14.5786
ERR13927574.27508	1565	17.8141
ERR13927574.27509	1606	21.5498
ERR13927574.27510	1603	19.8896
ERR13927574.27511	1586	19.3852
ERR13927574.27512	1531	15.2711
ERR13927574.27513	1572	15.2214
ERR13927574.27514	179	14.6927
ERR13927574.27515	1556	17.5713
ERR13927574.27516	1609	17.5550
ERR13927574.27517	1592	17.1307
ERR13927574.27518	1592	16.3957
ERR13927574.27519	1600	20.3669
ERR13927574.27520	1567	16.8679
ERR13927574.27521	1553	18.9375
ERR13927574.27522	1605	20.0274
ERR13927574.27523	1563	16.5061
ERR13927574.27524	1613	15.7464
ERR13927574.27525	1586	14.7598
ERR13927574.27526	1664	19.2025
ERR13927574.27527	3112	17.1549
ERR13927574.27528	1593	17.4382
ERR13927574.27529	1571	20.7059
ERR13927574.27530	1591	17.5544
ERR13927574.27531	1537	17.8399
ERR13927574.27532	1588	19.8193
ERR13927574.27533	1544	17.1826
ERR13927574.27534	1565	15.4236
ERR13927574.27535	1562	19.2586
ERR13927574.27536	1594	17.6537
ERR13927574.27537	1545	17.9061
ERR13927574.27538	1559	15.6555
ERR13927574.27539	471	19.3715
ERR13927574.27540	1553	16.4372
ERR13927574.27541	1547	15.6257
ERR13927574.27542	1633	17.1329
ERR13927574.27543	460	20.6652
ERR13927574.27544	1563	17.5675
ERR13927574.27545	1590	19.8182
ERR13927574.27546	1557	19.2903
ERR13927574.27547	1478	17.2091
ERR13927574.27548	1612	20.5689
ERR13927574.27549	1570	16.8605
ERR13927574.27550	1580	19.4475
ERR13927574.27551	1550	20.3658
ERR13927574.27552	1581	20.4769
ERR13927574.27553	1613	19.5927
ERR13927574.27554	1565	18.8748
ERR13927574.27555	1603	20.3481
ERR13927574.27556	210	12.7143
ERR13927574.27557	1628	18.0811
ERR13927574.27558	1592	15.5704
ERR13927574.27559	1547	16.6871
ERR13927574.27560	1582	19.1391
ERR13927574.27561	1611	17.3215
ERR13927574.27562	1606	21.0872
ERR13927574.27563	3134	15.7323
ERR13927574.27564	1605	21.0212
ERR13927574.27565	1548	17.9535
ERR13927574.27566	1611	17.5549
ERR13927574.27567	1580	19.7924
ERR13927574.27568	1775	20.5042
ERR13927574.27569	1550	17.0884
ERR13927574.27570	1604	19.8416
ERR13927574.27571	1562	18.7196
ERR13927574.27572	1627	18.0824
ERR13927574.27573	1596	21.7594
ERR13927574.27574	1573	19.1875
ERR13927574.27575	1574	22.6233
ERR13927574.27576	1565	16.9815
ERR13927574.27577	1602	17.7678
ERR13927574.27578	1570	18.1911
ERR13927574.27579	1548	16.5801
ERR13927574.27580	1566	21.0032
ERR13927574.27581	1567	19.8960
ERR13927574.27582	1527	15.8127
ERR13927574.27583	1571	14.9083
ERR13927574.27584	1600	16.2488
ERR13927574.27585	1613	20.6764
ERR13927574.27586	535	17.2430
ERR13927574.27587	1578	16.8638
ERR13927574.27588	1593	16.1764
ERR13927574.27589	1582	20.0468
ERR13927574.27590	1568	16.6818
ERR13927574.27591	1565	20.3521
ERR13927574.27592	1565	19.6460
ERR13927574.27593	1597	17.3550
ERR13927574.27594	1590	16.8824
ERR13927574.27595	1604	21.6390
ERR13927574.27596	1546	16.7160
ERR13927574.27597	1603	20.1734
ERR13927574.27598	1598	19.9819
ERR13927574.27599	1565	14.9681
ERR13927574.27600	1565	16.9387
ERR13927574.27601	1604	17.8473
ERR13927574.27602	1579	14.8537
ERR13927574.27603	1588	18.4830
ERR13927574.27604	1576	14.7392
ERR13927574.27605	1629	15.3837
ERR13927574.27606	1602	21.0381
ERR13927574.27607	1574	18.8253
ERR13927574.27608	1557	17.4766
ERR13927574.27609	1601	17.1918
ERR13927574.27610	1558	15.8697
ERR13927574.27611	1577	15.2346
ERR13927574.27612	1587	19.6616
ERR13927574.27613	1575	19.4629
ERR13927574.27614	628	19.7627
ERR13927574.27615	1563	19.3672
ERR13927574.27616	1567	18.1487
ERR13927574.27617	1503	21.3014
ERR13927574.27618	1591	19.8686
ERR13927574.27619	1613	19.1767
ERR13927574.27620	1588	16.7639
ERR13927574.27621	1591	19.1546
ERR13927574.27622	1593	18.4664
ERR13927574.27623	1581	16.8083
ERR13927574.27624	1597	17.4008
ERR13927574.27625	1591	19.1458
ERR13927574.27626	1551	16.3075
ERR13927574.27627	1389	20.1821
ERR13927574.27628	1576	17.7709
ERR13927574.27629	1606	19.5131
ERR13927574.27630	1564	18.5147
ERR13927574.27631	1619	16.4713
ERR13927574.27632	1575	20.7683
ERR13927574.27633	1572	18.6743
ERR13927574.27634	1568	20.6639
ERR13927574.27635	1556	18.2545
ERR13927574.27636	1601	20.0244
ERR13927574.27637	1605	16.8810
ERR13927574.27638	1553	18.7366
ERR13927574.27639	1562	18.9731
ERR13927574.27640	1567	16.3516
ERR13927574.27641	1556	18.7873
ERR13927574.27642	1571	17.1521
ERR13927574.27643	1563	19.6903
ERR13927574.27644	1595	19.2589
ERR13927574.27645	1560	19.9340
ERR13927574.27646	1584	19.4754
ERR13927574.27647	1680	20.3714
ERR13927574.27648	1564	19.5416
ERR13927574.27649	1600	16.6344
ERR13927574.27650	1596	17.1967
ERR13927574.27651	1563	22.6014
ERR13927574.27652	1589	19.4802
ERR13927574.27653	1573	16.3668
ERR13927574.27654	1592	18.1420
ERR13927574.27655	1564	16.6714
ERR13927574.27656	1581	17.0683
ERR13927574.27657	1581	19.5800
ERR13927574.27658	1597	19.6368
ERR13927574.27659	1585	16.6946
ERR13927574.27660	1604	17.9931
ERR13927574.27661	1574	19.1817
ERR13927574.27662	1560	19.2224
ERR13927574.27663	1552	15.8582
ERR13927574.27664	1563	16.2335
ERR13927574.27665	1542	20.6089
ERR13927574.27666	1591	16.1842
ERR13927574.27667	1554	18.7375
ERR13927574.27668	1556	20.7063
ERR13927574.27669	1611	20.5450
ERR13927574.27670	1567	18.7039
ERR13927574.27671	1593	20.5599
ERR13927574.27672	1597	17.4026
ERR13927574.27673	1586	18.4458
ERR13927574.27674	1577	18.3608
ERR13927574.27675	1508	16.1618
ERR13927574.27676	1558	19.0944
ERR13927574.27677	1563	20.3237
ERR13927574.27678	1601	21.1462
ERR13927574.27679	1556	21.0334
ERR13927574.27680	1574	19.2846
ERR13927574.27681	1618	18.2843
ERR13927574.27682	1580	20.7139
ERR13927574.27683	1577	17.7032
ERR13927574.27684	1615	21.3988
ERR13927574.27685	1591	19.9962
ERR13927574.27686	1572	17.5305
ERR13927574.27687	1557	16.7431
ERR13927574.27688	1556	18.5810
ERR13927574.27689	1603	19.7717
ERR13927574.27690	1579	15.4655
ERR13927574.27691	1579	14.6415
ERR13927574.27692	1614	20.2757
ERR13927574.27693	1560	17.2224
ERR13927574.27694	1564	17.9444
ERR13927574.27695	1541	19.7755
ERR13927574.27696	1570	17.7720
ERR13927574.27697	1601	18.5878
ERR13927574.27698	1562	19.9840
ERR13927574.27699	1473	18.3564
ERR13927574.27700	1548	20.4483
ERR13927574.27701	1626	20.0068
ERR13927574.27702	1574	17.5496
ERR13927574.27703	1545	19.7715
ERR13927574.27704	1576	17.1117
ERR13927574.27705	1606	20.7036
ERR13927574.27706	1594	15.8733
ERR13927574.27707	1577	20.8561
ERR13927574.27708	1567	22.8877
ERR13927574.27709	1630	19.9509
ERR13927574.27710	1547	17.7563
ERR13927574.27711	1564	19.1317
ERR13927574.27712	1575	18.0279
ERR13927574.27713	1605	19.2941
ERR13927574.27714	1599	20.4290
ERR13927574.27715	1575	20.7410
ERR13927574.27716	1582	18.7769
ERR13927574.27717	1578	14.8954
ERR13927574.27718	1602	19.6810
ERR13927574.27719	1540	18.0013
ERR13927574.27720	1501	18.9134
ERR13927574.27721	1580	17.9329
ERR13927574.27722	1596	16.6378
ERR13927574.27723	1562	15.9795
ERR13927574.27724	1562	17.7778
ERR13927574.27725	1543	16.8626
ERR13927574.27726	1599	18.6617
ERR13927574.27727	1591	20.2960
ERR13927574.27728	372	16.3737
ERR13927574.27729	1577	19.7013
ERR13927574.27730	1539	19.6998
ERR13927574.27731	1575	19.1740
ERR13927574.27732	1616	20.1949
ERR13927574.27733	1564	20.5102
ERR13927574.27734	1561	19.3222
ERR13927574.27735	1578	18.8536
ERR13927574.27736	1566	19.3493
ERR13927574.27737	1554	19.2098
ERR13927574.27738	1589	21.2215
ERR13927574.27739	1595	18.0934
ERR13927574.27740	1552	18.2416
ERR13927574.27741	1550	19.1903
ERR13927574.27742	1620	20.1105
ERR13927574.27743	1615	19.8136
ERR13927574.27744	1531	20.5382
ERR13927574.27745	1194	18.3936
ERR13927574.27746	1587	16.4984
ERR13927574.27747	1604	17.0019
ERR13927574.27748	1586	17.6375
ERR13927574.27749	1584	20.3213
ERR13927574.27750	1631	21.9853
ERR13927574.27751	1612	19.6867
ERR13927574.27752	1532	19.7859
ERR13927574.27753	1614	18.7962
ERR13927574.27754	1550	17.6290
ERR13927574.27755	1575	19.2140
ERR13927574.27756	669	17.1898
ERR13927574.27757	1605	18.9551
ERR13927574.27758	1540	17.6474
ERR13927574.27759	1565	19.3297
ERR13927574.27760	1548	16.4432
ERR13927574.27761	1722	19.3066
ERR13927574.27762	1572	18.4364
ERR13927574.27763	1571	14.7823
ERR13927574.27764	1593	18.9567
ERR13927574.27765	1585	19.9956
ERR13927574.27766	1574	18.7560
ERR13927574.27767	1565	15.6390
ERR13927574.27768	1607	20.2190
ERR13927574.27769	1592	20.9020
ERR13927574.27770	1562	20.0339
ERR13927574.27771	1164	17.6082
ERR13927574.27772	1558	20.6643
ERR13927574.27773	1543	17.9255
ERR13927574.27774	1580	18.9196
ERR13927574.27775	1613	14.5431
ERR13927574.27776	1616	16.4864
ERR13927574.27777	1581	20.1404
ERR13927574.27778	1545	22.4822
ERR13927574.27779	1575	17.1930
ERR13927574.27780	1607	20.1077
ERR13927574.27781	1566	17.1271
ERR13927574.27782	1534	16.6545
ERR13927574.27783	1596	18.1648
ERR13927574.27784	1553	18.4952
ERR13927574.27785	1563	17.4184
ERR13927574.27786	1571	20.6327
ERR13927574.27787	1599	19.5503
ERR13927574.27788	1528	18.4823
ERR13927574.27789	1550	15.9723
ERR13927574.27790	1548	18.1428
ERR13927574.27791	1535	17.8391
ERR13927574.27792	1597	16.2073
ERR13927574.27793	1597	18.0138
ERR13927574.27794	1563	16.3385
ERR13927574.27795	1544	17.3478
ERR13927574.27796	1556	19.0161
ERR13927574.27797	1610	19.0975
ERR13927574.27798	1561	20.1627
ERR13927574.27799	1529	20.5598
ERR13927574.27800	1614	19.6010
ERR13927574.27801	1570	18.1847
ERR13927574.27802	1560	17.6699
ERR13927574.27803	1605	17.7171
ERR13927574.27804	1604	17.7986
ERR13927574.27805	1638	18.3498
ERR13927574.27806	1624	18.0117
ERR13927574.27807	1586	21.3033
ERR13927574.27808	1612	18.4801
ERR13927574.27809	1611	20.9721
ERR13927574.27810	1581	14.9235
ERR13927574.27811	1553	16.6516
ERR13927574.27812	1537	19.3214
ERR13927574.27813	1847	18.3687
ERR13927574.27814	1552	20.1791
ERR13927574.27815	1582	19.0999
ERR13927574.27816	1535	16.4176
ERR13927574.27817	1569	18.3703
ERR13927574.27818	1563	18.2949
ERR13927574.27819	1606	15.5479
ERR13927574.27820	1560	18.2731
ERR13927574.27821	1570	14.8363
ERR13927574.27822	1567	18.6126
ERR13927574.27823	1585	17.4076
ERR13927574.27824	1634	17.1971
ERR13927574.27825	1608	20.1163
ERR13927574.27826	1571	18.5010
ERR13927574.27827	1572	20.2939
ERR13927574.27828	1577	23.6531
ERR13927574.27829	1567	16.6560
ERR13927574.27830	1585	20.8688
ERR13927574.27831	1579	16.8303
ERR13927574.27832	1526	18.4174
ERR13927574.27833	1586	16.7257
ERR13927574.27834	1593	17.8801
ERR13927574.27835	1193	19.4124
ERR13927574.27836	1592	19.3825
ERR13927574.27837	1583	16.2211
ERR13927574.27838	1571	14.9745
ERR13927574.27839	1559	17.7793
ERR13927574.27840	1593	19.1871
ERR13927574.27841	1485	19.4963
ERR13927574.27842	588	16.6003
ERR13927574.27843	1557	17.1220
ERR13927574.27844	1564	21.6298
ERR13927574.27845	1574	19.5044
ERR13927574.27846	1601	20.9813
ERR13927574.27847	1566	16.5179
ERR13927574.27848	1549	19.2201
ERR13927574.27849	1538	14.9707
ERR13927574.27850	1562	21.4910
ERR13927574.27851	1554	17.1757
ERR13927574.27852	1594	18.8846
ERR13927574.27853	1606	16.5255
ERR13927574.27854	1611	20.3464
ERR13927574.27855	1576	18.9511
ERR13927574.27856	1568	18.5338
ERR13927574.27857	1558	20.3703
ERR13927574.27858	1561	19.2056
ERR13927574.27859	1450	17.8579
ERR13927574.27860	1570	19.1815
ERR13927574.27861	1582	14.6125
ERR13927574.27862	1618	20.5210
ERR13927574.27863	1614	20.2280
ERR13927574.27864	1591	17.2005
ERR13927574.27865	1540	19.2240
ERR13927574.27866	1237	19.2959
ERR13927574.27867	1608	17.0243
ERR13927574.27868	1559	20.6761
ERR13927574.27869	1592	17.8021
ERR13927574.27870	1577	15.9987
ERR13927574.27871	1524	14.8340
ERR13927574.27872	1623	17.5909
ERR13927574.27873	1547	16.3782
ERR13927574.27874	3104	18.7864
ERR13927574.27875	1574	16.7243
ERR13927574.27876	1598	16.4418
ERR13927574.27877	1543	15.9203
ERR13927574.27878	1593	19.5009
ERR13927574.27879	1621	15.7088
ERR13927574.27880	1602	19.1205
ERR13927574.27881	1579	17.2172
ERR13927574.27882	1579	15.6517
ERR13927574.27883	1574	21.1804
ERR13927574.27884	1578	15.5659
ERR13927574.27885	1477	20.2207
ERR13927574.27886	1552	15.3312
ERR13927574.27887	1605	15.6417
ERR13927574.27888	1601	18.2017
ERR13927574.27889	1357	16.8681
ERR13927574.27890	1610	17.8876
ERR13927574.27891	1610	17.8398
ERR13927574.27892	1563	20.5259
ERR13927574.27893	1600	20.5294
ERR13927574.27894	1578	21.2161
ERR13927574.27895	1591	18.3928
ERR13927574.27896	1567	17.0415
ERR13927574.27897	1582	19.7459
ERR13927574.27898	1564	17.6343
ERR13927574.27899	1565	16.6128
ERR13927574.27900	1556	16.0893
ERR13927574.27901	1562	17.7510
ERR13927574.27902	1548	17.4541
ERR13927574.27903	1539	16.9942
ERR13927574.27904	1591	17.4764
ERR13927574.27905	1589	18.8383
ERR13927574.27906	1576	17.3978
ERR13927574.27907	1598	16.4562
ERR13927574.27908	1563	17.1875
ERR13927574.27909	1562	16.8380
ERR13927574.27910	1591	16.7882
ERR13927574.27911	1575	15.2419
ERR13927574.27912	1547	19.0918
ERR13927574.27913	1960	21.5980
ERR13927574.27914	1581	19.8046
ERR13927574.27915	1523	18.9107
ERR13927574.27916	1567	20.1978
ERR13927574.27917	1595	15.4351
ERR13927574.27918	1597	19.3776
ERR13927574.27919	1593	17.0634
ERR13927574.27920	1573	17.3713
ERR13927574.27921	1563	14.6385
ERR13927574.27922	1609	21.5581
ERR13927574.27923	1569	20.9076
ERR13927574.27924	1575	20.5225
ERR13927574.27925	1548	16.1550
ERR13927574.27926	1586	20.4723
ERR13927574.27927	1604	19.8959
ERR13927574.27928	1570	18.9433
ERR13927574.27929	1568	18.6046
ERR13927574.27930	1561	17.9853
ERR13927574.27931	1599	15.1501
ERR13927574.27932	1602	16.4263
ERR13927574.27933	1603	19.7374
ERR13927574.27934	1597	22.3143
ERR13927574.27935	1473	15.5791
ERR13927574.27936	1529	15.9006
ERR13927574.27937	1558	15.5578
ERR13927574.27938	1585	17.7836
ERR13927574.27939	1571	17.8320
ERR13927574.27940	1619	15.8159
ERR13927574.27941	1588	19.4207
ERR13927574.27942	1594	21.1205
ERR13927574.27943	1588	15.6801
ERR13927574.27944	1560	20.2429
ERR13927574.27945	1551	14.8504
ERR13927574.27946	1700	18.5124
ERR13927574.27947	1560	19.8205
ERR13927574.27948	1565	20.1323
ERR13927574.27949	1581	18.1531
ERR13927574.27950	1566	18.9042
ERR13927574.27951	1549	16.1885
ERR13927574.27952	1567	17.9649
ERR13927574.27953	1587	17.1909
ERR13927574.27954	1547	16.5902
ERR13927574.27955	1587	17.3541
ERR13927574.27956	1590	22.1975
ERR13927574.27957	1606	20.3966
ERR13927574.27958	1559	15.5035
ERR13927574.27959	1554	17.4833
ERR13927574.27960	1580	15.7513
ERR13927574.27961	1604	16.0299
ERR13927574.27962	1556	16.2166
ERR13927574.27963	1570	16.6968
ERR13927574.27964	1575	17.9543
ERR13927574.27965	1566	17.4502
ERR13927574.27966	1591	20.6524
ERR13927574.27967	1610	17.1671
ERR13927574.27968	1552	18.5097
ERR13927574.27969	1571	20.1400
ERR13927574.27970	1634	16.8654
ERR13927574.27971	1654	17.0018
ERR13927574.27972	1547	18.3439
ERR13927574.27973	1587	20.6585
ERR13927574.27974	1561	19.3024
ERR13927574.27975	1574	18.4365
ERR13927574.27976	1588	19.7777
ERR13927574.27977	1571	18.9720
ERR13927574.27978	1609	19.7700
ERR13927574.27979	1561	18.5022
ERR13927574.27980	1590	16.2314
ERR13927574.27981	1561	18.8584
ERR13927574.27982	1574	18.4587
ERR13927574.27983	1574	20.3990
ERR13927574.27984	382	17.2880
ERR13927574.27985	1551	15.3907
ERR13927574.27986	1609	21.8950
ERR13927574.27987	1601	19.0743
ERR13927574.27988	1577	18.1122
ERR13927574.27989	1554	16.2683
ERR13927574.27990	1559	17.3784
ERR13927574.27991	1545	16.1560
ERR13927574.27992	1580	16.0551
ERR13927574.27993	1563	19.6366
ERR13927574.27994	1591	17.5242
ERR13927574.27995	1589	20.4097
ERR13927574.27996	1615	15.5319
ERR13927574.27997	1604	17.8996
ERR13927574.27998	1599	16.5184
ERR13927574.27999	1602	19.4838
ERR13927574.28000	1579	22.1374
ERR13927574.28001	1591	16.1037
ERR13927574.28002	1552	18.7481
ERR13927574.28003	1563	21.2790
ERR13927574.28004	1527	16.5842
ERR13927574.28005	1549	19.2072
ERR13927574.28006	1303	18.8104
ERR13927574.28007	1589	19.5708
ERR13927574.28008	1524	18.8950
ERR13927574.28009	1593	17.7972
ERR13927574.28010	1616	20.6986
ERR13927574.28011	1590	21.3013
ERR13927574.28012	1586	15.4199
ERR13927574.28013	1539	14.3067
ERR13927574.28014	1587	15.9427
ERR13927574.28015	1551	18.2734
ERR13927574.28016	1042	19.5912
ERR13927574.28017	1551	17.0155
ERR13927574.28018	1581	18.4927
ERR13927574.28019	1570	14.4541
ERR13927574.28020	1583	18.7157
ERR13927574.28021	1575	21.1238
ERR13927574.28022	1602	18.2403
ERR13927574.28023	1585	21.1445
ERR13927574.28024	1593	20.1030
ERR13927574.28025	1563	18.9750
ERR13927574.28026	1561	17.8924
ERR13927574.28027	1633	17.1825
ERR13927574.28028	1576	18.7602
ERR13927574.28029	1584	19.4205
ERR13927574.28030	1608	22.9614
ERR13927574.28031	1543	14.8211
ERR13927574.28032	1576	18.3972
ERR13927574.28033	1523	16.6441
ERR13927574.28034	1604	19.3105
ERR13927574.28035	1532	17.0901
ERR13927574.28036	500	17.6760
ERR13927574.28037	950	19.4558
ERR13927574.28038	1561	17.8808
ERR13927574.28039	1604	16.8547
ERR13927574.28040	1557	17.2871
ERR13927574.28041	1558	14.7959
ERR13927574.28042	1578	16.3169
ERR13927574.28043	1436	19.6790
ERR13927574.28044	1534	18.0652
ERR13927574.28045	1551	17.2063
ERR13927574.28046	1567	21.0402
ERR13927574.28047	1582	17.3982
ERR13927574.28048	501	13.6407
ERR13927574.28049	1615	17.6978
ERR13927574.28050	1609	19.8800
ERR13927574.28051	215	17.8093
ERR13927574.28052	1615	20.0111
ERR13927574.28053	1613	18.6466
ERR13927574.28054	1608	18.3060
ERR13927574.28055	1570	17.8057
ERR13927574.28056	1582	19.8123
ERR13927574.28057	1605	19.0361
ERR13927574.28058	1567	18.7122
ERR13927574.28059	1503	17.9568
ERR13927574.28060	1561	20.4606
ERR13927574.28061	1607	19.5613
ERR13927574.28062	1526	19.3113
ERR13927574.28063	1562	15.0973
ERR13927574.28064	1597	18.5291
ERR13927574.28065	1557	16.6307
ERR13927574.28066	1622	21.0173
ERR13927574.28067	1580	17.5968
ERR13927574.28068	1564	18.2308
ERR13927574.28069	1375	16.4364
ERR13927574.28070	1568	19.9987
ERR13927574.28071	1567	20.0198
ERR13927574.28072	1567	18.3318
ERR13927574.28073	1574	19.5673
ERR13927574.28074	1567	17.4199
ERR13927574.28075	1552	14.9291
ERR13927574.28076	1590	14.7748
ERR13927574.28077	1562	19.4008
ERR13927574.28078	1567	18.5022
ERR13927574.28079	375	20.5547
ERR13927574.28080	1579	16.2489
ERR13927574.28081	1535	17.3303
ERR13927574.28082	1529	17.8829
ERR13927574.28083	1586	18.4483
ERR13927574.28084	1558	15.5507
ERR13927574.28085	1569	15.8496
ERR13927574.28086	1651	19.3059
ERR13927574.28087	1637	16.2205
ERR13927574.28088	1561	15.9846
ERR13927574.28089	1557	18.4682
ERR13927574.28090	1583	18.0575
ERR13927574.28091	1520	17.2066
ERR13927574.28092	1586	18.2043
ERR13927574.28093	1584	18.8283
ERR13927574.28094	1592	19.2745
ERR13927574.28095	1580	19.4899
ERR13927574.28096	1553	15.6922
ERR13927574.28097	1242	16.1506
ERR13927574.28098	1543	16.1458
ERR13927574.28099	1584	15.4564
ERR13927574.28100	1573	17.6618
ERR13927574.28101	1591	16.0509
ERR13927574.28102	1555	18.0077
ERR13927574.28103	1585	18.6934
ERR13927574.28104	1599	19.1220
ERR13927574.28105	1590	19.1094
ERR13927574.28106	1532	17.8349
ERR13927574.28107	1618	16.1786
ERR13927574.28108	1566	19.7088
ERR13927574.28109	1778	20.6963
ERR13927574.28110	1611	19.6120
ERR13927574.28111	1595	19.9674
ERR13927574.28112	1603	19.6974
ERR13927574.28113	864	16.1528
ERR13927574.28114	1533	20.1494
ERR13927574.28115	1611	17.5785
ERR13927574.28116	1596	18.5388
ERR13927574.28117	1610	18.4149
ERR13927574.28118	1539	18.8622
ERR13927574.28119	1531	17.9412
ERR13927574.28120	1533	17.3359
ERR13927574.28121	1609	17.7296
ERR13927574.28122	1594	20.2829
ERR13927574.28123	1011	16.8012
ERR13927574.28124	1589	17.8175
ERR13927574.28125	1563	21.0697
ERR13927574.28126	1637	19.6738
ERR13927574.28127	1603	17.3475
ERR13927574.28128	1612	20.9423
ERR13927574.28129	1545	15.5877
ERR13927574.28130	1626	16.9625
ERR13927574.28131	710	18.4268
ERR13927574.28132	1613	21.4526
ERR13927574.28133	1616	20.4913
ERR13927574.28134	1618	20.4536
ERR13927574.28135	1585	15.3041
ERR13927574.28136	1600	20.0375
ERR13927574.28137	1603	18.3706
ERR13927574.28138	1609	20.5606
ERR13927574.28139	1558	15.7997
ERR13927574.28140	1596	16.7368
ERR13927574.28141	1557	20.4310
ERR13927574.28142	1600	18.3125
ERR13927574.28143	1573	19.5753
ERR13927574.28144	1584	16.8586
ERR13927574.28145	1591	18.2319
ERR13927574.28146	1434	16.0132
ERR13927574.28147	1573	17.1964
ERR13927574.28148	1605	19.6710
ERR13927574.28149	1596	17.6974
ERR13927574.28150	1580	18.6690
ERR13927574.28151	1594	22.1255
ERR13927574.28152	1593	16.7326
ERR13927574.28153	1588	18.2651
ERR13927574.28154	1538	15.2354
ERR13927574.28155	1607	16.0504
ERR13927574.28156	1569	16.0497
ERR13927574.28157	1601	19.5253
ERR13927574.28158	1565	20.6153
ERR13927574.28159	1548	18.6996
ERR13927574.28160	1434	15.2559
ERR13927574.28161	2137	14.3243
ERR13927574.28162	1629	18.9435
ERR13927574.28163	1576	18.8382
ERR13927574.28164	1607	18.9620
ERR13927574.28165	1626	19.1150
ERR13927574.28166	1573	17.0776
ERR13927574.28167	1560	16.4654
ERR13927574.28168	1541	18.5750
ERR13927574.28169	1594	20.2422
ERR13927574.28170	1567	18.0300
ERR13927574.28171	1555	16.5145
ERR13927574.28172	1552	15.4659
ERR13927574.28173	1612	20.9225
ERR13927574.28174	1599	19.3102
ERR13927574.28175	1590	19.6088
ERR13927574.28176	1538	20.5163
ERR13927574.28177	1571	20.3596
ERR13927574.28178	1580	18.6918
ERR13927574.28179	1604	20.5362
ERR13927574.28180	1574	21.1226
ERR13927574.28181	234	17.9017
ERR13927574.28182	1584	14.5486
ERR13927574.28183	1534	16.4544
ERR13927574.28184	1720	17.7471
ERR13927574.28185	1543	16.2067
ERR13927574.28186	1575	21.1181
ERR13927574.28187	1623	20.1220
ERR13927574.28188	1427	17.6573
ERR13927574.28189	1545	17.0000
ERR13927574.28190	1582	19.0051
ERR13927574.28191	1541	17.6613
ERR13927574.28192	1583	20.0644
ERR13927574.28193	1597	21.1046
ERR13927574.28194	1569	17.6514
ERR13927574.28195	1538	17.3518
ERR13927574.28196	511	19.2622
ERR13927574.28197	1631	20.0448
ERR13927574.28198	1625	16.8148
ERR13927574.28199	1567	19.0351
ERR13927574.28200	1560	17.3526
ERR13927574.28201	1460	14.1651
ERR13927574.28202	1603	20.5053
ERR13927574.28203	1628	19.3986
ERR13927574.28204	1590	16.5887
ERR13927574.28205	1620	14.0944
ERR13927574.28206	1571	16.0115
ERR13927574.28207	1562	20.1056
ERR13927574.28208	1597	15.6976
ERR13927574.28209	1599	19.8806
ERR13927574.28210	1553	18.2975
ERR13927574.28211	1609	17.0360
ERR13927574.28212	1610	20.3143
ERR13927574.28213	1577	18.8244
ERR13927574.28214	1555	14.2277
ERR13927574.28215	1549	19.7515
ERR13927574.28216	1608	22.6940
ERR13927574.28217	1614	20.6041
ERR13927574.28218	1591	17.0855
ERR13927574.28219	1601	17.5272
ERR13927574.28220	1564	17.4086
ERR13927574.28221	430	17.6721
ERR13927574.28222	1576	18.2456
ERR13927574.28223	1570	21.3459
ERR13927574.28224	1505	17.2159
ERR13927574.28225	1614	20.7515
ERR13927574.28226	1580	18.0335
ERR13927574.28227	1559	17.3868
ERR13927574.28228	1601	20.1724
ERR13927574.28229	1601	15.5122
ERR13927574.28230	1562	20.9456
ERR13927574.28231	212	13.0519
ERR13927574.28232	1553	19.5673
ERR13927574.28233	1561	19.1749
ERR13927574.28234	1547	19.6025
ERR13927574.28235	1585	16.0555
ERR13927574.28236	1584	15.7159
ERR13927574.28237	1561	18.9283
ERR13927574.28238	1587	20.2187
ERR13927574.28239	1553	18.2164
ERR13927574.28240	1592	17.2506
ERR13927574.28241	1580	18.0658
ERR13927574.28242	1576	17.8572
ERR13927574.28243	1584	20.6938
ERR13927574.28244	1592	16.5138
ERR13927574.28245	1610	19.9646
ERR13927574.28246	1604	18.1577
ERR13927574.28247	1484	15.6341
ERR13927574.28248	1600	15.4019
ERR13927574.28249	1606	20.7790
ERR13927574.28250	1618	18.4512
ERR13927574.28251	1569	18.6342
ERR13927574.28252	1605	16.8741
ERR13927574.28253	1702	18.8373
ERR13927574.28254	1597	20.5999
ERR13927574.28255	1607	17.4561
ERR13927574.28256	1521	18.1229
ERR13927574.28257	1602	20.2647
ERR13927574.28258	1570	20.4930
ERR13927574.28259	1623	16.4886
ERR13927574.28260	1563	17.2885
ERR13927574.28261	1605	18.5427
ERR13927574.28262	1583	21.0903
ERR13927574.28263	1578	15.4632
ERR13927574.28264	1623	13.2526
ERR13927574.28265	1616	19.8540
ERR13927574.28266	1606	20.8369
ERR13927574.28267	1606	17.5791
ERR13927574.28268	1567	19.4167
ERR13927574.28269	1550	21.6710
ERR13927574.28270	1604	19.4246
ERR13927574.28271	1557	15.7726
ERR13927574.28272	1600	16.0637
ERR13927574.28273	1600	15.2744
ERR13927574.28274	1529	18.8208
ERR13927574.28275	1035	21.2831
ERR13927574.28276	643	18.6407
ERR13927574.28277	1536	15.9668
ERR13927574.28278	1608	16.6698
ERR13927574.28279	1566	20.2733
ERR13927574.28280	1544	16.0402
ERR13927574.28281	1560	18.2564
