read_id	length	mean_Q
ERR13927339.1	1581	18.5718
ERR13927339.2	1569	19.3244
ERR13927339.3	1612	20.4460
ERR13927339.4	1574	18.4536
ERR13927339.5	1573	18.2734
ERR13927339.6	1585	17.2536
ERR13927339.7	364	23.4038
ERR13927339.8	1540	15.6351
ERR13927339.9	1572	19.2290
ERR13927339.10	1610	18.8335
ERR13927339.11	1583	22.1642
ERR13927339.12	1595	20.9473
ERR13927339.13	1564	17.0844
ERR13927339.14	1591	18.7373
ERR13927339.15	1550	18.7290
ERR13927339.16	1565	14.0492
ERR13927339.17	1574	15.9250
ERR13927339.18	902	19.0643
ERR13927339.19	1548	16.6486
ERR13927339.20	1065	18.7446
ERR13927339.21	1575	17.6825
ERR13927339.22	1263	16.6263
ERR13927339.23	1559	18.8602
ERR13927339.24	1596	19.8070
ERR13927339.25	1567	20.0804
ERR13927339.26	1571	17.3285
ERR13927339.27	1574	19.0280
ERR13927339.28	1543	17.2145
ERR13927339.29	1575	19.0076
ERR13927339.30	1582	18.3628
ERR13927339.31	1607	14.4095
ERR13927339.32	1373	18.4108
ERR13927339.33	1550	15.2994
ERR13927339.34	1575	18.2965
ERR13927339.35	1564	16.6624
ERR13927339.36	1584	17.4994
ERR13927339.37	1554	16.8443
ERR13927339.38	1559	14.9641
ERR13927339.39	1543	17.2735
ERR13927339.40	1546	20.0091
ERR13927339.41	1585	19.1924
ERR13927339.42	1605	18.1502
ERR13927339.43	1585	20.5350
ERR13927339.44	1562	17.2446
ERR13927339.45	1575	19.7346
ERR13927339.46	1494	17.1794
ERR13927339.47	1583	16.0430
ERR13927339.48	1580	17.7766
ERR13927339.49	1584	18.6458
ERR13927339.50	1625	20.0732
ERR13927339.51	1577	20.4845
ERR13927339.52	308	11.6201
ERR13927339.53	1537	17.8595
ERR13927339.54	1594	17.1186
ERR13927339.55	1590	19.2358
ERR13927339.56	1597	21.2630
ERR13927339.57	1562	16.6197
ERR13927339.58	1483	18.9609
ERR13927339.59	1569	19.5322
ERR13927339.60	1605	19.8723
ERR13927339.61	1595	19.0815
ERR13927339.62	1571	21.2304
ERR13927339.63	1536	15.8333
ERR13927339.64	1586	20.1393
ERR13927339.65	1602	18.0187
ERR13927339.66	1633	19.4721
ERR13927339.67	1622	19.1757
ERR13927339.68	1557	19.9576
ERR13927339.69	1595	17.2677
ERR13927339.70	1628	20.2426
ERR13927339.71	1569	18.2747
ERR13927339.72	1549	17.5119
ERR13927339.73	1547	18.6277
ERR13927339.74	1542	14.8359
ERR13927339.75	1599	15.5385
ERR13927339.76	1600	19.3425
ERR13927339.77	1578	16.9772
ERR13927339.78	1538	17.6599
ERR13927339.79	1547	18.3032
ERR13927339.80	1511	14.5050
ERR13927339.81	1192	19.0218
ERR13927339.82	1510	18.7424
ERR13927339.83	1558	18.4448
ERR13927339.84	1540	18.1338
ERR13927339.85	1585	19.7634
ERR13927339.86	1566	18.6501
ERR13927339.87	1586	19.6614
ERR13927339.88	1565	16.7751
ERR13927339.89	1560	18.5096
ERR13927339.90	1564	17.6752
ERR13927339.91	1594	19.8513
ERR13927339.92	1562	17.9168
ERR13927339.93	1583	17.9311
ERR13927339.94	1527	16.6509
ERR13927339.95	1596	16.1147
ERR13927339.96	1539	16.0929
ERR13927339.97	1626	19.5240
ERR13927339.98	1583	18.5622
ERR13927339.99	1562	18.5871
ERR13927339.100	1576	19.0070
ERR13927339.101	1546	15.7387
ERR13927339.102	1582	19.0057
ERR13927339.103	1574	18.7484
ERR13927339.104	1596	20.1974
ERR13927339.105	1624	18.7703
ERR13927339.106	1452	14.6040
ERR13927339.107	1574	16.0146
ERR13927339.108	1560	16.0179
ERR13927339.109	1566	16.8716
ERR13927339.110	1624	18.8725
ERR13927339.111	1547	14.3413
ERR13927339.112	1561	20.0737
ERR13927339.113	1546	17.3124
ERR13927339.114	1586	18.9477
ERR13927339.115	1551	19.4823
ERR13927339.116	1559	15.4926
ERR13927339.117	1158	21.8826
ERR13927339.118	816	14.0846
ERR13927339.119	1555	19.5190
ERR13927339.120	1562	17.2823
ERR13927339.121	1585	18.7893
ERR13927339.122	1580	15.3804
ERR13927339.123	773	14.4282
ERR13927339.124	1531	17.7244
ERR13927339.125	1578	17.0425
ERR13927339.126	1562	17.7222
ERR13927339.127	1564	14.9150
ERR13927339.128	1554	17.5579
ERR13927339.129	1557	15.2447
ERR13927339.130	1564	18.8063
ERR13927339.131	1061	18.9123
ERR13927339.132	1547	15.3769
ERR13927339.133	1555	19.8489
ERR13927339.134	1559	18.8743
ERR13927339.135	1575	20.2737
ERR13927339.136	1559	20.0629
ERR13927339.137	1584	18.8011
ERR13927339.138	1566	19.4387
ERR13927339.139	1591	17.8913
ERR13927339.140	1547	17.3685
ERR13927339.141	1570	18.5662
ERR13927339.142	1564	15.6586
ERR13927339.143	1556	16.4794
ERR13927339.144	1409	19.6856
ERR13927339.145	1681	18.3593
ERR13927339.146	1516	19.9710
ERR13927339.147	1571	15.4519
ERR13927339.148	1563	16.9597
ERR13927339.149	1560	18.7513
ERR13927339.150	1193	20.4769
ERR13927339.151	1605	19.0106
ERR13927339.152	1556	17.2950
ERR13927339.153	1599	15.5697
ERR13927339.154	1592	20.0609
ERR13927339.155	1563	17.0678
ERR13927339.156	1589	17.9383
ERR13927339.157	1529	15.8836
ERR13927339.158	1595	17.2288
ERR13927339.159	1560	17.4955
ERR13927339.160	1543	16.9034
ERR13927339.161	1585	19.8984
ERR13927339.162	1529	16.5226
ERR13927339.163	1596	15.9311
ERR13927339.164	1566	19.7395
ERR13927339.165	1567	16.5699
ERR13927339.166	1602	18.8652
ERR13927339.167	1582	18.7434
ERR13927339.168	1574	18.3196
ERR13927339.169	1545	18.4615
ERR13927339.170	1541	17.2206
ERR13927339.171	1564	17.0569
ERR13927339.172	1533	14.4057
ERR13927339.173	1531	19.7237
ERR13927339.174	1553	16.3381
ERR13927339.175	1602	20.1417
ERR13927339.176	1560	18.5878
ERR13927339.177	1563	15.7742
ERR13927339.178	1567	17.2661
ERR13927339.179	1539	15.6504
ERR13927339.180	1558	17.2689
ERR13927339.181	1556	15.8278
ERR13927339.182	1571	18.9873
ERR13927339.183	1526	15.2005
ERR13927339.184	1545	16.9612
ERR13927339.185	1600	15.3000
ERR13927339.186	1619	18.9135
ERR13927339.187	920	16.3880
ERR13927339.188	1562	16.3464
ERR13927339.189	1569	15.5698
ERR13927339.190	1590	18.4302
ERR13927339.191	1581	19.0898
ERR13927339.192	1560	19.7244
ERR13927339.193	1570	16.7446
ERR13927339.194	1579	21.5712
ERR13927339.195	1567	21.7039
ERR13927339.196	1580	16.2418
ERR13927339.197	1575	17.7422
ERR13927339.198	1620	18.1586
ERR13927339.199	1554	20.6030
ERR13927339.200	1537	17.0065
ERR13927339.201	1564	18.1029
ERR13927339.202	1605	19.0903
ERR13927339.203	1574	19.1086
ERR13927339.204	1551	17.5590
ERR13927339.205	1584	19.3150
ERR13927339.206	1594	20.8689
ERR13927339.207	1548	19.6647
ERR13927339.208	1546	15.9094
ERR13927339.209	1538	17.6014
ERR13927339.210	1613	15.4117
ERR13927339.211	1608	22.7593
ERR13927339.212	1614	20.0898
ERR13927339.213	1562	20.4072
ERR13927339.214	1553	17.7167
ERR13927339.215	1556	16.0900
ERR13927339.216	1578	20.8314
ERR13927339.217	1437	15.9743
ERR13927339.218	1569	18.7980
ERR13927339.219	1565	19.5233
ERR13927339.220	1562	16.3969
ERR13927339.221	1570	17.8943
ERR13927339.222	1566	17.7816
ERR13927339.223	1560	17.1910
ERR13927339.224	1577	19.0082
ERR13927339.225	1553	18.4314
ERR13927339.226	1591	18.5795
ERR13927339.227	1518	21.7398
ERR13927339.228	1560	17.2904
ERR13927339.229	1550	19.1026
ERR13927339.230	1556	20.0456
ERR13927339.231	1578	18.7484
ERR13927339.232	1544	15.2500
ERR13927339.233	1505	20.2306
ERR13927339.234	1554	16.2851
ERR13927339.235	1580	18.8399
ERR13927339.236	1534	16.4061
ERR13927339.237	1543	19.0331
ERR13927339.238	1692	17.0780
ERR13927339.239	1549	18.8108
ERR13927339.240	1560	17.8885
ERR13927339.241	1597	19.4872
ERR13927339.242	1451	19.5362
ERR13927339.243	1588	18.6366
ERR13927339.244	1588	20.6839
ERR13927339.245	1570	19.9720
ERR13927339.246	1572	17.7659
ERR13927339.247	1559	16.6414
ERR13927339.248	1648	18.3956
ERR13927339.249	1613	16.6795
ERR13927339.250	1554	20.8443
ERR13927339.251	1581	20.4541
ERR13927339.252	1551	17.0361
ERR13927339.253	1602	16.4719
ERR13927339.254	1564	18.6471
ERR13927339.255	1580	19.0373
ERR13927339.256	1552	18.3305
ERR13927339.257	1565	19.1559
ERR13927339.258	1561	19.5689
ERR13927339.259	1576	17.9201
ERR13927339.260	1598	18.1183
ERR13927339.261	1569	19.8247
ERR13927339.262	1571	19.4589
ERR13927339.263	1600	21.4356
ERR13927339.264	1557	16.6172
ERR13927339.265	1567	17.7856
ERR13927339.266	1533	16.4599
ERR13927339.267	1607	15.6285
ERR13927339.268	1606	14.7204
ERR13927339.269	1584	19.7967
ERR13927339.270	1562	15.1357
ERR13927339.271	1562	16.8335
ERR13927339.272	1549	19.8612
ERR13927339.273	1568	17.5459
ERR13927339.274	1555	19.1994
ERR13927339.275	1241	14.3505
ERR13927339.276	1551	18.8981
ERR13927339.277	1536	16.8874
ERR13927339.278	1586	19.4666
ERR13927339.279	1547	15.1719
ERR13927339.280	1560	15.7256
ERR13927339.281	1576	17.7862
ERR13927339.282	1577	19.1623
ERR13927339.283	1594	17.7083
ERR13927339.284	1543	16.9851
ERR13927339.285	1586	20.3064
ERR13927339.286	1568	15.8068
ERR13927339.287	1607	17.8227
ERR13927339.288	1579	21.3819
ERR13927339.289	1583	17.4908
ERR13927339.290	1544	18.0350
ERR13927339.291	1624	16.4477
ERR13927339.292	1595	17.9273
ERR13927339.293	1507	14.9728
ERR13927339.294	262	14.7214
ERR13927339.295	1572	14.6062
ERR13927339.296	1609	20.5594
ERR13927339.297	1521	18.7640
ERR13927339.298	1574	19.7510
ERR13927339.299	1567	16.4805
ERR13927339.300	1549	22.0839
ERR13927339.301	1523	19.9593
ERR13927339.302	1547	19.1099
ERR13927339.303	1568	20.9145
ERR13927339.304	1568	17.7513
ERR13927339.305	1564	16.5083
ERR13927339.306	1561	19.3344
ERR13927339.307	1590	17.2252
ERR13927339.308	1591	18.5871
ERR13927339.309	1553	18.1500
ERR13927339.310	1563	18.4607
ERR13927339.311	1583	20.0246
ERR13927339.312	1541	16.3634
ERR13927339.313	1600	19.0669
ERR13927339.314	1587	18.8179
ERR13927339.315	1601	18.8907
ERR13927339.316	1585	17.3401
ERR13927339.317	1574	20.7706
ERR13927339.318	1542	18.4825
ERR13927339.319	1555	18.4444
ERR13927339.320	1619	19.8252
ERR13927339.321	1541	21.1862
ERR13927339.322	1548	18.1647
ERR13927339.323	1551	15.8769
ERR13927339.324	1588	19.5019
ERR13927339.325	1593	17.9950
ERR13927339.326	1601	15.0612
ERR13927339.327	1575	20.6610
ERR13927339.328	1560	18.3250
ERR13927339.329	1605	19.6841
ERR13927339.330	1539	17.1884
ERR13927339.331	1605	19.5564
ERR13927339.332	1560	18.7468
ERR13927339.333	1576	20.2037
ERR13927339.334	654	19.5306
ERR13927339.335	1602	19.0437
ERR13927339.336	1556	20.0251
ERR13927339.337	1611	17.3191
ERR13927339.338	1553	16.9086
ERR13927339.339	1559	19.3983
ERR13927339.340	1557	19.1741
ERR13927339.341	1548	19.0536
ERR13927339.342	1595	19.7824
ERR13927339.343	1498	15.0547
ERR13927339.344	1593	15.8217
ERR13927339.345	1544	16.8880
ERR13927339.346	1603	18.6681
ERR13927339.347	1623	21.1793
ERR13927339.348	1564	16.1074
ERR13927339.349	1567	19.3976
ERR13927339.350	1574	19.5146
ERR13927339.351	1572	17.7716
ERR13927339.352	1526	15.0852
ERR13927339.353	1580	19.4873
ERR13927339.354	1569	20.2320
ERR13927339.355	1589	19.4733
ERR13927339.356	1599	15.4215
ERR13927339.357	1602	19.0574
ERR13927339.358	1571	20.0987
ERR13927339.359	1584	18.4640
ERR13927339.360	1568	18.6212
ERR13927339.361	1560	20.6506
ERR13927339.362	1578	19.4271
ERR13927339.363	189	17.3968
ERR13927339.364	1598	21.4318
ERR13927339.365	1631	15.9847
ERR13927339.366	1567	15.8768
ERR13927339.367	1598	14.4687
ERR13927339.368	1576	18.0546
ERR13927339.369	1606	19.9533
ERR13927339.370	1590	16.0836
ERR13927339.371	1600	15.4462
ERR13927339.372	1165	18.9082
ERR13927339.373	1534	15.8272
ERR13927339.374	1569	18.6373
ERR13927339.375	1578	20.1946
ERR13927339.376	1566	17.7069
ERR13927339.377	1576	17.5476
ERR13927339.378	1554	18.4402
ERR13927339.379	1520	15.4947
ERR13927339.380	1571	17.0267
ERR13927339.381	1557	17.2897
ERR13927339.382	1578	17.4417
ERR13927339.383	1580	17.7734
ERR13927339.384	1554	22.7130
ERR13927339.385	1577	18.3976
ERR13927339.386	1607	19.7828
ERR13927339.387	1602	19.7634
ERR13927339.388	1581	17.7989
ERR13927339.389	1569	20.1472
ERR13927339.390	1615	20.3263
ERR13927339.391	1568	19.5281
ERR13927339.392	1559	17.2450
ERR13927339.393	1584	16.3415
ERR13927339.394	1531	15.6133
ERR13927339.395	1608	17.4981
ERR13927339.396	1587	18.3428
ERR13927339.397	1583	17.4081
ERR13927339.398	1557	18.3577
ERR13927339.399	1567	22.8673
ERR13927339.400	1566	19.6456
ERR13927339.401	1570	19.7624
ERR13927339.402	1552	17.8821
ERR13927339.403	790	19.1152
ERR13927339.404	1576	19.8579
ERR13927339.405	1573	16.6205
ERR13927339.406	1573	16.0159
ERR13927339.407	1553	18.0914
ERR13927339.408	796	19.4158
ERR13927339.409	1557	20.4271
ERR13927339.410	1578	17.8555
ERR13927339.411	1574	15.7020
ERR13927339.412	1569	20.3856
ERR13927339.413	1554	18.5425
ERR13927339.414	1611	18.8963
ERR13927339.415	1597	19.4101
ERR13927339.416	1570	15.9325
ERR13927339.417	1574	18.8488
ERR13927339.418	1511	17.5890
ERR13927339.419	1571	18.8523
ERR13927339.420	1604	18.3753
ERR13927339.421	201	13.8458
ERR13927339.422	1560	15.1551
ERR13927339.423	1578	19.2123
ERR13927339.424	1573	14.5429
ERR13927339.425	1590	14.1245
ERR13927339.426	1534	17.3566
ERR13927339.427	1615	19.4539
ERR13927339.428	1615	18.6328
ERR13927339.429	1565	18.5540
ERR13927339.430	1562	19.5922
ERR13927339.431	1529	17.4147
ERR13927339.432	1575	17.1835
ERR13927339.433	1597	19.2655
ERR13927339.434	1588	18.9037
ERR13927339.435	1572	20.2602
ERR13927339.436	1578	20.4373
ERR13927339.437	1539	13.7362
ERR13927339.438	1552	15.8041
ERR13927339.439	1518	13.8610
ERR13927339.440	1545	16.7832
ERR13927339.441	1557	15.7418
ERR13927339.442	1571	19.3017
ERR13927339.443	1568	16.0587
ERR13927339.444	1565	20.7834
ERR13927339.445	1574	15.8590
ERR13927339.446	1597	18.5254
ERR13927339.447	1570	20.2803
ERR13927339.448	1571	19.4488
ERR13927339.449	1583	18.6203
ERR13927339.450	1582	20.3489
ERR13927339.451	1600	17.1681
ERR13927339.452	1553	15.9008
ERR13927339.453	1598	18.0588
ERR13927339.454	1577	19.5549
ERR13927339.455	1540	22.3435
ERR13927339.456	1591	15.8718
ERR13927339.457	1569	17.7457
ERR13927339.458	1568	18.3635
ERR13927339.459	1585	20.2315
ERR13927339.460	1515	18.1584
ERR13927339.461	1567	16.2278
ERR13927339.462	1514	14.1678
ERR13927339.463	1589	14.9037
ERR13927339.464	1576	18.6421
ERR13927339.465	1556	19.4338
ERR13927339.466	1561	17.7527
ERR13927339.467	1556	17.8792
ERR13927339.468	1577	15.2999
ERR13927339.469	1574	17.1429
ERR13927339.470	1592	16.0603
ERR13927339.471	1592	17.6778
ERR13927339.472	1581	20.7894
ERR13927339.473	1611	17.9255
ERR13927339.474	1561	20.1717
ERR13927339.475	1423	22.1630
ERR13927339.476	1604	21.1515
ERR13927339.477	1610	21.4851
ERR13927339.478	1596	16.9398
ERR13927339.479	1611	20.0987
ERR13927339.480	1554	15.4073
ERR13927339.481	1574	17.2618
ERR13927339.482	1573	19.9835
ERR13927339.483	1557	20.7579
ERR13927339.484	1589	15.9660
ERR13927339.485	1581	20.9918
ERR13927339.486	1568	15.7589
ERR13927339.487	1608	16.8228
ERR13927339.488	1559	15.8191
ERR13927339.489	1601	19.4528
ERR13927339.490	1553	15.8860
ERR13927339.491	1575	17.5524
ERR13927339.492	1578	17.7497
ERR13927339.493	1560	20.3949
ERR13927339.494	1585	17.7521
ERR13927339.495	1558	16.1335
ERR13927339.496	1593	18.2649
ERR13927339.497	1587	17.6503
ERR13927339.498	1599	18.2939
ERR13927339.499	1593	19.8738
ERR13927339.500	1571	20.4819
ERR13927339.501	1570	19.0446
ERR13927339.502	1560	17.7231
ERR13927339.503	1542	16.6550
ERR13927339.504	1583	15.6753
ERR13927339.505	1567	15.3197
ERR13927339.506	1565	20.3930
ERR13927339.507	1565	21.3636
ERR13927339.508	1574	21.2440
ERR13927339.509	1555	15.0752
ERR13927339.510	1578	20.5729
ERR13927339.511	1573	14.4145
ERR13927339.512	1599	17.7686
ERR13927339.513	1585	20.0883
ERR13927339.514	1607	15.8942
ERR13927339.515	1607	19.0672
ERR13927339.516	1584	19.7803
ERR13927339.517	1621	22.1351
ERR13927339.518	1555	18.0354
ERR13927339.519	1560	19.6551
ERR13927339.520	1615	15.8898
ERR13927339.521	1230	19.0195
ERR13927339.522	1563	16.4773
ERR13927339.523	1554	19.0386
ERR13927339.524	1547	18.8365
ERR13927339.525	1402	20.0328
ERR13927339.526	1576	17.6313
ERR13927339.527	1622	16.1011
ERR13927339.528	1620	16.7741
ERR13927339.529	1578	19.9493
ERR13927339.530	1556	20.6504
ERR13927339.531	1595	15.3467
ERR13927339.532	1581	18.8735
ERR13927339.533	1561	16.5631
ERR13927339.534	1545	15.2239
ERR13927339.535	2875	15.3071
ERR13927339.536	1614	20.2454
ERR13927339.537	1591	20.4444
ERR13927339.538	1546	15.4082
ERR13927339.539	1574	18.2891
ERR13927339.540	1549	16.9245
ERR13927339.541	1581	20.6395
ERR13927339.542	1571	20.5939
ERR13927339.543	1572	17.1902
ERR13927339.544	1567	16.0938
ERR13927339.545	1587	16.6616
ERR13927339.546	1615	19.0743
ERR13927339.547	1609	17.1237
ERR13927339.548	1554	19.4402
ERR13927339.549	1585	14.1596
ERR13927339.550	1555	17.9691
ERR13927339.551	1625	20.7015
ERR13927339.552	1552	15.6379
ERR13927339.553	1581	16.8286
ERR13927339.554	1614	17.3488
ERR13927339.555	1577	17.7368
ERR13927339.556	1568	16.3559
ERR13927339.557	1559	20.0507
ERR13927339.558	1564	17.3964
ERR13927339.559	1560	18.2628
ERR13927339.560	337	20.5638
ERR13927339.561	1565	19.1700
ERR13927339.562	1585	19.8757
ERR13927339.563	1565	20.0971
ERR13927339.564	1591	20.9906
ERR13927339.565	1574	16.5584
ERR13927339.566	1575	18.8400
ERR13927339.567	1593	18.9441
ERR13927339.568	1566	19.8525
ERR13927339.569	1584	20.0669
ERR13927339.570	1590	19.3642
ERR13927339.571	1530	15.9026
ERR13927339.572	1563	15.9789
ERR13927339.573	1593	17.4539
ERR13927339.574	1559	19.5593
ERR13927339.575	1588	20.2141
ERR13927339.576	1604	20.9545
ERR13927339.577	1557	17.9197
ERR13927339.578	1605	16.0255
ERR13927339.579	1580	17.9975
ERR13927339.580	1596	21.1140
ERR13927339.581	1556	18.1125
ERR13927339.582	1561	16.4337
ERR13927339.583	1613	18.8345
ERR13927339.584	1595	14.0633
ERR13927339.585	1563	19.3289
ERR13927339.586	1551	19.6750
ERR13927339.587	1545	16.3981
ERR13927339.588	1472	19.6590
ERR13927339.589	1559	19.4881
ERR13927339.590	627	16.2982
ERR13927339.591	1524	16.5000
ERR13927339.592	1575	18.1911
ERR13927339.593	1561	18.2095
ERR13927339.594	1565	14.3022
ERR13927339.595	1552	16.2107
ERR13927339.596	1557	19.7527
ERR13927339.597	1575	19.7035
ERR13927339.598	1583	19.9817
ERR13927339.599	1573	19.7692
ERR13927339.600	1590	16.2528
ERR13927339.601	1585	19.1943
ERR13927339.602	1557	16.2203
ERR13927339.603	1619	18.5300
ERR13927339.604	1585	18.7495
ERR13927339.605	1530	17.3235
ERR13927339.606	1585	18.2410
ERR13927339.607	1553	18.8377
ERR13927339.608	1512	19.9001
ERR13927339.609	1558	18.6675
ERR13927339.610	1593	16.1431
ERR13927339.611	1585	19.7905
ERR13927339.612	397	17.7053
ERR13927339.613	1565	19.9272
ERR13927339.614	1572	18.6597
ERR13927339.615	1568	16.3527
ERR13927339.616	1530	16.3451
ERR13927339.617	1579	20.4655
ERR13927339.618	1582	17.9899
ERR13927339.619	1566	17.6105
ERR13927339.620	1655	20.3789
ERR13927339.621	1548	20.0568
ERR13927339.622	1559	14.8788
ERR13927339.623	1573	21.1004
ERR13927339.624	1613	20.0515
ERR13927339.625	1591	16.7322
ERR13927339.626	1621	18.4065
ERR13927339.627	1535	16.2189
ERR13927339.628	1576	19.4962
ERR13927339.629	1600	18.4494
ERR13927339.630	1561	18.2889
ERR13927339.631	1563	17.8151
ERR13927339.632	1551	16.7408
ERR13927339.633	782	16.7980
ERR13927339.634	1562	20.0455
ERR13927339.635	1571	18.7046
ERR13927339.636	1618	15.9747
ERR13927339.637	1518	17.0119
ERR13927339.638	1567	16.8481
ERR13927339.639	1574	17.5915
ERR13927339.640	1585	16.8315
ERR13927339.641	1521	18.8396
ERR13927339.642	1572	19.1997
ERR13927339.643	1606	19.4589
ERR13927339.644	1584	20.5391
ERR13927339.645	1554	15.7555
ERR13927339.646	1530	16.6634
ERR13927339.647	1592	16.2085
ERR13927339.648	1556	15.8850
ERR13927339.649	1533	16.7515
ERR13927339.650	1550	15.8974
ERR13927339.651	1070	16.1336
ERR13927339.652	1555	18.3968
ERR13927339.653	1581	17.4320
ERR13927339.654	1572	18.6902
ERR13927339.655	1567	14.5424
ERR13927339.656	1477	15.5464
ERR13927339.657	1590	17.5987
ERR13927339.658	1585	18.2297
ERR13927339.659	1566	19.2752
ERR13927339.660	1524	15.9501
ERR13927339.661	1553	15.4192
ERR13927339.662	1563	17.9603
ERR13927339.663	1581	18.1676
ERR13927339.664	3304	18.2673
ERR13927339.665	1566	20.3761
ERR13927339.666	1576	19.9727
ERR13927339.667	1565	19.3035
ERR13927339.668	1546	18.0168
ERR13927339.669	1558	18.2163
ERR13927339.670	1566	16.3282
ERR13927339.671	1566	19.2433
ERR13927339.672	1576	20.1187
ERR13927339.673	1608	19.6480
ERR13927339.674	1576	15.2069
ERR13927339.675	1576	19.3458
ERR13927339.676	1538	19.2965
ERR13927339.677	1578	20.2193
ERR13927339.678	1565	19.0933
ERR13927339.679	1530	17.2837
ERR13927339.680	1551	19.4952
ERR13927339.681	1561	21.2819
ERR13927339.682	1529	16.8718
ERR13927339.683	1572	21.4625
ERR13927339.684	1595	17.9166
ERR13927339.685	1576	14.6136
ERR13927339.686	1480	17.8169
ERR13927339.687	1593	14.8336
ERR13927339.688	1578	19.5691
ERR13927339.689	1564	21.3095
ERR13927339.690	1612	20.5112
ERR13927339.691	1560	17.0981
ERR13927339.692	1558	18.4217
ERR13927339.693	1588	15.1077
ERR13927339.694	1592	18.6646
ERR13927339.695	1591	16.8422
ERR13927339.696	1563	18.7166
ERR13927339.697	1576	20.7329
ERR13927339.698	1567	20.3172
ERR13927339.699	1582	19.2528
ERR13927339.700	1569	18.4105
ERR13927339.701	1579	17.7517
ERR13927339.702	1643	19.2325
ERR13927339.703	1578	18.9734
ERR13927339.704	1726	16.8835
ERR13927339.705	1449	14.2705
ERR13927339.706	1571	18.0146
ERR13927339.707	1606	17.8605
ERR13927339.708	1585	15.3886
ERR13927339.709	1575	20.5283
ERR13927339.710	1607	19.1518
ERR13927339.711	1571	19.5442
ERR13927339.712	1561	19.3229
ERR13927339.713	1533	16.1018
ERR13927339.714	1577	19.7647
ERR13927339.715	1574	17.5375
ERR13927339.716	1528	15.4496
ERR13927339.717	1568	19.1244
ERR13927339.718	1604	17.3996
ERR13927339.719	1580	20.2013
ERR13927339.720	1547	15.8610
ERR13927339.721	1552	18.6153
ERR13927339.722	1695	20.0808
ERR13927339.723	1524	16.3602
ERR13927339.724	1564	23.5831
ERR13927339.725	1532	18.0862
ERR13927339.726	1547	20.3355
ERR13927339.727	1574	20.4638
ERR13927339.728	1594	20.0031
ERR13927339.729	1569	17.6902
ERR13927339.730	1573	19.5054
ERR13927339.731	1542	18.5512
ERR13927339.732	1570	19.2083
ERR13927339.733	1568	15.9145
ERR13927339.734	1565	22.1259
ERR13927339.735	1561	16.6739
ERR13927339.736	1574	18.8526
ERR13927339.737	1542	17.2445
ERR13927339.738	1568	14.6837
ERR13927339.739	1604	18.9919
ERR13927339.740	1561	15.2204
ERR13927339.741	1583	19.5035
ERR13927339.742	1566	18.9987
ERR13927339.743	3104	15.9030
ERR13927339.744	1570	18.4236
ERR13927339.745	1040	18.5933
ERR13927339.746	1578	16.3016
ERR13927339.747	1557	17.7566
ERR13927339.748	1610	16.3348
ERR13927339.749	1531	18.7008
ERR13927339.750	1569	19.4277
ERR13927339.751	1577	20.2974
ERR13927339.752	1565	21.3227
ERR13927339.753	3770	17.8748
ERR13927339.754	1596	20.6798
ERR13927339.755	1546	16.9269
ERR13927339.756	1577	21.2315
ERR13927339.757	1587	18.2262
ERR13927339.758	1581	19.8767
ERR13927339.759	1557	15.8394
ERR13927339.760	1572	16.9809
ERR13927339.761	1603	18.5265
ERR13927339.762	1533	20.1272
ERR13927339.763	1534	15.3885
ERR13927339.764	1536	16.0404
ERR13927339.765	1575	19.2698
ERR13927339.766	1605	20.5377
ERR13927339.767	1582	21.1365
ERR13927339.768	1498	16.0834
ERR13927339.769	1578	14.5760
ERR13927339.770	1567	18.8481
ERR13927339.771	1583	19.0404
ERR13927339.772	1570	17.9732
ERR13927339.773	1558	18.1252
ERR13927339.774	1385	16.9018
ERR13927339.775	1588	16.0560
ERR13927339.776	1582	20.5999
ERR13927339.777	1608	19.9359
ERR13927339.778	1591	19.6694
ERR13927339.779	1624	17.8664
ERR13927339.780	1586	19.4830
ERR13927339.781	1597	20.4164
ERR13927339.782	1537	14.6428
ERR13927339.783	1561	16.1371
ERR13927339.784	1556	17.1118
ERR13927339.785	1574	16.5839
ERR13927339.786	1591	20.6223
ERR13927339.787	1578	17.4170
ERR13927339.788	1611	15.6636
ERR13927339.789	1575	18.7460
ERR13927339.790	1435	19.2418
ERR13927339.791	1581	18.3422
ERR13927339.792	1581	20.6894
ERR13927339.793	1585	17.4902
ERR13927339.794	1549	16.8851
ERR13927339.795	991	17.4551
ERR13927339.796	1580	18.1759
ERR13927339.797	1557	17.0880
ERR13927339.798	1580	17.4532
ERR13927339.799	1566	15.9017
ERR13927339.800	1555	20.6039
ERR13927339.801	1579	15.8626
ERR13927339.802	1554	20.4260
ERR13927339.803	1562	16.5096
ERR13927339.804	1575	18.1422
ERR13927339.805	1543	18.9793
ERR13927339.806	1571	15.2852
ERR13927339.807	1552	17.4072
ERR13927339.808	1612	16.6805
ERR13927339.809	1567	20.0338
ERR13927339.810	1565	19.5853
ERR13927339.811	1547	18.8293
ERR13927339.812	1576	19.4714
ERR13927339.813	1606	17.8611
ERR13927339.814	1564	15.4354
ERR13927339.815	1590	18.7528
ERR13927339.816	1574	18.7217
ERR13927339.817	1564	18.8274
ERR13927339.818	1560	19.0032
ERR13927339.819	1592	15.8618
ERR13927339.820	1573	17.6891
ERR13927339.821	1510	16.8821
ERR13927339.822	1592	18.8304
ERR13927339.823	1573	19.3624
ERR13927339.824	1553	19.6735
ERR13927339.825	1596	14.9167
ERR13927339.826	1565	19.1291
ERR13927339.827	1589	17.7338
ERR13927339.828	1628	19.5731
ERR13927339.829	1585	19.8032
ERR13927339.830	1564	18.6061
ERR13927339.831	1604	18.3853
ERR13927339.832	1548	17.8876
ERR13927339.833	1573	18.5887
ERR13927339.834	1596	17.9060
ERR13927339.835	1613	14.4544
ERR13927339.836	1550	19.1684
ERR13927339.837	1541	15.3232
ERR13927339.838	1562	14.8886
ERR13927339.839	1578	16.5805
ERR13927339.840	1559	15.9038
ERR13927339.841	1561	19.9231
ERR13927339.842	1604	17.5000
ERR13927339.843	1549	20.2834
ERR13927339.844	1536	20.1504
ERR13927339.845	1559	16.1899
ERR13927339.846	1577	18.4153
ERR13927339.847	1572	16.5153
ERR13927339.848	1586	16.9174
ERR13927339.849	1573	20.3090
ERR13927339.850	1558	17.1072
ERR13927339.851	969	16.1816
ERR13927339.852	1486	14.0962
ERR13927339.853	1563	16.8932
ERR13927339.854	1580	19.0057
ERR13927339.855	1525	18.0531
ERR13927339.856	1509	18.3797
ERR13927339.857	1540	15.6792
ERR13927339.858	1563	14.4971
ERR13927339.859	1567	21.4939
ERR13927339.860	1536	15.0872
ERR13927339.861	1913	16.9435
ERR13927339.862	1554	14.1274
ERR13927339.863	1590	18.8660
ERR13927339.864	1585	19.6208
ERR13927339.865	1502	14.1838
ERR13927339.866	1549	16.5817
ERR13927339.867	1580	18.4120
ERR13927339.868	1572	20.7920
ERR13927339.869	1541	19.2375
ERR13927339.870	1587	19.6812
ERR13927339.871	1559	17.8185
ERR13927339.872	984	18.8679
ERR13927339.873	1588	16.5214
ERR13927339.874	1549	16.8922
ERR13927339.875	1572	21.6304
ERR13927339.876	1667	19.8998
ERR13927339.877	1572	20.3925
ERR13927339.878	1693	20.8801
ERR13927339.879	1588	19.8457
ERR13927339.880	1580	15.8943
ERR13927339.881	1532	16.8433
ERR13927339.882	1562	17.0474
ERR13927339.883	1586	17.4918
ERR13927339.884	1563	16.9872
ERR13927339.885	1608	15.5473
ERR13927339.886	1580	18.3968
ERR13927339.887	1581	19.0987
ERR13927339.888	1560	17.1250
ERR13927339.889	1579	17.7156
ERR13927339.890	1563	16.4229
ERR13927339.891	1541	14.8222
ERR13927339.892	1554	15.5856
ERR13927339.893	1598	16.6364
ERR13927339.894	1618	16.8999
ERR13927339.895	1536	21.0234
ERR13927339.896	1568	15.8546
ERR13927339.897	1580	18.5981
ERR13927339.898	1589	19.7093
ERR13927339.899	1597	17.5692
ERR13927339.900	1579	15.7954
ERR13927339.901	1554	16.2284
ERR13927339.902	1574	16.3602
ERR13927339.903	1569	16.7757
ERR13927339.904	1108	19.6652
ERR13927339.905	1629	20.8220
ERR13927339.906	1188	16.2231
ERR13927339.907	1561	15.5900
ERR13927339.908	1578	17.3188
ERR13927339.909	1565	18.7201
ERR13927339.910	1581	18.7299
ERR13927339.911	1540	17.2721
ERR13927339.912	1550	16.8523
ERR13927339.913	1574	21.2192
ERR13927339.914	1573	15.9695
ERR13927339.915	1575	18.6508
ERR13927339.916	1643	15.6494
ERR13927339.917	1560	19.8006
ERR13927339.918	1519	16.8703
ERR13927339.919	1616	19.2946
ERR13927339.920	1542	16.7173
ERR13927339.921	1608	18.6859
ERR13927339.922	1548	16.6072
ERR13927339.923	1575	20.4152
ERR13927339.924	1547	16.7188
ERR13927339.925	1578	19.8536
ERR13927339.926	1588	18.4887
ERR13927339.927	1564	15.7730
ERR13927339.928	1573	20.7851
ERR13927339.929	1593	15.3697
ERR13927339.930	1585	21.2877
ERR13927339.931	1547	19.6703
ERR13927339.932	1534	14.8064
ERR13927339.933	1579	20.3179
ERR13927339.934	1572	20.6838
ERR13927339.935	1563	16.6961
ERR13927339.936	1573	19.0254
ERR13927339.937	1573	18.8983
ERR13927339.938	1563	20.3480
ERR13927339.939	1569	19.5398
ERR13927339.940	1512	18.0767
ERR13927339.941	559	17.4007
ERR13927339.942	1586	18.5044
ERR13927339.943	1629	16.3788
ERR13927339.944	1560	20.6192
ERR13927339.945	1570	19.8981
ERR13927339.946	1606	17.1582
ERR13927339.947	1564	15.5575
ERR13927339.948	1565	17.6856
ERR13927339.949	1578	20.7763
ERR13927339.950	1614	18.9405
ERR13927339.951	1562	17.5986
ERR13927339.952	1589	18.8276
ERR13927339.953	1588	21.0466
ERR13927339.954	1551	16.1734
ERR13927339.955	1564	20.5914
ERR13927339.956	1555	18.8090
ERR13927339.957	1579	19.4744
ERR13927339.958	1597	19.2386
ERR13927339.959	1558	18.8729
ERR13927339.960	1575	17.8933
ERR13927339.961	1578	21.9360
ERR13927339.962	1613	18.1909
ERR13927339.963	1593	16.6717
ERR13927339.964	1588	17.1688
ERR13927339.965	1557	15.8709
ERR13927339.966	1552	17.9936
ERR13927339.967	1582	20.8148
ERR13927339.968	1624	14.2703
ERR13927339.969	1544	14.1302
ERR13927339.970	1405	17.9238
ERR13927339.971	1591	17.8498
ERR13927339.972	1559	15.6280
ERR13927339.973	1567	16.2923
ERR13927339.974	1563	15.4741
ERR13927339.975	1599	18.7392
ERR13927339.976	1545	17.7780
ERR13927339.977	1602	21.4407
ERR13927339.978	1621	20.6268
ERR13927339.979	1606	19.4402
ERR13927339.980	1588	18.9238
ERR13927339.981	1566	15.2720
ERR13927339.982	1560	15.9160
ERR13927339.983	1561	18.6624
ERR13927339.984	1564	18.3517
ERR13927339.985	1560	19.7333
ERR13927339.986	1534	17.8774
ERR13927339.987	1594	14.8513
ERR13927339.988	1555	17.4334
ERR13927339.989	1572	19.2545
ERR13927339.990	1572	16.3772
ERR13927339.991	1555	15.3254
ERR13927339.992	1573	18.4927
ERR13927339.993	1589	19.0327
ERR13927339.994	1606	17.5741
ERR13927339.995	1535	20.2651
ERR13927339.996	1555	18.0122
ERR13927339.997	1590	19.7969
ERR13927339.998	1569	16.6565
ERR13927339.999	1578	16.8422
ERR13927339.1000	1586	20.9496
ERR13927339.1001	1601	17.4878
ERR13927339.1002	1549	16.3447
ERR13927339.1003	1564	18.6899
ERR13927339.1004	1543	19.1523
ERR13927339.1005	1571	19.5990
ERR13927339.1006	1564	19.9124
ERR13927339.1007	1576	18.1244
ERR13927339.1008	1576	16.2766
ERR13927339.1009	1561	19.5548
ERR13927339.1010	1586	18.5044
ERR13927339.1011	1531	16.7381
ERR13927339.1012	1565	18.5687
ERR13927339.1013	1569	16.1982
ERR13927339.1014	1601	18.0019
ERR13927339.1015	1562	16.6652
ERR13927339.1016	1523	16.0604
ERR13927339.1017	1569	17.9637
ERR13927339.1018	1528	14.9588
ERR13927339.1019	1593	19.6416
ERR13927339.1020	1620	17.4864
ERR13927339.1021	1625	17.4991
ERR13927339.1022	1543	20.8905
ERR13927339.1023	1419	18.3087
ERR13927339.1024	1566	20.2446
ERR13927339.1025	1604	15.7993
ERR13927339.1026	1579	17.9981
ERR13927339.1027	1565	17.8562
ERR13927339.1028	1579	18.4332
ERR13927339.1029	1552	17.6894
ERR13927339.1030	1581	17.5566
ERR13927339.1031	1560	19.2122
ERR13927339.1032	1596	19.0257
ERR13927339.1033	1263	16.9074
ERR13927339.1034	1584	18.3333
ERR13927339.1035	1542	18.2542
ERR13927339.1036	1552	16.4652
ERR13927339.1037	1610	20.9304
ERR13927339.1038	1554	18.2671
ERR13927339.1039	1585	17.5041
ERR13927339.1040	1574	19.8710
ERR13927339.1041	1578	19.5044
ERR13927339.1042	1556	17.1716
ERR13927339.1043	1557	19.1574
ERR13927339.1044	1593	20.9077
ERR13927339.1045	1625	18.3532
ERR13927339.1046	1608	18.1150
ERR13927339.1047	1588	17.1851
ERR13927339.1048	1516	18.9195
ERR13927339.1049	1541	19.5211
ERR13927339.1050	1587	16.2199
ERR13927339.1051	1565	21.4933
ERR13927339.1052	1580	20.1905
ERR13927339.1053	1571	19.5652
ERR13927339.1054	1575	19.7206
ERR13927339.1055	1556	15.9010
ERR13927339.1056	1567	18.5093
ERR13927339.1057	1592	17.3003
ERR13927339.1058	1595	17.3856
ERR13927339.1059	1517	17.9361
ERR13927339.1060	1549	14.4261
ERR13927339.1061	1556	17.2693
ERR13927339.1062	1556	17.8033
ERR13927339.1063	1569	19.7310
ERR13927339.1064	1611	18.6214
ERR13927339.1065	1546	16.3396
ERR13927339.1066	1538	19.9675
ERR13927339.1067	1545	19.5748
ERR13927339.1068	1556	17.2892
ERR13927339.1069	502	18.1394
ERR13927339.1070	1561	16.3652
ERR13927339.1071	1584	16.5941
ERR13927339.1072	1593	18.4131
ERR13927339.1073	1571	19.5818
ERR13927339.1074	1554	19.3417
ERR13927339.1075	1545	17.8667
ERR13927339.1076	1500	15.1833
ERR13927339.1077	1563	18.3653
ERR13927339.1078	1607	13.6353
ERR13927339.1079	1546	20.0414
ERR13927339.1080	1544	20.1127
ERR13927339.1081	1517	17.3118
ERR13927339.1082	1562	15.4558
ERR13927339.1083	1575	15.4590
ERR13927339.1084	1567	19.3867
ERR13927339.1085	631	14.5911
ERR13927339.1086	1551	15.7047
ERR13927339.1087	1565	16.4447
ERR13927339.1088	1581	17.1784
ERR13927339.1089	1632	16.8266
ERR13927339.1090	1563	19.8868
ERR13927339.1091	1580	19.1127
ERR13927339.1092	1554	19.5277
ERR13927339.1093	1564	18.0192
ERR13927339.1094	1606	17.0523
ERR13927339.1095	1581	17.5762
ERR13927339.1096	1564	18.0153
ERR13927339.1097	1549	15.9819
ERR13927339.1098	1538	15.5130
ERR13927339.1099	1548	16.8534
ERR13927339.1100	1525	18.1226
ERR13927339.1101	1563	16.7965
ERR13927339.1102	1596	15.1034
ERR13927339.1103	1574	16.2560
ERR13927339.1104	1575	19.1492
ERR13927339.1105	1527	16.0452
ERR13927339.1106	1549	17.9516
ERR13927339.1107	270	17.3000
ERR13927339.1108	1568	18.1639
ERR13927339.1109	1576	20.8934
ERR13927339.1110	1595	20.2715
ERR13927339.1111	1594	18.8519
ERR13927339.1112	1635	15.4232
ERR13927339.1113	1586	17.2383
ERR13927339.1114	1576	20.4492
ERR13927339.1115	1583	17.2710
ERR13927339.1116	1583	19.2419
ERR13927339.1117	1565	18.0946
ERR13927339.1118	1572	17.4167
ERR13927339.1119	1551	18.6531
ERR13927339.1120	1597	20.0250
ERR13927339.1121	1553	14.3535
ERR13927339.1122	1536	16.6816
ERR13927339.1123	1517	18.3078
ERR13927339.1124	1515	19.4363
ERR13927339.1125	1557	18.4997
ERR13927339.1126	1526	16.4397
ERR13927339.1127	1534	15.1512
ERR13927339.1128	1571	19.0821
ERR13927339.1129	1574	19.1906
ERR13927339.1130	1576	20.5622
ERR13927339.1131	1558	20.8139
ERR13927339.1132	1588	17.8564
ERR13927339.1133	1517	17.4146
ERR13927339.1134	1544	18.7649
ERR13927339.1135	1591	18.9617
ERR13927339.1136	1629	16.2382
ERR13927339.1137	1513	18.2419
ERR13927339.1138	1504	17.4122
ERR13927339.1139	1580	19.9494
ERR13927339.1140	1611	17.7610
ERR13927339.1141	1536	15.8060
ERR13927339.1142	1512	18.6892
ERR13927339.1143	1596	16.5138
ERR13927339.1144	1584	17.0928
ERR13927339.1145	1559	20.4343
ERR13927339.1146	1579	19.3490
ERR13927339.1147	1510	15.3834
ERR13927339.1148	3057	15.2427
ERR13927339.1149	1528	17.1780
ERR13927339.1150	1559	16.2354
ERR13927339.1151	1573	16.9663
ERR13927339.1152	1584	18.2273
ERR13927339.1153	1608	13.8495
ERR13927339.1154	512	13.8340
ERR13927339.1155	1576	16.4822
ERR13927339.1156	1612	19.4572
ERR13927339.1157	1592	18.9485
ERR13927339.1158	1576	16.4074
ERR13927339.1159	1609	20.5127
ERR13927339.1160	1620	19.2519
ERR13927339.1161	1555	19.8077
ERR13927339.1162	1573	13.7546
ERR13927339.1163	1561	16.6720
ERR13927339.1164	1549	17.9445
ERR13927339.1165	1553	18.8596
ERR13927339.1166	1601	15.4884
ERR13927339.1167	1563	17.6871
ERR13927339.1168	1511	14.1085
ERR13927339.1169	1530	15.5157
ERR13927339.1170	1562	20.2990
ERR13927339.1171	1552	16.2519
ERR13927339.1172	1583	17.9855
ERR13927339.1173	1545	15.5340
ERR13927339.1174	1572	16.2010
ERR13927339.1175	1554	18.7709
ERR13927339.1176	1551	19.4790
ERR13927339.1177	1559	18.2675
ERR13927339.1178	1722	18.5796
ERR13927339.1179	1571	18.2794
ERR13927339.1180	1568	17.7761
ERR13927339.1181	1561	16.3709
ERR13927339.1182	1551	17.2431
ERR13927339.1183	1559	19.9006
ERR13927339.1184	1557	20.3295
ERR13927339.1185	1539	17.7635
ERR13927339.1186	631	17.3645
ERR13927339.1187	1572	15.8486
ERR13927339.1188	1559	19.2919
ERR13927339.1189	1573	19.3617
ERR13927339.1190	1565	16.3847
ERR13927339.1191	1592	18.9435
ERR13927339.1192	1566	19.3953
ERR13927339.1193	1569	18.0472
ERR13927339.1194	1575	16.1975
ERR13927339.1195	1568	19.5440
ERR13927339.1196	1558	17.4756
ERR13927339.1197	1572	16.5490
ERR13927339.1198	1563	19.5214
ERR13927339.1199	1562	20.7151
ERR13927339.1200	1583	20.6469
ERR13927339.1201	1580	18.5430
ERR13927339.1202	1533	17.8128
ERR13927339.1203	1602	18.5449
ERR13927339.1204	1564	19.6125
ERR13927339.1205	1527	19.2115
ERR13927339.1206	1558	18.6438
ERR13927339.1207	1578	16.6692
ERR13927339.1208	1597	18.6744
ERR13927339.1209	1560	17.3654
ERR13927339.1210	1566	19.4547
ERR13927339.1211	1568	18.7506
ERR13927339.1212	1586	18.8770
ERR13927339.1213	1544	20.8187
ERR13927339.1214	1054	18.3482
ERR13927339.1215	1553	16.0464
ERR13927339.1216	1683	18.5312
ERR13927339.1217	1575	19.7321
ERR13927339.1218	1574	17.8888
ERR13927339.1219	1608	21.4285
ERR13927339.1220	1601	19.1287
ERR13927339.1221	1606	18.8188
ERR13927339.1222	1573	18.6154
ERR13927339.1223	1562	21.7350
ERR13927339.1224	1554	17.8295
ERR13927339.1225	1596	19.9198
ERR13927339.1226	1596	19.0764
ERR13927339.1227	1543	17.8840
ERR13927339.1228	1497	16.2278
ERR13927339.1229	1569	21.1523
ERR13927339.1230	1565	20.3374
ERR13927339.1231	1539	17.1332
ERR13927339.1232	1533	14.6464
ERR13927339.1233	1564	20.0569
ERR13927339.1234	1592	20.5892
ERR13927339.1235	1492	15.1971
ERR13927339.1236	185	12.7784
ERR13927339.1237	1554	16.8610
ERR13927339.1238	1584	18.7784
ERR13927339.1239	1578	16.7681
ERR13927339.1240	1534	18.7771
ERR13927339.1241	1619	14.5880
ERR13927339.1242	1597	20.2273
ERR13927339.1243	1545	15.2233
ERR13927339.1244	1597	19.1597
ERR13927339.1245	1623	16.5422
ERR13927339.1246	1581	19.3896
ERR13927339.1247	1564	19.2474
ERR13927339.1248	1575	17.4260
ERR13927339.1249	1628	17.4957
ERR13927339.1250	1557	14.6358
ERR13927339.1251	1243	18.3371
ERR13927339.1252	1546	20.4107
ERR13927339.1253	304	17.3651
ERR13927339.1254	1542	16.4027
ERR13927339.1255	1625	19.9231
ERR13927339.1256	1550	15.5439
ERR13927339.1257	1645	17.9684
ERR13927339.1258	1521	16.1769
ERR13927339.1259	1584	17.5556
ERR13927339.1260	1528	19.7153
ERR13927339.1261	1579	16.6080
ERR13927339.1262	1584	15.4306
ERR13927339.1263	1563	17.2086
ERR13927339.1264	1614	17.1177
ERR13927339.1265	1562	19.5800
ERR13927339.1266	1558	16.8646
ERR13927339.1267	1522	16.0808
ERR13927339.1268	1607	15.6602
ERR13927339.1269	1547	16.0032
ERR13927339.1270	1590	18.0057
ERR13927339.1271	1563	16.5758
ERR13927339.1272	1555	19.8437
ERR13927339.1273	1618	17.3560
ERR13927339.1274	1571	21.1795
ERR13927339.1275	1557	18.4984
ERR13927339.1276	1566	19.6954
ERR13927339.1277	1589	18.3562
ERR13927339.1278	1648	18.3174
ERR13927339.1279	1597	17.7877
ERR13927339.1280	1592	20.3568
ERR13927339.1281	1569	19.7495
ERR13927339.1282	1555	18.5994
ERR13927339.1283	1588	18.8237
ERR13927339.1284	1558	16.4268
ERR13927339.1285	1588	19.5982
ERR13927339.1286	1540	14.4519
ERR13927339.1287	1616	16.4542
ERR13927339.1288	1571	19.7588
ERR13927339.1289	1623	19.3395
ERR13927339.1290	1564	14.9610
ERR13927339.1291	1355	17.9387
ERR13927339.1292	1576	17.7291
ERR13927339.1293	1580	20.0785
ERR13927339.1294	1539	19.6433
ERR13927339.1295	1543	20.8723
ERR13927339.1296	1586	18.3241
ERR13927339.1297	1565	17.9955
ERR13927339.1298	1592	17.9366
ERR13927339.1299	1573	19.9510
ERR13927339.1300	1546	17.6979
ERR13927339.1301	1578	20.1774
ERR13927339.1302	1567	18.4180
ERR13927339.1303	1565	18.4537
ERR13927339.1304	1584	20.3081
ERR13927339.1305	1557	18.6891
ERR13927339.1306	1581	18.5408
ERR13927339.1307	1571	20.0356
ERR13927339.1308	1557	15.5189
ERR13927339.1309	1572	18.9383
ERR13927339.1310	1590	19.0220
ERR13927339.1311	1497	18.1216
ERR13927339.1312	1583	20.3045
ERR13927339.1313	1595	18.0207
ERR13927339.1314	1557	21.0642
ERR13927339.1315	1549	17.2343
ERR13927339.1316	1540	19.1097
ERR13927339.1317	1588	19.5926
ERR13927339.1318	1562	16.7881
ERR13927339.1319	1561	14.5253
ERR13927339.1320	1578	20.5773
ERR13927339.1321	1073	16.9720
ERR13927339.1322	1631	15.4537
ERR13927339.1323	1589	19.0799
ERR13927339.1324	1581	20.2827
ERR13927339.1325	1589	17.2763
ERR13927339.1326	1553	16.1101
ERR13927339.1327	1514	14.8091
ERR13927339.1328	1582	15.7585
ERR13927339.1329	1595	20.1837
ERR13927339.1330	1571	17.1050
ERR13927339.1331	1580	15.6297
ERR13927339.1332	1567	19.3497
ERR13927339.1333	1695	17.2519
ERR13927339.1334	1582	20.1650
ERR13927339.1335	1612	20.1433
ERR13927339.1336	1565	18.8460
ERR13927339.1337	1557	18.7881
ERR13927339.1338	1579	17.5383
ERR13927339.1339	1582	18.5613
ERR13927339.1340	1569	16.8936
ERR13927339.1341	1575	16.9689
ERR13927339.1342	1579	19.9601
ERR13927339.1343	1593	15.7194
ERR13927339.1344	1574	16.7954
ERR13927339.1345	1570	14.1108
ERR13927339.1346	1582	20.7339
ERR13927339.1347	1539	17.6413
ERR13927339.1348	1571	16.0337
ERR13927339.1349	1566	18.2720
ERR13927339.1350	1611	19.3675
ERR13927339.1351	1616	19.8707
ERR13927339.1352	1571	18.7638
ERR13927339.1353	1462	17.8249
ERR13927339.1354	1594	17.2008
ERR13927339.1355	1576	19.5019
ERR13927339.1356	1568	19.8699
ERR13927339.1357	1594	19.9868
ERR13927339.1358	1567	17.6682
ERR13927339.1359	1535	16.4404
ERR13927339.1360	1562	17.1799
ERR13927339.1361	1531	15.7185
ERR13927339.1362	1558	19.8273
ERR13927339.1363	1613	17.9138
ERR13927339.1364	1566	19.7420
ERR13927339.1365	1567	20.6228
ERR13927339.1366	1584	19.0019
ERR13927339.1367	1557	18.7457
ERR13927339.1368	1551	16.5467
ERR13927339.1369	1605	17.8922
ERR13927339.1370	1557	15.1895
ERR13927339.1371	1558	17.5449
ERR13927339.1372	1567	18.7511
ERR13927339.1373	1591	20.6901
ERR13927339.1374	1593	17.5844
ERR13927339.1375	1524	14.8885
ERR13927339.1376	1530	14.5007
ERR13927339.1377	1569	19.0006
ERR13927339.1378	1595	21.2589
ERR13927339.1379	1550	16.8742
ERR13927339.1380	1577	18.1053
ERR13927339.1381	1560	20.3231
ERR13927339.1382	1596	19.7043
ERR13927339.1383	1573	19.3134
ERR13927339.1384	1581	19.6679
ERR13927339.1385	1562	17.8156
ERR13927339.1386	1572	15.7125
ERR13927339.1387	1608	14.8066
ERR13927339.1388	1567	17.9534
ERR13927339.1389	1563	17.6654
ERR13927339.1390	1572	18.9408
ERR13927339.1391	1569	18.9050
ERR13927339.1392	1557	16.3815
ERR13927339.1393	1572	21.3206
ERR13927339.1394	1618	16.7608
ERR13927339.1395	1549	16.5300
ERR13927339.1396	1565	20.9847
ERR13927339.1397	1573	17.7419
ERR13927339.1398	1570	16.8255
ERR13927339.1399	1570	19.8720
ERR13927339.1400	1589	16.3537
ERR13927339.1401	1598	18.2065
ERR13927339.1402	1605	19.0480
ERR13927339.1403	1576	20.8890
ERR13927339.1404	1531	17.4703
ERR13927339.1405	1542	18.7160
ERR13927339.1406	1553	20.0895
ERR13927339.1407	1599	18.7692
ERR13927339.1408	1579	20.7030
ERR13927339.1409	1604	20.0704
ERR13927339.1410	1584	20.3378
ERR13927339.1411	1587	18.9282
ERR13927339.1412	1546	17.8946
ERR13927339.1413	1583	18.7056
ERR13927339.1414	1576	18.0133
ERR13927339.1415	1545	16.2919
ERR13927339.1416	1622	21.6313
ERR13927339.1417	1570	19.0580
ERR13927339.1418	1563	17.2054
ERR13927339.1419	1536	19.0762
ERR13927339.1420	1590	22.0119
ERR13927339.1421	1622	19.0290
ERR13927339.1422	1540	16.2734
ERR13927339.1423	1618	17.2862
ERR13927339.1424	1357	18.9175
ERR13927339.1425	1606	21.1781
ERR13927339.1426	1563	20.2284
ERR13927339.1427	1565	20.9125
ERR13927339.1428	1568	19.9203
ERR13927339.1429	520	14.4192
ERR13927339.1430	1598	18.5407
ERR13927339.1431	1544	18.2655
ERR13927339.1432	1592	20.5980
ERR13927339.1433	1536	20.3444
ERR13927339.1434	1603	16.8908
ERR13927339.1435	1568	16.1747
ERR13927339.1436	1594	21.3018
ERR13927339.1437	1528	15.3403
ERR13927339.1438	1557	18.1085
ERR13927339.1439	1587	18.6478
ERR13927339.1440	1577	17.3069
ERR13927339.1441	1589	18.8370
ERR13927339.1442	1659	20.6365
ERR13927339.1443	1573	16.1907
ERR13927339.1444	1571	21.6862
ERR13927339.1445	1584	21.3365
ERR13927339.1446	1604	15.5736
ERR13927339.1447	1592	15.9504
ERR13927339.1448	1539	19.0695
ERR13927339.1449	1555	17.3666
ERR13927339.1450	1566	16.7797
ERR13927339.1451	1597	20.3375
ERR13927339.1452	1568	20.0185
ERR13927339.1453	1514	14.7972
ERR13927339.1454	1576	19.1256
ERR13927339.1455	1545	15.3832
ERR13927339.1456	1559	16.7460
ERR13927339.1457	1596	17.9561
ERR13927339.1458	272	15.7610
ERR13927339.1459	1563	18.9354
ERR13927339.1460	1578	19.5234
ERR13927339.1461	1560	18.9647
ERR13927339.1462	1609	20.3443
ERR13927339.1463	1549	22.2027
ERR13927339.1464	1591	17.7706
ERR13927339.1465	1585	17.5546
ERR13927339.1466	1584	18.7298
ERR13927339.1467	1569	19.7011
ERR13927339.1468	1565	21.3010
ERR13927339.1469	1582	16.1473
ERR13927339.1470	1578	19.0063
ERR13927339.1471	1583	20.8882
ERR13927339.1472	1606	18.6133
ERR13927339.1473	1566	18.3710
ERR13927339.1474	1593	19.2065
ERR13927339.1475	1581	21.0873
ERR13927339.1476	1575	18.5149
ERR13927339.1477	1589	21.1416
ERR13927339.1478	1526	20.7457
ERR13927339.1479	1557	19.7752
ERR13927339.1480	1596	19.2036
ERR13927339.1481	1558	19.8062
ERR13927339.1482	1585	15.4069
ERR13927339.1483	1542	17.7438
ERR13927339.1484	1571	16.8746
ERR13927339.1485	1554	18.1030
ERR13927339.1486	1553	14.5988
ERR13927339.1487	1544	15.9320
ERR13927339.1488	1587	18.9761
ERR13927339.1489	1503	17.0140
ERR13927339.1490	1372	15.9636
ERR13927339.1491	1604	22.1022
ERR13927339.1492	1566	21.1884
ERR13927339.1493	1579	19.1349
ERR13927339.1494	1597	20.7464
ERR13927339.1495	1577	17.6867
ERR13927339.1496	1571	19.2285
ERR13927339.1497	1596	19.3935
ERR13927339.1498	1591	17.3558
ERR13927339.1499	1540	14.1831
ERR13927339.1500	1603	18.4429
ERR13927339.1501	1589	19.1875
ERR13927339.1502	1555	16.5582
ERR13927339.1503	1562	20.7484
ERR13927339.1504	1567	18.1525
ERR13927339.1505	1564	20.0601
ERR13927339.1506	1583	18.9261
ERR13927339.1507	1549	17.1588
ERR13927339.1508	1597	19.3438
ERR13927339.1509	1567	21.6822
ERR13927339.1510	1614	19.0694
ERR13927339.1511	1581	18.9779
ERR13927339.1512	1556	20.2731
ERR13927339.1513	1566	16.8372
ERR13927339.1514	1563	20.3065
ERR13927339.1515	1527	17.9941
ERR13927339.1516	1579	23.1134
ERR13927339.1517	1574	17.4657
ERR13927339.1518	1551	16.1135
ERR13927339.1519	1574	17.6900
ERR13927339.1520	1561	15.6406
ERR13927339.1521	1577	19.5238
ERR13927339.1522	1568	20.5198
ERR13927339.1523	1154	15.3744
ERR13927339.1524	1600	20.5219
ERR13927339.1525	1551	17.8788
ERR13927339.1526	1575	19.4368
ERR13927339.1527	1553	21.4115
ERR13927339.1528	1582	19.3609
ERR13927339.1529	1556	14.6787
ERR13927339.1530	1566	16.4879
ERR13927339.1531	1529	18.4238
ERR13927339.1532	1556	20.4396
ERR13927339.1533	1569	20.9815
ERR13927339.1534	1589	17.9270
ERR13927339.1535	1549	18.8037
ERR13927339.1536	1589	20.2435
ERR13927339.1537	1538	18.7568
ERR13927339.1538	1559	20.3265
ERR13927339.1539	1572	19.5642
ERR13927339.1540	1586	17.0517
ERR13927339.1541	1563	18.3615
ERR13927339.1542	1565	16.9176
ERR13927339.1543	1579	19.4712
ERR13927339.1544	1570	19.2102
ERR13927339.1545	1560	16.3897
ERR13927339.1546	1573	20.8195
ERR13927339.1547	1573	16.9212
ERR13927339.1548	1587	17.8872
ERR13927339.1549	1553	20.3381
ERR13927339.1550	1576	17.7747
ERR13927339.1551	1557	19.3809
ERR13927339.1552	1530	15.5170
ERR13927339.1553	1579	18.8296
ERR13927339.1554	1583	18.6298
ERR13927339.1555	1550	19.3284
ERR13927339.1556	1517	17.0448
ERR13927339.1557	1556	16.5495
ERR13927339.1558	1581	19.0904
ERR13927339.1559	1538	16.0280
ERR13927339.1560	1576	19.4714
ERR13927339.1561	1608	15.2998
ERR13927339.1562	1580	18.0627
ERR13927339.1563	1571	15.2107
ERR13927339.1564	1564	18.2801
ERR13927339.1565	1568	15.1250
ERR13927339.1566	1565	20.6083
ERR13927339.1567	1572	21.0827
ERR13927339.1568	1557	18.9146
ERR13927339.1569	288	17.5278
ERR13927339.1570	1569	17.3384
ERR13927339.1571	1541	19.8138
ERR13927339.1572	1580	16.5006
ERR13927339.1573	1563	20.0070
ERR13927339.1574	1575	17.4965
ERR13927339.1575	1567	16.0632
ERR13927339.1576	1551	16.5635
ERR13927339.1577	1534	20.9668
ERR13927339.1578	1581	20.2479
ERR13927339.1579	1571	21.1776
ERR13927339.1580	1568	18.5434
ERR13927339.1581	1601	19.1743
ERR13927339.1582	1564	17.4220
ERR13927339.1583	1578	20.0773
ERR13927339.1584	3439	19.4405
ERR13927339.1585	1579	20.4592
ERR13927339.1586	1611	16.3246
ERR13927339.1587	1566	18.0619
ERR13927339.1588	1582	15.9204
ERR13927339.1589	195	13.4308
ERR13927339.1590	1565	20.8096
ERR13927339.1591	1582	18.0619
ERR13927339.1592	1560	17.4635
ERR13927339.1593	1577	20.0666
ERR13927339.1594	1548	18.6654
ERR13927339.1595	1609	16.3337
ERR13927339.1596	1568	18.9349
ERR13927339.1597	1565	20.2230
ERR13927339.1598	1584	18.7992
ERR13927339.1599	1612	18.9938
ERR13927339.1600	1560	20.0000
ERR13927339.1601	1568	16.6849
ERR13927339.1602	1594	19.8808
ERR13927339.1603	1560	20.2891
ERR13927339.1604	1574	16.2236
ERR13927339.1605	1592	20.0829
ERR13927339.1606	1573	18.3967
ERR13927339.1607	1575	19.2908
ERR13927339.1608	1573	20.0261
ERR13927339.1609	1603	18.1759
ERR13927339.1610	1433	20.9414
ERR13927339.1611	1592	17.4334
ERR13927339.1612	1614	18.7441
ERR13927339.1613	1591	19.6298
ERR13927339.1614	1559	16.3797
ERR13927339.1615	1477	16.6831
ERR13927339.1616	1537	20.1737
ERR13927339.1617	1552	17.0728
ERR13927339.1618	1593	15.0929
ERR13927339.1619	1551	18.1115
ERR13927339.1620	1577	19.2505
ERR13927339.1621	1609	15.7135
ERR13927339.1622	1563	17.7524
ERR13927339.1623	1570	15.3236
ERR13927339.1624	1510	16.7232
ERR13927339.1625	1568	19.2392
ERR13927339.1626	1601	16.7470
ERR13927339.1627	1588	19.1152
ERR13927339.1628	1560	18.1590
ERR13927339.1629	1565	15.1419
ERR13927339.1630	1530	17.6693
ERR13927339.1631	1575	16.6032
ERR13927339.1632	1591	20.1559
ERR13927339.1633	1590	18.9579
ERR13927339.1634	1564	21.7020
ERR13927339.1635	1591	19.2275
ERR13927339.1636	1593	15.1425
ERR13927339.1637	1593	20.2643
ERR13927339.1638	1578	18.3587
ERR13927339.1639	1546	14.9437
ERR13927339.1640	1578	17.2205
ERR13927339.1641	1586	20.0120
ERR13927339.1642	1594	14.6230
ERR13927339.1643	1521	17.4109
ERR13927339.1644	1607	18.6957
ERR13927339.1645	1541	18.2700
ERR13927339.1646	1588	16.2412
ERR13927339.1647	1706	15.6952
ERR13927339.1648	1563	20.5393
ERR13927339.1649	1529	15.1177
ERR13927339.1650	1563	17.6545
ERR13927339.1651	1513	19.3212
ERR13927339.1652	1523	16.7932
ERR13927339.1653	1583	15.5502
ERR13927339.1654	1565	17.2946
ERR13927339.1655	1539	20.0227
ERR13927339.1656	1547	15.6962
ERR13927339.1657	1566	16.8691
ERR13927339.1658	1515	13.4990
ERR13927339.1659	1573	15.8640
ERR13927339.1660	1446	15.8831
ERR13927339.1661	1528	14.8207
ERR13927339.1662	1551	18.0799
ERR13927339.1663	1601	19.1405
ERR13927339.1664	1576	20.2151
ERR13927339.1665	1604	20.3180
ERR13927339.1666	1537	20.5686
ERR13927339.1667	1563	18.1388
ERR13927339.1668	1584	15.7588
ERR13927339.1669	1574	19.6652
ERR13927339.1670	1597	18.1741
ERR13927339.1671	741	16.9703
ERR13927339.1672	1570	17.1096
ERR13927339.1673	1553	17.6214
ERR13927339.1674	1589	21.5607
ERR13927339.1675	1561	17.5631
ERR13927339.1676	1568	18.4298
ERR13927339.1677	179	16.2346
ERR13927339.1678	1574	18.6950
ERR13927339.1679	1538	19.9863
ERR13927339.1680	1570	16.6408
ERR13927339.1681	1586	17.3720
ERR13927339.1682	1541	16.6171
ERR13927339.1683	1570	18.8427
ERR13927339.1684	1557	19.7193
ERR13927339.1685	1557	19.0469
ERR13927339.1686	1577	19.1712
ERR13927339.1687	1581	21.1948
ERR13927339.1688	1564	21.7545
ERR13927339.1689	1593	17.2957
ERR13927339.1690	1671	18.7187
ERR13927339.1691	1574	16.7173
ERR13927339.1692	1579	20.3768
ERR13927339.1693	1427	15.9124
ERR13927339.1694	1580	18.3329
ERR13927339.1695	1592	17.6954
ERR13927339.1696	1591	19.2024
ERR13927339.1697	1552	19.6901
ERR13927339.1698	1541	18.9805
ERR13927339.1699	1533	16.8506
ERR13927339.1700	1510	16.8523
ERR13927339.1701	1561	19.2915
ERR13927339.1702	1581	19.8773
ERR13927339.1703	1552	19.7249
ERR13927339.1704	1613	17.3292
ERR13927339.1705	1621	18.6811
ERR13927339.1706	1596	16.4806
ERR13927339.1707	1564	19.3536
ERR13927339.1708	1583	19.7568
ERR13927339.1709	1563	20.9757
ERR13927339.1710	1538	16.9727
ERR13927339.1711	1559	16.1700
ERR13927339.1712	1567	21.4040
ERR13927339.1713	1577	19.9467
ERR13927339.1714	1496	16.3670
ERR13927339.1715	1588	15.2298
ERR13927339.1716	1570	17.4274
ERR13927339.1717	1568	21.1122
ERR13927339.1718	1640	18.2530
ERR13927339.1719	1561	18.9680
ERR13927339.1720	1546	18.4592
ERR13927339.1721	1572	19.2106
ERR13927339.1722	1601	18.5265
ERR13927339.1723	1587	18.1481
ERR13927339.1724	1559	16.4432
ERR13927339.1725	1548	19.9528
ERR13927339.1726	1583	16.4435
ERR13927339.1727	1563	18.5560
ERR13927339.1728	1579	20.1849
ERR13927339.1729	1579	19.7194
ERR13927339.1730	1586	18.5712
ERR13927339.1731	1551	17.6499
ERR13927339.1732	1618	14.9808
ERR13927339.1733	1595	15.9317
ERR13927339.1734	1563	18.7710
ERR13927339.1735	1577	19.1763
ERR13927339.1736	1648	19.1808
ERR13927339.1737	1539	15.5211
ERR13927339.1738	1593	19.7696
ERR13927339.1739	1564	19.6113
ERR13927339.1740	1583	15.5553
ERR13927339.1741	1557	20.7399
ERR13927339.1742	1583	17.2280
ERR13927339.1743	1575	19.7048
ERR13927339.1744	1588	15.1688
ERR13927339.1745	1560	18.8609
ERR13927339.1746	1603	17.8827
ERR13927339.1747	1503	14.5988
ERR13927339.1748	1551	20.9948
ERR13927339.1749	1584	18.7898
ERR13927339.1750	1581	15.8684
ERR13927339.1751	1552	17.5490
ERR13927339.1752	1549	21.2369
ERR13927339.1753	1580	19.9361
ERR13927339.1754	1615	17.0848
ERR13927339.1755	1571	15.7454
ERR13927339.1756	1555	20.4405
ERR13927339.1757	1589	14.9264
ERR13927339.1758	1551	17.2721
ERR13927339.1759	1586	17.0195
ERR13927339.1760	1570	18.3338
ERR13927339.1761	1573	19.8703
ERR13927339.1762	1572	16.9504
ERR13927339.1763	1551	19.7582
ERR13927339.1764	1581	17.1999
ERR13927339.1765	1557	16.7983
ERR13927339.1766	1567	17.4129
ERR13927339.1767	1535	20.4306
ERR13927339.1768	1570	18.8089
ERR13927339.1769	1567	15.3906
ERR13927339.1770	1593	19.0308
ERR13927339.1771	1504	21.2028
ERR13927339.1772	1606	16.2933
ERR13927339.1773	1376	16.8786
ERR13927339.1774	1583	19.1971
ERR13927339.1775	1571	19.1757
ERR13927339.1776	1601	18.3136
ERR13927339.1777	1575	18.9479
ERR13927339.1778	1560	19.5385
ERR13927339.1779	1572	19.0115
ERR13927339.1780	1534	20.3116
ERR13927339.1781	1551	17.8253
ERR13927339.1782	1551	17.3649
ERR13927339.1783	1586	18.3285
ERR13927339.1784	1569	17.2569
ERR13927339.1785	1571	18.2934
ERR13927339.1786	1569	15.4519
ERR13927339.1787	1558	17.2137
ERR13927339.1788	1544	21.6671
ERR13927339.1789	1615	18.8056
ERR13927339.1790	1543	17.2916
ERR13927339.1791	1542	18.5467
ERR13927339.1792	1506	15.7809
ERR13927339.1793	1573	18.2931
ERR13927339.1794	1604	15.9925
ERR13927339.1795	1592	18.5063
ERR13927339.1796	1604	18.6608
ERR13927339.1797	1546	15.4075
ERR13927339.1798	1570	18.5777
ERR13927339.1799	1597	21.5867
ERR13927339.1800	1562	18.6300
ERR13927339.1801	498	17.7209
ERR13927339.1802	1580	15.4677
ERR13927339.1803	1634	17.7662
ERR13927339.1804	1589	15.6828
ERR13927339.1805	1557	18.3687
ERR13927339.1806	1595	19.3699
ERR13927339.1807	1554	18.3629
ERR13927339.1808	1666	17.4688
ERR13927339.1809	1542	16.0863
ERR13927339.1810	581	15.9501
ERR13927339.1811	1487	14.9274
ERR13927339.1812	1572	17.6584
ERR13927339.1813	1576	16.4676
ERR13927339.1814	1540	14.8838
ERR13927339.1815	1567	14.7773
ERR13927339.1816	1536	16.1751
ERR13927339.1817	1594	18.7685
ERR13927339.1818	1544	14.9417
ERR13927339.1819	1630	16.6110
ERR13927339.1820	1598	17.0056
ERR13927339.1821	1600	16.7188
ERR13927339.1822	1591	20.2131
ERR13927339.1823	1584	16.8283
ERR13927339.1824	1582	18.5695
ERR13927339.1825	1592	16.7406
ERR13927339.1826	472	17.3242
ERR13927339.1827	1554	17.0463
ERR13927339.1828	1629	18.2578
ERR13927339.1829	1601	17.9319
ERR13927339.1830	1590	18.9711
ERR13927339.1831	1555	20.6585
ERR13927339.1832	1585	17.2530
ERR13927339.1833	1537	17.2895
ERR13927339.1834	1537	15.0774
ERR13927339.1835	1606	18.2273
ERR13927339.1836	1571	16.2979
ERR13927339.1837	1553	19.5402
ERR13927339.1838	1579	17.7885
ERR13927339.1839	1559	20.7300
ERR13927339.1840	1205	16.1394
ERR13927339.1841	1552	20.4936
ERR13927339.1842	1552	17.9813
ERR13927339.1843	1569	17.1511
ERR13927339.1844	1591	18.0459
ERR13927339.1845	1602	18.6792
ERR13927339.1846	1573	18.4011
ERR13927339.1847	1552	17.1147
ERR13927339.1848	1573	15.8690
ERR13927339.1849	1610	14.4969
ERR13927339.1850	1568	16.5357
ERR13927339.1851	1596	17.5476
ERR13927339.1852	1590	19.2774
ERR13927339.1853	1504	16.1676
ERR13927339.1854	1566	20.0045
ERR13927339.1855	1547	20.9166
ERR13927339.1856	1567	19.5871
ERR13927339.1857	1555	19.6386
ERR13927339.1858	1551	16.0954
ERR13927339.1859	1568	18.9209
ERR13927339.1860	1616	19.5365
ERR13927339.1861	1576	18.3509
ERR13927339.1862	1536	19.2025
ERR13927339.1863	1604	17.1964
ERR13927339.1864	1562	17.2836
ERR13927339.1865	1572	19.5954
ERR13927339.1866	1551	17.3282
ERR13927339.1867	1558	20.7086
ERR13927339.1868	1553	17.2595
ERR13927339.1869	1596	17.2845
ERR13927339.1870	1589	16.0623
ERR13927339.1871	1568	19.9311
ERR13927339.1872	1592	16.8009
ERR13927339.1873	1601	18.7352
ERR13927339.1874	1561	16.6829
ERR13927339.1875	1545	18.9799
ERR13927339.1876	1573	16.1538
ERR13927339.1877	1524	15.6280
ERR13927339.1878	1562	16.8227
ERR13927339.1879	1542	19.2529
ERR13927339.1880	1619	18.3224
ERR13927339.1881	1584	17.1035
ERR13927339.1882	1554	18.7355
ERR13927339.1883	1467	16.9243
ERR13927339.1884	1549	21.1001
ERR13927339.1885	1534	18.9824
ERR13927339.1886	1577	19.6119
ERR13927339.1887	1572	20.2627
ERR13927339.1888	1619	19.2569
ERR13927339.1889	1555	20.9814
ERR13927339.1890	1565	15.1361
ERR13927339.1891	1562	17.5122
ERR13927339.1892	1539	18.1475
ERR13927339.1893	1521	19.6732
ERR13927339.1894	1586	20.1343
ERR13927339.1895	1557	20.5684
ERR13927339.1896	1594	16.2967
ERR13927339.1897	1556	17.8085
ERR13927339.1898	1574	18.8431
ERR13927339.1899	1582	20.0929
ERR13927339.1900	1589	19.0384
ERR13927339.1901	1580	19.7918
ERR13927339.1902	1567	22.1583
ERR13927339.1903	1593	18.1883
ERR13927339.1904	1582	19.3401
ERR13927339.1905	1581	17.7717
ERR13927339.1906	1625	16.9902
ERR13927339.1907	1559	18.8935
ERR13927339.1908	1543	15.2631
ERR13927339.1909	1498	14.5027
ERR13927339.1910	1574	15.6525
ERR13927339.1911	1603	18.7024
ERR13927339.1912	1442	14.4258
ERR13927339.1913	1605	20.7732
ERR13927339.1914	1572	17.1756
ERR13927339.1915	1565	19.7054
ERR13927339.1916	1571	17.0637
ERR13927339.1917	1580	17.3563
ERR13927339.1918	1529	15.4787
ERR13927339.1919	1495	15.8508
ERR13927339.1920	1573	18.7222
ERR13927339.1921	1572	17.3607
ERR13927339.1922	1541	17.2141
ERR13927339.1923	1603	18.9301
ERR13927339.1924	1550	19.4923
ERR13927339.1925	1455	15.2997
ERR13927339.1926	1575	20.4305
ERR13927339.1927	1575	19.1295
ERR13927339.1928	1542	14.6518
ERR13927339.1929	1561	17.9808
ERR13927339.1930	1571	18.9726
ERR13927339.1931	1489	15.8986
ERR13927339.1932	1561	16.4612
ERR13927339.1933	1582	18.9311
ERR13927339.1934	1552	19.6211
ERR13927339.1935	1537	20.1770
ERR13927339.1936	521	14.7620
ERR13927339.1937	1569	18.6214
ERR13927339.1938	1573	17.3992
ERR13927339.1939	1567	17.6841
ERR13927339.1940	1565	19.6901
ERR13927339.1941	1569	19.0280
ERR13927339.1942	1569	18.1096
ERR13927339.1943	1555	18.0379
ERR13927339.1944	1579	18.1526
ERR13927339.1945	1571	18.6887
ERR13927339.1946	1541	16.2972
ERR13927339.1947	1597	20.4195
ERR13927339.1948	1568	14.6843
ERR13927339.1949	1439	18.2391
ERR13927339.1950	1562	20.3880
ERR13927339.1951	1912	20.5821
ERR13927339.1952	1606	19.9253
ERR13927339.1953	1569	20.9184
ERR13927339.1954	1581	16.5307
ERR13927339.1955	1545	17.2841
ERR13927339.1956	1575	17.9295
ERR13927339.1957	1593	19.1080
ERR13927339.1958	1541	16.7657
ERR13927339.1959	1500	16.4920
ERR13927339.1960	1575	19.0349
ERR13927339.1961	1543	20.6196
ERR13927339.1962	1604	16.9713
ERR13927339.1963	1569	15.4704
ERR13927339.1964	1588	16.5504
ERR13927339.1965	1540	17.5857
ERR13927339.1966	1642	18.2686
ERR13927339.1967	1545	18.2259
ERR13927339.1968	1575	18.3835
ERR13927339.1969	1597	19.8929
ERR13927339.1970	1565	19.3821
ERR13927339.1971	1627	18.3651
ERR13927339.1972	1587	18.4405
ERR13927339.1973	1580	16.0278
ERR13927339.1974	1558	18.1386
ERR13927339.1975	1577	17.3672
ERR13927339.1976	1579	20.3008
ERR13927339.1977	1554	16.6969
ERR13927339.1978	1521	15.8323
ERR13927339.1979	1521	16.1381
ERR13927339.1980	1532	18.1195
ERR13927339.1981	179	16.3687
ERR13927339.1982	1558	19.3819
ERR13927339.1983	1624	19.4200
ERR13927339.1984	1539	17.8895
ERR13927339.1985	1505	16.0219
ERR13927339.1986	1598	15.5244
ERR13927339.1987	1532	17.2787
ERR13927339.1988	1575	18.1987
ERR13927339.1989	1546	17.9955
ERR13927339.1990	1583	19.6368
ERR13927339.1991	1585	16.0858
ERR13927339.1992	1564	16.7826
ERR13927339.1993	1562	17.4955
ERR13927339.1994	1595	16.3599
ERR13927339.1995	1631	15.7026
ERR13927339.1996	1572	17.5382
ERR13927339.1997	1584	18.2664
ERR13927339.1998	1244	18.1592
ERR13927339.1999	1523	19.6389
ERR13927339.2000	1562	18.1159
ERR13927339.2001	1548	17.1673
ERR13927339.2002	1587	20.5457
ERR13927339.2003	1606	20.3562
ERR13927339.2004	1568	20.5172
ERR13927339.2005	1607	14.8314
ERR13927339.2006	1595	16.0577
ERR13927339.2007	1573	19.1348
ERR13927339.2008	1567	17.4735
ERR13927339.2009	1542	14.8016
ERR13927339.2010	1527	17.2102
ERR13927339.2011	1588	19.3086
ERR13927339.2012	1592	21.6577
ERR13927339.2013	1564	15.6247
ERR13927339.2014	1557	20.7720
ERR13927339.2015	1591	17.8460
ERR13927339.2016	1563	20.2476
ERR13927339.2017	1599	17.1007
ERR13927339.2018	1569	15.2447
ERR13927339.2019	1539	16.9019
ERR13927339.2020	1553	18.1043
ERR13927339.2021	1562	19.5807
ERR13927339.2022	1554	17.9633
ERR13927339.2023	1518	18.4440
ERR13927339.2024	1598	16.9718
ERR13927339.2025	1552	14.7262
ERR13927339.2026	1582	18.4406
ERR13927339.2027	1551	17.4887
ERR13927339.2028	1591	19.1427
ERR13927339.2029	1570	19.0083
ERR13927339.2030	1566	15.8646
ERR13927339.2031	1559	16.1430
ERR13927339.2032	1572	20.4364
ERR13927339.2033	1519	14.6643
ERR13927339.2034	1577	19.0387
ERR13927339.2035	1590	19.2597
ERR13927339.2036	1558	14.6380
ERR13927339.2037	1573	21.5366
ERR13927339.2038	1626	18.0068
ERR13927339.2039	1549	18.2795
ERR13927339.2040	1567	18.7358
ERR13927339.2041	1566	18.0281
ERR13927339.2042	1566	18.5364
ERR13927339.2043	1615	17.8935
ERR13927339.2044	1565	20.4115
ERR13927339.2045	1484	17.1179
ERR13927339.2046	1554	20.7368
ERR13927339.2047	1571	19.7244
ERR13927339.2048	1597	19.9305
ERR13927339.2049	1511	15.3772
ERR13927339.2050	1561	18.6848
ERR13927339.2051	1564	18.0121
ERR13927339.2052	1563	18.9373
ERR13927339.2053	1576	18.4416
ERR13927339.2054	1616	17.0551
ERR13927339.2055	1610	17.6099
ERR13927339.2056	1547	20.3788
ERR13927339.2057	1511	15.4408
ERR13927339.2058	1554	21.0405
ERR13927339.2059	222	13.8378
ERR13927339.2060	1471	16.0666
ERR13927339.2061	1559	21.7332
ERR13927339.2062	1574	19.5883
ERR13927339.2063	1622	15.8101
ERR13927339.2064	1566	20.1226
ERR13927339.2065	1580	16.9272
ERR13927339.2066	1563	19.5624
ERR13927339.2067	1563	19.7972
ERR13927339.2068	1551	16.5790
ERR13927339.2069	1584	19.6269
ERR13927339.2070	1574	20.9816
ERR13927339.2071	1562	16.0237
ERR13927339.2072	1552	17.8885
ERR13927339.2073	1560	17.3160
ERR13927339.2074	1578	20.2560
ERR13927339.2075	1571	16.7174
ERR13927339.2076	1619	18.4941
ERR13927339.2077	1576	19.0343
ERR13927339.2078	1574	20.6023
ERR13927339.2079	1558	17.8517
ERR13927339.2080	1525	16.6039
ERR13927339.2081	1580	19.2892
ERR13927339.2082	1605	19.8960
ERR13927339.2083	1545	16.6026
ERR13927339.2084	1459	16.6929
ERR13927339.2085	1593	18.5662
ERR13927339.2086	1599	17.9406
ERR13927339.2087	1542	20.3398
ERR13927339.2088	1537	16.0416
ERR13927339.2089	1585	15.3142
ERR13927339.2090	1593	17.8688
ERR13927339.2091	1578	18.2516
ERR13927339.2092	1593	20.2341
ERR13927339.2093	1111	17.0837
ERR13927339.2094	1567	20.0479
ERR13927339.2095	1574	20.9104
ERR13927339.2096	1544	19.2642
ERR13927339.2097	1597	18.7614
ERR13927339.2098	1630	14.4712
ERR13927339.2099	1576	19.4385
ERR13927339.2100	1555	17.1415
ERR13927339.2101	1581	16.5079
ERR13927339.2102	1560	15.4622
ERR13927339.2103	1556	17.4769
ERR13927339.2104	1557	16.7264
ERR13927339.2105	1553	14.3934
ERR13927339.2106	1567	22.1838
ERR13927339.2107	1613	17.7415
ERR13927339.2108	1574	18.7186
ERR13927339.2109	1583	20.8996
ERR13927339.2110	1539	18.4074
ERR13927339.2111	1656	15.3853
ERR13927339.2112	1544	16.6192
ERR13927339.2113	1623	19.0431
ERR13927339.2114	1592	19.8354
ERR13927339.2115	1628	16.7875
ERR13927339.2116	1645	19.6316
ERR13927339.2117	1564	17.6598
ERR13927339.2118	1578	20.5063
ERR13927339.2119	1476	14.0230
ERR13927339.2120	1590	18.5553
ERR13927339.2121	1574	15.8672
ERR13927339.2122	1578	19.0887
ERR13927339.2123	1534	13.8787
ERR13927339.2124	1550	17.5213
ERR13927339.2125	1563	20.4952
ERR13927339.2126	1567	18.3733
ERR13927339.2127	1567	19.0766
ERR13927339.2128	1563	15.7658
ERR13927339.2129	1568	18.4139
ERR13927339.2130	1521	15.9264
ERR13927339.2131	1581	20.5870
ERR13927339.2132	1618	20.0958
ERR13927339.2133	1577	15.4058
ERR13927339.2134	1573	20.7997
ERR13927339.2135	1558	21.0013
ERR13927339.2136	1578	18.1800
ERR13927339.2137	1580	17.0203
ERR13927339.2138	1601	19.9575
ERR13927339.2139	1538	17.8179
ERR13927339.2140	1552	17.8428
ERR13927339.2141	1589	18.7583
ERR13927339.2142	1552	16.4562
ERR13927339.2143	1559	14.7216
ERR13927339.2144	234	13.2991
ERR13927339.2145	1558	21.9820
ERR13927339.2146	1571	18.2807
ERR13927339.2147	1642	18.6626
ERR13927339.2148	198	12.1414
ERR13927339.2149	1590	18.5013
ERR13927339.2150	1551	20.8910
ERR13927339.2151	1559	17.2463
ERR13927339.2152	1590	16.1252
ERR13927339.2153	1594	14.1405
ERR13927339.2154	1610	21.5547
ERR13927339.2155	1528	16.6008
ERR13927339.2156	1575	21.5467
ERR13927339.2157	1569	17.4105
ERR13927339.2158	1597	18.7827
ERR13927339.2159	1630	18.5607
ERR13927339.2160	1572	20.0668
ERR13927339.2161	1564	18.0710
ERR13927339.2162	1584	18.7891
ERR13927339.2163	1589	19.6381
ERR13927339.2164	1577	15.4667
ERR13927339.2165	1587	15.4713
ERR13927339.2166	1514	14.6843
ERR13927339.2167	1567	15.0453
ERR13927339.2168	1589	21.9673
ERR13927339.2169	1552	18.0329
ERR13927339.2170	1584	15.6963
ERR13927339.2171	1592	16.2519
ERR13927339.2172	1548	20.9826
ERR13927339.2173	1567	19.8819
ERR13927339.2174	1571	18.0764
ERR13927339.2175	1585	16.9394
ERR13927339.2176	1525	15.9423
ERR13927339.2177	1550	19.6239
ERR13927339.2178	1590	16.7616
ERR13927339.2179	1562	16.8688
ERR13927339.2180	1552	19.0393
ERR13927339.2181	1559	15.8461
ERR13927339.2182	1535	19.5433
ERR13927339.2183	1551	19.8794
ERR13927339.2184	1612	17.6911
ERR13927339.2185	1586	16.9533
ERR13927339.2186	1591	18.3344
ERR13927339.2187	1563	17.3333
ERR13927339.2188	1415	16.3173
ERR13927339.2189	1565	19.1438
ERR13927339.2190	1562	17.9008
ERR13927339.2191	1608	19.4534
ERR13927339.2192	1587	22.0460
ERR13927339.2193	1547	19.7311
ERR13927339.2194	1605	18.0667
ERR13927339.2195	1573	19.6834
ERR13927339.2196	1572	16.5910
ERR13927339.2197	1547	16.7906
ERR13927339.2198	1620	15.2395
ERR13927339.2199	1566	17.8340
ERR13927339.2200	1548	15.9089
ERR13927339.2201	1603	17.3793
ERR13927339.2202	1562	19.4193
ERR13927339.2203	1555	16.2508
ERR13927339.2204	1548	15.5161
ERR13927339.2205	1555	15.9987
ERR13927339.2206	1592	15.8141
ERR13927339.2207	1600	20.3225
ERR13927339.2208	1522	15.7004
ERR13927339.2209	1608	19.3234
ERR13927339.2210	1576	16.9448
ERR13927339.2211	1517	14.7811
ERR13927339.2212	1580	18.6544
ERR13927339.2213	1568	19.8992
ERR13927339.2214	1571	16.5493
ERR13927339.2215	1570	19.0873
ERR13927339.2216	1438	14.9138
ERR13927339.2217	1563	21.0601
ERR13927339.2218	1564	18.7417
ERR13927339.2219	1579	19.8455
ERR13927339.2220	1607	19.9564
ERR13927339.2221	1592	16.9956
ERR13927339.2222	1569	17.8585
ERR13927339.2223	1592	17.1608
ERR13927339.2224	1566	16.2280
ERR13927339.2225	1572	18.1616
ERR13927339.2226	1579	18.7492
ERR13927339.2227	1440	15.7792
ERR13927339.2228	1534	15.4785
ERR13927339.2229	1529	19.1517
ERR13927339.2230	1531	17.8674
ERR13927339.2231	1510	16.7040
ERR13927339.2232	1595	16.6608
ERR13927339.2233	1534	16.0906
ERR13927339.2234	1571	18.8956
ERR13927339.2235	1578	17.7009
ERR13927339.2236	1556	18.6228
ERR13927339.2237	1547	21.7253
ERR13927339.2238	1564	19.0237
ERR13927339.2239	1564	17.6228
ERR13927339.2240	1587	17.5299
ERR13927339.2241	1605	19.4636
ERR13927339.2242	1616	18.6083
ERR13927339.2243	1545	16.3955
ERR13927339.2244	1506	15.9243
ERR13927339.2245	1582	20.6688
ERR13927339.2246	1589	15.4456
ERR13927339.2247	1546	15.3014
ERR13927339.2248	1555	19.2084
ERR13927339.2249	1352	21.0266
ERR13927339.2250	708	16.5607
ERR13927339.2251	197	13.9898
ERR13927339.2252	1612	19.2239
ERR13927339.2253	1564	16.2027
ERR13927339.2254	1547	15.6154
ERR13927339.2255	1581	19.3466
ERR13927339.2256	1557	17.5498
ERR13927339.2257	1610	17.8975
ERR13927339.2258	1556	18.1144
ERR13927339.2259	1572	15.8022
ERR13927339.2260	1692	17.7571
ERR13927339.2261	1596	19.5414
ERR13927339.2262	1606	20.4614
ERR13927339.2263	1587	15.9893
ERR13927339.2264	1575	15.9175
ERR13927339.2265	1572	19.1469
ERR13927339.2266	1568	19.7819
ERR13927339.2267	1580	17.9316
ERR13927339.2268	1548	16.0207
ERR13927339.2269	1539	16.6127
ERR13927339.2270	1534	15.2686
ERR13927339.2271	1535	15.3309
ERR13927339.2272	1573	20.2689
ERR13927339.2273	1556	18.7519
ERR13927339.2274	3206	17.1061
ERR13927339.2275	1564	17.6292
ERR13927339.2276	1161	18.5401
ERR13927339.2277	1583	20.1194
ERR13927339.2278	1595	16.8658
ERR13927339.2279	1611	18.7896
ERR13927339.2280	321	17.0779
ERR13927339.2281	1578	18.3574
ERR13927339.2282	1569	17.3168
ERR13927339.2283	1581	22.5585
ERR13927339.2284	1554	15.7728
ERR13927339.2285	1564	15.2564
ERR13927339.2286	1565	20.0313
ERR13927339.2287	730	18.0575
ERR13927339.2288	1527	22.1205
ERR13927339.2289	1603	17.8584
ERR13927339.2290	1588	18.0321
ERR13927339.2291	1603	15.6725
ERR13927339.2292	1565	18.2735
ERR13927339.2293	1601	19.3535
ERR13927339.2294	1558	17.9589
ERR13927339.2295	1542	16.6543
ERR13927339.2296	1521	19.3333
ERR13927339.2297	1615	16.3969
ERR13927339.2298	1561	16.7015
ERR13927339.2299	1581	20.7280
ERR13927339.2300	1595	15.9285
ERR13927339.2301	1583	19.0543
ERR13927339.2302	1581	20.7552
ERR13927339.2303	1605	18.8717
ERR13927339.2304	1567	20.0581
ERR13927339.2305	1563	19.4639
ERR13927339.2306	1561	21.1813
ERR13927339.2307	1569	18.2345
ERR13927339.2308	1602	17.9600
ERR13927339.2309	1561	17.9500
ERR13927339.2310	1562	18.0359
ERR13927339.2311	1566	17.2497
ERR13927339.2312	1578	18.4322
ERR13927339.2313	1552	17.9820
ERR13927339.2314	1564	20.4463
ERR13927339.2315	1515	16.7604
ERR13927339.2316	1587	19.7536
ERR13927339.2317	1571	19.2654
ERR13927339.2318	1543	20.3811
ERR13927339.2319	1580	19.8152
ERR13927339.2320	1585	20.1647
ERR13927339.2321	1590	17.8535
ERR13927339.2322	1568	18.3374
ERR13927339.2323	1558	20.9294
ERR13927339.2324	1527	15.6045
ERR13927339.2325	1573	16.6955
ERR13927339.2326	1571	18.2680
ERR13927339.2327	1595	18.8608
ERR13927339.2328	1574	15.2878
ERR13927339.2329	1528	16.3004
ERR13927339.2330	1563	21.5739
ERR13927339.2331	1571	20.2196
ERR13927339.2332	1583	15.7625
ERR13927339.2333	1575	17.4051
ERR13927339.2334	1594	19.7585
ERR13927339.2335	1562	14.6805
ERR13927339.2336	1543	20.4835
ERR13927339.2337	1557	20.5581
ERR13927339.2338	1571	17.0554
ERR13927339.2339	1543	15.1841
ERR13927339.2340	1591	20.7241
ERR13927339.2341	1541	18.7138
ERR13927339.2342	1517	19.3560
ERR13927339.2343	1552	16.2738
ERR13927339.2344	1597	17.4252
ERR13927339.2345	1587	19.0321
ERR13927339.2346	1564	18.2199
ERR13927339.2347	1593	18.3390
ERR13927339.2348	1584	18.5789
ERR13927339.2349	1605	19.6374
ERR13927339.2350	1582	19.6018
ERR13927339.2351	1570	20.2752
ERR13927339.2352	1577	17.2651
ERR13927339.2353	1580	20.3222
ERR13927339.2354	1553	21.1719
ERR13927339.2355	1571	18.0286
ERR13927339.2356	1556	17.7751
ERR13927339.2357	1556	16.8111
ERR13927339.2358	1570	19.4860
ERR13927339.2359	1579	16.3737
ERR13927339.2360	1621	16.9482
ERR13927339.2361	1625	21.0474
ERR13927339.2362	1584	20.3447
ERR13927339.2363	1565	18.1188
ERR13927339.2364	1570	19.8510
ERR13927339.2365	1567	17.9828
ERR13927339.2366	1096	15.4973
ERR13927339.2367	1558	18.1919
ERR13927339.2368	1559	16.0532
ERR13927339.2369	1557	18.8818
ERR13927339.2370	1593	19.6321
ERR13927339.2371	1569	20.5411
ERR13927339.2372	1605	16.8941
ERR13927339.2373	1565	17.1495
ERR13927339.2374	1562	16.7260
ERR13927339.2375	1567	18.9828
ERR13927339.2376	1654	19.1820
ERR13927339.2377	1564	16.4840
ERR13927339.2378	1563	17.7191
ERR13927339.2379	1565	19.7259
ERR13927339.2380	1535	16.5961
ERR13927339.2381	1538	15.2406
ERR13927339.2382	1593	15.0829
ERR13927339.2383	1577	18.1630
ERR13927339.2384	1554	21.8288
ERR13927339.2385	1582	21.2617
ERR13927339.2386	1557	16.3571
ERR13927339.2387	1575	17.5333
ERR13927339.2388	1602	20.3321
ERR13927339.2389	1559	18.9064
ERR13927339.2390	1572	20.7754
ERR13927339.2391	1589	19.2177
ERR13927339.2392	1591	19.8272
ERR13927339.2393	1564	17.9137
ERR13927339.2394	1585	19.8562
ERR13927339.2395	1542	15.5026
ERR13927339.2396	1556	18.6517
ERR13927339.2397	1607	20.2956
ERR13927339.2398	1578	17.6616
ERR13927339.2399	1563	17.8324
ERR13927339.2400	1552	18.0316
ERR13927339.2401	1570	16.1268
ERR13927339.2402	1571	14.4048
ERR13927339.2403	1589	17.2159
ERR13927339.2404	1578	19.2731
ERR13927339.2405	1583	19.4245
ERR13927339.2406	1567	15.8870
ERR13927339.2407	1589	17.0390
ERR13927339.2408	1572	17.7545
ERR13927339.2409	1577	18.8865
ERR13927339.2410	1577	15.9721
ERR13927339.2411	1565	20.0812
ERR13927339.2412	1566	19.5677
ERR13927339.2413	1626	19.5049
ERR13927339.2414	1541	18.4406
ERR13927339.2415	1608	18.9571
ERR13927339.2416	1577	18.8561
ERR13927339.2417	1570	15.9541
ERR13927339.2418	1616	18.1943
ERR13927339.2419	1547	19.4719
ERR13927339.2420	1530	16.8399
ERR13927339.2421	1555	15.5743
ERR13927339.2422	1610	21.2161
ERR13927339.2423	1580	18.9000
ERR13927339.2424	1569	15.5870
ERR13927339.2425	1565	17.6153
ERR13927339.2426	1519	16.1810
ERR13927339.2427	1583	16.2160
ERR13927339.2428	1566	20.1877
ERR13927339.2429	1567	17.5373
ERR13927339.2430	1569	17.5029
ERR13927339.2431	1610	18.1522
ERR13927339.2432	1513	16.1586
ERR13927339.2433	1549	13.8702
ERR13927339.2434	1548	15.1292
ERR13927339.2435	1587	18.9641
ERR13927339.2436	1530	16.6150
ERR13927339.2437	1570	21.0395
ERR13927339.2438	1562	15.1287
ERR13927339.2439	1522	16.0388
ERR13927339.2440	1585	19.2757
ERR13927339.2441	1625	16.8025
ERR13927339.2442	1545	18.0958
ERR13927339.2443	1575	19.9327
ERR13927339.2444	1612	17.7903
ERR13927339.2445	1585	19.4763
ERR13927339.2446	1455	18.4474
ERR13927339.2447	1586	16.3644
ERR13927339.2448	1572	21.0560
ERR13927339.2449	1584	19.5253
ERR13927339.2450	1551	20.9529
ERR13927339.2451	1523	18.1681
ERR13927339.2452	1602	16.1467
ERR13927339.2453	1572	18.4618
ERR13927339.2454	1555	19.0315
ERR13927339.2455	1563	18.5035
ERR13927339.2456	1548	17.5265
ERR13927339.2457	1546	17.5317
ERR13927339.2458	1549	18.9567
ERR13927339.2459	1582	16.1700
ERR13927339.2460	1571	17.3463
ERR13927339.2461	1560	19.7897
ERR13927339.2462	1599	13.9737
ERR13927339.2463	1568	18.6792
ERR13927339.2464	1562	15.5640
ERR13927339.2465	1585	18.2707
ERR13927339.2466	1554	19.3346
ERR13927339.2467	1531	16.8060
ERR13927339.2468	1605	19.8667
ERR13927339.2469	1518	16.2668
ERR13927339.2470	1607	15.7922
ERR13927339.2471	1599	21.3327
ERR13927339.2472	1541	15.5535
ERR13927339.2473	1537	17.7118
ERR13927339.2474	1558	18.5006
ERR13927339.2475	1579	16.2312
ERR13927339.2476	1528	15.7873
ERR13927339.2477	1521	17.9178
ERR13927339.2478	1559	18.3534
ERR13927339.2479	1572	19.9682
ERR13927339.2480	1562	20.7138
ERR13927339.2481	1570	16.4497
ERR13927339.2482	1579	20.3990
ERR13927339.2483	1586	21.2579
ERR13927339.2484	1563	21.8471
ERR13927339.2485	1574	18.9644
ERR13927339.2486	1598	15.8486
ERR13927339.2487	1553	14.5769
ERR13927339.2488	1558	15.1926
ERR13927339.2489	1571	18.1057
ERR13927339.2490	1569	19.6845
ERR13927339.2491	1237	19.4414
ERR13927339.2492	1611	18.7157
ERR13927339.2493	1588	17.6902
ERR13927339.2494	1518	15.4348
ERR13927339.2495	1620	17.6235
ERR13927339.2496	1572	19.1641
ERR13927339.2497	1665	19.0799
ERR13927339.2498	1612	19.7705
ERR13927339.2499	1558	17.5911
ERR13927339.2500	1565	17.7732
ERR13927339.2501	1574	19.7230
ERR13927339.2502	1554	17.5367
ERR13927339.2503	1600	18.2594
ERR13927339.2504	1572	15.3461
ERR13927339.2505	190	11.3526
ERR13927339.2506	1583	18.4100
ERR13927339.2507	1513	18.6107
ERR13927339.2508	1480	19.8426
ERR13927339.2509	1533	19.6582
ERR13927339.2510	1573	17.3185
ERR13927339.2511	1663	18.2934
ERR13927339.2512	1569	18.3372
ERR13927339.2513	1568	15.7175
ERR13927339.2514	1568	20.5536
ERR13927339.2515	1581	16.3257
ERR13927339.2516	1555	20.9068
ERR13927339.2517	1560	19.9744
ERR13927339.2518	1591	15.9749
ERR13927339.2519	1552	15.1418
ERR13927339.2520	1565	18.2505
ERR13927339.2521	1539	17.8337
ERR13927339.2522	1533	18.6882
ERR13927339.2523	2302	24.6833
ERR13927339.2524	1558	14.9653
ERR13927339.2525	1546	17.1061
ERR13927339.2526	1607	18.9465
ERR13927339.2527	1601	17.4697
ERR13927339.2528	1611	15.2973
ERR13927339.2529	1547	15.3148
ERR13927339.2530	1572	19.4135
ERR13927339.2531	1590	16.9566
ERR13927339.2532	1579	19.7530
ERR13927339.2533	1570	18.3529
ERR13927339.2534	1592	18.5942
ERR13927339.2535	1586	17.2938
ERR13927339.2536	1588	19.2657
ERR13927339.2537	1562	17.4738
ERR13927339.2538	1577	21.4147
ERR13927339.2539	1577	19.0685
ERR13927339.2540	167	14.2156
ERR13927339.2541	1675	14.6878
ERR13927339.2542	1542	18.4241
ERR13927339.2543	1595	18.6928
ERR13927339.2544	1613	17.3652
ERR13927339.2545	1517	15.7983
ERR13927339.2546	1563	19.4997
ERR13927339.2547	1553	18.3265
ERR13927339.2548	1465	16.4846
ERR13927339.2549	395	14.5266
ERR13927339.2550	1582	18.4482
ERR13927339.2551	1592	18.0848
ERR13927339.2552	616	17.2857
ERR13927339.2553	1563	17.6731
ERR13927339.2554	1588	16.4326
ERR13927339.2555	1558	16.6752
ERR13927339.2556	1595	19.3110
ERR13927339.2557	1612	19.5819
ERR13927339.2558	1564	18.1189
ERR13927339.2559	1531	17.1398
ERR13927339.2560	1550	16.9529
ERR13927339.2561	1602	18.0194
ERR13927339.2562	1553	17.8976
ERR13927339.2563	1568	18.3763
ERR13927339.2564	1585	18.6662
ERR13927339.2565	1567	16.5501
ERR13927339.2566	1532	16.3701
ERR13927339.2567	1570	21.4248
ERR13927339.2568	1579	22.4756
ERR13927339.2569	1561	18.6547
ERR13927339.2570	1612	18.7500
ERR13927339.2571	1571	20.9268
ERR13927339.2572	1564	19.9290
ERR13927339.2573	1564	17.5537
ERR13927339.2574	1550	18.5129
ERR13927339.2575	1548	20.5394
ERR13927339.2576	1601	16.2261
ERR13927339.2577	1579	20.6814
ERR13927339.2578	1547	16.1752
ERR13927339.2579	1584	18.9432
ERR13927339.2580	1515	16.5340
ERR13927339.2581	1545	17.8117
ERR13927339.2582	1568	15.5957
ERR13927339.2583	1586	19.2856
ERR13927339.2584	1538	17.3095
ERR13927339.2585	1571	17.9835
ERR13927339.2586	1587	19.7196
ERR13927339.2587	1564	20.1809
ERR13927339.2588	1570	15.4140
ERR13927339.2589	1564	18.5723
ERR13927339.2590	1581	19.7343
ERR13927339.2591	1587	14.8273
ERR13927339.2592	1548	17.7978
ERR13927339.2593	1525	17.4793
ERR13927339.2594	1523	16.9639
ERR13927339.2595	1577	18.1230
ERR13927339.2596	1585	17.3596
ERR13927339.2597	1554	18.2941
ERR13927339.2598	1584	21.1736
ERR13927339.2599	1600	13.8356
ERR13927339.2600	1587	20.7769
ERR13927339.2601	1558	17.1232
ERR13927339.2602	877	19.8301
ERR13927339.2603	1611	18.3104
ERR13927339.2604	1386	16.8377
ERR13927339.2605	1564	18.3676
ERR13927339.2606	1622	18.9192
ERR13927339.2607	1568	20.8131
ERR13927339.2608	1556	20.8946
ERR13927339.2609	1556	18.8419
ERR13927339.2610	1549	18.1033
ERR13927339.2611	1555	16.2148
ERR13927339.2612	975	17.4318
ERR13927339.2613	1587	14.5142
ERR13927339.2614	1582	15.9899
ERR13927339.2615	1565	16.7240
ERR13927339.2616	1552	18.1024
ERR13927339.2617	1559	15.7377
ERR13927339.2618	1563	19.1811
ERR13927339.2619	1566	18.5262
ERR13927339.2620	1576	19.7786
ERR13927339.2621	3163	20.3939
ERR13927339.2622	1584	20.0518
ERR13927339.2623	1558	16.5745
ERR13927339.2624	1598	19.3824
ERR13927339.2625	1545	17.4738
ERR13927339.2626	1546	19.1947
ERR13927339.2627	1574	15.8494
ERR13927339.2628	1091	15.0027
ERR13927339.2629	1557	18.5151
ERR13927339.2630	1587	14.7442
ERR13927339.2631	1548	16.4703
ERR13927339.2632	1581	19.7457
ERR13927339.2633	1603	19.0418
ERR13927339.2634	1577	19.1211
ERR13927339.2635	1549	15.5901
ERR13927339.2636	1559	17.2348
ERR13927339.2637	1570	19.8503
ERR13927339.2638	1551	14.7569
ERR13927339.2639	1563	17.8816
ERR13927339.2640	1579	18.2103
ERR13927339.2641	1573	18.9625
ERR13927339.2642	1565	19.6498
ERR13927339.2643	1554	17.2046
ERR13927339.2644	1529	16.8581
ERR13927339.2645	1612	20.7190
ERR13927339.2646	1650	18.1382
ERR13927339.2647	1626	23.4244
ERR13927339.2648	1611	21.9193
ERR13927339.2649	1554	20.1699
ERR13927339.2650	1580	18.7392
ERR13927339.2651	1560	15.1769
ERR13927339.2652	1560	20.1891
ERR13927339.2653	1582	18.8736
ERR13927339.2654	1587	20.8072
ERR13927339.2655	1633	20.3631
ERR13927339.2656	1546	17.3014
ERR13927339.2657	1592	16.7098
ERR13927339.2658	1607	19.2757
ERR13927339.2659	1595	19.4520
ERR13927339.2660	1570	19.0949
ERR13927339.2661	1559	19.1886
ERR13927339.2662	1534	17.1695
ERR13927339.2663	1615	19.2353
ERR13927339.2664	1540	15.3110
ERR13927339.2665	1573	19.1538
ERR13927339.2666	1543	16.7764
ERR13927339.2667	988	16.0567
ERR13927339.2668	1553	20.2337
ERR13927339.2669	1554	20.3044
ERR13927339.2670	1579	16.5244
ERR13927339.2671	1569	17.6348
ERR13927339.2672	1562	18.8649
ERR13927339.2673	1574	17.9149
ERR13927339.2674	1518	15.9084
ERR13927339.2675	1570	16.3949
ERR13927339.2676	1593	19.0992
ERR13927339.2677	1193	16.6387
ERR13927339.2678	1531	16.0398
ERR13927339.2679	1592	19.5490
ERR13927339.2680	191	16.1990
ERR13927339.2681	1549	19.3906
ERR13927339.2682	1570	22.4153
ERR13927339.2683	1576	18.4137
ERR13927339.2684	1579	19.2362
ERR13927339.2685	1625	21.2880
ERR13927339.2686	1544	20.0997
ERR13927339.2687	1554	18.0167
ERR13927339.2688	1570	21.0287
ERR13927339.2689	1555	18.0875
ERR13927339.2690	1591	17.4494
ERR13927339.2691	1577	16.1103
ERR13927339.2692	1617	20.8806
ERR13927339.2693	1500	16.9727
ERR13927339.2694	1565	17.2965
ERR13927339.2695	1546	17.6921
ERR13927339.2696	1552	17.7526
ERR13927339.2697	1590	20.1836
ERR13927339.2698	1537	17.9967
ERR13927339.2699	1534	16.2725
ERR13927339.2700	1577	18.7102
ERR13927339.2701	1600	19.7194
ERR13927339.2702	1551	16.7847
ERR13927339.2703	1593	17.8261
ERR13927339.2704	1585	19.5413
ERR13927339.2705	1568	20.2315
ERR13927339.2706	224	14.8259
ERR13927339.2707	1602	19.3508
ERR13927339.2708	1582	18.4317
ERR13927339.2709	1569	18.7674
ERR13927339.2710	244	13.0082
ERR13927339.2711	1605	18.1252
ERR13927339.2712	1614	15.8575
ERR13927339.2713	1564	18.6464
ERR13927339.2714	1610	17.8242
ERR13927339.2715	1570	18.1981
ERR13927339.2716	1600	18.4075
ERR13927339.2717	686	18.9577
ERR13927339.2718	1593	17.0615
ERR13927339.2719	1503	16.9368
ERR13927339.2720	1582	19.0070
ERR13927339.2721	1547	20.7867
ERR13927339.2722	1600	19.0075
ERR13927339.2723	1539	19.3320
ERR13927339.2724	3122	14.9478
ERR13927339.2725	1559	16.0693
ERR13927339.2726	1595	19.5824
ERR13927339.2727	1560	15.9853
ERR13927339.2728	1591	17.3878
ERR13927339.2729	1576	21.0317
ERR13927339.2730	1527	17.7564
ERR13927339.2731	1530	18.4353
ERR13927339.2732	1556	15.1170
ERR13927339.2733	1613	17.8574
ERR13927339.2734	1568	17.3591
ERR13927339.2735	1558	16.7683
ERR13927339.2736	1595	16.3317
ERR13927339.2737	1568	21.9700
ERR13927339.2738	1554	15.3867
ERR13927339.2739	983	19.0926
ERR13927339.2740	1564	20.6592
ERR13927339.2741	1576	20.7868
ERR13927339.2742	1581	17.1809
ERR13927339.2743	1549	19.3280
ERR13927339.2744	1582	18.8831
ERR13927339.2745	1586	19.2989
ERR13927339.2746	1580	19.5259
ERR13927339.2747	1008	19.3601
ERR13927339.2748	1568	21.3571
ERR13927339.2749	1539	16.0071
ERR13927339.2750	1618	19.3251
ERR13927339.2751	1560	19.8333
ERR13927339.2752	1569	19.4481
ERR13927339.2753	1619	16.6733
ERR13927339.2754	1590	21.1038
ERR13927339.2755	1573	15.7082
ERR13927339.2756	1524	16.6844
ERR13927339.2757	1577	17.6081
ERR13927339.2758	1574	19.5578
ERR13927339.2759	1585	16.5022
ERR13927339.2760	1526	16.4377
ERR13927339.2761	1568	18.8355
ERR13927339.2762	1552	19.1057
ERR13927339.2763	1698	20.7750
ERR13927339.2764	1569	22.0083
ERR13927339.2765	1538	15.8283
ERR13927339.2766	1566	15.1290
ERR13927339.2767	1616	18.7123
ERR13927339.2768	1582	20.1953
ERR13927339.2769	1600	20.9163
ERR13927339.2770	1547	17.4434
ERR13927339.2771	1578	16.0545
ERR13927339.2772	1593	18.2743
ERR13927339.2773	1572	17.3104
ERR13927339.2774	1593	16.6541
ERR13927339.2775	1567	19.7932
ERR13927339.2776	1542	20.4436
ERR13927339.2777	1584	14.3378
ERR13927339.2778	1519	16.9974
ERR13927339.2779	1566	19.3940
ERR13927339.2780	1568	16.1888
ERR13927339.2781	1546	16.3719
ERR13927339.2782	1557	19.6461
ERR13927339.2783	1562	20.7452
ERR13927339.2784	1566	17.3921
ERR13927339.2785	1608	19.1113
ERR13927339.2786	1594	19.1487
ERR13927339.2787	1541	19.9520
ERR13927339.2788	1529	15.9503
ERR13927339.2789	1581	17.9526
ERR13927339.2790	1605	17.1956
ERR13927339.2791	1568	19.5651
ERR13927339.2792	1633	17.7746
ERR13927339.2793	1557	17.6602
ERR13927339.2794	1325	20.7540
ERR13927339.2795	1559	19.3169
ERR13927339.2796	1530	19.3320
ERR13927339.2797	1530	17.7425
ERR13927339.2798	1566	18.5140
ERR13927339.2799	1557	18.3404
ERR13927339.2800	1595	18.8508
ERR13927339.2801	1580	18.4380
ERR13927339.2802	1542	19.7374
ERR13927339.2803	1555	17.5010
ERR13927339.2804	1574	17.7884
ERR13927339.2805	1537	15.8439
ERR13927339.2806	1590	16.8352
ERR13927339.2807	1577	18.8186
ERR13927339.2808	1543	18.2962
ERR13927339.2809	1594	17.7465
ERR13927339.2810	1559	21.2611
ERR13927339.2811	1599	17.1426
ERR13927339.2812	1541	17.5185
ERR13927339.2813	1557	19.0854
ERR13927339.2814	1635	16.3664
ERR13927339.2815	1599	17.1751
ERR13927339.2816	678	15.0015
ERR13927339.2817	819	15.6422
ERR13927339.2818	1553	17.4417
ERR13927339.2819	1590	22.3843
ERR13927339.2820	1555	19.3820
ERR13927339.2821	1603	14.6014
ERR13927339.2822	1564	20.5396
ERR13927339.2823	1536	14.5215
ERR13927339.2824	1545	19.5184
ERR13927339.2825	1534	17.2190
ERR13927339.2826	1519	15.7953
ERR13927339.2827	1530	16.7412
ERR13927339.2828	1582	16.3812
ERR13927339.2829	1557	15.9666
ERR13927339.2830	1599	16.6010
ERR13927339.2831	3217	21.4837
ERR13927339.2832	1574	19.5349
ERR13927339.2833	1556	17.7648
ERR13927339.2834	1624	17.4748
ERR13927339.2835	1568	20.1065
ERR13927339.2836	896	19.4397
ERR13927339.2837	1549	19.3693
ERR13927339.2838	1529	14.6553
ERR13927339.2839	1568	19.6295
ERR13927339.2840	1556	20.4955
ERR13927339.2841	1546	16.4411
ERR13927339.2842	1566	20.9291
ERR13927339.2843	1562	20.1626
ERR13927339.2844	1596	15.2262
ERR13927339.2845	1585	21.4233
ERR13927339.2846	1607	17.9813
ERR13927339.2847	204	14.5049
ERR13927339.2848	1569	17.8725
ERR13927339.2849	1556	16.4679
ERR13927339.2850	1588	17.5844
ERR13927339.2851	1584	19.5259
ERR13927339.2852	1576	17.0647
ERR13927339.2853	1547	20.0530
ERR13927339.2854	1590	20.7006
ERR13927339.2855	1218	18.6806
ERR13927339.2856	1582	16.6650
ERR13927339.2857	1620	17.8494
ERR13927339.2858	242	16.8512
ERR13927339.2859	1263	21.1116
ERR13927339.2860	1550	17.3219
ERR13927339.2861	1559	20.6145
ERR13927339.2862	1589	15.7627
ERR13927339.2863	1594	18.7327
ERR13927339.2864	1581	17.8362
ERR13927339.2865	1600	15.1550
ERR13927339.2866	1506	17.0876
ERR13927339.2867	1586	17.5839
ERR13927339.2868	1552	17.9298
ERR13927339.2869	1566	18.4061
ERR13927339.2870	1583	21.2015
ERR13927339.2871	1558	17.4628
ERR13927339.2872	1565	19.5073
ERR13927339.2873	1592	19.2173
ERR13927339.2874	1560	19.0545
ERR13927339.2875	1536	19.4258
ERR13927339.2876	1603	19.8989
ERR13927339.2877	1569	16.5156
ERR13927339.2878	1580	15.7361
ERR13927339.2879	1558	17.8299
ERR13927339.2880	1579	19.8170
ERR13927339.2881	1581	18.7034
ERR13927339.2882	1563	19.7390
ERR13927339.2883	1586	19.8480
ERR13927339.2884	1575	19.1060
ERR13927339.2885	1582	16.6403
ERR13927339.2886	1502	16.2696
ERR13927339.2887	1567	18.3586
ERR13927339.2888	1565	21.0748
ERR13927339.2889	1575	17.1162
ERR13927339.2890	1556	19.4132
ERR13927339.2891	1569	19.5781
ERR13927339.2892	1547	16.7906
ERR13927339.2893	1563	15.9853
ERR13927339.2894	1590	18.1390
ERR13927339.2895	1565	19.5578
ERR13927339.2896	1582	20.5834
ERR13927339.2897	1534	15.4263
ERR13927339.2898	247	14.2186
ERR13927339.2899	1589	19.2448
ERR13927339.2900	1527	17.4270
ERR13927339.2901	1568	19.3023
ERR13927339.2902	1612	14.9795
ERR13927339.2903	1538	16.5156
ERR13927339.2904	1566	15.8231
ERR13927339.2905	1599	21.2764
ERR13927339.2906	1766	16.8233
ERR13927339.2907	1573	20.1182
ERR13927339.2908	1567	20.3459
ERR13927339.2909	1622	17.3397
ERR13927339.2910	1585	18.4019
ERR13927339.2911	1596	16.8690
ERR13927339.2912	1548	17.1350
ERR13927339.2913	1588	19.5409
ERR13927339.2914	1595	18.6752
ERR13927339.2915	1513	18.1904
ERR13927339.2916	1533	20.4110
ERR13927339.2917	1577	16.1623
ERR13927339.2918	1596	18.3860
ERR13927339.2919	1547	19.7130
ERR13927339.2920	1580	15.7203
ERR13927339.2921	1616	17.8020
ERR13927339.2922	1544	17.8620
ERR13927339.2923	1546	17.7147
ERR13927339.2924	1581	18.4611
ERR13927339.2925	1593	20.2354
ERR13927339.2926	1561	16.9545
ERR13927339.2927	1575	19.9784
ERR13927339.2928	1595	16.3856
ERR13927339.2929	1561	21.1807
ERR13927339.2930	1545	18.6337
ERR13927339.2931	1571	21.8218
ERR13927339.2932	1560	15.5032
ERR13927339.2933	1563	15.4120
ERR13927339.2934	1563	17.1280
ERR13927339.2935	1531	17.6342
ERR13927339.2936	1549	18.8276
ERR13927339.2937	366	18.2568
ERR13927339.2938	1566	17.0824
ERR13927339.2939	1579	19.0830
ERR13927339.2940	1585	16.1533
ERR13927339.2941	1554	19.4176
ERR13927339.2942	1536	20.5234
ERR13927339.2943	1579	17.0317
ERR13927339.2944	1551	20.8852
ERR13927339.2945	1543	16.5969
ERR13927339.2946	1550	15.4768
ERR13927339.2947	1561	15.7284
ERR13927339.2948	1558	17.1207
ERR13927339.2949	1521	14.9415
ERR13927339.2950	1574	18.5241
ERR13927339.2951	1652	19.2131
ERR13927339.2952	1583	16.2280
ERR13927339.2953	1577	16.6328
ERR13927339.2954	1587	20.5362
ERR13927339.2955	1570	21.0306
ERR13927339.2956	1596	21.7945
ERR13927339.2957	1529	16.8064
ERR13927339.2958	1559	19.3791
ERR13927339.2959	1577	17.9100
ERR13927339.2960	1562	20.3937
ERR13927339.2961	1576	18.9391
ERR13927339.2962	1580	14.0658
ERR13927339.2963	1693	19.1388
ERR13927339.2964	1437	19.0487
ERR13927339.2965	1546	18.1992
ERR13927339.2966	1558	19.1309
ERR13927339.2967	1518	15.9921
ERR13927339.2968	1345	15.7613
ERR13927339.2969	1590	18.4208
ERR13927339.2970	1561	19.4164
ERR13927339.2971	1621	20.4362
ERR13927339.2972	1566	17.6999
ERR13927339.2973	1406	15.9239
ERR13927339.2974	1560	20.1474
ERR13927339.2975	1594	16.4693
ERR13927339.2976	1510	17.1351
ERR13927339.2977	1574	22.4701
ERR13927339.2978	1610	20.0882
ERR13927339.2979	1587	19.1021
ERR13927339.2980	1522	15.6938
ERR13927339.2981	1594	19.1029
ERR13927339.2982	1594	21.0402
ERR13927339.2983	1560	15.5333
ERR13927339.2984	1561	18.7258
ERR13927339.2985	1586	19.1797
ERR13927339.2986	1557	17.3288
ERR13927339.2987	1563	15.5163
ERR13927339.2988	1566	19.9272
ERR13927339.2989	3141	19.6167
ERR13927339.2990	1560	19.7865
ERR13927339.2991	1591	21.3143
ERR13927339.2992	1569	20.6386
ERR13927339.2993	1590	21.4830
ERR13927339.2994	1576	20.2126
ERR13927339.2995	1563	17.3461
ERR13927339.2996	1553	18.1687
ERR13927339.2997	1596	21.3452
ERR13927339.2998	1561	20.0167
ERR13927339.2999	1616	18.0056
ERR13927339.3000	1556	18.9062
ERR13927339.3001	1539	15.4224
ERR13927339.3002	1556	18.3753
ERR13927339.3003	1623	14.5391
ERR13927339.3004	1592	16.9485
ERR13927339.3005	1540	16.4870
ERR13927339.3006	1553	15.9788
ERR13927339.3007	1564	15.1151
ERR13927339.3008	1595	18.1492
ERR13927339.3009	1613	18.6683
ERR13927339.3010	1546	15.3687
ERR13927339.3011	1540	20.6188
ERR13927339.3012	1619	16.8017
ERR13927339.3013	1572	21.1018
ERR13927339.3014	1602	15.5137
ERR13927339.3015	1536	15.9473
ERR13927339.3016	1613	17.5555
ERR13927339.3017	1593	18.2392
ERR13927339.3018	1595	19.9229
ERR13927339.3019	1550	22.5071
ERR13927339.3020	1079	16.0500
ERR13927339.3021	1573	19.0178
ERR13927339.3022	1609	15.3754
ERR13927339.3023	1577	18.4946
ERR13927339.3024	1524	15.8819
ERR13927339.3025	1543	15.8983
ERR13927339.3026	1552	17.0522
ERR13927339.3027	1564	18.9623
ERR13927339.3028	1577	18.3640
ERR13927339.3029	1575	16.3276
ERR13927339.3030	1577	19.6164
ERR13927339.3031	1564	17.2532
ERR13927339.3032	1552	19.2403
ERR13927339.3033	1538	16.3986
ERR13927339.3034	1568	21.6460
ERR13927339.3035	1569	19.1504
ERR13927339.3036	1579	15.2584
ERR13927339.3037	1584	19.2626
ERR13927339.3038	1584	18.5884
ERR13927339.3039	1681	19.3462
ERR13927339.3040	1581	15.8665
ERR13927339.3041	1688	23.0634
ERR13927339.3042	1566	17.8780
ERR13927339.3043	1581	22.1480
ERR13927339.3044	1602	17.5069
ERR13927339.3045	1553	16.6433
ERR13927339.3046	1611	18.6996
ERR13927339.3047	1569	18.3238
ERR13927339.3048	1565	14.8262
ERR13927339.3049	1597	19.6900
ERR13927339.3050	1619	20.3261
ERR13927339.3051	1559	16.7107
ERR13927339.3052	1753	17.9778
ERR13927339.3053	1592	18.3116
ERR13927339.3054	1555	16.8399
ERR13927339.3055	1583	17.6949
ERR13927339.3056	1591	18.9862
ERR13927339.3057	1574	20.3907
ERR13927339.3058	1567	19.8488
ERR13927339.3059	1552	17.3273
ERR13927339.3060	1563	21.3500
ERR13927339.3061	1616	19.5835
ERR13927339.3062	1569	19.1746
ERR13927339.3063	1595	18.2627
ERR13927339.3064	1584	18.6496
ERR13927339.3065	1564	19.7980
ERR13927339.3066	1565	18.8230
ERR13927339.3067	1555	20.0476
ERR13927339.3068	1517	16.6585
ERR13927339.3069	1561	16.0692
ERR13927339.3070	1579	18.0342
ERR13927339.3071	1619	20.6418
ERR13927339.3072	1575	18.1168
ERR13927339.3073	1582	17.7889
ERR13927339.3074	1517	14.4766
ERR13927339.3075	1591	19.8316
ERR13927339.3076	1555	16.7280
ERR13927339.3077	1544	18.5861
ERR13927339.3078	1578	19.7047
ERR13927339.3079	1529	18.4330
ERR13927339.3080	1566	17.1386
ERR13927339.3081	1572	16.9816
ERR13927339.3082	1517	15.0303
ERR13927339.3083	1579	20.2502
ERR13927339.3084	1592	17.6658
ERR13927339.3085	1605	18.5346
ERR13927339.3086	1579	17.4782
ERR13927339.3087	1621	20.3924
ERR13927339.3088	1567	16.2004
ERR13927339.3089	1597	17.0526
ERR13927339.3090	1585	16.6858
ERR13927339.3091	1568	20.0332
ERR13927339.3092	1557	15.8182
ERR13927339.3093	1582	18.7592
ERR13927339.3094	1585	20.3836
ERR13927339.3095	1578	17.1572
ERR13927339.3096	1570	17.8771
ERR13927339.3097	1584	19.2980
ERR13927339.3098	1593	18.3082
ERR13927339.3099	1578	20.0146
ERR13927339.3100	1598	19.8029
ERR13927339.3101	1563	17.3775
ERR13927339.3102	1597	19.3175
ERR13927339.3103	1594	18.7146
ERR13927339.3104	1583	14.0865
ERR13927339.3105	1573	20.9587
ERR13927339.3106	898	16.3463
ERR13927339.3107	1556	19.9904
ERR13927339.3108	1532	17.0463
ERR13927339.3109	1547	14.6723
ERR13927339.3110	1563	18.7786
ERR13927339.3111	1559	16.5843
ERR13927339.3112	1571	17.5799
ERR13927339.3113	1555	14.5949
ERR13927339.3114	1580	20.6633
ERR13927339.3115	1622	19.1930
ERR13927339.3116	1556	18.5456
ERR13927339.3117	1587	19.3856
ERR13927339.3118	1599	19.7517
ERR13927339.3119	1558	19.6906
ERR13927339.3120	1626	19.6845
ERR13927339.3121	1568	19.2022
ERR13927339.3122	1587	21.4512
ERR13927339.3123	1558	19.2535
ERR13927339.3124	1531	16.2384
ERR13927339.3125	1528	16.2932
ERR13927339.3126	1547	15.2010
ERR13927339.3127	1535	15.3765
ERR13927339.3128	1518	15.4209
ERR13927339.3129	1546	16.7115
ERR13927339.3130	1579	18.4877
ERR13927339.3131	1574	15.7046
ERR13927339.3132	1516	16.8489
ERR13927339.3133	1641	17.9549
ERR13927339.3134	1593	19.2800
ERR13927339.3135	1565	19.5201
ERR13927339.3136	1558	19.7471
ERR13927339.3137	1556	20.9640
ERR13927339.3138	1595	20.5862
ERR13927339.3139	1570	19.9510
ERR13927339.3140	1565	20.6249
ERR13927339.3141	1577	19.8244
ERR13927339.3142	1567	16.0740
ERR13927339.3143	1531	15.2809
ERR13927339.3144	1581	21.6844
ERR13927339.3145	1554	18.4337
ERR13927339.3146	1568	18.7506
ERR13927339.3147	1616	17.6287
ERR13927339.3148	1530	18.7542
ERR13927339.3149	1584	19.8826
ERR13927339.3150	1575	15.4019
ERR13927339.3151	1561	18.5503
ERR13927339.3152	1582	17.3837
ERR13927339.3153	1590	18.9811
ERR13927339.3154	1485	19.3805
ERR13927339.3155	1550	18.1245
ERR13927339.3156	1587	20.0466
ERR13927339.3157	1575	18.1575
ERR13927339.3158	1576	20.7475
ERR13927339.3159	1553	19.2028
ERR13927339.3160	1515	18.4535
ERR13927339.3161	1547	16.6645
ERR13927339.3162	1534	17.2979
ERR13927339.3163	1598	18.6051
ERR13927339.3164	1536	16.2064
ERR13927339.3165	1581	17.5433
ERR13927339.3166	1563	18.8125
ERR13927339.3167	1586	19.7219
ERR13927339.3168	1554	23.1615
ERR13927339.3169	1621	17.5281
ERR13927339.3170	1583	19.5793
ERR13927339.3171	215	15.5907
ERR13927339.3172	1621	19.3948
ERR13927339.3173	1552	15.9839
ERR13927339.3174	1594	18.7848
ERR13927339.3175	1577	16.6804
ERR13927339.3176	1573	16.6446
ERR13927339.3177	1568	19.1148
ERR13927339.3178	1550	18.4323
ERR13927339.3179	1553	19.7688
ERR13927339.3180	1574	18.0184
ERR13927339.3181	1562	19.1677
ERR13927339.3182	1487	18.1997
ERR13927339.3183	1598	19.1289
ERR13927339.3184	1555	18.3781
ERR13927339.3185	1544	16.9864
ERR13927339.3186	1540	15.3325
ERR13927339.3187	1553	15.5138
ERR13927339.3188	1569	18.1753
ERR13927339.3189	1545	17.4136
ERR13927339.3190	1535	19.9453
ERR13927339.3191	1560	17.6141
ERR13927339.3192	1558	19.7779
ERR13927339.3193	1615	21.8743
ERR13927339.3194	1592	17.4403
ERR13927339.3195	1567	18.9509
ERR13927339.3196	1546	18.3758
ERR13927339.3197	1588	18.6398
ERR13927339.3198	1584	21.4817
ERR13927339.3199	1545	17.5049
ERR13927339.3200	1537	17.7469
ERR13927339.3201	1577	15.2467
ERR13927339.3202	1592	18.9805
ERR13927339.3203	1338	20.6824
ERR13927339.3204	1602	19.7840
ERR13927339.3205	1554	15.9710
ERR13927339.3206	1571	17.6805
ERR13927339.3207	1582	19.0815
ERR13927339.3208	1520	15.4770
ERR13927339.3209	1530	15.9837
ERR13927339.3210	1587	17.1966
ERR13927339.3211	1588	19.0730
ERR13927339.3212	1596	18.2331
ERR13927339.3213	1573	20.5366
ERR13927339.3214	1578	19.3093
ERR13927339.3215	1585	16.2095
ERR13927339.3216	1577	16.4039
ERR13927339.3217	1527	19.4565
ERR13927339.3218	1580	20.0171
ERR13927339.3219	1551	15.6634
ERR13927339.3220	1556	14.6099
ERR13927339.3221	1585	18.0808
ERR13927339.3222	1563	19.8298
ERR13927339.3223	1598	14.9093
ERR13927339.3224	1534	16.3396
ERR13927339.3225	1580	18.3000
ERR13927339.3226	1584	19.4590
ERR13927339.3227	1550	17.1206
ERR13927339.3228	1528	17.7291
ERR13927339.3229	1576	19.2316
ERR13927339.3230	1548	17.2242
ERR13927339.3231	1561	18.2748
ERR13927339.3232	1497	15.4068
ERR13927339.3233	1533	17.3040
ERR13927339.3234	1554	18.4331
ERR13927339.3235	1584	18.1774
ERR13927339.3236	1588	18.8608
ERR13927339.3237	1622	20.4661
ERR13927339.3238	1572	21.4962
ERR13927339.3239	1529	15.7109
ERR13927339.3240	1552	15.0863
ERR13927339.3241	1572	16.6393
ERR13927339.3242	1564	19.5793
ERR13927339.3243	1581	18.6256
ERR13927339.3244	1608	20.5230
ERR13927339.3245	1549	16.7050
ERR13927339.3246	1525	14.6085
ERR13927339.3247	1566	17.9444
ERR13927339.3248	1568	17.0880
ERR13927339.3249	1627	19.5310
ERR13927339.3250	1564	17.8427
ERR13927339.3251	1562	17.0096
ERR13927339.3252	1584	18.2304
ERR13927339.3253	1570	17.1541
ERR13927339.3254	1603	19.5047
ERR13927339.3255	1560	16.1795
ERR13927339.3256	1599	15.8999
ERR13927339.3257	1575	19.5695
ERR13927339.3258	1624	19.6700
ERR13927339.3259	1612	21.9398
ERR13927339.3260	1539	20.2534
ERR13927339.3261	1587	16.9250
ERR13927339.3262	1550	18.6374
ERR13927339.3263	1579	16.5833
ERR13927339.3264	1567	15.3746
ERR13927339.3265	1530	17.7484
ERR13927339.3266	1579	20.0215
ERR13927339.3267	1632	14.3192
ERR13927339.3268	1568	18.5848
ERR13927339.3269	1527	17.2076
ERR13927339.3270	1544	14.8148
ERR13927339.3271	1467	15.6074
ERR13927339.3272	1556	17.3085
ERR13927339.3273	1534	17.6173
ERR13927339.3274	1546	17.0550
ERR13927339.3275	1568	20.3967
ERR13927339.3276	1564	18.9207
ERR13927339.3277	1610	16.7075
ERR13927339.3278	1579	19.4465
ERR13927339.3279	1593	20.8826
ERR13927339.3280	1563	19.2521
ERR13927339.3281	1570	19.2962
ERR13927339.3282	1575	19.3841
ERR13927339.3283	1494	14.9598
ERR13927339.3284	1584	20.2146
ERR13927339.3285	1545	20.8550
ERR13927339.3286	1564	16.9284
ERR13927339.3287	1512	19.7910
ERR13927339.3288	1563	15.9194
ERR13927339.3289	1565	15.5789
ERR13927339.3290	1605	15.9763
ERR13927339.3291	1566	16.9381
ERR13927339.3292	1612	19.7872
ERR13927339.3293	1545	16.1333
ERR13927339.3294	1562	19.5391
ERR13927339.3295	1562	18.1805
ERR13927339.3296	1578	20.3226
ERR13927339.3297	1589	19.8565
ERR13927339.3298	1564	19.0326
ERR13927339.3299	1593	18.7916
ERR13927339.3300	1475	15.1844
ERR13927339.3301	1551	15.7266
ERR13927339.3302	1548	18.6835
ERR13927339.3303	1573	16.5168
ERR13927339.3304	1496	15.6664
ERR13927339.3305	1507	15.9788
ERR13927339.3306	1490	15.7403
ERR13927339.3307	1556	18.2796
ERR13927339.3308	1544	18.6619
ERR13927339.3309	1584	18.6806
ERR13927339.3310	1530	17.2458
ERR13927339.3311	1559	19.0885
ERR13927339.3312	1566	17.4125
ERR13927339.3313	1559	20.9788
ERR13927339.3314	1577	20.4166
ERR13927339.3315	1567	17.9164
ERR13927339.3316	1571	16.5633
ERR13927339.3317	1598	19.3242
ERR13927339.3318	1568	20.3457
ERR13927339.3319	1604	17.9190
ERR13927339.3320	1588	19.0781
ERR13927339.3321	1550	17.0839
ERR13927339.3322	1587	16.3018
ERR13927339.3323	1479	16.4929
ERR13927339.3324	1570	18.7739
ERR13927339.3325	1585	19.7628
ERR13927339.3326	1617	18.4168
ERR13927339.3327	1559	18.6742
ERR13927339.3328	1586	22.0958
ERR13927339.3329	1574	19.4028
ERR13927339.3330	1551	18.7537
ERR13927339.3331	1559	14.8050
ERR13927339.3332	1543	16.2210
ERR13927339.3333	1539	19.7583
ERR13927339.3334	1565	15.2831
ERR13927339.3335	1562	19.0960
ERR13927339.3336	1556	17.5289
ERR13927339.3337	1536	20.0540
ERR13927339.3338	1562	19.3553
ERR13927339.3339	1601	20.6040
ERR13927339.3340	1517	20.4120
ERR13927339.3341	1603	19.0842
ERR13927339.3342	1594	16.0489
ERR13927339.3343	1584	18.7058
ERR13927339.3344	1557	17.5877
ERR13927339.3345	1553	21.2054
ERR13927339.3346	1469	15.7862
ERR13927339.3347	1552	19.0999
ERR13927339.3348	1569	17.5010
ERR13927339.3349	1584	18.1869
ERR13927339.3350	1557	18.6538
ERR13927339.3351	1535	15.2632
ERR13927339.3352	1561	19.0205
ERR13927339.3353	1528	14.1767
ERR13927339.3354	1536	20.7201
ERR13927339.3355	1575	16.4305
ERR13927339.3356	1561	20.0512
ERR13927339.3357	1564	19.9565
ERR13927339.3358	1544	17.8141
ERR13927339.3359	1541	18.4750
ERR13927339.3360	1583	20.8661
ERR13927339.3361	1539	20.1111
ERR13927339.3362	1562	19.2298
ERR13927339.3363	1566	19.0754
ERR13927339.3364	1564	20.3465
ERR13927339.3365	1623	19.6938
ERR13927339.3366	1601	19.2829
ERR13927339.3367	1560	20.3250
ERR13927339.3368	1568	18.2022
ERR13927339.3369	1572	18.2913
ERR13927339.3370	1540	14.6883
ERR13927339.3371	1619	18.9481
ERR13927339.3372	1549	17.5623
ERR13927339.3373	1585	19.5703
ERR13927339.3374	1560	16.6577
ERR13927339.3375	1502	18.3016
ERR13927339.3376	1574	18.8412
ERR13927339.3377	1585	19.3943
ERR13927339.3378	1612	21.1383
ERR13927339.3379	1564	18.4629
ERR13927339.3380	1554	18.5656
ERR13927339.3381	1561	20.7239
ERR13927339.3382	1553	15.4507
ERR13927339.3383	1560	15.9333
ERR13927339.3384	1577	20.3012
ERR13927339.3385	1559	16.7004
ERR13927339.3386	1564	21.8862
ERR13927339.3387	1559	15.7300
ERR13927339.3388	1601	18.0974
ERR13927339.3389	1608	17.2755
ERR13927339.3390	1568	20.1148
ERR13927339.3391	1552	15.2055
ERR13927339.3392	1578	20.6210
ERR13927339.3393	1588	19.0730
ERR13927339.3394	1595	20.3009
ERR13927339.3395	1557	21.1471
ERR13927339.3396	1559	19.9955
ERR13927339.3397	1578	17.5342
ERR13927339.3398	1571	19.0306
ERR13927339.3399	1584	18.8466
ERR13927339.3400	1535	19.0619
ERR13927339.3401	1554	17.9923
ERR13927339.3402	1279	21.0962
ERR13927339.3403	1041	18.6609
ERR13927339.3404	1527	14.9116
ERR13927339.3405	1578	19.3574
ERR13927339.3406	1578	16.4886
ERR13927339.3407	1588	17.4402
ERR13927339.3408	1581	16.3163
ERR13927339.3409	1533	18.0072
ERR13927339.3410	340	16.4412
ERR13927339.3411	1573	20.6192
ERR13927339.3412	1544	18.3251
ERR13927339.3413	1575	15.9194
ERR13927339.3414	1592	20.1539
ERR13927339.3415	1541	17.8183
ERR13927339.3416	1586	18.7970
ERR13927339.3417	1547	16.0847
ERR13927339.3418	1561	17.2306
ERR13927339.3419	1503	21.4371
ERR13927339.3420	1609	19.9260
ERR13927339.3421	1545	16.6485
ERR13927339.3422	1561	17.0762
ERR13927339.3423	1583	20.3209
ERR13927339.3424	1564	18.3107
ERR13927339.3425	1551	17.3959
ERR13927339.3426	1560	19.1795
ERR13927339.3427	1560	16.4776
ERR13927339.3428	1562	16.7631
ERR13927339.3429	1564	18.5243
ERR13927339.3430	1564	19.5959
ERR13927339.3431	1578	18.6508
ERR13927339.3432	1569	16.6393
ERR13927339.3433	337	15.6231
ERR13927339.3434	1569	20.7482
ERR13927339.3435	1596	16.6974
ERR13927339.3436	1558	18.7824
ERR13927339.3437	1566	19.6239
ERR13927339.3438	1631	16.2452
ERR13927339.3439	1552	17.6791
ERR13927339.3440	1565	19.7335
ERR13927339.3441	1580	17.1785
ERR13927339.3442	1580	18.9392
ERR13927339.3443	1602	16.7984
ERR13927339.3444	1582	19.9564
ERR13927339.3445	1580	19.2222
ERR13927339.3446	1548	16.7681
ERR13927339.3447	1562	19.1613
ERR13927339.3448	1585	20.6877
ERR13927339.3449	1577	15.8301
ERR13927339.3450	1603	17.7056
ERR13927339.3451	1547	23.1435
ERR13927339.3452	1554	18.4653
ERR13927339.3453	1559	17.4817
ERR13927339.3454	1581	15.3061
ERR13927339.3455	1562	19.1825
ERR13927339.3456	1536	18.8249
ERR13927339.3457	1593	15.9140
ERR13927339.3458	1632	19.2574
ERR13927339.3459	1295	16.3815
ERR13927339.3460	1610	18.0161
ERR13927339.3461	1571	19.2400
ERR13927339.3462	1571	16.1451
ERR13927339.3463	1626	19.3555
ERR13927339.3464	1541	16.6502
ERR13927339.3465	1563	16.2342
ERR13927339.3466	1543	15.3020
ERR13927339.3467	1575	18.1270
ERR13927339.3468	1583	19.1314
ERR13927339.3469	1559	18.7351
ERR13927339.3470	1570	18.9064
ERR13927339.3471	1589	18.4091
ERR13927339.3472	1566	17.1296
ERR13927339.3473	1575	17.4489
ERR13927339.3474	752	14.7154
ERR13927339.3475	1637	20.9414
ERR13927339.3476	1569	19.4933
ERR13927339.3477	1594	16.7390
ERR13927339.3478	1576	18.0939
ERR13927339.3479	1560	17.1205
ERR13927339.3480	1553	17.9453
ERR13927339.3481	1586	19.1589
ERR13927339.3482	1538	19.1983
ERR13927339.3483	1590	18.7547
ERR13927339.3484	1533	18.7541
ERR13927339.3485	1559	18.3611
ERR13927339.3486	1554	17.5824
ERR13927339.3487	1631	17.9178
ERR13927339.3488	1619	15.2693
ERR13927339.3489	1543	20.1964
ERR13927339.3490	1581	18.2239
ERR13927339.3491	1557	15.7136
ERR13927339.3492	1584	15.8011
ERR13927339.3493	1583	19.4169
ERR13927339.3494	1575	17.8838
ERR13927339.3495	1586	19.4029
ERR13927339.3496	1576	21.1707
ERR13927339.3497	1561	17.4331
ERR13927339.3498	1571	19.2623
ERR13927339.3499	1603	19.6987
ERR13927339.3500	1600	18.4156
ERR13927339.3501	1584	18.8460
ERR13927339.3502	176	10.2102
ERR13927339.3503	1585	15.4328
ERR13927339.3504	1578	17.0025
ERR13927339.3505	1616	20.3057
ERR13927339.3506	1547	17.8513
ERR13927339.3507	1239	18.8200
ERR13927339.3508	1553	17.3902
ERR13927339.3509	1572	17.8645
ERR13927339.3510	1584	19.5101
ERR13927339.3511	1435	15.3993
ERR13927339.3512	1559	16.3977
ERR13927339.3513	1602	20.3365
ERR13927339.3514	792	19.7273
ERR13927339.3515	1536	17.1224
ERR13927339.3516	1752	17.2945
ERR13927339.3517	1566	19.4336
ERR13927339.3518	1574	20.1989
ERR13927339.3519	1549	20.5539
ERR13927339.3520	1604	19.6671
ERR13927339.3521	1586	16.7982
ERR13927339.3522	1580	19.4329
ERR13927339.3523	1539	18.7979
ERR13927339.3524	1573	15.7018
ERR13927339.3525	1566	19.4649
ERR13927339.3526	1562	19.3803
ERR13927339.3527	1523	18.3270
ERR13927339.3528	1567	17.5558
ERR13927339.3529	1564	18.7174
ERR13927339.3530	1576	18.7100
ERR13927339.3531	1561	19.7053
ERR13927339.3532	1586	19.8960
ERR13927339.3533	1565	18.9035
ERR13927339.3534	1539	16.3925
ERR13927339.3535	1568	19.6231
ERR13927339.3536	1568	19.5077
ERR13927339.3537	1599	18.3940
ERR13927339.3538	1577	18.4876
ERR13927339.3539	1564	17.6950
ERR13927339.3540	1545	15.7482
ERR13927339.3541	1569	18.1294
ERR13927339.3542	1569	17.8451
ERR13927339.3543	1596	20.7857
ERR13927339.3544	1552	14.2854
ERR13927339.3545	1568	15.0357
ERR13927339.3546	1544	20.7630
ERR13927339.3547	1573	18.9065
ERR13927339.3548	1565	18.8486
ERR13927339.3549	1547	13.8442
ERR13927339.3550	1596	16.7018
ERR13927339.3551	1571	17.4456
ERR13927339.3552	1593	18.6284
ERR13927339.3553	1574	18.5102
ERR13927339.3554	1589	17.3631
ERR13927339.3555	1538	15.9512
ERR13927339.3556	1522	17.1912
ERR13927339.3557	1585	20.0170
ERR13927339.3558	1586	19.2257
ERR13927339.3559	1551	16.9478
ERR13927339.3560	1608	21.3831
ERR13927339.3561	1567	19.5322
ERR13927339.3562	1583	17.1049
ERR13927339.3563	1543	19.5496
ERR13927339.3564	1579	22.1457
ERR13927339.3565	1574	19.2579
ERR13927339.3566	1321	15.9985
ERR13927339.3567	1564	19.5748
ERR13927339.3568	1569	17.8713
ERR13927339.3569	1558	17.0828
ERR13927339.3570	1528	18.7749
ERR13927339.3571	1554	14.7690
ERR13927339.3572	1591	18.7203
ERR13927339.3573	1557	16.9698
ERR13927339.3574	1536	15.7253
ERR13927339.3575	1538	20.2887
ERR13927339.3576	1567	19.9764
ERR13927339.3577	1613	20.3224
ERR13927339.3578	1574	18.5629
ERR13927339.3579	1669	18.6159
ERR13927339.3580	1561	19.3299
ERR13927339.3581	1590	19.0132
ERR13927339.3582	1543	17.0421
ERR13927339.3583	1599	18.3471
ERR13927339.3584	1593	17.2003
ERR13927339.3585	1583	16.1068
ERR13927339.3586	1604	19.3267
ERR13927339.3587	1529	18.0752
ERR13927339.3588	1567	17.8475
ERR13927339.3589	1555	17.7325
ERR13927339.3590	1542	19.7730
ERR13927339.3591	1555	19.5441
ERR13927339.3592	1582	17.7743
ERR13927339.3593	1568	19.4324
ERR13927339.3594	1544	16.4657
ERR13927339.3595	1646	17.9842
ERR13927339.3596	1584	17.0890
ERR13927339.3597	1564	19.0588
ERR13927339.3598	1591	18.0937
ERR13927339.3599	1530	15.2739
ERR13927339.3600	1541	16.1473
ERR13927339.3601	1587	15.0340
ERR13927339.3602	1588	18.2059
ERR13927339.3603	1539	18.3775
ERR13927339.3604	1578	17.7034
ERR13927339.3605	1611	20.1682
ERR13927339.3606	1613	19.4141
ERR13927339.3607	1577	20.1795
ERR13927339.3608	1569	16.8872
ERR13927339.3609	1567	21.0810
ERR13927339.3610	1542	17.8554
ERR13927339.3611	1577	19.9746
ERR13927339.3612	1541	16.2979
ERR13927339.3613	1575	20.0108
ERR13927339.3614	1542	19.3145
ERR13927339.3615	1588	19.1310
ERR13927339.3616	1551	16.3572
ERR13927339.3617	1584	18.0669
ERR13927339.3618	1570	19.1070
ERR13927339.3619	1573	18.4901
ERR13927339.3620	1574	17.8011
ERR13927339.3621	3060	16.4660
ERR13927339.3622	1541	17.9215
ERR13927339.3623	1564	20.7212
ERR13927339.3624	1578	17.6033
ERR13927339.3625	1584	16.6907
ERR13927339.3626	1560	17.4276
ERR13927339.3627	1579	20.8828
ERR13927339.3628	1585	17.5155
ERR13927339.3629	1577	16.9651
ERR13927339.3630	1530	18.5418
ERR13927339.3631	1576	19.2132
ERR13927339.3632	1597	17.5767
ERR13927339.3633	1560	16.1962
ERR13927339.3634	1566	17.9834
ERR13927339.3635	1562	16.5160
ERR13927339.3636	1567	18.5322
ERR13927339.3637	1557	19.6506
ERR13927339.3638	1596	19.8741
ERR13927339.3639	1555	19.8907
ERR13927339.3640	1595	15.3661
ERR13927339.3641	1567	16.1902
ERR13927339.3642	1554	15.3256
ERR13927339.3643	1554	17.2516
ERR13927339.3644	1581	16.6546
ERR13927339.3645	1535	20.8580
ERR13927339.3646	1532	17.1847
ERR13927339.3647	1577	19.4623
ERR13927339.3648	1595	20.2119
ERR13927339.3649	1563	19.9194
ERR13927339.3650	1604	20.1690
ERR13927339.3651	1593	19.6949
ERR13927339.3652	1537	17.2316
ERR13927339.3653	1552	16.4742
ERR13927339.3654	1559	18.7498
ERR13927339.3655	1280	18.6273
ERR13927339.3656	1574	18.6550
ERR13927339.3657	1539	18.8564
ERR13927339.3658	1564	19.3824
ERR13927339.3659	1194	20.9966
ERR13927339.3660	1963	19.9210
ERR13927339.3661	1548	19.4406
ERR13927339.3662	1569	19.7565
ERR13927339.3663	1578	17.8815
ERR13927339.3664	1537	19.4379
ERR13927339.3665	1564	19.6164
ERR13927339.3666	1584	14.3251
ERR13927339.3667	1550	16.6252
ERR13927339.3668	527	17.5674
ERR13927339.3669	1567	16.8711
ERR13927339.3670	1548	19.1525
ERR13927339.3671	1555	17.0759
ERR13927339.3672	1625	19.6622
ERR13927339.3673	1771	15.0644
ERR13927339.3674	1539	16.0377
ERR13927339.3675	1585	19.1123
ERR13927339.3676	1541	18.4938
ERR13927339.3677	1573	16.9847
ERR13927339.3678	1564	19.6701
ERR13927339.3679	1552	18.9356
ERR13927339.3680	1578	18.9068
ERR13927339.3681	1593	20.5191
ERR13927339.3682	1590	17.9509
ERR13927339.3683	1575	16.6184
ERR13927339.3684	1593	20.2994
ERR13927339.3685	1581	21.1404
ERR13927339.3686	1562	19.3329
ERR13927339.3687	1556	19.9531
ERR13927339.3688	1648	19.7215
ERR13927339.3689	1583	17.8838
ERR13927339.3690	1559	18.8967
ERR13927339.3691	1620	19.0556
ERR13927339.3692	1540	16.7468
ERR13927339.3693	1545	15.4045
ERR13927339.3694	1588	20.9364
ERR13927339.3695	1602	18.7528
ERR13927339.3696	1562	16.7478
ERR13927339.3697	1519	16.4161
ERR13927339.3698	1507	15.2608
ERR13927339.3699	1580	21.9696
ERR13927339.3700	1518	16.3340
ERR13927339.3701	188	15.6755
ERR13927339.3702	1575	16.5448
ERR13927339.3703	1609	19.7738
ERR13927339.3704	1560	16.8128
ERR13927339.3705	1563	18.9757
ERR13927339.3706	1586	18.9905
ERR13927339.3707	1541	18.5191
ERR13927339.3708	1569	18.2371
ERR13927339.3709	1560	16.1269
ERR13927339.3710	1564	22.1509
ERR13927339.3711	1616	18.7469
ERR13927339.3712	1553	15.5241
ERR13927339.3713	1578	20.3054
ERR13927339.3714	1569	17.8878
ERR13927339.3715	1611	18.0403
ERR13927339.3716	1294	18.0124
ERR13927339.3717	1584	17.9261
ERR13927339.3718	1543	15.2787
ERR13927339.3719	1584	16.8933
ERR13927339.3720	1562	16.2061
ERR13927339.3721	1554	16.4588
ERR13927339.3722	1626	18.9483
ERR13927339.3723	1584	22.8838
ERR13927339.3724	341	14.5220
ERR13927339.3725	1572	18.8925
ERR13927339.3726	1607	19.1182
ERR13927339.3727	1571	15.7619
ERR13927339.3728	1587	21.2583
ERR13927339.3729	1577	18.3526
ERR13927339.3730	1549	17.5649
ERR13927339.3731	1558	18.2054
ERR13927339.3732	1552	16.6682
ERR13927339.3733	1543	16.4517
ERR13927339.3734	1559	17.3669
ERR13927339.3735	1586	17.9300
ERR13927339.3736	1580	17.5665
ERR13927339.3737	1547	14.3200
ERR13927339.3738	1650	15.6327
ERR13927339.3739	1573	20.2505
ERR13927339.3740	1574	18.0972
ERR13927339.3741	1599	19.7205
ERR13927339.3742	1580	18.3146
ERR13927339.3743	1539	19.1215
ERR13927339.3744	1609	16.4506
ERR13927339.3745	1542	17.5006
ERR13927339.3746	1587	17.5677
ERR13927339.3747	1553	19.1880
ERR13927339.3748	1593	20.2611
ERR13927339.3749	1534	16.0548
ERR13927339.3750	1545	15.3754
ERR13927339.3751	1594	17.9881
ERR13927339.3752	1566	20.6667
ERR13927339.3753	1570	19.0248
ERR13927339.3754	1560	19.9160
ERR13927339.3755	1577	19.5669
ERR13927339.3756	1602	14.6816
ERR13927339.3757	1541	17.1369
ERR13927339.3758	1554	19.9138
ERR13927339.3759	1603	16.3475
ERR13927339.3760	1569	17.8413
ERR13927339.3761	1549	16.5533
ERR13927339.3762	1578	18.6153
ERR13927339.3763	1596	20.2794
ERR13927339.3764	1613	17.9045
ERR13927339.3765	1568	21.6065
ERR13927339.3766	1048	19.2653
ERR13927339.3767	1641	16.8605
ERR13927339.3768	1359	19.6284
ERR13927339.3769	1565	15.5802
ERR13927339.3770	1578	16.6907
ERR13927339.3771	1540	15.0552
ERR13927339.3772	2169	17.3854
ERR13927339.3773	1599	19.2877
ERR13927339.3774	1575	21.1790
ERR13927339.3775	1587	21.2980
ERR13927339.3776	1553	19.8442
ERR13927339.3777	1538	17.9532
ERR13927339.3778	1552	17.1385
ERR13927339.3779	1574	20.2344
ERR13927339.3780	1479	15.5267
ERR13927339.3781	1567	20.5195
ERR13927339.3782	1545	19.8511
ERR13927339.3783	1553	18.2344
ERR13927339.3784	1580	19.6829
ERR13927339.3785	1576	21.0838
ERR13927339.3786	1487	16.2737
ERR13927339.3787	1582	19.6378
ERR13927339.3788	1555	16.1074
ERR13927339.3789	1548	21.0446
ERR13927339.3790	1615	19.1777
ERR13927339.3791	1552	17.3396
ERR13927339.3792	1568	21.2398
ERR13927339.3793	1567	15.8239
ERR13927339.3794	1591	17.5003
ERR13927339.3795	1613	18.4284
ERR13927339.3796	1565	21.4390
ERR13927339.3797	1368	16.3341
ERR13927339.3798	1582	22.6018
ERR13927339.3799	1573	19.1430
ERR13927339.3800	1563	20.0173
ERR13927339.3801	1568	14.8144
ERR13927339.3802	1570	20.6573
ERR13927339.3803	1573	19.2028
ERR13927339.3804	1580	20.2987
ERR13927339.3805	1560	18.4641
ERR13927339.3806	1563	18.7115
ERR13927339.3807	1577	20.9581
ERR13927339.3808	1546	17.3312
ERR13927339.3809	1598	16.7359
ERR13927339.3810	1603	19.4242
ERR13927339.3811	1545	18.0058
ERR13927339.3812	1446	20.1846
ERR13927339.3813	783	15.6398
ERR13927339.3814	1553	15.9755
ERR13927339.3815	1554	19.5006
ERR13927339.3816	1538	18.4714
ERR13927339.3817	1569	17.9114
ERR13927339.3818	1571	17.2183
ERR13927339.3819	1553	17.7212
ERR13927339.3820	1557	18.0739
ERR13927339.3821	1621	19.2048
ERR13927339.3822	1587	15.6156
ERR13927339.3823	1572	16.2729
ERR13927339.3824	1570	16.9312
ERR13927339.3825	1555	16.0688
ERR13927339.3826	1534	17.9752
ERR13927339.3827	1464	17.9631
ERR13927339.3828	1584	17.0044
ERR13927339.3829	1546	16.9476
ERR13927339.3830	1557	20.8414
ERR13927339.3831	1584	14.4798
ERR13927339.3832	1743	15.4923
ERR13927339.3833	1564	17.2385
ERR13927339.3834	1589	21.3738
ERR13927339.3835	1106	17.9376
ERR13927339.3836	1551	15.5197
ERR13927339.3837	1529	18.0458
ERR13927339.3838	1563	17.6084
ERR13927339.3839	1580	16.0259
ERR13927339.3840	1570	16.3153
ERR13927339.3841	1378	17.7475
ERR13927339.3842	1618	14.9283
ERR13927339.3843	1585	16.9356
ERR13927339.3844	1569	16.9790
ERR13927339.3845	1590	19.8101
ERR13927339.3846	1580	15.9184
ERR13927339.3847	1519	15.4003
ERR13927339.3848	1565	19.6307
ERR13927339.3849	1557	16.6924
ERR13927339.3850	1539	15.4269
ERR13927339.3851	1570	20.0395
ERR13927339.3852	1596	21.1284
ERR13927339.3853	1558	19.7420
ERR13927339.3854	1554	20.4273
ERR13927339.3855	1548	15.3010
ERR13927339.3856	1526	16.9640
ERR13927339.3857	1575	17.9124
ERR13927339.3858	1563	19.6078
ERR13927339.3859	1569	17.8591
ERR13927339.3860	1572	18.0929
ERR13927339.3861	1524	15.4606
ERR13927339.3862	1572	16.8982
ERR13927339.3863	1579	18.0975
ERR13927339.3864	1559	14.7813
ERR13927339.3865	1599	16.0025
ERR13927339.3866	1560	17.0231
ERR13927339.3867	1621	20.1672
ERR13927339.3868	1586	19.5221
ERR13927339.3869	1584	19.8870
ERR13927339.3870	1584	19.5966
ERR13927339.3871	1564	16.2781
ERR13927339.3872	1557	16.2550
ERR13927339.3873	1554	16.3565
ERR13927339.3874	1612	19.6687
ERR13927339.3875	1620	18.6438
ERR13927339.3876	1572	19.7487
ERR13927339.3877	1578	14.5779
ERR13927339.3878	1586	18.2030
ERR13927339.3879	1560	15.9801
ERR13927339.3880	1601	19.1618
ERR13927339.3881	1565	15.7169
ERR13927339.3882	1559	16.7184
ERR13927339.3883	1573	17.0305
ERR13927339.3884	1571	17.7206
ERR13927339.3885	1587	16.4707
ERR13927339.3886	1588	16.1272
ERR13927339.3887	1601	20.8214
ERR13927339.3888	1586	14.9369
ERR13927339.3889	1527	14.8690
ERR13927339.3890	1600	19.4462
ERR13927339.3891	1544	19.3115
ERR13927339.3892	1597	19.7821
ERR13927339.3893	1584	19.0170
ERR13927339.3894	1558	17.3755
ERR13927339.3895	1543	16.7971
ERR13927339.3896	1604	20.3522
ERR13927339.3897	1558	16.3081
ERR13927339.3898	1607	14.3522
ERR13927339.3899	1605	14.6243
ERR13927339.3900	1536	18.8066
ERR13927339.3901	1547	16.8151
ERR13927339.3902	1558	15.9288
ERR13927339.3903	1545	17.9029
ERR13927339.3904	1618	16.2033
ERR13927339.3905	1590	18.7333
ERR13927339.3906	1584	17.5107
ERR13927339.3907	1595	19.0853
ERR13927339.3908	1607	20.8357
ERR13927339.3909	1555	20.5023
ERR13927339.3910	1551	15.1057
ERR13927339.3911	1553	18.1758
ERR13927339.3912	1565	18.0281
ERR13927339.3913	1602	18.9488
ERR13927339.3914	1547	18.4363
ERR13927339.3915	1532	19.0124
ERR13927339.3916	1569	16.1001
ERR13927339.3917	1567	20.1027
ERR13927339.3918	1597	18.6600
ERR13927339.3919	1558	20.0404
ERR13927339.3920	1580	17.9380
ERR13927339.3921	1552	15.9323
ERR13927339.3922	1555	15.4675
ERR13927339.3923	1586	19.2894
ERR13927339.3924	1591	19.0088
ERR13927339.3925	1564	16.7334
ERR13927339.3926	1568	18.1307
ERR13927339.3927	1558	15.8171
ERR13927339.3928	1595	18.3630
ERR13927339.3929	1590	19.6786
ERR13927339.3930	1567	20.4601
ERR13927339.3931	1588	18.7248
ERR13927339.3932	1518	17.2648
ERR13927339.3933	1539	18.2034
ERR13927339.3934	1543	19.3130
ERR13927339.3935	1531	18.0843
ERR13927339.3936	1570	18.3701
ERR13927339.3937	1616	19.1597
ERR13927339.3938	1563	21.7492
ERR13927339.3939	1555	17.6071
ERR13927339.3940	1592	17.9585
ERR13927339.3941	1558	17.1906
ERR13927339.3942	1599	16.9418
ERR13927339.3943	1590	16.5918
ERR13927339.3944	1620	20.0432
ERR13927339.3945	1513	18.8367
ERR13927339.3946	1615	18.9313
ERR13927339.3947	1585	15.4303
ERR13927339.3948	1570	19.0586
ERR13927339.3949	954	15.7191
ERR13927339.3950	1569	19.6597
ERR13927339.3951	1553	15.3696
ERR13927339.3952	1605	18.2293
ERR13927339.3953	1606	19.0037
ERR13927339.3954	1042	15.4194
ERR13927339.3955	1584	13.7702
ERR13927339.3956	1577	19.0552
ERR13927339.3957	971	20.1967
ERR13927339.3958	1588	17.4452
ERR13927339.3959	1588	16.4956
ERR13927339.3960	1616	20.8682
ERR13927339.3961	1594	18.8626
ERR13927339.3962	516	17.0833
ERR13927339.3963	1570	19.0134
ERR13927339.3964	1595	19.6088
ERR13927339.3965	1597	21.2129
ERR13927339.3966	1525	14.8511
ERR13927339.3967	1570	17.6643
ERR13927339.3968	1690	14.9888
ERR13927339.3969	1591	19.3042
ERR13927339.3970	1566	20.3519
ERR13927339.3971	1670	15.2048
ERR13927339.3972	1572	21.6679
ERR13927339.3973	1606	19.0573
ERR13927339.3974	1571	19.2553
ERR13927339.3975	1577	19.3183
ERR13927339.3976	1492	18.9410
ERR13927339.3977	1555	16.7582
ERR13927339.3978	1680	20.6280
ERR13927339.3979	1566	18.6386
ERR13927339.3980	1552	18.8969
ERR13927339.3981	1562	17.5179
ERR13927339.3982	1561	16.7534
ERR13927339.3983	1566	16.8544
ERR13927339.3984	1562	21.3713
ERR13927339.3985	1564	18.3747
ERR13927339.3986	1578	16.7193
ERR13927339.3987	1561	19.1576
ERR13927339.3988	1552	20.3686
ERR13927339.3989	1585	19.8858
ERR13927339.3990	1564	18.7123
ERR13927339.3991	1588	19.8388
ERR13927339.3992	1531	17.1300
ERR13927339.3993	1562	18.3540
ERR13927339.3994	1605	16.7171
ERR13927339.3995	1556	16.6883
ERR13927339.3996	1521	17.0789
ERR13927339.3997	1539	19.6329
ERR13927339.3998	1620	16.5426
ERR13927339.3999	1690	17.7414
ERR13927339.4000	1528	17.9548
ERR13927339.4001	1570	18.7943
ERR13927339.4002	1549	17.6591
ERR13927339.4003	1586	17.6986
ERR13927339.4004	1555	18.2502
ERR13927339.4005	1564	17.9853
ERR13927339.4006	1508	16.1359
ERR13927339.4007	1570	16.2146
ERR13927339.4008	1596	16.8954
ERR13927339.4009	1553	16.9549
ERR13927339.4010	550	13.8345
ERR13927339.4011	1588	20.3237
ERR13927339.4012	1592	17.9768
ERR13927339.4013	1548	16.8514
ERR13927339.4014	917	22.3391
ERR13927339.4015	1541	21.6347
ERR13927339.4016	1588	20.8986
ERR13927339.4017	1574	22.2967
ERR13927339.4018	1556	15.3862
ERR13927339.4019	1558	21.5918
ERR13927339.4020	1601	19.9207
ERR13927339.4021	1536	19.1947
ERR13927339.4022	1591	19.1911
ERR13927339.4023	1542	14.8969
ERR13927339.4024	1576	16.4721
ERR13927339.4025	1581	17.6515
ERR13927339.4026	1503	17.9787
ERR13927339.4027	1557	15.1381
ERR13927339.4028	1586	14.9180
ERR13927339.4029	301	17.0233
ERR13927339.4030	1611	19.8287
ERR13927339.4031	678	18.6696
ERR13927339.4032	1511	16.9080
ERR13927339.4033	1515	18.5340
ERR13927339.4034	1619	18.6393
ERR13927339.4035	1486	20.3607
ERR13927339.4036	1577	14.6487
ERR13927339.4037	1563	16.0877
ERR13927339.4038	1577	14.7400
ERR13927339.4039	1553	15.9684
ERR13927339.4040	1571	18.4672
ERR13927339.4041	1634	19.2393
ERR13927339.4042	1575	19.7232
ERR13927339.4043	1565	20.6256
ERR13927339.4044	1556	19.2558
ERR13927339.4045	1617	19.3643
ERR13927339.4046	1565	21.1265
ERR13927339.4047	1547	14.9360
ERR13927339.4048	1585	15.3994
ERR13927339.4049	1560	14.7622
ERR13927339.4050	1560	16.3000
ERR13927339.4051	1573	20.9313
ERR13927339.4052	1559	20.7274
ERR13927339.4053	1557	19.9717
ERR13927339.4054	1549	20.7586
ERR13927339.4055	1582	14.2459
ERR13927339.4056	1587	19.5129
ERR13927339.4057	1565	17.5419
ERR13927339.4058	1564	22.5166
ERR13927339.4059	1559	20.0706
ERR13927339.4060	1571	21.2120
ERR13927339.4061	1561	16.3344
ERR13927339.4062	1562	18.0736
ERR13927339.4063	1571	17.4437
ERR13927339.4064	1567	19.0734
ERR13927339.4065	1544	15.3005
ERR13927339.4066	1576	19.7011
ERR13927339.4067	1568	19.4490
ERR13927339.4068	185	16.0000
ERR13927339.4069	1561	17.8302
ERR13927339.4070	1564	18.2749
ERR13927339.4071	1514	16.7794
ERR13927339.4072	1555	18.0977
ERR13927339.4073	1540	18.7292
ERR13927339.4074	1574	18.1347
ERR13927339.4075	1554	18.4292
ERR13927339.4076	1486	19.2840
ERR13927339.4077	1553	15.0927
ERR13927339.4078	1601	22.5884
ERR13927339.4079	1597	20.2467
ERR13927339.4080	1582	19.4374
ERR13927339.4081	1621	17.2128
ERR13927339.4082	1560	15.4763
ERR13927339.4083	1593	17.3848
ERR13927339.4084	1615	17.2372
ERR13927339.4085	1563	19.3954
ERR13927339.4086	1571	19.3119
ERR13927339.4087	1563	17.2719
ERR13927339.4088	1599	19.2896
ERR13927339.4089	1591	20.9296
ERR13927339.4090	1594	20.0245
ERR13927339.4091	1587	20.4940
ERR13927339.4092	1580	20.6696
ERR13927339.4093	1450	18.9614
ERR13927339.4094	1584	19.0846
ERR13927339.4095	1534	18.9061
ERR13927339.4096	1548	16.3514
ERR13927339.4097	1559	16.4477
ERR13927339.4098	1559	17.9480
ERR13927339.4099	1597	20.1340
ERR13927339.4100	1572	18.2882
ERR13927339.4101	1589	20.3071
ERR13927339.4102	1626	16.3137
ERR13927339.4103	1548	19.1486
ERR13927339.4104	1509	14.4725
ERR13927339.4105	3139	18.3619
ERR13927339.4106	1521	21.0145
ERR13927339.4107	1592	19.8857
ERR13927339.4108	1562	15.7055
ERR13927339.4109	1582	18.9374
ERR13927339.4110	1557	21.4522
ERR13927339.4111	1565	19.6613
ERR13927339.4112	1563	19.9373
ERR13927339.4113	1590	16.9340
ERR13927339.4114	1556	20.4807
ERR13927339.4115	1535	16.3811
ERR13927339.4116	1610	17.2354
ERR13927339.4117	1578	17.1977
ERR13927339.4118	1562	20.1261
ERR13927339.4119	1541	18.8975
ERR13927339.4120	1589	18.6507
ERR13927339.4121	1560	18.2365
ERR13927339.4122	1539	16.4490
ERR13927339.4123	1572	18.2239
ERR13927339.4124	1546	19.7911
ERR13927339.4125	1592	18.1501
ERR13927339.4126	1545	16.3599
ERR13927339.4127	1561	20.7002
ERR13927339.4128	1576	16.6091
ERR13927339.4129	1580	18.8228
ERR13927339.4130	1593	17.1419
ERR13927339.4131	1525	16.8407
ERR13927339.4132	1547	15.1745
ERR13927339.4133	1574	17.2014
ERR13927339.4134	1593	20.0006
ERR13927339.4135	1587	20.3327
ERR13927339.4136	1551	15.3759
ERR13927339.4137	1603	20.0243
ERR13927339.4138	1541	18.2349
ERR13927339.4139	1540	16.0896
ERR13927339.4140	1604	20.2219
ERR13927339.4141	1619	18.2149
ERR13927339.4142	1542	17.8126
ERR13927339.4143	1576	20.0495
ERR13927339.4144	1592	20.8065
ERR13927339.4145	1647	20.2617
ERR13927339.4146	1552	20.0406
ERR13927339.4147	1609	16.2411
ERR13927339.4148	1550	16.3032
ERR13927339.4149	1692	18.7204
ERR13927339.4150	1602	16.7403
ERR13927339.4151	1565	18.9061
ERR13927339.4152	1558	17.1893
ERR13927339.4153	1547	15.9438
ERR13927339.4154	1559	19.0071
ERR13927339.4155	1564	17.5326
ERR13927339.4156	1541	18.7197
ERR13927339.4157	1605	17.9981
ERR13927339.4158	1534	15.4394
ERR13927339.4159	1583	18.2407
ERR13927339.4160	1588	20.2582
ERR13927339.4161	1558	16.7644
ERR13927339.4162	1564	19.3587
ERR13927339.4163	1575	16.7244
ERR13927339.4164	1560	17.5660
ERR13927339.4165	464	12.3405
ERR13927339.4166	1568	15.6078
ERR13927339.4167	1570	15.4038
ERR13927339.4168	1393	17.2620
ERR13927339.4169	1561	14.8450
ERR13927339.4170	1571	19.5602
ERR13927339.4171	1559	22.1539
ERR13927339.4172	1574	16.5762
ERR13927339.4173	1588	19.7147
ERR13927339.4174	1568	18.0306
ERR13927339.4175	1561	18.7687
ERR13927339.4176	1541	16.6814
ERR13927339.4177	1572	19.9396
ERR13927339.4178	1571	19.8237
ERR13927339.4179	1558	16.1617
ERR13927339.4180	1568	17.9005
ERR13927339.4181	1599	19.5622
ERR13927339.4182	1588	18.8955
ERR13927339.4183	1569	17.0038
ERR13927339.4184	1571	17.8129
ERR13927339.4185	1594	20.4454
ERR13927339.4186	3360	17.0640
ERR13927339.4187	1619	21.0173
ERR13927339.4188	1573	17.1074
ERR13927339.4189	1561	19.2556
ERR13927339.4190	1580	18.0386
ERR13927339.4191	1556	17.6093
ERR13927339.4192	1529	15.8698
ERR13927339.4193	1664	16.1803
ERR13927339.4194	1583	19.8907
ERR13927339.4195	1612	19.1929
ERR13927339.4196	1559	18.9166
ERR13927339.4197	1564	20.0070
ERR13927339.4198	1602	17.4988
ERR13927339.4199	1590	15.4333
ERR13927339.4200	1553	18.7463
ERR13927339.4201	1562	16.0096
ERR13927339.4202	1611	20.3693
ERR13927339.4203	1532	20.7330
ERR13927339.4204	1572	19.2004
ERR13927339.4205	1582	18.6808
ERR13927339.4206	1613	18.0149
ERR13927339.4207	1594	14.6474
ERR13927339.4208	1659	18.2453
ERR13927339.4209	1544	17.3970
ERR13927339.4210	1573	21.9371
ERR13927339.4211	1579	17.2432
ERR13927339.4212	1567	18.7849
ERR13927339.4213	1566	17.0351
ERR13927339.4214	1570	19.7815
ERR13927339.4215	1564	19.1675
ERR13927339.4216	597	14.6951
ERR13927339.4217	1598	15.7365
ERR13927339.4218	1511	17.1707
ERR13927339.4219	1511	18.5645
ERR13927339.4220	1579	18.0361
ERR13927339.4221	1569	18.5041
ERR13927339.4222	1590	16.7597
ERR13927339.4223	1577	19.3164
ERR13927339.4224	1521	16.4675
ERR13927339.4225	1574	19.1563
ERR13927339.4226	1612	17.6290
ERR13927339.4227	1556	17.8663
ERR13927339.4228	1552	16.1463
ERR13927339.4229	1561	17.7924
ERR13927339.4230	1510	18.1980
ERR13927339.4231	1537	13.7365
ERR13927339.4232	1579	22.6441
ERR13927339.4233	1568	21.3616
ERR13927339.4234	1595	17.8909
ERR13927339.4235	1557	19.8105
ERR13927339.4236	1590	21.0736
ERR13927339.4237	1562	17.0320
ERR13927339.4238	1578	20.2300
ERR13927339.4239	1576	18.4245
ERR13927339.4240	1607	18.8687
ERR13927339.4241	1529	16.5540
ERR13927339.4242	1593	19.6541
ERR13927339.4243	1545	16.4362
ERR13927339.4244	1538	19.2094
ERR13927339.4245	1580	20.5797
ERR13927339.4246	1576	19.6694
ERR13927339.4247	1637	16.3806
ERR13927339.4248	1564	14.2820
ERR13927339.4249	1573	16.4482
ERR13927339.4250	1562	16.6178
ERR13927339.4251	1569	19.1855
ERR13927339.4252	1600	18.3756
ERR13927339.4253	1542	20.5052
ERR13927339.4254	1532	16.8225
ERR13927339.4255	1558	17.5058
ERR13927339.4256	1552	15.7197
ERR13927339.4257	1587	18.1040
ERR13927339.4258	1531	16.2123
ERR13927339.4259	1556	16.3837
ERR13927339.4260	1563	18.3871
ERR13927339.4261	1555	16.3923
ERR13927339.4262	1583	15.8598
ERR13927339.4263	1482	14.5175
ERR13927339.4264	1593	19.7941
ERR13927339.4265	1555	17.2463
ERR13927339.4266	1516	16.5679
ERR13927339.4267	1561	19.2550
ERR13927339.4268	1550	14.4239
ERR13927339.4269	1521	16.7627
ERR13927339.4270	1559	16.4163
ERR13927339.4271	1637	17.7465
ERR13927339.4272	1565	15.8728
ERR13927339.4273	1504	14.2906
ERR13927339.4274	1585	15.4517
ERR13927339.4275	1586	19.7137
ERR13927339.4276	1571	17.5792
ERR13927339.4277	1571	15.2502
ERR13927339.4278	1561	17.8142
ERR13927339.4279	1634	18.5747
ERR13927339.4280	1550	18.2684
ERR13927339.4281	1548	16.2610
ERR13927339.4282	1546	14.9806
ERR13927339.4283	1524	17.7251
ERR13927339.4284	1531	17.7355
ERR13927339.4285	1563	18.7332
ERR13927339.4286	1570	16.6306
ERR13927339.4287	1580	17.7437
ERR13927339.4288	1615	20.9975
ERR13927339.4289	1591	15.7982
ERR13927339.4290	1554	21.1081
ERR13927339.4291	1576	20.4987
ERR13927339.4292	1597	20.8046
ERR13927339.4293	1597	19.5542
ERR13927339.4294	1589	17.3071
ERR13927339.4295	1484	18.3861
ERR13927339.4296	1600	18.4719
ERR13927339.4297	1470	16.5912
ERR13927339.4298	1599	18.1782
ERR13927339.4299	1573	20.1602
ERR13927339.4300	1544	18.1755
ERR13927339.4301	1618	18.6174
ERR13927339.4302	1559	17.2360
ERR13927339.4303	1607	19.1400
ERR13927339.4304	1585	20.7571
ERR13927339.4305	1512	16.3009
ERR13927339.4306	1549	18.4758
ERR13927339.4307	1599	19.7886
ERR13927339.4308	1538	16.1782
ERR13927339.4309	1575	21.8222
ERR13927339.4310	1556	14.8940
ERR13927339.4311	1560	19.0147
ERR13927339.4312	1581	17.7008
ERR13927339.4313	1597	20.1440
ERR13927339.4314	1594	15.7472
ERR13927339.4315	1500	19.4507
ERR13927339.4316	1565	20.9502
ERR13927339.4317	438	16.7922
ERR13927339.4318	1558	19.1630
ERR13927339.4319	1534	16.0463
ERR13927339.4320	1608	20.4845
ERR13927339.4321	1554	20.2027
ERR13927339.4322	1564	19.3389
ERR13927339.4323	1543	17.7673
ERR13927339.4324	1589	20.4003
ERR13927339.4325	1562	20.0723
ERR13927339.4326	1580	15.8677
ERR13927339.4327	1566	16.1954
ERR13927339.4328	1573	18.6618
ERR13927339.4329	1637	17.7269
ERR13927339.4330	1615	19.5548
ERR13927339.4331	1552	20.1624
ERR13927339.4332	1589	17.6400
ERR13927339.4333	1603	16.9476
ERR13927339.4334	1597	18.4703
ERR13927339.4335	1588	16.7966
ERR13927339.4336	234	16.5000
ERR13927339.4337	1478	14.2754
ERR13927339.4338	1588	18.5894
ERR13927339.4339	1608	19.2220
ERR13927339.4340	1572	19.9237
ERR13927339.4341	1581	19.0183
ERR13927339.4342	1565	15.5284
ERR13927339.4343	1557	15.0996
ERR13927339.4344	1588	17.8508
ERR13927339.4345	1572	15.3467
ERR13927339.4346	1541	17.1155
ERR13927339.4347	1577	21.6899
ERR13927339.4348	1547	19.1338
ERR13927339.4349	1562	15.6280
ERR13927339.4350	1577	16.4211
ERR13927339.4351	1542	16.8872
ERR13927339.4352	1539	15.6946
ERR13927339.4353	1557	15.9396
ERR13927339.4354	1600	17.1844
ERR13927339.4355	1560	14.5147
ERR13927339.4356	1596	19.2256
ERR13927339.4357	1589	20.3839
ERR13927339.4358	1580	18.8956
ERR13927339.4359	1590	19.3245
ERR13927339.4360	1405	17.1181
ERR13927339.4361	1565	18.1169
ERR13927339.4362	1525	14.8511
ERR13927339.4363	1545	16.0583
ERR13927339.4364	1538	18.4090
ERR13927339.4365	1545	16.6265
ERR13927339.4366	1558	17.1021
ERR13927339.4367	1559	21.7126
ERR13927339.4368	1553	19.4939
ERR13927339.4369	1554	16.7825
ERR13927339.4370	972	18.0350
ERR13927339.4371	1545	14.3942
ERR13927339.4372	1546	17.5951
ERR13927339.4373	1574	17.1328
ERR13927339.4374	1544	17.4806
ERR13927339.4375	1579	17.6130
ERR13927339.4376	1564	19.1106
ERR13927339.4377	1538	15.5364
ERR13927339.4378	1566	16.6909
ERR13927339.4379	1571	18.7568
ERR13927339.4380	1557	19.4143
ERR13927339.4381	1565	21.5738
ERR13927339.4382	1562	21.9712
ERR13927339.4383	1566	15.8404
ERR13927339.4384	1628	18.3943
ERR13927339.4385	1557	16.7290
ERR13927339.4386	1567	20.0721
ERR13927339.4387	1551	19.1960
ERR13927339.4388	1548	17.3120
ERR13927339.4389	1549	19.2892
ERR13927339.4390	1580	19.3722
ERR13927339.4391	1575	17.5594
ERR13927339.4392	1560	17.1449
ERR13927339.4393	1573	17.7254
ERR13927339.4394	1600	21.3519
ERR13927339.4395	1581	18.2600
ERR13927339.4396	1549	14.1595
ERR13927339.4397	1572	15.8212
ERR13927339.4398	930	16.1344
ERR13927339.4399	1583	16.3253
ERR13927339.4400	1587	18.4405
ERR13927339.4401	1618	20.7046
ERR13927339.4402	1572	19.8365
ERR13927339.4403	2761	16.5922
ERR13927339.4404	1557	15.4721
ERR13927339.4405	1685	19.6065
ERR13927339.4406	1537	16.1809
ERR13927339.4407	1576	16.9530
ERR13927339.4408	1561	18.2056
ERR13927339.4409	1590	21.3170
ERR13927339.4410	1694	17.7668
ERR13927339.4411	1571	15.3902
ERR13927339.4412	1562	18.3995
ERR13927339.4413	1604	22.1459
ERR13927339.4414	1565	16.5911
ERR13927339.4415	1609	17.8409
ERR13927339.4416	1556	14.6902
ERR13927339.4417	1627	19.7031
ERR13927339.4418	1563	18.2463
ERR13927339.4419	1571	16.1178
ERR13927339.4420	1521	16.8317
ERR13927339.4421	1507	17.4579
ERR13927339.4422	1612	20.1929
ERR13927339.4423	1554	19.2323
ERR13927339.4424	1595	17.3655
ERR13927339.4425	1644	22.5918
ERR13927339.4426	1599	17.0288
ERR13927339.4427	1575	20.1232
ERR13927339.4428	1581	18.6534
ERR13927339.4429	1567	15.0823
ERR13927339.4430	1618	18.7843
ERR13927339.4431	1579	22.1697
ERR13927339.4432	1562	19.3316
ERR13927339.4433	1567	16.3497
ERR13927339.4434	1589	16.6973
ERR13927339.4435	1559	18.6113
ERR13927339.4436	1670	18.0611
ERR13927339.4437	1559	18.2348
ERR13927339.4438	1570	15.9930
ERR13927339.4439	1574	17.2478
ERR13927339.4440	459	15.9325
ERR13927339.4441	1536	17.7122
ERR13927339.4442	1595	18.5906
ERR13927339.4443	1549	15.8780
ERR13927339.4444	1584	14.9577
ERR13927339.4445	1575	15.8463
ERR13927339.4446	1595	18.0915
ERR13927339.4447	1542	15.9403
ERR13927339.4448	1589	19.2996
ERR13927339.4449	1525	16.1200
ERR13927339.4450	1617	19.5962
ERR13927339.4451	1580	16.9329
ERR13927339.4452	1559	19.0994
ERR13927339.4453	1582	20.6233
ERR13927339.4454	1574	17.4130
ERR13927339.4455	1572	19.7424
ERR13927339.4456	1617	22.0340
ERR13927339.4457	1565	18.9252
ERR13927339.4458	1540	18.4305
ERR13927339.4459	1571	18.3463
ERR13927339.4460	1597	19.6750
ERR13927339.4461	1575	16.1822
ERR13927339.4462	1582	15.8951
ERR13927339.4463	1593	15.6798
ERR13927339.4464	1589	16.3946
ERR13927339.4465	1576	18.7487
ERR13927339.4466	1544	18.6392
ERR13927339.4467	1535	19.3577
ERR13927339.4468	1553	20.7643
ERR13927339.4469	1573	19.7902
ERR13927339.4470	1564	15.7877
ERR13927339.4471	1615	15.9158
ERR13927339.4472	1572	18.7888
ERR13927339.4473	1582	18.4444
ERR13927339.4474	1579	19.8467
ERR13927339.4475	701	17.7546
ERR13927339.4476	1670	19.4808
ERR13927339.4477	1547	16.4409
ERR13927339.4478	1551	18.2566
ERR13927339.4479	1564	17.6573
ERR13927339.4480	1573	18.3617
ERR13927339.4481	1543	18.9838
ERR13927339.4482	1570	18.1287
ERR13927339.4483	1562	21.2977
ERR13927339.4484	1581	19.8336
ERR13927339.4485	1581	17.2011
ERR13927339.4486	1584	17.9223
ERR13927339.4487	1526	18.6029
ERR13927339.4488	1571	21.3514
ERR13927339.4489	1582	19.5803
ERR13927339.4490	1568	16.9349
ERR13927339.4491	1583	17.1213
ERR13927339.4492	1614	16.9281
ERR13927339.4493	1569	20.7151
ERR13927339.4494	1598	17.8667
ERR13927339.4495	1559	15.1418
ERR13927339.4496	1601	20.8201
ERR13927339.4497	1561	18.1204
ERR13927339.4498	1543	17.5975
ERR13927339.4499	1580	18.8633
ERR13927339.4500	1543	17.9106
ERR13927339.4501	1547	18.8985
ERR13927339.4502	1538	19.3296
ERR13927339.4503	1611	20.3364
ERR13927339.4504	1609	18.5594
ERR13927339.4505	1562	17.8361
ERR13927339.4506	1529	15.1753
ERR13927339.4507	1577	15.4832
ERR13927339.4508	1589	20.7225
ERR13927339.4509	1555	13.6932
ERR13927339.4510	1570	17.9102
ERR13927339.4511	1585	14.6669
ERR13927339.4512	1568	17.1480
ERR13927339.4513	1607	17.7971
ERR13927339.4514	1570	16.1223
ERR13927339.4515	1563	21.1241
ERR13927339.4516	1619	19.6096
ERR13927339.4517	1561	18.9020
ERR13927339.4518	1504	15.6496
ERR13927339.4519	1578	17.3859
ERR13927339.4520	1539	18.3697
ERR13927339.4521	1537	17.0403
ERR13927339.4522	1557	18.4027
ERR13927339.4523	1576	18.2297
ERR13927339.4524	1565	19.0102
ERR13927339.4525	1563	17.9475
ERR13927339.4526	1479	17.8485
ERR13927339.4527	1539	17.6381
ERR13927339.4528	1569	22.0338
ERR13927339.4529	1556	17.1028
ERR13927339.4530	1579	19.1957
ERR13927339.4531	1592	17.9209
ERR13927339.4532	1504	16.0585
ERR13927339.4533	1581	16.2524
ERR13927339.4534	1613	16.1971
ERR13927339.4535	1553	16.0515
ERR13927339.4536	1566	19.1284
ERR13927339.4537	1537	20.8510
ERR13927339.4538	1554	18.3932
ERR13927339.4539	1602	17.0668
ERR13927339.4540	1587	16.2042
ERR13927339.4541	1553	16.2730
ERR13927339.4542	1582	18.8736
ERR13927339.4543	1600	17.8475
ERR13927339.4544	1586	15.7182
ERR13927339.4545	1221	15.4267
ERR13927339.4546	1547	19.1364
ERR13927339.4547	333	16.4595
ERR13927339.4548	1580	20.4962
ERR13927339.4549	1585	17.8101
ERR13927339.4550	1529	19.4303
ERR13927339.4551	1548	18.0420
ERR13927339.4552	1535	17.3739
ERR13927339.4553	1553	17.2840
ERR13927339.4554	1444	18.6690
ERR13927339.4555	1576	16.2589
ERR13927339.4556	1535	18.0085
ERR13927339.4557	1606	21.6980
ERR13927339.4558	1635	17.6367
ERR13927339.4559	1512	14.0688
ERR13927339.4560	1579	19.2527
ERR13927339.4561	1584	16.0000
ERR13927339.4562	3129	17.0761
ERR13927339.4563	1563	19.5873
ERR13927339.4564	1568	20.4694
ERR13927339.4565	1589	19.8943
ERR13927339.4566	1560	19.3679
ERR13927339.4567	1574	17.0076
ERR13927339.4568	1567	19.8532
ERR13927339.4569	1586	19.5605
ERR13927339.4570	1608	19.0510
ERR13927339.4571	1592	18.9095
ERR13927339.4572	1538	20.8505
ERR13927339.4573	1592	20.9931
ERR13927339.4574	1524	15.9961
ERR13927339.4575	1611	19.4221
ERR13927339.4576	1626	18.7066
ERR13927339.4577	1578	19.1831
ERR13927339.4578	1575	19.6362
ERR13927339.4579	1559	14.6055
ERR13927339.4580	1585	21.4625
ERR13927339.4581	1544	16.6172
ERR13927339.4582	1485	15.9192
ERR13927339.4583	1515	16.4535
ERR13927339.4584	1189	14.0143
ERR13927339.4585	1583	18.6532
ERR13927339.4586	1354	18.9446
ERR13927339.4587	1567	18.3478
ERR13927339.4588	1548	17.8663
ERR13927339.4589	1563	19.6078
ERR13927339.4590	1570	15.9331
ERR13927339.4591	1578	14.8479
ERR13927339.4592	1588	19.6625
ERR13927339.4593	1558	17.4538
ERR13927339.4594	1307	17.1553
ERR13927339.4595	1573	20.6898
ERR13927339.4596	1584	20.2677
ERR13927339.4597	1565	19.7649
ERR13927339.4598	1559	19.3072
ERR13927339.4599	1570	16.0076
ERR13927339.4600	1578	18.8695
ERR13927339.4601	1525	18.0846
ERR13927339.4602	1773	21.6210
ERR13927339.4603	1606	16.1700
ERR13927339.4604	1616	18.3552
ERR13927339.4605	1525	19.5659
ERR13927339.4606	1577	18.2251
ERR13927339.4607	1355	17.1100
ERR13927339.4608	1566	18.2088
ERR13927339.4609	1578	19.3333
ERR13927339.4610	1616	15.6386
ERR13927339.4611	1512	14.4563
ERR13927339.4612	1556	16.5206
ERR13927339.4613	1567	20.3657
ERR13927339.4614	1571	19.8377
ERR13927339.4615	1020	16.1686
ERR13927339.4616	1537	15.4164
ERR13927339.4617	1503	16.3293
ERR13927339.4618	1570	18.4191
ERR13927339.4619	1552	18.9671
ERR13927339.4620	1613	16.9709
ERR13927339.4621	1563	17.8810
ERR13927339.4622	1561	18.6143
ERR13927339.4623	1575	18.1016
ERR13927339.4624	558	20.0018
ERR13927339.4625	1596	17.1209
ERR13927339.4626	1814	17.8490
ERR13927339.4627	1579	19.5617
ERR13927339.4628	1567	19.2157
ERR13927339.4629	1541	19.0857
ERR13927339.4630	1546	17.1320
ERR13927339.4631	1612	17.0490
ERR13927339.4632	1513	15.1917
ERR13927339.4633	1558	17.8928
ERR13927339.4634	1582	21.3673
ERR13927339.4635	932	17.6159
ERR13927339.4636	1567	19.2489
ERR13927339.4637	1549	18.1369
ERR13927339.4638	1559	17.1911
ERR13927339.4639	1581	20.0095
ERR13927339.4640	1543	19.1828
ERR13927339.4641	1542	16.6401
ERR13927339.4642	1577	17.5212
ERR13927339.4643	1609	16.7906
ERR13927339.4644	1583	18.2906
ERR13927339.4645	1574	20.1442
ERR13927339.4646	1580	19.1994
ERR13927339.4647	1164	19.6959
ERR13927339.4648	1508	17.9914
ERR13927339.4649	1532	19.3179
ERR13927339.4650	1572	15.5197
ERR13927339.4651	1592	18.3266
ERR13927339.4652	1538	17.7549
ERR13927339.4653	1604	20.0430
ERR13927339.4654	1547	18.4783
ERR13927339.4655	1563	19.4338
ERR13927339.4656	1567	20.5578
ERR13927339.4657	1575	19.2508
ERR13927339.4658	1640	18.7195
ERR13927339.4659	1574	15.5915
ERR13927339.4660	1565	17.9419
ERR13927339.4661	1583	18.6677
ERR13927339.4662	1530	15.1288
ERR13927339.4663	1550	14.4716
ERR13927339.4664	1559	15.5965
ERR13927339.4665	1560	17.7692
ERR13927339.4666	1559	20.6530
ERR13927339.4667	1589	21.3210
ERR13927339.4668	1604	16.6160
ERR13927339.4669	1583	20.4005
ERR13927339.4670	1554	16.6570
ERR13927339.4671	1608	14.5958
ERR13927339.4672	594	17.5101
ERR13927339.4673	1580	20.5405
ERR13927339.4674	1554	18.0232
ERR13927339.4675	1580	18.8589
ERR13927339.4676	1614	15.3346
ERR13927339.4677	1567	19.7288
ERR13927339.4678	1489	18.9778
ERR13927339.4679	1560	17.0962
ERR13927339.4680	1614	15.5031
ERR13927339.4681	1441	20.9715
ERR13927339.4682	1597	21.4915
ERR13927339.4683	571	19.2119
ERR13927339.4684	1560	15.5295
ERR13927339.4685	1562	19.2990
ERR13927339.4686	1020	21.9294
ERR13927339.4687	1568	17.0217
ERR13927339.4688	1580	15.7582
ERR13927339.4689	1589	17.5834
ERR13927339.4690	1611	19.2011
ERR13927339.4691	1521	18.2893
ERR13927339.4692	1592	19.1866
ERR13927339.4693	1602	17.0268
ERR13927339.4694	1539	16.8109
ERR13927339.4695	1576	17.1574
ERR13927339.4696	1568	18.9630
ERR13927339.4697	1535	18.6274
ERR13927339.4698	1614	18.1710
ERR13927339.4699	1579	19.5079
ERR13927339.4700	1554	19.9653
ERR13927339.4701	1563	19.7594
ERR13927339.4702	1561	18.1358
ERR13927339.4703	1575	17.8571
ERR13927339.4704	1579	18.8100
ERR13927339.4705	1575	19.4184
ERR13927339.4706	1564	19.5940
ERR13927339.4707	1560	14.5865
ERR13927339.4708	1547	17.3827
ERR13927339.4709	1606	16.0741
ERR13927339.4710	1551	21.4320
ERR13927339.4711	1554	18.6145
ERR13927339.4712	1563	17.6871
ERR13927339.4713	1591	18.5745
ERR13927339.4714	1580	17.2665
ERR13927339.4715	1602	18.2241
ERR13927339.4716	1598	18.7046
ERR13927339.4717	1570	18.5567
ERR13927339.4718	1590	17.2635
ERR13927339.4719	1572	22.8123
ERR13927339.4720	1441	16.8980
ERR13927339.4721	1567	19.8124
ERR13927339.4722	1554	15.5611
ERR13927339.4723	1623	20.6679
ERR13927339.4724	1578	20.0406
ERR13927339.4725	1567	18.1404
ERR13927339.4726	1593	19.3942
ERR13927339.4727	1575	20.1657
ERR13927339.4728	1523	15.7288
ERR13927339.4729	1548	17.7590
ERR13927339.4730	1596	17.1692
ERR13927339.4731	1568	19.6747
ERR13927339.4732	1570	16.7032
ERR13927339.4733	1592	20.8530
ERR13927339.4734	1553	20.6568
ERR13927339.4735	1558	15.9326
ERR13927339.4736	1568	15.8795
ERR13927339.4737	1577	18.5041
ERR13927339.4738	1556	19.2153
ERR13927339.4739	1564	17.1707
ERR13927339.4740	1590	19.8447
ERR13927339.4741	1600	18.0281
ERR13927339.4742	1416	18.4534
ERR13927339.4743	1595	20.5135
ERR13927339.4744	1542	15.5623
ERR13927339.4745	1588	16.2960
ERR13927339.4746	1591	17.6738
ERR13927339.4747	227	12.4846
ERR13927339.4748	1584	21.2481
ERR13927339.4749	1598	20.7872
ERR13927339.4750	1598	16.7829
ERR13927339.4751	1344	17.2827
ERR13927339.4752	1551	15.6899
ERR13927339.4753	1567	21.0396
ERR13927339.4754	1522	15.2313
ERR13927339.4755	1612	18.4801
ERR13927339.4756	1562	19.4654
ERR13927339.4757	1559	18.9076
ERR13927339.4758	1538	20.1684
ERR13927339.4759	1540	16.6922
ERR13927339.4760	1574	19.7554
ERR13927339.4761	1522	17.9198
ERR13927339.4762	1551	16.5455
ERR13927339.4763	1215	18.6066
ERR13927339.4764	1266	15.4352
ERR13927339.4765	1588	17.9244
ERR13927339.4766	1547	17.3549
ERR13927339.4767	1552	15.7616
ERR13927339.4768	1553	16.9330
ERR13927339.4769	1582	20.1530
ERR13927339.4770	1584	16.1837
ERR13927339.4771	1601	22.4066
ERR13927339.4772	1563	18.8458
ERR13927339.4773	1522	16.6261
ERR13927339.4774	1602	20.0293
ERR13927339.4775	1568	17.9445
ERR13927339.4776	1601	17.6958
ERR13927339.4777	1587	15.9622
ERR13927339.4778	1574	18.8990
ERR13927339.4779	1564	16.4322
ERR13927339.4780	1558	18.9082
ERR13927339.4781	1454	14.0935
ERR13927339.4782	1569	19.7909
ERR13927339.4783	1545	15.9340
ERR13927339.4784	1580	18.0620
ERR13927339.4785	1522	17.1242
ERR13927339.4786	1545	17.0285
ERR13927339.4787	1561	18.1627
ERR13927339.4788	1572	18.4796
ERR13927339.4789	1625	15.6191
ERR13927339.4790	1557	20.9467
ERR13927339.4791	1669	17.9023
ERR13927339.4792	1611	19.5655
ERR13927339.4793	1533	18.3673
ERR13927339.4794	1573	18.1850
ERR13927339.4795	1521	17.7081
ERR13927339.4796	1567	16.2680
ERR13927339.4797	1580	19.6665
ERR13927339.4798	1628	17.8047
ERR13927339.4799	1476	17.5027
ERR13927339.4800	1559	14.7575
ERR13927339.4801	1570	17.3573
ERR13927339.4802	1551	19.1767
ERR13927339.4803	382	19.6047
ERR13927339.4804	1586	18.7062
ERR13927339.4805	1582	15.2876
ERR13927339.4806	1557	16.2434
ERR13927339.4807	1549	17.4648
ERR13927339.4808	1615	19.0334
ERR13927339.4809	1598	18.5438
ERR13927339.4810	1580	18.1418
ERR13927339.4811	1579	15.3534
ERR13927339.4812	1558	15.7709
ERR13927339.4813	1598	18.7541
ERR13927339.4814	1574	17.2529
ERR13927339.4815	1582	20.6182
ERR13927339.4816	1601	19.9869
ERR13927339.4817	1610	22.3708
ERR13927339.4818	1535	15.4502
ERR13927339.4819	1589	16.2681
ERR13927339.4820	1555	17.2379
ERR13927339.4821	1561	18.0352
ERR13927339.4822	1531	18.2541
ERR13927339.4823	1557	21.3629
ERR13927339.4824	1556	18.1022
ERR13927339.4825	1582	18.6877
ERR13927339.4826	1534	15.1160
ERR13927339.4827	1545	18.3159
ERR13927339.4828	1545	17.1249
ERR13927339.4829	1536	20.8659
ERR13927339.4830	1530	17.5124
ERR13927339.4831	1562	14.4667
ERR13927339.4832	1536	17.3776
ERR13927339.4833	1576	18.1415
ERR13927339.4834	1608	18.3887
ERR13927339.4835	1554	15.9022
ERR13927339.4836	1579	20.9386
ERR13927339.4837	1551	14.6557
ERR13927339.4838	1593	18.8625
ERR13927339.4839	1498	19.3138
ERR13927339.4840	1566	16.7886
ERR13927339.4841	1559	18.7870
ERR13927339.4842	1563	17.0352
ERR13927339.4843	1538	17.8466
ERR13927339.4844	1502	18.6585
ERR13927339.4845	1428	15.7934
ERR13927339.4846	1561	17.9161
ERR13927339.4847	1635	17.2202
ERR13927339.4848	1564	18.7992
ERR13927339.4849	1587	21.2520
ERR13927339.4850	1572	19.2869
ERR13927339.4851	1595	16.2307
ERR13927339.4852	1558	16.7953
ERR13927339.4853	1588	19.3174
ERR13927339.4854	1549	16.8263
ERR13927339.4855	1582	17.4355
ERR13927339.4856	1608	16.7550
ERR13927339.4857	1561	17.0487
ERR13927339.4858	1567	14.9292
ERR13927339.4859	1600	17.9244
ERR13927339.4860	1579	19.7182
ERR13927339.4861	1548	19.5349
ERR13927339.4862	1581	17.3567
ERR13927339.4863	1561	18.6579
ERR13927339.4864	1577	18.4153
ERR13927339.4865	1586	22.1917
ERR13927339.4866	1560	20.3910
ERR13927339.4867	1565	20.2690
ERR13927339.4868	1613	21.2666
ERR13927339.4869	1548	18.4716
ERR13927339.4870	1558	16.5270
ERR13927339.4871	1565	17.4422
ERR13927339.4872	1525	14.2420
ERR13927339.4873	1566	20.1890
ERR13927339.4874	1565	20.7661
ERR13927339.4875	1569	19.3352
ERR13927339.4876	1264	16.8600
ERR13927339.4877	1562	16.6172
ERR13927339.4878	1575	17.0298
ERR13927339.4879	1566	16.0607
ERR13927339.4880	1559	21.2944
ERR13927339.4881	1574	18.9593
ERR13927339.4882	1566	18.6398
ERR13927339.4883	231	16.5195
ERR13927339.4884	1564	17.0345
ERR13927339.4885	1408	15.5107
ERR13927339.4886	1541	16.2206
ERR13927339.4887	1567	19.4480
ERR13927339.4888	1522	17.3003
ERR13927339.4889	1594	15.8193
ERR13927339.4890	1540	18.1506
ERR13927339.4891	1570	18.6828
ERR13927339.4892	1531	19.6349
ERR13927339.4893	1562	15.9085
ERR13927339.4894	1582	17.3704
ERR13927339.4895	507	17.0039
ERR13927339.4896	1560	20.7917
ERR13927339.4897	1598	14.3141
ERR13927339.4898	1611	17.3296
ERR13927339.4899	1505	16.9714
ERR13927339.4900	1537	15.6318
ERR13927339.4901	1462	14.8618
ERR13927339.4902	1558	18.1682
ERR13927339.4903	1574	22.0775
ERR13927339.4904	1608	18.8396
ERR13927339.4905	1138	15.5422
ERR13927339.4906	1600	21.3388
ERR13927339.4907	546	13.5476
ERR13927339.4908	1531	15.9706
ERR13927339.4909	1555	17.4367
ERR13927339.4910	1519	16.8973
ERR13927339.4911	1558	17.5051
ERR13927339.4912	1558	18.1284
ERR13927339.4913	1558	15.7574
ERR13927339.4914	1567	19.7243
ERR13927339.4915	1581	20.0323
ERR13927339.4916	1537	18.4743
ERR13927339.4917	1563	14.6667
ERR13927339.4918	1535	18.8384
ERR13927339.4919	1571	16.9306
ERR13927339.4920	1545	16.1845
ERR13927339.4921	1568	19.6161
ERR13927339.4922	1548	19.6266
ERR13927339.4923	1555	18.9023
ERR13927339.4924	1560	19.4769
ERR13927339.4925	1626	15.4569
ERR13927339.4926	1559	19.1392
ERR13927339.4927	1570	18.2255
ERR13927339.4928	1577	19.8776
ERR13927339.4929	1535	19.7524
ERR13927339.4930	1511	18.2588
ERR13927339.4931	1614	20.6450
ERR13927339.4932	1601	17.1249
ERR13927339.4933	1554	19.5927
ERR13927339.4934	1589	19.4443
ERR13927339.4935	1546	20.7096
ERR13927339.4936	538	15.8401
ERR13927339.4937	1647	20.2799
ERR13927339.4938	1502	16.7703
ERR13927339.4939	1531	15.9282
ERR13927339.4940	1592	19.2129
ERR13927339.4941	1532	16.2069
ERR13927339.4942	1579	18.6396
ERR13927339.4943	1558	16.7632
ERR13927339.4944	1525	15.9652
ERR13927339.4945	1593	15.0370
ERR13927339.4946	1539	18.9987
ERR13927339.4947	1534	15.6304
ERR13927339.4948	1542	17.8158
ERR13927339.4949	1546	18.7012
ERR13927339.4950	1559	17.4349
ERR13927339.4951	1578	21.8029
ERR13927339.4952	1580	21.3076
ERR13927339.4953	1551	17.7427
ERR13927339.4954	1564	19.6317
ERR13927339.4955	1579	16.4763
ERR13927339.4956	1638	15.8614
ERR13927339.4957	1583	17.9394
ERR13927339.4958	1553	16.7083
ERR13927339.4959	1509	15.5116
ERR13927339.4960	1570	15.0159
ERR13927339.4961	1569	16.5628
ERR13927339.4962	1580	16.7949
ERR13927339.4963	1587	18.0819
ERR13927339.4964	408	19.3603
ERR13927339.4965	1535	20.4013
ERR13927339.4966	1566	19.9023
ERR13927339.4967	3075	17.7753
ERR13927339.4968	1611	15.7821
ERR13927339.4969	1608	18.4248
ERR13927339.4970	1549	20.6727
ERR13927339.4971	1580	19.0633
ERR13927339.4972	1515	15.0766
ERR13927339.4973	1577	14.9252
ERR13927339.4974	1559	18.1937
ERR13927339.4975	1623	15.4054
ERR13927339.4976	1515	18.7551
ERR13927339.4977	1231	18.9342
ERR13927339.4978	1568	17.6180
ERR13927339.4979	1530	17.2183
ERR13927339.4980	1562	19.4680
ERR13927339.4981	1603	19.0337
ERR13927339.4982	1557	16.8202
ERR13927339.4983	1577	18.4851
ERR13927339.4984	1610	18.6081
ERR13927339.4985	1565	18.7617
ERR13927339.4986	1552	17.5135
ERR13927339.4987	1552	15.5470
ERR13927339.4988	1592	19.7915
ERR13927339.4989	1516	19.4373
ERR13927339.4990	1629	19.1074
ERR13927339.4991	1563	19.8656
ERR13927339.4992	1552	18.7713
ERR13927339.4993	1578	19.1990
ERR13927339.4994	1557	20.6397
ERR13927339.4995	1531	18.9621
ERR13927339.4996	1574	16.7376
ERR13927339.4997	1594	17.3463
ERR13927339.4998	1543	15.4070
ERR13927339.4999	1565	18.7220
ERR13927339.5000	1563	15.8932
ERR13927339.5001	1601	21.9282
ERR13927339.5002	1740	24.5213
ERR13927339.5003	1580	17.6665
ERR13927339.5004	1569	20.2696
ERR13927339.5005	1573	18.9275
ERR13927339.5006	1566	16.8474
ERR13927339.5007	1573	17.6853
ERR13927339.5008	1573	15.9212
ERR13927339.5009	1592	20.1357
ERR13927339.5010	1559	20.6222
ERR13927339.5011	1345	16.2572
ERR13927339.5012	1599	21.0688
ERR13927339.5013	1600	18.0344
ERR13927339.5014	1535	15.7270
ERR13927339.5015	1557	18.4875
ERR13927339.5016	1556	19.6690
ERR13927339.5017	1567	19.6886
ERR13927339.5018	1599	17.9356
ERR13927339.5019	1620	16.7407
ERR13927339.5020	1597	17.2761
ERR13927339.5021	1575	17.9511
ERR13927339.5022	1575	19.9968
ERR13927339.5023	1536	16.7650
ERR13927339.5024	1532	19.9132
ERR13927339.5025	1553	15.8744
ERR13927339.5026	1547	16.2560
ERR13927339.5027	1570	21.6185
ERR13927339.5028	1611	21.5891
ERR13927339.5029	1598	16.8060
ERR13927339.5030	1584	18.5038
ERR13927339.5031	1553	18.4205
ERR13927339.5032	853	15.9883
ERR13927339.5033	1599	20.1044
ERR13927339.5034	1571	15.7123
ERR13927339.5035	1606	18.9110
ERR13927339.5036	1604	21.2488
ERR13927339.5037	1502	15.8995
ERR13927339.5038	1569	16.7119
ERR13927339.5039	1588	20.1064
ERR13927339.5040	1495	14.0963
ERR13927339.5041	1556	16.8335
ERR13927339.5042	1577	20.9417
ERR13927339.5043	1562	18.2119
ERR13927339.5044	1566	20.8372
ERR13927339.5045	1569	18.4736
ERR13927339.5046	1537	17.6454
ERR13927339.5047	1541	18.7249
ERR13927339.5048	1564	19.7251
ERR13927339.5049	1541	20.0299
ERR13927339.5050	1544	17.5719
ERR13927339.5051	1593	19.1645
ERR13927339.5052	1353	16.1249
ERR13927339.5053	1540	18.8558
ERR13927339.5054	1607	17.4505
ERR13927339.5055	1586	21.0858
ERR13927339.5056	1579	18.8410
ERR13927339.5057	1575	18.1124
ERR13927339.5058	1545	16.2369
ERR13927339.5059	1587	19.2615
ERR13927339.5060	1543	16.1938
ERR13927339.5061	1592	17.3084
ERR13927339.5062	1562	17.8412
ERR13927339.5063	1572	19.9536
ERR13927339.5064	1550	16.9845
ERR13927339.5065	1579	19.2001
ERR13927339.5066	1577	18.3418
ERR13927339.5067	1521	15.8199
ERR13927339.5068	1572	15.9052
ERR13927339.5069	1502	14.9241
ERR13927339.5070	1555	16.3923
ERR13927339.5071	1121	16.8947
ERR13927339.5072	297	14.3906
ERR13927339.5073	1582	18.6922
ERR13927339.5074	1561	18.9090
ERR13927339.5075	1602	21.8271
ERR13927339.5076	1558	17.6316
ERR13927339.5077	1248	20.5000
ERR13927339.5078	1588	19.2727
ERR13927339.5079	1581	20.9437
ERR13927339.5080	1556	20.1671
ERR13927339.5081	1565	15.7930
ERR13927339.5082	1586	18.3840
ERR13927339.5083	1601	21.4641
ERR13927339.5084	1616	19.2989
ERR13927339.5085	1570	17.0624
ERR13927339.5086	1576	18.5381
ERR13927339.5087	1546	18.5052
ERR13927339.5088	1574	19.0642
ERR13927339.5089	1595	19.0263
ERR13927339.5090	1625	15.8283
ERR13927339.5091	1531	15.2351
ERR13927339.5092	1566	18.5211
ERR13927339.5093	1555	14.1093
ERR13927339.5094	1575	19.6317
ERR13927339.5095	1574	20.7382
ERR13927339.5096	1574	18.0610
ERR13927339.5097	1509	15.1087
ERR13927339.5098	1615	19.0873
ERR13927339.5099	1533	14.9928
ERR13927339.5100	1592	19.2349
ERR13927339.5101	1560	19.0750
ERR13927339.5102	1572	16.2831
ERR13927339.5103	1581	20.0974
ERR13927339.5104	1560	18.5051
ERR13927339.5105	1620	18.5253
ERR13927339.5106	1580	20.2278
ERR13927339.5107	1297	20.3732
ERR13927339.5108	1587	16.7656
ERR13927339.5109	1568	20.4923
ERR13927339.5110	1567	21.5067
ERR13927339.5111	1586	16.4779
ERR13927339.5112	398	17.5226
ERR13927339.5113	1610	18.6652
ERR13927339.5114	1551	17.2805
ERR13927339.5115	1608	18.4422
ERR13927339.5116	1506	17.6235
ERR13927339.5117	1592	21.5948
ERR13927339.5118	1616	19.0050
ERR13927339.5119	1548	17.6292
ERR13927339.5120	1572	19.4249
ERR13927339.5121	1564	18.2225
ERR13927339.5122	1570	18.3586
ERR13927339.5123	1611	20.2228
ERR13927339.5124	1549	18.0691
ERR13927339.5125	1588	20.4181
ERR13927339.5126	1606	20.9664
ERR13927339.5127	1570	22.5204
ERR13927339.5128	1178	17.3803
ERR13927339.5129	1587	20.0510
ERR13927339.5130	1609	20.5600
ERR13927339.5131	1537	16.2622
ERR13927339.5132	1600	18.0281
ERR13927339.5133	1356	16.3628
ERR13927339.5134	1538	16.6482
ERR13927339.5135	1572	21.2697
ERR13927339.5136	1606	18.9072
ERR13927339.5137	1593	17.6905
ERR13927339.5138	1592	20.5151
ERR13927339.5139	1554	17.5270
ERR13927339.5140	1563	16.4965
ERR13927339.5141	1534	17.0567
ERR13927339.5142	1554	20.2703
ERR13927339.5143	1521	20.3097
ERR13927339.5144	1482	16.9190
ERR13927339.5145	1890	16.9339
ERR13927339.5146	1462	20.4672
ERR13927339.5147	1555	16.4379
ERR13927339.5148	1562	16.4411
ERR13927339.5149	1531	19.5545
ERR13927339.5150	1554	19.2490
ERR13927339.5151	1540	19.3442
ERR13927339.5152	1152	16.6372
ERR13927339.5153	1150	18.0339
ERR13927339.5154	315	17.0603
ERR13927339.5155	1553	20.7675
ERR13927339.5156	1548	17.9076
ERR13927339.5157	1567	19.5839
ERR13927339.5158	1541	17.1544
ERR13927339.5159	1573	15.8125
ERR13927339.5160	1575	18.8737
ERR13927339.5161	1576	19.3426
ERR13927339.5162	1589	19.7464
ERR13927339.5163	1563	19.2873
ERR13927339.5164	1613	18.2579
ERR13927339.5165	1550	19.4845
ERR13927339.5166	1622	16.9457
ERR13927339.5167	1573	19.0286
ERR13927339.5168	1560	19.2699
ERR13927339.5169	1551	19.3288
ERR13927339.5170	1582	17.8748
ERR13927339.5171	1552	15.4369
ERR13927339.5172	1582	20.9362
ERR13927339.5173	1537	16.4528
ERR13927339.5174	1577	18.2429
ERR13927339.5175	1578	20.5209
ERR13927339.5176	1554	16.4858
ERR13927339.5177	1573	17.8004
ERR13927339.5178	1584	20.5638
ERR13927339.5179	1101	20.0445
ERR13927339.5180	1456	13.9245
ERR13927339.5181	1592	20.3725
ERR13927339.5182	1554	17.2445
ERR13927339.5183	1569	20.0178
ERR13927339.5184	1614	19.9919
ERR13927339.5185	1018	17.6562
ERR13927339.5186	1573	19.2645
ERR13927339.5187	1572	16.2455
ERR13927339.5188	1561	19.9609
ERR13927339.5189	1621	19.9525
ERR13927339.5190	1594	20.4128
ERR13927339.5191	1592	18.5132
ERR13927339.5192	1618	18.9227
ERR13927339.5193	1582	20.9298
ERR13927339.5194	1554	15.8539
ERR13927339.5195	1561	15.4939
ERR13927339.5196	1531	14.6238
ERR13927339.5197	3129	16.4020
ERR13927339.5198	1571	16.4990
ERR13927339.5199	1604	19.9071
ERR13927339.5200	1564	18.5371
ERR13927339.5201	1618	18.2070
ERR13927339.5202	1599	18.3902
ERR13927339.5203	1110	18.6405
ERR13927339.5204	1596	18.7137
ERR13927339.5205	1558	19.8383
ERR13927339.5206	1570	21.4401
ERR13927339.5207	1576	16.4956
ERR13927339.5208	1578	19.9645
ERR13927339.5209	1559	14.3156
ERR13927339.5210	1578	16.1933
ERR13927339.5211	1561	20.6931
ERR13927339.5212	1585	16.8164
ERR13927339.5213	1560	16.3513
ERR13927339.5214	1625	19.4929
ERR13927339.5215	1585	18.1634
ERR13927339.5216	1565	14.7770
ERR13927339.5217	1585	18.9836
ERR13927339.5218	1035	19.0164
ERR13927339.5219	1577	18.9055
ERR13927339.5220	1543	20.7887
ERR13927339.5221	1554	16.6879
ERR13927339.5222	1556	19.0553
ERR13927339.5223	1557	19.2961
ERR13927339.5224	1518	18.9045
ERR13927339.5225	1568	17.2219
ERR13927339.5226	2374	21.8951
ERR13927339.5227	1562	18.5160
ERR13927339.5228	1572	18.7805
ERR13927339.5229	1580	18.6152
ERR13927339.5230	1581	19.2195
ERR13927339.5231	1600	17.6513
ERR13927339.5232	1575	18.5346
ERR13927339.5233	1582	20.2162
ERR13927339.5234	1552	15.5000
ERR13927339.5235	1515	17.4799
ERR13927339.5236	1572	16.9905
ERR13927339.5237	1557	17.6602
ERR13927339.5238	1540	16.0494
ERR13927339.5239	1617	20.6797
ERR13927339.5240	1558	19.2163
ERR13927339.5241	1583	15.8155
ERR13927339.5242	1588	18.4244
ERR13927339.5243	1583	19.0777
ERR13927339.5244	1591	15.8580
ERR13927339.5245	1591	16.3394
ERR13927339.5246	1547	16.4771
ERR13927339.5247	1508	20.4549
ERR13927339.5248	1554	17.2664
ERR13927339.5249	412	20.2791
ERR13927339.5250	1571	17.7428
ERR13927339.5251	1573	17.3751
ERR13927339.5252	1549	14.9161
ERR13927339.5253	1583	21.8572
ERR13927339.5254	1590	15.8145
ERR13927339.5255	1571	19.2311
ERR13927339.5256	1624	17.9526
ERR13927339.5257	1527	15.1657
ERR13927339.5258	1585	16.9237
ERR13927339.5259	1559	17.3791
ERR13927339.5260	1674	15.3823
ERR13927339.5261	1571	19.4042
ERR13927339.5262	1554	16.2169
ERR13927339.5263	1547	19.6936
ERR13927339.5264	1611	17.7741
ERR13927339.5265	1558	19.5064
ERR13927339.5266	1542	15.7996
ERR13927339.5267	1535	14.5844
ERR13927339.5268	1526	15.7896
ERR13927339.5269	439	16.1891
ERR13927339.5270	1506	15.7450
ERR13927339.5271	1608	20.1822
ERR13927339.5272	1574	16.6671
ERR13927339.5273	1569	15.5844
ERR13927339.5274	1574	16.6633
ERR13927339.5275	1571	20.2362
ERR13927339.5276	1540	16.5961
ERR13927339.5277	1574	20.7071
ERR13927339.5278	1611	20.1782
ERR13927339.5279	1565	21.0620
ERR13927339.5280	1620	17.7432
ERR13927339.5281	1615	18.1622
ERR13927339.5282	1600	17.3962
ERR13927339.5283	1567	18.8271
ERR13927339.5284	1589	18.2177
ERR13927339.5285	1547	19.9379
ERR13927339.5286	1555	17.6855
ERR13927339.5287	1572	20.5083
ERR13927339.5288	611	15.1604
ERR13927339.5289	1584	17.8769
ERR13927339.5290	1576	22.3826
ERR13927339.5291	551	18.4283
ERR13927339.5292	1547	16.6522
ERR13927339.5293	1559	15.7107
ERR13927339.5294	1565	18.9003
ERR13927339.5295	1567	18.9158
ERR13927339.5296	1577	15.6189
ERR13927339.5297	1541	17.5756
ERR13927339.5298	1521	14.5214
ERR13927339.5299	1563	21.0326
ERR13927339.5300	1537	14.8035
ERR13927339.5301	1346	17.4651
ERR13927339.5302	1580	19.0443
ERR13927339.5303	1545	17.4680
ERR13927339.5304	1581	18.5686
ERR13927339.5305	1594	20.6788
ERR13927339.5306	271	14.0959
ERR13927339.5307	1576	15.9258
ERR13927339.5308	1576	21.0355
ERR13927339.5309	1551	17.0851
ERR13927339.5310	1577	19.6855
ERR13927339.5311	1567	16.2438
ERR13927339.5312	1565	15.2671
ERR13927339.5313	1588	18.6864
ERR13927339.5314	1546	16.7542
ERR13927339.5315	1527	18.3150
ERR13927339.5316	1574	19.0508
ERR13927339.5317	1563	17.3353
ERR13927339.5318	1573	20.9568
ERR13927339.5319	1272	18.0197
ERR13927339.5320	1569	19.8190
ERR13927339.5321	1595	20.2326
ERR13927339.5322	1581	20.3049
ERR13927339.5323	1558	18.5353
ERR13927339.5324	1546	19.7613
ERR13927339.5325	1608	18.1039
ERR13927339.5326	1585	18.2896
ERR13927339.5327	1562	16.4571
ERR13927339.5328	1599	15.4284
ERR13927339.5329	1575	21.8432
ERR13927339.5330	1569	16.3550
ERR13927339.5331	1596	19.5959
ERR13927339.5332	1577	18.8935
ERR13927339.5333	1523	21.0420
ERR13927339.5334	1592	19.7820
ERR13927339.5335	1519	15.3871
ERR13927339.5336	1559	16.6183
ERR13927339.5337	1570	18.3153
ERR13927339.5338	1581	19.1139
ERR13927339.5339	1589	16.7395
ERR13927339.5340	1518	19.0652
ERR13927339.5341	1589	17.3411
ERR13927339.5342	1609	19.4823
ERR13927339.5343	1582	19.0670
ERR13927339.5344	1516	18.2949
ERR13927339.5345	1576	16.1390
ERR13927339.5346	1552	17.1186
ERR13927339.5347	1551	18.1599
ERR13927339.5348	1571	18.8421
ERR13927339.5349	1560	20.4936
ERR13927339.5350	1582	21.3818
ERR13927339.5351	1561	18.0346
ERR13927339.5352	1595	19.9135
ERR13927339.5353	1550	15.2013
ERR13927339.5354	1573	17.7858
ERR13927339.5355	1570	17.5803
ERR13927339.5356	1563	21.3423
ERR13927339.5357	1554	18.0740
ERR13927339.5358	1587	20.1128
ERR13927339.5359	1556	17.1099
ERR13927339.5360	1559	17.3477
ERR13927339.5361	1619	17.2909
ERR13927339.5362	1562	17.5557
ERR13927339.5363	1627	14.9140
ERR13927339.5364	1624	19.1853
ERR13927339.5365	1574	19.1239
ERR13927339.5366	1601	18.5796
ERR13927339.5367	1579	15.7562
ERR13927339.5368	1586	21.0202
ERR13927339.5369	1562	18.8924
ERR13927339.5370	792	17.0745
ERR13927339.5371	1580	19.2848
ERR13927339.5372	1557	18.4586
ERR13927339.5373	1541	17.7664
ERR13927339.5374	1554	16.3166
ERR13927339.5375	949	17.7060
ERR13927339.5376	1574	20.0305
ERR13927339.5377	1573	17.2765
ERR13927339.5378	1528	19.9306
ERR13927339.5379	1573	17.6656
ERR13927339.5380	1507	15.2123
ERR13927339.5381	1527	16.3202
ERR13927339.5382	1590	16.1698
ERR13927339.5383	180	20.8611
ERR13927339.5384	1613	18.0905
ERR13927339.5385	1564	16.0767
ERR13927339.5386	1542	14.8405
ERR13927339.5387	1584	17.4501
ERR13927339.5388	1548	15.5640
ERR13927339.5389	1519	20.2284
ERR13927339.5390	1558	17.6264
ERR13927339.5391	1570	18.4561
ERR13927339.5392	1517	15.8418
ERR13927339.5393	1560	16.1321
ERR13927339.5394	1565	19.0888
ERR13927339.5395	1584	16.0922
ERR13927339.5396	1583	18.5837
ERR13927339.5397	1538	14.5975
ERR13927339.5398	1595	16.5135
ERR13927339.5399	1563	17.5067
ERR13927339.5400	1545	19.9197
ERR13927339.5401	1529	15.4820
ERR13927339.5402	1578	19.4354
ERR13927339.5403	1288	16.6623
ERR13927339.5404	1598	17.6615
ERR13927339.5405	1560	19.5962
ERR13927339.5406	1574	20.3863
ERR13927339.5407	1555	20.6334
ERR13927339.5408	1533	20.4168
ERR13927339.5409	1561	17.0372
ERR13927339.5410	1576	19.1745
ERR13927339.5411	1563	17.0006
ERR13927339.5412	1621	18.5978
ERR13927339.5413	776	14.0760
ERR13927339.5414	1555	20.0592
ERR13927339.5415	1553	16.2949
ERR13927339.5416	1525	17.0682
ERR13927339.5417	1592	19.3222
ERR13927339.5418	1545	18.2770
ERR13927339.5419	1551	19.2405
ERR13927339.5420	1572	18.9453
ERR13927339.5421	1551	17.8575
ERR13927339.5422	1594	20.4630
ERR13927339.5423	1551	16.1709
ERR13927339.5424	1569	18.0586
ERR13927339.5425	1535	17.5042
ERR13927339.5426	1590	17.3321
ERR13927339.5427	1620	16.0981
ERR13927339.5428	1565	15.7188
ERR13927339.5429	1555	19.0920
ERR13927339.5430	1576	20.8395
ERR13927339.5431	1582	17.8236
ERR13927339.5432	1561	18.9218
ERR13927339.5433	1585	17.2486
ERR13927339.5434	1569	17.5927
ERR13927339.5435	1573	17.5366
ERR13927339.5436	1666	19.6026
ERR13927339.5437	1600	20.7931
ERR13927339.5438	1577	19.1509
ERR13927339.5439	1590	19.4925
ERR13927339.5440	1575	14.7086
ERR13927339.5441	1577	19.5510
ERR13927339.5442	1562	20.8438
ERR13927339.5443	1583	18.5452
ERR13927339.5444	1542	18.5746
ERR13927339.5445	1549	16.8212
ERR13927339.5446	1548	18.2901
ERR13927339.5447	1558	17.6598
ERR13927339.5448	1528	13.9483
ERR13927339.5449	1571	17.6766
ERR13927339.5450	1615	20.3003
ERR13927339.5451	1558	16.1303
ERR13927339.5452	1457	17.3603
ERR13927339.5453	1638	18.3645
ERR13927339.5454	1280	15.9844
ERR13927339.5455	1563	16.3826
ERR13927339.5456	1544	14.8096
ERR13927339.5457	1555	14.9595
ERR13927339.5458	1568	20.6091
ERR13927339.5459	1574	19.1258
ERR13927339.5460	1589	18.8055
ERR13927339.5461	1550	15.0206
ERR13927339.5462	1605	15.5988
ERR13927339.5463	1411	17.0106
ERR13927339.5464	1569	18.0567
ERR13927339.5465	1576	17.3731
ERR13927339.5466	1561	20.5567
ERR13927339.5467	1598	15.7403
ERR13927339.5468	1605	19.2779
ERR13927339.5469	1507	15.8500
ERR13927339.5470	1545	17.0725
ERR13927339.5471	1563	18.7134
ERR13927339.5472	1537	15.3396
ERR13927339.5473	1581	19.8469
ERR13927339.5474	1603	17.0293
ERR13927339.5475	1570	20.3248
ERR13927339.5476	1543	15.8030
ERR13927339.5477	1537	14.4554
ERR13927339.5478	1555	17.1003
ERR13927339.5479	1545	19.7010
ERR13927339.5480	1567	16.8851
ERR13927339.5481	1555	19.9826
ERR13927339.5482	1551	16.4642
ERR13927339.5483	1556	16.8907
ERR13927339.5484	1580	17.7323
ERR13927339.5485	1535	16.8476
ERR13927339.5486	1557	17.6705
ERR13927339.5487	1568	19.4554
ERR13927339.5488	1574	19.5044
ERR13927339.5489	1595	22.3298
ERR13927339.5490	1160	15.2362
ERR13927339.5491	1608	21.9770
ERR13927339.5492	1561	18.1800
ERR13927339.5493	1583	17.6178
ERR13927339.5494	1555	20.3749
ERR13927339.5495	1536	18.1530
ERR13927339.5496	1542	18.9416
ERR13927339.5497	1579	16.3103
ERR13927339.5498	1566	19.0709
ERR13927339.5499	1565	19.7246
ERR13927339.5500	1550	13.9090
ERR13927339.5501	1584	16.7670
ERR13927339.5502	1559	17.7524
ERR13927339.5503	1569	15.1581
ERR13927339.5504	1547	15.7860
ERR13927339.5505	289	13.9862
ERR13927339.5506	1573	16.4355
ERR13927339.5507	1594	17.2327
ERR13927339.5508	1570	20.1631
ERR13927339.5509	1578	20.4316
ERR13927339.5510	1570	17.9363
ERR13927339.5511	1573	15.0394
ERR13927339.5512	1571	17.1509
ERR13927339.5513	1584	17.8207
ERR13927339.5514	1487	16.8689
ERR13927339.5515	1579	16.2204
ERR13927339.5516	1592	17.9240
ERR13927339.5517	1567	15.4422
ERR13927339.5518	1550	16.1961
ERR13927339.5519	1571	17.9134
ERR13927339.5520	1594	21.3626
ERR13927339.5521	1566	16.0715
ERR13927339.5522	1599	16.4972
ERR13927339.5523	1591	18.4243
ERR13927339.5524	1563	17.2572
ERR13927339.5525	1562	16.1620
ERR13927339.5526	1522	17.0637
ERR13927339.5527	1498	16.4646
ERR13927339.5528	1540	14.4656
ERR13927339.5529	1518	15.9018
ERR13927339.5530	1569	17.2511
ERR13927339.5531	1568	19.4088
ERR13927339.5532	1558	18.6630
ERR13927339.5533	1578	15.7110
ERR13927339.5534	1556	18.2911
ERR13927339.5535	1555	17.2064
ERR13927339.5536	1591	19.7618
ERR13927339.5537	1566	22.5428
ERR13927339.5538	1549	14.6927
ERR13927339.5539	1565	16.2575
ERR13927339.5540	1559	18.9269
ERR13927339.5541	1550	18.2245
ERR13927339.5542	1577	14.4090
ERR13927339.5543	1329	17.3800
ERR13927339.5544	1571	17.2852
ERR13927339.5545	1556	20.9075
ERR13927339.5546	1552	20.0561
ERR13927339.5547	1578	17.8885
ERR13927339.5548	1572	18.3868
ERR13927339.5549	1607	21.2309
ERR13927339.5550	1549	19.7456
ERR13927339.5551	1564	20.6656
ERR13927339.5552	1556	18.1954
ERR13927339.5553	1595	18.2690
ERR13927339.5554	1564	18.8651
ERR13927339.5555	1544	15.1619
ERR13927339.5556	1528	17.2271
ERR13927339.5557	1559	18.1924
ERR13927339.5558	1564	16.2801
ERR13927339.5559	1547	18.9696
ERR13927339.5560	1597	19.9180
ERR13927339.5561	1518	15.3261
ERR13927339.5562	1620	19.2568
ERR13927339.5563	1558	15.4474
ERR13927339.5564	1471	16.3277
ERR13927339.5565	1565	18.3540
ERR13927339.5566	1573	19.3179
ERR13927339.5567	1577	19.1820
ERR13927339.5568	1564	16.4629
ERR13927339.5569	1562	15.7804
ERR13927339.5570	1539	18.3190
ERR13927339.5571	1544	17.1554
ERR13927339.5572	768	15.6758
ERR13927339.5573	1590	15.5629
ERR13927339.5574	1537	17.0384
ERR13927339.5575	1544	17.7675
ERR13927339.5576	1560	17.4301
ERR13927339.5577	1549	21.9935
ERR13927339.5578	1580	16.5475
ERR13927339.5579	1589	19.1498
ERR13927339.5580	1556	17.7314
ERR13927339.5581	1576	19.7468
ERR13927339.5582	1614	18.8061
ERR13927339.5583	1589	18.4110
ERR13927339.5584	1571	15.1330
ERR13927339.5585	1592	17.7720
ERR13927339.5586	1622	19.3379
ERR13927339.5587	1595	16.6627
ERR13927339.5588	1571	18.1197
ERR13927339.5589	1573	17.0095
ERR13927339.5590	1597	19.9887
ERR13927339.5591	1554	15.0759
ERR13927339.5592	1614	20.3817
ERR13927339.5593	1559	19.4131
ERR13927339.5594	1641	20.0689
ERR13927339.5595	1560	18.7077
ERR13927339.5596	1569	19.3830
ERR13927339.5597	1615	18.0043
ERR13927339.5598	1608	20.2823
ERR13927339.5599	1576	20.4270
ERR13927339.5600	1549	15.6869
ERR13927339.5601	1591	20.4859
ERR13927339.5602	1591	17.2608
ERR13927339.5603	1544	20.3459
ERR13927339.5604	1564	16.6867
ERR13927339.5605	1568	17.4145
ERR13927339.5606	1548	17.1996
ERR13927339.5607	1587	19.1626
ERR13927339.5608	1489	15.4144
ERR13927339.5609	1541	19.4620
ERR13927339.5610	1570	17.4688
ERR13927339.5611	1603	17.0586
ERR13927339.5612	1579	16.9481
ERR13927339.5613	1536	16.4030
ERR13927339.5614	1544	18.6846
ERR13927339.5615	1545	17.6641
ERR13927339.5616	959	15.0313
ERR13927339.5617	828	15.5592
ERR13927339.5618	1561	18.3498
ERR13927339.5619	1534	20.2934
ERR13927339.5620	1560	16.2519
ERR13927339.5621	1556	19.0906
ERR13927339.5622	1551	17.3643
ERR13927339.5623	1549	19.9800
ERR13927339.5624	1620	20.5975
ERR13927339.5625	1555	18.5132
ERR13927339.5626	1600	19.9150
ERR13927339.5627	1608	19.8769
ERR13927339.5628	1576	17.0431
ERR13927339.5629	1549	19.4551
ERR13927339.5630	1561	20.3325
ERR13927339.5631	1541	15.5996
ERR13927339.5632	1562	19.1780
ERR13927339.5633	1548	16.4535
ERR13927339.5634	1551	17.0941
ERR13927339.5635	1556	17.0829
ERR13927339.5636	1595	18.6972
ERR13927339.5637	1583	17.6747
ERR13927339.5638	1562	14.5813
ERR13927339.5639	1672	20.8941
ERR13927339.5640	1619	16.8678
ERR13927339.5641	1525	17.7895
ERR13927339.5642	1549	16.7147
ERR13927339.5643	1557	19.9043
ERR13927339.5644	1533	15.4899
ERR13927339.5645	1502	17.0373
ERR13927339.5646	1564	19.5742
ERR13927339.5647	1573	18.6624
ERR13927339.5648	1555	21.6193
ERR13927339.5649	1530	15.5007
ERR13927339.5650	1581	20.4099
ERR13927339.5651	1536	16.6862
ERR13927339.5652	1625	20.1748
ERR13927339.5653	1605	18.5072
ERR13927339.5654	1610	19.1410
ERR13927339.5655	1602	17.5618
ERR13927339.5656	1557	16.6024
ERR13927339.5657	1526	15.8591
ERR13927339.5658	1572	14.7634
ERR13927339.5659	269	17.3569
ERR13927339.5660	1566	17.8576
ERR13927339.5661	1548	19.9935
ERR13927339.5662	1564	19.3740
ERR13927339.5663	1595	18.7273
ERR13927339.5664	1561	19.4190
ERR13927339.5665	1573	17.3897
ERR13927339.5666	1572	17.0115
ERR13927339.5667	1562	18.1761
ERR13927339.5668	1568	17.4853
ERR13927339.5669	1526	16.3100
ERR13927339.5670	1590	17.9931
ERR13927339.5671	1620	18.3784
ERR13927339.5672	1551	14.5596
ERR13927339.5673	1535	16.4078
ERR13927339.5674	1590	21.0818
ERR13927339.5675	2418	20.3375
ERR13927339.5676	1574	19.2008
ERR13927339.5677	1533	15.3294
ERR13927339.5678	1482	17.4750
ERR13927339.5679	1589	18.8370
ERR13927339.5680	1029	18.7716
ERR13927339.5681	1562	20.6159
ERR13927339.5682	1580	19.3139
ERR13927339.5683	1564	17.1132
ERR13927339.5684	1553	14.2988
ERR13927339.5685	1551	17.4455
ERR13927339.5686	1557	19.4695
ERR13927339.5687	1569	15.8368
ERR13927339.5688	1584	18.0997
ERR13927339.5689	1557	17.2113
ERR13927339.5690	1536	15.8652
ERR13927339.5691	1557	21.0790
ERR13927339.5692	1438	15.1050
ERR13927339.5693	1572	17.2112
ERR13927339.5694	1575	18.1670
ERR13927339.5695	1579	17.1039
ERR13927339.5696	1571	19.3857
ERR13927339.5697	1592	19.9856
ERR13927339.5698	1590	19.0774
ERR13927339.5699	1612	18.5931
ERR13927339.5700	1563	16.3916
ERR13927339.5701	1519	15.9361
ERR13927339.5702	1559	19.4092
ERR13927339.5703	1236	14.6084
ERR13927339.5704	1585	15.2688
ERR13927339.5705	1568	21.6818
ERR13927339.5706	1554	20.6075
ERR13927339.5707	1553	18.5512
ERR13927339.5708	1559	20.3945
ERR13927339.5709	1572	16.8989
ERR13927339.5710	1593	16.7928
ERR13927339.5711	1565	20.1732
ERR13927339.5712	1558	16.1239
ERR13927339.5713	1565	15.9444
ERR13927339.5714	1578	17.2224
ERR13927339.5715	1555	18.0469
ERR13927339.5716	1560	16.8641
ERR13927339.5717	1556	18.7159
ERR13927339.5718	1566	18.3761
ERR13927339.5719	1664	17.9567
ERR13927339.5720	1552	20.5741
ERR13927339.5721	1595	18.4006
ERR13927339.5722	1553	17.3335
ERR13927339.5723	1564	18.0217
ERR13927339.5724	1551	16.0767
ERR13927339.5725	1500	15.8100
ERR13927339.5726	1550	18.1071
ERR13927339.5727	1530	15.3307
ERR13927339.5728	1566	20.7739
ERR13927339.5729	1564	18.6662
ERR13927339.5730	1612	19.2686
ERR13927339.5731	1571	20.1916
ERR13927339.5732	258	15.8295
ERR13927339.5733	1574	18.4949
ERR13927339.5734	1592	18.3335
ERR13927339.5735	1613	20.5468
ERR13927339.5736	1557	17.5440
ERR13927339.5737	1648	19.5601
ERR13927339.5738	1555	18.0907
ERR13927339.5739	1571	19.9803
ERR13927339.5740	1583	18.8654
ERR13927339.5741	1552	17.6920
ERR13927339.5742	1563	18.0205
ERR13927339.5743	1565	19.7176
ERR13927339.5744	1618	19.8640
ERR13927339.5745	1570	20.3427
ERR13927339.5746	1553	18.1333
ERR13927339.5747	1565	19.8441
ERR13927339.5748	1560	14.6442
ERR13927339.5749	455	14.9319
ERR13927339.5750	1574	17.1550
ERR13927339.5751	1577	18.9074
ERR13927339.5752	1577	16.1554
ERR13927339.5753	1582	19.0563
ERR13927339.5754	1568	17.5478
ERR13927339.5755	1549	17.4771
ERR13927339.5756	1540	16.9578
ERR13927339.5757	1590	19.6063
ERR13927339.5758	1527	17.6883
ERR13927339.5759	1606	19.2341
ERR13927339.5760	1561	19.5106
ERR13927339.5761	1581	19.7970
ERR13927339.5762	1553	18.0393
ERR13927339.5763	1588	21.0668
ERR13927339.5764	1587	17.6843
ERR13927339.5765	1594	17.7848
ERR13927339.5766	1552	17.1070
ERR13927339.5767	1530	18.6961
ERR13927339.5768	1616	17.7822
ERR13927339.5769	1605	18.6592
ERR13927339.5770	1577	18.0679
ERR13927339.5771	1554	18.8108
ERR13927339.5772	1561	15.2274
ERR13927339.5773	281	14.9288
ERR13927339.5774	1578	14.5558
ERR13927339.5775	1630	17.5798
ERR13927339.5776	1544	17.1166
ERR13927339.5777	1587	19.2968
ERR13927339.5778	1580	20.4994
ERR13927339.5779	1601	18.7127
ERR13927339.5780	1116	15.2088
ERR13927339.5781	1558	18.3954
ERR13927339.5782	1577	18.5897
ERR13927339.5783	1567	22.7549
ERR13927339.5784	1584	18.1856
ERR13927339.5785	1613	17.0967
ERR13927339.5786	1584	17.5328
ERR13927339.5787	1565	18.2319
ERR13927339.5788	1571	16.7568
ERR13927339.5789	1262	18.2195
ERR13927339.5790	1535	17.4300
ERR13927339.5791	1550	15.5097
ERR13927339.5792	1576	21.1637
ERR13927339.5793	1534	15.4720
ERR13927339.5794	1582	18.6997
ERR13927339.5795	1569	21.4710
ERR13927339.5796	1544	14.5324
ERR13927339.5797	1560	15.6538
ERR13927339.5798	1508	17.7175
ERR13927339.5799	1569	18.7374
ERR13927339.5800	1517	15.3296
ERR13927339.5801	1556	19.8882
ERR13927339.5802	1552	17.3937
ERR13927339.5803	1566	20.2037
ERR13927339.5804	1524	15.4186
ERR13927339.5805	1574	20.3437
ERR13927339.5806	1550	17.6490
ERR13927339.5807	1557	18.7290
ERR13927339.5808	1570	16.8745
ERR13927339.5809	1588	19.9207
ERR13927339.5810	1600	19.1019
ERR13927339.5811	1523	17.3513
ERR13927339.5812	1570	16.7338
ERR13927339.5813	1577	19.3247
ERR13927339.5814	1548	20.6221
ERR13927339.5815	1593	18.2448
ERR13927339.5816	1566	16.3052
ERR13927339.5817	1547	19.9942
ERR13927339.5818	1577	15.3386
ERR13927339.5819	1546	18.0621
ERR13927339.5820	1581	20.5028
ERR13927339.5821	1556	20.9190
ERR13927339.5822	1569	17.5685
ERR13927339.5823	1574	20.5877
ERR13927339.5824	1538	18.8635
ERR13927339.5825	1572	16.7589
ERR13927339.5826	1561	16.7598
ERR13927339.5827	1543	16.1879
ERR13927339.5828	1556	18.9685
ERR13927339.5829	1511	16.6711
ERR13927339.5830	1561	20.3408
ERR13927339.5831	1568	18.6237
ERR13927339.5832	1533	17.8108
ERR13927339.5833	1549	19.6862
ERR13927339.5834	1566	17.8174
ERR13927339.5835	1621	16.9445
ERR13927339.5836	1537	15.3416
ERR13927339.5837	462	17.1407
ERR13927339.5838	1580	19.1253
ERR13927339.5839	1583	16.7852
ERR13927339.5840	1564	19.7244
ERR13927339.5841	1566	15.4246
ERR13927339.5842	1604	19.8242
ERR13927339.5843	1558	17.4602
ERR13927339.5844	1605	18.3202
ERR13927339.5845	1565	15.2185
ERR13927339.5846	1480	18.4318
ERR13927339.5847	1563	17.8759
ERR13927339.5848	1579	18.9968
ERR13927339.5849	1595	17.5680
ERR13927339.5850	1568	15.3763
ERR13927339.5851	1535	16.8072
ERR13927339.5852	1558	18.2227
ERR13927339.5853	1478	16.7436
ERR13927339.5854	1585	17.2587
ERR13927339.5855	1557	16.7283
ERR13927339.5856	1573	16.5900
ERR13927339.5857	1609	18.6594
ERR13927339.5858	1588	18.1134
ERR13927339.5859	1617	19.6698
ERR13927339.5860	1614	20.1041
ERR13927339.5861	1547	18.2928
ERR13927339.5862	1562	18.0269
ERR13927339.5863	1254	15.6938
ERR13927339.5864	1573	20.5143
ERR13927339.5865	1569	19.7368
ERR13927339.5866	1590	20.2497
ERR13927339.5867	1515	17.7360
ERR13927339.5868	1555	19.3042
ERR13927339.5869	1565	18.7617
ERR13927339.5870	1490	17.1329
ERR13927339.5871	1559	17.6196
ERR13927339.5872	1600	19.5206
ERR13927339.5873	1585	18.2845
ERR13927339.5874	1549	18.0323
ERR13927339.5875	1565	17.8288
ERR13927339.5876	1535	15.2606
ERR13927339.5877	1583	17.4997
ERR13927339.5878	1544	18.4864
ERR13927339.5879	1574	20.0273
ERR13927339.5880	1578	19.5678
ERR13927339.5881	1567	19.5227
ERR13927339.5882	1573	16.7470
ERR13927339.5883	1599	17.9356
ERR13927339.5884	1579	18.8847
ERR13927339.5885	1579	20.0988
ERR13927339.5886	1597	19.4715
ERR13927339.5887	1610	19.7354
ERR13927339.5888	1594	19.7779
ERR13927339.5889	1562	16.7023
ERR13927339.5890	1582	18.0822
ERR13927339.5891	497	17.2274
ERR13927339.5892	1553	17.9839
ERR13927339.5893	1588	19.2771
ERR13927339.5894	1603	16.2109
ERR13927339.5895	1569	18.5143
ERR13927339.5896	1547	17.4855
ERR13927339.5897	1599	21.7624
ERR13927339.5898	1580	16.6076
ERR13927339.5899	1528	16.7048
ERR13927339.5900	1337	16.8108
ERR13927339.5901	1571	18.4787
ERR13927339.5902	1559	16.1783
ERR13927339.5903	1674	17.2867
ERR13927339.5904	1546	15.4075
ERR13927339.5905	1608	18.0137
ERR13927339.5906	1583	15.5237
ERR13927339.5907	1605	20.0081
ERR13927339.5908	1516	21.9716
ERR13927339.5909	1376	17.3038
ERR13927339.5910	1560	18.0179
ERR13927339.5911	1565	15.2141
ERR13927339.5912	1599	19.0644
ERR13927339.5913	1524	15.2566
ERR13927339.5914	1595	19.3480
ERR13927339.5915	1566	17.1737
ERR13927339.5916	1540	18.4117
ERR13927339.5917	1639	16.7621
ERR13927339.5918	1607	17.5744
ERR13927339.5919	1555	16.5395
ERR13927339.5920	1552	19.1978
ERR13927339.5921	1594	18.8218
ERR13927339.5922	1576	18.2690
ERR13927339.5923	1557	15.8574
ERR13927339.5924	1568	18.6977
ERR13927339.5925	1575	17.6133
ERR13927339.5926	1603	20.1048
ERR13927339.5927	1558	17.6431
ERR13927339.5928	1548	17.3618
ERR13927339.5929	1541	17.5146
ERR13927339.5930	1558	16.7843
ERR13927339.5931	1566	18.9860
ERR13927339.5932	1605	19.3963
ERR13927339.5933	1607	19.0585
ERR13927339.5934	1595	17.2834
ERR13927339.5935	1601	20.4741
ERR13927339.5936	1570	19.0312
ERR13927339.5937	1561	17.7668
ERR13927339.5938	1562	18.6914
ERR13927339.5939	1564	21.0377
ERR13927339.5940	1552	19.9034
ERR13927339.5941	1591	17.4651
ERR13927339.5942	1581	18.4333
ERR13927339.5943	1544	15.9573
ERR13927339.5944	1570	17.8892
ERR13927339.5945	1543	14.7978
ERR13927339.5946	1600	18.9350
ERR13927339.5947	1567	18.9483
ERR13927339.5948	1628	19.0184
ERR13927339.5949	1554	17.6911
ERR13927339.5950	1548	17.6764
ERR13927339.5951	1568	15.8865
ERR13927339.5952	1589	17.9264
ERR13927339.5953	1574	20.0356
ERR13927339.5954	1582	18.1081
ERR13927339.5955	1571	18.9835
ERR13927339.5956	1598	19.6452
ERR13927339.5957	1541	15.4568
ERR13927339.5958	1615	17.9796
ERR13927339.5959	1575	16.5111
ERR13927339.5960	1562	21.7625
ERR13927339.5961	1581	15.2631
ERR13927339.5962	1606	15.4757
ERR13927339.5963	1560	17.9103
ERR13927339.5964	1567	20.3414
ERR13927339.5965	1567	20.8749
ERR13927339.5966	1533	16.1363
ERR13927339.5967	1606	16.7603
ERR13927339.5968	1575	19.3803
ERR13927339.5969	1579	15.1875
ERR13927339.5970	1572	19.2920
ERR13927339.5971	1593	17.3390
ERR13927339.5972	1559	18.7351
ERR13927339.5973	1562	18.0826
ERR13927339.5974	1575	14.5670
ERR13927339.5975	1526	17.8670
ERR13927339.5976	1582	15.4526
ERR13927339.5977	1558	19.6804
ERR13927339.5978	1591	18.6185
ERR13927339.5979	1569	16.9732
ERR13927339.5980	1525	16.2052
ERR13927339.5981	1567	18.0364
ERR13927339.5982	1554	19.3037
ERR13927339.5983	1522	19.0729
ERR13927339.5984	1571	18.2756
ERR13927339.5985	1539	15.2599
ERR13927339.5986	1578	20.0412
ERR13927339.5987	1558	20.2323
ERR13927339.5988	1566	20.7918
ERR13927339.5989	1547	16.2275
ERR13927339.5990	1548	16.1305
ERR13927339.5991	1554	17.2091
ERR13927339.5992	1511	17.0311
ERR13927339.5993	1537	18.6864
ERR13927339.5994	1571	17.4335
ERR13927339.5995	1571	19.7180
ERR13927339.5996	1615	15.7684
ERR13927339.5997	1562	18.3054
ERR13927339.5998	1552	18.3666
ERR13927339.5999	1598	18.2146
ERR13927339.6000	1543	16.5178
ERR13927339.6001	1577	19.6100
ERR13927339.6002	1574	18.9104
ERR13927339.6003	1574	19.2039
ERR13927339.6004	1570	14.6376
ERR13927339.6005	1559	20.0295
ERR13927339.6006	1572	20.2093
ERR13927339.6007	1587	18.6938
ERR13927339.6008	1593	19.9780
ERR13927339.6009	1554	19.6403
ERR13927339.6010	1593	16.4614
ERR13927339.6011	1595	17.8263
ERR13927339.6012	1602	18.8433
ERR13927339.6013	1605	19.6935
ERR13927339.6014	1515	17.0739
ERR13927339.6015	1589	19.5784
ERR13927339.6016	1542	17.2432
ERR13927339.6017	1564	15.7052
ERR13927339.6018	1554	18.4897
ERR13927339.6019	1552	17.2249
ERR13927339.6020	1543	15.6708
ERR13927339.6021	1589	20.4462
ERR13927339.6022	1600	18.8794
ERR13927339.6023	1537	20.0560
ERR13927339.6024	1581	19.7704
ERR13927339.6025	1593	18.6127
ERR13927339.6026	1550	17.2200
ERR13927339.6027	1562	19.4014
ERR13927339.6028	783	14.2146
ERR13927339.6029	1555	16.4894
ERR13927339.6030	1550	19.0858
ERR13927339.6031	1538	18.5949
ERR13927339.6032	1569	19.9751
ERR13927339.6033	1582	16.7642
ERR13927339.6034	1573	20.1106
ERR13927339.6035	1560	18.3782
ERR13927339.6036	1568	17.3080
ERR13927339.6037	1563	18.5745
ERR13927339.6038	1580	22.1127
ERR13927339.6039	1555	13.6630
ERR13927339.6040	1521	19.1085
ERR13927339.6041	1536	18.3001
ERR13927339.6042	1516	15.5059
ERR13927339.6043	1561	18.5458
ERR13927339.6044	1558	15.6021
ERR13927339.6045	1546	17.1889
ERR13927339.6046	1586	20.4407
ERR13927339.6047	1510	18.1099
ERR13927339.6048	1596	17.4474
ERR13927339.6049	1590	20.4648
ERR13927339.6050	1558	15.3729
ERR13927339.6051	1570	18.1318
ERR13927339.6052	1547	16.2818
ERR13927339.6053	1578	16.0703
ERR13927339.6054	1575	20.4603
ERR13927339.6055	1545	19.1566
ERR13927339.6056	1564	18.9431
ERR13927339.6057	1589	17.6016
ERR13927339.6058	1654	18.7170
ERR13927339.6059	1433	15.5080
ERR13927339.6060	1586	19.0284
ERR13927339.6061	1576	19.8560
ERR13927339.6062	1541	18.1467
ERR13927339.6063	1557	19.2004
ERR13927339.6064	1577	20.0564
ERR13927339.6065	1578	16.5722
ERR13927339.6066	1560	18.5494
ERR13927339.6067	1527	16.5874
ERR13927339.6068	1568	18.6046
ERR13927339.6069	1592	20.0992
ERR13927339.6070	1582	17.3357
ERR13927339.6071	1580	17.6044
ERR13927339.6072	1585	19.2379
ERR13927339.6073	1609	18.7949
ERR13927339.6074	1654	19.0381
ERR13927339.6075	1549	18.9477
ERR13927339.6076	1577	18.8795
ERR13927339.6077	1599	19.1301
ERR13927339.6078	1600	16.4187
ERR13927339.6079	1556	19.5379
ERR13927339.6080	1545	15.3379
ERR13927339.6081	1582	20.0746
ERR13927339.6082	1557	19.1952
ERR13927339.6083	1530	15.1556
ERR13927339.6084	1591	16.4337
ERR13927339.6085	1625	18.9354
ERR13927339.6086	1569	15.6673
ERR13927339.6087	1558	17.8864
ERR13927339.6088	1554	15.7677
ERR13927339.6089	1559	16.9307
ERR13927339.6090	1559	18.8730
ERR13927339.6091	1569	16.5934
ERR13927339.6092	1583	18.8838
ERR13927339.6093	1535	17.3954
ERR13927339.6094	1456	15.0357
ERR13927339.6095	1313	15.8728
ERR13927339.6096	1576	16.5165
ERR13927339.6097	1569	19.4634
ERR13927339.6098	1606	15.8767
ERR13927339.6099	1617	17.3315
ERR13927339.6100	1531	15.3259
ERR13927339.6101	1581	18.4681
ERR13927339.6102	1576	16.9607
ERR13927339.6103	1553	16.5299
ERR13927339.6104	1578	18.4937
ERR13927339.6105	1598	17.7146
ERR13927339.6106	1566	16.0396
ERR13927339.6107	926	18.2473
ERR13927339.6108	1563	20.0691
ERR13927339.6109	1550	17.6335
ERR13927339.6110	2121	21.1297
ERR13927339.6111	1572	16.6972
ERR13927339.6112	1520	14.7250
ERR13927339.6113	1630	18.7417
ERR13927339.6114	1580	21.4924
ERR13927339.6115	1534	16.1688
ERR13927339.6116	1566	21.0702
ERR13927339.6117	689	17.3338
ERR13927339.6118	1582	18.0986
ERR13927339.6119	1497	15.8036
ERR13927339.6120	1595	16.5881
ERR13927339.6121	1551	20.7286
ERR13927339.6122	1562	17.2138
ERR13927339.6123	1569	19.6278
ERR13927339.6124	439	17.0342
ERR13927339.6125	1533	16.7065
ERR13927339.6126	1535	17.1564
ERR13927339.6127	509	18.0491
ERR13927339.6128	1569	19.8190
ERR13927339.6129	1572	20.0547
ERR13927339.6130	1551	19.9710
ERR13927339.6131	1570	17.3134
ERR13927339.6132	1556	18.6285
ERR13927339.6133	1531	16.7244
ERR13927339.6134	1543	14.9890
ERR13927339.6135	1576	17.0000
ERR13927339.6136	1551	18.0316
ERR13927339.6137	1589	20.1202
ERR13927339.6138	1613	19.1897
ERR13927339.6139	1579	18.9886
ERR13927339.6140	1596	20.0050
ERR13927339.6141	1548	17.0129
ERR13927339.6142	1612	17.2444
ERR13927339.6143	1530	18.3118
ERR13927339.6144	1581	21.4263
ERR13927339.6145	1569	16.1887
ERR13927339.6146	1551	20.4172
ERR13927339.6147	605	18.6628
ERR13927339.6148	1612	17.2345
ERR13927339.6149	1588	19.1505
ERR13927339.6150	1508	16.4688
ERR13927339.6151	1569	19.4583
ERR13927339.6152	1573	17.2683
ERR13927339.6153	1592	17.1281
ERR13927339.6154	1579	20.1564
ERR13927339.6155	1609	18.8347
ERR13927339.6156	1566	18.2822
ERR13927339.6157	1502	15.6431
ERR13927339.6158	1548	17.2164
ERR13927339.6159	1548	16.2758
ERR13927339.6160	1583	17.4536
ERR13927339.6161	3192	16.3847
ERR13927339.6162	1562	17.2714
ERR13927339.6163	1523	16.0105
ERR13927339.6164	1566	16.3072
ERR13927339.6165	211	15.2227
ERR13927339.6166	1588	18.5592
ERR13927339.6167	1573	17.9504
ERR13927339.6168	1571	20.9236
ERR13927339.6169	1567	18.1902
ERR13927339.6170	577	13.5581
ERR13927339.6171	1578	15.5475
ERR13927339.6172	1586	16.4880
ERR13927339.6173	1550	20.0245
ERR13927339.6174	1618	19.7163
ERR13927339.6175	1569	20.7062
ERR13927339.6176	1574	14.2891
ERR13927339.6177	1629	15.7778
ERR13927339.6178	1568	15.2959
ERR13927339.6179	1589	20.5362
ERR13927339.6180	1604	19.5069
ERR13927339.6181	1581	16.6180
ERR13927339.6182	1550	16.5632
ERR13927339.6183	1592	18.4221
ERR13927339.6184	1611	17.5301
ERR13927339.6185	1572	15.5388
ERR13927339.6186	1559	17.8833
ERR13927339.6187	1574	15.2929
ERR13927339.6188	1583	18.6317
ERR13927339.6189	1585	19.3849
ERR13927339.6190	1676	18.4905
ERR13927339.6191	1575	18.7410
ERR13927339.6192	1522	14.9691
ERR13927339.6193	1565	15.7962
ERR13927339.6194	1560	20.5122
ERR13927339.6195	1599	19.5310
ERR13927339.6196	1603	19.0443
ERR13927339.6197	1554	16.4923
ERR13927339.6198	416	17.4688
ERR13927339.6199	1553	18.1114
ERR13927339.6200	1585	18.8864
ERR13927339.6201	1622	17.5444
ERR13927339.6202	1551	19.5493
ERR13927339.6203	1020	19.9373
ERR13927339.6204	1574	19.5184
ERR13927339.6205	1555	16.4984
ERR13927339.6206	1563	16.9904
ERR13927339.6207	1580	17.1677
ERR13927339.6208	1550	17.2819
ERR13927339.6209	1566	18.7146
ERR13927339.6210	1565	18.3578
ERR13927339.6211	1570	18.5675
ERR13927339.6212	1560	18.1564
ERR13927339.6213	1565	18.2236
ERR13927339.6214	1529	17.3826
ERR13927339.6215	1563	16.0972
ERR13927339.6216	1612	21.0670
ERR13927339.6217	1560	20.1936
ERR13927339.6218	1567	16.2061
ERR13927339.6219	1513	16.8738
ERR13927339.6220	1556	15.4647
ERR13927339.6221	1579	18.0475
ERR13927339.6222	1575	14.7886
ERR13927339.6223	1560	20.2032
ERR13927339.6224	1555	15.7145
ERR13927339.6225	1563	17.8836
ERR13927339.6226	1575	17.0622
ERR13927339.6227	1575	19.5981
ERR13927339.6228	1608	21.0286
ERR13927339.6229	1593	18.1620
ERR13927339.6230	1548	18.1085
ERR13927339.6231	1607	20.0977
ERR13927339.6232	1547	18.9994
ERR13927339.6233	1583	17.5389
ERR13927339.6234	1528	15.5851
ERR13927339.6235	1560	20.4750
ERR13927339.6236	1557	19.4310
ERR13927339.6237	1545	17.4207
ERR13927339.6238	1564	15.9738
ERR13927339.6239	1293	17.9892
ERR13927339.6240	1588	20.4855
ERR13927339.6241	1528	14.9005
ERR13927339.6242	918	18.4194
ERR13927339.6243	1552	21.2590
ERR13927339.6244	1540	15.7643
ERR13927339.6245	1602	20.3801
ERR13927339.6246	1554	17.9196
ERR13927339.6247	1568	19.7411
ERR13927339.6248	1608	20.7139
ERR13927339.6249	1574	16.5330
ERR13927339.6250	1590	17.8082
ERR13927339.6251	1833	17.4326
ERR13927339.6252	1582	16.8470
ERR13927339.6253	1590	14.9912
ERR13927339.6254	1565	15.4735
ERR13927339.6255	1605	20.4181
ERR13927339.6256	1591	19.2212
ERR13927339.6257	1604	19.4501
ERR13927339.6258	1523	15.9435
ERR13927339.6259	1544	17.2066
ERR13927339.6260	1518	16.1410
ERR13927339.6261	1564	19.3139
ERR13927339.6262	1589	17.8892
ERR13927339.6263	1590	15.4528
ERR13927339.6264	1555	18.7627
ERR13927339.6265	1117	16.8406
ERR13927339.6266	1550	16.6323
ERR13927339.6267	1580	19.3253
ERR13927339.6268	1606	18.3724
ERR13927339.6269	1561	20.6342
ERR13927339.6270	1569	21.7508
ERR13927339.6271	1545	19.0311
ERR13927339.6272	1576	19.0381
ERR13927339.6273	1697	18.9641
ERR13927339.6274	1529	18.7914
ERR13927339.6275	1574	19.5928
ERR13927339.6276	1664	21.1887
ERR13927339.6277	1586	19.1816
ERR13927339.6278	1525	16.9351
ERR13927339.6279	1602	19.3321
ERR13927339.6280	1527	16.8808
ERR13927339.6281	1548	20.3798
ERR13927339.6282	1527	14.5488
ERR13927339.6283	1631	14.9510
ERR13927339.6284	1625	17.1815
ERR13927339.6285	1572	19.3969
ERR13927339.6286	1613	18.2728
ERR13927339.6287	1601	20.8670
ERR13927339.6288	1616	21.4090
ERR13927339.6289	1560	19.1699
ERR13927339.6290	1550	18.8942
ERR13927339.6291	1527	18.1598
ERR13927339.6292	1577	17.9404
ERR13927339.6293	1553	17.2305
ERR13927339.6294	1511	18.2105
ERR13927339.6295	1582	18.1018
ERR13927339.6296	1611	19.4705
ERR13927339.6297	1586	21.2522
ERR13927339.6298	1544	17.5933
ERR13927339.6299	1582	16.3938
ERR13927339.6300	1565	14.9853
ERR13927339.6301	1590	20.2006
ERR13927339.6302	1557	19.8638
ERR13927339.6303	1573	18.1723
ERR13927339.6304	1564	19.8651
ERR13927339.6305	703	18.5789
ERR13927339.6306	1606	20.4066
ERR13927339.6307	1591	15.2772
ERR13927339.6308	1556	18.2847
ERR13927339.6309	1563	20.0058
ERR13927339.6310	1556	16.6337
ERR13927339.6311	845	17.0320
ERR13927339.6312	1587	19.9307
ERR13927339.6313	1619	17.6603
ERR13927339.6314	1557	15.3931
ERR13927339.6315	1564	19.6490
ERR13927339.6316	940	18.4489
ERR13927339.6317	1588	17.7450
ERR13927339.6318	1609	15.6004
ERR13927339.6319	1586	18.0195
ERR13927339.6320	1378	13.9448
ERR13927339.6321	1717	18.8247
ERR13927339.6322	1566	18.8346
ERR13927339.6323	1554	18.1042
ERR13927339.6324	1560	17.0205
ERR13927339.6325	1562	14.4821
ERR13927339.6326	1561	16.5439
ERR13927339.6327	1563	16.9962
ERR13927339.6328	1569	19.2275
ERR13927339.6329	1628	20.1419
ERR13927339.6330	1559	17.1924
ERR13927339.6331	1569	19.8642
ERR13927339.6332	1568	18.2927
ERR13927339.6333	1609	17.6227
ERR13927339.6334	1583	20.9362
ERR13927339.6335	1563	20.7543
ERR13927339.6336	1603	20.3693
ERR13927339.6337	1550	16.0697
ERR13927339.6338	1591	17.3149
ERR13927339.6339	1604	18.5742
ERR13927339.6340	1537	18.3787
ERR13927339.6341	1565	17.7080
ERR13927339.6342	1594	19.2679
ERR13927339.6343	1591	18.8950
ERR13927339.6344	1597	16.4302
ERR13927339.6345	1557	17.1541
ERR13927339.6346	1589	19.1913
ERR13927339.6347	1573	16.7216
ERR13927339.6348	1595	19.8006
ERR13927339.6349	1605	15.3259
ERR13927339.6350	1552	15.1798
ERR13927339.6351	1570	15.3516
ERR13927339.6352	1602	16.2303
ERR13927339.6353	1585	18.2991
ERR13927339.6354	1567	23.2923
ERR13927339.6355	1592	17.2946
ERR13927339.6356	1573	17.1367
ERR13927339.6357	1559	14.8602
ERR13927339.6358	1134	20.6155
ERR13927339.6359	1571	16.8090
ERR13927339.6360	1575	14.4521
ERR13927339.6361	1600	18.7800
ERR13927339.6362	1614	16.6022
ERR13927339.6363	490	18.1939
ERR13927339.6364	1573	19.0229
ERR13927339.6365	1573	17.2371
ERR13927339.6366	1572	18.8740
ERR13927339.6367	1592	20.0942
ERR13927339.6368	1582	20.1694
ERR13927339.6369	1561	15.6534
ERR13927339.6370	1591	16.7882
ERR13927339.6371	1548	18.1925
ERR13927339.6372	1565	18.3265
ERR13927339.6373	1587	18.3491
ERR13927339.6374	1557	14.5369
ERR13927339.6375	1583	21.3708
ERR13927339.6376	1574	15.9663
ERR13927339.6377	1550	20.1606
ERR13927339.6378	1623	19.1657
ERR13927339.6379	1634	19.4682
ERR13927339.6380	1579	18.8632
ERR13927339.6381	1571	20.8581
ERR13927339.6382	1546	19.8719
ERR13927339.6383	1671	19.4967
ERR13927339.6384	1542	17.5785
ERR13927339.6385	1568	16.6256
ERR13927339.6386	1565	17.4096
ERR13927339.6387	1617	18.3933
ERR13927339.6388	1568	17.0223
ERR13927339.6389	1605	20.2604
ERR13927339.6390	1561	18.5701
ERR13927339.6391	1452	19.8444
ERR13927339.6392	1598	19.7872
ERR13927339.6393	1520	17.3954
ERR13927339.6394	1542	19.3846
ERR13927339.6395	1564	15.5313
ERR13927339.6396	1566	15.4036
ERR13927339.6397	1589	16.5538
ERR13927339.6398	1596	17.9599
ERR13927339.6399	1694	19.8442
ERR13927339.6400	954	17.2243
ERR13927339.6401	1574	19.4682
ERR13927339.6402	1554	16.5257
ERR13927339.6403	1614	19.2670
ERR13927339.6404	1553	16.7476
ERR13927339.6405	1562	19.2388
ERR13927339.6406	1575	18.3587
ERR13927339.6407	1591	20.0585
ERR13927339.6408	1524	17.1798
ERR13927339.6409	2167	23.2026
ERR13927339.6410	1525	16.2328
ERR13927339.6411	1600	19.2719
ERR13927339.6412	1605	19.5925
ERR13927339.6413	1579	17.4845
ERR13927339.6414	1560	17.9731
ERR13927339.6415	1535	18.0469
ERR13927339.6416	1576	18.5127
ERR13927339.6417	1578	19.2231
ERR13927339.6418	1560	16.6462
ERR13927339.6419	1522	14.8344
ERR13927339.6420	1559	17.6735
ERR13927339.6421	1565	20.0089
ERR13927339.6422	1576	16.7659
ERR13927339.6423	1565	15.0422
ERR13927339.6424	1576	20.1478
ERR13927339.6425	1580	18.2127
ERR13927339.6426	1535	17.6736
ERR13927339.6427	1570	20.0083
ERR13927339.6428	1562	16.3764
ERR13927339.6429	1568	17.8980
ERR13927339.6430	1550	14.3148
ERR13927339.6431	1576	17.7868
ERR13927339.6432	1224	16.9600
ERR13927339.6433	1588	20.1001
ERR13927339.6434	1567	17.1749
ERR13927339.6435	1560	17.9590
ERR13927339.6436	1573	21.7362
ERR13927339.6437	1563	16.7806
ERR13927339.6438	1568	20.8348
ERR13927339.6439	1565	17.0403
ERR13927339.6440	1596	20.2419
ERR13927339.6441	1603	18.8116
ERR13927339.6442	1601	17.1680
ERR13927339.6443	1570	18.6834
ERR13927339.6444	1494	16.7102
ERR13927339.6445	1579	16.5136
ERR13927339.6446	660	16.1652
ERR13927339.6447	1570	14.6293
ERR13927339.6448	1563	16.9450
ERR13927339.6449	1588	18.1990
ERR13927339.6450	1564	19.5742
ERR13927339.6451	1575	20.4432
ERR13927339.6452	1517	16.0428
ERR13927339.6453	1524	17.8556
ERR13927339.6454	1590	19.8296
ERR13927339.6455	1571	17.9281
ERR13927339.6456	1576	19.0958
ERR13927339.6457	1550	19.4568
ERR13927339.6458	1581	16.1278
ERR13927339.6459	1564	17.6682
ERR13927339.6460	1535	14.5967
ERR13927339.6461	1590	20.2761
ERR13927339.6462	1555	19.8386
ERR13927339.6463	1575	19.9143
ERR13927339.6464	1541	17.2122
ERR13927339.6465	1593	16.2888
ERR13927339.6466	1594	19.4605
ERR13927339.6467	1715	15.9073
ERR13927339.6468	1557	16.7791
ERR13927339.6469	1616	20.5080
ERR13927339.6470	1484	17.3848
ERR13927339.6471	1572	16.0312
ERR13927339.6472	1571	20.3043
ERR13927339.6473	701	17.9173
ERR13927339.6474	1617	19.2245
ERR13927339.6475	1575	19.4006
ERR13927339.6476	1564	18.6944
ERR13927339.6477	1556	16.3625
ERR13927339.6478	1549	15.4526
ERR13927339.6479	1599	21.1607
ERR13927339.6480	1607	16.8538
ERR13927339.6481	1573	19.5645
ERR13927339.6482	1573	19.7711
ERR13927339.6483	1582	16.8698
ERR13927339.6484	1573	19.1914
ERR13927339.6485	1520	15.2079
ERR13927339.6486	1607	15.4319
ERR13927339.6487	1560	21.2340
ERR13927339.6488	1571	19.1636
ERR13927339.6489	1559	20.3201
ERR13927339.6490	3139	16.8974
ERR13927339.6491	1595	18.6583
ERR13927339.6492	1619	19.1606
ERR13927339.6493	1523	17.4813
ERR13927339.6494	1613	17.3825
ERR13927339.6495	1596	17.8716
ERR13927339.6496	1576	18.3629
ERR13927339.6497	1518	17.8775
ERR13927339.6498	1572	17.2926
ERR13927339.6499	1539	17.7225
ERR13927339.6500	1579	15.9582
ERR13927339.6501	1578	19.0051
ERR13927339.6502	1589	19.2272
ERR13927339.6503	1587	15.8192
ERR13927339.6504	1554	19.8398
ERR13927339.6505	1578	17.8143
ERR13927339.6506	1590	19.4038
ERR13927339.6507	1463	17.8544
ERR13927339.6508	1556	15.6369
ERR13927339.6509	1608	18.1791
ERR13927339.6510	1594	17.5659
ERR13927339.6511	1575	18.5568
ERR13927339.6512	1537	15.4431
ERR13927339.6513	1554	18.0418
ERR13927339.6514	1585	19.9508
ERR13927339.6515	1563	18.4491
ERR13927339.6516	1569	17.6189
ERR13927339.6517	1550	18.8406
ERR13927339.6518	1560	15.6994
ERR13927339.6519	1588	17.1845
ERR13927339.6520	1610	18.6857
ERR13927339.6521	1632	16.2678
ERR13927339.6522	1582	19.2193
ERR13927339.6523	1577	20.5060
ERR13927339.6524	1584	16.8573
ERR13927339.6525	1550	15.5710
ERR13927339.6526	1627	16.6896
ERR13927339.6527	1546	17.2671
ERR13927339.6528	1586	15.7768
ERR13927339.6529	1582	19.1877
ERR13927339.6530	1580	22.0310
ERR13927339.6531	1583	16.2388
ERR13927339.6532	1573	18.9396
ERR13927339.6533	1552	18.1250
ERR13927339.6534	1571	18.0694
ERR13927339.6535	1559	20.3849
ERR13927339.6536	1574	15.8666
ERR13927339.6537	300	14.1800
ERR13927339.6538	1555	14.5685
ERR13927339.6539	1572	17.2634
ERR13927339.6540	1537	19.3637
ERR13927339.6541	1557	14.3308
ERR13927339.6542	1526	15.0524
ERR13927339.6543	1615	19.7424
ERR13927339.6544	1599	16.9143
ERR13927339.6545	1563	19.9456
ERR13927339.6546	3143	18.1018
ERR13927339.6547	1574	20.8945
ERR13927339.6548	1588	19.3180
ERR13927339.6549	1566	19.1226
ERR13927339.6550	1608	17.2966
ERR13927339.6551	1588	18.6770
ERR13927339.6552	1557	18.7315
ERR13927339.6553	1574	16.6099
ERR13927339.6554	1573	19.0191
ERR13927339.6555	1569	17.1931
ERR13927339.6556	1556	17.3515
ERR13927339.6557	1573	20.5334
ERR13927339.6558	1593	21.1588
ERR13927339.6559	1577	17.3050
ERR13927339.6560	1587	21.3233
ERR13927339.6561	1531	16.8713
ERR13927339.6562	1558	17.7734
ERR13927339.6563	1575	18.6311
ERR13927339.6564	1611	15.6201
ERR13927339.6565	1576	20.5266
ERR13927339.6566	1611	18.3222
ERR13927339.6567	1567	15.3312
ERR13927339.6568	1549	15.2008
ERR13927339.6569	1559	18.8987
ERR13927339.6570	1602	18.1991
ERR13927339.6571	1521	18.6693
ERR13927339.6572	1605	17.8903
ERR13927339.6573	1610	19.2665
ERR13927339.6574	1553	18.2981
ERR13927339.6575	1607	17.5862
ERR13927339.6576	1578	21.1229
ERR13927339.6577	1585	16.7331
ERR13927339.6578	1589	15.6180
ERR13927339.6579	1554	21.6519
ERR13927339.6580	1583	20.1503
ERR13927339.6581	1572	21.0846
ERR13927339.6582	1574	21.1131
ERR13927339.6583	1517	17.7488
ERR13927339.6584	1588	16.5655
ERR13927339.6585	1560	15.8564
ERR13927339.6586	1608	20.3507
ERR13927339.6587	1586	20.3808
ERR13927339.6588	1589	16.0107
ERR13927339.6589	1588	19.9679
ERR13927339.6590	1562	16.7157
ERR13927339.6591	1566	20.4974
ERR13927339.6592	1590	20.4742
ERR13927339.6593	1570	17.0465
ERR13927339.6594	1562	18.9257
ERR13927339.6595	1582	16.4412
ERR13927339.6596	1569	18.4665
ERR13927339.6597	1559	18.0167
ERR13927339.6598	1583	19.4599
ERR13927339.6599	1556	15.8927
ERR13927339.6600	1604	18.7257
ERR13927339.6601	1550	16.8987
ERR13927339.6602	1581	15.6129
ERR13927339.6603	1577	16.7540
ERR13927339.6604	1544	16.5343
ERR13927339.6605	1528	16.4594
ERR13927339.6606	1570	17.5783
ERR13927339.6607	1549	19.0516
ERR13927339.6608	1560	18.0455
ERR13927339.6609	1582	16.8255
ERR13927339.6610	1611	20.0739
ERR13927339.6611	1589	15.7030
ERR13927339.6612	1558	17.9929
ERR13927339.6613	1565	18.0447
ERR13927339.6614	1559	19.3861
ERR13927339.6615	1533	18.8813
ERR13927339.6616	1561	21.1704
ERR13927339.6617	1477	19.3561
ERR13927339.6618	1600	14.8756
ERR13927339.6619	1597	16.2292
ERR13927339.6620	1485	19.4296
ERR13927339.6621	1574	19.1226
ERR13927339.6622	1562	16.0339
ERR13927339.6623	1588	19.6505
ERR13927339.6624	1544	18.7066
ERR13927339.6625	1613	18.6206
ERR13927339.6626	1602	18.9694
ERR13927339.6627	1596	20.4724
ERR13927339.6628	1508	20.9237
ERR13927339.6629	1563	16.0141
ERR13927339.6630	1608	18.3134
ERR13927339.6631	1525	17.0872
ERR13927339.6632	1605	16.5670
ERR13927339.6633	1577	19.9512
ERR13927339.6634	1548	14.6486
ERR13927339.6635	1686	20.4745
ERR13927339.6636	1567	16.3382
ERR13927339.6637	1546	15.4696
ERR13927339.6638	1601	18.0781
ERR13927339.6639	1576	21.2798
ERR13927339.6640	1655	21.0785
ERR13927339.6641	1560	18.3103
ERR13927339.6642	1589	20.1353
ERR13927339.6643	1574	19.2903
ERR13927339.6644	1570	14.5694
ERR13927339.6645	1573	20.7343
ERR13927339.6646	1608	18.8302
ERR13927339.6647	1499	18.9159
ERR13927339.6648	1547	17.7550
ERR13927339.6649	1092	20.6218
ERR13927339.6650	1603	19.3812
ERR13927339.6651	1579	17.4275
ERR13927339.6652	1582	14.3527
ERR13927339.6653	1557	19.8671
ERR13927339.6654	734	14.2847
ERR13927339.6655	1599	20.0288
ERR13927339.6656	1570	16.2758
ERR13927339.6657	1628	16.9423
ERR13927339.6658	1565	21.1329
ERR13927339.6659	1551	19.3024
ERR13927339.6660	1600	18.8681
ERR13927339.6661	1556	18.8676
ERR13927339.6662	1591	20.2049
ERR13927339.6663	1580	14.4797
ERR13927339.6664	1567	17.5718
ERR13927339.6665	1574	15.7605
ERR13927339.6666	1586	18.5700
ERR13927339.6667	1558	18.6669
ERR13927339.6668	1608	19.1424
ERR13927339.6669	1543	15.2009
ERR13927339.6670	1616	14.7457
ERR13927339.6671	1586	18.7346
ERR13927339.6672	1598	19.6496
ERR13927339.6673	1585	18.2416
ERR13927339.6674	1469	17.5071
ERR13927339.6675	1583	18.4062
ERR13927339.6676	1560	20.0051
ERR13927339.6677	1567	20.2782
ERR13927339.6678	1596	17.4236
ERR13927339.6679	1523	13.6074
ERR13927339.6680	1580	19.4000
ERR13927339.6681	1543	18.7732
ERR13927339.6682	1545	17.2032
ERR13927339.6683	1620	17.5019
ERR13927339.6684	1597	17.8372
ERR13927339.6685	1554	18.9260
ERR13927339.6686	1539	16.3808
ERR13927339.6687	1559	17.5760
ERR13927339.6688	1585	16.0265
ERR13927339.6689	1542	16.9883
ERR13927339.6690	1552	19.9162
ERR13927339.6691	1600	20.0656
ERR13927339.6692	1610	19.8137
ERR13927339.6693	1590	19.2868
ERR13927339.6694	3137	17.0724
ERR13927339.6695	1583	18.9798
ERR13927339.6696	1592	18.2136
ERR13927339.6697	1561	17.9225
ERR13927339.6698	1614	18.4300
ERR13927339.6699	1577	20.2391
ERR13927339.6700	351	16.9345
ERR13927339.6701	1576	19.2316
ERR13927339.6702	1682	19.9643
ERR13927339.6703	1349	17.2861
ERR13927339.6704	1582	16.8173
ERR13927339.6705	1562	17.9488
ERR13927339.6706	1584	17.4880
ERR13927339.6707	1312	17.1814
ERR13927339.6708	1577	17.9962
ERR13927339.6709	1586	17.5385
ERR13927339.6710	1572	21.0006
ERR13927339.6711	1572	19.2036
ERR13927339.6712	1614	15.4820
ERR13927339.6713	1525	16.1502
ERR13927339.6714	1570	18.7975
ERR13927339.6715	1537	16.3611
ERR13927339.6716	1666	19.5390
ERR13927339.6717	1586	17.7421
ERR13927339.6718	1588	19.0170
ERR13927339.6719	1562	15.3464
ERR13927339.6720	1537	15.2928
ERR13927339.6721	1560	16.3365
ERR13927339.6722	1587	15.7341
ERR13927339.6723	1608	18.5752
ERR13927339.6724	1537	20.9740
ERR13927339.6725	1568	19.2806
ERR13927339.6726	1609	17.5985
ERR13927339.6727	1546	14.5330
ERR13927339.6728	1567	17.9394
ERR13927339.6729	1591	19.2954
ERR13927339.6730	1580	16.5304
ERR13927339.6731	1553	18.1050
ERR13927339.6732	1576	20.6225
ERR13927339.6733	1578	15.8530
ERR13927339.6734	1565	19.9930
ERR13927339.6735	1573	16.3732
ERR13927339.6736	1609	19.4568
ERR13927339.6737	1573	19.8881
ERR13927339.6738	1539	22.1027
ERR13927339.6739	1610	15.8323
ERR13927339.6740	1545	15.0214
ERR13927339.6741	1340	20.4157
ERR13927339.6742	1550	19.5819
ERR13927339.6743	1609	21.4966
ERR13927339.6744	1568	19.7404
ERR13927339.6745	1597	13.7176
ERR13927339.6746	1588	19.5233
ERR13927339.6747	1589	18.6551
ERR13927339.6748	1588	18.9969
ERR13927339.6749	1604	17.6029
ERR13927339.6750	1583	16.3790
ERR13927339.6751	1557	19.4528
ERR13927339.6752	1544	19.0661
ERR13927339.6753	1579	17.1115
ERR13927339.6754	1553	18.4630
ERR13927339.6755	1582	17.8161
ERR13927339.6756	1592	19.0245
ERR13927339.6757	1559	17.0372
ERR13927339.6758	1607	19.8065
ERR13927339.6759	1611	17.1614
ERR13927339.6760	1549	16.4564
ERR13927339.6761	1588	21.2336
ERR13927339.6762	1632	18.8358
ERR13927339.6763	1599	20.8668
ERR13927339.6764	1557	16.0713
ERR13927339.6765	1592	19.8480
ERR13927339.6766	1542	17.0875
ERR13927339.6767	1597	14.6807
ERR13927339.6768	1574	16.4574
ERR13927339.6769	1559	16.0411
ERR13927339.6770	1595	20.3906
ERR13927339.6771	1584	20.1559
ERR13927339.6772	1569	19.9344
ERR13927339.6773	1571	16.8364
ERR13927339.6774	1582	17.8748
ERR13927339.6775	1571	14.2896
ERR13927339.6776	1572	20.1698
ERR13927339.6777	1593	14.5869
ERR13927339.6778	1562	18.0032
ERR13927339.6779	1392	21.4145
ERR13927339.6780	1569	18.1466
ERR13927339.6781	1553	18.6336
ERR13927339.6782	1608	20.7009
ERR13927339.6783	1574	19.7243
ERR13927339.6784	1573	20.1494
ERR13927339.6785	1592	20.3009
ERR13927339.6786	1536	15.3418
ERR13927339.6787	1532	19.9550
ERR13927339.6788	1555	19.1074
ERR13927339.6789	1586	18.6028
ERR13927339.6790	1533	16.2316
ERR13927339.6791	1570	20.5554
ERR13927339.6792	1555	20.0489
ERR13927339.6793	1573	17.9746
ERR13927339.6794	1576	20.6612
ERR13927339.6795	1546	18.2794
ERR13927339.6796	1593	21.7947
ERR13927339.6797	1575	18.3537
ERR13927339.6798	268	13.1679
ERR13927339.6799	1505	15.7382
ERR13927339.6800	1529	15.8947
ERR13927339.6801	1552	16.9890
ERR13927339.6802	1574	20.4104
ERR13927339.6803	1558	18.5552
ERR13927339.6804	1551	18.4655
ERR13927339.6805	1557	16.3044
ERR13927339.6806	1538	18.9447
ERR13927339.6807	1592	16.6822
ERR13927339.6808	1572	17.2074
ERR13927339.6809	1564	18.2180
ERR13927339.6810	1575	16.6724
ERR13927339.6811	1539	16.4639
ERR13927339.6812	1525	20.8938
ERR13927339.6813	1608	19.3775
ERR13927339.6814	1545	15.5061
ERR13927339.6815	1888	18.5816
ERR13927339.6816	1752	18.8647
ERR13927339.6817	1584	17.0991
ERR13927339.6818	1574	19.6055
ERR13927339.6819	1431	16.4074
ERR13927339.6820	1555	14.8084
ERR13927339.6821	1586	18.4193
ERR13927339.6822	1561	17.0730
ERR13927339.6823	1628	18.4994
ERR13927339.6824	1563	17.7985
ERR13927339.6825	1562	19.1421
ERR13927339.6826	1513	19.1580
ERR13927339.6827	720	16.4597
ERR13927339.6828	1491	16.8820
ERR13927339.6829	1542	18.2043
ERR13927339.6830	1534	19.3312
ERR13927339.6831	1484	14.7702
ERR13927339.6832	1568	16.8546
ERR13927339.6833	1593	18.5091
ERR13927339.6834	1578	21.7186
ERR13927339.6835	1560	15.9128
ERR13927339.6836	1551	20.1915
ERR13927339.6837	1566	15.4323
ERR13927339.6838	1598	20.5125
ERR13927339.6839	1576	20.5945
ERR13927339.6840	1567	20.6203
ERR13927339.6841	1594	17.8852
ERR13927339.6842	1555	16.2907
ERR13927339.6843	1572	18.2990
ERR13927339.6844	1571	15.5843
ERR13927339.6845	1602	20.8546
ERR13927339.6846	1588	19.4635
ERR13927339.6847	1577	16.3576
ERR13927339.6848	1547	15.9651
ERR13927339.6849	1570	20.1732
ERR13927339.6850	1585	19.7823
ERR13927339.6851	1572	18.4625
ERR13927339.6852	1611	19.3743
ERR13927339.6853	1523	17.8910
ERR13927339.6854	1568	20.1103
ERR13927339.6855	1562	20.3163
ERR13927339.6856	1598	20.0013
ERR13927339.6857	1507	16.8633
ERR13927339.6858	1597	20.4796
ERR13927339.6859	1538	15.1899
ERR13927339.6860	1520	16.9842
ERR13927339.6861	1582	17.5070
ERR13927339.6862	1576	19.7437
ERR13927339.6863	1576	19.3135
ERR13927339.6864	1554	16.5187
ERR13927339.6865	1568	20.0593
ERR13927339.6866	1555	20.1839
ERR13927339.6867	1564	20.3223
ERR13927339.6868	1595	20.9122
ERR13927339.6869	1598	18.5601
ERR13927339.6870	1598	19.8504
ERR13927339.6871	1589	18.5318
ERR13927339.6872	1543	15.4563
ERR13927339.6873	1572	20.5229
ERR13927339.6874	1569	16.0688
ERR13927339.6875	1592	18.8128
ERR13927339.6876	1563	18.8874
ERR13927339.6877	1558	19.3652
ERR13927339.6878	1582	19.5114
ERR13927339.6879	1580	20.3430
ERR13927339.6880	1541	18.6106
ERR13927339.6881	1559	17.7280
ERR13927339.6882	1546	17.1106
ERR13927339.6883	1473	14.3517
ERR13927339.6884	1589	18.7036
ERR13927339.6885	1578	16.2959
ERR13927339.6886	1515	19.2752
ERR13927339.6887	1574	17.2770
ERR13927339.6888	1582	19.1656
ERR13927339.6889	1572	20.1094
ERR13927339.6890	1562	20.9334
ERR13927339.6891	1534	16.8325
ERR13927339.6892	1583	17.9602
ERR13927339.6893	1590	19.3730
ERR13927339.6894	1576	19.0990
ERR13927339.6895	1150	18.2626
ERR13927339.6896	1587	18.9931
ERR13927339.6897	1563	20.8842
ERR13927339.6898	1549	18.0394
ERR13927339.6899	1579	18.0253
ERR13927339.6900	1403	17.4797
ERR13927339.6901	1590	19.2195
ERR13927339.6902	1592	17.6614
ERR13927339.6903	1541	15.3348
ERR13927339.6904	1560	19.2718
ERR13927339.6905	1575	16.9575
ERR13927339.6906	1601	21.1724
ERR13927339.6907	1587	18.4940
ERR13927339.6908	1510	19.6086
ERR13927339.6909	1563	19.9501
ERR13927339.6910	1582	20.6719
ERR13927339.6911	1589	19.8452
ERR13927339.6912	1560	19.6032
ERR13927339.6913	1573	17.0013
ERR13927339.6914	1572	19.3321
ERR13927339.6915	1685	20.9169
ERR13927339.6916	1541	18.8430
ERR13927339.6917	1594	19.2152
ERR13927339.6918	1576	20.6091
ERR13927339.6919	1582	19.2724
ERR13927339.6920	1549	14.6281
ERR13927339.6921	1566	19.1884
ERR13927339.6922	1592	18.6840
ERR13927339.6923	1542	18.6453
ERR13927339.6924	1561	16.1666
ERR13927339.6925	1554	18.7143
ERR13927339.6926	1585	17.6927
ERR13927339.6927	586	17.3703
ERR13927339.6928	1546	15.4476
ERR13927339.6929	1575	17.7213
ERR13927339.6930	1529	14.4238
ERR13927339.6931	1562	16.3707
ERR13927339.6932	1548	18.8366
ERR13927339.6933	1586	21.6898
ERR13927339.6934	1554	16.9788
ERR13927339.6935	1605	18.3371
ERR13927339.6936	1314	18.5129
ERR13927339.6937	1581	20.0259
ERR13927339.6938	1559	18.5773
ERR13927339.6939	1583	20.6443
ERR13927339.6940	1558	18.2497
ERR13927339.6941	1557	15.1118
ERR13927339.6942	1524	19.2270
ERR13927339.6943	1543	15.0791
ERR13927339.6944	1579	19.9430
ERR13927339.6945	1597	16.4784
ERR13927339.6946	1558	14.5757
ERR13927339.6947	1561	17.9379
ERR13927339.6948	1560	18.6269
ERR13927339.6949	1620	18.3432
ERR13927339.6950	1590	19.8415
ERR13927339.6951	1592	15.2443
ERR13927339.6952	1524	17.7080
ERR13927339.6953	1550	18.3445
ERR13927339.6954	1552	15.8022
ERR13927339.6955	1548	18.7339
ERR13927339.6956	1565	18.8652
ERR13927339.6957	1573	16.1240
ERR13927339.6958	1485	18.2781
ERR13927339.6959	1602	15.4176
ERR13927339.6960	1595	19.1078
ERR13927339.6961	1433	15.0363
ERR13927339.6962	1566	16.8027
ERR13927339.6963	1564	19.2903
ERR13927339.6964	1528	16.6414
ERR13927339.6965	1528	16.8338
ERR13927339.6966	1562	17.2145
ERR13927339.6967	1620	18.3623
ERR13927339.6968	1563	16.5457
ERR13927339.6969	3146	17.1291
ERR13927339.6970	1531	15.5016
ERR13927339.6971	1573	18.2022
ERR13927339.6972	1566	16.5594
ERR13927339.6973	1568	18.3705
ERR13927339.6974	1563	15.7198
ERR13927339.6975	1583	18.0802
ERR13927339.6976	1502	19.2803
ERR13927339.6977	1549	21.4151
ERR13927339.6978	1722	20.1475
ERR13927339.6979	1587	21.4789
ERR13927339.6980	1594	18.6757
ERR13927339.6981	1569	16.5366
ERR13927339.6982	1569	19.8477
ERR13927339.6983	1601	19.4566
ERR13927339.6984	194	12.4845
ERR13927339.6985	1602	21.8221
ERR13927339.6986	1082	18.4362
ERR13927339.6987	1574	22.0947
ERR13927339.6988	1566	19.3895
ERR13927339.6989	1707	18.1429
ERR13927339.6990	1559	18.9442
ERR13927339.6991	1574	18.5343
ERR13927339.6992	1566	20.2050
ERR13927339.6993	1544	19.4767
ERR13927339.6994	1542	16.8846
ERR13927339.6995	1513	15.1163
ERR13927339.6996	1493	19.5754
ERR13927339.6997	1554	16.6255
ERR13927339.6998	1545	15.2557
ERR13927339.6999	1586	16.0643
ERR13927339.7000	1554	16.3050
ERR13927339.7001	1558	16.1386
ERR13927339.7002	1592	16.0810
ERR13927339.7003	1532	17.0300
ERR13927339.7004	1559	16.4766
ERR13927339.7005	1603	18.3568
ERR13927339.7006	1548	17.8198
ERR13927339.7007	1562	18.7881
ERR13927339.7008	1618	19.5964
ERR13927339.7009	520	14.8942
ERR13927339.7010	1569	19.2945
ERR13927339.7011	1579	19.0367
ERR13927339.7012	1577	16.9543
ERR13927339.7013	1533	18.3412
ERR13927339.7014	1584	16.1155
ERR13927339.7015	1561	18.3511
ERR13927339.7016	1493	14.5593
ERR13927339.7017	1591	19.8316
ERR13927339.7018	1579	22.6631
ERR13927339.7019	1569	15.7253
ERR13927339.7020	1544	15.1904
ERR13927339.7021	1582	17.6979
ERR13927339.7022	832	19.1166
ERR13927339.7023	1607	18.5364
ERR13927339.7024	1557	18.7200
ERR13927339.7025	1582	17.3129
ERR13927339.7026	1530	16.8902
ERR13927339.7027	1583	18.5540
ERR13927339.7028	1598	21.1145
ERR13927339.7029	1591	18.1326
ERR13927339.7030	1558	21.0578
ERR13927339.7031	1584	18.7405
ERR13927339.7032	1566	18.5830
ERR13927339.7033	1625	17.5760
ERR13927339.7034	1551	15.2643
ERR13927339.7035	1563	18.3263
ERR13927339.7036	1560	16.3615
ERR13927339.7037	1603	18.8852
ERR13927339.7038	1546	19.9334
ERR13927339.7039	1527	16.7380
ERR13927339.7040	1585	16.8391
ERR13927339.7041	1585	18.9760
ERR13927339.7042	1550	17.4632
ERR13927339.7043	1598	16.1771
ERR13927339.7044	1612	18.2736
ERR13927339.7045	1550	18.2690
ERR13927339.7046	1537	16.3813
ERR13927339.7047	1569	18.1236
ERR13927339.7048	1567	20.2706
ERR13927339.7049	1580	18.9930
ERR13927339.7050	1530	18.1412
ERR13927339.7051	1547	19.0834
ERR13927339.7052	1552	17.1198
ERR13927339.7053	1561	17.9084
ERR13927339.7054	1562	17.2145
ERR13927339.7055	1454	15.9759
ERR13927339.7056	1554	16.3018
ERR13927339.7057	1551	17.0819
ERR13927339.7058	1573	16.4431
ERR13927339.7059	1587	22.6673
ERR13927339.7060	1542	18.5940
ERR13927339.7061	1573	16.6147
ERR13927339.7062	1567	18.2706
ERR13927339.7063	1565	17.9885
ERR13927339.7064	1524	18.5663
ERR13927339.7065	1507	14.4340
ERR13927339.7066	1599	18.6873
ERR13927339.7067	1585	19.6877
ERR13927339.7068	1662	20.7924
ERR13927339.7069	1532	15.5777
ERR13927339.7070	1572	18.4936
ERR13927339.7071	1559	19.2245
ERR13927339.7072	1553	20.0882
ERR13927339.7073	1581	18.6097
ERR13927339.7074	1651	19.7559
ERR13927339.7075	1576	18.8807
ERR13927339.7076	1562	18.7414
ERR13927339.7077	1615	15.4848
ERR13927339.7078	1568	19.5140
ERR13927339.7079	1606	18.4110
ERR13927339.7080	1587	19.8166
ERR13927339.7081	1570	18.2401
ERR13927339.7082	1562	15.7567
ERR13927339.7083	1568	21.0287
ERR13927339.7084	1557	19.5986
ERR13927339.7085	1542	15.5253
ERR13927339.7086	1597	16.4678
ERR13927339.7087	1556	17.6362
ERR13927339.7088	1598	18.1602
ERR13927339.7089	1589	17.8357
ERR13927339.7090	1562	19.2042
ERR13927339.7091	1659	18.0380
ERR13927339.7092	1609	21.1746
ERR13927339.7093	1578	18.0374
ERR13927339.7094	1555	16.3305
ERR13927339.7095	1614	19.4771
ERR13927339.7096	1581	20.5648
ERR13927339.7097	1566	15.1820
ERR13927339.7098	1580	14.5367
ERR13927339.7099	1539	15.7349
ERR13927339.7100	1594	16.6731
ERR13927339.7101	1591	15.6524
ERR13927339.7102	1531	15.7355
ERR13927339.7103	1547	16.1816
ERR13927339.7104	1586	19.2339
ERR13927339.7105	1571	19.1693
ERR13927339.7106	1572	22.2869
ERR13927339.7107	1569	22.1415
ERR13927339.7108	1553	18.3187
ERR13927339.7109	1587	17.9055
ERR13927339.7110	1563	15.1113
ERR13927339.7111	1555	18.2444
ERR13927339.7112	1551	17.8640
ERR13927339.7113	1622	19.8101
ERR13927339.7114	1577	17.3380
ERR13927339.7115	1583	18.9589
ERR13927339.7116	1598	19.1427
ERR13927339.7117	1532	16.5672
ERR13927339.7118	1548	20.3669
ERR13927339.7119	1549	17.6185
ERR13927339.7120	1560	19.6667
ERR13927339.7121	611	19.1227
ERR13927339.7122	1522	14.7898
ERR13927339.7123	1538	16.1294
ERR13927339.7124	1569	15.1064
ERR13927339.7125	1516	15.3694
ERR13927339.7126	1550	18.4710
ERR13927339.7127	1594	18.2302
ERR13927339.7128	1524	16.8675
ERR13927339.7129	1604	19.5885
ERR13927339.7130	1552	20.0844
ERR13927339.7131	1564	19.2379
ERR13927339.7132	1544	15.5881
ERR13927339.7133	1542	15.1148
ERR13927339.7134	1600	19.9513
ERR13927339.7135	1384	19.6467
ERR13927339.7136	1566	19.5626
ERR13927339.7137	1571	17.5659
ERR13927339.7138	1546	17.6604
ERR13927339.7139	1574	17.5413
ERR13927339.7140	1599	17.3271
ERR13927339.7141	1560	17.8917
ERR13927339.7142	1573	17.4310
ERR13927339.7143	1582	20.2288
ERR13927339.7144	1619	16.4262
ERR13927339.7145	1598	18.0244
ERR13927339.7146	1535	16.6508
ERR13927339.7147	1523	16.6513
ERR13927339.7148	1548	15.4968
ERR13927339.7149	1612	20.4566
ERR13927339.7150	1615	19.0248
ERR13927339.7151	1606	18.5554
ERR13927339.7152	1563	17.7134
ERR13927339.7153	1548	17.1298
ERR13927339.7154	1578	16.5716
ERR13927339.7155	1562	20.2516
ERR13927339.7156	1587	20.5299
ERR13927339.7157	1560	18.2333
ERR13927339.7158	1625	16.5822
ERR13927339.7159	1615	20.4805
ERR13927339.7160	1599	18.7561
ERR13927339.7161	1583	17.6936
ERR13927339.7162	1593	19.0239
ERR13927339.7163	1583	18.1819
ERR13927339.7164	1583	16.0720
ERR13927339.7165	1556	19.1080
ERR13927339.7166	1536	17.9974
ERR13927339.7167	190	14.4421
ERR13927339.7168	1603	18.1678
ERR13927339.7169	1560	18.7891
ERR13927339.7170	1552	18.8814
ERR13927339.7171	1593	20.0107
ERR13927339.7172	1573	20.0121
ERR13927339.7173	1587	19.0548
ERR13927339.7174	1589	17.8433
ERR13927339.7175	1564	16.7379
ERR13927339.7176	1584	17.2285
ERR13927339.7177	1540	17.4506
ERR13927339.7178	1597	17.3075
ERR13927339.7179	1522	21.1708
ERR13927339.7180	1379	14.4278
ERR13927339.7181	1597	20.7013
ERR13927339.7182	1576	20.1732
ERR13927339.7183	1551	16.2070
ERR13927339.7184	1574	15.8596
ERR13927339.7185	1502	17.9654
ERR13927339.7186	1562	17.9155
ERR13927339.7187	1605	19.0075
ERR13927339.7188	1562	19.3630
ERR13927339.7189	1603	18.2601
ERR13927339.7190	1571	17.1324
ERR13927339.7191	1573	16.8468
ERR13927339.7192	1555	15.3833
ERR13927339.7193	1598	16.3135
ERR13927339.7194	1575	20.1352
ERR13927339.7195	1556	19.5823
ERR13927339.7196	1549	17.1543
ERR13927339.7197	1593	18.3578
ERR13927339.7198	1544	18.6995
ERR13927339.7199	1530	16.0915
ERR13927339.7200	1582	18.8546
ERR13927339.7201	1518	16.1627
ERR13927339.7202	1588	17.7280
ERR13927339.7203	1497	14.0007
ERR13927339.7204	1605	22.3383
ERR13927339.7205	1576	17.1421
ERR13927339.7206	1575	17.2190
ERR13927339.7207	1593	19.2555
ERR13927339.7208	1582	18.9665
ERR13927339.7209	1607	17.8202
ERR13927339.7210	1461	15.5544
ERR13927339.7211	1552	20.3518
ERR13927339.7212	1572	20.2506
ERR13927339.7213	1601	17.9656
ERR13927339.7214	1550	21.4174
ERR13927339.7215	1416	16.0071
ERR13927339.7216	1611	19.9137
ERR13927339.7217	1563	19.5214
ERR13927339.7218	1573	16.0642
ERR13927339.7219	1562	15.4341
ERR13927339.7220	1584	20.6433
ERR13927339.7221	1572	17.3416
ERR13927339.7222	1575	18.7143
ERR13927339.7223	808	15.1052
ERR13927339.7224	1553	15.9845
ERR13927339.7225	1578	17.3435
ERR13927339.7226	1602	19.5687
ERR13927339.7227	1595	15.1461
ERR13927339.7228	1580	19.0658
ERR13927339.7229	1555	20.5711
ERR13927339.7230	1565	21.4045
ERR13927339.7231	1592	20.4667
ERR13927339.7232	1554	20.0676
ERR13927339.7233	1538	19.0572
ERR13927339.7234	1531	18.0085
ERR13927339.7235	1555	17.8778
ERR13927339.7236	1589	16.9880
ERR13927339.7237	1576	21.1225
ERR13927339.7238	1574	16.6753
ERR13927339.7239	1546	16.3182
ERR13927339.7240	1612	18.8096
ERR13927339.7241	1578	18.3074
ERR13927339.7242	1608	19.6119
ERR13927339.7243	1193	14.4149
ERR13927339.7244	1581	16.0816
ERR13927339.7245	1557	18.0713
ERR13927339.7246	1590	16.8855
ERR13927339.7247	1554	18.5489
ERR13927339.7248	1608	19.5423
ERR13927339.7249	1575	19.0698
ERR13927339.7250	1573	17.6739
ERR13927339.7251	1590	18.3497
ERR13927339.7252	1510	13.7311
ERR13927339.7253	1559	16.7069
ERR13927339.7254	1536	17.6042
ERR13927339.7255	1596	15.9261
ERR13927339.7256	1530	16.8176
ERR13927339.7257	1564	19.3779
ERR13927339.7258	1475	15.4488
ERR13927339.7259	1606	20.9035
ERR13927339.7260	1597	16.8835
ERR13927339.7261	1574	16.9905
ERR13927339.7262	1579	16.2299
ERR13927339.7263	1536	16.4375
ERR13927339.7264	1571	20.3482
ERR13927339.7265	1571	18.2489
ERR13927339.7266	1579	20.1431
ERR13927339.7267	1552	20.8106
ERR13927339.7268	1576	20.7602
ERR13927339.7269	1557	20.7759
ERR13927339.7270	1574	20.4956
ERR13927339.7271	1506	17.8606
ERR13927339.7272	1632	19.0411
ERR13927339.7273	1558	20.3691
ERR13927339.7274	1604	18.0574
ERR13927339.7275	1571	18.9892
ERR13927339.7276	1553	16.6974
ERR13927339.7277	1545	15.7890
ERR13927339.7278	1569	16.7737
ERR13927339.7279	1571	20.0356
ERR13927339.7280	1561	17.9795
ERR13927339.7281	1573	21.2333
ERR13927339.7282	1555	19.1775
ERR13927339.7283	1562	20.6152
ERR13927339.7284	1608	17.8700
ERR13927339.7285	1565	16.4792
ERR13927339.7286	1571	15.9535
ERR13927339.7287	1745	15.8980
ERR13927339.7288	1620	16.9179
ERR13927339.7289	1579	19.6960
ERR13927339.7290	1528	15.5982
ERR13927339.7291	1573	18.2327
ERR13927339.7292	1531	16.8080
ERR13927339.7293	1519	23.3891
ERR13927339.7294	1544	19.6839
ERR13927339.7295	1599	19.6760
ERR13927339.7296	1606	21.6314
ERR13927339.7297	1553	14.6652
ERR13927339.7298	1589	20.5859
ERR13927339.7299	1570	15.5248
ERR13927339.7300	1590	19.2346
ERR13927339.7301	1563	16.3941
ERR13927339.7302	1564	18.0038
ERR13927339.7303	1560	17.1269
ERR13927339.7304	1539	16.2612
ERR13927339.7305	1543	17.0901
ERR13927339.7306	1612	19.3158
ERR13927339.7307	1613	16.5834
ERR13927339.7308	1500	20.0400
ERR13927339.7309	1594	20.5207
ERR13927339.7310	1569	18.0191
ERR13927339.7311	1574	19.2236
ERR13927339.7312	1562	18.0570
ERR13927339.7313	1567	16.5035
ERR13927339.7314	1574	20.2789
ERR13927339.7315	1530	15.2013
ERR13927339.7316	1466	21.6317
ERR13927339.7317	1576	20.2151
ERR13927339.7318	1509	18.5514
ERR13927339.7319	1596	19.1823
ERR13927339.7320	1598	19.3354
ERR13927339.7321	1537	16.2570
ERR13927339.7322	1552	14.9311
ERR13927339.7323	1538	16.0988
ERR13927339.7324	1534	19.1121
ERR13927339.7325	1567	18.0415
ERR13927339.7326	1566	18.5345
ERR13927339.7327	3253	18.8657
ERR13927339.7328	1498	15.0414
ERR13927339.7329	1579	15.6612
ERR13927339.7330	1569	18.7253
ERR13927339.7331	1549	15.1007
ERR13927339.7332	1574	19.5699
ERR13927339.7333	1537	15.0878
ERR13927339.7334	1586	15.5322
ERR13927339.7335	1573	19.6351
ERR13927339.7336	1549	17.7715
ERR13927339.7337	1578	18.9208
ERR13927339.7338	1582	15.8161
ERR13927339.7339	315	12.4127
ERR13927339.7340	1587	18.4417
ERR13927339.7341	1608	20.0541
ERR13927339.7342	1564	20.6151
ERR13927339.7343	1559	17.1155
ERR13927339.7344	1550	19.6548
ERR13927339.7345	1595	16.7216
ERR13927339.7346	1609	17.2287
ERR13927339.7347	1586	20.0643
ERR13927339.7348	1559	20.5741
ERR13927339.7349	1577	15.2873
ERR13927339.7350	1561	18.7534
ERR13927339.7351	1562	15.8335
ERR13927339.7352	1539	19.8525
ERR13927339.7353	1579	19.1849
ERR13927339.7354	1574	16.4238
ERR13927339.7355	1577	18.5802
ERR13927339.7356	1555	17.8553
ERR13927339.7357	1547	15.9399
ERR13927339.7358	1568	18.9075
ERR13927339.7359	1558	18.8575
ERR13927339.7360	1507	14.5534
ERR13927339.7361	1600	16.1163
ERR13927339.7362	1558	16.7510
ERR13927339.7363	1591	19.2502
ERR13927339.7364	1523	14.4879
ERR13927339.7365	1584	17.7424
ERR13927339.7366	737	18.1479
ERR13927339.7367	1591	17.3953
ERR13927339.7368	1573	18.5308
ERR13927339.7369	1545	18.9553
ERR13927339.7370	1571	20.6760
ERR13927339.7371	1543	17.7725
ERR13927339.7372	1563	18.4171
ERR13927339.7373	1555	20.5357
ERR13927339.7374	1591	16.4349
ERR13927339.7375	1601	18.7439
ERR13927339.7376	1603	16.3331
ERR13927339.7377	1570	18.8516
ERR13927339.7378	1611	19.8436
ERR13927339.7379	1567	20.9049
ERR13927339.7380	1559	15.5645
ERR13927339.7381	1581	18.1518
ERR13927339.7382	1592	16.7487
ERR13927339.7383	1559	16.9038
ERR13927339.7384	1541	16.4497
ERR13927339.7385	1556	18.4826
ERR13927339.7386	1579	16.5953
ERR13927339.7387	1604	19.3903
ERR13927339.7388	1565	16.9885
ERR13927339.7389	1441	16.5135
ERR13927339.7390	3103	19.1879
ERR13927339.7391	1525	16.1252
ERR13927339.7392	1555	16.7241
ERR13927339.7393	1554	19.0933
ERR13927339.7394	1749	20.0709
ERR13927339.7395	1541	15.2083
ERR13927339.7396	1606	20.5685
ERR13927339.7397	1567	18.6809
ERR13927339.7398	1557	19.9396
ERR13927339.7399	1553	19.1803
ERR13927339.7400	1470	14.8333
ERR13927339.7401	1564	20.1272
ERR13927339.7402	1493	17.1802
ERR13927339.7403	1527	17.1081
ERR13927339.7404	1568	16.3074
ERR13927339.7405	1559	20.6831
ERR13927339.7406	1568	21.7991
ERR13927339.7407	1569	19.1396
ERR13927339.7408	1559	14.8153
ERR13927339.7409	1566	15.5402
ERR13927339.7410	1559	18.8178
ERR13927339.7411	1550	19.9019
ERR13927339.7412	1511	15.5950
ERR13927339.7413	1069	18.1141
ERR13927339.7414	1565	15.9508
ERR13927339.7415	1303	18.2241
ERR13927339.7416	1528	16.8364
ERR13927339.7417	1616	20.2092
ERR13927339.7418	1556	15.2307
ERR13927339.7419	1579	15.7853
ERR13927339.7420	1633	19.6675
ERR13927339.7421	1557	19.0906
ERR13927339.7422	1562	17.9533
ERR13927339.7423	1622	19.3231
ERR13927339.7424	1579	18.5858
ERR13927339.7425	1535	17.8208
ERR13927339.7426	1562	18.5237
ERR13927339.7427	1559	17.1418
ERR13927339.7428	1595	20.5273
ERR13927339.7429	1557	17.6904
ERR13927339.7430	1577	17.2682
ERR13927339.7431	1565	18.8038
ERR13927339.7432	1578	17.6508
ERR13927339.7433	1552	15.2745
ERR13927339.7434	1568	17.4209
ERR13927339.7435	1577	17.4832
ERR13927339.7436	1608	18.1405
ERR13927339.7437	1556	19.1851
ERR13927339.7438	587	18.1295
ERR13927339.7439	1543	18.5749
ERR13927339.7440	1589	16.6274
ERR13927339.7441	1539	16.0273
ERR13927339.7442	1567	19.3210
ERR13927339.7443	1573	18.3649
ERR13927339.7444	1578	19.8238
ERR13927339.7445	1561	14.8962
ERR13927339.7446	1578	20.9924
ERR13927339.7447	1572	20.7691
ERR13927339.7448	1618	22.1502
ERR13927339.7449	1605	18.8561
ERR13927339.7450	1608	20.3377
ERR13927339.7451	1579	16.8265
ERR13927339.7452	1571	17.7066
ERR13927339.7453	1601	18.0356
ERR13927339.7454	1573	17.1469
ERR13927339.7455	1629	18.7366
ERR13927339.7456	1564	19.5863
ERR13927339.7457	1562	17.2177
ERR13927339.7458	1560	21.1474
ERR13927339.7459	1181	16.6672
ERR13927339.7460	1568	20.0740
ERR13927339.7461	1578	17.8340
ERR13927339.7462	1504	15.5106
ERR13927339.7463	1570	22.4318
ERR13927339.7464	1585	20.9880
ERR13927339.7465	1516	15.9796
ERR13927339.7466	1530	17.8889
ERR13927339.7467	1560	19.2410
ERR13927339.7468	1530	18.6673
ERR13927339.7469	1546	17.1481
ERR13927339.7470	1600	18.6412
ERR13927339.7471	1548	18.5788
ERR13927339.7472	1558	17.5366
ERR13927339.7473	1538	17.7100
ERR13927339.7474	1564	18.7890
ERR13927339.7475	1606	20.9234
ERR13927339.7476	1578	21.0507
ERR13927339.7477	1557	19.0719
ERR13927339.7478	1556	19.4801
ERR13927339.7479	1615	20.4991
ERR13927339.7480	1565	17.7610
ERR13927339.7481	1542	17.9436
ERR13927339.7482	1552	16.1817
ERR13927339.7483	1520	19.8882
ERR13927339.7484	1583	18.0537
ERR13927339.7485	1611	18.5959
ERR13927339.7486	1616	18.3304
ERR13927339.7487	1552	16.9311
ERR13927339.7488	1559	19.8954
ERR13927339.7489	1565	18.0428
ERR13927339.7490	1533	16.9993
ERR13927339.7491	1562	15.1722
ERR13927339.7492	1597	19.5310
ERR13927339.7493	1614	18.1871
ERR13927339.7494	1607	17.0703
ERR13927339.7495	1566	17.9476
ERR13927339.7496	1564	19.3050
ERR13927339.7497	1566	18.1794
ERR13927339.7498	1458	14.1406
ERR13927339.7499	1526	17.6972
ERR13927339.7500	1578	18.8124
ERR13927339.7501	1390	17.6576
ERR13927339.7502	1571	21.2349
ERR13927339.7503	1596	20.2675
ERR13927339.7504	672	18.4256
ERR13927339.7505	1584	17.7702
ERR13927339.7506	1564	16.1771
ERR13927339.7507	1587	18.0416
ERR13927339.7508	1566	16.8512
ERR13927339.7509	1571	16.8440
ERR13927339.7510	1575	18.5352
ERR13927339.7511	1515	19.6059
ERR13927339.7512	1578	18.6901
ERR13927339.7513	1558	15.9024
ERR13927339.7514	1571	16.6563
ERR13927339.7515	1617	20.3241
ERR13927339.7516	1570	18.7439
ERR13927339.7517	1600	19.7512
ERR13927339.7518	1568	16.8514
ERR13927339.7519	1546	16.2600
ERR13927339.7520	1595	20.9404
ERR13927339.7521	1538	18.6840
ERR13927339.7522	1450	17.0324
ERR13927339.7523	1530	19.3954
ERR13927339.7524	1569	18.3008
ERR13927339.7525	1581	17.3738
ERR13927339.7526	1558	16.8684
ERR13927339.7527	1540	17.3571
ERR13927339.7528	1612	18.6756
ERR13927339.7529	1604	18.1128
ERR13927339.7530	1565	17.9125
ERR13927339.7531	350	14.5971
ERR13927339.7532	1607	16.6665
ERR13927339.7533	237	12.3586
ERR13927339.7534	1556	17.6960
ERR13927339.7535	1554	19.0811
ERR13927339.7536	1599	20.7561
ERR13927339.7537	1581	19.4896
ERR13927339.7538	1553	18.2653
ERR13927339.7539	1558	16.5918
ERR13927339.7540	1579	17.5142
ERR13927339.7541	1574	22.0972
ERR13927339.7542	1548	15.6906
ERR13927339.7543	1540	16.0383
ERR13927339.7544	1194	16.0854
ERR13927339.7545	1572	18.4116
ERR13927339.7546	1606	20.0791
ERR13927339.7547	1528	15.8043
ERR13927339.7548	1557	17.7065
ERR13927339.7549	1512	17.9352
ERR13927339.7550	1546	18.2523
ERR13927339.7551	1536	15.2435
ERR13927339.7552	1569	17.1071
ERR13927339.7553	1574	19.0470
ERR13927339.7554	1573	16.2784
ERR13927339.7555	1565	21.1125
ERR13927339.7556	1570	14.8274
ERR13927339.7557	1560	15.6160
ERR13927339.7558	1557	20.3436
ERR13927339.7559	1639	18.3722
ERR13927339.7560	1548	18.1014
ERR13927339.7561	383	13.1436
ERR13927339.7562	1488	13.9677
ERR13927339.7563	1576	19.2202
ERR13927339.7564	1576	19.6948
ERR13927339.7565	1617	19.5226
ERR13927339.7566	1595	19.3034
ERR13927339.7567	1599	13.8956
ERR13927339.7568	1574	20.2128
ERR13927339.7569	1536	18.9004
ERR13927339.7570	1572	19.1431
ERR13927339.7571	1460	18.2904
ERR13927339.7572	1537	15.3852
ERR13927339.7573	1561	19.1653
ERR13927339.7574	1587	19.4890
ERR13927339.7575	1594	14.8356
ERR13927339.7576	1573	15.9167
ERR13927339.7577	1607	15.8942
ERR13927339.7578	1531	17.9634
ERR13927339.7579	1581	16.3087
ERR13927339.7580	1590	19.6591
ERR13927339.7581	1576	18.9156
ERR13927339.7582	1580	17.3247
ERR13927339.7583	1581	19.1664
ERR13927339.7584	1526	14.5740
ERR13927339.7585	1573	18.9008
ERR13927339.7586	1550	18.9968
ERR13927339.7587	1570	18.4713
ERR13927339.7588	1556	20.6067
ERR13927339.7589	1602	18.8564
ERR13927339.7590	1565	19.6863
ERR13927339.7591	1576	20.5552
ERR13927339.7592	1575	16.4686
ERR13927339.7593	1609	18.3288
ERR13927339.7594	1565	19.9789
ERR13927339.7595	1578	20.0564
ERR13927339.7596	1576	20.4093
ERR13927339.7597	1575	16.9105
ERR13927339.7598	1566	18.5351
ERR13927339.7599	1584	17.8914
ERR13927339.7600	1584	19.8497
ERR13927339.7601	1544	19.3588
ERR13927339.7602	1605	20.4573
ERR13927339.7603	1542	15.0597
ERR13927339.7604	1836	17.4831
ERR13927339.7605	1614	19.1146
ERR13927339.7606	1551	18.3475
ERR13927339.7607	1274	17.0078
ERR13927339.7608	1594	18.4090
ERR13927339.7609	1539	19.5854
ERR13927339.7610	1573	15.3382
ERR13927339.7611	1554	18.5270
ERR13927339.7612	1586	19.2276
ERR13927339.7613	1540	16.8325
ERR13927339.7614	1582	18.7301
ERR13927339.7615	1566	19.1545
ERR13927339.7616	1578	18.6616
ERR13927339.7617	1573	17.0388
ERR13927339.7618	1541	18.9312
ERR13927339.7619	1575	18.4387
ERR13927339.7620	1560	17.2712
ERR13927339.7621	1565	16.0435
ERR13927339.7622	1595	19.9348
ERR13927339.7623	1529	17.7456
ERR13927339.7624	1571	16.7594
ERR13927339.7625	1520	16.5039
ERR13927339.7626	1571	20.8561
ERR13927339.7627	1577	19.5301
ERR13927339.7628	1550	22.2090
ERR13927339.7629	1527	15.4787
ERR13927339.7630	1522	16.8239
ERR13927339.7631	1574	21.6461
ERR13927339.7632	1561	15.4805
ERR13927339.7633	1586	20.1545
ERR13927339.7634	1496	16.1009
ERR13927339.7635	1540	19.7513
ERR13927339.7636	1570	16.9962
ERR13927339.7637	1567	16.8794
ERR13927339.7638	1554	20.2651
ERR13927339.7639	1568	20.3508
ERR13927339.7640	1542	16.2996
ERR13927339.7641	1575	18.5587
ERR13927339.7642	1550	16.5994
ERR13927339.7643	1562	18.4366
ERR13927339.7644	1585	20.0252
ERR13927339.7645	1589	19.1309
ERR13927339.7646	1490	18.6322
ERR13927339.7647	1562	18.0659
ERR13927339.7648	1617	19.0563
ERR13927339.7649	1582	16.8394
ERR13927339.7650	1608	17.9005
ERR13927339.7651	1516	16.0172
ERR13927339.7652	1608	19.0896
ERR13927339.7653	1572	14.5852
ERR13927339.7654	1631	17.1563
ERR13927339.7655	1560	16.6314
ERR13927339.7656	1568	17.6352
ERR13927339.7657	1551	20.3894
ERR13927339.7658	1535	20.3993
ERR13927339.7659	1287	16.4880
ERR13927339.7660	1554	16.8977
ERR13927339.7661	1583	20.7284
ERR13927339.7662	1565	18.3994
ERR13927339.7663	1561	17.5464
ERR13927339.7664	1575	16.7371
ERR13927339.7665	1493	15.1520
ERR13927339.7666	1585	20.1331
ERR13927339.7667	1591	20.1603
ERR13927339.7668	1568	17.8967
ERR13927339.7669	1513	16.4521
ERR13927339.7670	1557	19.3089
ERR13927339.7671	1524	15.4239
ERR13927339.7672	1541	17.2719
ERR13927339.7673	1543	17.3986
ERR13927339.7674	1588	19.6278
ERR13927339.7675	1590	15.8881
ERR13927339.7676	1589	18.9528
ERR13927339.7677	1592	18.9045
ERR13927339.7678	1550	17.8213
ERR13927339.7679	1558	18.3671
ERR13927339.7680	1577	17.6918
ERR13927339.7681	1589	20.1825
ERR13927339.7682	1581	20.2606
ERR13927339.7683	1623	19.1097
ERR13927339.7684	1558	20.4031
ERR13927339.7685	1567	19.0332
ERR13927339.7686	1507	16.4512
ERR13927339.7687	1498	15.1135
ERR13927339.7688	1606	15.9290
ERR13927339.7689	1538	20.5455
ERR13927339.7690	1626	20.0105
ERR13927339.7691	1566	20.9266
ERR13927339.7692	1566	15.9304
ERR13927339.7693	1578	16.9518
ERR13927339.7694	1592	19.6702
ERR13927339.7695	1568	15.1901
ERR13927339.7696	1570	20.5452
ERR13927339.7697	1187	18.2140
ERR13927339.7698	1570	17.7280
ERR13927339.7699	1988	15.1051
ERR13927339.7700	1550	15.5774
ERR13927339.7701	1571	16.9968
ERR13927339.7702	1480	16.3101
ERR13927339.7703	1579	16.8898
ERR13927339.7704	1553	19.6143
ERR13927339.7705	1524	15.8189
ERR13927339.7706	1509	16.7038
ERR13927339.7707	1588	18.3936
ERR13927339.7708	1458	18.5432
ERR13927339.7709	1550	19.2342
ERR13927339.7710	1567	19.8934
ERR13927339.7711	1585	18.6732
ERR13927339.7712	1557	16.7900
ERR13927339.7713	1574	21.8196
ERR13927339.7714	1505	15.9402
ERR13927339.7715	1588	16.8974
ERR13927339.7716	268	16.9664
ERR13927339.7717	1520	15.8145
ERR13927339.7718	1564	20.6784
ERR13927339.7719	1576	18.2208
ERR13927339.7720	1548	17.6008
ERR13927339.7721	1498	15.6362
ERR13927339.7722	1540	16.0110
ERR13927339.7723	1578	17.0963
ERR13927339.7724	1530	17.0987
ERR13927339.7725	1596	19.3622
ERR13927339.7726	1573	18.4240
ERR13927339.7727	1591	18.4016
ERR13927339.7728	1555	17.1981
ERR13927339.7729	1563	18.0301
ERR13927339.7730	1544	19.3303
ERR13927339.7731	1576	14.8953
ERR13927339.7732	1570	17.5127
ERR13927339.7733	1539	17.3756
ERR13927339.7734	1551	15.4668
ERR13927339.7735	1550	19.7710
ERR13927339.7736	1574	17.1391
ERR13927339.7737	1570	19.0968
ERR13927339.7738	1540	14.7857
ERR13927339.7739	240	14.5208
ERR13927339.7740	1543	18.3584
ERR13927339.7741	1577	18.9569
ERR13927339.7742	1548	16.8643
ERR13927339.7743	1563	16.1676
ERR13927339.7744	1580	14.7361
ERR13927339.7745	1555	16.4669
ERR13927339.7746	1611	16.6158
ERR13927339.7747	1544	18.2345
ERR13927339.7748	1561	16.4324
ERR13927339.7749	1562	20.1793
ERR13927339.7750	1591	18.8567
ERR13927339.7751	1574	16.8875
ERR13927339.7752	1559	17.1155
ERR13927339.7753	1550	19.4129
ERR13927339.7754	1588	16.4282
ERR13927339.7755	1549	16.7837
ERR13927339.7756	1567	17.1953
ERR13927339.7757	1567	15.3854
ERR13927339.7758	1479	14.8600
ERR13927339.7759	1561	21.9744
ERR13927339.7760	1593	18.5154
ERR13927339.7761	1568	15.2647
ERR13927339.7762	1589	16.7810
ERR13927339.7763	1556	17.7436
ERR13927339.7764	1555	20.4849
ERR13927339.7765	1530	17.1817
ERR13927339.7766	1613	16.4780
ERR13927339.7767	1568	18.5013
ERR13927339.7768	1560	17.2994
ERR13927339.7769	1616	19.4462
ERR13927339.7770	1537	18.7137
ERR13927339.7771	1518	17.8781
ERR13927339.7772	1688	17.3146
ERR13927339.7773	1604	18.9620
ERR13927339.7774	1590	17.9509
ERR13927339.7775	773	19.4049
ERR13927339.7776	1474	15.5882
ERR13927339.7777	1561	20.9776
ERR13927339.7778	1548	16.9451
ERR13927339.7779	1581	19.5522
ERR13927339.7780	889	20.6265
ERR13927339.7781	1574	17.9943
ERR13927339.7782	1548	18.6815
ERR13927339.7783	2611	18.4565
ERR13927339.7784	1566	15.4821
ERR13927339.7785	1546	18.4444
ERR13927339.7786	1572	15.3448
ERR13927339.7787	1587	17.8847
ERR13927339.7788	1548	16.5291
ERR13927339.7789	1539	17.0695
ERR13927339.7790	1536	16.6953
ERR13927339.7791	1556	17.1665
ERR13927339.7792	1488	15.5800
ERR13927339.7793	1614	16.7689
ERR13927339.7794	1597	18.5529
ERR13927339.7795	3107	18.8603
ERR13927339.7796	1589	18.2750
ERR13927339.7797	1553	19.1668
ERR13927339.7798	1561	20.0096
ERR13927339.7799	1519	15.6748
ERR13927339.7800	1583	19.5262
ERR13927339.7801	1573	18.7737
ERR13927339.7802	1597	19.3244
ERR13927339.7803	1581	15.3245
ERR13927339.7804	1541	19.4140
ERR13927339.7805	1583	19.1965
ERR13927339.7806	1590	18.1824
ERR13927339.7807	1589	17.7067
ERR13927339.7808	1566	19.4930
ERR13927339.7809	1563	19.5144
ERR13927339.7810	1537	19.9915
ERR13927339.7811	1623	19.2335
ERR13927339.7812	1569	21.1338
ERR13927339.7813	1572	19.1075
ERR13927339.7814	1578	14.4721
ERR13927339.7815	1603	18.5802
ERR13927339.7816	1573	15.2441
ERR13927339.7817	1524	13.5682
ERR13927339.7818	1658	17.8227
ERR13927339.7819	1617	20.2777
ERR13927339.7820	1600	19.4506
ERR13927339.7821	1561	18.2761
ERR13927339.7822	1572	19.1285
ERR13927339.7823	1547	18.3697
ERR13927339.7824	1573	19.6027
ERR13927339.7825	1597	18.3068
ERR13927339.7826	1547	19.0860
ERR13927339.7827	1574	16.9225
ERR13927339.7828	1585	19.0164
ERR13927339.7829	1562	20.3476
ERR13927339.7830	1554	16.6602
ERR13927339.7831	1546	18.0246
ERR13927339.7832	1592	18.5948
ERR13927339.7833	1581	20.0974
ERR13927339.7834	1551	18.9458
ERR13927339.7835	1569	17.1587
ERR13927339.7836	1582	19.0392
ERR13927339.7837	225	10.8711
ERR13927339.7838	1569	19.8451
ERR13927339.7839	1569	19.6099
ERR13927339.7840	1618	16.6916
ERR13927339.7841	1575	18.7683
ERR13927339.7842	1547	16.1306
ERR13927339.7843	1576	16.3166
ERR13927339.7844	1577	18.5168
ERR13927339.7845	1525	17.2125
ERR13927339.7846	1581	21.0354
ERR13927339.7847	1591	19.2024
ERR13927339.7848	1560	17.8449
ERR13927339.7849	1600	19.8962
ERR13927339.7850	1564	19.1720
ERR13927339.7851	1582	19.7762
ERR13927339.7852	1606	17.1974
ERR13927339.7853	1592	18.2148
ERR13927339.7854	1553	14.5132
ERR13927339.7855	1536	15.4401
ERR13927339.7856	1562	20.0666
ERR13927339.7857	1566	18.1635
ERR13927339.7858	207	13.0338
ERR13927339.7859	1580	16.9481
ERR13927339.7860	1575	18.2508
ERR13927339.7861	1537	18.5960
ERR13927339.7862	1539	15.1748
ERR13927339.7863	1335	18.1483
ERR13927339.7864	1555	17.5241
ERR13927339.7865	1584	23.1742
ERR13927339.7866	1561	20.4420
ERR13927339.7867	1558	20.3742
ERR13927339.7868	1490	15.8268
ERR13927339.7869	1532	18.5287
ERR13927339.7870	1553	20.1436
ERR13927339.7871	1576	20.0825
ERR13927339.7872	1570	17.0102
ERR13927339.7873	1554	16.9871
ERR13927339.7874	1529	13.7109
ERR13927339.7875	1609	17.7843
ERR13927339.7876	1582	18.1087
ERR13927339.7877	1590	21.1975
ERR13927339.7878	1547	19.3769
ERR13927339.7879	1600	19.5237
ERR13927339.7880	1563	14.8618
ERR13927339.7881	1624	17.9760
ERR13927339.7882	1605	18.5539
ERR13927339.7883	1012	14.6917
ERR13927339.7884	1565	18.4409
ERR13927339.7885	1578	17.5266
ERR13927339.7886	1571	15.8192
ERR13927339.7887	1585	20.5502
ERR13927339.7888	1547	19.2515
ERR13927339.7889	1555	20.1370
ERR13927339.7890	1630	15.9798
ERR13927339.7891	1535	18.6000
ERR13927339.7892	1541	17.2511
ERR13927339.7893	1546	15.7962
ERR13927339.7894	1528	16.5386
ERR13927339.7895	1565	19.2907
ERR13927339.7896	1617	20.0631
ERR13927339.7897	1574	16.4841
ERR13927339.7898	1566	17.4049
ERR13927339.7899	1555	21.5441
ERR13927339.7900	1558	14.9538
ERR13927339.7901	1566	18.1648
ERR13927339.7902	1545	17.8194
ERR13927339.7903	1554	18.3958
ERR13927339.7904	1559	17.8127
ERR13927339.7905	1588	19.3060
ERR13927339.7906	1558	19.8511
ERR13927339.7907	1578	16.7712
ERR13927339.7908	1572	20.2780
ERR13927339.7909	1567	20.8653
ERR13927339.7910	1544	17.0298
ERR13927339.7911	1550	16.4168
ERR13927339.7912	1556	16.4981
ERR13927339.7913	1579	18.7251
ERR13927339.7914	1463	17.3575
ERR13927339.7915	1570	17.3293
ERR13927339.7916	1561	18.6477
ERR13927339.7917	1593	17.2009
ERR13927339.7918	1190	20.5655
ERR13927339.7919	1559	19.8531
ERR13927339.7920	1587	19.1758
ERR13927339.7921	1599	16.0413
ERR13927339.7922	1550	17.7374
ERR13927339.7923	1608	18.1934
ERR13927339.7924	1573	16.7546
ERR13927339.7925	1546	17.7943
ERR13927339.7926	1598	19.4775
ERR13927339.7927	1546	17.0602
ERR13927339.7928	1555	17.1633
ERR13927339.7929	1562	17.1255
ERR13927339.7930	1547	14.2844
ERR13927339.7931	1565	22.1208
ERR13927339.7932	1558	21.3736
ERR13927339.7933	1576	20.4886
ERR13927339.7934	1596	16.2920
ERR13927339.7935	1582	19.0145
ERR13927339.7936	1574	18.7287
ERR13927339.7937	1567	20.5450
ERR13927339.7938	1565	20.7054
ERR13927339.7939	1571	18.8466
ERR13927339.7940	1499	16.0053
ERR13927339.7941	1595	18.6132
ERR13927339.7942	1546	17.6177
ERR13927339.7943	1578	17.5608
ERR13927339.7944	1556	16.3824
ERR13927339.7945	1566	21.1967
ERR13927339.7946	1585	20.5483
ERR13927339.7947	1565	17.2211
ERR13927339.7948	1475	14.1268
ERR13927339.7949	1582	15.4823
ERR13927339.7950	1523	17.1957
ERR13927339.7951	1564	15.0863
ERR13927339.7952	1529	16.6056
ERR13927339.7953	1520	20.8829
ERR13927339.7954	1582	17.9046
ERR13927339.7955	1551	17.4545
ERR13927339.7956	1564	20.5243
ERR13927339.7957	1537	19.7300
ERR13927339.7958	1585	19.2820
ERR13927339.7959	1576	18.4556
ERR13927339.7960	1546	17.6520
ERR13927339.7961	1587	19.2180
ERR13927339.7962	1555	19.8527
ERR13927339.7963	1551	19.1625
ERR13927339.7964	1608	19.5448
ERR13927339.7965	1561	17.4407
ERR13927339.7966	1608	16.4030
ERR13927339.7967	1575	17.9327
ERR13927339.7968	1489	17.0396
ERR13927339.7969	1576	18.9169
ERR13927339.7970	1566	14.4917
ERR13927339.7971	1584	17.3479
ERR13927339.7972	1578	17.9772
ERR13927339.7973	1567	18.8047
ERR13927339.7974	1554	18.7272
ERR13927339.7975	1559	18.2886
ERR13927339.7976	1548	16.4729
ERR13927339.7977	1538	15.9629
ERR13927339.7978	1578	19.5127
ERR13927339.7979	1570	17.6758
ERR13927339.7980	1550	18.7619
ERR13927339.7981	1562	19.7958
ERR13927339.7982	1579	18.6396
ERR13927339.7983	1610	15.2019
ERR13927339.7984	1561	17.1768
ERR13927339.7985	1429	18.8460
ERR13927339.7986	1586	17.0315
ERR13927339.7987	1544	17.8918
ERR13927339.7988	1576	18.5260
ERR13927339.7989	1637	18.9701
ERR13927339.7990	874	15.6087
ERR13927339.7991	1563	21.3448
ERR13927339.7992	1551	16.3501
ERR13927339.7993	1591	13.8297
ERR13927339.7994	1490	16.8604
ERR13927339.7995	1572	20.1132
ERR13927339.7996	1551	18.4984
ERR13927339.7997	1562	19.8060
ERR13927339.7998	1599	18.1889
ERR13927339.7999	1557	19.4258
ERR13927339.8000	1554	18.5341
ERR13927339.8001	1593	18.6736
ERR13927339.8002	1548	18.9432
ERR13927339.8003	1557	16.3436
ERR13927339.8004	1564	19.2315
ERR13927339.8005	1555	19.9736
ERR13927339.8006	1563	19.8528
ERR13927339.8007	1567	16.4148
ERR13927339.8008	1592	19.7701
ERR13927339.8009	1548	16.8792
ERR13927339.8010	1554	17.1081
ERR13927339.8011	1564	20.5959
ERR13927339.8012	1599	16.3609
ERR13927339.8013	1517	19.2624
ERR13927339.8014	1611	20.3799
ERR13927339.8015	1560	19.2917
ERR13927339.8016	1566	18.4923
ERR13927339.8017	1579	21.2027
ERR13927339.8018	1571	16.2234
ERR13927339.8019	1549	19.0639
ERR13927339.8020	1551	20.2605
ERR13927339.8021	250	15.3960
ERR13927339.8022	1490	18.6423
ERR13927339.8023	1549	19.4532
ERR13927339.8024	1561	20.6630
ERR13927339.8025	1575	19.7194
ERR13927339.8026	1568	19.2034
ERR13927339.8027	1571	20.3959
ERR13927339.8028	1571	19.7078
ERR13927339.8029	1617	19.3049
ERR13927339.8030	1571	20.8644
ERR13927339.8031	1575	16.6463
ERR13927339.8032	1556	14.0778
ERR13927339.8033	1602	17.7072
ERR13927339.8034	1568	19.7953
ERR13927339.8035	1054	18.3672
ERR13927339.8036	1526	16.3847
ERR13927339.8037	1585	16.1950
ERR13927339.8038	1530	15.9105
ERR13927339.8039	1592	19.2908
ERR13927339.8040	1566	19.6794
ERR13927339.8041	1575	19.6851
ERR13927339.8042	1553	18.9221
ERR13927339.8043	1555	15.1511
ERR13927339.8044	1563	17.2681
ERR13927339.8045	1564	18.4194
ERR13927339.8046	1600	15.1113
ERR13927339.8047	1566	20.0307
ERR13927339.8048	1556	18.1015
ERR13927339.8049	1605	18.2847
ERR13927339.8050	1528	15.7349
ERR13927339.8051	1584	19.4141
ERR13927339.8052	1575	19.1251
ERR13927339.8053	1550	15.8819
ERR13927339.8054	1568	20.6365
ERR13927339.8055	1478	16.8809
ERR13927339.8056	1558	16.2978
ERR13927339.8057	1592	19.2224
ERR13927339.8058	1598	19.3899
ERR13927339.8059	1577	15.9708
ERR13927339.8060	1565	19.6594
ERR13927339.8061	1568	19.1786
ERR13927339.8062	1604	23.3204
ERR13927339.8063	1561	20.2851
ERR13927339.8064	1561	17.9430
ERR13927339.8065	1541	17.6171
ERR13927339.8066	1615	19.5845
ERR13927339.8067	1698	14.3975
ERR13927339.8068	1571	19.3730
ERR13927339.8069	1594	18.2716
ERR13927339.8070	1592	19.7387
ERR13927339.8071	1606	17.5000
ERR13927339.8072	1596	18.3603
ERR13927339.8073	1578	17.7681
ERR13927339.8074	1549	19.4358
ERR13927339.8075	1564	13.4322
ERR13927339.8076	1579	19.0735
ERR13927339.8077	1535	16.4078
ERR13927339.8078	1621	18.8229
ERR13927339.8079	1558	15.1457
ERR13927339.8080	1554	19.4324
ERR13927339.8081	1562	18.9821
ERR13927339.8082	1532	21.1031
ERR13927339.8083	1554	17.3320
ERR13927339.8084	1575	21.1981
ERR13927339.8085	1607	17.4997
ERR13927339.8086	1567	17.8449
ERR13927339.8087	1567	20.7103
ERR13927339.8088	1588	20.0126
ERR13927339.8089	1602	15.6142
ERR13927339.8090	1537	17.7326
ERR13927339.8091	1557	19.7649
ERR13927339.8092	1577	19.1566
ERR13927339.8093	1565	21.7962
ERR13927339.8094	1577	15.6030
ERR13927339.8095	1599	20.1926
ERR13927339.8096	1625	20.5157
ERR13927339.8097	1565	19.9508
ERR13927339.8098	1465	15.2355
ERR13927339.8099	1588	16.6045
ERR13927339.8100	1576	17.3845
ERR13927339.8101	1563	18.5733
ERR13927339.8102	1574	18.0388
ERR13927339.8103	1534	18.2366
ERR13927339.8104	1562	16.3105
ERR13927339.8105	1534	14.7536
ERR13927339.8106	1603	18.8534
ERR13927339.8107	1548	18.3411
ERR13927339.8108	1563	18.0435
ERR13927339.8109	1537	15.9740
ERR13927339.8110	967	18.8066
ERR13927339.8111	1540	16.7981
ERR13927339.8112	1610	20.3770
ERR13927339.8113	1549	16.6249
ERR13927339.8114	1548	15.9722
ERR13927339.8115	1583	18.7821
ERR13927339.8116	1602	19.6155
ERR13927339.8117	1551	16.0845
ERR13927339.8118	1563	19.8093
ERR13927339.8119	848	18.8396
ERR13927339.8120	1587	17.6900
ERR13927339.8121	1620	18.4358
ERR13927339.8122	1568	20.9904
ERR13927339.8123	1244	17.5812
ERR13927339.8124	1571	18.5016
ERR13927339.8125	1583	16.5900
ERR13927339.8126	1502	15.8449
ERR13927339.8127	1600	18.4638
ERR13927339.8128	1552	18.4504
ERR13927339.8129	1563	20.4197
ERR13927339.8130	1533	19.4064
ERR13927339.8131	1570	19.2121
ERR13927339.8132	1553	17.5724
ERR13927339.8133	1577	19.1141
ERR13927339.8134	1533	19.1115
ERR13927339.8135	1569	14.2352
ERR13927339.8136	1534	21.8142
ERR13927339.8137	1590	19.4214
ERR13927339.8138	1592	19.0798
ERR13927339.8139	1551	18.7215
ERR13927339.8140	1554	19.8977
ERR13927339.8141	1596	19.0445
ERR13927339.8142	1574	17.1722
ERR13927339.8143	1563	18.0262
ERR13927339.8144	1531	16.3553
ERR13927339.8145	1541	17.0532
ERR13927339.8146	1568	16.2577
ERR13927339.8147	1572	18.1520
ERR13927339.8148	824	18.9187
ERR13927339.8149	1573	20.2632
ERR13927339.8150	1604	18.4377
ERR13927339.8151	988	17.0800
ERR13927339.8152	1587	20.8040
ERR13927339.8153	1562	21.5800
ERR13927339.8154	1630	20.9528
ERR13927339.8155	1581	15.6091
ERR13927339.8156	1571	17.2298
ERR13927339.8157	1528	17.6381
ERR13927339.8158	1569	17.2798
ERR13927339.8159	1571	15.9440
ERR13927339.8160	1505	14.4877
ERR13927339.8161	1616	17.4066
ERR13927339.8162	596	20.1326
ERR13927339.8163	1559	17.1841
ERR13927339.8164	1570	17.0478
ERR13927339.8165	1553	15.7952
ERR13927339.8166	1559	17.5876
ERR13927339.8167	1547	15.6244
ERR13927339.8168	1609	18.9664
ERR13927339.8169	1580	18.6158
ERR13927339.8170	1576	17.7379
ERR13927339.8171	1573	17.9790
ERR13927339.8172	1604	17.5499
ERR13927339.8173	1556	19.2892
ERR13927339.8174	1483	15.6864
ERR13927339.8175	1588	16.3312
ERR13927339.8176	1594	17.9084
ERR13927339.8177	1548	20.5614
ERR13927339.8178	1583	16.4776
ERR13927339.8179	1539	16.0019
ERR13927339.8180	1565	16.4748
ERR13927339.8181	1587	19.1909
ERR13927339.8182	1564	20.3325
ERR13927339.8183	1540	15.8052
ERR13927339.8184	1579	20.0906
ERR13927339.8185	1468	17.0245
ERR13927339.8186	1578	15.8954
ERR13927339.8187	1577	19.8732
ERR13927339.8188	1569	17.8094
ERR13927339.8189	1568	21.0606
ERR13927339.8190	1559	20.4836
ERR13927339.8191	1588	19.9943
ERR13927339.8192	1566	19.2656
ERR13927339.8193	1609	19.3219
ERR13927339.8194	1588	16.7317
ERR13927339.8195	1551	17.0419
ERR13927339.8196	1561	15.1736
ERR13927339.8197	1567	19.5712
ERR13927339.8198	1575	19.4019
ERR13927339.8199	1560	19.5910
ERR13927339.8200	1592	19.8524
ERR13927339.8201	1566	21.0754
ERR13927339.8202	1547	20.0491
ERR13927339.8203	1595	19.2734
ERR13927339.8204	1616	17.0149
ERR13927339.8205	1566	19.7158
ERR13927339.8206	1551	16.5197
ERR13927339.8207	1520	17.8658
ERR13927339.8208	1569	16.6354
ERR13927339.8209	1534	17.1871
ERR13927339.8210	1588	16.4106
ERR13927339.8211	1590	19.7962
ERR13927339.8212	1607	16.6914
ERR13927339.8213	1525	16.9489
ERR13927339.8214	1553	19.6104
ERR13927339.8215	1577	17.0900
ERR13927339.8216	1567	18.4403
ERR13927339.8217	1537	19.1997
ERR13927339.8218	1558	18.9987
ERR13927339.8219	1586	19.6513
ERR13927339.8220	1587	18.1941
ERR13927339.8221	1574	17.8507
ERR13927339.8222	1566	17.1686
ERR13927339.8223	1552	18.8769
ERR13927339.8224	1562	15.7682
ERR13927339.8225	1563	19.5752
ERR13927339.8226	1547	19.1726
ERR13927339.8227	1475	17.0468
ERR13927339.8228	1554	15.8565
ERR13927339.8229	1558	18.0988
ERR13927339.8230	1565	14.8102
ERR13927339.8231	1604	19.2007
ERR13927339.8232	1594	18.6907
ERR13927339.8233	550	14.4345
ERR13927339.8234	1553	19.7560
ERR13927339.8235	1555	17.6457
ERR13927339.8236	1591	17.5299
ERR13927339.8237	1574	14.4149
ERR13927339.8238	1572	19.9580
ERR13927339.8239	1585	19.8921
ERR13927339.8240	1577	18.2834
ERR13927339.8241	1598	20.9499
ERR13927339.8242	1592	18.5132
ERR13927339.8243	1563	15.9846
ERR13927339.8244	1511	21.2879
ERR13927339.8245	1573	18.8830
ERR13927339.8246	1577	18.7647
ERR13927339.8247	1570	21.2752
ERR13927339.8248	1607	20.5905
ERR13927339.8249	1568	20.2334
ERR13927339.8250	1580	18.0709
ERR13927339.8251	1618	16.1391
ERR13927339.8252	1558	15.5327
ERR13927339.8253	1551	18.9884
ERR13927339.8254	1571	15.0325
ERR13927339.8255	1587	20.4802
ERR13927339.8256	1580	17.8430
ERR13927339.8257	1599	19.1695
ERR13927339.8258	1576	19.0146
ERR13927339.8259	1604	15.1253
ERR13927339.8260	1550	15.1632
ERR13927339.8261	1572	17.9173
ERR13927339.8262	3091	16.2035
ERR13927339.8263	1562	16.1927
ERR13927339.8264	1584	16.8005
ERR13927339.8265	1590	19.3591
ERR13927339.8266	1557	19.7701
ERR13927339.8267	1577	22.0076
ERR13927339.8268	1558	17.5655
ERR13927339.8269	1565	21.1834
ERR13927339.8270	1558	20.8716
ERR13927339.8271	1572	15.8715
ERR13927339.8272	1576	17.5425
ERR13927339.8273	1574	18.4536
ERR13927339.8274	1572	15.2309
ERR13927339.8275	1551	19.4346
ERR13927339.8276	1619	19.8382
ERR13927339.8277	1560	20.5987
ERR13927339.8278	1533	19.1539
ERR13927339.8279	1560	19.6269
ERR13927339.8280	1569	16.6520
ERR13927339.8281	1610	17.3180
ERR13927339.8282	1596	20.9142
ERR13927339.8283	1566	19.1526
ERR13927339.8284	1566	19.9949
ERR13927339.8285	1570	20.0127
ERR13927339.8286	1564	20.6912
ERR13927339.8287	1555	18.2965
ERR13927339.8288	1629	20.6440
ERR13927339.8289	1601	18.6683
ERR13927339.8290	1563	19.1817
ERR13927339.8291	1563	19.1177
ERR13927339.8292	1612	20.6383
ERR13927339.8293	1674	19.4683
ERR13927339.8294	1566	20.7784
ERR13927339.8295	1550	16.8052
ERR13927339.8296	1550	15.6748
ERR13927339.8297	1594	17.0188
ERR13927339.8298	1614	16.9641
ERR13927339.8299	1563	18.2572
ERR13927339.8300	1491	15.7015
ERR13927339.8301	1553	18.8493
ERR13927339.8302	1568	19.0625
ERR13927339.8303	1601	18.0418
ERR13927339.8304	1566	18.8972
ERR13927339.8305	1580	17.9101
ERR13927339.8306	1547	18.4822
ERR13927339.8307	1582	18.3818
ERR13927339.8308	1572	18.2042
ERR13927339.8309	1582	18.8262
ERR13927339.8310	1551	19.7376
ERR13927339.8311	1592	20.3819
ERR13927339.8312	1581	18.4086
ERR13927339.8313	1592	17.0345
ERR13927339.8314	1575	17.5568
ERR13927339.8315	1582	18.8970
ERR13927339.8316	1616	17.9239
ERR13927339.8317	1564	16.6995
ERR13927339.8318	1573	18.9491
ERR13927339.8319	1555	19.5299
ERR13927339.8320	1572	17.9154
ERR13927339.8321	1567	18.3318
ERR13927339.8322	1616	19.7327
ERR13927339.8323	1548	17.3598
ERR13927339.8324	1538	18.3056
ERR13927339.8325	1509	15.8078
ERR13927339.8326	1577	17.7952
ERR13927339.8327	1563	19.2943
ERR13927339.8328	1549	15.9432
ERR13927339.8329	1702	18.0405
ERR13927339.8330	1589	16.8729
ERR13927339.8331	1563	19.4184
ERR13927339.8332	1616	18.3403
ERR13927339.8333	1544	20.1146
ERR13927339.8334	1626	16.9840
ERR13927339.8335	1588	19.0283
ERR13927339.8336	1549	19.9187
ERR13927339.8337	1617	17.1670
ERR13927339.8338	1028	15.5078
ERR13927339.8339	1555	20.3074
ERR13927339.8340	974	17.1817
ERR13927339.8341	1543	17.6228
ERR13927339.8342	1565	18.9144
ERR13927339.8343	1585	21.0303
ERR13927339.8344	1580	17.1918
ERR13927339.8345	1580	16.3797
ERR13927339.8346	1524	16.2972
ERR13927339.8347	1560	17.3788
ERR13927339.8348	1566	17.2056
ERR13927339.8349	1591	22.0515
ERR13927339.8350	1605	16.2044
ERR13927339.8351	1538	16.1261
ERR13927339.8352	1604	18.7643
ERR13927339.8353	1547	17.9509
ERR13927339.8354	1553	20.6697
ERR13927339.8355	1613	17.7973
ERR13927339.8356	1564	16.6483
ERR13927339.8357	1582	18.7124
ERR13927339.8358	1518	18.6627
ERR13927339.8359	1596	17.9355
ERR13927339.8360	1561	18.0890
ERR13927339.8361	1532	17.7324
ERR13927339.8362	1578	18.4056
ERR13927339.8363	1550	14.9652
ERR13927339.8364	1575	20.9949
ERR13927339.8365	1556	19.5623
ERR13927339.8366	1593	17.7131
ERR13927339.8367	1560	21.2391
ERR13927339.8368	1598	20.5507
ERR13927339.8369	1575	15.2870
ERR13927339.8370	1600	20.1419
ERR13927339.8371	1573	17.8684
ERR13927339.8372	1535	14.8691
ERR13927339.8373	1553	16.6265
ERR13927339.8374	1578	20.8289
ERR13927339.8375	1583	21.4839
ERR13927339.8376	1533	21.4481
ERR13927339.8377	1540	17.3526
ERR13927339.8378	1602	18.8502
ERR13927339.8379	1558	16.8665
ERR13927339.8380	1542	17.5616
ERR13927339.8381	1557	18.1207
ERR13927339.8382	1565	18.5987
ERR13927339.8383	1618	19.2237
ERR13927339.8384	1596	19.9511
ERR13927339.8385	1425	17.3130
ERR13927339.8386	1574	19.7484
ERR13927339.8387	1599	19.2220
ERR13927339.8388	1517	16.2564
ERR13927339.8389	1590	19.6119
ERR13927339.8390	1567	19.2795
ERR13927339.8391	1388	16.5605
ERR13927339.8392	1584	18.4400
ERR13927339.8393	1563	15.3065
ERR13927339.8394	1580	20.8956
ERR13927339.8395	1558	18.7298
ERR13927339.8396	1256	19.9562
ERR13927339.8397	1507	14.8102
ERR13927339.8398	1592	22.6947
ERR13927339.8399	1553	17.2434
ERR13927339.8400	1522	16.9080
ERR13927339.8401	1566	17.2925
ERR13927339.8402	1615	20.1133
ERR13927339.8403	1557	19.6712
ERR13927339.8404	1538	19.7529
ERR13927339.8405	1515	18.3828
ERR13927339.8406	1576	18.8255
ERR13927339.8407	1581	19.2163
ERR13927339.8408	1552	18.4646
ERR13927339.8409	1606	19.8836
ERR13927339.8410	1589	19.4928
ERR13927339.8411	1610	18.6870
ERR13927339.8412	1589	17.0522
ERR13927339.8413	1563	16.2099
ERR13927339.8414	1555	18.8997
ERR13927339.8415	1588	19.4207
ERR13927339.8416	1568	15.9943
ERR13927339.8417	1543	17.0110
ERR13927339.8418	1645	15.0395
ERR13927339.8419	1563	20.5720
ERR13927339.8420	1563	18.6296
ERR13927339.8421	1530	17.8542
ERR13927339.8422	1539	17.9012
ERR13927339.8423	1539	18.1839
ERR13927339.8424	1612	14.9553
ERR13927339.8425	1586	19.7169
ERR13927339.8426	1583	17.5212
ERR13927339.8427	1579	20.6802
ERR13927339.8428	1571	16.5290
ERR13927339.8429	1572	19.3550
ERR13927339.8430	1553	16.2788
ERR13927339.8431	1537	16.9024
ERR13927339.8432	1583	18.8787
ERR13927339.8433	1557	18.7701
ERR13927339.8434	1571	18.8504
ERR13927339.8435	1488	19.0766
ERR13927339.8436	1566	20.5779
ERR13927339.8437	1551	16.4049
ERR13927339.8438	1503	15.2428
ERR13927339.8439	1535	16.4189
ERR13927339.8440	1553	16.9717
ERR13927339.8441	1588	19.3438
ERR13927339.8442	1556	17.6060
ERR13927339.8443	1594	18.1675
ERR13927339.8444	1567	18.0613
ERR13927339.8445	1576	17.3280
ERR13927339.8446	1564	19.0710
ERR13927339.8447	1577	19.6341
ERR13927339.8448	1626	16.3315
ERR13927339.8449	1563	15.9616
ERR13927339.8450	1542	17.6855
ERR13927339.8451	1572	18.8429
ERR13927339.8452	1557	17.3173
ERR13927339.8453	1556	15.8290
ERR13927339.8454	1567	18.5641
ERR13927339.8455	1517	17.2920
ERR13927339.8456	1551	20.2463
ERR13927339.8457	1585	18.5300
ERR13927339.8458	1550	14.8632
ERR13927339.8459	1550	18.0123
ERR13927339.8460	1558	15.7798
ERR13927339.8461	1541	16.7255
ERR13927339.8462	1564	19.4853
ERR13927339.8463	1602	19.7578
ERR13927339.8464	1608	21.9117
ERR13927339.8465	1578	18.3561
ERR13927339.8466	1624	19.5542
ERR13927339.8467	1531	15.1228
ERR13927339.8468	1565	20.5744
ERR13927339.8469	1578	18.7573
ERR13927339.8470	1584	19.8056
ERR13927339.8471	1529	19.9150
ERR13927339.8472	1615	19.9802
ERR13927339.8473	1549	18.6895
ERR13927339.8474	1565	19.1974
ERR13927339.8475	1558	18.7394
ERR13927339.8476	1610	20.7727
ERR13927339.8477	1597	19.5479
ERR13927339.8478	1553	15.7978
ERR13927339.8479	1600	19.4506
ERR13927339.8480	1604	16.0380
ERR13927339.8481	1566	16.0319
ERR13927339.8482	1565	18.1853
ERR13927339.8483	1578	20.9499
ERR13927339.8484	1580	17.9880
ERR13927339.8485	1594	14.9279
ERR13927339.8486	1612	18.4429
ERR13927339.8487	1621	16.6656
ERR13927339.8488	1548	17.3036
ERR13927339.8489	1575	20.1156
ERR13927339.8490	1533	17.4338
ERR13927339.8491	1584	18.8239
ERR13927339.8492	1586	19.4029
ERR13927339.8493	226	14.3319
ERR13927339.8494	1567	16.0657
ERR13927339.8495	1315	17.0091
ERR13927339.8496	1568	21.1454
ERR13927339.8497	1564	18.0710
ERR13927339.8498	1589	18.7237
ERR13927339.8499	1573	18.7750
ERR13927339.8500	1557	18.2216
ERR13927339.8501	1597	18.1290
ERR13927339.8502	1562	18.3540
ERR13927339.8503	1608	20.2512
ERR13927339.8504	1565	16.1617
ERR13927339.8505	1503	18.5230
ERR13927339.8506	1572	21.1571
ERR13927339.8507	1546	16.4495
ERR13927339.8508	1563	19.2194
ERR13927339.8509	1607	18.5930
ERR13927339.8510	1500	15.1140
ERR13927339.8511	1579	18.9614
ERR13927339.8512	1545	19.1036
ERR13927339.8513	1564	18.1784
ERR13927339.8514	1535	19.7583
ERR13927339.8515	1585	18.9760
ERR13927339.8516	1596	20.0263
ERR13927339.8517	1566	16.0268
ERR13927339.8518	1582	17.9798
ERR13927339.8519	407	18.5307
ERR13927339.8520	1588	17.5573
ERR13927339.8521	1566	18.7554
ERR13927339.8522	1588	20.8747
ERR13927339.8523	1627	18.0455
ERR13927339.8524	1541	20.8780
ERR13927339.8525	1565	20.1476
ERR13927339.8526	1621	21.9901
ERR13927339.8527	1466	19.4591
ERR13927339.8528	1570	16.8338
ERR13927339.8529	1545	15.9515
ERR13927339.8530	1601	20.3298
ERR13927339.8531	1499	20.3249
ERR13927339.8532	1572	18.0503
ERR13927339.8533	1578	20.2199
ERR13927339.8534	1568	19.8718
ERR13927339.8535	1595	18.6401
ERR13927339.8536	1494	14.3119
ERR13927339.8537	1552	16.0219
ERR13927339.8538	1530	15.1118
ERR13927339.8539	1582	19.7585
ERR13927339.8540	1590	20.7434
ERR13927339.8541	1571	18.5481
ERR13927339.8542	1579	16.2147
ERR13927339.8543	1611	19.3079
ERR13927339.8544	1538	19.3349
ERR13927339.8545	1557	15.6268
ERR13927339.8546	1557	18.1529
ERR13927339.8547	1552	19.9175
ERR13927339.8548	1563	15.8765
ERR13927339.8549	1583	19.7183
ERR13927339.8550	1584	17.4432
ERR13927339.8551	1551	18.5235
ERR13927339.8552	1565	18.5655
ERR13927339.8553	1522	15.0105
ERR13927339.8554	1583	16.6216
ERR13927339.8555	1574	19.4041
ERR13927339.8556	1571	16.6550
ERR13927339.8557	1526	17.9292
ERR13927339.8558	1583	17.1845
ERR13927339.8559	1576	19.3077
ERR13927339.8560	1620	17.9062
ERR13927339.8561	1580	20.6741
ERR13927339.8562	1537	16.7443
ERR13927339.8563	1298	14.6287
ERR13927339.8564	1602	19.3084
ERR13927339.8565	1586	14.8619
ERR13927339.8566	1591	19.7674
ERR13927339.8567	1515	15.8284
ERR13927339.8568	1570	16.3930
ERR13927339.8569	1573	17.0388
ERR13927339.8570	1557	21.0456
ERR13927339.8571	1602	18.3408
ERR13927339.8572	1563	18.0211
ERR13927339.8573	1537	17.4854
ERR13927339.8574	1589	18.1567
ERR13927339.8575	1568	15.6830
ERR13927339.8576	1600	17.6419
ERR13927339.8577	1584	19.9135
ERR13927339.8578	1602	16.8396
ERR13927339.8579	1578	19.7820
ERR13927339.8580	1569	19.3085
ERR13927339.8581	1568	21.1091
ERR13927339.8582	1538	20.0819
ERR13927339.8583	1515	16.9116
ERR13927339.8584	1578	21.1255
ERR13927339.8585	1559	17.1398
ERR13927339.8586	1545	19.5139
ERR13927339.8587	1574	17.0400
ERR13927339.8588	1614	19.5508
ERR13927339.8589	1577	21.0082
ERR13927339.8590	1547	18.8791
ERR13927339.8591	1529	15.6867
ERR13927339.8592	1546	20.0543
ERR13927339.8593	1573	15.7057
ERR13927339.8594	1564	19.0895
ERR13927339.8595	1549	19.3783
ERR13927339.8596	1592	18.4636
ERR13927339.8597	1556	18.0225
ERR13927339.8598	1564	20.9962
ERR13927339.8599	1609	18.6886
ERR13927339.8600	1536	18.5768
ERR13927339.8601	1588	21.0264
ERR13927339.8602	1479	17.2184
ERR13927339.8603	1580	19.5114
ERR13927339.8604	1567	16.8902
ERR13927339.8605	1569	19.0172
ERR13927339.8606	1569	18.1377
ERR13927339.8607	1534	14.8031
ERR13927339.8608	1543	16.0603
ERR13927339.8609	1563	15.3800
ERR13927339.8610	1566	17.2586
ERR13927339.8611	1603	16.7885
ERR13927339.8612	1137	21.4758
ERR13927339.8613	1522	16.7523
ERR13927339.8614	1576	19.5514
ERR13927339.8615	1581	18.6477
ERR13927339.8616	1578	19.2681
ERR13927339.8617	1543	19.2366
ERR13927339.8618	647	15.4065
ERR13927339.8619	1567	15.6158
ERR13927339.8620	1535	17.7401
ERR13927339.8621	1566	16.7925
ERR13927339.8622	1513	17.2525
ERR13927339.8623	1568	19.8890
ERR13927339.8624	1553	15.5151
ERR13927339.8625	1538	14.3797
ERR13927339.8626	1560	18.7429
ERR13927339.8627	1580	16.3722
ERR13927339.8628	1543	18.1283
ERR13927339.8629	1535	16.9016
ERR13927339.8630	1547	15.6354
ERR13927339.8631	1576	18.6986
ERR13927339.8632	1559	16.0090
ERR13927339.8633	1602	15.9557
ERR13927339.8634	1219	16.1427
ERR13927339.8635	1527	16.5724
ERR13927339.8636	1573	15.8576
ERR13927339.8637	1553	15.7991
ERR13927339.8638	1579	20.4250
ERR13927339.8639	1531	15.7694
ERR13927339.8640	1573	18.0458
ERR13927339.8641	853	22.8476
ERR13927339.8642	1577	16.6836
ERR13927339.8643	1590	19.6673
ERR13927339.8644	1553	19.2486
ERR13927339.8645	1585	19.0732
ERR13927339.8646	1583	18.4005
ERR13927339.8647	1526	20.3965
ERR13927339.8648	1579	17.0336
ERR13927339.8649	1556	19.4415
ERR13927339.8650	1550	15.8252
ERR13927339.8651	1583	20.9299
ERR13927339.8652	1565	16.3610
ERR13927339.8653	1548	21.8314
ERR13927339.8654	1561	18.0698
ERR13927339.8655	1583	19.6677
ERR13927339.8656	1544	14.8880
ERR13927339.8657	1583	17.4018
ERR13927339.8658	1600	17.3238
ERR13927339.8659	1580	19.8937
ERR13927339.8660	1584	17.5309
ERR13927339.8661	1580	20.4272
ERR13927339.8662	3272	18.3105
ERR13927339.8663	1563	15.3039
ERR13927339.8664	1548	16.7913
ERR13927339.8665	1558	18.0308
ERR13927339.8666	1608	16.7121
ERR13927339.8667	1588	22.5743
ERR13927339.8668	1566	17.3831
ERR13927339.8669	1556	18.0919
ERR13927339.8670	1598	17.2741
ERR13927339.8671	1605	19.1003
ERR13927339.8672	1583	19.7442
ERR13927339.8673	1602	17.9120
ERR13927339.8674	1633	19.8665
ERR13927339.8675	1550	15.8071
ERR13927339.8676	3093	16.4064
ERR13927339.8677	1563	16.3205
ERR13927339.8678	1584	16.0196
ERR13927339.8679	1563	18.1132
ERR13927339.8680	1560	15.9199
ERR13927339.8681	1564	18.5179
ERR13927339.8682	1557	19.5530
ERR13927339.8683	1553	15.6980
ERR13927339.8684	1529	15.9182
ERR13927339.8685	1592	17.3675
ERR13927339.8686	1513	18.0106
ERR13927339.8687	1574	17.7058
ERR13927339.8688	1584	16.9558
ERR13927339.8689	1577	18.3215
ERR13927339.8690	1584	15.6357
ERR13927339.8691	1545	16.9294
ERR13927339.8692	3029	16.7904
ERR13927339.8693	1550	18.6877
ERR13927339.8694	1553	19.6240
ERR13927339.8695	1545	16.1767
ERR13927339.8696	1553	17.8229
ERR13927339.8697	1585	16.2738
ERR13927339.8698	1578	15.9740
ERR13927339.8699	3074	18.0586
ERR13927339.8700	1547	19.0840
ERR13927339.8701	1567	20.3510
ERR13927339.8702	1616	17.9455
ERR13927339.8703	1518	14.1983
ERR13927339.8704	1567	18.9770
ERR13927339.8705	1589	18.6375
ERR13927339.8706	178	18.1011
ERR13927339.8707	1562	18.5410
ERR13927339.8708	1565	18.5450
ERR13927339.8709	1556	18.7288
ERR13927339.8710	1571	20.4284
ERR13927339.8711	1572	17.0719
ERR13927339.8712	1581	21.4288
ERR13927339.8713	1600	18.2431
ERR13927339.8714	1557	15.1663
ERR13927339.8715	1550	16.9871
ERR13927339.8716	1601	15.4834
ERR13927339.8717	1509	17.4573
ERR13927339.8718	1582	18.7832
ERR13927339.8719	1553	16.4507
ERR13927339.8720	1556	16.8734
ERR13927339.8721	1567	19.1059
ERR13927339.8722	1580	18.6646
ERR13927339.8723	1576	18.0692
ERR13927339.8724	1601	19.2192
ERR13927339.8725	1561	20.4055
ERR13927339.8726	173	18.7110
ERR13927339.8727	1578	14.2915
ERR13927339.8728	1232	15.3977
ERR13927339.8729	1571	20.5481
ERR13927339.8730	837	17.8757
ERR13927339.8731	1581	17.4839
ERR13927339.8732	1575	18.0025
ERR13927339.8733	1579	18.6536
ERR13927339.8734	1551	19.4475
ERR13927339.8735	1585	21.7678
ERR13927339.8736	1548	18.4961
ERR13927339.8737	1601	18.6227
ERR13927339.8738	1566	19.3991
ERR13927339.8739	1562	15.4155
ERR13927339.8740	1538	15.1651
ERR13927339.8741	1572	16.8174
ERR13927339.8742	1605	16.9925
ERR13927339.8743	1574	16.0299
ERR13927339.8744	1560	17.8942
ERR13927339.8745	1523	20.2666
ERR13927339.8746	1565	18.0684
ERR13927339.8747	1602	20.1673
ERR13927339.8748	1551	17.9877
ERR13927339.8749	1648	18.4976
ERR13927339.8750	1530	18.3503
ERR13927339.8751	1613	19.7179
ERR13927339.8752	1580	18.8418
ERR13927339.8753	1556	19.7172
ERR13927339.8754	1589	18.3342
ERR13927339.8755	1599	17.2333
ERR13927339.8756	1586	16.7409
ERR13927339.8757	1574	20.2249
ERR13927339.8758	1540	19.0812
ERR13927339.8759	1568	14.8023
ERR13927339.8760	1577	19.5872
ERR13927339.8761	1557	15.9461
ERR13927339.8762	1473	15.5139
ERR13927339.8763	1612	18.2537
ERR13927339.8764	1567	19.6988
ERR13927339.8765	1581	14.7913
ERR13927339.8766	1554	18.0708
ERR13927339.8767	1574	18.7281
ERR13927339.8768	1566	21.0236
ERR13927339.8769	1578	21.8371
ERR13927339.8770	1596	18.0301
ERR13927339.8771	1568	15.6990
ERR13927339.8772	1556	16.7384
ERR13927339.8773	1594	17.9981
ERR13927339.8774	1545	14.9236
ERR13927339.8775	1508	18.1207
ERR13927339.8776	1532	15.4732
ERR13927339.8777	1570	14.6006
ERR13927339.8778	1551	14.7750
ERR13927339.8779	1658	17.0591
ERR13927339.8780	1561	17.6374
ERR13927339.8781	1567	17.6911
ERR13927339.8782	1588	19.2702
ERR13927339.8783	1585	21.5754
ERR13927339.8784	1535	14.9029
ERR13927339.8785	1612	19.3362
ERR13927339.8786	1591	16.3583
ERR13927339.8787	1550	17.1129
ERR13927339.8788	1560	18.0071
ERR13927339.8789	1563	20.0806
ERR13927339.8790	1619	18.1532
ERR13927339.8791	1510	15.4411
ERR13927339.8792	1553	18.6240
ERR13927339.8793	1587	17.0384
ERR13927339.8794	1572	16.8028
ERR13927339.8795	1268	17.5426
ERR13927339.8796	1554	18.4144
ERR13927339.8797	1567	17.2502
ERR13927339.8798	1566	18.2969
ERR13927339.8799	1576	17.6212
ERR13927339.8800	1588	18.9024
ERR13927339.8801	1587	18.0536
ERR13927339.8802	1552	15.9201
ERR13927339.8803	1544	17.0402
ERR13927339.8804	1566	16.7561
ERR13927339.8805	1578	16.5532
ERR13927339.8806	1580	21.2222
ERR13927339.8807	1599	17.3458
ERR13927339.8808	1558	19.1714
ERR13927339.8809	1560	15.4641
ERR13927339.8810	1539	18.9474
ERR13927339.8811	1585	20.2763
ERR13927339.8812	1564	19.6017
ERR13927339.8813	1561	18.9481
ERR13927339.8814	1534	15.0508
ERR13927339.8815	1586	20.1980
ERR13927339.8816	1594	18.0433
ERR13927339.8817	2051	20.6007
ERR13927339.8818	1560	22.0769
ERR13927339.8819	1592	20.5503
ERR13927339.8820	1184	17.6824
ERR13927339.8821	1584	18.7336
ERR13927339.8822	1583	19.2874
ERR13927339.8823	1572	19.5356
ERR13927339.8824	1570	18.0121
ERR13927339.8825	1576	18.6529
ERR13927339.8826	1590	17.0264
ERR13927339.8827	1570	20.0809
ERR13927339.8828	1569	20.1861
ERR13927339.8829	1490	15.1725
ERR13927339.8830	1526	15.1756
ERR13927339.8831	1558	15.8973
ERR13927339.8832	1562	19.1204
ERR13927339.8833	1552	18.0741
ERR13927339.8834	1541	17.4899
ERR13927339.8835	1578	15.6242
ERR13927339.8836	1582	17.9785
ERR13927339.8837	1597	18.2455
ERR13927339.8838	1556	19.6086
ERR13927339.8839	1603	20.2059
ERR13927339.8840	1565	19.4058
ERR13927339.8841	1597	19.1127
ERR13927339.8842	1550	14.8852
ERR13927339.8843	1515	19.1175
ERR13927339.8844	1522	17.9514
ERR13927339.8845	1677	15.4758
ERR13927339.8846	1096	20.0319
ERR13927339.8847	1524	16.1686
ERR13927339.8848	1572	17.4847
ERR13927339.8849	1415	15.9823
ERR13927339.8850	1569	19.3652
ERR13927339.8851	246	16.4675
ERR13927339.8852	1560	18.6167
ERR13927339.8853	1565	20.5163
ERR13927339.8854	1551	15.7569
ERR13927339.8855	1538	16.5429
ERR13927339.8856	1597	18.5567
ERR13927339.8857	1572	17.7233
ERR13927339.8858	1513	19.8123
ERR13927339.8859	1565	16.9559
ERR13927339.8860	1567	19.5373
ERR13927339.8861	1578	19.6711
ERR13927339.8862	1614	18.7732
ERR13927339.8863	1597	16.3168
ERR13927339.8864	1578	16.8308
ERR13927339.8865	1546	17.5802
ERR13927339.8866	373	19.9893
ERR13927339.8867	1564	19.2948
ERR13927339.8868	1595	18.7649
ERR13927339.8869	1526	17.2444
ERR13927339.8870	1548	18.5239
ERR13927339.8871	1556	19.7204
ERR13927339.8872	1596	21.4818
ERR13927339.8873	1551	14.7859
ERR13927339.8874	1543	17.6669
ERR13927339.8875	1556	19.2802
ERR13927339.8876	1578	16.3257
ERR13927339.8877	1578	17.4778
ERR13927339.8878	1612	18.9268
ERR13927339.8879	1491	15.1824
ERR13927339.8880	1582	18.3224
ERR13927339.8881	1596	16.1297
ERR13927339.8882	1523	15.4261
ERR13927339.8883	1615	18.9759
ERR13927339.8884	1558	19.8626
ERR13927339.8885	1564	17.6477
ERR13927339.8886	1563	18.7025
ERR13927339.8887	1580	15.5677
ERR13927339.8888	1562	17.0493
ERR13927339.8889	1571	18.4074
ERR13927339.8890	1562	18.5173
ERR13927339.8891	1584	18.8352
ERR13927339.8892	1574	18.5254
ERR13927339.8893	1579	17.7916
ERR13927339.8894	1572	18.1832
ERR13927339.8895	1656	20.2216
ERR13927339.8896	1554	18.2027
ERR13927339.8897	1591	20.3287
ERR13927339.8898	1547	18.9328
ERR13927339.8899	1571	16.7842
ERR13927339.8900	1560	20.6840
ERR13927339.8901	1559	18.7915
ERR13927339.8902	1556	17.9152
ERR13927339.8903	1585	17.5886
ERR13927339.8904	1559	19.2694
ERR13927339.8905	1556	16.2449
ERR13927339.8906	1594	18.1775
ERR13927339.8907	1527	17.9561
ERR13927339.8908	1641	15.7002
ERR13927339.8909	1536	15.8516
ERR13927339.8910	1557	20.1047
ERR13927339.8911	1594	18.7284
ERR13927339.8912	1555	13.3685
ERR13927339.8913	1582	18.2908
ERR13927339.8914	1568	19.9235
ERR13927339.8915	1544	17.7092
ERR13927339.8916	1541	19.0876
ERR13927339.8917	1554	16.7272
ERR13927339.8918	1572	16.0515
ERR13927339.8919	1506	16.5226
ERR13927339.8920	1543	15.6338
ERR13927339.8921	1633	21.5328
ERR13927339.8922	1555	20.4887
ERR13927339.8923	1565	15.5003
ERR13927339.8924	305	12.6361
ERR13927339.8925	1563	18.2937
ERR13927339.8926	1500	16.8020
ERR13927339.8927	1559	20.4907
ERR13927339.8928	1568	15.9783
ERR13927339.8929	1526	18.9587
ERR13927339.8930	371	16.9057
ERR13927339.8931	1570	18.4720
ERR13927339.8932	1569	18.4264
ERR13927339.8933	1562	17.9616
ERR13927339.8934	1566	19.3416
ERR13927339.8935	1595	18.4608
ERR13927339.8936	1569	17.0854
ERR13927339.8937	1561	17.9334
ERR13927339.8938	1547	18.9328
ERR13927339.8939	1542	18.4624
ERR13927339.8940	1569	18.6227
ERR13927339.8941	1564	19.7788
ERR13927339.8942	1567	20.4320
ERR13927339.8943	1545	20.8175
ERR13927339.8944	1551	18.6190
ERR13927339.8945	1563	18.1747
ERR13927339.8946	1574	22.0940
ERR13927339.8947	1586	18.5145
ERR13927339.8948	1585	19.7842
ERR13927339.8949	1542	17.0435
ERR13927339.8950	1634	18.3898
ERR13927339.8951	1479	16.2042
ERR13927339.8952	1582	17.9785
ERR13927339.8953	1575	18.3022
ERR13927339.8954	1504	17.7739
ERR13927339.8955	1565	16.8486
ERR13927339.8956	1560	18.3686
ERR13927339.8957	1553	18.9317
ERR13927339.8958	1546	16.4321
ERR13927339.8959	1563	19.2086
ERR13927339.8960	1549	16.9070
ERR13927339.8961	1611	20.7101
ERR13927339.8962	1490	18.7443
ERR13927339.8963	1554	16.1795
ERR13927339.8964	1480	14.6669
ERR13927339.8965	1531	15.3893
ERR13927339.8966	1522	19.8035
ERR13927339.8967	1537	17.1275
ERR13927339.8968	1547	19.2088
ERR13927339.8969	1535	17.2586
ERR13927339.8970	1569	19.9720
ERR13927339.8971	1559	19.1276
ERR13927339.8972	1588	17.6984
ERR13927339.8973	1595	18.4000
ERR13927339.8974	1585	18.9994
ERR13927339.8975	1612	18.7947
ERR13927339.8976	1604	20.1540
ERR13927339.8977	1552	19.6405
ERR13927339.8978	1585	19.8082
ERR13927339.8979	1558	14.8575
ERR13927339.8980	1592	19.5057
ERR13927339.8981	1552	18.6147
ERR13927339.8982	1545	16.6706
ERR13927339.8983	1624	18.9489
ERR13927339.8984	1585	15.1073
ERR13927339.8985	1526	16.8008
ERR13927339.8986	1574	18.5705
ERR13927339.8987	1591	15.6248
ERR13927339.8988	1556	20.0797
ERR13927339.8989	1616	18.5149
ERR13927339.8990	1546	17.1074
ERR13927339.8991	1590	17.7899
ERR13927339.8992	1575	14.8210
ERR13927339.8993	1596	16.0965
ERR13927339.8994	1566	16.9847
ERR13927339.8995	1605	19.3327
ERR13927339.8996	1534	16.1369
ERR13927339.8997	1575	19.4470
ERR13927339.8998	1540	15.4883
ERR13927339.8999	1544	18.3180
ERR13927339.9000	1565	18.4089
ERR13927339.9001	1520	19.7500
ERR13927339.9002	1576	16.9886
ERR13927339.9003	1580	17.1082
ERR13927339.9004	1524	17.3333
ERR13927339.9005	1552	18.5296
ERR13927339.9006	1549	19.4216
ERR13927339.9007	1567	17.8277
ERR13927339.9008	1607	16.9278
ERR13927339.9009	1549	16.8986
ERR13927339.9010	1581	17.6717
ERR13927339.9011	1554	19.7169
ERR13927339.9012	1592	17.7393
ERR13927339.9013	1552	15.7887
ERR13927339.9014	1565	19.5572
ERR13927339.9015	1534	18.3781
ERR13927339.9016	1058	18.3157
ERR13927339.9017	1608	17.5081
ERR13927339.9018	1589	16.7854
ERR13927339.9019	1571	18.4914
ERR13927339.9020	1603	19.9638
ERR13927339.9021	1559	19.1116
ERR13927339.9022	1585	17.8328
ERR13927339.9023	1551	16.5480
ERR13927339.9024	1592	19.2067
ERR13927339.9025	1568	18.0006
ERR13927339.9026	1518	17.0362
ERR13927339.9027	564	21.0638
ERR13927339.9028	1577	19.5289
ERR13927339.9029	1567	17.8985
ERR13927339.9030	1577	19.0919
ERR13927339.9031	758	16.4393
ERR13927339.9032	1545	18.2285
ERR13927339.9033	1537	15.4190
ERR13927339.9034	1591	17.4255
ERR13927339.9035	1541	19.8988
ERR13927339.9036	1567	19.4071
ERR13927339.9037	1611	21.7815
ERR13927339.9038	1454	14.1080
ERR13927339.9039	1551	19.5680
ERR13927339.9040	1539	17.1546
ERR13927339.9041	1540	18.5779
ERR13927339.9042	1587	18.9628
ERR13927339.9043	1559	19.3040
ERR13927339.9044	1557	16.9416
ERR13927339.9045	1564	18.5652
ERR13927339.9046	1575	16.3098
ERR13927339.9047	1584	20.0707
ERR13927339.9048	1818	15.5072
ERR13927339.9049	1554	18.2748
ERR13927339.9050	1606	18.2547
ERR13927339.9051	1716	17.7145
ERR13927339.9052	1585	18.4454
ERR13927339.9053	1577	16.8098
ERR13927339.9054	1563	16.9162
ERR13927339.9055	1518	15.9651
ERR13927339.9056	1580	16.0032
ERR13927339.9057	1567	20.9011
ERR13927339.9058	1558	18.4647
ERR13927339.9059	1550	17.7665
ERR13927339.9060	1571	20.0401
ERR13927339.9061	1563	16.2182
ERR13927339.9062	1524	16.2474
ERR13927339.9063	1581	19.8362
ERR13927339.9064	1600	16.9681
ERR13927339.9065	1550	16.6265
ERR13927339.9066	1541	18.0545
ERR13927339.9067	1588	20.9251
ERR13927339.9068	1547	18.0666
ERR13927339.9069	1571	18.3164
ERR13927339.9070	1548	14.7209
ERR13927339.9071	1554	18.3610
ERR13927339.9072	1538	15.4350
ERR13927339.9073	1584	14.7197
ERR13927339.9074	1585	20.7009
ERR13927339.9075	1600	18.3431
ERR13927339.9076	1536	16.0247
ERR13927339.9077	1531	17.6675
ERR13927339.9078	1576	21.2538
ERR13927339.9079	1571	16.9192
ERR13927339.9080	1616	16.4220
ERR13927339.9081	1577	17.2321
ERR13927339.9082	1611	16.6325
ERR13927339.9083	1531	17.0967
ERR13927339.9084	1315	16.9027
ERR13927339.9085	1553	17.7663
ERR13927339.9086	1559	20.3650
ERR13927339.9087	1578	17.3492
ERR13927339.9088	1549	16.2473
ERR13927339.9089	1564	18.7692
ERR13927339.9090	1569	16.7106
ERR13927339.9091	1552	16.5213
ERR13927339.9092	1564	15.4910
ERR13927339.9093	1555	18.9749
ERR13927339.9094	1561	19.4946
ERR13927339.9095	1534	15.6428
ERR13927339.9096	1557	20.3096
ERR13927339.9097	1603	20.4679
ERR13927339.9098	1528	15.1616
ERR13927339.9099	1559	19.6094
ERR13927339.9100	1596	14.4875
ERR13927339.9101	1608	18.1157
ERR13927339.9102	1556	18.8393
ERR13927339.9103	1498	15.1829
ERR13927339.9104	1578	19.9056
ERR13927339.9105	1564	18.9431
ERR13927339.9106	1544	21.0382
ERR13927339.9107	1508	15.8408
ERR13927339.9108	1606	20.4203
ERR13927339.9109	1599	19.7617
ERR13927339.9110	1558	18.4711
ERR13927339.9111	1503	15.8836
ERR13927339.9112	1589	16.3077
ERR13927339.9113	1622	17.8144
ERR13927339.9114	1585	18.8820
ERR13927339.9115	1548	15.7164
ERR13927339.9116	1537	17.9499
ERR13927339.9117	1568	16.6480
ERR13927339.9118	1562	19.0038
ERR13927339.9119	1592	19.7104
ERR13927339.9120	1578	19.9100
ERR13927339.9121	1532	16.8166
ERR13927339.9122	1591	18.1402
ERR13927339.9123	1567	20.0121
ERR13927339.9124	1559	15.9820
ERR13927339.9125	1575	16.1657
ERR13927339.9126	1571	19.4729
ERR13927339.9127	1571	18.1674
ERR13927339.9128	1564	19.3012
ERR13927339.9129	1623	20.1892
ERR13927339.9130	1614	19.8290
ERR13927339.9131	1578	19.1286
ERR13927339.9132	1507	13.8507
ERR13927339.9133	1523	16.1681
ERR13927339.9134	1503	16.9042
ERR13927339.9135	1568	20.0198
ERR13927339.9136	1525	16.0052
ERR13927339.9137	1395	15.3312
ERR13927339.9138	1586	16.7579
ERR13927339.9139	1564	21.8024
ERR13927339.9140	1578	17.8669
ERR13927339.9141	1578	17.6635
ERR13927339.9142	1567	18.0849
ERR13927339.9143	1536	18.8021
ERR13927339.9144	1596	20.2945
ERR13927339.9145	1524	15.6207
ERR13927339.9146	1559	14.7043
ERR13927339.9147	1632	18.0190
ERR13927339.9148	1612	17.9417
ERR13927339.9149	1565	18.4383
ERR13927339.9150	1569	16.8190
ERR13927339.9151	1567	16.4040
ERR13927339.9152	1607	18.9975
ERR13927339.9153	1474	17.1520
ERR13927339.9154	1550	15.4200
ERR13927339.9155	1615	18.1851
ERR13927339.9156	1601	16.5522
ERR13927339.9157	1567	16.3369
ERR13927339.9158	1033	18.0794
ERR13927339.9159	1546	16.8907
ERR13927339.9160	1504	16.5851
ERR13927339.9161	1571	18.4360
ERR13927339.9162	1581	18.2283
ERR13927339.9163	1567	15.6650
ERR13927339.9164	1602	19.9263
ERR13927339.9165	1550	19.0148
ERR13927339.9166	1559	19.7595
ERR13927339.9167	1575	19.2705
ERR13927339.9168	1123	17.3313
ERR13927339.9169	1554	16.4633
ERR13927339.9170	1567	19.3848
ERR13927339.9171	645	18.8744
ERR13927339.9172	1545	21.0848
ERR13927339.9173	1564	14.6087
ERR13927339.9174	1571	17.6709
ERR13927339.9175	1549	19.1375
ERR13927339.9176	1548	18.9910
ERR13927339.9177	1508	16.1379
ERR13927339.9178	1595	16.9298
ERR13927339.9179	1561	18.9013
ERR13927339.9180	1554	20.3816
ERR13927339.9181	1544	17.4935
ERR13927339.9182	1550	18.8503
ERR13927339.9183	1587	17.8355
ERR13927339.9184	1284	18.9408
ERR13927339.9185	1578	19.7003
ERR13927339.9186	1500	15.5627
ERR13927339.9187	1545	20.3430
ERR13927339.9188	1572	16.7704
ERR13927339.9189	1543	17.5872
ERR13927339.9190	1538	17.5839
ERR13927339.9191	1529	17.0746
ERR13927339.9192	1477	17.2295
ERR13927339.9193	1559	16.4176
ERR13927339.9194	1567	19.0593
ERR13927339.9195	1608	18.2432
ERR13927339.9196	1634	18.2778
ERR13927339.9197	1577	16.6290
ERR13927339.9198	1569	17.7196
ERR13927339.9199	1552	19.8473
ERR13927339.9200	1565	19.2984
ERR13927339.9201	1570	19.6962
ERR13927339.9202	1562	20.5999
ERR13927339.9203	1549	17.6585
ERR13927339.9204	1566	18.5524
ERR13927339.9205	1586	19.2818
ERR13927339.9206	1504	15.7374
ERR13927339.9207	1575	17.6044
ERR13927339.9208	1615	20.7381
ERR13927339.9209	1555	19.2103
ERR13927339.9210	1581	21.9133
ERR13927339.9211	1521	16.4898
ERR13927339.9212	1576	18.3211
ERR13927339.9213	1568	17.0293
ERR13927339.9214	1554	16.5811
ERR13927339.9215	1551	18.2740
ERR13927339.9216	1527	15.2056
ERR13927339.9217	1550	16.8748
ERR13927339.9218	1710	16.3357
ERR13927339.9219	1555	20.6971
ERR13927339.9220	1540	15.2526
ERR13927339.9221	1550	17.6858
ERR13927339.9222	1531	16.6029
ERR13927339.9223	1525	18.5298
ERR13927339.9224	1560	17.8776
ERR13927339.9225	1566	20.4093
ERR13927339.9226	1573	20.0744
ERR13927339.9227	1482	14.7733
ERR13927339.9228	1554	19.3880
ERR13927339.9229	1575	18.2724
ERR13927339.9230	1560	18.2487
ERR13927339.9231	1554	19.0103
ERR13927339.9232	1541	19.3063
ERR13927339.9233	1572	20.3117
ERR13927339.9234	534	15.6985
ERR13927339.9235	1516	15.9631
ERR13927339.9236	1625	17.7471
ERR13927339.9237	1585	19.5256
ERR13927339.9238	1545	18.9061
ERR13927339.9239	1576	15.5622
ERR13927339.9240	1578	18.7471
ERR13927339.9241	680	19.3735
ERR13927339.9242	1552	19.4323
ERR13927339.9243	1550	20.6439
ERR13927339.9244	1555	19.2071
ERR13927339.9245	1565	18.3591
ERR13927339.9246	1523	21.3493
ERR13927339.9247	1562	18.5467
ERR13927339.9248	1566	18.1928
ERR13927339.9249	1569	18.4799
ERR13927339.9250	1560	19.0596
ERR13927339.9251	1574	16.0654
ERR13927339.9252	1573	20.7012
ERR13927339.9253	1528	17.1401
ERR13927339.9254	1535	18.8632
ERR13927339.9255	1024	20.2676
ERR13927339.9256	1561	20.0775
ERR13927339.9257	1588	20.1304
ERR13927339.9258	1576	17.8128
ERR13927339.9259	191	13.3351
ERR13927339.9260	1572	18.5954
ERR13927339.9261	841	22.1986
ERR13927339.9262	1594	16.9755
ERR13927339.9263	1565	19.6863
ERR13927339.9264	1465	17.6894
ERR13927339.9265	1577	19.2378
ERR13927339.9266	1560	19.5038
ERR13927339.9267	1605	20.6012
ERR13927339.9268	1506	16.0219
ERR13927339.9269	1505	14.8651
ERR13927339.9270	1549	19.9638
ERR13927339.9271	1588	17.7494
ERR13927339.9272	1539	18.0396
ERR13927339.9273	1551	15.4919
ERR13927339.9274	1597	19.5341
ERR13927339.9275	1542	20.0363
ERR13927339.9276	1576	14.8109
ERR13927339.9277	1661	19.8170
ERR13927339.9278	1567	18.3472
ERR13927339.9279	1526	15.2077
ERR13927339.9280	1508	18.7387
ERR13927339.9281	1564	17.4872
ERR13927339.9282	1597	18.2924
ERR13927339.9283	1579	18.5795
ERR13927339.9284	1584	18.2285
ERR13927339.9285	1599	16.2602
ERR13927339.9286	1617	18.3445
ERR13927339.9287	1602	18.7054
ERR13927339.9288	1538	17.7861
ERR13927339.9289	1541	17.3816
ERR13927339.9290	1553	15.6207
ERR13927339.9291	1558	16.6207
ERR13927339.9292	1553	20.3278
ERR13927339.9293	1542	18.7821
ERR13927339.9294	1576	16.5222
ERR13927339.9295	1567	20.3306
ERR13927339.9296	1552	20.2184
ERR13927339.9297	1559	18.3445
ERR13927339.9298	1567	18.1021
ERR13927339.9299	1552	19.2088
ERR13927339.9300	1585	18.8593
ERR13927339.9301	1563	18.7025
ERR13927339.9302	1577	17.4375
ERR13927339.9303	1601	17.6340
ERR13927339.9304	1540	19.5279
ERR13927339.9305	1558	15.6463
ERR13927339.9306	1619	19.0525
ERR13927339.9307	1580	18.1867
ERR13927339.9308	1561	19.7406
ERR13927339.9309	1516	15.9175
ERR13927339.9310	1551	14.5945
ERR13927339.9311	1609	17.8645
ERR13927339.9312	1595	18.1028
ERR13927339.9313	1590	15.3541
ERR13927339.9314	1550	19.0065
ERR13927339.9315	1464	16.9406
ERR13927339.9316	1523	15.5785
ERR13927339.9317	1532	16.5352
ERR13927339.9318	1536	15.6960
ERR13927339.9319	1578	18.3682
ERR13927339.9320	1558	20.9570
ERR13927339.9321	1601	20.0462
ERR13927339.9322	1585	18.1243
ERR13927339.9323	1527	16.7158
ERR13927339.9324	1571	15.2323
ERR13927339.9325	1546	17.4127
ERR13927339.9326	1576	17.6802
ERR13927339.9327	1536	15.9421
ERR13927339.9328	1600	19.3106
ERR13927339.9329	1535	18.1837
ERR13927339.9330	1582	20.5424
ERR13927339.9331	1553	17.7006
ERR13927339.9332	1610	18.4932
ERR13927339.9333	1567	16.9036
ERR13927339.9334	270	13.5370
ERR13927339.9335	1558	17.7041
ERR13927339.9336	1570	19.3127
ERR13927339.9337	1600	19.3863
ERR13927339.9338	1406	16.6999
ERR13927339.9339	1635	20.4569
ERR13927339.9340	1551	18.4539
ERR13927339.9341	1543	15.9598
ERR13927339.9342	1579	19.4959
ERR13927339.9343	1556	17.9229
ERR13927339.9344	1379	16.5794
ERR13927339.9345	1574	17.5260
ERR13927339.9346	1576	18.6409
ERR13927339.9347	1567	19.5035
ERR13927339.9348	1517	17.7034
ERR13927339.9349	1595	20.3361
ERR13927339.9350	1554	18.0553
ERR13927339.9351	1607	20.8824
ERR13927339.9352	1526	16.6979
ERR13927339.9353	1594	16.7961
ERR13927339.9354	1575	17.4902
ERR13927339.9355	1576	18.7113
ERR13927339.9356	1573	15.0451
ERR13927339.9357	1541	17.8001
ERR13927339.9358	1600	14.3087
ERR13927339.9359	1058	18.1720
ERR13927339.9360	1566	18.6117
ERR13927339.9361	1557	17.1606
ERR13927339.9362	1598	20.7403
ERR13927339.9363	1582	19.4937
ERR13927339.9364	1515	15.7116
ERR13927339.9365	1470	13.2116
ERR13927339.9366	1589	19.7093
ERR13927339.9367	1590	18.5119
ERR13927339.9368	1552	18.5709
ERR13927339.9369	1608	20.4017
ERR13927339.9370	1558	16.6470
ERR13927339.9371	1584	17.7374
ERR13927339.9372	1560	17.8731
ERR13927339.9373	1539	15.6374
ERR13927339.9374	1563	16.6129
ERR13927339.9375	1525	15.5075
ERR13927339.9376	1617	20.7007
ERR13927339.9377	1573	19.6345
ERR13927339.9378	1565	19.2409
ERR13927339.9379	1564	18.7999
ERR13927339.9380	613	17.1566
ERR13927339.9381	1570	17.8662
ERR13927339.9382	1565	17.9144
ERR13927339.9383	1555	19.7672
ERR13927339.9384	1570	17.2108
ERR13927339.9385	1551	16.6061
ERR13927339.9386	1577	20.3386
ERR13927339.9387	1563	17.3468
ERR13927339.9388	1599	17.6123
ERR13927339.9389	1564	15.4412
ERR13927339.9390	1668	18.3777
ERR13927339.9391	679	20.2872
ERR13927339.9392	1573	18.8951
ERR13927339.9393	1543	15.3279
ERR13927339.9394	804	15.7612
ERR13927339.9395	1595	17.7110
ERR13927339.9396	1564	19.3824
ERR13927339.9397	1534	17.9361
ERR13927339.9398	1571	15.3864
ERR13927339.9399	1321	15.9001
ERR13927339.9400	1567	19.1576
ERR13927339.9401	1564	18.9092
ERR13927339.9402	1564	18.9898
ERR13927339.9403	1540	17.2656
ERR13927339.9404	1537	17.8289
ERR13927339.9405	1573	17.7050
ERR13927339.9406	821	15.6358
ERR13927339.9407	1582	20.0746
ERR13927339.9408	1595	19.1906
ERR13927339.9409	1574	19.7325
ERR13927339.9410	1557	17.0437
ERR13927339.9411	1562	18.0154
ERR13927339.9412	1574	19.8374
ERR13927339.9413	1593	18.4074
ERR13927339.9414	1606	19.3661
ERR13927339.9415	1557	17.3507
ERR13927339.9416	1572	17.9377
ERR13927339.9417	1518	17.0481
ERR13927339.9418	1514	15.4960
ERR13927339.9419	1453	17.4432
ERR13927339.9420	1564	17.9795
ERR13927339.9421	1549	18.4067
ERR13927339.9422	1596	19.4649
ERR13927339.9423	1613	16.7688
ERR13927339.9424	1553	17.0876
ERR13927339.9425	1600	15.2731
ERR13927339.9426	1516	16.3516
ERR13927339.9427	1549	20.1588
ERR13927339.9428	1590	21.0585
ERR13927339.9429	1558	17.2426
ERR13927339.9430	1545	20.6485
ERR13927339.9431	1550	17.9729
ERR13927339.9432	1517	15.9038
ERR13927339.9433	1545	19.3786
ERR13927339.9434	1595	14.2558
ERR13927339.9435	1619	14.8950
ERR13927339.9436	1575	19.9251
ERR13927339.9437	1575	21.4514
ERR13927339.9438	1569	19.4187
ERR13927339.9439	1571	21.4125
ERR13927339.9440	1563	20.1344
ERR13927339.9441	1572	18.1069
ERR13927339.9442	1570	18.5726
ERR13927339.9443	1609	19.5842
ERR13927339.9444	1524	15.6352
ERR13927339.9445	1618	18.9054
ERR13927339.9446	1583	18.4529
ERR13927339.9447	1564	16.2193
ERR13927339.9448	1545	18.8887
ERR13927339.9449	1586	18.7938
ERR13927339.9450	1535	18.3186
ERR13927339.9451	1557	17.4881
ERR13927339.9452	1548	19.0924
ERR13927339.9453	1527	15.8068
ERR13927339.9454	1611	16.9944
ERR13927339.9455	1629	18.2756
ERR13927339.9456	1566	18.0383
ERR13927339.9457	1496	14.4686
ERR13927339.9458	1549	18.0691
ERR13927339.9459	1565	17.7930
ERR13927339.9460	1581	20.2214
ERR13927339.9461	1502	18.9261
ERR13927339.9462	1585	17.5098
ERR13927339.9463	1568	18.5982
ERR13927339.9464	1551	20.0567
ERR13927339.9465	1601	20.0075
ERR13927339.9466	1579	19.0386
ERR13927339.9467	1577	17.6861
ERR13927339.9468	1544	17.7163
ERR13927339.9469	1560	18.3462
ERR13927339.9470	1571	18.6009
ERR13927339.9471	1521	18.3136
ERR13927339.9472	1576	19.9042
ERR13927339.9473	1561	18.1294
ERR13927339.9474	1166	15.1750
ERR13927339.9475	1557	18.3031
ERR13927339.9476	1568	17.6601
ERR13927339.9477	1558	16.2279
ERR13927339.9478	1574	19.3100
ERR13927339.9479	1628	18.4048
ERR13927339.9480	1636	19.5880
ERR13927339.9481	1583	16.7246
ERR13927339.9482	1547	15.3070
ERR13927339.9483	1567	18.8685
ERR13927339.9484	1575	17.3638
ERR13927339.9485	1208	15.4561
ERR13927339.9486	1547	18.2954
ERR13927339.9487	1583	18.0379
ERR13927339.9488	1611	19.1465
ERR13927339.9489	1543	17.3739
ERR13927339.9490	1526	15.5059
ERR13927339.9491	1622	20.6535
ERR13927339.9492	1588	17.7947
ERR13927339.9493	1575	19.0717
ERR13927339.9494	1569	19.7355
ERR13927339.9495	1574	17.7008
ERR13927339.9496	1555	18.9749
ERR13927339.9497	1570	19.4076
ERR13927339.9498	1566	19.4432
ERR13927339.9499	1528	16.7356
ERR13927339.9500	1517	16.7423
ERR13927339.9501	1544	19.4553
ERR13927339.9502	1585	17.1685
ERR13927339.9503	1560	18.6109
ERR13927339.9504	1580	14.9930
ERR13927339.9505	1570	17.6045
ERR13927339.9506	1542	17.5091
ERR13927339.9507	1573	14.9530
ERR13927339.9508	1436	17.1866
ERR13927339.9509	1581	19.2296
ERR13927339.9510	1550	16.6368
ERR13927339.9511	1517	16.0850
ERR13927339.9512	1545	16.2731
ERR13927339.9513	1542	17.8658
ERR13927339.9514	1538	19.8830
ERR13927339.9515	269	11.7286
ERR13927339.9516	1587	18.3875
ERR13927339.9517	1453	15.0220
ERR13927339.9518	1621	17.2437
ERR13927339.9519	1605	15.0579
ERR13927339.9520	1521	18.0579
ERR13927339.9521	1592	20.6187
ERR13927339.9522	1559	20.2707
ERR13927339.9523	1634	19.9896
ERR13927339.9524	1590	17.5497
ERR13927339.9525	1558	15.6836
ERR13927339.9526	1565	16.4345
ERR13927339.9527	1585	15.2662
ERR13927339.9528	1195	17.6167
ERR13927339.9529	1609	18.9981
ERR13927339.9530	1614	19.1580
ERR13927339.9531	1531	14.9817
ERR13927339.9532	1538	17.8797
ERR13927339.9533	1570	17.2790
ERR13927339.9534	1544	20.4268
ERR13927339.9535	1589	19.4726
ERR13927339.9536	1566	16.0351
ERR13927339.9537	1571	17.3705
ERR13927339.9538	1571	15.8574
ERR13927339.9539	1597	21.0895
ERR13927339.9540	1548	16.8779
ERR13927339.9541	1594	19.1418
ERR13927339.9542	1540	15.1682
ERR13927339.9543	1548	17.4890
ERR13927339.9544	1676	15.6724
ERR13927339.9545	1599	14.4359
ERR13927339.9546	1565	20.7495
ERR13927339.9547	1547	17.1215
ERR13927339.9548	1337	16.2109
ERR13927339.9549	1610	17.6944
ERR13927339.9550	1567	17.9706
ERR13927339.9551	1572	19.3581
ERR13927339.9552	1613	17.6435
ERR13927339.9553	1543	16.4673
ERR13927339.9554	1571	18.5118
ERR13927339.9555	843	17.1329
ERR13927339.9556	1599	19.7211
ERR13927339.9557	1608	18.5821
ERR13927339.9558	1615	17.8681
ERR13927339.9559	1567	20.9432
ERR13927339.9560	1549	15.8373
ERR13927339.9561	1578	20.8929
ERR13927339.9562	1555	14.7370
ERR13927339.9563	1639	18.5149
ERR13927339.9564	1554	19.7606
ERR13927339.9565	1575	16.1708
ERR13927339.9566	1553	19.2962
ERR13927339.9567	1593	20.3691
ERR13927339.9568	1547	18.0569
ERR13927339.9569	1523	16.7702
ERR13927339.9570	1579	16.5529
ERR13927339.9571	1427	19.7393
ERR13927339.9572	1590	18.9195
ERR13927339.9573	1572	19.6775
ERR13927339.9574	1565	17.8812
ERR13927339.9575	1581	15.7071
ERR13927339.9576	1568	16.8642
ERR13927339.9577	1521	17.2492
ERR13927339.9578	1555	16.6637
ERR13927339.9579	533	16.7730
ERR13927339.9580	1594	17.9322
ERR13927339.9581	1581	20.6584
ERR13927339.9582	1612	17.9653
ERR13927339.9583	1636	19.0856
ERR13927339.9584	1566	15.4374
ERR13927339.9585	1569	19.2900
ERR13927339.9586	1563	16.0979
ERR13927339.9587	1597	17.3100
ERR13927339.9588	1584	16.6540
ERR13927339.9589	1528	16.0622
ERR13927339.9590	1581	17.5066
ERR13927339.9591	1590	16.2031
ERR13927339.9592	1554	19.3378
ERR13927339.9593	1607	18.7946
ERR13927339.9594	1659	20.0615
ERR13927339.9595	1554	16.4865
ERR13927339.9596	1581	20.4997
ERR13927339.9597	1566	18.5370
ERR13927339.9598	1543	17.7991
ERR13927339.9599	1603	16.4304
ERR13927339.9600	1565	19.0888
ERR13927339.9601	772	15.8938
ERR13927339.9602	1548	18.1944
ERR13927339.9603	1551	16.4268
ERR13927339.9604	1585	17.7546
ERR13927339.9605	1558	18.1951
ERR13927339.9606	1582	16.2358
ERR13927339.9607	1548	16.5394
ERR13927339.9608	1571	16.4227
ERR13927339.9609	1539	17.3268
ERR13927339.9610	1528	18.6623
ERR13927339.9611	1538	17.5631
ERR13927339.9612	1563	17.6833
ERR13927339.9613	1571	16.0127
ERR13927339.9614	1564	17.9642
ERR13927339.9615	1582	19.0898
ERR13927339.9616	1569	19.0816
ERR13927339.9617	1556	17.2513
ERR13927339.9618	1615	16.9672
ERR13927339.9619	1580	20.4994
ERR13927339.9620	1552	17.8537
ERR13927339.9621	1599	18.1157
ERR13927339.9622	1571	20.7244
ERR13927339.9623	1558	20.2837
ERR13927339.9624	1593	19.3126
ERR13927339.9625	1583	18.3140
ERR13927339.9626	1578	18.1229
ERR13927339.9627	1585	18.9369
ERR13927339.9628	1608	19.6698
ERR13927339.9629	1569	19.2199
ERR13927339.9630	1574	18.6182
ERR13927339.9631	1569	16.8375
ERR13927339.9632	1572	15.7595
ERR13927339.9633	1575	19.0863
ERR13927339.9634	1560	15.2718
ERR13927339.9635	1568	19.7251
ERR13927339.9636	1615	18.4960
ERR13927339.9637	1578	20.6039
ERR13927339.9638	1612	16.1793
ERR13927339.9639	1603	18.6625
ERR13927339.9640	660	16.9152
ERR13927339.9641	1576	17.6605
ERR13927339.9642	1560	20.0840
ERR13927339.9643	1601	18.3142
ERR13927339.9644	1547	16.9819
ERR13927339.9645	1561	17.3792
ERR13927339.9646	1574	16.8253
ERR13927339.9647	1567	17.8271
ERR13927339.9648	1574	21.1055
ERR13927339.9649	1545	18.6686
ERR13927339.9650	1566	21.8238
ERR13927339.9651	1658	17.3010
ERR13927339.9652	1549	20.1085
ERR13927339.9653	1566	18.0696
ERR13927339.9654	1826	18.5444
ERR13927339.9655	1513	16.5995
ERR13927339.9656	1596	18.7976
ERR13927339.9657	1528	14.3658
ERR13927339.9658	1572	18.7430
ERR13927339.9659	1574	19.6353
ERR13927339.9660	1547	15.3439
ERR13927339.9661	1547	18.2017
ERR13927339.9662	1549	16.9858
ERR13927339.9663	1505	18.2870
ERR13927339.9664	372	18.1774
ERR13927339.9665	1531	18.0901
ERR13927339.9666	1580	17.3797
ERR13927339.9667	1564	18.9610
ERR13927339.9668	1590	21.7597
ERR13927339.9669	1555	18.8418
ERR13927339.9670	1622	20.1547
ERR13927339.9671	1606	19.4091
ERR13927339.9672	1589	20.4122
ERR13927339.9673	1549	17.4571
ERR13927339.9674	1419	15.6716
ERR13927339.9675	1602	18.8614
ERR13927339.9676	1592	18.2098
ERR13927339.9677	1825	19.1452
ERR13927339.9678	1583	18.1207
ERR13927339.9679	1561	18.3382
ERR13927339.9680	1090	17.1119
ERR13927339.9681	1620	19.6981
ERR13927339.9682	1602	16.0194
ERR13927339.9683	1564	19.5620
ERR13927339.9684	1554	17.7194
ERR13927339.9685	1619	20.3854
ERR13927339.9686	1555	14.9350
ERR13927339.9687	1655	19.3329
ERR13927339.9688	1590	16.1333
ERR13927339.9689	1403	19.6871
ERR13927339.9690	1582	19.9842
ERR13927339.9691	1575	21.0832
ERR13927339.9692	1575	17.3263
ERR13927339.9693	1571	16.8644
ERR13927339.9694	1584	19.4072
ERR13927339.9695	1588	19.3558
ERR13927339.9696	1582	18.1340
ERR13927339.9697	248	14.4556
ERR13927339.9698	1579	16.6536
ERR13927339.9699	1552	17.9156
ERR13927339.9700	1576	16.1567
ERR13927339.9701	1574	17.0673
ERR13927339.9702	1625	19.6566
ERR13927339.9703	1566	16.4189
ERR13927339.9704	1591	19.6153
ERR13927339.9705	1593	18.7207
ERR13927339.9706	1549	15.4584
ERR13927339.9707	1531	18.8504
ERR13927339.9708	1581	19.5136
ERR13927339.9709	1565	18.4403
ERR13927339.9710	1537	17.1692
ERR13927339.9711	1591	20.2828
ERR13927339.9712	1599	17.9049
ERR13927339.9713	1626	19.6064
ERR13927339.9714	1549	19.7437
ERR13927339.9715	1554	14.9807
ERR13927339.9716	1586	18.2932
ERR13927339.9717	1591	19.2828
ERR13927339.9718	1570	20.9019
ERR13927339.9719	1576	18.2176
ERR13927339.9720	1576	18.9385
ERR13927339.9721	1606	20.4166
ERR13927339.9722	1571	21.2737
ERR13927339.9723	1566	18.1437
ERR13927339.9724	1623	18.6032
ERR13927339.9725	1575	16.2470
ERR13927339.9726	1557	17.3404
ERR13927339.9727	1555	17.1453
ERR13927339.9728	1589	16.2505
ERR13927339.9729	1589	17.2505
ERR13927339.9730	1567	21.1742
ERR13927339.9731	1597	19.8165
ERR13927339.9732	1591	19.8378
ERR13927339.9733	1563	15.4709
ERR13927339.9734	1553	17.6600
ERR13927339.9735	1556	17.6433
ERR13927339.9736	1553	16.4681
ERR13927339.9737	1565	19.3546
ERR13927339.9738	1579	19.0678
ERR13927339.9739	1575	21.3105
ERR13927339.9740	1576	18.9860
ERR13927339.9741	1575	18.6667
ERR13927339.9742	1603	18.4791
ERR13927339.9743	1557	15.6647
ERR13927339.9744	1596	17.1516
ERR13927339.9745	1563	17.1651
ERR13927339.9746	1596	15.9881
ERR13927339.9747	1581	19.2694
ERR13927339.9748	1575	18.9581
ERR13927339.9749	1616	19.4233
ERR13927339.9750	1526	17.4482
ERR13927339.9751	1621	20.2727
ERR13927339.9752	1615	18.5146
ERR13927339.9753	1489	17.0826
ERR13927339.9754	1563	15.6711
ERR13927339.9755	1558	19.6091
ERR13927339.9756	1568	19.6492
ERR13927339.9757	1589	19.8162
ERR13927339.9758	1091	14.3914
ERR13927339.9759	905	15.3978
ERR13927339.9760	1552	18.6327
ERR13927339.9761	1587	20.0038
ERR13927339.9762	1501	16.5996
ERR13927339.9763	1560	15.9910
ERR13927339.9764	1558	14.8915
ERR13927339.9765	1580	15.8449
ERR13927339.9766	1358	19.7401
ERR13927339.9767	1578	19.1451
ERR13927339.9768	1575	18.5016
ERR13927339.9769	906	18.4260
ERR13927339.9770	1608	15.3557
ERR13927339.9771	1403	15.2787
ERR13927339.9772	1573	19.3725
ERR13927339.9773	1554	16.1190
ERR13927339.9774	1588	18.6102
ERR13927339.9775	3295	18.6294
ERR13927339.9776	1568	18.0804
ERR13927339.9777	1612	19.4727
ERR13927339.9778	1589	18.7093
ERR13927339.9779	1547	16.0853
ERR13927339.9780	1609	17.9540
ERR13927339.9781	1562	18.5128
ERR13927339.9782	1472	16.1427
ERR13927339.9783	1557	20.8439
ERR13927339.9784	1587	16.0479
ERR13927339.9785	1532	17.1090
ERR13927339.9786	1512	14.6501
ERR13927339.9787	1539	17.5809
ERR13927339.9788	1550	19.4510
ERR13927339.9789	1588	19.2223
ERR13927339.9790	1567	20.4761
ERR13927339.9791	1524	15.0486
ERR13927339.9792	1601	16.0012
ERR13927339.9793	1596	14.5670
ERR13927339.9794	1514	16.8956
ERR13927339.9795	1603	17.4598
ERR13927339.9796	1564	18.6221
ERR13927339.9797	1529	15.1216
ERR13927339.9798	885	18.6305
ERR13927339.9799	1558	16.4615
ERR13927339.9800	1529	18.0922
ERR13927339.9801	1513	15.8777
ERR13927339.9802	1539	16.2248
ERR13927339.9803	1533	16.8800
ERR13927339.9804	1552	15.9543
ERR13927339.9805	570	16.1140
ERR13927339.9806	1508	16.2487
ERR13927339.9807	1560	19.1641
ERR13927339.9808	1581	20.9342
ERR13927339.9809	1575	16.3200
ERR13927339.9810	1584	19.0417
ERR13927339.9811	1532	18.8068
ERR13927339.9812	1548	17.3592
ERR13927339.9813	1592	18.5622
ERR13927339.9814	1570	20.1204
ERR13927339.9815	1569	15.5634
ERR13927339.9816	1564	18.3331
ERR13927339.9817	1553	16.7244
ERR13927339.9818	1560	18.0128
ERR13927339.9819	1610	18.6143
ERR13927339.9820	1565	19.7310
ERR13927339.9821	1548	17.6925
ERR13927339.9822	1595	17.3561
ERR13927339.9823	1538	16.0052
ERR13927339.9824	1573	19.0610
ERR13927339.9825	1305	18.3594
ERR13927339.9826	1558	19.7157
ERR13927339.9827	1565	16.2051
ERR13927339.9828	1584	16.9053
ERR13927339.9829	1579	18.4155
ERR13927339.9830	675	19.2948
ERR13927339.9831	1540	17.3838
ERR13927339.9832	1582	19.4115
ERR13927339.9833	1555	18.5357
ERR13927339.9834	1606	19.5479
ERR13927339.9835	1586	18.1412
ERR13927339.9836	1579	18.3072
ERR13927339.9837	1560	17.8526
ERR13927339.9838	1555	16.5685
ERR13927339.9839	1550	16.8265
ERR13927339.9840	1592	15.0578
ERR13927339.9841	1575	18.7213
ERR13927339.9842	1531	14.5820
ERR13927339.9843	1561	16.6348
ERR13927339.9844	1538	14.3225
ERR13927339.9845	1536	18.7435
ERR13927339.9846	1558	17.0687
ERR13927339.9847	1538	16.2919
ERR13927339.9848	1401	15.2769
ERR13927339.9849	706	14.1856
ERR13927339.9850	1583	20.8212
ERR13927339.9851	1562	17.5147
ERR13927339.9852	1560	19.3071
ERR13927339.9853	1407	14.1805
ERR13927339.9854	1581	16.7976
ERR13927339.9855	1567	19.9253
ERR13927339.9856	1558	16.9012
ERR13927339.9857	1526	15.0144
ERR13927339.9858	1559	18.9403
ERR13927339.9859	1592	18.2475
ERR13927339.9860	1538	15.5904
ERR13927339.9861	1576	18.9860
ERR13927339.9862	1553	15.7257
ERR13927339.9863	1584	20.2746
ERR13927339.9864	911	17.8727
ERR13927339.9865	1617	19.3537
ERR13927339.9866	1556	14.1793
ERR13927339.9867	1557	19.7656
ERR13927339.9868	1555	20.3550
ERR13927339.9869	1147	16.1168
ERR13927339.9870	1584	18.4205
ERR13927339.9871	1580	18.1690
ERR13927339.9872	1550	14.7206
ERR13927339.9873	1555	14.9010
ERR13927339.9874	1546	18.9185
ERR13927339.9875	1510	17.0219
ERR13927339.9876	1577	15.5663
ERR13927339.9877	1502	17.0326
ERR13927339.9878	1582	19.3767
ERR13927339.9879	1558	20.1438
ERR13927339.9880	1595	16.0414
ERR13927339.9881	1555	18.6502
ERR13927339.9882	1537	16.7541
ERR13927339.9883	1607	21.0853
ERR13927339.9884	1564	16.6841
ERR13927339.9885	1590	17.6597
ERR13927339.9886	1576	17.8179
ERR13927339.9887	1543	19.1568
ERR13927339.9888	1579	17.8784
ERR13927339.9889	1608	17.5858
ERR13927339.9890	1569	15.4888
ERR13927339.9891	1595	16.5668
ERR13927339.9892	1557	15.6333
ERR13927339.9893	1599	20.1945
ERR13927339.9894	1625	18.5902
ERR13927339.9895	1576	20.0895
ERR13927339.9896	1560	20.8058
ERR13927339.9897	1564	20.8446
ERR13927339.9898	1558	18.4461
ERR13927339.9899	1560	16.0891
ERR13927339.9900	1543	18.4038
ERR13927339.9901	1557	20.4162
ERR13927339.9902	1569	22.5793
ERR13927339.9903	1538	16.4291
ERR13927339.9904	1525	17.1987
ERR13927339.9905	1579	15.9303
ERR13927339.9906	1554	19.2233
ERR13927339.9907	1569	17.2537
ERR13927339.9908	1581	21.6034
ERR13927339.9909	1638	17.2717
ERR13927339.9910	1605	19.6106
ERR13927339.9911	1588	16.2746
ERR13927339.9912	1605	17.0006
ERR13927339.9913	1571	19.4456
ERR13927339.9914	1508	15.0385
ERR13927339.9915	1565	15.4064
ERR13927339.9916	1539	20.4087
ERR13927339.9917	1579	19.9354
ERR13927339.9918	1613	18.7260
ERR13927339.9919	1543	17.0078
ERR13927339.9920	1577	20.0070
ERR13927339.9921	1531	15.4624
ERR13927339.9922	1443	17.7713
ERR13927339.9923	1563	18.2067
ERR13927339.9924	1541	19.0532
ERR13927339.9925	1584	17.9186
ERR13927339.9926	1577	17.6100
ERR13927339.9927	1529	16.5540
ERR13927339.9928	1565	18.7687
ERR13927339.9929	1537	18.8328
ERR13927339.9930	1575	19.2260
ERR13927339.9931	1571	18.7358
ERR13927339.9932	1523	17.9849
ERR13927339.9933	1514	14.5000
ERR13927339.9934	1547	19.2107
ERR13927339.9935	1581	16.9614
ERR13927339.9936	1488	16.5161
ERR13927339.9937	1567	19.0198
ERR13927339.9938	1586	13.7787
ERR13927339.9939	1572	18.0267
ERR13927339.9940	1561	15.7489
ERR13927339.9941	1564	19.2980
ERR13927339.9942	1533	20.1129
ERR13927339.9943	1293	15.3387
ERR13927339.9944	1574	16.5851
ERR13927339.9945	1492	19.4759
ERR13927339.9946	1508	18.3760
ERR13927339.9947	1590	15.3862
ERR13927339.9948	1605	15.0947
ERR13927339.9949	1536	15.2643
ERR13927339.9950	1556	20.3413
ERR13927339.9951	1559	16.0911
ERR13927339.9952	1576	18.6961
ERR13927339.9953	1502	15.0406
ERR13927339.9954	1573	16.5722
ERR13927339.9955	1553	19.5963
ERR13927339.9956	1545	19.1573
ERR13927339.9957	1568	18.3591
ERR13927339.9958	1582	19.7680
ERR13927339.9959	1527	16.1886
ERR13927339.9960	1521	16.0230
ERR13927339.9961	1517	15.2221
ERR13927339.9962	1502	16.1045
ERR13927339.9963	1532	15.7415
ERR13927339.9964	1571	15.2877
ERR13927339.9965	1535	17.9570
ERR13927339.9966	1535	15.9238
ERR13927339.9967	1566	20.3672
ERR13927339.9968	1573	16.6249
ERR13927339.9969	1570	15.2860
ERR13927339.9970	1598	18.0313
ERR13927339.9971	1543	17.0467
ERR13927339.9972	1575	18.7962
ERR13927339.9973	1539	17.7875
ERR13927339.9974	1517	17.0059
ERR13927339.9975	1543	17.5723
ERR13927339.9976	1127	19.5164
ERR13927339.9977	1501	17.5836
ERR13927339.9978	1587	17.7902
ERR13927339.9979	1557	18.3250
ERR13927339.9980	1603	17.3631
ERR13927339.9981	1575	20.0863
ERR13927339.9982	1621	18.2511
ERR13927339.9983	1510	19.1993
ERR13927339.9984	1593	18.3120
ERR13927339.9985	1569	19.1695
ERR13927339.9986	1576	18.0343
ERR13927339.9987	1579	17.9455
ERR13927339.9988	1564	19.0473
ERR13927339.9989	1607	18.6590
ERR13927339.9990	1575	18.2533
ERR13927339.9991	1599	17.0888
ERR13927339.9992	1609	15.3487
ERR13927339.9993	1565	15.8837
ERR13927339.9994	1586	16.6444
ERR13927339.9995	1546	18.3881
ERR13927339.9996	1556	15.3271
ERR13927339.9997	1586	18.1040
ERR13927339.9998	1564	19.4783
ERR13927339.9999	1527	16.4276
ERR13927339.10000	1544	16.1289
ERR13927339.10001	1485	15.5785
ERR13927339.10002	1535	16.5700
ERR13927339.10003	1553	18.9839
ERR13927339.10004	1517	15.2050
ERR13927339.10005	1580	18.2873
ERR13927339.10006	1556	17.8477
ERR13927339.10007	1574	18.0635
ERR13927339.10008	1579	18.5079
ERR13927339.10009	1555	18.6122
ERR13927339.10010	1564	18.5262
ERR13927339.10011	1593	21.7671
ERR13927339.10012	1565	17.3796
ERR13927339.10013	1564	18.2372
ERR13927339.10014	1543	16.4349
ERR13927339.10015	1448	17.2320
ERR13927339.10016	1575	17.8768
ERR13927339.10017	1571	18.6238
ERR13927339.10018	1556	17.6234
ERR13927339.10019	1590	18.4302
ERR13927339.10020	1582	16.2668
ERR13927339.10021	1521	17.4484
ERR13927339.10022	1582	18.8167
ERR13927339.10023	1592	19.8989
ERR13927339.10024	1580	17.8057
ERR13927339.10025	1604	19.4439
ERR13927339.10026	1560	18.3288
ERR13927339.10027	1549	16.6533
ERR13927339.10028	1603	19.6475
ERR13927339.10029	1575	14.1778
ERR13927339.10030	1572	20.5573
ERR13927339.10031	1570	20.3962
ERR13927339.10032	1542	16.6725
ERR13927339.10033	1558	19.7580
ERR13927339.10034	1551	18.7485
ERR13927339.10035	1575	15.2051
ERR13927339.10036	1561	18.3472
ERR13927339.10037	1186	15.5683
ERR13927339.10038	1539	18.1878
ERR13927339.10039	1543	17.3189
ERR13927339.10040	1566	17.3697
ERR13927339.10041	1589	17.5016
ERR13927339.10042	1579	18.3559
ERR13927339.10043	1556	15.7629
ERR13927339.10044	1589	18.5664
ERR13927339.10045	278	13.6295
ERR13927339.10046	1569	17.7699
ERR13927339.10047	1612	16.7661
ERR13927339.10048	1579	17.7030
ERR13927339.10049	1591	20.4085
ERR13927339.10050	1559	15.9179
ERR13927339.10051	1539	18.3164
ERR13927339.10052	1580	19.7076
ERR13927339.10053	1581	16.9918
ERR13927339.10054	1567	17.2948
ERR13927339.10055	1591	17.2803
ERR13927339.10056	1549	18.3066
ERR13927339.10057	1546	16.5640
ERR13927339.10058	1538	19.1970
ERR13927339.10059	1490	16.4980
ERR13927339.10060	1532	16.2663
ERR13927339.10061	1582	19.4109
ERR13927339.10062	1563	17.8944
ERR13927339.10063	1582	14.4507
ERR13927339.10064	1547	16.1202
ERR13927339.10065	1555	18.9447
ERR13927339.10066	1572	16.2977
ERR13927339.10067	1587	18.3554
ERR13927339.10068	1492	15.6810
ERR13927339.10069	1525	19.5600
ERR13927339.10070	1194	17.3769
ERR13927339.10071	1548	18.9645
ERR13927339.10072	711	13.1983
ERR13927339.10073	1569	16.4806
ERR13927339.10074	1625	18.8388
ERR13927339.10075	1568	19.4751
ERR13927339.10076	1563	14.5086
ERR13927339.10077	1570	14.6586
ERR13927339.10078	903	15.1130
ERR13927339.10079	1550	17.8781
ERR13927339.10080	1604	20.2469
ERR13927339.10081	1538	16.6990
ERR13927339.10082	1558	17.8646
ERR13927339.10083	1585	18.7539
ERR13927339.10084	1589	19.2656
ERR13927339.10085	1557	18.6840
ERR13927339.10086	1561	19.8808
ERR13927339.10087	1553	19.2898
ERR13927339.10088	1566	16.5115
ERR13927339.10089	1503	15.4305
ERR13927339.10090	1658	17.5187
ERR13927339.10091	1571	19.0426
ERR13927339.10092	1452	15.7169
ERR13927339.10093	1580	20.4158
ERR13927339.10094	1560	18.9077
ERR13927339.10095	1577	15.5162
ERR13927339.10096	1570	17.7439
ERR13927339.10097	920	18.0304
ERR13927339.10098	1574	18.3926
ERR13927339.10099	1547	17.8242
ERR13927339.10100	1561	17.6009
ERR13927339.10101	1585	19.4391
ERR13927339.10102	1526	16.7706
ERR13927339.10103	1593	16.1394
ERR13927339.10104	1544	17.9216
ERR13927339.10105	1592	17.8976
ERR13927339.10106	1556	16.3143
ERR13927339.10107	1533	21.0228
ERR13927339.10108	1576	18.7151
ERR13927339.10109	1595	20.2771
ERR13927339.10110	1547	16.1538
ERR13927339.10111	1558	18.5995
ERR13927339.10112	1568	16.1728
ERR13927339.10113	1537	22.4125
ERR13927339.10114	1577	17.4864
ERR13927339.10115	1531	14.7218
ERR13927339.10116	1548	17.4864
ERR13927339.10117	1576	17.2874
ERR13927339.10118	1578	15.2636
ERR13927339.10119	1538	14.8108
ERR13927339.10120	1620	19.9265
ERR13927339.10121	1531	17.7120
ERR13927339.10122	1584	18.4956
ERR13927339.10123	1555	15.0553
ERR13927339.10124	1561	17.5964
ERR13927339.10125	1565	18.0927
ERR13927339.10126	1560	16.9077
ERR13927339.10127	1571	19.5780
ERR13927339.10128	1555	19.1666
ERR13927339.10129	1571	18.3183
ERR13927339.10130	1608	19.6878
ERR13927339.10131	1620	19.2414
ERR13927339.10132	1568	18.9228
ERR13927339.10133	1541	17.0448
ERR13927339.10134	1566	19.0083
ERR13927339.10135	1558	15.2182
ERR13927339.10136	1534	14.1565
ERR13927339.10137	1543	17.7803
ERR13927339.10138	1545	19.5748
ERR13927339.10139	1613	19.4396
ERR13927339.10140	2304	19.6732
ERR13927339.10141	1528	15.3200
ERR13927339.10142	1547	15.4615
ERR13927339.10143	1461	19.1697
ERR13927339.10144	1573	18.6370
ERR13927339.10145	1596	18.7964
ERR13927339.10146	1545	19.6401
ERR13927339.10147	1544	19.7662
ERR13927339.10148	1605	18.6498
ERR13927339.10149	1565	15.7770
ERR13927339.10150	1571	15.4946
ERR13927339.10151	372	18.4919
ERR13927339.10152	1569	18.5150
ERR13927339.10153	1544	19.2370
ERR13927339.10154	1615	18.8211
ERR13927339.10155	271	13.4170
ERR13927339.10156	1590	20.7566
ERR13927339.10157	1573	18.8633
ERR13927339.10158	996	14.9307
ERR13927339.10159	214	14.1168
ERR13927339.10160	1529	16.0739
ERR13927339.10161	1574	16.0578
ERR13927339.10162	1580	19.5215
ERR13927339.10163	1533	17.3542
ERR13927339.10164	1530	15.6333
ERR13927339.10165	1573	15.9663
ERR13927339.10166	1575	15.7016
ERR13927339.10167	1083	17.1413
ERR13927339.10168	1528	17.5039
ERR13927339.10169	1572	15.9542
ERR13927339.10170	1600	16.8906
ERR13927339.10171	1557	19.0546
ERR13927339.10172	1267	17.5951
ERR13927339.10173	1608	20.3856
ERR13927339.10174	1586	20.8562
ERR13927339.10175	1565	19.2843
ERR13927339.10176	1522	14.1235
ERR13927339.10177	1585	17.4599
ERR13927339.10178	1549	16.7095
ERR13927339.10179	1511	16.7472
ERR13927339.10180	610	14.8000
ERR13927339.10181	1475	18.0115
ERR13927339.10182	1557	17.3526
ERR13927339.10183	1632	17.1624
ERR13927339.10184	1579	14.8290
ERR13927339.10185	1547	17.9270
ERR13927339.10186	1576	19.8756
ERR13927339.10187	1576	19.0647
ERR13927339.10188	1111	17.6742
ERR13927339.10189	1555	17.1048
ERR13927339.10190	1544	16.6133
ERR13927339.10191	1589	18.4103
ERR13927339.10192	1160	16.5345
ERR13927339.10193	1562	18.0410
ERR13927339.10194	281	14.5409
ERR13927339.10195	1566	18.0645
ERR13927339.10196	1580	17.4778
ERR13927339.10197	1389	14.7725
ERR13927339.10198	1571	20.6454
ERR13927339.10199	1526	15.8637
ERR13927339.10200	1604	17.2537
ERR13927339.10201	1549	20.1762
ERR13927339.10202	1560	20.3974
ERR13927339.10203	1586	20.7270
ERR13927339.10204	1550	18.2019
ERR13927339.10205	1573	18.5639
ERR13927339.10206	1525	15.6951
ERR13927339.10207	1533	18.9928
ERR13927339.10208	1574	19.5597
ERR13927339.10209	1615	20.2489
ERR13927339.10210	1551	17.6306
ERR13927339.10211	1571	19.0840
ERR13927339.10212	1568	19.1505
ERR13927339.10213	1500	19.0273
ERR13927339.10214	1559	17.9968
ERR13927339.10215	1559	16.9942
ERR13927339.10216	1545	17.0052
ERR13927339.10217	1540	18.0805
ERR13927339.10218	1560	18.1385
ERR13927339.10219	1562	20.4315
ERR13927339.10220	1557	17.5787
ERR13927339.10221	1526	14.3814
ERR13927339.10222	1573	17.2982
ERR13927339.10223	1574	20.5781
ERR13927339.10224	1548	17.5549
ERR13927339.10225	1580	20.5108
ERR13927339.10226	1566	18.2746
ERR13927339.10227	1574	16.5413
ERR13927339.10228	1569	19.7113
ERR13927339.10229	1583	18.3816
ERR13927339.10230	1574	16.4098
ERR13927339.10231	1581	20.0443
ERR13927339.10232	1595	20.0094
ERR13927339.10233	1523	17.2173
ERR13927339.10234	1566	15.6686
ERR13927339.10235	1567	16.6477
ERR13927339.10236	1561	16.4696
ERR13927339.10237	1579	18.3205
ERR13927339.10238	1594	18.1976
ERR13927339.10239	1554	19.2323
ERR13927339.10240	1335	16.2487
ERR13927339.10241	1549	17.1595
ERR13927339.10242	1570	16.7382
ERR13927339.10243	186	14.4409
ERR13927339.10244	1571	18.4723
ERR13927339.10245	1618	17.6168
ERR13927339.10246	1565	18.7220
ERR13927339.10247	1585	18.1350
ERR13927339.10248	1548	16.2313
ERR13927339.10249	1508	16.0451
ERR13927339.10250	1522	16.4915
ERR13927339.10251	1582	18.0367
ERR13927339.10252	1575	17.3511
ERR13927339.10253	1558	15.5789
ERR13927339.10254	1506	17.3254
ERR13927339.10255	1612	19.7872
ERR13927339.10256	1540	14.8253
ERR13927339.10257	1582	16.7288
ERR13927339.10258	1594	15.6136
ERR13927339.10259	1525	15.2354
ERR13927339.10260	1579	17.1406
ERR13927339.10261	1561	18.1051
ERR13927339.10262	1581	17.6565
ERR13927339.10263	1577	16.7248
ERR13927339.10264	1533	18.3516
ERR13927339.10265	1588	15.0724
ERR13927339.10266	1542	19.7626
ERR13927339.10267	1576	18.6415
ERR13927339.10268	1539	16.8648
ERR13927339.10269	1553	15.9543
ERR13927339.10270	1529	16.7580
ERR13927339.10271	1503	17.9222
ERR13927339.10272	1554	17.5444
ERR13927339.10273	1544	16.3102
ERR13927339.10274	1587	18.8469
ERR13927339.10275	369	15.6287
ERR13927339.10276	1546	16.3997
ERR13927339.10277	1560	20.4686
ERR13927339.10278	1556	19.1375
ERR13927339.10279	1568	19.4126
ERR13927339.10280	1576	14.8522
ERR13927339.10281	1644	18.1940
ERR13927339.10282	1565	19.4696
ERR13927339.10283	1582	21.0272
ERR13927339.10284	1546	19.8713
ERR13927339.10285	1577	16.9613
ERR13927339.10286	1577	19.7996
ERR13927339.10287	1608	19.3315
ERR13927339.10288	1558	17.7516
ERR13927339.10289	1587	20.5495
ERR13927339.10290	1537	17.1679
ERR13927339.10291	1576	19.1745
ERR13927339.10292	1520	14.5421
ERR13927339.10293	1515	19.6429
ERR13927339.10294	1562	15.2497
ERR13927339.10295	1438	15.1898
ERR13927339.10296	1565	16.2121
ERR13927339.10297	1518	15.0270
ERR13927339.10298	1561	19.0711
ERR13927339.10299	1569	18.3990
ERR13927339.10300	1609	19.0926
ERR13927339.10301	1580	18.9051
ERR13927339.10302	1575	16.2527
ERR13927339.10303	1587	18.1997
ERR13927339.10304	1594	18.3375
ERR13927339.10305	1582	18.6713
ERR13927339.10306	1543	16.3208
ERR13927339.10307	1535	17.4730
ERR13927339.10308	1652	19.3426
ERR13927339.10309	1561	17.5381
ERR13927339.10310	1569	18.2543
ERR13927339.10311	1033	17.3475
ERR13927339.10312	1577	18.8370
ERR13927339.10313	1531	17.7113
ERR13927339.10314	1527	18.1860
ERR13927339.10315	1542	14.6226
ERR13927339.10316	1525	16.2321
ERR13927339.10317	1607	18.3572
ERR13927339.10318	1487	18.7801
ERR13927339.10319	1555	16.4495
ERR13927339.10320	1568	14.6575
ERR13927339.10321	1558	19.2670
ERR13927339.10322	1594	17.5558
ERR13927339.10323	1588	18.6209
ERR13927339.10324	1594	17.9900
ERR13927339.10325	1626	18.2718
ERR13927339.10326	1530	16.5340
ERR13927339.10327	1545	16.0790
ERR13927339.10328	1421	16.9775
ERR13927339.10329	1577	18.5973
ERR13927339.10330	1557	16.6275
ERR13927339.10331	1566	20.6890
ERR13927339.10332	1558	17.5083
ERR13927339.10333	1551	19.6338
ERR13927339.10334	1572	19.1864
ERR13927339.10335	1538	15.4590
ERR13927339.10336	1565	21.9642
ERR13927339.10337	1574	17.9409
ERR13927339.10338	1586	16.7705
ERR13927339.10339	1536	16.4271
ERR13927339.10340	1540	15.5766
ERR13927339.10341	1581	14.3321
ERR13927339.10342	1422	17.4895
ERR13927339.10343	1612	16.8524
ERR13927339.10344	1526	15.7654
ERR13927339.10345	1577	16.7318
ERR13927339.10346	1610	20.5807
ERR13927339.10347	1381	15.8733
ERR13927339.10348	1575	19.2698
ERR13927339.10349	1596	20.2513
ERR13927339.10350	1561	19.2601
ERR13927339.10351	1580	14.9399
ERR13927339.10352	1598	18.9255
ERR13927339.10353	1538	16.1990
ERR13927339.10354	1569	16.1173
ERR13927339.10355	1610	15.2503
ERR13927339.10356	1547	19.8474
ERR13927339.10357	1573	18.1119
ERR13927339.10358	1545	16.6330
ERR13927339.10359	1562	19.6453
ERR13927339.10360	1567	19.5437
ERR13927339.10361	1561	19.1787
ERR13927339.10362	1575	18.4108
ERR13927339.10363	1565	17.1617
ERR13927339.10364	1586	16.1009
ERR13927339.10365	1570	17.9178
ERR13927339.10366	1616	14.9920
ERR13927339.10367	1580	15.1411
ERR13927339.10368	339	15.4100
ERR13927339.10369	1576	20.9467
ERR13927339.10370	1542	17.4008
ERR13927339.10371	1549	18.6275
ERR13927339.10372	1543	20.6319
ERR13927339.10373	1527	16.3903
ERR13927339.10374	1520	18.5711
ERR13927339.10375	1546	18.6061
ERR13927339.10376	1522	15.6399
ERR13927339.10377	1564	16.0224
ERR13927339.10378	1610	18.6559
ERR13927339.10379	175	13.7200
ERR13927339.10380	1553	15.1545
ERR13927339.10381	1595	18.4602
ERR13927339.10382	1540	15.6838
ERR13927339.10383	1617	15.2987
ERR13927339.10384	1570	20.1764
ERR13927339.10385	1565	15.0748
ERR13927339.10386	1538	18.0754
ERR13927339.10387	1544	18.2979
ERR13927339.10388	1573	14.1812
ERR13927339.10389	1556	16.2249
ERR13927339.10390	1607	18.4194
ERR13927339.10391	1532	16.4367
ERR13927339.10392	1568	18.4872
ERR13927339.10393	1592	19.3266
ERR13927339.10394	1576	15.2075
ERR13927339.10395	1498	15.9005
ERR13927339.10396	1570	19.3777
ERR13927339.10397	1556	19.8265
ERR13927339.10398	1577	17.2067
ERR13927339.10399	1572	17.3887
ERR13927339.10400	1570	14.6223
ERR13927339.10401	1563	20.0301
ERR13927339.10402	1554	21.2632
ERR13927339.10403	1549	16.2963
ERR13927339.10404	1572	20.2945
ERR13927339.10405	1548	18.4432
ERR13927339.10406	1566	19.9840
ERR13927339.10407	1614	15.5737
ERR13927339.10408	1504	14.7839
ERR13927339.10409	1576	15.4994
ERR13927339.10410	1586	15.5958
ERR13927339.10411	1574	19.0928
ERR13927339.10412	1569	18.0102
ERR13927339.10413	988	16.4241
ERR13927339.10414	1576	20.9664
ERR13927339.10415	1553	15.3992
ERR13927339.10416	1511	18.0761
ERR13927339.10417	1556	19.8952
ERR13927339.10418	1554	17.2317
ERR13927339.10419	1566	18.8059
ERR13927339.10420	1578	15.2281
ERR13927339.10421	1581	18.1107
ERR13927339.10422	1561	19.0910
ERR13927339.10423	1519	14.6254
ERR13927339.10424	1556	14.8201
ERR13927339.10425	1586	18.6967
ERR13927339.10426	1565	18.3118
ERR13927339.10427	1487	19.5138
ERR13927339.10428	1554	19.4781
ERR13927339.10429	1547	18.7111
ERR13927339.10430	1540	16.3455
ERR13927339.10431	1530	16.8392
ERR13927339.10432	1576	18.7608
ERR13927339.10433	1557	17.7990
ERR13927339.10434	1605	19.7283
ERR13927339.10435	1544	15.7137
ERR13927339.10436	1571	16.7982
ERR13927339.10437	1554	19.1306
ERR13927339.10438	1590	17.6352
ERR13927339.10439	1526	16.1704
ERR13927339.10440	1594	14.3563
ERR13927339.10441	1454	15.1678
ERR13927339.10442	1563	19.0122
ERR13927339.10443	1595	17.9649
ERR13927339.10444	1569	19.9637
ERR13927339.10445	1597	15.2323
ERR13927339.10446	1555	18.0720
ERR13927339.10447	1591	20.1684
ERR13927339.10448	1578	19.0577
ERR13927339.10449	1571	19.1356
ERR13927339.10450	1638	18.4048
ERR13927339.10451	1569	18.5335
ERR13927339.10452	1563	14.9648
ERR13927339.10453	1591	18.8391
ERR13927339.10454	1617	19.5405
ERR13927339.10455	1556	19.1272
ERR13927339.10456	1561	20.6413
ERR13927339.10457	1575	18.0514
ERR13927339.10458	1533	19.1161
ERR13927339.10459	1587	17.0208
ERR13927339.10460	1574	19.0470
ERR13927339.10461	1537	18.7280
ERR13927339.10462	1611	19.0248
ERR13927339.10463	1561	15.8443
ERR13927339.10464	1590	20.3572
ERR13927339.10465	1558	17.3184
ERR13927339.10466	1532	16.2480
ERR13927339.10467	1575	16.8483
ERR13927339.10468	1537	14.4815
ERR13927339.10469	1560	18.0859
ERR13927339.10470	1590	17.3660
ERR13927339.10471	1571	19.4971
ERR13927339.10472	1561	17.7072
ERR13927339.10473	1539	14.6706
ERR13927339.10474	1562	15.8220
ERR13927339.10475	1528	17.6067
ERR13927339.10476	1577	20.6544
ERR13927339.10477	351	15.3191
ERR13927339.10478	1586	17.9502
ERR13927339.10479	1562	17.3092
ERR13927339.10480	1656	19.0079
ERR13927339.10481	1549	17.6649
ERR13927339.10482	1589	17.9811
ERR13927339.10483	1566	16.0045
ERR13927339.10484	1599	18.7817
ERR13927339.10485	1553	19.6787
ERR13927339.10486	1543	16.8717
ERR13927339.10487	1540	19.6468
ERR13927339.10488	1588	18.1071
ERR13927339.10489	1561	16.6714
ERR13927339.10490	1587	17.7776
ERR13927339.10491	1544	19.7073
ERR13927339.10492	1528	13.5569
ERR13927339.10493	1579	18.9411
ERR13927339.10494	1580	20.5380
ERR13927339.10495	1597	19.3225
ERR13927339.10496	1552	18.6179
ERR13927339.10497	1585	16.9268
ERR13927339.10498	1573	19.7502
ERR13927339.10499	288	14.8021
ERR13927339.10500	1652	18.9504
ERR13927339.10501	1524	17.1811
ERR13927339.10502	1559	19.6062
ERR13927339.10503	1551	15.6602
ERR13927339.10504	1605	19.1539
ERR13927339.10505	1578	21.1318
ERR13927339.10506	1544	19.6399
ERR13927339.10507	1586	18.7068
ERR13927339.10508	1595	18.4871
ERR13927339.10509	1553	15.6941
ERR13927339.10510	1541	17.5827
ERR13927339.10511	1562	16.7497
ERR13927339.10512	1549	18.3512
ERR13927339.10513	1339	20.5631
ERR13927339.10514	1580	18.0633
ERR13927339.10515	1569	15.7839
ERR13927339.10516	1576	17.7164
ERR13927339.10517	1485	14.2586
ERR13927339.10518	1563	20.2463
ERR13927339.10519	1557	20.5774
ERR13927339.10520	1558	16.1489
ERR13927339.10521	1603	17.5409
ERR13927339.10522	1350	15.7022
ERR13927339.10523	1570	15.6860
ERR13927339.10524	1531	17.7845
ERR13927339.10525	1568	18.2302
ERR13927339.10526	1021	13.6611
ERR13927339.10527	1536	17.8294
ERR13927339.10528	1515	16.9531
ERR13927339.10529	1573	18.8792
ERR13927339.10530	1550	17.9574
ERR13927339.10531	1552	15.9427
ERR13927339.10532	1568	15.0989
ERR13927339.10533	1574	17.2147
ERR13927339.10534	1600	19.7594
ERR13927339.10535	1522	19.7260
ERR13927339.10536	1570	15.4726
ERR13927339.10537	1486	15.7281
ERR13927339.10538	1578	15.8809
ERR13927339.10539	1544	18.9573
ERR13927339.10540	1602	17.7628
ERR13927339.10541	1561	19.4849
ERR13927339.10542	1543	15.6299
ERR13927339.10543	1582	19.9159
ERR13927339.10544	1601	20.7370
ERR13927339.10545	1586	19.1532
ERR13927339.10546	1568	17.7264
ERR13927339.10547	1321	18.5420
ERR13927339.10548	1568	17.5083
ERR13927339.10549	1576	18.8617
ERR13927339.10550	1556	19.9775
ERR13927339.10551	1572	16.3919
ERR13927339.10552	1542	18.2425
ERR13927339.10553	1567	19.6388
ERR13927339.10554	1549	17.6178
ERR13927339.10555	1564	16.3210
ERR13927339.10556	1554	16.8687
ERR13927339.10557	1511	15.0834
ERR13927339.10558	1624	16.9969
ERR13927339.10559	1579	20.2166
ERR13927339.10560	1564	17.7033
ERR13927339.10561	1474	16.8786
ERR13927339.10562	1576	18.6910
ERR13927339.10563	1540	15.9130
ERR13927339.10564	1426	19.5835
ERR13927339.10565	1529	16.7711
ERR13927339.10566	1615	16.3511
ERR13927339.10567	1554	20.3256
ERR13927339.10568	1545	15.1094
ERR13927339.10569	1577	17.7223
ERR13927339.10570	1603	17.6800
ERR13927339.10571	1555	19.0971
ERR13927339.10572	1565	16.8805
ERR13927339.10573	1557	16.6577
ERR13927339.10574	1552	14.3383
ERR13927339.10575	1577	17.8757
ERR13927339.10576	1512	14.3148
ERR13927339.10577	1624	19.8498
ERR13927339.10578	1568	20.0147
ERR13927339.10579	1612	20.8213
ERR13927339.10580	1561	16.0128
ERR13927339.10581	1573	18.0725
ERR13927339.10582	1540	16.6052
ERR13927339.10583	1547	14.7990
ERR13927339.10584	1659	19.2477
ERR13927339.10585	1573	17.1583
ERR13927339.10586	1556	15.2757
ERR13927339.10587	1579	19.9348
ERR13927339.10588	1583	16.4289
ERR13927339.10589	1567	17.3287
ERR13927339.10590	1601	19.9532
ERR13927339.10591	1576	19.4055
ERR13927339.10592	1583	16.2059
ERR13927339.10593	1592	19.1307
ERR13927339.10594	1570	18.1592
ERR13927339.10595	1544	19.1768
ERR13927339.10596	1556	18.0212
ERR13927339.10597	1564	16.4316
ERR13927339.10598	1564	15.8254
ERR13927339.10599	1601	17.3891
ERR13927339.10600	1536	17.3268
ERR13927339.10601	1555	16.7543
ERR13927339.10602	1538	16.1964
ERR13927339.10603	1572	14.8104
ERR13927339.10604	1579	14.4345
ERR13927339.10605	1574	15.6417
ERR13927339.10606	1529	17.1177
ERR13927339.10607	1580	17.8278
ERR13927339.10608	1584	20.0095
ERR13927339.10609	1575	19.1848
ERR13927339.10610	1438	14.3129
ERR13927339.10611	1557	20.4091
ERR13927339.10612	1586	19.4142
ERR13927339.10613	1565	20.3393
ERR13927339.10614	1540	16.9058
ERR13927339.10615	1557	18.4836
ERR13927339.10616	1600	16.0538
ERR13927339.10617	1585	16.9319
ERR13927339.10618	1597	20.1265
ERR13927339.10619	1563	21.2457
ERR13927339.10620	1574	17.5464
ERR13927339.10621	1548	20.1150
ERR13927339.10622	1569	19.3206
ERR13927339.10623	1569	18.6705
ERR13927339.10624	1563	18.0371
ERR13927339.10625	1545	19.7838
ERR13927339.10626	1619	19.2378
ERR13927339.10627	1538	17.8953
ERR13927339.10628	1558	16.3132
ERR13927339.10629	1488	18.1183
ERR13927339.10630	1586	15.8947
ERR13927339.10631	1540	14.4558
ERR13927339.10632	1565	18.7649
ERR13927339.10633	1559	19.0520
ERR13927339.10634	1541	15.4465
ERR13927339.10635	1457	15.9897
ERR13927339.10636	1284	19.0187
ERR13927339.10637	1556	16.0193
ERR13927339.10638	1539	16.1429
ERR13927339.10639	802	18.0312
ERR13927339.10640	1549	17.6682
ERR13927339.10641	613	19.2202
ERR13927339.10642	1537	18.9974
ERR13927339.10643	1550	18.8419
ERR13927339.10644	1626	20.2153
ERR13927339.10645	1435	15.6307
ERR13927339.10646	551	19.6044
ERR13927339.10647	1550	15.3310
ERR13927339.10648	1579	16.4433
ERR13927339.10649	1553	16.9028
ERR13927339.10650	1598	19.3417
ERR13927339.10651	213	14.0798
ERR13927339.10652	1607	17.3497
ERR13927339.10653	1574	16.8856
ERR13927339.10654	1566	19.8225
ERR13927339.10655	1520	18.6493
ERR13927339.10656	1588	18.2173
ERR13927339.10657	1521	15.0763
ERR13927339.10658	1534	17.7595
ERR13927339.10659	1537	16.3487
ERR13927339.10660	1568	18.3776
ERR13927339.10661	1632	18.9234
ERR13927339.10662	1090	16.0431
ERR13927339.10663	1562	18.0058
ERR13927339.10664	1577	14.3380
ERR13927339.10665	1564	18.6861
ERR13927339.10666	1581	17.7128
ERR13927339.10667	1586	18.5492
ERR13927339.10668	1556	15.0790
ERR13927339.10669	1603	18.6868
ERR13927339.10670	1567	19.6726
ERR13927339.10671	1552	18.9485
ERR13927339.10672	1590	21.2906
ERR13927339.10673	1577	18.7096
ERR13927339.10674	1560	15.0205
ERR13927339.10675	1513	17.1335
ERR13927339.10676	1549	16.9651
ERR13927339.10677	1613	18.1265
ERR13927339.10678	1590	16.6597
ERR13927339.10679	1549	15.3983
ERR13927339.10680	1551	16.5455
ERR13927339.10681	1513	16.3100
ERR13927339.10682	273	12.4725
ERR13927339.10683	794	17.0945
ERR13927339.10684	1573	16.0979
ERR13927339.10685	1536	15.4154
ERR13927339.10686	1598	17.4399
ERR13927339.10687	1558	15.5321
ERR13927339.10688	1552	17.8866
ERR13927339.10689	1554	18.4858
ERR13927339.10690	1551	14.4043
ERR13927339.10691	1609	18.7545
ERR13927339.10692	1555	19.7518
ERR13927339.10693	1538	17.3511
ERR13927339.10694	1548	16.7177
ERR13927339.10695	906	17.0585
ERR13927339.10696	1562	21.0160
ERR13927339.10697	1548	17.6802
ERR13927339.10698	1555	19.3389
ERR13927339.10699	1581	15.9975
ERR13927339.10700	1541	18.2544
ERR13927339.10701	1568	18.8367
ERR13927339.10702	1565	18.0696
ERR13927339.10703	1281	21.6635
ERR13927339.10704	1558	19.0546
ERR13927339.10705	821	14.0755
ERR13927339.10706	1577	15.8180
ERR13927339.10707	1553	16.2382
ERR13927339.10708	1591	16.3570
ERR13927339.10709	1565	15.3399
ERR13927339.10710	1500	16.6987
ERR13927339.10711	1593	15.4036
ERR13927339.10712	1592	18.1175
ERR13927339.10713	1605	19.5078
ERR13927339.10714	1546	15.8842
ERR13927339.10715	1570	18.3433
ERR13927339.10716	1559	16.3335
ERR13927339.10717	1571	15.3310
ERR13927339.10718	1558	17.2766
ERR13927339.10719	1622	18.2935
ERR13927339.10720	1520	17.0632
ERR13927339.10721	1562	17.9283
ERR13927339.10722	1580	18.2494
ERR13927339.10723	1554	18.4485
ERR13927339.10724	435	16.8989
ERR13927339.10725	1537	16.0605
ERR13927339.10726	1525	15.7062
ERR13927339.10727	1547	19.4590
ERR13927339.10728	1602	17.0824
ERR13927339.10729	1602	17.8265
ERR13927339.10730	1510	15.1093
ERR13927339.10731	1599	18.7086
ERR13927339.10732	1496	15.6965
ERR13927339.10733	1576	20.4454
ERR13927339.10734	1545	17.1968
ERR13927339.10735	1568	17.7443
ERR13927339.10736	1551	17.7795
ERR13927339.10737	1561	15.9693
ERR13927339.10738	1548	19.1350
ERR13927339.10739	1563	17.1958
ERR13927339.10740	1561	15.5990
ERR13927339.10741	1577	19.4172
ERR13927339.10742	1580	15.7430
ERR13927339.10743	1550	15.1394
ERR13927339.10744	1603	19.3256
ERR13927339.10745	1568	16.3501
ERR13927339.10746	1560	19.2205
ERR13927339.10747	1618	20.1174
ERR13927339.10748	1492	19.0288
ERR13927339.10749	1573	17.4081
ERR13927339.10750	1580	18.3943
ERR13927339.10751	1509	17.6812
ERR13927339.10752	1598	20.0138
ERR13927339.10753	1557	16.8773
ERR13927339.10754	1573	17.7133
ERR13927339.10755	1552	16.2713
ERR13927339.10756	1562	16.7484
ERR13927339.10757	1533	17.1422
ERR13927339.10758	1608	18.7220
ERR13927339.10759	1550	15.0819
ERR13927339.10760	1569	17.4194
ERR13927339.10761	1467	19.8650
ERR13927339.10762	1564	19.9578
ERR13927339.10763	1587	16.9244
ERR13927339.10764	1594	17.3212
ERR13927339.10765	1582	16.9121
ERR13927339.10766	1591	17.7316
ERR13927339.10767	1567	15.4729
ERR13927339.10768	1548	15.0317
ERR13927339.10769	1596	17.5927
ERR13927339.10770	1589	18.3084
ERR13927339.10771	1566	18.1360
ERR13927339.10772	1571	16.8122
ERR13927339.10773	1464	16.0929
ERR13927339.10774	1570	18.2898
ERR13927339.10775	1587	17.7183
ERR13927339.10776	1574	20.3386
ERR13927339.10777	1528	14.9810
ERR13927339.10778	1572	19.6043
ERR13927339.10779	789	18.3536
ERR13927339.10780	1533	17.0841
ERR13927339.10781	1577	20.5327
ERR13927339.10782	1588	17.0932
ERR13927339.10783	1553	18.1423
ERR13927339.10784	1520	17.7572
ERR13927339.10785	1567	16.5743
ERR13927339.10786	1622	23.1467
ERR13927339.10787	1605	19.8773
ERR13927339.10788	1557	15.2691
ERR13927339.10789	1420	15.4282
ERR13927339.10790	1526	15.4993
ERR13927339.10791	1548	20.7429
ERR13927339.10792	1557	17.4733
ERR13927339.10793	1561	15.8648
ERR13927339.10794	1552	16.4530
ERR13927339.10795	1545	17.0369
ERR13927339.10796	1544	16.1846
ERR13927339.10797	1630	16.7552
ERR13927339.10798	1548	19.7855
ERR13927339.10799	1565	19.1604
ERR13927339.10800	1523	16.1070
ERR13927339.10801	1576	18.6986
ERR13927339.10802	1573	19.5461
ERR13927339.10803	1561	15.3607
ERR13927339.10804	1606	18.7522
ERR13927339.10805	1550	18.7865
ERR13927339.10806	1540	20.1286
ERR13927339.10807	1584	19.0038
ERR13927339.10808	1546	15.2561
ERR13927339.10809	1520	15.9921
ERR13927339.10810	1546	17.6740
ERR13927339.10811	1538	17.0605
ERR13927339.10812	1567	19.6350
ERR13927339.10813	1512	15.6733
ERR13927339.10814	1555	17.5357
ERR13927339.10815	1522	17.0486
ERR13927339.10816	1591	17.8404
ERR13927339.10817	1573	18.7832
ERR13927339.10818	1474	17.9912
ERR13927339.10819	1564	19.1598
ERR13927339.10820	1534	16.0007
ERR13927339.10821	1530	15.4850
ERR13927339.10822	1567	20.7837
ERR13927339.10823	1617	17.0353
ERR13927339.10824	1569	19.2868
ERR13927339.10825	1517	15.2920
ERR13927339.10826	1732	17.6039
ERR13927339.10827	1562	17.5839
ERR13927339.10828	1506	19.8313
ERR13927339.10829	1562	18.3566
ERR13927339.10830	1545	16.4026
ERR13927339.10831	1556	16.0212
ERR13927339.10832	1553	15.4836
ERR13927339.10833	1578	18.9328
ERR13927339.10834	1608	19.1978
ERR13927339.10835	1543	17.9968
ERR13927339.10836	1551	17.5326
ERR13927339.10837	1549	20.3434
ERR13927339.10838	1559	17.3053
ERR13927339.10839	1544	18.6749
ERR13927339.10840	1370	15.5168
ERR13927339.10841	1551	19.1238
ERR13927339.10842	1534	15.5587
ERR13927339.10843	1552	16.4549
ERR13927339.10844	1540	19.5688
ERR13927339.10845	1551	19.1651
ERR13927339.10846	1603	19.6900
ERR13927339.10847	1613	15.1352
ERR13927339.10848	1579	16.5244
ERR13927339.10849	1566	19.2529
ERR13927339.10850	1566	19.0875
ERR13927339.10851	1211	19.2221
ERR13927339.10852	1566	18.6762
ERR13927339.10853	1589	15.2108
ERR13927339.10854	1549	17.2957
ERR13927339.10855	1356	17.2434
ERR13927339.10856	1552	19.8930
ERR13927339.10857	1550	17.4619
ERR13927339.10858	1534	14.8742
ERR13927339.10859	1223	19.6124
ERR13927339.10860	209	14.6411
ERR13927339.10861	1554	18.3481
ERR13927339.10862	1549	21.4532
ERR13927339.10863	1562	17.2433
ERR13927339.10864	1553	17.4578
ERR13927339.10865	1514	15.8970
ERR13927339.10866	322	17.3199
ERR13927339.10867	1561	17.0929
ERR13927339.10868	843	18.7592
ERR13927339.10869	1583	17.8939
ERR13927339.10870	1539	20.1670
ERR13927339.10871	1569	19.1765
ERR13927339.10872	1569	19.7062
ERR13927339.10873	1539	15.4925
ERR13927339.10874	1535	17.5322
ERR13927339.10875	1573	15.3827
ERR13927339.10876	1560	15.3744
ERR13927339.10877	1574	19.3094
ERR13927339.10878	1573	20.6516
ERR13927339.10879	1571	19.5232
ERR13927339.10880	1559	17.2425
ERR13927339.10881	1560	15.3205
ERR13927339.10882	1574	15.6150
ERR13927339.10883	1513	15.5050
ERR13927339.10884	1548	18.9819
ERR13927339.10885	1543	15.3843
ERR13927339.10886	231	14.0000
ERR13927339.10887	1562	19.4789
ERR13927339.10888	421	14.9216
ERR13927339.10889	1539	18.7810
ERR13927339.10890	1587	18.1601
ERR13927339.10891	1577	16.0209
ERR13927339.10892	1556	15.0611
ERR13927339.10893	1570	19.3478
ERR13927339.10894	670	14.9104
ERR13927339.10895	1567	19.9930
ERR13927339.10896	1570	16.2414
ERR13927339.10897	1584	18.5922
ERR13927339.10898	1543	17.8516
ERR13927339.10899	1587	18.1588
ERR13927339.10900	1526	17.9482
ERR13927339.10901	1565	17.3700
ERR13927339.10902	1560	16.9583
ERR13927339.10903	1574	18.4936
ERR13927339.10904	1557	15.0565
ERR13927339.10905	1504	15.9688
ERR13927339.10906	1529	15.5298
ERR13927339.10907	1562	19.5467
ERR13927339.10908	1608	20.7730
ERR13927339.10909	1594	17.6681
ERR13927339.10910	1617	18.9116
ERR13927339.10911	1576	15.3953
ERR13927339.10912	1561	18.2127
ERR13927339.10913	1555	19.5492
ERR13927339.10914	1517	16.0059
ERR13927339.10915	1518	16.3050
ERR13927339.10916	1584	17.1888
ERR13927339.10917	1159	18.7860
ERR13927339.10918	1582	18.6435
ERR13927339.10919	500	16.0060
ERR13927339.10920	1477	19.8781
ERR13927339.10921	1567	19.2106
ERR13927339.10922	1582	19.4349
ERR13927339.10923	1580	17.7823
ERR13927339.10924	1575	19.9225
ERR13927339.10925	1617	16.9938
ERR13927339.10926	1572	16.1043
ERR13927339.10927	1549	16.6159
ERR13927339.10928	1759	15.9369
ERR13927339.10929	1496	16.8951
ERR13927339.10930	1597	19.6919
ERR13927339.10931	1572	17.3543
ERR13927339.10932	1563	14.7358
ERR13927339.10933	1608	19.6947
ERR13927339.10934	1579	15.5928
ERR13927339.10935	1595	19.8125
ERR13927339.10936	1602	19.0275
ERR13927339.10937	1587	15.6856
ERR13927339.10938	1615	18.0310
ERR13927339.10939	1550	15.2329
ERR13927339.10940	1569	18.9637
ERR13927339.10941	1540	18.5071
ERR13927339.10942	1533	17.3164
ERR13927339.10943	1206	17.7023
ERR13927339.10944	1574	19.9022
ERR13927339.10945	1556	17.7622
ERR13927339.10946	1555	18.5929
ERR13927339.10947	1602	19.0518
ERR13927339.10948	1569	18.0504
ERR13927339.10949	1569	18.8158
ERR13927339.10950	1574	17.6811
ERR13927339.10951	1574	18.6417
ERR13927339.10952	1501	17.7162
ERR13927339.10953	1588	17.9654
ERR13927339.10954	1595	16.7831
ERR13927339.10955	1539	17.8694
ERR13927339.10956	1570	18.9325
ERR13927339.10957	228	15.7412
ERR13927339.10958	1557	17.0636
ERR13927339.10959	1793	21.6263
ERR13927339.10960	1554	18.8848
ERR13927339.10961	1543	17.6682
ERR13927339.10962	1570	19.0713
ERR13927339.10963	1588	16.8571
ERR13927339.10964	1558	16.4255
ERR13927339.10965	1621	18.3251
ERR13927339.10966	1444	15.2112
ERR13927339.10967	1595	18.0865
ERR13927339.10968	1530	17.1261
ERR13927339.10969	1597	20.2198
ERR13927339.10970	1567	20.2412
ERR13927339.10971	1547	16.2624
ERR13927339.10972	1560	20.1231
ERR13927339.10973	1557	18.0244
ERR13927339.10974	1524	20.1207
ERR13927339.10975	1587	17.4316
ERR13927339.10976	578	16.6678
ERR13927339.10977	1677	19.4073
ERR13927339.10978	1567	17.9292
ERR13927339.10979	1580	18.7114
ERR13927339.10980	1570	18.3866
ERR13927339.10981	1610	19.2460
ERR13927339.10982	1615	16.9474
ERR13927339.10983	1582	18.4273
ERR13927339.10984	1550	19.0774
ERR13927339.10985	1564	15.9348
ERR13927339.10986	1587	19.8532
ERR13927339.10987	1586	17.2989
ERR13927339.10988	1590	19.8176
ERR13927339.10989	1583	19.5167
ERR13927339.10990	1561	14.8796
ERR13927339.10991	1580	20.7696
ERR13927339.10992	1585	18.1262
ERR13927339.10993	1555	16.9614
ERR13927339.10994	1573	19.3865
ERR13927339.10995	1576	19.0070
ERR13927339.10996	1608	21.0516
ERR13927339.10997	1575	17.3289
ERR13927339.10998	1608	14.9826
ERR13927339.10999	1562	17.5435
ERR13927339.11000	1590	18.2132
ERR13927339.11001	1606	18.6899
ERR13927339.11002	1530	16.0935
ERR13927339.11003	1568	20.9630
ERR13927339.11004	684	19.4956
ERR13927339.11005	1559	19.7146
ERR13927339.11006	1588	21.4037
ERR13927339.11007	1579	18.8239
ERR13927339.11008	1538	17.4109
ERR13927339.11009	1586	19.7907
ERR13927339.11010	1503	14.5895
ERR13927339.11011	1567	21.3944
ERR13927339.11012	1599	20.3290
ERR13927339.11013	640	14.6297
ERR13927339.11014	1548	18.6867
ERR13927339.11015	1564	19.2896
ERR13927339.11016	1524	17.4449
ERR13927339.11017	1539	20.1540
ERR13927339.11018	1560	17.9141
ERR13927339.11019	1545	17.2155
ERR13927339.11020	1542	19.4306
ERR13927339.11021	1572	19.4167
ERR13927339.11022	1579	20.0165
ERR13927339.11023	1547	20.8785
ERR13927339.11024	1589	18.9478
ERR13927339.11025	1567	17.4710
ERR13927339.11026	1566	17.4974
ERR13927339.11027	1572	19.1310
ERR13927339.11028	1576	16.0761
ERR13927339.11029	1586	19.8014
ERR13927339.11030	1608	20.0535
ERR13927339.11031	1539	16.7193
ERR13927339.11032	1588	16.7689
ERR13927339.11033	1642	15.8002
ERR13927339.11034	1558	15.5834
ERR13927339.11035	1582	18.7484
ERR13927339.11036	1525	17.2649
ERR13927339.11037	1540	17.3058
ERR13927339.11038	1537	18.4131
ERR13927339.11039	1562	21.0768
ERR13927339.11040	1685	18.0950
ERR13927339.11041	1584	17.4754
ERR13927339.11042	1551	16.1186
ERR13927339.11043	1594	17.6330
ERR13927339.11044	1562	16.4770
ERR13927339.11045	1569	18.9235
ERR13927339.11046	1547	17.9871
ERR13927339.11047	1569	19.4461
ERR13927339.11048	1570	18.6369
ERR13927339.11049	1538	16.3349
ERR13927339.11050	1560	16.2974
ERR13927339.11051	1567	15.0638
ERR13927339.11052	1564	17.7877
ERR13927339.11053	1584	17.5985
ERR13927339.11054	1549	19.3628
ERR13927339.11055	1609	19.2511
ERR13927339.11056	1555	19.9904
ERR13927339.11057	1568	14.8055
ERR13927339.11058	398	12.8693
ERR13927339.11059	1569	18.7087
ERR13927339.11060	1564	18.3178
ERR13927339.11061	1553	18.0695
ERR13927339.11062	1556	15.8316
ERR13927339.11063	1586	17.8279
ERR13927339.11064	1561	16.6976
ERR13927339.11065	1619	17.9055
ERR13927339.11066	1546	18.4010
ERR13927339.11067	1603	20.1634
ERR13927339.11068	1544	19.3277
ERR13927339.11069	1561	20.5894
ERR13927339.11070	1580	15.1392
ERR13927339.11071	1572	16.2920
ERR13927339.11072	1583	19.3620
ERR13927339.11073	1603	20.7080
ERR13927339.11074	1624	19.3233
ERR13927339.11075	755	15.7868
ERR13927339.11076	1582	17.8552
ERR13927339.11077	1569	20.1243
ERR13927339.11078	1570	19.3006
ERR13927339.11079	1600	15.9406
ERR13927339.11080	1556	18.2281
ERR13927339.11081	1544	19.2545
ERR13927339.11082	1583	15.3929
ERR13927339.11083	1541	18.8514
ERR13927339.11084	1565	17.7118
ERR13927339.11085	1562	17.5659
ERR13927339.11086	1566	16.9745
ERR13927339.11087	1572	17.9663
ERR13927339.11088	1573	16.3452
ERR13927339.11089	1572	17.2812
ERR13927339.11090	1614	20.3879
ERR13927339.11091	1547	17.4919
ERR13927339.11092	1583	17.7966
ERR13927339.11093	1543	15.4038
ERR13927339.11094	1602	17.8689
ERR13927339.11095	1564	17.9636
ERR13927339.11096	1540	19.8773
ERR13927339.11097	1547	17.6180
ERR13927339.11098	1557	14.6924
ERR13927339.11099	1585	17.3666
ERR13927339.11100	1580	15.2203
ERR13927339.11101	1573	20.4819
ERR13927339.11102	1409	13.6650
ERR13927339.11103	1545	17.3372
ERR13927339.11104	1579	17.6979
ERR13927339.11105	1572	15.1762
ERR13927339.11106	1595	18.4564
ERR13927339.11107	1566	19.0996
ERR13927339.11108	1595	21.6232
ERR13927339.11109	1595	17.9611
ERR13927339.11110	1569	15.4468
ERR13927339.11111	1567	15.4710
ERR13927339.11112	1522	15.9238
ERR13927339.11113	1586	17.1759
ERR13927339.11114	1553	18.9878
ERR13927339.11115	1580	19.0184
ERR13927339.11116	1562	19.2388
ERR13927339.11117	1572	18.2150
ERR13927339.11118	1558	16.5700
ERR13927339.11119	1575	16.0584
ERR13927339.11120	1523	14.9560
ERR13927339.11121	1613	17.9380
ERR13927339.11122	1562	17.7606
ERR13927339.11123	1610	18.8106
ERR13927339.11124	1577	16.6772
ERR13927339.11125	1591	19.3752
ERR13927339.11126	1734	20.1667
ERR13927339.11127	1563	16.5457
ERR13927339.11128	1579	19.7961
ERR13927339.11129	1589	18.4506
ERR13927339.11130	1473	15.2600
ERR13927339.11131	1572	19.1768
ERR13927339.11132	1594	17.1368
ERR13927339.11133	1562	20.7663
ERR13927339.11134	1621	23.8149
ERR13927339.11135	1605	18.0941
ERR13927339.11136	1504	15.5519
ERR13927339.11137	1576	18.7424
ERR13927339.11138	1562	19.2036
ERR13927339.11139	1597	19.5723
ERR13927339.11140	1587	18.5961
ERR13927339.11141	1562	18.3015
ERR13927339.11142	1579	15.7194
ERR13927339.11143	1570	16.5892
ERR13927339.11144	1539	18.2476
ERR13927339.11145	1572	19.7793
ERR13927339.11146	1594	17.2986
ERR13927339.11147	1586	17.7573
ERR13927339.11148	1570	20.1720
ERR13927339.11149	1554	17.1461
ERR13927339.11150	1558	18.4332
ERR13927339.11151	1636	16.5098
ERR13927339.11152	1597	19.1177
ERR13927339.11153	1567	19.5795
ERR13927339.11154	1605	19.5583
ERR13927339.11155	1590	20.0277
ERR13927339.11156	1540	15.1117
ERR13927339.11157	1593	15.7520
ERR13927339.11158	1610	18.6000
ERR13927339.11159	1563	18.4005
ERR13927339.11160	1547	19.2702
ERR13927339.11161	1595	16.0633
ERR13927339.11162	1579	19.5244
ERR13927339.11163	1561	14.5766
ERR13927339.11164	1568	18.4681
ERR13927339.11165	1549	18.3254
ERR13927339.11166	1561	18.4100
ERR13927339.11167	1593	20.6045
ERR13927339.11168	1623	21.1916
ERR13927339.11169	1614	20.4603
ERR13927339.11170	1591	15.6009
ERR13927339.11171	1549	15.4158
ERR13927339.11172	1614	21.7962
ERR13927339.11173	1546	16.7555
ERR13927339.11174	1585	19.1256
ERR13927339.11175	1561	18.0538
ERR13927339.11176	1594	20.4768
ERR13927339.11177	1562	15.9001
ERR13927339.11178	1519	16.5148
ERR13927339.11179	1551	13.9742
ERR13927339.11180	1601	17.1437
ERR13927339.11181	1593	20.9353
ERR13927339.11182	1596	18.3929
ERR13927339.11183	1567	20.9260
ERR13927339.11184	1555	18.8579
ERR13927339.11185	1544	16.4326
ERR13927339.11186	1556	18.7988
ERR13927339.11187	1562	17.9552
ERR13927339.11188	637	16.4757
ERR13927339.11189	1538	20.5091
ERR13927339.11190	1577	16.8795
ERR13927339.11191	1611	20.6245
ERR13927339.11192	1537	15.7710
ERR13927339.11193	1574	16.9161
ERR13927339.11194	1581	21.9690
ERR13927339.11195	1586	18.3796
ERR13927339.11196	1597	17.5692
ERR13927339.11197	1583	17.8490
ERR13927339.11198	1590	19.2874
ERR13927339.11199	1583	18.5888
ERR13927339.11200	1580	18.8500
ERR13927339.11201	1575	20.3448
ERR13927339.11202	1580	18.3165
ERR13927339.11203	1540	15.7279
ERR13927339.11204	1547	17.9250
ERR13927339.11205	1543	19.4971
ERR13927339.11206	1564	18.8338
ERR13927339.11207	1570	24.4459
ERR13927339.11208	1562	17.4353
ERR13927339.11209	1555	18.3170
ERR13927339.11210	1568	18.6518
ERR13927339.11211	1662	18.7966
ERR13927339.11212	1577	21.6817
ERR13927339.11213	1574	16.9231
ERR13927339.11214	1554	15.0727
ERR13927339.11215	1599	20.8380
ERR13927339.11216	1552	19.3524
ERR13927339.11217	1571	17.8765
ERR13927339.11218	1584	20.2961
ERR13927339.11219	1535	18.9707
ERR13927339.11220	1556	15.9859
ERR13927339.11221	1565	19.3815
ERR13927339.11222	1531	15.9935
ERR13927339.11223	1573	18.1558
ERR13927339.11224	1453	17.8245
ERR13927339.11225	1548	16.6324
ERR13927339.11226	1604	20.0686
ERR13927339.11227	1546	17.5116
ERR13927339.11228	1541	16.0662
ERR13927339.11229	1554	19.3784
ERR13927339.11230	1572	17.9402
ERR13927339.11231	1586	18.3178
ERR13927339.11232	1568	18.9726
ERR13927339.11233	1553	17.3909
ERR13927339.11234	1566	16.7484
ERR13927339.11235	1548	19.2442
ERR13927339.11236	1576	14.3852
ERR13927339.11237	1563	15.3397
ERR13927339.11238	1556	16.7963
ERR13927339.11239	1601	16.2717
ERR13927339.11240	1568	16.8189
ERR13927339.11241	1501	16.0819
ERR13927339.11242	1533	18.0320
ERR13927339.11243	1581	19.0708
ERR13927339.11244	1564	17.2046
ERR13927339.11245	1561	16.8059
ERR13927339.11246	1558	19.3466
ERR13927339.11247	1586	17.3588
ERR13927339.11248	1563	19.9104
ERR13927339.11249	1546	16.3105
ERR13927339.11250	1571	19.1789
ERR13927339.11251	1567	16.2712
ERR13927339.11252	1574	16.7414
ERR13927339.11253	1545	16.7100
ERR13927339.11254	1500	14.8180
ERR13927339.11255	1455	14.6282
ERR13927339.11256	1561	17.4580
ERR13927339.11257	1576	17.1548
ERR13927339.11258	1583	16.0581
ERR13927339.11259	1547	16.6665
ERR13927339.11260	1583	18.9539
ERR13927339.11261	1588	19.4383
ERR13927339.11262	1546	15.5440
ERR13927339.11263	1571	17.7428
ERR13927339.11264	1526	17.5708
ERR13927339.11265	1602	19.7197
ERR13927339.11266	1567	19.2106
ERR13927339.11267	1380	17.8638
ERR13927339.11268	1549	18.7063
ERR13927339.11269	1553	17.9408
ERR13927339.11270	1569	16.4474
ERR13927339.11271	1574	18.2389
ERR13927339.11272	1574	18.4612
ERR13927339.11273	1565	17.1163
ERR13927339.11274	1576	17.7659
ERR13927339.11275	1608	19.3203
ERR13927339.11276	1533	15.0855
ERR13927339.11277	1554	15.8880
ERR13927339.11278	1523	16.3716
ERR13927339.11279	1477	16.7928
ERR13927339.11280	1603	15.9133
ERR13927339.11281	1564	18.6714
ERR13927339.11282	1535	15.2417
ERR13927339.11283	1548	18.9322
ERR13927339.11284	1603	19.6999
ERR13927339.11285	1559	19.5587
ERR13927339.11286	1554	17.5644
ERR13927339.11287	1578	21.0678
ERR13927339.11288	1609	20.5712
ERR13927339.11289	1589	14.5853
ERR13927339.11290	1534	15.9928
ERR13927339.11291	1585	16.2858
ERR13927339.11292	1541	15.0526
ERR13927339.11293	1532	15.4634
ERR13927339.11294	1562	16.7228
ERR13927339.11295	1583	20.6879
ERR13927339.11296	1561	18.0352
ERR13927339.11297	1576	15.3668
ERR13927339.11298	1547	15.5488
ERR13927339.11299	1528	15.2651
ERR13927339.11300	1539	17.9987
ERR13927339.11301	1565	19.1131
ERR13927339.11302	1588	19.3237
ERR13927339.11303	712	17.0801
ERR13927339.11304	1579	20.1064
ERR13927339.11305	157	11.1592
ERR13927339.11306	1570	15.9758
ERR13927339.11307	1576	17.4569
ERR13927339.11308	1554	20.2233
ERR13927339.11309	1574	15.9301
ERR13927339.11310	1585	19.2618
ERR13927339.11311	1122	17.5677
ERR13927339.11312	1538	15.4278
ERR13927339.11313	1571	16.9796
ERR13927339.11314	1522	16.3725
ERR13927339.11315	1535	18.8606
ERR13927339.11316	1593	17.7847
ERR13927339.11317	1564	15.9648
ERR13927339.11318	1541	19.7262
ERR13927339.11319	1562	15.8508
ERR13927339.11320	1571	18.9306
ERR13927339.11321	1570	16.1325
ERR13927339.11322	1541	19.0857
ERR13927339.11323	1532	15.9478
ERR13927339.11324	1600	19.0181
ERR13927339.11325	1577	17.4172
ERR13927339.11326	1608	18.8408
ERR13927339.11327	1578	19.5228
ERR13927339.11328	1527	19.1408
ERR13927339.11329	1563	17.0659
ERR13927339.11330	1602	20.0031
ERR13927339.11331	1584	17.9205
ERR13927339.11332	1560	18.9474
ERR13927339.11333	1569	19.5182
ERR13927339.11334	1538	16.5722
ERR13927339.11335	1568	17.1422
ERR13927339.11336	1571	18.8511
ERR13927339.11337	1582	19.6846
ERR13927339.11338	1560	17.3385
ERR13927339.11339	1551	18.0896
ERR13927339.11340	1566	18.9559
ERR13927339.11341	1567	18.9885
ERR13927339.11342	1573	19.9498
ERR13927339.11343	1565	19.8019
ERR13927339.11344	1601	16.9850
ERR13927339.11345	1555	19.0186
ERR13927339.11346	1532	18.1136
ERR13927339.11347	1549	18.1091
ERR13927339.11348	1581	17.8514
ERR13927339.11349	1572	17.5038
ERR13927339.11350	1560	17.8859
ERR13927339.11351	1545	13.5443
ERR13927339.11352	1562	20.7657
ERR13927339.11353	1489	18.4003
ERR13927339.11354	1522	18.7976
ERR13927339.11355	1574	18.9238
ERR13927339.11356	1548	18.0969
ERR13927339.11357	1409	17.3066
ERR13927339.11358	1550	20.6981
ERR13927339.11359	1591	17.1427
ERR13927339.11360	1527	16.7551
ERR13927339.11361	1563	19.0390
ERR13927339.11362	1557	16.9313
ERR13927339.11363	1612	17.7630
ERR13927339.11364	1546	16.7063
ERR13927339.11365	1554	18.5277
ERR13927339.11366	1547	20.1681
ERR13927339.11367	1549	18.9774
ERR13927339.11368	1557	17.3192
ERR13927339.11369	1554	16.3610
ERR13927339.11370	1592	17.7952
ERR13927339.11371	1586	21.8436
ERR13927339.11372	1548	14.6376
ERR13927339.11373	1544	20.0719
ERR13927339.11374	1537	19.6239
ERR13927339.11375	1558	17.2189
ERR13927339.11376	1543	19.7550
ERR13927339.11377	1572	21.7964
ERR13927339.11378	1548	19.0213
ERR13927339.11379	1535	16.9094
ERR13927339.11380	1465	15.5195
ERR13927339.11381	1497	16.2505
ERR13927339.11382	1605	18.2978
ERR13927339.11383	1577	18.0558
ERR13927339.11384	1627	18.0983
ERR13927339.11385	1560	14.5942
ERR13927339.11386	722	14.1690
ERR13927339.11387	1567	16.6114
ERR13927339.11388	1555	15.5125
ERR13927339.11389	1555	18.1595
ERR13927339.11390	1577	17.6341
ERR13927339.11391	1563	19.1452
ERR13927339.11392	1565	19.5144
ERR13927339.11393	1527	16.3582
ERR13927339.11394	1612	20.6203
ERR13927339.11395	1605	18.0679
ERR13927339.11396	1477	16.2126
ERR13927339.11397	1569	17.5054
ERR13927339.11398	1588	17.9068
ERR13927339.11399	1529	15.6625
ERR13927339.11400	1537	18.0885
ERR13927339.11401	1584	16.3958
ERR13927339.11402	1539	18.7732
ERR13927339.11403	1569	17.6851
ERR13927339.11404	1515	17.1485
ERR13927339.11405	1579	17.2812
ERR13927339.11406	1603	18.3269
ERR13927339.11407	1565	15.3125
ERR13927339.11408	1560	15.9103
ERR13927339.11409	1573	19.1729
ERR13927339.11410	1548	15.8120
ERR13927339.11411	1575	18.0857
ERR13927339.11412	1554	15.8456
ERR13927339.11413	1591	18.6216
ERR13927339.11414	1559	14.3842
ERR13927339.11415	1523	16.0151
ERR13927339.11416	1527	18.0995
ERR13927339.11417	1570	17.3962
ERR13927339.11418	1463	15.5352
ERR13927339.11419	1570	18.0809
ERR13927339.11420	1546	16.3629
ERR13927339.11421	1561	14.6509
ERR13927339.11422	1548	19.5459
ERR13927339.11423	842	15.9549
ERR13927339.11424	1588	18.4037
ERR13927339.11425	1563	13.8708
ERR13927339.11426	1573	16.8760
ERR13927339.11427	1549	20.2066
ERR13927339.11428	1557	17.7238
ERR13927339.11429	1560	16.2192
ERR13927339.11430	1576	19.8008
ERR13927339.11431	1511	15.5645
ERR13927339.11432	1555	14.0039
ERR13927339.11433	1663	21.1275
ERR13927339.11434	1563	17.9539
ERR13927339.11435	1540	18.1474
ERR13927339.11436	1614	19.2745
ERR13927339.11437	1562	17.5282
ERR13927339.11438	1565	17.2665
ERR13927339.11439	1562	17.7183
ERR13927339.11440	1528	14.5072
ERR13927339.11441	1568	16.7895
ERR13927339.11442	1512	15.8829
ERR13927339.11443	1548	16.7384
ERR13927339.11444	1538	16.2874
ERR13927339.11445	1121	14.2034
ERR13927339.11446	1560	15.8263
ERR13927339.11447	1569	21.3544
ERR13927339.11448	1579	15.5351
ERR13927339.11449	1576	19.6428
ERR13927339.11450	1525	18.1777
ERR13927339.11451	1576	18.8211
ERR13927339.11452	1591	16.6084
ERR13927339.11453	1522	18.1491
ERR13927339.11454	1585	18.0486
ERR13927339.11455	1467	15.2495
ERR13927339.11456	1480	17.1081
ERR13927339.11457	1568	14.3227
ERR13927339.11458	1569	19.0491
ERR13927339.11459	1596	16.1679
ERR13927339.11460	1574	18.2554
ERR13927339.11461	1556	18.4659
ERR13927339.11462	1534	16.4622
ERR13927339.11463	1509	17.2220
ERR13927339.11464	1541	19.4783
ERR13927339.11465	1532	15.5992
ERR13927339.11466	1504	14.9441
ERR13927339.11467	1608	17.9932
ERR13927339.11468	1585	18.6896
ERR13927339.11469	1519	17.1587
ERR13927339.11470	1566	18.3397
ERR13927339.11471	1597	22.5460
ERR13927339.11472	1572	20.5973
ERR13927339.11473	1503	15.8124
ERR13927339.11474	1403	15.5552
ERR13927339.11475	1569	20.5488
ERR13927339.11476	1530	16.0673
ERR13927339.11477	1577	19.3748
ERR13927339.11478	1554	17.8301
ERR13927339.11479	1503	15.7472
ERR13927339.11480	1546	16.5925
ERR13927339.11481	1602	18.5468
ERR13927339.11482	1554	18.9453
ERR13927339.11483	1614	21.1809
ERR13927339.11484	1588	19.4824
ERR13927339.11485	1562	19.1300
ERR13927339.11486	1554	17.3565
ERR13927339.11487	1563	20.2412
ERR13927339.11488	1576	14.8794
ERR13927339.11489	1592	19.4171
ERR13927339.11490	1557	17.3879
ERR13927339.11491	1634	15.3666
ERR13927339.11492	1572	19.5216
ERR13927339.11493	1559	17.6164
ERR13927339.11494	1571	19.9733
ERR13927339.11495	1556	20.1060
ERR13927339.11496	1134	15.9286
ERR13927339.11497	1596	18.5733
ERR13927339.11498	1553	18.5712
ERR13927339.11499	1553	18.1005
ERR13927339.11500	1527	16.6588
ERR13927339.11501	1541	18.8780
ERR13927339.11502	1549	17.0749
ERR13927339.11503	1573	18.7177
ERR13927339.11504	1554	18.5560
ERR13927339.11505	1547	19.8953
ERR13927339.11506	1563	16.0646
ERR13927339.11507	1566	16.3519
ERR13927339.11508	1558	17.9557
ERR13927339.11509	698	13.0029
ERR13927339.11510	1558	17.0680
ERR13927339.11511	1564	18.8159
ERR13927339.11512	1593	20.7050
ERR13927339.11513	1570	16.0433
ERR13927339.11514	1555	18.3286
ERR13927339.11515	1544	15.0602
ERR13927339.11516	1575	22.0190
ERR13927339.11517	1568	19.1390
ERR13927339.11518	1541	15.6840
ERR13927339.11519	1563	15.5035
ERR13927339.11520	233	12.8627
ERR13927339.11521	1573	18.9860
ERR13927339.11522	1609	18.4537
ERR13927339.11523	793	16.8676
ERR13927339.11524	1586	18.6248
ERR13927339.11525	1546	16.7975
ERR13927339.11526	1595	18.7335
ERR13927339.11527	1553	18.9414
ERR13927339.11528	1591	19.4173
ERR13927339.11529	1572	19.5719
ERR13927339.11530	1581	18.6768
ERR13927339.11531	1592	17.5308
ERR13927339.11532	1545	18.2421
ERR13927339.11533	1558	19.3460
ERR13927339.11534	869	16.8124
ERR13927339.11535	1591	18.4148
ERR13927339.11536	1487	16.3961
ERR13927339.11537	1555	17.8662
ERR13927339.11538	1585	17.3792
ERR13927339.11539	1524	16.7244
ERR13927339.11540	1537	19.7840
ERR13927339.11541	1527	20.2947
ERR13927339.11542	1586	17.6797
ERR13927339.11543	1567	19.2929
ERR13927339.11544	1640	19.7683
ERR13927339.11545	200	15.8150
ERR13927339.11546	1614	17.3891
ERR13927339.11547	3117	15.9339
ERR13927339.11548	1555	20.3113
ERR13927339.11549	1537	16.0189
ERR13927339.11550	1552	19.4336
ERR13927339.11551	1565	18.3099
ERR13927339.11552	1517	14.9249
ERR13927339.11553	1529	18.2073
ERR13927339.11554	1556	16.8695
ERR13927339.11555	1574	17.8088
ERR13927339.11556	1556	17.4030
ERR13927339.11557	1574	20.0705
ERR13927339.11558	1532	18.6097
ERR13927339.11559	1518	18.7549
ERR13927339.11560	1554	18.7619
ERR13927339.11561	1576	18.3471
ERR13927339.11562	1568	17.1295
ERR13927339.11563	1582	19.9697
ERR13927339.11564	1556	17.1960
ERR13927339.11565	1547	15.9832
ERR13927339.11566	1560	15.7090
ERR13927339.11567	1559	16.5850
ERR13927339.11568	1575	19.1803
ERR13927339.11569	1592	18.4573
ERR13927339.11570	1543	19.1180
ERR13927339.11571	1604	23.4252
ERR13927339.11572	1530	15.4275
ERR13927339.11573	1572	17.8702
ERR13927339.11574	1544	16.0233
ERR13927339.11575	1593	18.6817
ERR13927339.11576	1378	15.7852
ERR13927339.11577	1558	20.1117
ERR13927339.11578	1553	17.5538
ERR13927339.11579	1528	16.0537
ERR13927339.11580	1494	14.8099
ERR13927339.11581	1530	17.4484
ERR13927339.11582	1559	16.5074
ERR13927339.11583	1604	18.5206
ERR13927339.11584	1578	17.0938
ERR13927339.11585	1561	15.9974
ERR13927339.11586	1579	17.5554
ERR13927339.11587	1548	16.0743
ERR13927339.11588	1510	14.3940
ERR13927339.11589	1587	18.9074
ERR13927339.11590	1601	20.1493
ERR13927339.11591	1535	17.5694
ERR13927339.11592	1582	16.0228
ERR13927339.11593	1562	17.7830
ERR13927339.11594	1531	16.1169
ERR13927339.11595	1532	15.7846
ERR13927339.11596	1508	17.5756
ERR13927339.11597	1547	18.5391
ERR13927339.11598	1552	17.7597
ERR13927339.11599	1553	19.0792
ERR13927339.11600	1571	19.1750
ERR13927339.11601	1584	19.3876
ERR13927339.11602	200	15.9050
ERR13927339.11603	1548	18.1525
ERR13927339.11604	1578	19.7560
ERR13927339.11605	1576	15.7348
ERR13927339.11606	1532	18.1384
ERR13927339.11607	1580	19.7468
ERR13927339.11608	1561	18.5926
ERR13927339.11609	1605	18.7639
ERR13927339.11610	1560	19.1436
ERR13927339.11611	1534	18.5834
ERR13927339.11612	1609	21.3257
ERR13927339.11613	1615	20.5412
ERR13927339.11614	1585	18.2618
ERR13927339.11615	1549	17.4964
ERR13927339.11616	1554	17.1178
ERR13927339.11617	1600	18.6881
ERR13927339.11618	1593	15.4570
ERR13927339.11619	1606	18.9197
ERR13927339.11620	1579	18.2723
ERR13927339.11621	1544	19.4294
ERR13927339.11622	1586	18.0448
ERR13927339.11623	1574	16.8856
ERR13927339.11624	1568	16.5861
ERR13927339.11625	1540	17.2169
ERR13927339.11626	1599	21.5316
ERR13927339.11627	1565	21.3246
ERR13927339.11628	1614	17.9851
ERR13927339.11629	1560	16.0058
ERR13927339.11630	1564	17.4834
ERR13927339.11631	1520	15.7816
ERR13927339.11632	1576	15.5451
ERR13927339.11633	1565	20.8454
ERR13927339.11634	1137	17.1275
ERR13927339.11635	1513	14.9577
ERR13927339.11636	1539	16.9844
ERR13927339.11637	1565	17.5770
ERR13927339.11638	1571	18.2253
ERR13927339.11639	1596	19.8509
ERR13927339.11640	1559	17.8121
ERR13927339.11641	1567	18.3248
ERR13927339.11642	1545	15.7592
ERR13927339.11643	1591	17.1464
ERR13927339.11644	1575	18.3016
ERR13927339.11645	1531	15.2874
ERR13927339.11646	1616	18.7116
ERR13927339.11647	1551	16.2631
ERR13927339.11648	1545	17.8026
ERR13927339.11649	1587	20.1449
ERR13927339.11650	1554	17.7967
ERR13927339.11651	1594	18.6223
ERR13927339.11652	1584	18.3801
ERR13927339.11653	1571	18.3004
ERR13927339.11654	1574	15.0267
ERR13927339.11655	1535	15.2182
ERR13927339.11656	1576	19.3775
ERR13927339.11657	1552	17.2242
ERR13927339.11658	1567	16.3127
ERR13927339.11659	1593	18.8092
ERR13927339.11660	505	15.5644
ERR13927339.11661	540	19.1778
ERR13927339.11662	1514	14.5661
ERR13927339.11663	1597	19.3863
ERR13927339.11664	1565	17.9891
ERR13927339.11665	1565	18.7942
ERR13927339.11666	1570	19.4146
ERR13927339.11667	1576	16.5374
ERR13927339.11668	1585	17.7192
ERR13927339.11669	1531	17.3592
ERR13927339.11670	672	19.7619
ERR13927339.11671	1559	17.3162
ERR13927339.11672	1551	17.3088
ERR13927339.11673	1526	19.3355
ERR13927339.11674	1599	16.4522
ERR13927339.11675	1578	18.2712
ERR13927339.11676	1508	15.3707
ERR13927339.11677	1570	19.6815
ERR13927339.11678	1565	19.1010
ERR13927339.11679	1584	16.7696
ERR13927339.11680	1556	19.3824
ERR13927339.11681	1506	14.9900
ERR13927339.11682	1539	15.5595
ERR13927339.11683	1558	16.4044
ERR13927339.11684	1564	17.8600
ERR13927339.11685	1528	15.0033
ERR13927339.11686	1565	20.8728
ERR13927339.11687	1500	18.7540
ERR13927339.11688	1569	19.5590
ERR13927339.11689	1559	17.8768
ERR13927339.11690	1560	17.2705
ERR13927339.11691	1552	15.6939
ERR13927339.11692	1546	17.7516
ERR13927339.11693	1559	18.5536
ERR13927339.11694	1565	17.7879
ERR13927339.11695	1551	17.9781
ERR13927339.11696	1560	16.8019
ERR13927339.11697	1552	17.5168
ERR13927339.11698	1560	17.3276
ERR13927339.11699	1606	19.8954
ERR13927339.11700	1574	17.2135
ERR13927339.11701	1425	14.8323
ERR13927339.11702	1577	19.8161
ERR13927339.11703	1537	15.7092
ERR13927339.11704	1579	18.7023
ERR13927339.11705	1569	17.0382
ERR13927339.11706	1557	15.2935
ERR13927339.11707	1560	19.9321
ERR13927339.11708	1536	15.2754
ERR13927339.11709	1557	19.0283
ERR13927339.11710	1524	16.2592
ERR13927339.11711	1556	17.6414
ERR13927339.11712	1315	17.6266
ERR13927339.11713	1585	19.4063
ERR13927339.11714	1531	16.3553
ERR13927339.11715	1526	16.3670
ERR13927339.11716	1558	17.1996
ERR13927339.11717	1523	16.5253
ERR13927339.11718	1572	17.5153
ERR13927339.11719	1549	16.3764
ERR13927339.11720	1600	19.4675
ERR13927339.11721	1600	15.1844
ERR13927339.11722	1567	18.9860
ERR13927339.11723	1527	17.0334
ERR13927339.11724	1596	15.9937
ERR13927339.11725	1562	19.4859
ERR13927339.11726	1586	16.5738
ERR13927339.11727	1558	15.6322
ERR13927339.11728	1547	17.6677
ERR13927339.11729	1591	18.1496
ERR13927339.11730	1658	18.9101
ERR13927339.11731	1550	16.8090
ERR13927339.11732	1567	18.1123
ERR13927339.11733	1595	18.1335
ERR13927339.11734	1556	16.0591
ERR13927339.11735	1565	17.0875
ERR13927339.11736	1557	17.2421
ERR13927339.11737	1525	16.0085
ERR13927339.11738	1564	21.9520
ERR13927339.11739	1563	17.5118
ERR13927339.11740	1678	17.8439
ERR13927339.11741	1553	15.9897
ERR13927339.11742	1551	14.8143
ERR13927339.11743	1557	20.3128
ERR13927339.11744	1617	18.1880
ERR13927339.11745	1478	15.3309
ERR13927339.11746	1585	17.0681
ERR13927339.11747	1557	20.2890
ERR13927339.11748	1595	16.0476
ERR13927339.11749	1589	18.8842
ERR13927339.11750	1578	18.7281
ERR13927339.11751	1558	17.2638
ERR13927339.11752	1570	16.5268
ERR13927339.11753	1534	21.0183
ERR13927339.11754	1559	17.9782
ERR13927339.11755	1507	19.1321
ERR13927339.11756	1566	14.9444
ERR13927339.11757	1582	19.7174
ERR13927339.11758	1590	19.9994
ERR13927339.11759	1586	19.7472
ERR13927339.11760	1597	20.5554
ERR13927339.11761	1559	16.7864
ERR13927339.11762	1337	20.0269
ERR13927339.11763	1522	16.6130
ERR13927339.11764	1495	14.6154
ERR13927339.11765	1518	17.3195
ERR13927339.11766	1592	17.0389
ERR13927339.11767	1543	17.7382
ERR13927339.11768	1580	14.7551
ERR13927339.11769	1515	15.4581
ERR13927339.11770	1569	17.4653
ERR13927339.11771	1547	19.6264
ERR13927339.11772	163	11.1411
ERR13927339.11773	1578	19.9157
ERR13927339.11774	1592	18.8882
ERR13927339.11775	1592	20.0295
ERR13927339.11776	1593	18.5323
ERR13927339.11777	1549	19.5565
ERR13927339.11778	1621	15.4584
ERR13927339.11779	1555	16.4765
ERR13927339.11780	1553	15.2775
ERR13927339.11781	1552	17.7287
ERR13927339.11782	1613	18.0812
ERR13927339.11783	1486	17.5606
ERR13927339.11784	1605	17.5776
ERR13927339.11785	1523	18.1392
ERR13927339.11786	1566	18.4821
ERR13927339.11787	1570	16.1363
ERR13927339.11788	1545	15.3838
ERR13927339.11789	1578	16.6521
ERR13927339.11790	1601	16.0187
ERR13927339.11791	1585	17.5161
ERR13927339.11792	1543	19.7168
ERR13927339.11793	1553	17.6581
ERR13927339.11794	1575	16.6673
ERR13927339.11795	1584	20.1692
ERR13927339.11796	1534	15.6936
ERR13927339.11797	1624	19.0991
ERR13927339.11798	1463	16.8653
ERR13927339.11799	1559	18.0917
ERR13927339.11800	1615	20.5084
ERR13927339.11801	1533	15.7808
ERR13927339.11802	1543	15.8574
ERR13927339.11803	1585	16.5293
ERR13927339.11804	1556	18.6054
ERR13927339.11805	1567	15.4186
ERR13927339.11806	1554	14.8160
ERR13927339.11807	1533	17.1370
ERR13927339.11808	1579	15.9677
ERR13927339.11809	1559	16.0475
ERR13927339.11810	1573	15.4024
ERR13927339.11811	1555	13.9762
ERR13927339.11812	1558	16.7715
ERR13927339.11813	1579	14.9696
ERR13927339.11814	1524	15.7493
ERR13927339.11815	1572	19.5197
ERR13927339.11816	1570	19.3369
ERR13927339.11817	1558	15.0770
ERR13927339.11818	1513	17.1163
ERR13927339.11819	1477	15.3737
ERR13927339.11820	1553	17.7560
ERR13927339.11821	1537	18.6942
ERR13927339.11822	1572	18.2532
ERR13927339.11823	1538	16.1014
ERR13927339.11824	1568	17.1550
ERR13927339.11825	1559	17.3977
ERR13927339.11826	1572	16.5617
ERR13927339.11827	1543	15.2495
ERR13927339.11828	1541	14.6210
ERR13927339.11829	1604	16.8248
ERR13927339.11830	1514	14.7668
ERR13927339.11831	1544	16.2630
ERR13927339.11832	1334	16.4160
ERR13927339.11833	1604	18.9913
ERR13927339.11834	1553	15.9156
ERR13927339.11835	1604	14.3017
ERR13927339.11836	1584	16.5524
ERR13927339.11837	1539	16.0962
ERR13927339.11838	1570	20.4478
ERR13927339.11839	1593	21.5612
ERR13927339.11840	1516	18.0139
ERR13927339.11841	1583	15.4403
ERR13927339.11842	1537	17.4164
ERR13927339.11843	1601	20.3054
ERR13927339.11844	1575	16.0679
ERR13927339.11845	1563	19.8388
ERR13927339.11846	1615	21.0235
ERR13927339.11847	1575	18.2990
ERR13927339.11848	1543	16.1309
ERR13927339.11849	1582	16.9956
ERR13927339.11850	1565	16.8109
ERR13927339.11851	1574	19.8443
ERR13927339.11852	1516	18.9664
ERR13927339.11853	1542	16.2179
ERR13927339.11854	1555	19.0495
ERR13927339.11855	1532	18.1410
ERR13927339.11856	1532	17.6886
ERR13927339.11857	1565	16.1412
ERR13927339.11858	1575	18.7911
ERR13927339.11859	1558	16.8074
ERR13927339.11860	1480	14.9257
ERR13927339.11861	1540	19.6506
ERR13927339.11862	1545	16.2835
ERR13927339.11863	1699	17.9976
ERR13927339.11864	1520	15.9546
ERR13927339.11865	1573	19.2765
ERR13927339.11866	1541	15.7365
ERR13927339.11867	1575	18.7625
ERR13927339.11868	1587	20.4795
ERR13927339.11869	2661	19.5539
ERR13927339.11870	1600	15.4262
ERR13927339.11871	1567	17.8315
ERR13927339.11872	1563	20.7428
ERR13927339.11873	1563	18.5624
ERR13927339.11874	1572	18.8384
ERR13927339.11875	1511	16.4090
ERR13927339.11876	1578	16.8954
ERR13927339.11877	1534	17.6421
ERR13927339.11878	1526	17.9934
ERR13927339.11879	1714	19.7894
ERR13927339.11880	1456	15.9986
ERR13927339.11881	1576	15.5780
ERR13927339.11882	1595	19.0865
ERR13927339.11883	1549	18.7495
ERR13927339.11884	1557	18.5164
ERR13927339.11885	1547	17.3555
ERR13927339.11886	1596	16.9624
ERR13927339.11887	1584	16.8933
ERR13927339.11888	1565	21.1259
ERR13927339.11889	1547	15.1590
ERR13927339.11890	1524	15.3091
ERR13927339.11891	1550	15.5890
ERR13927339.11892	1554	18.4511
ERR13927339.11893	1552	17.1327
ERR13927339.11894	1564	14.4725
ERR13927339.11895	1610	16.8534
ERR13927339.11896	1509	14.8946
ERR13927339.11897	1543	17.7498
ERR13927339.11898	1540	15.7896
ERR13927339.11899	1514	17.3639
ERR13927339.11900	1494	18.4177
ERR13927339.11901	1648	20.2360
ERR13927339.11902	1573	15.5143
ERR13927339.11903	1570	18.6650
ERR13927339.11904	1529	15.9313
ERR13927339.11905	1524	19.1450
ERR13927339.11906	1536	17.7383
ERR13927339.11907	1568	18.2417
ERR13927339.11908	1565	19.8722
ERR13927339.11909	1558	17.7869
ERR13927339.11910	1539	18.0370
ERR13927339.11911	1535	17.3375
ERR13927339.11912	1531	16.1561
ERR13927339.11913	1560	18.0244
ERR13927339.11914	1500	17.0860
ERR13927339.11915	1477	15.1435
ERR13927339.11916	1601	15.8582
ERR13927339.11917	1598	16.8442
ERR13927339.11918	1602	19.3589
ERR13927339.11919	1529	18.2283
ERR13927339.11920	1617	19.0390
ERR13927339.11921	1562	18.8739
ERR13927339.11922	1574	16.4504
ERR13927339.11923	1569	17.2365
ERR13927339.11924	1574	20.8850
ERR13927339.11925	1600	16.3456
ERR13927339.11926	1558	20.9615
ERR13927339.11927	1798	16.6758
ERR13927339.11928	1563	18.9315
ERR13927339.11929	1559	15.1276
ERR13927339.11930	1574	18.6309
ERR13927339.11931	1527	16.4957
ERR13927339.11932	3098	17.8564
ERR13927339.11933	1571	19.7435
ERR13927339.11934	1576	17.3090
ERR13927339.11935	1485	17.2444
ERR13927339.11936	1564	17.1560
ERR13927339.11937	1632	16.2004
ERR13927339.11938	1560	19.7321
ERR13927339.11939	1529	15.6004
ERR13927339.11940	1622	17.1609
ERR13927339.11941	1521	17.2610
ERR13927339.11942	204	11.7010
ERR13927339.11943	1594	18.6857
ERR13927339.11944	1561	21.1973
ERR13927339.11945	1636	15.2249
ERR13927339.11946	1592	19.1878
ERR13927339.11947	1532	16.5901
ERR13927339.11948	198	13.6566
ERR13927339.11949	1582	18.4614
ERR13927339.11950	1594	20.2001
ERR13927339.11951	1602	22.2341
ERR13927339.11952	1583	21.5262
ERR13927339.11953	1544	18.8284
ERR13927339.11954	1527	17.2213
ERR13927339.11955	1530	14.0229
ERR13927339.11956	285	17.3684
ERR13927339.11957	1575	16.5410
ERR13927339.11958	1563	17.7511
ERR13927339.11959	1540	16.5208
ERR13927339.11960	324	15.7562
ERR13927339.11961	1557	16.1657
ERR13927339.11962	1582	20.2035
ERR13927339.11963	1589	18.7565
ERR13927339.11964	1583	20.3171
ERR13927339.11965	1554	20.5360
ERR13927339.11966	1560	15.6212
ERR13927339.11967	1578	16.2655
ERR13927339.11968	1511	17.1112
ERR13927339.11969	1615	18.5616
ERR13927339.11970	1567	19.9904
ERR13927339.11971	1282	20.7777
ERR13927339.11972	1570	20.3764
ERR13927339.11973	1548	16.0517
ERR13927339.11974	1620	21.1401
ERR13927339.11975	1545	16.1107
ERR13927339.11976	1559	15.4958
ERR13927339.11977	1609	20.5631
ERR13927339.11978	1568	18.6224
ERR13927339.11979	1571	17.9313
ERR13927339.11980	1604	19.9133
ERR13927339.11981	1568	19.8897
ERR13927339.11982	1574	17.4428
ERR13927339.11983	1550	21.0658
ERR13927339.11984	1571	16.9332
ERR13927339.11985	1574	18.4867
ERR13927339.11986	1573	18.4043
ERR13927339.11987	1577	18.5916
ERR13927339.11988	1566	18.9604
ERR13927339.11989	1573	19.2797
ERR13927339.11990	1556	18.8702
ERR13927339.11991	1553	15.4958
ERR13927339.11992	1587	18.4524
ERR13927339.11993	1144	19.7771
ERR13927339.11994	1601	16.7452
ERR13927339.11995	1521	16.6575
ERR13927339.11996	1588	16.6474
ERR13927339.11997	1546	15.6649
ERR13927339.11998	1576	19.5888
ERR13927339.11999	1575	16.5308
ERR13927339.12000	1606	17.1283
ERR13927339.12001	1569	16.4436
ERR13927339.12002	1584	18.6496
ERR13927339.12003	1590	20.0585
ERR13927339.12004	1599	21.2145
ERR13927339.12005	1552	18.2088
ERR13927339.12006	1559	16.6748
ERR13927339.12007	1534	15.9498
ERR13927339.12008	1599	20.3271
ERR13927339.12009	1593	21.8519
ERR13927339.12010	1478	14.9242
ERR13927339.12011	1518	19.6318
ERR13927339.12012	1594	20.3118
ERR13927339.12013	1538	19.6463
ERR13927339.12014	1579	16.7410
ERR13927339.12015	1582	14.9912
ERR13927339.12016	383	16.3681
ERR13927339.12017	1616	20.0080
ERR13927339.12018	1600	18.9750
ERR13927339.12019	1566	19.4713
ERR13927339.12020	1588	16.5573
ERR13927339.12021	1544	14.5959
ERR13927339.12022	1557	20.6557
ERR13927339.12023	1567	19.5814
ERR13927339.12024	1594	17.9517
ERR13927339.12025	1596	19.2588
ERR13927339.12026	1605	18.8941
ERR13927339.12027	1559	17.5850
ERR13927339.12028	1581	16.5882
ERR13927339.12029	1587	20.9767
ERR13927339.12030	1567	19.5520
ERR13927339.12031	1587	14.7070
ERR13927339.12032	338	16.4083
ERR13927339.12033	1555	18.9717
ERR13927339.12034	1574	18.8215
ERR13927339.12035	1552	18.3866
ERR13927339.12036	1558	14.7529
ERR13927339.12037	1490	20.3591
ERR13927339.12038	1582	17.7048
ERR13927339.12039	1615	20.4161
ERR13927339.12040	1580	14.2943
ERR13927339.12041	1609	14.9037
ERR13927339.12042	1580	20.4316
ERR13927339.12043	1545	19.5029
ERR13927339.12044	1582	19.7762
ERR13927339.12045	2270	20.4079
ERR13927339.12046	1558	16.5404
ERR13927339.12047	1605	18.4935
ERR13927339.12048	1607	19.2937
ERR13927339.12049	1580	16.5778
ERR13927339.12050	1611	17.9354
ERR13927339.12051	1597	18.7527
ERR13927339.12052	1582	17.7908
ERR13927339.12053	1584	20.2361
ERR13927339.12054	1591	20.7410
ERR13927339.12055	1611	19.8107
ERR13927339.12056	1568	16.7232
ERR13927339.12057	1539	15.1176
ERR13927339.12058	1559	16.3579
ERR13927339.12059	1559	16.8531
ERR13927339.12060	1610	19.7286
ERR13927339.12061	1548	15.8320
ERR13927339.12062	1629	20.4537
ERR13927339.12063	1580	21.0753
ERR13927339.12064	1589	19.6337
ERR13927339.12065	726	18.2493
ERR13927339.12066	1588	18.5567
ERR13927339.12067	1518	15.5949
ERR13927339.12068	1594	17.6280
ERR13927339.12069	1560	20.9045
ERR13927339.12070	1591	17.7907
ERR13927339.12071	1568	16.7653
ERR13927339.12072	1563	19.1292
ERR13927339.12073	1553	18.1758
ERR13927339.12074	1577	14.9562
ERR13927339.12075	1571	18.0261
ERR13927339.12076	1554	19.7181
ERR13927339.12077	1600	20.0006
ERR13927339.12078	1494	17.4264
ERR13927339.12079	1548	16.2242
ERR13927339.12080	418	14.9282
ERR13927339.12081	211	16.3081
ERR13927339.12082	1598	16.8385
ERR13927339.12083	1598	19.9230
ERR13927339.12084	1584	16.8138
ERR13927339.12085	1569	21.4410
ERR13927339.12086	1560	19.1705
ERR13927339.12087	1658	22.1809
ERR13927339.12088	1543	18.6909
ERR13927339.12089	1612	19.3821
ERR13927339.12090	1587	19.9420
ERR13927339.12091	1558	16.9840
ERR13927339.12092	1576	18.3274
ERR13927339.12093	1566	17.5734
ERR13927339.12094	1622	22.9624
ERR13927339.12095	1592	15.3317
ERR13927339.12096	1606	16.4159
ERR13927339.12097	1570	20.2242
ERR13927339.12098	1569	14.4774
ERR13927339.12099	1566	18.5600
ERR13927339.12100	1570	17.3420
ERR13927339.12101	1617	20.3432
ERR13927339.12102	1581	18.7293
ERR13927339.12103	1591	15.9981
ERR13927339.12104	1571	17.0484
ERR13927339.12105	1600	18.0862
ERR13927339.12106	1561	14.9545
ERR13927339.12107	1600	18.8788
ERR13927339.12108	1552	19.0457
ERR13927339.12109	1540	17.2760
ERR13927339.12110	888	18.5676
ERR13927339.12111	1579	17.9911
ERR13927339.12112	1591	19.5745
ERR13927339.12113	1569	16.0656
ERR13927339.12114	1564	19.8056
ERR13927339.12115	1581	19.3744
ERR13927339.12116	1572	18.6807
ERR13927339.12117	1702	20.2744
ERR13927339.12118	1618	18.8486
ERR13927339.12119	1555	15.9691
ERR13927339.12120	1858	21.0587
ERR13927339.12121	1589	17.8546
ERR13927339.12122	1627	19.5734
ERR13927339.12123	1550	19.3174
ERR13927339.12124	1569	18.9076
ERR13927339.12125	1593	18.1438
ERR13927339.12126	1519	16.7867
ERR13927339.12127	1594	14.6286
ERR13927339.12128	1612	19.9479
ERR13927339.12129	1534	15.3657
ERR13927339.12130	1590	18.8119
ERR13927339.12131	555	17.2649
ERR13927339.12132	1534	17.5078
ERR13927339.12133	1586	17.9288
ERR13927339.12134	1574	22.1518
ERR13927339.12135	1590	20.2994
ERR13927339.12136	1559	18.6921
ERR13927339.12137	1654	18.6499
ERR13927339.12138	1596	17.3553
ERR13927339.12139	1574	17.0845
ERR13927339.12140	1561	17.3850
ERR13927339.12141	1581	20.6641
ERR13927339.12142	1608	22.9658
ERR13927339.12143	1622	21.1264
ERR13927339.12144	1552	17.4961
ERR13927339.12145	1548	18.7429
ERR13927339.12146	1546	14.6915
ERR13927339.12147	1597	20.3820
ERR13927339.12148	1600	16.6806
ERR13927339.12149	1572	14.9186
ERR13927339.12150	1565	21.1700
ERR13927339.12151	1602	17.0044
ERR13927339.12152	1583	18.8654
ERR13927339.12153	1584	16.8100
ERR13927339.12154	1554	20.0489
ERR13927339.12155	1600	16.9744
ERR13927339.12156	1542	16.9001
ERR13927339.12157	1602	18.1604
ERR13927339.12158	1525	19.3416
ERR13927339.12159	1571	20.2826
ERR13927339.12160	1562	15.8374
ERR13927339.12161	1603	21.0031
ERR13927339.12162	1548	16.6731
ERR13927339.12163	1603	19.4666
ERR13927339.12164	1552	16.1018
ERR13927339.12165	1582	16.2668
ERR13927339.12166	1620	21.6914
ERR13927339.12167	1553	16.6446
ERR13927339.12168	1504	14.5652
ERR13927339.12169	1561	19.6720
ERR13927339.12170	1556	17.9075
ERR13927339.12171	1557	20.3109
ERR13927339.12172	3129	16.0189
ERR13927339.12173	717	17.0558
ERR13927339.12174	1549	18.8541
ERR13927339.12175	1585	17.6435
ERR13927339.12176	1559	19.7505
ERR13927339.12177	1524	17.3806
ERR13927339.12178	1547	17.0071
ERR13927339.12179	1571	20.4882
ERR13927339.12180	1577	17.8307
ERR13927339.12181	1549	18.0484
ERR13927339.12182	1598	15.8135
ERR13927339.12183	1595	16.4639
ERR13927339.12184	1573	20.7489
ERR13927339.12185	1577	17.6379
ERR13927339.12186	1597	21.7358
ERR13927339.12187	1503	16.5110
ERR13927339.12188	1581	19.4851
ERR13927339.12189	1523	17.6487
ERR13927339.12190	1584	15.7298
ERR13927339.12191	1552	20.9046
ERR13927339.12192	1549	19.7489
ERR13927339.12193	3185	17.4389
ERR13927339.12194	1578	19.1394
ERR13927339.12195	1526	17.3519
ERR13927339.12196	1560	19.0513
ERR13927339.12197	1575	18.3448
ERR13927339.12198	1566	18.8404
ERR13927339.12199	1588	21.8986
ERR13927339.12200	1559	18.8191
ERR13927339.12201	1563	20.4907
ERR13927339.12202	1581	19.1101
ERR13927339.12203	1580	17.9215
ERR13927339.12204	1583	15.6854
ERR13927339.12205	1569	21.5105
ERR13927339.12206	1557	18.9338
ERR13927339.12207	1580	17.9968
ERR13927339.12208	1574	15.2548
ERR13927339.12209	1575	20.3429
ERR13927339.12210	1606	17.2335
ERR13927339.12211	1527	14.7119
ERR13927339.12212	1593	20.6064
ERR13927339.12213	1571	16.5162
ERR13927339.12214	1537	16.6929
ERR13927339.12215	1578	17.5989
ERR13927339.12216	1583	17.5344
ERR13927339.12217	1561	16.8129
ERR13927339.12218	1569	20.5379
ERR13927339.12219	1559	16.8146
ERR13927339.12220	1597	19.8710
ERR13927339.12221	1594	16.5188
ERR13927339.12222	204	15.7794
ERR13927339.12223	1534	16.1193
ERR13927339.12224	1648	19.3944
ERR13927339.12225	1574	20.7643
ERR13927339.12226	1525	19.4295
ERR13927339.12227	1519	18.9217
ERR13927339.12228	1550	17.5890
ERR13927339.12229	1582	21.4387
ERR13927339.12230	1583	20.3279
ERR13927339.12231	1533	14.2029
ERR13927339.12232	1596	15.8509
ERR13927339.12233	1567	17.3344
ERR13927339.12234	1559	16.1995
ERR13927339.12235	1586	15.1639
ERR13927339.12236	1534	15.4635
ERR13927339.12237	1566	18.3614
ERR13927339.12238	1596	22.6485
ERR13927339.12239	1553	17.4269
ERR13927339.12240	1576	17.8680
ERR13927339.12241	1595	19.8382
ERR13927339.12242	1574	18.9447
ERR13927339.12243	1572	19.6679
ERR13927339.12244	1551	16.4133
ERR13927339.12245	1621	15.4547
ERR13927339.12246	1577	18.9658
ERR13927339.12247	1611	19.7213
ERR13927339.12248	1534	20.2040
ERR13927339.12249	1546	18.9696
ERR13927339.12250	1605	15.7109
ERR13927339.12251	1571	18.8542
ERR13927339.12252	1583	19.5894
ERR13927339.12253	1557	17.0771
ERR13927339.12254	1553	17.7489
ERR13927339.12255	1523	17.3578
ERR13927339.12256	1571	17.2616
ERR13927339.12257	1615	16.1833
ERR13927339.12258	1538	16.9044
ERR13927339.12259	1593	17.2228
ERR13927339.12260	1573	19.0801
ERR13927339.12261	1579	18.5041
ERR13927339.12262	1585	15.3331
ERR13927339.12263	1581	18.3536
ERR13927339.12264	1552	16.8982
ERR13927339.12265	1591	19.8202
ERR13927339.12266	1568	20.1805
ERR13927339.12267	1538	15.7731
ERR13927339.12268	1647	17.3309
ERR13927339.12269	1552	19.6482
ERR13927339.12270	1611	19.6611
ERR13927339.12271	1568	20.7411
ERR13927339.12272	1555	18.1653
ERR13927339.12273	1507	17.4658
ERR13927339.12274	1822	18.7327
ERR13927339.12275	1556	16.6298
ERR13927339.12276	1553	17.0612
ERR13927339.12277	1572	16.2634
ERR13927339.12278	1554	20.8063
ERR13927339.12279	1589	19.0164
ERR13927339.12280	1535	17.8417
ERR13927339.12281	1534	15.7986
ERR13927339.12282	1593	15.9856
ERR13927339.12283	1559	17.2341
ERR13927339.12284	1569	15.5653
ERR13927339.12285	1564	17.3063
ERR13927339.12286	1592	16.4692
ERR13927339.12287	1560	17.4929
ERR13927339.12288	1553	19.1475
ERR13927339.12289	1621	16.7866
ERR13927339.12290	1549	18.9128
ERR13927339.12291	1587	18.9534
ERR13927339.12292	1550	19.2065
ERR13927339.12293	319	15.9718
ERR13927339.12294	1586	20.2011
ERR13927339.12295	1596	16.4123
ERR13927339.12296	1659	17.6010
ERR13927339.12297	1601	18.4272
ERR13927339.12298	1547	16.4712
ERR13927339.12299	1571	16.4258
ERR13927339.12300	1560	18.4558
ERR13927339.12301	1542	16.5584
ERR13927339.12302	1559	17.7069
ERR13927339.12303	1559	16.3650
ERR13927339.12304	1572	19.3104
ERR13927339.12305	1575	18.7117
ERR13927339.12306	1539	20.6667
ERR13927339.12307	1631	20.2698
ERR13927339.12308	1602	19.3034
ERR13927339.12309	1543	17.5509
ERR13927339.12310	1630	17.8497
ERR13927339.12311	1616	17.0959
ERR13927339.12312	1537	19.7248
ERR13927339.12313	1605	22.6399
ERR13927339.12314	1580	21.0101
ERR13927339.12315	1583	18.2900
ERR13927339.12316	1614	20.7571
ERR13927339.12317	1557	18.8979
ERR13927339.12318	1577	17.4147
ERR13927339.12319	1568	19.5510
ERR13927339.12320	1604	18.6752
ERR13927339.12321	1606	15.1202
ERR13927339.12322	1609	17.4009
ERR13927339.12323	3126	16.1750
ERR13927339.12324	1582	20.0373
ERR13927339.12325	1587	18.4902
ERR13927339.12326	1573	14.9835
ERR13927339.12327	1561	19.9680
ERR13927339.12328	1571	19.2164
ERR13927339.12329	1539	15.9194
ERR13927339.12330	1570	18.8732
ERR13927339.12331	1604	17.2936
ERR13927339.12332	1584	19.0088
ERR13927339.12333	1529	14.3015
ERR13927339.12334	1585	18.8669
ERR13927339.12335	1592	17.9334
ERR13927339.12336	1587	17.2672
ERR13927339.12337	1594	17.0301
ERR13927339.12338	1576	16.0755
ERR13927339.12339	1591	16.4582
ERR13927339.12340	1583	20.1371
ERR13927339.12341	1572	19.4415
ERR13927339.12342	1624	18.5068
ERR13927339.12343	1557	15.7168
ERR13927339.12344	1528	17.6760
ERR13927339.12345	1508	15.0206
ERR13927339.12346	1572	21.1342
ERR13927339.12347	1525	15.6846
ERR13927339.12348	1578	16.4303
ERR13927339.12349	1552	16.1546
ERR13927339.12350	1577	18.9201
ERR13927339.12351	1572	18.6393
ERR13927339.12352	1440	17.0368
ERR13927339.12353	1572	17.5076
ERR13927339.12354	1527	15.6732
ERR13927339.12355	1753	16.6811
ERR13927339.12356	1557	16.4624
ERR13927339.12357	1542	17.8424
ERR13927339.12358	1569	19.4729
ERR13927339.12359	1540	15.5506
ERR13927339.12360	1590	17.7195
ERR13927339.12361	1544	16.7474
ERR13927339.12362	1588	19.2380
ERR13927339.12363	1595	16.5505
ERR13927339.12364	1585	19.9672
ERR13927339.12365	1588	15.6322
ERR13927339.12366	1573	20.3973
ERR13927339.12367	1583	20.3032
ERR13927339.12368	1564	17.2999
ERR13927339.12369	1532	15.5992
ERR13927339.12370	854	16.9883
ERR13927339.12371	1698	17.2715
ERR13927339.12372	1589	16.5576
ERR13927339.12373	1558	19.9499
ERR13927339.12374	1519	16.3160
ERR13927339.12375	1590	16.8302
ERR13927339.12376	1561	15.5701
ERR13927339.12377	1545	18.7301
ERR13927339.12378	1708	17.1458
ERR13927339.12379	1567	19.9470
ERR13927339.12380	1610	18.6615
ERR13927339.12381	1545	15.7042
ERR13927339.12382	1611	17.3873
ERR13927339.12383	1571	15.1451
ERR13927339.12384	1582	21.4697
ERR13927339.12385	1582	15.7724
ERR13927339.12386	1614	19.2206
ERR13927339.12387	1583	22.5313
ERR13927339.12388	1600	20.2306
ERR13927339.12389	1762	17.6090
ERR13927339.12390	1548	19.5142
ERR13927339.12391	1595	18.3818
ERR13927339.12392	1587	20.5469
ERR13927339.12393	1245	17.4988
ERR13927339.12394	1615	18.8910
ERR13927339.12395	1581	20.7160
ERR13927339.12396	1526	19.5144
ERR13927339.12397	1573	18.8919
ERR13927339.12398	1547	19.5087
ERR13927339.12399	1578	17.6058
ERR13927339.12400	1558	18.7792
ERR13927339.12401	1613	19.4433
ERR13927339.12402	1596	17.0702
ERR13927339.12403	1583	14.2704
ERR13927339.12404	1573	16.4367
ERR13927339.12405	1577	20.5035
ERR13927339.12406	1570	17.1701
ERR13927339.12407	1576	18.2240
ERR13927339.12408	1556	20.8181
ERR13927339.12409	1576	19.6129
ERR13927339.12410	1635	18.8104
ERR13927339.12411	1580	21.3190
ERR13927339.12412	1576	20.8331
ERR13927339.12413	1562	17.7362
ERR13927339.12414	1576	16.8204
ERR13927339.12415	1589	18.0761
ERR13927339.12416	1569	17.0083
ERR13927339.12417	1615	19.7845
ERR13927339.12418	1530	17.5516
ERR13927339.12419	1537	18.9987
ERR13927339.12420	1590	20.6591
ERR13927339.12421	1613	18.9535
ERR13927339.12422	1582	20.6018
ERR13927339.12423	1568	18.2251
ERR13927339.12424	732	19.6230
ERR13927339.12425	1561	19.4042
ERR13927339.12426	1566	20.8072
ERR13927339.12427	1611	14.9764
ERR13927339.12428	1570	21.3892
ERR13927339.12429	1552	17.7887
ERR13927339.12430	1581	19.8514
ERR13927339.12431	1621	19.2708
ERR13927339.12432	1593	15.6616
ERR13927339.12433	1569	14.2938
ERR13927339.12434	1576	19.2538
ERR13927339.12435	1567	17.6305
ERR13927339.12436	1585	19.9924
ERR13927339.12437	1574	18.6455
ERR13927339.12438	1581	16.7774
ERR13927339.12439	1578	16.8428
ERR13927339.12440	1585	18.9054
ERR13927339.12441	1573	21.1430
ERR13927339.12442	1483	16.6777
ERR13927339.12443	1053	18.0266
ERR13927339.12444	1577	19.8916
ERR13927339.12445	1570	19.6115
ERR13927339.12446	1567	19.4180
ERR13927339.12447	1605	20.6181
ERR13927339.12448	1581	16.5794
ERR13927339.12449	1562	15.8444
ERR13927339.12450	1452	17.1102
ERR13927339.12451	1604	17.1097
ERR13927339.12452	1555	21.1531
ERR13927339.12453	1569	16.2957
ERR13927339.12454	1563	14.9917
ERR13927339.12455	1582	16.0999
ERR13927339.12456	1554	17.7317
ERR13927339.12457	1559	16.4869
ERR13927339.12458	1589	18.4330
ERR13927339.12459	1608	18.0933
ERR13927339.12460	548	17.6004
ERR13927339.12461	1540	18.3487
ERR13927339.12462	1674	17.9516
ERR13927339.12463	182	13.4396
ERR13927339.12464	1701	18.9600
ERR13927339.12465	1584	14.6843
ERR13927339.12466	1613	21.8927
ERR13927339.12467	1575	16.2343
ERR13927339.12468	1577	20.1890
ERR13927339.12469	1598	18.8467
ERR13927339.12470	1563	20.3864
ERR13927339.12471	1347	17.1715
ERR13927339.12472	1575	20.2590
ERR13927339.12473	601	19.9667
ERR13927339.12474	1570	20.4828
ERR13927339.12475	1574	19.2198
ERR13927339.12476	1582	15.3230
ERR13927339.12477	1622	14.6695
ERR13927339.12478	1282	16.7067
ERR13927339.12479	1573	20.3350
ERR13927339.12480	1527	14.6830
ERR13927339.12481	1654	16.1131
ERR13927339.12482	465	16.1613
ERR13927339.12483	1510	14.1947
ERR13927339.12484	1570	19.2968
ERR13927339.12485	1578	18.6534
ERR13927339.12486	1573	19.0642
ERR13927339.12487	1600	18.7425
ERR13927339.12488	1597	19.9430
ERR13927339.12489	1570	19.2898
ERR13927339.12490	1585	19.9533
ERR13927339.12491	1577	15.0260
ERR13927339.12492	1563	17.0800
ERR13927339.12493	1556	19.2558
ERR13927339.12494	1534	15.0939
ERR13927339.12495	1554	19.3185
ERR13927339.12496	1562	17.0301
ERR13927339.12497	1566	19.3014
ERR13927339.12498	1551	17.6351
ERR13927339.12499	1604	19.1284
ERR13927339.12500	1531	15.7609
ERR13927339.12501	1527	16.6405
ERR13927339.12502	1564	17.5716
ERR13927339.12503	1576	16.8985
ERR13927339.12504	1557	19.8536
ERR13927339.12505	1553	15.9556
ERR13927339.12506	1566	15.8653
ERR13927339.12507	1594	19.3607
ERR13927339.12508	1553	17.0438
ERR13927339.12509	1553	15.0972
ERR13927339.12510	1602	21.7659
ERR13927339.12511	1551	18.4616
ERR13927339.12512	1552	20.1637
ERR13927339.12513	1584	16.1521
ERR13927339.12514	1519	15.0481
ERR13927339.12515	2149	21.7250
ERR13927339.12516	1566	20.0140
ERR13927339.12517	1581	19.0000
ERR13927339.12518	1535	16.6775
ERR13927339.12519	1547	18.0452
ERR13927339.12520	1578	16.9804
ERR13927339.12521	1569	14.5309
ERR13927339.12522	1581	19.7356
ERR13927339.12523	1559	16.1430
ERR13927339.12524	1555	18.4984
ERR13927339.12525	1555	14.8997
ERR13927339.12526	1564	18.6637
ERR13927339.12527	1891	15.1539
ERR13927339.12528	1569	16.8993
ERR13927339.12529	1562	19.0474
ERR13927339.12530	1590	18.6038
ERR13927339.12531	1503	15.9428
ERR13927339.12532	1563	17.7415
ERR13927339.12533	1609	17.3698
ERR13927339.12534	1550	21.8871
ERR13927339.12535	1556	18.8599
ERR13927339.12536	1562	17.5512
ERR13927339.12537	1608	17.9160
ERR13927339.12538	1567	18.9662
ERR13927339.12539	1594	19.5979
ERR13927339.12540	1516	18.4116
ERR13927339.12541	1571	18.3514
ERR13927339.12542	1547	18.5501
ERR13927339.12543	1550	21.7265
ERR13927339.12544	1577	17.5980
ERR13927339.12545	1557	16.7264
ERR13927339.12546	1566	19.1980
ERR13927339.12547	1562	18.6479
ERR13927339.12548	1464	15.6728
ERR13927339.12549	1529	18.9549
ERR13927339.12550	1522	14.9376
ERR13927339.12551	1529	16.4748
ERR13927339.12552	1534	16.6402
ERR13927339.12553	1591	18.3539
ERR13927339.12554	1545	15.0227
ERR13927339.12555	1578	16.6876
ERR13927339.12556	1558	19.3427
ERR13927339.12557	1619	19.6609
ERR13927339.12558	1565	20.6121
ERR13927339.12559	1550	15.3484
ERR13927339.12560	1574	16.0343
ERR13927339.12561	1554	19.0103
ERR13927339.12562	1566	15.5377
ERR13927339.12563	1554	16.6898
ERR13927339.12564	1530	18.4157
ERR13927339.12565	1395	15.1133
ERR13927339.12566	1554	19.3153
ERR13927339.12567	1542	15.8774
ERR13927339.12568	1580	18.3968
ERR13927339.12569	1557	16.9204
ERR13927339.12570	1555	17.2135
ERR13927339.12571	1578	19.4081
ERR13927339.12572	1548	14.9722
ERR13927339.12573	1567	16.2119
ERR13927339.12574	1638	17.9756
ERR13927339.12575	1513	16.5598
ERR13927339.12576	1593	15.4947
ERR13927339.12577	1611	18.6524
ERR13927339.12578	1534	13.6447
ERR13927339.12579	1573	21.3439
ERR13927339.12580	1438	16.0021
ERR13927339.12581	1583	20.7985
ERR13927339.12582	1585	22.2309
ERR13927339.12583	1620	18.3537
ERR13927339.12584	1499	16.4930
ERR13927339.12585	1555	14.4585
ERR13927339.12586	1571	20.2565
ERR13927339.12587	1552	19.1082
ERR13927339.12588	1562	18.6869
ERR13927339.12589	1536	17.1549
ERR13927339.12590	1555	19.3119
ERR13927339.12591	1585	16.7476
ERR13927339.12592	1588	18.2513
ERR13927339.12593	1574	15.9123
ERR13927339.12594	1573	16.5334
ERR13927339.12595	1518	14.9025
ERR13927339.12596	1578	16.9195
ERR13927339.12597	1546	17.7943
ERR13927339.12598	1539	17.8648
ERR13927339.12599	1549	20.8806
ERR13927339.12600	1291	18.4493
ERR13927339.12601	1546	20.0925
ERR13927339.12602	1566	18.8282
ERR13927339.12603	1548	17.8327
ERR13927339.12604	1547	17.4712
ERR13927339.12605	1585	17.3741
ERR13927339.12606	1551	16.0413
ERR13927339.12607	1552	16.2906
ERR13927339.12608	1478	16.3512
ERR13927339.12609	665	17.4842
ERR13927339.12610	1556	19.1761
ERR13927339.12611	1559	15.1090
ERR13927339.12612	1557	19.1008
ERR13927339.12613	1608	21.2917
ERR13927339.12614	1584	18.7443
ERR13927339.12615	1574	20.0883
ERR13927339.12616	1560	17.5295
ERR13927339.12617	1601	18.6590
ERR13927339.12618	1576	15.5780
ERR13927339.12619	1554	16.0103
ERR13927339.12620	1549	19.3183
ERR13927339.12621	1525	14.8564
ERR13927339.12622	1587	17.8664
ERR13927339.12623	2900	15.3048
ERR13927339.12624	1575	15.0419
ERR13927339.12625	1570	17.3032
ERR13927339.12626	1553	20.6246
ERR13927339.12627	1519	17.2159
ERR13927339.12628	188	12.3032
ERR13927339.12629	1580	15.5222
ERR13927339.12630	1577	14.8713
ERR13927339.12631	1533	18.7645
ERR13927339.12632	1522	15.4067
ERR13927339.12633	1523	15.6697
ERR13927339.12634	1573	17.2111
ERR13927339.12635	1549	17.3447
ERR13927339.12636	1558	19.7157
ERR13927339.12637	1591	18.8755
ERR13927339.12638	1552	16.7339
ERR13927339.12639	1598	18.2053
ERR13927339.12640	1575	18.9848
ERR13927339.12641	1599	18.2583
ERR13927339.12642	1543	18.5528
ERR13927339.12643	1570	18.2032
ERR13927339.12644	1557	18.5838
ERR13927339.12645	1586	19.7081
ERR13927339.12646	1564	18.7711
ERR13927339.12647	1310	19.3519
ERR13927339.12648	1558	19.7760
ERR13927339.12649	1541	18.5613
ERR13927339.12650	1555	16.3942
ERR13927339.12651	1541	20.1149
ERR13927339.12652	1592	17.5144
ERR13927339.12653	1587	15.0139
ERR13927339.12654	1566	16.0619
ERR13927339.12655	1569	15.5889
ERR13927339.12656	1609	17.9857
ERR13927339.12657	1526	16.1212
ERR13927339.12658	1559	17.0641
ERR13927339.12659	1553	21.6375
ERR13927339.12660	1584	21.3011
ERR13927339.12661	1534	17.1597
ERR13927339.12662	1559	17.4811
ERR13927339.12663	1514	17.0806
ERR13927339.12664	1551	18.8214
ERR13927339.12665	1550	17.3994
ERR13927339.12666	1558	16.4544
ERR13927339.12667	1584	17.7664
ERR13927339.12668	1588	20.9408
ERR13927339.12669	1584	17.8895
ERR13927339.12670	1567	21.0511
ERR13927339.12671	1548	15.9832
ERR13927339.12672	1563	15.4798
ERR13927339.12673	1507	18.8699
ERR13927339.12674	1508	17.0789
ERR13927339.12675	1557	17.6320
ERR13927339.12676	1585	19.3079
ERR13927339.12677	1501	15.5656
ERR13927339.12678	1561	15.2825
ERR13927339.12679	1527	17.8271
ERR13927339.12680	1607	16.0604
ERR13927339.12681	1610	16.3615
ERR13927339.12682	1450	15.4159
ERR13927339.12683	1593	17.4551
ERR13927339.12684	1508	20.5312
ERR13927339.12685	1762	18.7469
ERR13927339.12686	1571	20.7307
ERR13927339.12687	1541	16.6768
ERR13927339.12688	1563	20.0282
ERR13927339.12689	1587	19.6515
ERR13927339.12690	1568	17.2698
ERR13927339.12691	1542	18.5460
ERR13927339.12692	343	16.6676
ERR13927339.12693	1681	17.0446
ERR13927339.12694	1576	18.8750
ERR13927339.12695	1536	15.3835
ERR13927339.12696	1557	21.1085
ERR13927339.12697	1495	17.7264
ERR13927339.12698	925	18.0789
ERR13927339.12699	1599	16.8518
ERR13927339.12700	159	13.9182
ERR13927339.12701	1557	15.2916
ERR13927339.12702	1586	16.0145
ERR13927339.12703	1545	16.5379
ERR13927339.12704	1576	19.8039
ERR13927339.12705	1571	18.1509
ERR13927339.12706	1579	17.0013
ERR13927339.12707	1437	15.3396
ERR13927339.12708	1529	16.8823
ERR13927339.12709	1582	18.0051
ERR13927339.12710	1524	15.0558
ERR13927339.12711	1569	22.7087
ERR13927339.12712	1555	15.5576
ERR13927339.12713	1559	18.3855
ERR13927339.12714	1551	20.0683
ERR13927339.12715	1562	18.4545
ERR13927339.12716	1530	15.8170
ERR13927339.12717	1555	15.0553
ERR13927339.12718	1595	18.5925
ERR13927339.12719	1539	15.5387
ERR13927339.12720	1600	18.9838
ERR13927339.12721	1560	21.0692
ERR13927339.12722	1572	19.2322
ERR13927339.12723	1576	16.5679
ERR13927339.12724	1527	20.1866
ERR13927339.12725	1584	20.8144
ERR13927339.12726	1554	17.0212
ERR13927339.12727	2253	15.9827
ERR13927339.12728	1509	13.9655
ERR13927339.12729	1538	19.8979
ERR13927339.12730	1560	18.0071
ERR13927339.12731	1507	19.3318
ERR13927339.12732	416	14.7236
ERR13927339.12733	1556	16.1806
ERR13927339.12734	1607	17.9907
ERR13927339.12735	1531	14.2580
ERR13927339.12736	1533	18.3986
ERR13927339.12737	1561	15.4049
ERR13927339.12738	725	15.5090
ERR13927339.12739	1506	15.9515
ERR13927339.12740	1571	16.4462
ERR13927339.12741	1580	14.9513
ERR13927339.12742	1527	19.3340
ERR13927339.12743	1555	18.6611
ERR13927339.12744	1583	15.6507
ERR13927339.12745	1692	18.4823
ERR13927339.12746	1559	19.1424
ERR13927339.12747	682	15.5674
ERR13927339.12748	1564	20.9604
ERR13927339.12749	1463	14.5407
ERR13927339.12750	1558	19.8549
ERR13927339.12751	1607	16.4480
ERR13927339.12752	1589	17.6897
ERR13927339.12753	1576	17.0222
ERR13927339.12754	1555	16.7344
ERR13927339.12755	1598	18.2760
ERR13927339.12756	1569	13.6297
ERR13927339.12757	1560	16.4449
ERR13927339.12758	1531	15.9412
ERR13927339.12759	1619	17.5015
ERR13927339.12760	1531	17.1228
ERR13927339.12761	1482	16.3570
ERR13927339.12762	1635	17.9009
ERR13927339.12763	1547	17.2560
ERR13927339.12764	1535	17.1401
ERR13927339.12765	1663	17.4366
ERR13927339.12766	1560	17.7538
ERR13927339.12767	453	14.5695
ERR13927339.12768	862	14.1392
ERR13927339.12769	1574	17.5642
ERR13927339.12770	1514	20.3190
ERR13927339.12771	1566	19.6520
ERR13927339.12772	1550	15.7458
ERR13927339.12773	1561	19.1236
ERR13927339.12774	1533	15.5734
ERR13927339.12775	1570	18.8561
ERR13927339.12776	1573	16.3115
ERR13927339.12777	1584	20.8851
ERR13927339.12778	1613	17.4340
ERR13927339.12779	1552	17.7062
ERR13927339.12780	1524	17.0453
ERR13927339.12781	1585	19.0385
ERR13927339.12782	1566	15.3710
ERR13927339.12783	1589	20.6652
ERR13927339.12784	1600	17.5631
ERR13927339.12785	1573	20.3223
ERR13927339.12786	1508	13.9436
ERR13927339.12787	1587	18.9458
ERR13927339.12788	1592	15.7412
ERR13927339.12789	1546	15.9715
ERR13927339.12790	1569	21.6609
ERR13927339.12791	1598	22.7059
ERR13927339.12792	1610	16.9217
ERR13927339.12793	1499	15.3856
ERR13927339.12794	1537	14.9818
ERR13927339.12795	1534	16.0280
ERR13927339.12796	1570	16.9879
ERR13927339.12797	1516	15.5759
ERR13927339.12798	1550	19.5316
ERR13927339.12799	1619	18.3681
ERR13927339.12800	1589	20.9572
ERR13927339.12801	1574	18.8609
ERR13927339.12802	1533	15.0522
ERR13927339.12803	1565	13.9796
ERR13927339.12804	1597	19.5379
ERR13927339.12805	1566	17.6130
ERR13927339.12806	1562	19.1293
ERR13927339.12807	1569	16.6692
ERR13927339.12808	1557	18.3051
ERR13927339.12809	1516	15.4835
ERR13927339.12810	1567	18.3599
ERR13927339.12811	1553	17.3728
ERR13927339.12812	1365	18.4513
ERR13927339.12813	1545	17.3424
ERR13927339.12814	1574	15.2211
ERR13927339.12815	1577	17.7058
ERR13927339.12816	1577	17.9017
ERR13927339.12817	1630	18.2767
ERR13927339.12818	1584	19.1376
ERR13927339.12819	1578	15.6286
ERR13927339.12820	1538	16.7295
ERR13927339.12821	1491	15.1938
ERR13927339.12822	1618	17.3677
ERR13927339.12823	1518	14.4433
ERR13927339.12824	1571	22.2094
ERR13927339.12825	1557	17.0443
ERR13927339.12826	1556	13.9203
ERR13927339.12827	1580	17.3177
ERR13927339.12828	1569	19.0835
ERR13927339.12829	1595	21.8947
ERR13927339.12830	1575	18.4178
ERR13927339.12831	1548	18.8721
ERR13927339.12832	1568	15.1607
ERR13927339.12833	1549	15.8205
ERR13927339.12834	1575	16.7022
ERR13927339.12835	1514	16.2391
ERR13927339.12836	1516	15.3832
ERR13927339.12837	1557	14.4393
ERR13927339.12838	1555	18.5305
ERR13927339.12839	1556	17.3779
ERR13927339.12840	1566	17.4393
ERR13927339.12841	1569	16.6291
ERR13927339.12842	1578	20.4823
ERR13927339.12843	1006	15.7396
ERR13927339.12844	1556	20.1639
ERR13927339.12845	1577	16.0824
ERR13927339.12846	1529	16.9444
ERR13927339.12847	1560	18.2949
ERR13927339.12848	1016	18.2717
ERR13927339.12849	1562	14.7714
ERR13927339.12850	1561	17.6656
ERR13927339.12851	1566	16.3812
ERR13927339.12852	1547	20.4803
ERR13927339.12853	1557	17.3404
ERR13927339.12854	1533	16.1716
ERR13927339.12855	1567	17.3082
ERR13927339.12856	1534	14.9342
ERR13927339.12857	1576	18.1371
ERR13927339.12858	1558	17.7677
ERR13927339.12859	1518	16.4651
ERR13927339.12860	1548	15.5446
ERR13927339.12861	1577	19.3684
ERR13927339.12862	1571	14.4430
ERR13927339.12863	1569	16.5035
ERR13927339.12864	1599	16.3408
ERR13927339.12865	1562	16.0307
ERR13927339.12866	1557	20.9403
ERR13927339.12867	1596	16.1510
ERR13927339.12868	1559	20.2771
ERR13927339.12869	1617	18.6531
ERR13927339.12870	1555	16.3543
ERR13927339.12871	1520	15.1322
ERR13927339.12872	1529	16.2865
ERR13927339.12873	1771	19.8933
ERR13927339.12874	1539	19.6075
ERR13927339.12875	1038	16.7601
ERR13927339.12876	1583	20.6873
ERR13927339.12877	1550	15.0561
ERR13927339.12878	732	15.7104
ERR13927339.12879	1563	13.8592
ERR13927339.12880	1538	15.1782
ERR13927339.12881	1715	16.8845
ERR13927339.12882	1495	15.3666
ERR13927339.12883	1586	15.7282
ERR13927339.12884	1520	15.8618
ERR13927339.12885	1560	18.2667
ERR13927339.12886	1523	15.2915
ERR13927339.12887	1541	19.2583
ERR13927339.12888	1555	16.8862
ERR13927339.12889	1574	19.7414
ERR13927339.12890	1563	16.7108
ERR13927339.12891	1538	18.7230
ERR13927339.12892	1576	17.2576
ERR13927339.12893	1587	15.1468
ERR13927339.12894	1578	17.7224
ERR13927339.12895	1582	19.3748
ERR13927339.12896	1558	17.1406
ERR13927339.12897	1563	19.9098
ERR13927339.12898	1578	16.0196
ERR13927339.12899	1579	17.9455
ERR13927339.12900	1565	19.7310
ERR13927339.12901	1579	18.5858
ERR13927339.12902	1590	19.2308
ERR13927339.12903	1523	16.1188
ERR13927339.12904	1571	21.5468
ERR13927339.12905	1598	19.9111
ERR13927339.12906	1535	14.9016
ERR13927339.12907	1536	17.1120
ERR13927339.12908	1575	18.2438
ERR13927339.12909	1546	18.5750
ERR13927339.12910	1544	17.6593
ERR13927339.12911	1520	15.6612
ERR13927339.12912	1396	14.8603
ERR13927339.12913	1567	17.9694
ERR13927339.12914	1599	19.5197
ERR13927339.12915	1601	17.5309
ERR13927339.12916	1545	18.2278
ERR13927339.12917	1588	17.2154
ERR13927339.12918	1566	18.5504
ERR13927339.12919	1540	20.7935
ERR13927339.12920	1534	17.9817
ERR13927339.12921	1591	23.5016
ERR13927339.12922	1568	20.0325
ERR13927339.12923	659	17.7238
ERR13927339.12924	1557	21.0578
ERR13927339.12925	1551	15.6041
ERR13927339.12926	1533	16.6810
ERR13927339.12927	246	17.0691
ERR13927339.12928	1603	19.9969
ERR13927339.12929	1560	17.6462
ERR13927339.12930	1608	20.3682
ERR13927339.12931	1556	20.7172
ERR13927339.12932	1583	20.3468
ERR13927339.12933	1560	20.0750
ERR13927339.12934	1551	19.2727
ERR13927339.12935	1522	17.3666
ERR13927339.12936	1568	18.8457
ERR13927339.12937	1553	18.6471
ERR13927339.12938	1564	14.9668
ERR13927339.12939	1575	18.4616
ERR13927339.12940	1577	19.3164
ERR13927339.12941	1679	17.6742
ERR13927339.12942	1531	18.3364
ERR13927339.12943	1578	19.8169
ERR13927339.12944	1544	20.6813
ERR13927339.12945	1594	17.4812
ERR13927339.12946	1577	20.5472
ERR13927339.12947	1549	18.2556
ERR13927339.12948	1601	18.7577
ERR13927339.12949	1598	14.6264
ERR13927339.12950	1581	20.1746
ERR13927339.12951	1609	17.5525
ERR13927339.12952	1553	17.0599
ERR13927339.12953	1570	19.0586
ERR13927339.12954	1569	19.5500
ERR13927339.12955	1553	19.2267
ERR13927339.12956	1568	17.4062
ERR13927339.12957	1574	18.4492
ERR13927339.12958	1561	17.6791
ERR13927339.12959	1013	18.9733
ERR13927339.12960	1571	18.5417
ERR13927339.12961	1552	17.2378
ERR13927339.12962	1570	18.6045
ERR13927339.12963	1581	20.0202
ERR13927339.12964	1614	16.2237
ERR13927339.12965	1576	17.1586
ERR13927339.12966	1559	18.4529
ERR13927339.12967	1556	14.2024
ERR13927339.12968	1557	17.6615
ERR13927339.12969	1606	16.6526
ERR13927339.12970	1607	19.3429
ERR13927339.12971	1565	18.4633
ERR13927339.12972	1576	18.2716
ERR13927339.12973	1618	20.1527
ERR13927339.12974	1566	18.6820
ERR13927339.12975	1601	20.3335
ERR13927339.12976	1689	20.3878
ERR13927339.12977	482	19.3963
ERR13927339.12978	1580	19.2715
ERR13927339.12979	1589	20.9761
ERR13927339.12980	1530	20.0791
ERR13927339.12981	1572	18.9962
ERR13927339.12982	1611	20.4084
ERR13927339.12983	1565	17.6990
ERR13927339.12984	1580	17.2196
ERR13927339.12985	1556	18.3464
ERR13927339.12986	1571	19.6461
ERR13927339.12987	1572	18.9987
ERR13927339.12988	1529	16.0491
ERR13927339.12989	1574	21.8831
ERR13927339.12990	1562	19.6396
ERR13927339.12991	1595	18.3260
ERR13927339.12992	1554	19.0077
ERR13927339.12993	1562	18.6543
ERR13927339.12994	1581	18.5364
ERR13927339.12995	1596	18.7845
ERR13927339.12996	1548	16.6434
ERR13927339.12997	1571	17.4927
ERR13927339.12998	1560	19.9718
ERR13927339.12999	1553	17.2222
ERR13927339.13000	1573	19.7413
ERR13927339.13001	1581	19.2581
ERR13927339.13002	1569	19.8158
ERR13927339.13003	1572	20.1908
ERR13927339.13004	1574	20.8431
ERR13927339.13005	1592	17.8869
ERR13927339.13006	1583	20.1434
ERR13927339.13007	1574	19.5527
ERR13927339.13008	1617	20.3692
ERR13927339.13009	1555	15.6598
ERR13927339.13010	1579	14.9956
ERR13927339.13011	443	13.3860
ERR13927339.13012	1565	19.2722
ERR13927339.13013	1222	20.0237
ERR13927339.13014	1604	19.3198
ERR13927339.13015	1567	17.3031
ERR13927339.13016	1561	17.1550
ERR13927339.13017	743	13.6070
ERR13927339.13018	1586	17.7894
ERR13927339.13019	1588	20.2525
ERR13927339.13020	1576	20.2291
ERR13927339.13021	1588	17.7059
ERR13927339.13022	1606	17.9975
ERR13927339.13023	1582	22.0626
ERR13927339.13024	1534	14.4974
ERR13927339.13025	1601	15.9575
ERR13927339.13026	1574	17.4981
ERR13927339.13027	1606	17.5679
ERR13927339.13028	1586	16.8531
ERR13927339.13029	1278	17.7520
ERR13927339.13030	1531	17.1104
ERR13927339.13031	1595	16.1530
ERR13927339.13032	1303	20.3285
ERR13927339.13033	1566	16.9796
ERR13927339.13034	1555	20.7145
ERR13927339.13035	1579	19.1153
ERR13927339.13036	1570	20.0917
ERR13927339.13037	1569	19.0108
ERR13927339.13038	1543	17.9702
ERR13927339.13039	1603	18.7149
ERR13927339.13040	528	14.1231
ERR13927339.13041	1566	19.5894
ERR13927339.13042	1573	17.1818
ERR13927339.13043	1629	18.6654
ERR13927339.13044	1554	15.8996
ERR13927339.13045	1560	19.4115
ERR13927339.13046	1547	16.7311
ERR13927339.13047	1571	17.6544
ERR13927339.13048	1547	17.2443
ERR13927339.13049	1534	17.0372
ERR13927339.13050	1559	17.0391
ERR13927339.13051	1606	18.5641
ERR13927339.13052	1564	19.3069
ERR13927339.13053	1497	16.6860
ERR13927339.13054	1541	18.6398
ERR13927339.13055	1563	17.8477
ERR13927339.13056	1605	16.5009
ERR13927339.13057	1564	15.7813
ERR13927339.13058	1593	18.7740
ERR13927339.13059	1570	15.5439
ERR13927339.13060	1533	16.2948
ERR13927339.13061	1531	17.9438
ERR13927339.13062	1570	18.5452
ERR13927339.13063	1543	17.4245
ERR13927339.13064	1545	15.6913
ERR13927339.13065	1550	22.1013
ERR13927339.13066	1592	18.6652
ERR13927339.13067	1579	18.5244
ERR13927339.13068	1524	20.5669
ERR13927339.13069	1586	15.6677
ERR13927339.13070	1563	16.8401
ERR13927339.13071	1562	18.7222
ERR13927339.13072	1559	17.7473
ERR13927339.13073	1552	16.8157
ERR13927339.13074	1538	18.8570
ERR13927339.13075	1704	15.6819
ERR13927339.13076	1535	15.1909
ERR13927339.13077	1596	16.6247
ERR13927339.13078	1542	15.1615
ERR13927339.13079	1583	14.7164
ERR13927339.13080	1509	16.6448
ERR13927339.13081	332	15.1627
ERR13927339.13082	1573	22.3160
ERR13927339.13083	1551	16.9813
ERR13927339.13084	1596	20.7820
ERR13927339.13085	1371	16.5150
ERR13927339.13086	1557	17.6898
ERR13927339.13087	1566	14.8614
ERR13927339.13088	1555	16.5910
ERR13927339.13089	1574	18.8990
ERR13927339.13090	1546	16.6145
ERR13927339.13091	1488	16.1378
ERR13927339.13092	1546	16.7930
ERR13927339.13093	1566	19.8084
ERR13927339.13094	1601	20.8463
ERR13927339.13095	1559	16.2598
ERR13927339.13096	355	19.0620
ERR13927339.13097	1554	17.4382
ERR13927339.13098	1563	16.7985
ERR13927339.13099	1558	16.5327
ERR13927339.13100	1533	14.4403
ERR13927339.13101	1562	18.6933
ERR13927339.13102	1530	15.6431
ERR13927339.13103	1558	16.7157
ERR13927339.13104	1561	15.6489
ERR13927339.13105	1380	18.0928
ERR13927339.13106	1566	16.8046
ERR13927339.13107	1581	14.9317
ERR13927339.13108	1562	20.7202
ERR13927339.13109	1186	19.0160
ERR13927339.13110	1572	18.0878
ERR13927339.13111	1562	19.2881
ERR13927339.13112	1583	17.4826
ERR13927339.13113	818	16.1932
ERR13927339.13114	1572	18.2710
ERR13927339.13115	1588	17.5359
ERR13927339.13116	1541	20.1772
ERR13927339.13117	1561	17.0128
ERR13927339.13118	1571	17.4023
ERR13927339.13119	1556	18.0129
ERR13927339.13120	1618	21.5056
ERR13927339.13121	1554	16.0772
ERR13927339.13122	1546	21.0815
ERR13927339.13123	1526	17.8657
ERR13927339.13124	730	16.9411
ERR13927339.13125	1563	16.9405
ERR13927339.13126	1606	18.3281
ERR13927339.13127	1547	18.1842
ERR13927339.13128	1525	16.1180
ERR13927339.13129	1479	15.6863
ERR13927339.13130	1563	19.1235
ERR13927339.13131	1567	19.8086
ERR13927339.13132	1538	17.0728
ERR13927339.13133	1569	20.0134
ERR13927339.13134	1530	15.6549
ERR13927339.13135	1525	17.3115
ERR13927339.13136	1573	20.2371
ERR13927339.13137	423	17.1915
ERR13927339.13138	1539	15.5010
ERR13927339.13139	1552	20.4059
ERR13927339.13140	1551	22.0993
ERR13927339.13141	1498	18.0848
ERR13927339.13142	1519	17.1843
ERR13927339.13143	1566	17.0434
ERR13927339.13144	1556	19.7494
ERR13927339.13145	1567	18.0274
ERR13927339.13146	1561	20.4228
ERR13927339.13147	1528	14.0726
ERR13927339.13148	1551	17.7228
ERR13927339.13149	1573	19.0579
ERR13927339.13150	1563	16.6488
ERR13927339.13151	419	16.4702
ERR13927339.13152	1562	15.3688
ERR13927339.13153	1554	19.1982
ERR13927339.13154	1577	15.7001
ERR13927339.13155	1527	14.3694
ERR13927339.13156	1532	17.7441
ERR13927339.13157	1567	14.1251
ERR13927339.13158	1537	18.9278
ERR13927339.13159	1538	15.0306
ERR13927339.13160	1566	18.6960
ERR13927339.13161	1572	17.8721
ERR13927339.13162	1609	18.1461
ERR13927339.13163	1559	15.2919
ERR13927339.13164	1525	15.1338
ERR13927339.13165	1614	21.5936
ERR13927339.13166	1567	18.7601
ERR13927339.13167	1574	18.6480
ERR13927339.13168	1602	16.4588
ERR13927339.13169	1564	19.2436
ERR13927339.13170	1525	15.3934
ERR13927339.13171	1528	16.0216
ERR13927339.13172	1569	16.4009
ERR13927339.13173	1550	14.4116
ERR13927339.13174	1555	17.1936
ERR13927339.13175	1552	19.2313
ERR13927339.13176	1664	15.3221
ERR13927339.13177	1530	17.8137
ERR13927339.13178	1565	17.2550
ERR13927339.13179	1226	15.8140
ERR13927339.13180	1583	17.0846
ERR13927339.13181	1620	22.2975
ERR13927339.13182	1575	18.2279
ERR13927339.13183	1574	20.7884
ERR13927339.13184	1604	18.7756
ERR13927339.13185	1530	14.3222
ERR13927339.13186	1479	15.7201
ERR13927339.13187	1582	18.2920
ERR13927339.13188	1620	19.9630
ERR13927339.13189	1588	18.7311
ERR13927339.13190	1553	16.4675
ERR13927339.13191	1539	19.8791
ERR13927339.13192	1568	16.2226
ERR13927339.13193	1563	18.7287
ERR13927339.13194	1557	16.8786
ERR13927339.13195	1541	15.4984
ERR13927339.13196	1574	21.3189
ERR13927339.13197	1565	20.2888
ERR13927339.13198	1552	17.7017
ERR13927339.13199	1553	17.8783
ERR13927339.13200	1584	18.9299
ERR13927339.13201	1578	18.4366
ERR13927339.13202	1559	20.2284
ERR13927339.13203	1587	20.4449
ERR13927339.13204	1531	18.1646
ERR13927339.13205	1550	18.1690
ERR13927339.13206	1615	16.3028
ERR13927339.13207	1617	17.7607
ERR13927339.13208	1536	19.0911
ERR13927339.13209	1571	16.3399
ERR13927339.13210	1563	15.4792
ERR13927339.13211	1555	19.6592
ERR13927339.13212	1562	19.2657
ERR13927339.13213	1537	15.3728
ERR13927339.13214	1538	16.5436
ERR13927339.13215	1534	15.8181
ERR13927339.13216	1570	18.6395
ERR13927339.13217	1590	19.3277
ERR13927339.13218	1589	16.5626
ERR13927339.13219	1556	20.0521
ERR13927339.13220	1410	15.1156
ERR13927339.13221	1606	18.1220
ERR13927339.13222	1497	17.2004
ERR13927339.13223	1583	16.3904
ERR13927339.13224	1576	16.4385
ERR13927339.13225	1560	15.0660
ERR13927339.13226	1546	17.0712
ERR13927339.13227	1591	16.5789
ERR13927339.13228	1574	20.7598
ERR13927339.13229	1555	16.1955
ERR13927339.13230	1575	19.1740
ERR13927339.13231	1579	20.0101
ERR13927339.13232	1586	17.2831
ERR13927339.13233	1568	15.6518
ERR13927339.13234	1507	15.7551
ERR13927339.13235	1552	14.9381
ERR13927339.13236	1566	18.2637
ERR13927339.13237	1570	18.5223
ERR13927339.13238	1004	16.9671
ERR13927339.13239	1585	18.3375
ERR13927339.13240	1575	20.2800
ERR13927339.13241	1602	21.7759
ERR13927339.13242	1545	16.0861
ERR13927339.13243	1601	15.1930
ERR13927339.13244	1542	17.6258
ERR13927339.13245	1611	16.7517
ERR13927339.13246	1500	16.6547
ERR13927339.13247	1518	15.6041
ERR13927339.13248	1559	16.0641
ERR13927339.13249	1570	19.5197
ERR13927339.13250	1519	16.2284
ERR13927339.13251	1598	18.0513
ERR13927339.13252	1305	15.5747
ERR13927339.13253	1576	16.8845
ERR13927339.13254	1591	16.6386
ERR13927339.13255	1598	19.6308
ERR13927339.13256	1573	19.3738
ERR13927339.13257	1597	19.0219
ERR13927339.13258	1549	21.0813
ERR13927339.13259	413	15.8475
ERR13927339.13260	1585	16.2681
ERR13927339.13261	1553	16.6188
ERR13927339.13262	1617	20.5937
ERR13927339.13263	1573	18.2556
ERR13927339.13264	1552	16.5264
ERR13927339.13265	1557	17.0308
ERR13927339.13266	1303	15.3277
ERR13927339.13267	1563	17.7658
ERR13927339.13268	1560	16.7917
ERR13927339.13269	1564	15.6215
ERR13927339.13270	1556	20.8374
ERR13927339.13271	1528	19.4647
ERR13927339.13272	1562	20.8508
ERR13927339.13273	1575	19.6724
ERR13927339.13274	1489	15.7166
ERR13927339.13275	1577	21.8212
ERR13927339.13276	1551	17.5126
ERR13927339.13277	1594	15.9115
ERR13927339.13278	318	17.8899
ERR13927339.13279	1701	15.7607
ERR13927339.13280	1665	17.9616
ERR13927339.13281	1572	16.8015
ERR13927339.13282	1552	17.0889
ERR13927339.13283	1585	19.0940
ERR13927339.13284	1567	17.9898
ERR13927339.13285	1467	15.1704
ERR13927339.13286	1481	15.6077
ERR13927339.13287	677	14.9129
ERR13927339.13288	1541	19.2291
ERR13927339.13289	513	17.1774
ERR13927339.13290	1574	15.8869
ERR13927339.13291	1608	18.4055
ERR13927339.13292	1592	17.5672
ERR13927339.13293	1583	17.5464
ERR13927339.13294	1619	17.3243
ERR13927339.13295	1601	18.8039
ERR13927339.13296	1652	19.3729
ERR13927339.13297	1540	17.5584
ERR13927339.13298	1602	13.9725
ERR13927339.13299	1458	15.1728
ERR13927339.13300	1574	16.8723
ERR13927339.13301	1577	18.8186
ERR13927339.13302	1546	18.2995
ERR13927339.13303	1568	16.4790
ERR13927339.13304	1589	18.8792
ERR13927339.13305	1571	16.1891
ERR13927339.13306	1532	17.1051
ERR13927339.13307	1545	17.0861
ERR13927339.13308	1569	15.3665
ERR13927339.13309	822	15.6971
ERR13927339.13310	1552	21.3995
ERR13927339.13311	1546	19.1921
ERR13927339.13312	710	17.3704
ERR13927339.13313	1541	20.6567
ERR13927339.13314	1966	15.0565
ERR13927339.13315	1573	19.4005
ERR13927339.13316	1584	20.9312
ERR13927339.13317	1569	15.0860
ERR13927339.13318	1550	17.0232
ERR13927339.13319	1565	16.2077
ERR13927339.13320	1536	17.4043
ERR13927339.13321	1577	21.3564
ERR13927339.13322	1582	17.1789
ERR13927339.13323	1554	18.9472
ERR13927339.13324	1580	20.3253
ERR13927339.13325	1576	19.5958
ERR13927339.13326	863	15.9050
ERR13927339.13327	1543	16.2508
ERR13927339.13328	1630	19.1043
ERR13927339.13329	1565	15.6026
ERR13927339.13330	1568	20.0708
ERR13927339.13331	1576	18.3293
ERR13927339.13332	1567	17.3542
ERR13927339.13333	1294	14.3153
ERR13927339.13334	1564	17.1944
ERR13927339.13335	1551	16.0961
ERR13927339.13336	1602	18.7272
ERR13927339.13337	1572	19.1380
ERR13927339.13338	1558	16.8261
ERR13927339.13339	1554	15.6564
ERR13927339.13340	1536	18.9870
ERR13927339.13341	1566	17.0754
ERR13927339.13342	1548	18.5497
ERR13927339.13343	1563	16.8061
ERR13927339.13344	1529	14.7783
ERR13927339.13345	1565	19.0645
ERR13927339.13346	1560	22.6635
ERR13927339.13347	1565	19.1233
ERR13927339.13348	1608	16.1965
ERR13927339.13349	1534	15.5482
ERR13927339.13350	1558	19.2657
ERR13927339.13351	1569	19.6080
ERR13927339.13352	1567	16.6981
ERR13927339.13353	1590	16.8252
ERR13927339.13354	1575	17.7683
ERR13927339.13355	1487	18.8003
ERR13927339.13356	1549	15.8031
ERR13927339.13357	1608	18.5423
ERR13927339.13358	1560	16.7314
ERR13927339.13359	1554	18.9131
ERR13927339.13360	1540	14.6253
ERR13927339.13361	1591	17.7542
ERR13927339.13362	1540	16.2117
ERR13927339.13363	1567	19.0868
ERR13927339.13364	1559	14.9089
ERR13927339.13365	1553	17.0393
ERR13927339.13366	1525	17.6466
ERR13927339.13367	1555	17.6534
ERR13927339.13368	1562	16.6434
ERR13927339.13369	1579	16.5522
ERR13927339.13370	1535	19.6091
ERR13927339.13371	1559	15.5613
ERR13927339.13372	1610	17.4435
ERR13927339.13373	1514	17.5522
ERR13927339.13374	1544	15.2694
ERR13927339.13375	1573	16.1360
ERR13927339.13376	1572	18.6380
ERR13927339.13377	1556	16.5726
ERR13927339.13378	1619	19.5639
ERR13927339.13379	1559	15.8326
ERR13927339.13380	1571	16.9828
ERR13927339.13381	1552	15.0889
ERR13927339.13382	1547	14.7460
ERR13927339.13383	1527	18.5691
ERR13927339.13384	1526	15.0845
ERR13927339.13385	1548	18.0956
ERR13927339.13386	1587	15.9408
ERR13927339.13387	1566	21.0268
ERR13927339.13388	1557	20.8902
ERR13927339.13389	1527	14.9777
ERR13927339.13390	1547	14.9955
ERR13927339.13391	1511	15.8041
ERR13927339.13392	1528	15.9516
ERR13927339.13393	1541	17.5133
ERR13927339.13394	1506	13.4442
ERR13927339.13395	1593	17.3591
ERR13927339.13396	1577	16.7971
ERR13927339.13397	1567	18.1519
ERR13927339.13398	1588	17.5668
ERR13927339.13399	1548	15.4994
ERR13927339.13400	1566	16.8084
ERR13927339.13401	1586	19.5498
ERR13927339.13402	1572	17.8416
ERR13927339.13403	1577	16.0431
ERR13927339.13404	1532	13.8747
ERR13927339.13405	1549	17.5591
ERR13927339.13406	1594	20.8225
ERR13927339.13407	1578	16.5342
ERR13927339.13408	1555	17.8424
ERR13927339.13409	1567	20.2629
ERR13927339.13410	1512	18.9398
ERR13927339.13411	1561	19.1813
ERR13927339.13412	1580	16.2930
ERR13927339.13413	1542	18.2406
ERR13927339.13414	1376	17.2805
ERR13927339.13415	1564	19.4648
ERR13927339.13416	1544	15.9903
ERR13927339.13417	1577	15.0583
ERR13927339.13418	1534	18.6499
ERR13927339.13419	1331	16.2757
ERR13927339.13420	1557	17.7123
ERR13927339.13421	1562	20.2286
ERR13927339.13422	1616	18.7351
ERR13927339.13423	1574	19.5388
ERR13927339.13424	1577	19.5485
ERR13927339.13425	1577	15.5732
ERR13927339.13426	1794	17.0056
ERR13927339.13427	1541	21.0026
ERR13927339.13428	1579	19.0399
ERR13927339.13429	1503	16.0486
ERR13927339.13430	1591	17.9013
ERR13927339.13431	294	14.3333
ERR13927339.13432	1558	15.9204
ERR13927339.13433	1499	16.8159
ERR13927339.13434	1580	15.5070
ERR13927339.13435	1556	16.8612
ERR13927339.13436	1586	18.0511
ERR13927339.13437	1553	16.7663
ERR13927339.13438	1553	20.3323
ERR13927339.13439	1565	16.1923
ERR13927339.13440	1536	19.9147
ERR13927339.13441	1579	17.9829
ERR13927339.13442	1581	19.5003
ERR13927339.13443	1567	16.2610
ERR13927339.13444	1580	15.8500
ERR13927339.13445	1585	17.3262
ERR13927339.13446	939	15.5059
ERR13927339.13447	1537	18.3624
ERR13927339.13448	1577	18.0355
ERR13927339.13449	1580	17.3544
ERR13927339.13450	1572	16.2627
ERR13927339.13451	1551	17.1180
ERR13927339.13452	1564	19.4789
ERR13927339.13453	1548	17.0730
ERR13927339.13454	1533	18.3294
ERR13927339.13455	1584	17.3510
ERR13927339.13456	1529	19.6364
ERR13927339.13457	1553	16.9839
ERR13927339.13458	1551	18.4565
ERR13927339.13459	1558	22.5295
ERR13927339.13460	1556	15.8310
ERR13927339.13461	1549	16.6527
ERR13927339.13462	1564	18.6726
ERR13927339.13463	1514	17.6816
ERR13927339.13464	1551	16.0303
ERR13927339.13465	1646	15.8688
ERR13927339.13466	1588	15.6467
ERR13927339.13467	1595	14.0464
ERR13927339.13468	1560	17.0288
ERR13927339.13469	1580	17.4987
ERR13927339.13470	1551	17.7911
ERR13927339.13471	1583	15.6595
ERR13927339.13472	1547	15.7925
ERR13927339.13473	1588	19.0472
ERR13927339.13474	1542	16.3158
ERR13927339.13475	1595	14.5561
ERR13927339.13476	1626	18.0726
ERR13927339.13477	1564	20.6752
ERR13927339.13478	1580	17.1437
ERR13927339.13479	1525	16.1370
ERR13927339.13480	1596	18.5827
ERR13927339.13481	279	16.6129
ERR13927339.13482	1564	17.3050
ERR13927339.13483	1457	16.0590
ERR13927339.13484	1473	17.1208
ERR13927339.13485	1570	20.3280
ERR13927339.13486	1545	21.3748
ERR13927339.13487	1460	15.9397
ERR13927339.13488	1559	18.0725
ERR13927339.13489	1540	20.7526
ERR13927339.13490	1534	17.4368
ERR13927339.13491	1570	17.3166
ERR13927339.13492	1492	15.5945
ERR13927339.13493	1530	15.5301
ERR13927339.13494	1572	16.3950
ERR13927339.13495	1519	14.9559
ERR13927339.13496	1549	16.7088
ERR13927339.13497	1551	14.4977
ERR13927339.13498	1565	20.4914
ERR13927339.13499	1538	16.8069
ERR13927339.13500	1608	17.9857
ERR13927339.13501	1542	15.3457
ERR13927339.13502	1587	19.6572
ERR13927339.13503	1506	17.1036
ERR13927339.13504	1528	16.0432
ERR13927339.13505	1528	18.3678
ERR13927339.13506	1557	18.4168
ERR13927339.13507	1596	19.6748
ERR13927339.13508	1560	14.1859
ERR13927339.13509	1529	16.1158
ERR13927339.13510	1613	17.0136
ERR13927339.13511	1611	16.7548
ERR13927339.13512	1563	15.9827
ERR13927339.13513	1582	17.9292
ERR13927339.13514	1537	15.4457
ERR13927339.13515	1542	18.7776
ERR13927339.13516	1567	21.2559
ERR13927339.13517	1533	14.2544
ERR13927339.13518	1534	18.2608
ERR13927339.13519	1603	18.7773
ERR13927339.13520	1545	15.6919
ERR13927339.13521	1555	13.9492
ERR13927339.13522	1600	17.6588
ERR13927339.13523	1543	16.3202
ERR13927339.13524	1572	16.5751
ERR13927339.13525	1543	16.9047
ERR13927339.13526	1558	17.2612
ERR13927339.13527	1606	19.2597
ERR13927339.13528	1530	16.2183
ERR13927339.13529	1582	16.9121
ERR13927339.13530	1573	19.2594
ERR13927339.13531	1567	20.1685
ERR13927339.13532	1571	19.4685
ERR13927339.13533	1532	18.2807
ERR13927339.13534	1607	18.8195
ERR13927339.13535	1629	14.8459
ERR13927339.13536	1536	18.9980
ERR13927339.13537	1534	17.5847
ERR13927339.13538	1557	16.4753
ERR13927339.13539	1555	16.0129
ERR13927339.13540	1534	15.9713
ERR13927339.13541	1585	15.6524
ERR13927339.13542	1580	19.4766
ERR13927339.13543	1553	14.6941
ERR13927339.13544	1590	17.4270
ERR13927339.13545	1556	18.3188
ERR13927339.13546	1575	19.1956
ERR13927339.13547	278	15.6727
ERR13927339.13548	1576	18.3794
ERR13927339.13549	1533	16.8389
ERR13927339.13550	1586	17.7888
ERR13927339.13551	1560	20.7276
ERR13927339.13552	1558	19.2632
ERR13927339.13553	1516	14.6656
ERR13927339.13554	1580	20.2234
ERR13927339.13555	1535	17.3570
ERR13927339.13556	1548	16.0078
ERR13927339.13557	1562	17.7695
ERR13927339.13558	1564	18.2909
ERR13927339.13559	1544	16.2513
ERR13927339.13560	1544	19.9326
ERR13927339.13561	1573	16.2441
ERR13927339.13562	1532	15.0927
ERR13927339.13563	1531	15.8596
ERR13927339.13564	1534	17.1252
ERR13927339.13565	1557	16.6570
ERR13927339.13566	1529	17.5821
ERR13927339.13567	1575	17.6311
ERR13927339.13568	935	18.9080
ERR13927339.13569	1562	16.4174
ERR13927339.13570	1535	15.8710
ERR13927339.13571	1571	17.6467
ERR13927339.13572	1896	20.6498
ERR13927339.13573	1572	16.0821
ERR13927339.13574	1546	19.5686
ERR13927339.13575	1564	17.1407
ERR13927339.13576	1590	18.3409
ERR13927339.13577	1563	18.3410
ERR13927339.13578	1559	16.8724
ERR13927339.13579	1550	17.4723
ERR13927339.13580	1532	15.2043
ERR13927339.13581	1588	19.2191
ERR13927339.13582	1588	14.8451
ERR13927339.13583	1543	14.8114
ERR13927339.13584	1487	15.7007
ERR13927339.13585	1576	18.4239
ERR13927339.13586	1557	20.1946
ERR13927339.13587	1541	14.7813
ERR13927339.13588	1565	18.1534
ERR13927339.13589	1509	17.6653
ERR13927339.13590	1584	19.4192
ERR13927339.13591	1553	18.0200
ERR13927339.13592	1562	17.9059
ERR13927339.13593	1598	20.8267
ERR13927339.13594	1535	19.4137
ERR13927339.13595	1611	18.0720
ERR13927339.13596	1584	18.8984
ERR13927339.13597	1612	18.7996
ERR13927339.13598	1524	15.7605
ERR13927339.13599	1609	14.8825
ERR13927339.13600	1495	20.1659
ERR13927339.13601	1540	17.7299
ERR13927339.13602	1551	18.5906
ERR13927339.13603	1587	16.0063
ERR13927339.13604	1526	19.9790
ERR13927339.13605	1566	17.5888
ERR13927339.13606	1545	15.6252
ERR13927339.13607	1570	18.9459
ERR13927339.13608	1546	18.9851
ERR13927339.13609	692	16.1749
ERR13927339.13610	1589	17.9346
ERR13927339.13611	1607	17.8233
ERR13927339.13612	1552	17.8602
ERR13927339.13613	1464	18.4146
ERR13927339.13614	1541	19.1382
ERR13927339.13615	1526	19.0013
ERR13927339.13616	1553	14.4662
ERR13927339.13617	1594	19.3024
ERR13927339.13618	1553	21.3052
ERR13927339.13619	1581	17.7805
ERR13927339.13620	1550	19.2387
ERR13927339.13621	1600	17.5275
ERR13927339.13622	1560	19.1103
ERR13927339.13623	1539	17.7999
ERR13927339.13624	1575	21.0114
ERR13927339.13625	1567	18.0472
ERR13927339.13626	1538	15.4922
ERR13927339.13627	1522	16.0138
ERR13927339.13628	1558	16.7028
ERR13927339.13629	1565	17.2089
ERR13927339.13630	1540	17.9662
ERR13927339.13631	1530	14.3418
ERR13927339.13632	1524	15.2559
ERR13927339.13633	1524	16.7244
ERR13927339.13634	1585	18.7091
ERR13927339.13635	1552	16.7906
ERR13927339.13636	1558	17.0321
ERR13927339.13637	1588	19.5145
ERR13927339.13638	921	16.3116
ERR13927339.13639	1577	19.9245
ERR13927339.13640	1586	17.7339
ERR13927339.13641	1650	18.0103
ERR13927339.13642	1186	17.3272
ERR13927339.13643	1517	16.8128
ERR13927339.13644	1508	14.9602
ERR13927339.13645	1586	18.9830
ERR13927339.13646	1527	16.6117
ERR13927339.13647	1557	17.6474
ERR13927339.13648	1526	15.5623
ERR13927339.13649	1589	20.4305
ERR13927339.13650	1565	20.1163
ERR13927339.13651	1528	14.9372
ERR13927339.13652	1576	17.8775
ERR13927339.13653	1559	17.0654
ERR13927339.13654	1554	16.9981
ERR13927339.13655	1584	16.5063
ERR13927339.13656	1589	15.2196
ERR13927339.13657	1577	21.4394
ERR13927339.13658	1513	15.3278
ERR13927339.13659	1603	16.3001
ERR13927339.13660	195	14.7641
ERR13927339.13661	1565	22.0537
ERR13927339.13662	1611	17.1080
ERR13927339.13663	1199	17.6889
ERR13927339.13664	1587	19.5633
ERR13927339.13665	1509	13.9311
ERR13927339.13666	1537	16.4763
ERR13927339.13667	1567	18.8966
ERR13927339.13668	1538	16.8953
ERR13927339.13669	1619	18.1291
ERR13927339.13670	1591	16.6122
ERR13927339.13671	1557	16.0437
ERR13927339.13672	1577	15.9321
ERR13927339.13673	1567	16.3810
ERR13927339.13674	1495	16.5806
ERR13927339.13675	1526	15.5439
ERR13927339.13676	1528	15.2192
ERR13927339.13677	1543	16.0875
ERR13927339.13678	560	17.9643
ERR13927339.13679	1572	18.7627
ERR13927339.13680	1448	18.6968
ERR13927339.13681	1556	18.4955
ERR13927339.13682	1608	17.7351
ERR13927339.13683	1537	14.5140
ERR13927339.13684	1536	14.4128
ERR13927339.13685	1563	16.0365
ERR13927339.13686	1611	17.9528
ERR13927339.13687	1554	15.8140
ERR13927339.13688	1576	18.4156
ERR13927339.13689	1532	17.6939
ERR13927339.13690	1582	17.9753
ERR13927339.13691	1509	14.2399
ERR13927339.13692	1532	18.0587
ERR13927339.13693	1570	17.1471
ERR13927339.13694	1548	17.1525
ERR13927339.13695	1571	20.1349
ERR13927339.13696	1582	19.5828
ERR13927339.13697	1528	15.5255
ERR13927339.13698	1511	15.2568
ERR13927339.13699	453	19.7174
ERR13927339.13700	1576	18.8572
ERR13927339.13701	1384	15.0376
ERR13927339.13702	1545	18.3767
ERR13927339.13703	1494	14.7858
ERR13927339.13704	1506	16.7463
ERR13927339.13705	1521	15.6022
ERR13927339.13706	1536	19.0260
ERR13927339.13707	1401	14.2320
ERR13927339.13708	1573	18.9046
ERR13927339.13709	1579	15.9785
ERR13927339.13710	1514	15.9663
ERR13927339.13711	1569	21.3939
ERR13927339.13712	1587	16.4342
ERR13927339.13713	1508	14.7779
ERR13927339.13714	1538	16.2497
ERR13927339.13715	1549	18.4964
ERR13927339.13716	1539	19.3119
ERR13927339.13717	1570	14.5121
ERR13927339.13718	1578	16.9436
ERR13927339.13719	1573	16.6561
ERR13927339.13720	1300	16.2554
ERR13927339.13721	1542	18.9079
ERR13927339.13722	1618	18.3671
ERR13927339.13723	1558	18.3177
ERR13927339.13724	1552	15.5483
ERR13927339.13725	1569	15.6061
ERR13927339.13726	1449	16.4244
ERR13927339.13727	1467	15.7314
ERR13927339.13728	1507	14.7074
ERR13927339.13729	1555	17.0096
ERR13927339.13730	1593	18.8324
ERR13927339.13731	1544	15.9773
ERR13927339.13732	1477	15.9885
ERR13927339.13733	1559	16.9044
ERR13927339.13734	1476	14.9709
ERR13927339.13735	1541	16.4328
ERR13927339.13736	1574	15.6220
ERR13927339.13737	1524	15.6903
ERR13927339.13738	1576	19.0476
ERR13927339.13739	1571	17.7823
ERR13927339.13740	1586	15.2201
ERR13927339.13741	1528	17.3815
ERR13927339.13742	134	15.4701
ERR13927339.13743	1481	15.2059
ERR13927339.13744	1588	15.2569
ERR13927339.13745	1553	17.5126
ERR13927339.13746	1368	15.6060
ERR13927339.13747	1507	17.9350
ERR13927339.13748	1563	20.9309
ERR13927339.13749	1558	15.7792
ERR13927339.13750	1619	19.6288
ERR13927339.13751	1546	17.3907
ERR13927339.13752	1562	17.7222
ERR13927339.13753	1592	19.0892
ERR13927339.13754	1529	15.5337
ERR13927339.13755	1540	16.9201
ERR13927339.13756	1605	18.6399
ERR13927339.13757	1563	16.1401
ERR13927339.13758	1599	19.1157
ERR13927339.13759	1499	17.5697
ERR13927339.13760	1589	16.9043
ERR13927339.13761	1541	14.7859
ERR13927339.13762	1534	16.6851
ERR13927339.13763	1542	16.0409
ERR13927339.13764	1536	16.3320
ERR13927339.13765	1580	19.7051
ERR13927339.13766	1567	18.7951
ERR13927339.13767	1544	17.2999
ERR13927339.13768	1542	16.7562
ERR13927339.13769	1587	18.0214
ERR13927339.13770	1466	14.3663
ERR13927339.13771	1563	17.6833
ERR13927339.13772	1557	17.7347
ERR13927339.13773	1567	17.8941
ERR13927339.13774	1528	17.3122
ERR13927339.13775	1533	17.6354
ERR13927339.13776	1513	15.3377
ERR13927339.13777	1556	14.4961
ERR13927339.13778	1570	16.5503
ERR13927339.13779	1527	14.5029
ERR13927339.13780	1652	17.0714
ERR13927339.13781	1578	16.5621
ERR13927339.13782	1555	21.0206
ERR13927339.13783	1556	18.3059
ERR13927339.13784	1555	18.6810
ERR13927339.13785	1520	15.1342
ERR13927339.13786	1576	17.8388
ERR13927339.13787	1585	15.5817
ERR13927339.13788	1524	16.4908
ERR13927339.13789	1560	17.5218
ERR13927339.13790	1520	16.2487
ERR13927339.13791	1586	18.2049
ERR13927339.13792	1607	16.5401
ERR13927339.13793	1585	19.1893
ERR13927339.13794	1576	18.0876
ERR13927339.13795	1536	19.7695
ERR13927339.13796	1528	15.2140
ERR13927339.13797	1532	16.0026
ERR13927339.13798	1562	16.8604
ERR13927339.13799	1573	17.7298
ERR13927339.13800	1536	15.0299
ERR13927339.13801	1551	18.1083
ERR13927339.13802	322	14.3913
ERR13927339.13803	1586	17.6999
ERR13927339.13804	1567	16.0268
ERR13927339.13805	1596	20.0883
ERR13927339.13806	1541	15.2252
ERR13927339.13807	1574	18.4307
ERR13927339.13808	1578	19.8853
ERR13927339.13809	1581	18.4396
ERR13927339.13810	1580	19.3791
ERR13927339.13811	1511	16.1661
ERR13927339.13812	1546	16.6882
ERR13927339.13813	1550	16.5858
ERR13927339.13814	1586	17.9760
ERR13927339.13815	1557	22.1124
ERR13927339.13816	1623	18.2884
ERR13927339.13817	1535	17.0990
ERR13927339.13818	1610	20.6621
ERR13927339.13819	1545	19.2841
ERR13927339.13820	1576	17.7253
ERR13927339.13821	1571	14.9739
ERR13927339.13822	1450	14.6586
ERR13927339.13823	1606	16.9944
ERR13927339.13824	1580	16.3152
ERR13927339.13825	1561	19.4465
ERR13927339.13826	1548	14.4470
ERR13927339.13827	1529	15.5605
ERR13927339.13828	1534	17.7920
ERR13927339.13829	617	16.1831
ERR13927339.13830	1586	17.1765
ERR13927339.13831	1567	15.2234
ERR13927339.13832	1503	17.2275
ERR13927339.13833	1560	14.4321
ERR13927339.13834	1541	17.5516
ERR13927339.13835	1529	15.6521
ERR13927339.13836	1564	18.6336
ERR13927339.13837	1547	15.7524
ERR13927339.13838	1591	16.8202
ERR13927339.13839	1568	17.0778
ERR13927339.13840	1528	15.5249
ERR13927339.13841	1552	15.4008
ERR13927339.13842	1573	18.7394
ERR13927339.13843	1564	20.0160
ERR13927339.13844	1565	20.3323
ERR13927339.13845	1545	16.9657
ERR13927339.13846	1513	17.9769
ERR13927339.13847	1583	18.6785
ERR13927339.13848	1534	14.6147
ERR13927339.13849	1546	17.6035
ERR13927339.13850	1557	17.2254
ERR13927339.13851	1536	15.5762
ERR13927339.13852	1549	15.1162
ERR13927339.13853	1615	14.9387
ERR13927339.13854	1578	17.1996
ERR13927339.13855	1558	22.0988
ERR13927339.13856	1597	17.7464
ERR13927339.13857	1564	18.7724
ERR13927339.13858	1562	18.0000
ERR13927339.13859	1553	17.9466
ERR13927339.13860	1582	18.9191
ERR13927339.13861	1563	19.0211
ERR13927339.13862	1570	21.8395
ERR13927339.13863	1601	19.5034
ERR13927339.13864	1568	14.8559
ERR13927339.13865	1579	18.4275
ERR13927339.13866	1527	15.9712
ERR13927339.13867	868	13.5956
ERR13927339.13868	1612	16.3734
ERR13927339.13869	1529	15.1001
ERR13927339.13870	1571	20.5321
ERR13927339.13871	1580	18.2646
ERR13927339.13872	1547	16.6930
ERR13927339.13873	1265	16.3881
ERR13927339.13874	1603	14.8571
ERR13927339.13875	1569	15.8547
ERR13927339.13876	1552	17.5851
ERR13927339.13877	1562	18.6703
ERR13927339.13878	1550	18.7903
ERR13927339.13879	1570	15.6688
ERR13927339.13880	1574	17.5451
ERR13927339.13881	1567	16.1863
ERR13927339.13882	1525	16.2570
ERR13927339.13883	1506	14.1766
ERR13927339.13884	1561	21.3113
ERR13927339.13885	1529	14.9751
ERR13927339.13886	1545	19.4104
ERR13927339.13887	1565	20.6754
ERR13927339.13888	1612	18.1632
ERR13927339.13889	1544	16.4190
ERR13927339.13890	1546	15.4295
ERR13927339.13891	1539	17.1442
ERR13927339.13892	1483	15.4990
ERR13927339.13893	1569	16.7546
ERR13927339.13894	1561	17.5452
ERR13927339.13895	1571	16.2794
ERR13927339.13896	1570	16.9376
ERR13927339.13897	1579	19.1989
ERR13927339.13898	1569	19.7087
ERR13927339.13899	1571	18.8141
ERR13927339.13900	1504	15.9887
ERR13927339.13901	1548	16.2539
ERR13927339.13902	1545	15.0343
ERR13927339.13903	1575	18.4095
ERR13927339.13904	1537	16.8126
ERR13927339.13905	1535	16.5349
ERR13927339.13906	1166	18.6312
ERR13927339.13907	1562	17.5608
ERR13927339.13908	1576	19.0444
ERR13927339.13909	1512	16.4187
ERR13927339.13910	1547	15.5844
ERR13927339.13911	1541	16.3459
ERR13927339.13912	1512	16.8638
ERR13927339.13913	1553	19.1211
ERR13927339.13914	1575	14.1835
ERR13927339.13915	1542	15.3372
ERR13927339.13916	1539	16.3808
ERR13927339.13917	1613	19.6751
ERR13927339.13918	1570	18.9841
ERR13927339.13919	1613	17.1104
ERR13927339.13920	1532	16.0646
ERR13927339.13921	1570	17.5930
ERR13927339.13922	1557	14.9794
ERR13927339.13923	1621	19.0154
ERR13927339.13924	1556	21.6189
ERR13927339.13925	1666	19.8794
ERR13927339.13926	1562	17.6005
ERR13927339.13927	1575	17.2165
ERR13927339.13928	1552	16.0135
ERR13927339.13929	1524	15.7067
ERR13927339.13930	1565	17.6677
ERR13927339.13931	1589	19.6193
ERR13927339.13932	1556	18.9145
ERR13927339.13933	1597	15.8078
ERR13927339.13934	1599	17.9106
ERR13927339.13935	1567	17.6228
ERR13927339.13936	1560	20.3545
ERR13927339.13937	1538	20.3355
ERR13927339.13938	1617	15.8083
ERR13927339.13939	1580	18.8778
ERR13927339.13940	1546	15.2723
ERR13927339.13941	1559	15.1924
ERR13927339.13942	1478	15.7321
ERR13927339.13943	1569	18.0478
ERR13927339.13944	1589	19.0994
ERR13927339.13945	1523	17.9560
ERR13927339.13946	1551	16.5126
ERR13927339.13947	1590	18.5365
ERR13927339.13948	1571	17.4392
ERR13927339.13949	160	8.8313
ERR13927339.13950	1551	17.1470
ERR13927339.13951	1526	15.1042
ERR13927339.13952	1612	17.0509
ERR13927339.13953	1592	18.3486
ERR13927339.13954	1533	14.8284
ERR13927339.13955	1581	19.6907
ERR13927339.13956	1568	18.5823
ERR13927339.13957	1580	18.5222
ERR13927339.13958	1576	18.5241
ERR13927339.13959	1500	15.6633
ERR13927339.13960	1574	16.9720
ERR13927339.13961	1556	19.0174
ERR13927339.13962	1546	19.5006
ERR13927339.13963	1022	18.9481
ERR13927339.13964	1557	18.8818
ERR13927339.13965	1570	16.1096
ERR13927339.13966	1529	15.9614
ERR13927339.13967	1573	18.0273
ERR13927339.13968	1601	20.5353
ERR13927339.13969	1603	19.3313
ERR13927339.13970	1509	16.1650
ERR13927339.13971	1563	20.2719
ERR13927339.13972	1530	18.8967
ERR13927339.13973	1527	20.1618
ERR13927339.13974	681	16.1938
ERR13927339.13975	1522	15.3088
ERR13927339.13976	1557	18.5389
ERR13927339.13977	1576	16.4359
ERR13927339.13978	1554	18.2432
ERR13927339.13979	1547	18.7233
ERR13927339.13980	1545	14.8356
ERR13927339.13981	3084	14.5045
ERR13927339.13982	1694	15.8318
ERR13927339.13983	1561	20.8629
ERR13927339.13984	1597	18.7965
ERR13927339.13985	1579	17.8170
ERR13927339.13986	1567	18.9885
ERR13927339.13987	1569	21.1638
ERR13927339.13988	1597	19.6099
ERR13927339.13989	1602	18.8577
ERR13927339.13990	1578	19.0038
ERR13927339.13991	1593	19.1707
ERR13927339.13992	1618	19.3356
ERR13927339.13993	1579	17.3496
ERR13927339.13994	1562	15.5634
ERR13927339.13995	1519	15.0244
ERR13927339.13996	1581	19.5452
ERR13927339.13997	1562	17.0787
ERR13927339.13998	1605	19.8723
ERR13927339.13999	1571	15.2947
ERR13927339.14000	1265	19.8261
ERR13927339.14001	1522	16.3844
ERR13927339.14002	195	13.4923
ERR13927339.14003	418	19.2632
ERR13927339.14004	1561	19.9859
ERR13927339.14005	1585	18.6170
ERR13927339.14006	1618	19.8325
ERR13927339.14007	1573	19.3408
ERR13927339.14008	1579	18.8391
ERR13927339.14009	1559	18.6870
ERR13927339.14010	1592	19.3160
ERR13927339.14011	1572	21.4300
ERR13927339.14012	1600	18.8250
ERR13927339.14013	1558	16.1964
ERR13927339.14014	1624	17.4156
ERR13927339.14015	1583	19.5370
ERR13927339.14016	1586	18.8997
ERR13927339.14017	1600	18.3756
ERR13927339.14018	1568	18.9477
ERR13927339.14019	1574	20.7052
ERR13927339.14020	1568	17.2953
ERR13927339.14021	1542	17.0636
ERR13927339.14022	1557	17.8182
ERR13927339.14023	1565	21.3623
ERR13927339.14024	1590	18.3277
ERR13927339.14025	1527	15.8946
ERR13927339.14026	1577	17.2619
ERR13927339.14027	1602	20.4913
ERR13927339.14028	1563	16.1523
ERR13927339.14029	1592	21.2883
ERR13927339.14030	201	15.9403
ERR13927339.14031	1530	15.9399
ERR13927339.14032	1527	18.8291
ERR13927339.14033	1584	16.2992
ERR13927339.14034	1572	19.0795
ERR13927339.14035	1524	17.6857
ERR13927339.14036	1594	16.9285
ERR13927339.14037	1547	18.6910
ERR13927339.14038	1574	20.4130
ERR13927339.14039	1575	15.8349
ERR13927339.14040	1549	17.6688
ERR13927339.14041	1592	17.7224
ERR13927339.14042	1586	15.5151
ERR13927339.14043	1578	19.9233
ERR13927339.14044	1553	16.4681
ERR13927339.14045	1561	20.7482
ERR13927339.14046	1588	19.1883
ERR13927339.14047	1519	18.5951
ERR13927339.14048	1557	17.5838
ERR13927339.14049	1582	19.1119
ERR13927339.14050	1554	17.5071
ERR13927339.14051	1570	20.4732
ERR13927339.14052	1579	18.7638
ERR13927339.14053	839	16.0191
ERR13927339.14054	1582	16.5152
ERR13927339.14055	1599	19.0794
ERR13927339.14056	1566	16.5632
ERR13927339.14057	1602	18.5762
ERR13927339.14058	1604	18.7469
ERR13927339.14059	1571	17.0522
ERR13927339.14060	1545	18.7372
ERR13927339.14061	1548	18.5620
ERR13927339.14062	1581	17.2865
ERR13927339.14063	1593	16.3597
ERR13927339.14064	1595	18.8947
ERR13927339.14065	1551	17.5293
ERR13927339.14066	1287	16.1088
ERR13927339.14067	1582	17.3274
ERR13927339.14068	1588	18.8413
ERR13927339.14069	1575	19.4610
ERR13927339.14070	1606	20.6550
ERR13927339.14071	1571	18.8708
ERR13927339.14072	1516	15.8358
ERR13927339.14073	1566	17.1520
ERR13927339.14074	1552	20.8595
ERR13927339.14075	1592	21.1420
ERR13927339.14076	1576	16.4175
ERR13927339.14077	1619	20.0266
ERR13927339.14078	1585	19.5621
ERR13927339.14079	1564	19.1586
ERR13927339.14080	1559	16.5273
ERR13927339.14081	1563	15.3321
ERR13927339.14082	1670	17.1222
ERR13927339.14083	1591	16.3394
ERR13927339.14084	1594	17.2001
ERR13927339.14085	1574	20.0820
ERR13927339.14086	1562	18.8035
ERR13927339.14087	1583	18.5704
ERR13927339.14088	1552	17.7784
ERR13927339.14089	1578	20.4632
ERR13927339.14090	1654	16.0562
ERR13927339.14091	1584	20.8529
ERR13927339.14092	1566	18.5032
ERR13927339.14093	1544	17.6729
ERR13927339.14094	1576	16.0381
ERR13927339.14095	1570	14.8121
ERR13927339.14096	1554	17.7452
ERR13927339.14097	1603	15.0405
ERR13927339.14098	1590	20.7384
ERR13927339.14099	1582	19.0411
ERR13927339.14100	1583	18.9027
ERR13927339.14101	1546	16.7658
ERR13927339.14102	1575	17.2121
ERR13927339.14103	1713	14.3065
ERR13927339.14104	1587	19.5929
ERR13927339.14105	1590	20.7214
ERR13927339.14106	1589	17.0069
ERR13927339.14107	1569	19.2065
ERR13927339.14108	1570	18.5019
ERR13927339.14109	1547	20.6975
ERR13927339.14110	1548	17.3411
ERR13927339.14111	1589	20.3065
ERR13927339.14112	1563	20.5886
ERR13927339.14113	1563	19.7876
ERR13927339.14114	1569	18.0140
ERR13927339.14115	1571	20.9943
ERR13927339.14116	1595	19.7260
ERR13927339.14117	1567	18.2865
ERR13927339.14118	1576	16.9378
ERR13927339.14119	1592	20.4353
ERR13927339.14120	1561	18.0628
ERR13927339.14121	1610	18.5863
ERR13927339.14122	1576	20.0838
ERR13927339.14123	1569	20.7355
ERR13927339.14124	1559	19.7659
ERR13927339.14125	1546	17.8376
ERR13927339.14126	1538	17.8036
ERR13927339.14127	1540	21.1955
ERR13927339.14128	1584	17.0492
ERR13927339.14129	1578	17.1907
ERR13927339.14130	1563	15.5195
ERR13927339.14131	1586	18.8266
ERR13927339.14132	1585	17.9968
ERR13927339.14133	1517	14.8069
ERR13927339.14134	1555	19.7177
ERR13927339.14135	1555	14.3672
ERR13927339.14136	1581	18.9646
ERR13927339.14137	1558	19.2471
ERR13927339.14138	1564	19.9629
ERR13927339.14139	1423	20.5566
ERR13927339.14140	1574	17.0216
ERR13927339.14141	1527	16.9633
ERR13927339.14142	1550	17.6232
ERR13927339.14143	1613	17.6807
ERR13927339.14144	1517	16.1358
ERR13927339.14145	1587	19.0555
ERR13927339.14146	1555	17.2823
ERR13927339.14147	1603	20.1441
ERR13927339.14148	1539	18.1215
ERR13927339.14149	1555	20.9820
ERR13927339.14150	1132	16.6988
ERR13927339.14151	1524	17.2375
ERR13927339.14152	1545	16.0065
ERR13927339.14153	1607	17.7243
ERR13927339.14154	1575	17.7327
ERR13927339.14155	1579	17.2723
ERR13927339.14156	1548	17.8475
ERR13927339.14157	1525	16.4721
ERR13927339.14158	1514	15.5185
ERR13927339.14159	1573	18.9040
ERR13927339.14160	1520	17.1368
ERR13927339.14161	1099	16.5860
ERR13927339.14162	1553	18.3677
ERR13927339.14163	1609	18.4624
ERR13927339.14164	1594	16.2992
ERR13927339.14165	1543	15.1892
ERR13927339.14166	1538	17.4636
ERR13927339.14167	1532	15.6488
ERR13927339.14168	1495	15.7191
ERR13927339.14169	975	16.3641
ERR13927339.14170	1560	16.6750
ERR13927339.14171	1567	18.6707
ERR13927339.14172	1545	15.3055
ERR13927339.14173	1530	17.4209
ERR13927339.14174	1524	18.2867
ERR13927339.14175	1534	14.6134
ERR13927339.14176	1560	22.1513
ERR13927339.14177	1575	15.8584
ERR13927339.14178	1552	17.3544
ERR13927339.14179	1599	21.0876
ERR13927339.14180	1551	17.2076
ERR13927339.14181	1548	18.9432
ERR13927339.14182	1502	20.0213
ERR13927339.14183	3131	17.8259
ERR13927339.14184	1529	17.0320
ERR13927339.14185	1575	15.2470
ERR13927339.14186	1512	18.4616
ERR13927339.14187	1554	17.6184
ERR13927339.14188	1505	18.0352
ERR13927339.14189	1557	19.1721
ERR13927339.14190	1569	17.9171
ERR13927339.14191	1513	15.4547
ERR13927339.14192	1579	16.3338
ERR13927339.14193	1557	18.1811
ERR13927339.14194	1531	17.9033
ERR13927339.14195	1582	19.9684
ERR13927339.14196	1568	16.1607
ERR13927339.14197	1547	16.8849
ERR13927339.14198	1543	14.5988
ERR13927339.14199	1555	14.9550
ERR13927339.14200	1587	14.9382
ERR13927339.14201	1532	17.4830
ERR13927339.14202	1506	15.7384
ERR13927339.14203	1566	15.1430
ERR13927339.14204	1554	19.3385
ERR13927339.14205	1563	17.9450
ERR13927339.14206	1494	15.7544
ERR13927339.14207	1525	16.3456
ERR13927339.14208	1535	18.0990
ERR13927339.14209	1571	18.1190
ERR13927339.14210	1601	18.1230
ERR13927339.14211	1532	18.5411
ERR13927339.14212	1563	14.5681
ERR13927339.14213	1587	18.9175
ERR13927339.14214	1541	20.6567
ERR13927339.14215	1502	15.1818
ERR13927339.14216	1574	20.7287
ERR13927339.14217	1543	15.9196
ERR13927339.14218	1595	19.2389
ERR13927339.14219	1470	16.5707
ERR13927339.14220	1516	17.8232
ERR13927339.14221	1557	18.3976
ERR13927339.14222	1538	15.0150
ERR13927339.14223	1551	17.3604
ERR13927339.14224	299	15.3311
ERR13927339.14225	1550	16.6206
ERR13927339.14226	1523	17.4032
ERR13927339.14227	1589	17.5494
ERR13927339.14228	1569	15.5953
ERR13927339.14229	1565	16.2799
ERR13927339.14230	1584	20.1793
ERR13927339.14231	1432	18.0133
ERR13927339.14232	1546	16.8881
ERR13927339.14233	1540	18.5883
ERR13927339.14234	1594	17.6073
ERR13927339.14235	1585	19.0303
ERR13927339.14236	1537	17.3637
ERR13927339.14237	1601	16.0369
ERR13927339.14238	1553	17.3464
ERR13927339.14239	1556	18.1247
ERR13927339.14240	1524	14.7736
ERR13927339.14241	1551	13.7614
ERR13927339.14242	1569	15.9917
ERR13927339.14243	1569	18.1039
ERR13927339.14244	1580	14.3019
ERR13927339.14245	1543	15.2644
ERR13927339.14246	1612	18.1855
ERR13927339.14247	1560	19.2590
ERR13927339.14248	1580	14.4633
ERR13927339.14249	1589	21.5456
ERR13927339.14250	1538	17.7107
ERR13927339.14251	1019	19.8292
ERR13927339.14252	1544	14.5473
ERR13927339.14253	1604	17.3329
ERR13927339.14254	1571	16.6887
ERR13927339.14255	1595	16.0182
ERR13927339.14256	1600	19.7531
ERR13927339.14257	1541	18.9753
ERR13927339.14258	1582	19.5847
ERR13927339.14259	1483	16.2003
ERR13927339.14260	1478	14.7307
ERR13927339.14261	1587	18.9124
ERR13927339.14262	1547	17.8229
ERR13927339.14263	1499	14.8993
ERR13927339.14264	1531	14.9993
ERR13927339.14265	1538	15.9512
ERR13927339.14266	1555	17.5395
ERR13927339.14267	1507	17.4326
ERR13927339.14268	1558	15.9467
ERR13927339.14269	1532	16.1403
ERR13927339.14270	1608	14.5504
ERR13927339.14271	1589	19.8068
ERR13927339.14272	1518	15.1713
ERR13927339.14273	1579	15.7802
ERR13927339.14274	1581	17.7995
ERR13927339.14275	1573	17.8652
ERR13927339.14276	1572	18.9917
ERR13927339.14277	1645	19.6043
ERR13927339.14278	1571	20.4080
ERR13927339.14279	1489	16.2680
ERR13927339.14280	1545	17.5515
ERR13927339.14281	1610	17.0702
ERR13927339.14282	1519	15.8262
ERR13927339.14283	1536	18.2402
ERR13927339.14284	1566	18.8289
ERR13927339.14285	1460	20.3089
ERR13927339.14286	1564	19.8958
ERR13927339.14287	1104	17.9420
ERR13927339.14288	1551	16.8111
ERR13927339.14289	1548	14.8049
ERR13927339.14290	1548	19.5181
ERR13927339.14291	1594	15.7415
ERR13927339.14292	1284	17.3302
ERR13927339.14293	1555	17.7228
ERR13927339.14294	1531	15.7622
ERR13927339.14295	1542	19.0032
ERR13927339.14296	1566	16.8384
ERR13927339.14297	1274	14.8878
ERR13927339.14298	1561	20.6316
ERR13927339.14299	1551	15.2192
ERR13927339.14300	1536	14.7897
ERR13927339.14301	1526	15.0144
ERR13927339.14302	1537	18.7040
ERR13927339.14303	1500	15.6120
ERR13927339.14304	1608	17.7494
ERR13927339.14305	1540	17.5935
ERR13927339.14306	1521	17.0066
ERR13927339.14307	1577	18.2219
ERR13927339.14308	1574	20.4428
ERR13927339.14309	1560	19.8372
ERR13927339.14310	1524	17.2907
ERR13927339.14311	1522	15.8548
ERR13927339.14312	1595	18.3950
ERR13927339.14313	1559	17.6100
ERR13927339.14314	1559	19.5042
ERR13927339.14315	1597	16.3932
ERR13927339.14316	1569	19.4111
ERR13927339.14317	1533	17.5780
ERR13927339.14318	1558	16.7381
ERR13927339.14319	1574	18.9854
ERR13927339.14320	469	14.5544
ERR13927339.14321	1577	17.1173
ERR13927339.14322	512	19.8145
ERR13927339.14323	1598	20.3617
ERR13927339.14324	1591	20.3796
ERR13927339.14325	1633	18.2009
ERR13927339.14326	1521	16.8994
ERR13927339.14327	1529	19.0772
ERR13927339.14328	1609	18.3381
ERR13927339.14329	1610	19.0696
ERR13927339.14330	1587	17.3560
ERR13927339.14331	1567	17.8175
ERR13927339.14332	1611	16.1390
ERR13927339.14333	1527	18.3569
ERR13927339.14334	1514	19.3184
ERR13927339.14335	1578	17.2155
ERR13927339.14336	1550	16.2858
ERR13927339.14337	1557	16.1066
ERR13927339.14338	200	12.5100
ERR13927339.14339	1538	20.6307
ERR13927339.14340	1558	20.8999
ERR13927339.14341	1548	15.5013
ERR13927339.14342	1605	19.7128
ERR13927339.14343	1552	14.8028
ERR13927339.14344	1525	16.6807
ERR13927339.14345	1556	15.7609
ERR13927339.14346	1570	15.7255
ERR13927339.14347	1553	15.8789
ERR13927339.14348	304	16.1875
ERR13927339.14349	1575	17.4203
ERR13927339.14350	1580	19.6601
ERR13927339.14351	1561	17.9347
ERR13927339.14352	1563	20.5438
ERR13927339.14353	1606	18.7217
ERR13927339.14354	1572	19.9835
ERR13927339.14355	1453	15.9195
ERR13927339.14356	1567	19.3070
ERR13927339.14357	1357	14.4127
ERR13927339.14358	1567	20.7039
ERR13927339.14359	1586	19.7585
ERR13927339.14360	1509	18.6468
ERR13927339.14361	1546	14.7219
ERR13927339.14362	1554	21.1931
ERR13927339.14363	1516	17.5739
ERR13927339.14364	1606	14.7696
ERR13927339.14365	1573	18.3636
ERR13927339.14366	1564	16.7513
ERR13927339.14367	1603	19.0618
ERR13927339.14368	1588	16.1675
ERR13927339.14369	1564	15.5307
ERR13927339.14370	1559	14.9326
ERR13927339.14371	1598	21.4731
ERR13927339.14372	1552	15.1012
ERR13927339.14373	1523	15.0361
ERR13927339.14374	1594	15.1957
ERR13927339.14375	1567	18.3108
ERR13927339.14376	1520	13.7961
ERR13927339.14377	1680	15.6887
ERR13927339.14378	1521	16.2932
ERR13927339.14379	1554	19.5779
ERR13927339.14380	1533	16.9393
ERR13927339.14381	1503	18.2914
ERR13927339.14382	2421	18.5531
ERR13927339.14383	1616	17.8403
ERR13927339.14384	1572	21.0509
ERR13927339.14385	1575	19.6463
ERR13927339.14386	1545	16.1463
ERR13927339.14387	1558	21.4275
ERR13927339.14388	1559	18.9474
ERR13927339.14389	1603	18.8921
ERR13927339.14390	1569	17.3333
ERR13927339.14391	1573	19.6179
ERR13927339.14392	1584	18.0107
ERR13927339.14393	1646	16.2406
ERR13927339.14394	1596	16.7563
ERR13927339.14395	1604	18.0973
ERR13927339.14396	675	17.6519
ERR13927339.14397	1567	14.7511
ERR13927339.14398	1574	16.5445
ERR13927339.14399	1574	18.2579
ERR13927339.14400	1545	16.0039
ERR13927339.14401	1539	19.7986
ERR13927339.14402	1454	14.8047
ERR13927339.14403	1514	14.8725
ERR13927339.14404	1531	17.4546
ERR13927339.14405	1612	20.3852
ERR13927339.14406	1533	15.2003
ERR13927339.14407	1564	18.0902
ERR13927339.14408	1562	21.8329
ERR13927339.14409	1530	15.3876
ERR13927339.14410	1570	19.0611
ERR13927339.14411	159	12.3396
ERR13927339.14412	1555	18.6090
ERR13927339.14413	1578	16.7522
ERR13927339.14414	1569	17.0797
ERR13927339.14415	1579	17.6498
ERR13927339.14416	1618	16.5729
ERR13927339.14417	1545	14.4227
ERR13927339.14418	1528	16.0622
ERR13927339.14419	1606	17.6775
ERR13927339.14420	1555	16.2058
ERR13927339.14421	1553	21.1005
ERR13927339.14422	1571	18.0751
ERR13927339.14423	1517	15.6585
ERR13927339.14424	1556	15.2886
ERR13927339.14425	1536	15.1615
ERR13927339.14426	1558	16.4936
ERR13927339.14427	1608	17.5261
ERR13927339.14428	1551	16.3875
ERR13927339.14429	1567	15.1308
ERR13927339.14430	1559	18.6729
ERR13927339.14431	1553	16.4269
ERR13927339.14432	1024	17.0186
ERR13927339.14433	1534	16.4902
ERR13927339.14434	397	15.2771
ERR13927339.14435	1564	18.6324
ERR13927339.14436	1546	16.8422
ERR13927339.14437	1269	18.2522
ERR13927339.14438	1546	18.3105
ERR13927339.14439	1381	17.0471
ERR13927339.14440	1580	15.8658
ERR13927339.14441	1527	15.5920
ERR13927339.14442	1537	15.5368
ERR13927339.14443	1570	18.0439
ERR13927339.14444	1492	16.2286
ERR13927339.14445	1544	20.4501
ERR13927339.14446	1549	19.3861
ERR13927339.14447	1588	20.0586
ERR13927339.14448	1572	14.2042
ERR13927339.14449	159	16.1447
ERR13927339.14450	1489	14.5749
ERR13927339.14451	1567	16.1819
ERR13927339.14452	1560	21.8731
ERR13927339.14453	1584	17.8763
ERR13927339.14454	1577	15.3710
ERR13927339.14455	1576	17.7633
ERR13927339.14456	1551	19.6796
ERR13927339.14457	1569	20.7304
ERR13927339.14458	1583	18.6361
ERR13927339.14459	1439	15.0063
ERR13927339.14460	1547	15.7602
ERR13927339.14461	1588	19.4408
ERR13927339.14462	1567	17.1538
ERR13927339.14463	1553	17.2305
ERR13927339.14464	1489	17.1833
ERR13927339.14465	1689	15.0485
ERR13927339.14466	1532	15.2507
ERR13927339.14467	1521	19.6016
ERR13927339.14468	1537	19.3461
ERR13927339.14469	1569	22.2352
ERR13927339.14470	1592	18.3222
ERR13927339.14471	1499	19.3349
ERR13927339.14472	1559	15.1071
ERR13927339.14473	1493	15.1775
ERR13927339.14474	1562	16.5583
ERR13927339.14475	1472	16.4375
ERR13927339.14476	1501	13.9480
ERR13927339.14477	1562	21.2778
ERR13927339.14478	1584	17.4773
ERR13927339.14479	1553	17.7257
ERR13927339.14480	1527	15.2410
ERR13927339.14481	1492	15.8418
ERR13927339.14482	1581	16.9715
ERR13927339.14483	1613	17.6813
ERR13927339.14484	1567	14.7728
ERR13927339.14485	1503	17.1238
ERR13927339.14486	1561	19.8463
ERR13927339.14487	1542	18.7639
ERR13927339.14488	1603	18.4242
ERR13927339.14489	1567	19.8558
ERR13927339.14490	1598	17.0438
ERR13927339.14491	1560	20.6128
ERR13927339.14492	1566	15.6105
ERR13927339.14493	1617	19.7180
ERR13927339.14494	1583	19.8143
ERR13927339.14495	1579	19.4250
ERR13927339.14496	1539	15.6517
ERR13927339.14497	1553	19.3129
ERR13927339.14498	1578	20.6185
ERR13927339.14499	1575	16.7968
ERR13927339.14500	1573	16.9250
ERR13927339.14501	1570	15.5529
ERR13927339.14502	1564	17.8063
ERR13927339.14503	1619	16.5763
ERR13927339.14504	200	13.1150
ERR13927339.14505	1546	15.6391
ERR13927339.14506	1516	17.7559
ERR13927339.14507	1508	17.0703
ERR13927339.14508	1635	19.7113
ERR13927339.14509	1616	16.2828
ERR13927339.14510	1581	19.1556
ERR13927339.14511	1523	14.9514
ERR13927339.14512	1569	14.4442
ERR13927339.14513	1570	17.8172
ERR13927339.14514	1575	19.2000
ERR13927339.14515	1524	17.3465
ERR13927339.14516	1498	16.0260
ERR13927339.14517	1528	16.7513
ERR13927339.14518	1534	16.3514
ERR13927339.14519	1153	14.2550
ERR13927339.14520	1575	17.2559
ERR13927339.14521	1541	17.2070
ERR13927339.14522	1570	15.1803
ERR13927339.14523	1537	18.9102
ERR13927339.14524	1557	16.1908
ERR13927339.14525	1538	17.2328
ERR13927339.14526	1568	17.0427
ERR13927339.14527	1553	17.4082
ERR13927339.14528	1554	17.2658
ERR13927339.14529	1550	14.4471
ERR13927339.14530	1551	17.9632
ERR13927339.14531	1560	16.6558
ERR13927339.14532	1619	14.6430
ERR13927339.14533	1556	15.8496
ERR13927339.14534	1649	19.9030
ERR13927339.14535	1561	17.6355
ERR13927339.14536	1517	16.4766
ERR13927339.14537	1581	20.2808
ERR13927339.14538	1549	18.7495
ERR13927339.14539	1600	17.9638
ERR13927339.14540	1558	16.1547
ERR13927339.14541	1550	15.9619
ERR13927339.14542	1550	19.9290
ERR13927339.14543	1569	18.5781
ERR13927339.14544	1572	21.6539
ERR13927339.14545	1547	19.1707
ERR13927339.14546	1582	16.9501
ERR13927339.14547	1573	17.8360
ERR13927339.14548	1575	18.5771
ERR13927339.14549	1612	16.7699
ERR13927339.14550	1536	16.3913
ERR13927339.14551	1528	17.6021
ERR13927339.14552	160	11.5437
ERR13927339.14553	1524	17.1949
ERR13927339.14554	1549	19.8399
ERR13927339.14555	1493	15.8205
ERR13927339.14556	1541	16.3511
ERR13927339.14557	1511	14.5936
ERR13927339.14558	1555	17.0997
ERR13927339.14559	1569	14.2103
ERR13927339.14560	1575	17.8965
ERR13927339.14561	1557	17.0019
ERR13927339.14562	1566	16.8519
ERR13927339.14563	1564	18.4731
ERR13927339.14564	1574	18.8996
ERR13927339.14565	1527	17.5298
ERR13927339.14566	1519	14.9993
ERR13927339.14567	1598	18.6827
ERR13927339.14568	1569	18.4812
ERR13927339.14569	388	14.9278
ERR13927339.14570	1567	14.8009
ERR13927339.14571	1574	15.3812
ERR13927339.14572	1552	18.3189
ERR13927339.14573	1481	15.7488
ERR13927339.14574	1528	15.0609
ERR13927339.14575	1604	18.6752
ERR13927339.14576	1530	19.1399
ERR13927339.14577	1531	19.7740
ERR13927339.14578	1568	16.2015
ERR13927339.14579	1586	17.5927
ERR13927339.14580	1557	18.4534
ERR13927339.14581	1569	19.6189
ERR13927339.14582	1569	17.6750
ERR13927339.14583	1574	19.4905
ERR13927339.14584	1610	14.6230
ERR13927339.14585	1562	18.9232
ERR13927339.14586	1527	15.0589
ERR13927339.14587	1557	18.6198
ERR13927339.14588	1567	19.9177
ERR13927339.14589	1558	14.9294
ERR13927339.14590	1559	16.7543
ERR13927339.14591	1530	16.8176
ERR13927339.14592	1523	16.5568
ERR13927339.14593	1523	15.7945
ERR13927339.14594	1539	18.7615
ERR13927339.14595	1546	16.1986
ERR13927339.14596	1573	20.1284
ERR13927339.14597	1530	15.3863
ERR13927339.14598	1603	18.9975
ERR13927339.14599	1566	19.6820
ERR13927339.14600	1586	16.5757
ERR13927339.14601	1555	18.9203
ERR13927339.14602	1539	17.4263
ERR13927339.14603	1513	16.9405
ERR13927339.14604	1563	17.4690
ERR13927339.14605	1525	16.0669
ERR13927339.14606	1557	15.2010
ERR13927339.14607	1409	14.0440
ERR13927339.14608	187	13.7807
ERR13927339.14609	1299	16.8714
ERR13927339.14610	1590	19.6082
ERR13927339.14611	1556	17.5212
ERR13927339.14612	1615	17.7734
ERR13927339.14613	1523	15.7932
ERR13927339.14614	1557	17.5491
ERR13927339.14615	1554	18.1506
ERR13927339.14616	639	16.8153
ERR13927339.14617	1577	18.9867
ERR13927339.14618	1591	20.0849
ERR13927339.14619	1562	18.1293
ERR13927339.14620	1308	16.1690
ERR13927339.14621	1564	20.4514
ERR13927339.14622	1586	17.1047
ERR13927339.14623	1564	18.4501
ERR13927339.14624	1601	15.4766
ERR13927339.14625	1581	16.6559
ERR13927339.14626	232	13.4741
ERR13927339.14627	1554	18.9183
ERR13927339.14628	1587	18.7139
ERR13927339.14629	1603	18.6650
ERR13927339.14630	1533	15.3888
ERR13927339.14631	1559	16.5375
ERR13927339.14632	1564	21.6196
ERR13927339.14633	313	13.9201
ERR13927339.14634	1547	19.7912
ERR13927339.14635	1551	20.5422
ERR13927339.14636	1513	14.0905
ERR13927339.14637	1575	16.7670
ERR13927339.14638	1557	19.4952
ERR13927339.14639	1537	15.1340
ERR13927339.14640	1621	21.0919
ERR13927339.14641	1564	18.1726
ERR13927339.14642	1534	17.3422
ERR13927339.14643	1571	19.6614
ERR13927339.14644	1567	15.8424
ERR13927339.14645	189	10.7937
ERR13927339.14646	1596	19.6053
ERR13927339.14647	1550	17.8458
ERR13927339.14648	1581	18.9677
ERR13927339.14649	1520	17.5763
ERR13927339.14650	582	17.8162
ERR13927339.14651	1529	14.2093
ERR13927339.14652	1539	18.1410
ERR13927339.14653	1560	17.9962
ERR13927339.14654	1620	17.9253
ERR13927339.14655	1557	16.2832
ERR13927339.14656	1527	17.8448
ERR13927339.14657	1578	20.5608
ERR13927339.14658	1564	18.0556
ERR13927339.14659	1602	18.3408
ERR13927339.14660	1571	19.8549
ERR13927339.14661	1603	16.2576
ERR13927339.14662	1562	17.2170
ERR13927339.14663	1523	14.5463
ERR13927339.14664	1566	17.9521
ERR13927339.14665	1590	18.4245
ERR13927339.14666	1581	15.8020
ERR13927339.14667	1516	18.9037
ERR13927339.14668	1437	18.8720
ERR13927339.14669	1563	19.5144
ERR13927339.14670	1563	17.0877
ERR13927339.14671	1551	18.3211
ERR13927339.14672	1537	18.8146
ERR13927339.14673	1567	19.0925
ERR13927339.14674	534	16.2772
ERR13927339.14675	1569	18.6711
ERR13927339.14676	1550	20.9819
ERR13927339.14677	1618	17.9672
ERR13927339.14678	1561	16.7444
ERR13927339.14679	1569	18.5615
ERR13927339.14680	1604	18.9426
ERR13927339.14681	1568	19.6441
ERR13927339.14682	1560	19.2609
ERR13927339.14683	1546	14.4166
ERR13927339.14684	1530	16.3353
ERR13927339.14685	1554	18.0187
ERR13927339.14686	1566	15.3487
ERR13927339.14687	1555	17.7685
ERR13927339.14688	1533	16.3679
ERR13927339.14689	1552	15.4890
ERR13927339.14690	1488	17.0269
ERR13927339.14691	1567	17.6241
ERR13927339.14692	1400	14.0779
ERR13927339.14693	1581	15.9943
ERR13927339.14694	1551	18.5435
ERR13927339.14695	1536	17.4753
ERR13927339.14696	1565	15.4677
ERR13927339.14697	1551	17.0832
ERR13927339.14698	1558	19.8049
ERR13927339.14699	1568	17.9751
ERR13927339.14700	1564	18.3427
ERR13927339.14701	1612	19.3803
ERR13927339.14702	1515	14.1842
ERR13927339.14703	1568	15.0517
ERR13927339.14704	1592	15.7312
ERR13927339.14705	1567	18.6822
ERR13927339.14706	1524	17.2841
ERR13927339.14707	1554	18.6667
ERR13927339.14708	1582	18.9956
ERR13927339.14709	1484	16.7999
ERR13927339.14710	1568	19.5306
ERR13927339.14711	1579	18.7574
ERR13927339.14712	1586	15.9319
ERR13927339.14713	1529	16.0929
ERR13927339.14714	1548	17.0665
ERR13927339.14715	1024	16.9482
ERR13927339.14716	1548	18.9599
ERR13927339.14717	1521	15.2018
ERR13927339.14718	1535	17.4456
ERR13927339.14719	1467	15.9277
ERR13927339.14720	1669	20.0407
ERR13927339.14721	1537	16.0833
ERR13927339.14722	1561	16.4055
ERR13927339.14723	1550	17.6819
ERR13927339.14724	1549	18.9981
ERR13927339.14725	1495	14.5833
ERR13927339.14726	1553	18.5602
ERR13927339.14727	1530	15.3725
ERR13927339.14728	1547	15.4040
ERR13927339.14729	1560	18.0186
ERR13927339.14730	1550	15.2277
ERR13927339.14731	1492	16.0322
ERR13927339.14732	1573	18.8010
ERR13927339.14733	1595	18.8207
ERR13927339.14734	1254	16.4585
ERR13927339.14735	1603	16.1491
ERR13927339.14736	1543	16.8723
ERR13927339.14737	1601	20.0169
ERR13927339.14738	1569	17.2785
ERR13927339.14739	1566	20.4738
ERR13927339.14740	1529	17.7482
ERR13927339.14741	1599	19.8261
ERR13927339.14742	1578	17.3283
ERR13927339.14743	1572	19.9415
ERR13927339.14744	1554	20.0734
ERR13927339.14745	1663	16.7216
ERR13927339.14746	1581	17.0968
ERR13927339.14747	1549	15.3970
ERR13927339.14748	1560	16.4891
ERR13927339.14749	1567	20.5182
ERR13927339.14750	1544	15.2222
ERR13927339.14751	1572	19.2271
ERR13927339.14752	1600	16.2269
ERR13927339.14753	1562	16.7055
ERR13927339.14754	1522	16.6143
ERR13927339.14755	1581	16.9677
ERR13927339.14756	1554	16.7999
ERR13927339.14757	1564	17.1196
ERR13927339.14758	1559	15.4945
ERR13927339.14759	1588	19.8117
ERR13927339.14760	1567	15.6631
ERR13927339.14761	1566	15.3538
ERR13927339.14762	169	11.2249
ERR13927339.14763	1591	18.7926
ERR13927339.14764	1564	17.6074
ERR13927339.14765	1552	18.1321
ERR13927339.14766	1586	18.7699
ERR13927339.14767	1562	16.9693
ERR13927339.14768	1550	16.8529
ERR13927339.14769	1563	18.6961
ERR13927339.14770	1487	15.9381
ERR13927339.14771	1588	16.3029
ERR13927339.14772	1562	18.0903
ERR13927339.14773	1532	15.6867
ERR13927339.14774	1552	14.6559
ERR13927339.14775	1512	16.7950
ERR13927339.14776	1526	16.1081
ERR13927339.14777	1591	16.4601
ERR13927339.14778	1577	16.2429
ERR13927339.14779	1557	18.7200
ERR13927339.14780	1559	18.2963
ERR13927339.14781	1566	19.8033
ERR13927339.14782	1566	20.3582
ERR13927339.14783	1583	17.1131
ERR13927339.14784	1499	15.1808
ERR13927339.14785	1531	17.3756
ERR13927339.14786	1584	20.2033
ERR13927339.14787	1566	20.2363
ERR13927339.14788	1476	20.4654
ERR13927339.14789	1529	15.5553
ERR13927339.14790	1512	18.0026
ERR13927339.14791	1473	15.7054
ERR13927339.14792	1556	15.7821
ERR13927339.14793	1525	16.1666
ERR13927339.14794	1565	19.7604
ERR13927339.14795	1535	17.7733
ERR13927339.14796	1529	14.3878
ERR13927339.14797	1561	14.8482
ERR13927339.14798	825	19.7055
ERR13927339.14799	1588	17.7708
ERR13927339.14800	1549	18.9193
ERR13927339.14801	1551	15.1206
ERR13927339.14802	1569	16.8961
ERR13927339.14803	1601	18.4478
ERR13927339.14804	1596	19.3208
ERR13927339.14805	1640	17.9085
ERR13927339.14806	1556	15.9897
ERR13927339.14807	1532	14.6971
ERR13927339.14808	1452	16.9607
ERR13927339.14809	1580	22.2158
ERR13927339.14810	1590	18.0075
ERR13927339.14811	1533	15.9772
ERR13927339.14812	1549	16.5494
ERR13927339.14813	1664	18.7200
ERR13927339.14814	1559	20.5170
ERR13927339.14815	1491	14.9631
ERR13927339.14816	1529	16.6736
ERR13927339.14817	3105	18.0155
ERR13927339.14818	1547	17.0763
ERR13927339.14819	1586	19.4111
ERR13927339.14820	1577	19.5333
ERR13927339.14821	1566	18.5300
ERR13927339.14822	1558	19.6027
ERR13927339.14823	1582	16.9981
ERR13927339.14824	1523	16.4399
ERR13927339.14825	1352	19.3425
ERR13927339.14826	1539	16.0910
ERR13927339.14827	1503	15.2375
ERR13927339.14828	1548	19.4625
ERR13927339.14829	1544	18.6185
ERR13927339.14830	1571	15.7301
ERR13927339.14831	1624	15.8695
ERR13927339.14832	1573	16.8036
ERR13927339.14833	1550	16.6981
ERR13927339.14834	1585	19.2379
ERR13927339.14835	1543	18.1892
ERR13927339.14836	1541	15.9299
ERR13927339.14837	1550	17.0406
ERR13927339.14838	1533	14.4449
ERR13927339.14839	1490	16.1000
ERR13927339.14840	472	15.2182
ERR13927339.14841	1548	19.2416
ERR13927339.14842	1546	21.1067
ERR13927339.14843	1580	18.2095
ERR13927339.14844	1586	19.1356
ERR13927339.14845	1561	16.1019
ERR13927339.14846	1573	16.4272
ERR13927339.14847	1546	18.2141
ERR13927339.14848	1580	15.8475
ERR13927339.14849	1582	18.5253
ERR13927339.14850	1508	15.1625
ERR13927339.14851	1649	20.3881
ERR13927339.14852	1595	15.3386
ERR13927339.14853	1555	15.6920
ERR13927339.14854	1518	17.5889
ERR13927339.14855	1604	15.4414
ERR13927339.14856	1547	14.8222
ERR13927339.14857	1550	15.9787
ERR13927339.14858	1524	13.5748
ERR13927339.14859	1596	15.6422
ERR13927339.14860	1484	16.9272
ERR13927339.14861	1546	15.7316
ERR13927339.14862	1535	17.7948
ERR13927339.14863	1568	18.9700
ERR13927339.14864	1554	16.9607
ERR13927339.14865	1519	14.2772
ERR13927339.14866	1545	18.5864
ERR13927339.14867	1547	17.3058
ERR13927339.14868	1470	13.5388
ERR13927339.14869	159	14.6667
ERR13927339.14870	1553	16.1217
ERR13927339.14871	1579	19.6320
ERR13927339.14872	1547	16.7382
ERR13927339.14873	1559	19.0532
ERR13927339.14874	1616	14.4740
ERR13927339.14875	1552	15.2152
ERR13927339.14876	1557	20.2511
ERR13927339.14877	1592	15.1005
ERR13927339.14878	1009	15.7384
ERR13927339.14879	1549	19.6850
ERR13927339.14880	1582	17.8028
ERR13927339.14881	1575	14.9321
ERR13927339.14882	1536	17.5768
ERR13927339.14883	1460	16.6699
ERR13927339.14884	1556	19.0456
ERR13927339.14885	1579	19.3217
ERR13927339.14886	1551	16.2895
ERR13927339.14887	1546	14.8325
ERR13927339.14888	1557	16.8850
ERR13927339.14889	1573	18.5982
ERR13927339.14890	1565	20.7489
ERR13927339.14891	1562	16.5871
ERR13927339.14892	1593	16.7232
ERR13927339.14893	1414	17.0926
ERR13927339.14894	1577	21.3209
ERR13927339.14895	1617	18.5498
ERR13927339.14896	473	15.7992
ERR13927339.14897	1558	17.8691
ERR13927339.14898	1578	15.2478
ERR13927339.14899	1578	18.0063
ERR13927339.14900	1562	19.0960
ERR13927339.14901	1560	20.7942
ERR13927339.14902	1572	15.8009
ERR13927339.14903	871	17.0999
ERR13927339.14904	1618	14.8084
ERR13927339.14905	1583	16.4277
ERR13927339.14906	1502	14.5985
ERR13927339.14907	1550	15.1929
ERR13927339.14908	1498	16.1963
ERR13927339.14909	1569	17.4296
ERR13927339.14910	1602	19.5075
ERR13927339.14911	1592	18.7343
ERR13927339.14912	1557	15.9467
ERR13927339.14913	1585	16.8574
ERR13927339.14914	1540	18.1494
ERR13927339.14915	1538	17.3934
ERR13927339.14916	1534	14.1415
ERR13927339.14917	1543	16.6267
ERR13927339.14918	1535	15.1824
ERR13927339.14919	1596	22.4035
ERR13927339.14920	1606	18.7179
ERR13927339.14921	1551	15.4062
ERR13927339.14922	1534	17.6160
ERR13927339.14923	1626	17.8819
ERR13927339.14924	902	15.5388
ERR13927339.14925	1517	15.0165
ERR13927339.14926	209	19.4306
ERR13927339.14927	1566	17.7631
ERR13927339.14928	1511	14.9596
ERR13927339.14929	1555	19.3299
ERR13927339.14930	1536	16.6289
ERR13927339.14931	1554	18.8996
ERR13927339.14932	1575	20.9949
ERR13927339.14933	1562	16.9321
ERR13927339.14934	1524	18.2625
ERR13927339.14935	1526	16.9548
ERR13927339.14936	1479	16.8107
ERR13927339.14937	1290	16.8054
ERR13927339.14938	1569	15.5061
ERR13927339.14939	1577	19.7768
ERR13927339.14940	1513	17.4845
ERR13927339.14941	194	17.8041
ERR13927339.14942	1589	19.1126
ERR13927339.14943	1558	17.3472
ERR13927339.14944	1555	15.7293
ERR13927339.14945	1527	15.9587
ERR13927339.14946	1591	17.2759
ERR13927339.14947	1582	19.7585
ERR13927339.14948	194	14.0515
ERR13927339.14949	1581	17.1031
ERR13927339.14950	1570	18.1599
ERR13927339.14951	1609	17.1889
ERR13927339.14952	1561	15.4862
ERR13927339.14953	1585	17.4656
ERR13927339.14954	1544	18.8873
ERR13927339.14955	1546	18.5162
ERR13927339.14956	1536	18.4388
ERR13927339.14957	1489	15.7132
ERR13927339.14958	1586	17.3209
ERR13927339.14959	990	18.7293
ERR13927339.14960	1588	17.2103
ERR13927339.14961	1536	17.3073
ERR13927339.14962	1537	17.4177
ERR13927339.14963	1671	18.1442
ERR13927339.14964	1514	15.6136
ERR13927339.14965	1590	17.9774
ERR13927339.14966	1565	15.5808
ERR13927339.14967	1562	19.7196
ERR13927339.14968	192	14.2812
ERR13927339.14969	1591	14.9114
ERR13927339.14970	1556	18.4145
ERR13927339.14971	1577	17.3494
ERR13927339.14972	1527	16.3877
ERR13927339.14973	1536	17.4382
ERR13927339.14974	1577	18.5783
ERR13927339.14975	1577	15.6829
ERR13927339.14976	1557	17.0173
ERR13927339.14977	595	14.6185
ERR13927339.14978	1579	14.8866
ERR13927339.14979	1498	16.3344
ERR13927339.14980	1583	17.2167
ERR13927339.14981	1576	16.0546
ERR13927339.14982	1519	16.6471
ERR13927339.14983	1527	16.3143
ERR13927339.14984	1558	15.5924
ERR13927339.14985	1575	19.2578
ERR13927339.14986	1545	16.4615
ERR13927339.14987	1579	20.6206
ERR13927339.14988	1542	13.7464
ERR13927339.14989	1552	19.0851
ERR13927339.14990	1548	18.0452
ERR13927339.14991	1551	15.1760
ERR13927339.14992	1534	19.3983
ERR13927339.14993	1579	16.1324
ERR13927339.14994	1505	16.2259
ERR13927339.14995	1576	19.3306
ERR13927339.14996	1584	18.2178
ERR13927339.14997	1576	18.4220
ERR13927339.14998	1581	19.3289
ERR13927339.14999	1590	16.9119
ERR13927339.15000	1547	15.7266
ERR13927339.15001	1566	19.6309
ERR13927339.15002	1594	18.8908
ERR13927339.15003	1611	19.4624
ERR13927339.15004	1601	16.1056
ERR13927339.15005	1614	20.8216
ERR13927339.15006	1573	16.4857
ERR13927339.15007	1628	19.5221
ERR13927339.15008	1582	18.3287
ERR13927339.15009	1566	20.2982
ERR13927339.15010	1587	16.9118
ERR13927339.15011	1576	20.6472
ERR13927339.15012	372	17.0968
ERR13927339.15013	1584	22.6250
ERR13927339.15014	1602	19.1486
ERR13927339.15015	1560	17.8423
ERR13927339.15016	1580	20.8190
ERR13927339.15017	1597	18.2567
ERR13927339.15018	1615	19.4625
ERR13927339.15019	1591	16.7473
ERR13927339.15020	1566	19.6584
ERR13927339.15021	1560	15.9494
ERR13927339.15022	1569	14.7718
ERR13927339.15023	1581	19.8849
ERR13927339.15024	1541	15.3809
ERR13927339.15025	1561	14.8892
ERR13927339.15026	1628	20.5190
ERR13927339.15027	1560	14.5577
ERR13927339.15028	1594	20.6700
ERR13927339.15029	1577	15.9055
ERR13927339.15030	1587	19.0737
ERR13927339.15031	1531	16.3207
ERR13927339.15032	1557	18.4721
ERR13927339.15033	1576	19.0539
ERR13927339.15034	1557	18.7688
ERR13927339.15035	1555	17.7621
ERR13927339.15036	1583	20.0941
ERR13927339.15037	1582	16.5354
ERR13927339.15038	1571	18.1400
ERR13927339.15039	1567	20.8922
ERR13927339.15040	1543	21.9404
ERR13927339.15041	1580	17.4538
ERR13927339.15042	1486	18.3802
ERR13927339.15043	1555	16.9434
ERR13927339.15044	1564	19.5090
ERR13927339.15045	1582	18.9083
ERR13927339.15046	1568	19.1180
ERR13927339.15047	1563	16.9136
ERR13927339.15048	1565	17.6498
ERR13927339.15049	1607	21.3105
ERR13927339.15050	1567	18.3095
ERR13927339.15051	1602	17.4981
ERR13927339.15052	1577	18.4382
ERR13927339.15053	1580	19.4051
ERR13927339.15054	1509	18.7913
ERR13927339.15055	1563	21.0109
ERR13927339.15056	1572	17.2704
ERR13927339.15057	1539	17.2008
ERR13927339.15058	1592	17.0421
ERR13927339.15059	1566	18.9783
ERR13927339.15060	1547	20.4964
ERR13927339.15061	1570	16.8898
ERR13927339.15062	1568	18.8922
ERR13927339.15063	1567	17.1059
ERR13927339.15064	1737	17.6943
ERR13927339.15065	1582	18.6005
ERR13927339.15066	1569	14.5864
ERR13927339.15067	1569	20.4060
ERR13927339.15068	1593	19.7320
ERR13927339.15069	1577	19.5365
ERR13927339.15070	1578	16.6261
ERR13927339.15071	1586	20.1110
ERR13927339.15072	1545	17.1042
ERR13927339.15073	1565	20.8300
ERR13927339.15074	1606	20.3126
ERR13927339.15075	1557	15.6718
ERR13927339.15076	1584	17.5227
ERR13927339.15077	1560	18.2321
ERR13927339.15078	1577	19.0025
ERR13927339.15079	1583	16.8010
ERR13927339.15080	1586	18.2245
ERR13927339.15081	1573	18.3255
ERR13927339.15082	1623	16.9193
ERR13927339.15083	1565	17.4760
ERR13927339.15084	1593	19.4306
ERR13927339.15085	1567	16.9860
ERR13927339.15086	1586	17.5908
ERR13927339.15087	1604	20.0031
ERR13927339.15088	1542	18.4319
ERR13927339.15089	1599	19.4128
ERR13927339.15090	1570	17.0936
ERR13927339.15091	1557	20.6005
ERR13927339.15092	1577	20.5453
ERR13927339.15093	1590	18.5069
ERR13927339.15094	1567	16.1066
ERR13927339.15095	1561	21.2377
ERR13927339.15096	1581	18.3378
ERR13927339.15097	1579	18.9633
ERR13927339.15098	1606	17.8468
ERR13927339.15099	1599	14.5997
ERR13927339.15100	1574	19.4111
ERR13927339.15101	1546	15.4424
ERR13927339.15102	1573	17.7425
ERR13927339.15103	1580	16.6323
ERR13927339.15104	1566	19.8889
ERR13927339.15105	1579	18.1184
ERR13927339.15106	1602	20.8302
ERR13927339.15107	1567	15.5807
ERR13927339.15108	1647	17.7772
ERR13927339.15109	1572	22.3931
ERR13927339.15110	1568	17.6805
ERR13927339.15111	1598	19.8098
ERR13927339.15112	1446	16.7248
ERR13927339.15113	1560	19.2404
ERR13927339.15114	1546	15.7044
ERR13927339.15115	1575	16.7010
ERR13927339.15116	1570	19.1834
ERR13927339.15117	1524	17.2861
ERR13927339.15118	1536	22.8770
ERR13927339.15119	1573	15.2390
ERR13927339.15120	732	19.1885
ERR13927339.15121	1558	17.4230
ERR13927339.15122	1602	17.0699
ERR13927339.15123	1574	20.2490
ERR13927339.15124	1574	14.9892
ERR13927339.15125	1549	15.1588
ERR13927339.15126	1547	16.2935
ERR13927339.15127	1525	16.6334
ERR13927339.15128	1578	20.3752
ERR13927339.15129	1508	15.2062
ERR13927339.15130	1550	18.2239
ERR13927339.15131	1583	18.2464
ERR13927339.15132	1654	19.0919
ERR13927339.15133	1524	17.2001
ERR13927339.15134	1546	15.2044
ERR13927339.15135	1545	16.1003
ERR13927339.15136	1583	19.0745
ERR13927339.15137	1539	15.0773
ERR13927339.15138	483	17.8861
ERR13927339.15139	251	12.8247
ERR13927339.15140	803	19.2590
ERR13927339.15141	1545	16.7618
ERR13927339.15142	1548	14.8521
ERR13927339.15143	1541	15.5665
ERR13927339.15144	1571	16.7390
ERR13927339.15145	1574	17.7961
ERR13927339.15146	1555	19.0045
ERR13927339.15147	1591	18.9428
ERR13927339.15148	1548	16.4289
ERR13927339.15149	1534	17.9928
ERR13927339.15150	1494	15.5522
ERR13927339.15151	1552	18.4884
ERR13927339.15152	1568	21.5357
ERR13927339.15153	1557	15.8831
ERR13927339.15154	1536	18.0905
ERR13927339.15155	1565	20.7732
ERR13927339.15156	1621	18.0654
ERR13927339.15157	1571	15.1305
ERR13927339.15158	1532	17.4223
ERR13927339.15159	1543	15.5580
ERR13927339.15160	1539	17.8934
ERR13927339.15161	1623	15.6063
ERR13927339.15162	1547	17.6012
ERR13927339.15163	1566	15.8257
ERR13927339.15164	1560	17.0429
ERR13927339.15165	1549	16.1750
ERR13927339.15166	1584	18.2708
ERR13927339.15167	1550	20.7587
ERR13927339.15168	256	14.6406
ERR13927339.15169	468	15.1261
ERR13927339.15170	392	14.3469
ERR13927339.15171	1560	17.7628
ERR13927339.15172	1577	17.5663
ERR13927339.15173	1538	16.9915
ERR13927339.15174	1553	18.8307
ERR13927339.15175	1575	18.0044
ERR13927339.15176	1555	19.1762
ERR13927339.15177	1611	16.4060
ERR13927339.15178	1585	20.4568
ERR13927339.15179	1522	17.0664
ERR13927339.15180	1561	15.5503
ERR13927339.15181	1562	19.8143
ERR13927339.15182	1526	16.6402
ERR13927339.15183	1548	17.3463
ERR13927339.15184	1575	17.3270
ERR13927339.15185	1580	17.7057
ERR13927339.15186	1581	15.0582
ERR13927339.15187	1576	16.4765
ERR13927339.15188	1585	18.5356
ERR13927339.15189	1561	16.0596
ERR13927339.15190	1546	17.5207
ERR13927339.15191	1566	18.4393
ERR13927339.15192	1560	18.6904
ERR13927339.15193	1557	17.0803
ERR13927339.15194	1614	19.0105
ERR13927339.15195	1542	15.3943
ERR13927339.15196	1563	18.0275
ERR13927339.15197	1533	16.6464
ERR13927339.15198	1525	15.3390
ERR13927339.15199	1619	17.0414
ERR13927339.15200	1609	19.3692
ERR13927339.15201	1498	15.7623
ERR13927339.15202	2331	15.5165
ERR13927339.15203	1561	18.8847
ERR13927339.15204	1545	16.1430
ERR13927339.15205	1564	14.4271
ERR13927339.15206	1555	15.6354
ERR13927339.15207	1535	16.7036
ERR13927339.15208	1100	17.7000
ERR13927339.15209	1561	16.3978
ERR13927339.15210	1441	14.6600
ERR13927339.15211	1475	16.6197
ERR13927339.15212	1580	18.3487
ERR13927339.15213	1567	19.0600
ERR13927339.15214	1563	19.1599
ERR13927339.15215	1544	16.5000
ERR13927339.15216	1381	14.8327
ERR13927339.15217	1523	15.2640
ERR13927339.15218	1571	17.4933
ERR13927339.15219	1601	19.4903
ERR13927339.15220	1572	16.3200
ERR13927339.15221	1530	16.7614
ERR13927339.15222	1597	18.5504
ERR13927339.15223	1543	16.3046
ERR13927339.15224	1536	17.6289
ERR13927339.15225	1575	16.3721
ERR13927339.15226	1584	17.2790
ERR13927339.15227	1539	18.4802
ERR13927339.15228	1581	17.7793
ERR13927339.15229	1548	16.7681
ERR13927339.15230	1564	17.0639
ERR13927339.15231	1612	19.2370
ERR13927339.15232	1523	17.2915
ERR13927339.15233	1577	18.8180
ERR13927339.15234	1555	15.8682
ERR13927339.15235	1581	19.6844
ERR13927339.15236	1570	15.6930
ERR13927339.15237	1543	17.2009
ERR13927339.15238	1552	16.0116
ERR13927339.15239	1551	15.9136
ERR13927339.15240	1560	16.4308
ERR13927339.15241	1553	19.6574
ERR13927339.15242	1571	18.6314
ERR13927339.15243	3073	17.2880
ERR13927339.15244	1540	17.7377
ERR13927339.15245	1563	19.3820
ERR13927339.15246	1559	17.0154
ERR13927339.15247	1635	17.2563
ERR13927339.15248	1593	17.5599
ERR13927339.15249	1559	16.5189
ERR13927339.15250	1548	18.8282
ERR13927339.15251	1571	18.2915
ERR13927339.15252	1542	15.8476
ERR13927339.15253	1547	17.5281
ERR13927339.15254	1639	16.5479
ERR13927339.15255	1572	15.0992
ERR13927339.15256	1519	17.7946
ERR13927339.15257	1576	18.3109
ERR13927339.15258	1538	19.2243
ERR13927339.15259	1606	17.8892
ERR13927339.15260	1585	19.7621
ERR13927339.15261	1513	17.9511
ERR13927339.15262	1487	15.3625
ERR13927339.15263	1563	15.6040
ERR13927339.15264	1533	16.3177
ERR13927339.15265	1552	16.2487
ERR13927339.15266	1587	16.4146
ERR13927339.15267	1553	17.8410
ERR13927339.15268	155	14.8903
ERR13927339.15269	1586	15.3253
ERR13927339.15270	1496	15.9866
ERR13927339.15271	1674	16.8841
ERR13927339.15272	1555	20.8457
ERR13927339.15273	1573	15.0960
ERR13927339.15274	1535	15.1166
ERR13927339.15275	1330	16.4083
ERR13927339.15276	1539	15.5452
ERR13927339.15277	1561	15.5413
ERR13927339.15278	1532	15.6495
ERR13927339.15279	1518	17.1041
ERR13927339.15280	1563	15.9149
ERR13927339.15281	1573	17.4793
ERR13927339.15282	1581	17.5269
ERR13927339.15283	1542	19.3087
ERR13927339.15284	1590	19.6044
ERR13927339.15285	1545	14.7113
ERR13927339.15286	1573	19.4781
ERR13927339.15287	1576	16.0431
ERR13927339.15288	1613	20.2498
ERR13927339.15289	1626	16.9403
ERR13927339.15290	1557	16.7033
ERR13927339.15291	1582	17.5107
ERR13927339.15292	211	12.2322
ERR13927339.15293	1537	17.0215
ERR13927339.15294	180	16.1944
ERR13927339.15295	1546	16.8473
ERR13927339.15296	1552	17.3988
ERR13927339.15297	1554	17.5946
ERR13927339.15298	1548	18.7972
ERR13927339.15299	1543	15.7511
ERR13927339.15300	272	16.5000
ERR13927339.15301	1550	17.8665
ERR13927339.15302	1508	16.7553
ERR13927339.15303	1551	19.5313
ERR13927339.15304	1561	19.6111
ERR13927339.15305	1544	14.8944
ERR13927339.15306	1545	16.8919
ERR13927339.15307	1523	15.9206
ERR13927339.15308	1563	16.6091
ERR13927339.15309	1476	18.1172
ERR13927339.15310	1517	16.3151
ERR13927339.15311	1552	14.5818
ERR13927339.15312	1547	19.4312
ERR13927339.15313	1574	17.0241
ERR13927339.15314	1565	20.6026
ERR13927339.15315	1519	16.9078
ERR13927339.15316	1563	15.9091
ERR13927339.15317	1557	17.0263
ERR13927339.15318	1587	19.4650
ERR13927339.15319	1536	21.0540
ERR13927339.15320	1527	17.4250
ERR13927339.15321	1581	17.7552
ERR13927339.15322	1568	18.2838
ERR13927339.15323	1602	18.5749
ERR13927339.15324	1571	20.0834
ERR13927339.15325	1573	16.4005
ERR13927339.15326	1540	15.7851
ERR13927339.15327	1435	14.2188
ERR13927339.15328	1582	17.4172
ERR13927339.15329	1513	16.1388
ERR13927339.15330	1575	17.2794
ERR13927339.15331	1548	14.2183
ERR13927339.15332	1525	14.6249
ERR13927339.15333	1544	16.3025
ERR13927339.15334	1586	18.1223
ERR13927339.15335	545	16.8183
ERR13927339.15336	1556	14.9287
ERR13927339.15337	1533	14.9856
ERR13927339.15338	1519	17.0053
ERR13927339.15339	1570	19.9006
ERR13927339.15340	1558	16.7927
ERR13927339.15341	1606	20.5330
ERR13927339.15342	1563	20.4754
ERR13927339.15343	1566	17.2292
ERR13927339.15344	1588	18.8073
ERR13927339.15345	1538	17.0208
ERR13927339.15346	1531	17.0379
ERR13927339.15347	1567	16.1340
ERR13927339.15348	1540	16.5234
ERR13927339.15349	1547	16.8293
ERR13927339.15350	1530	14.9425
ERR13927339.15351	1548	18.8566
ERR13927339.15352	1675	18.4304
ERR13927339.15353	1545	19.5631
ERR13927339.15354	1539	15.3671
ERR13927339.15355	1573	15.4139
ERR13927339.15356	1570	18.4586
ERR13927339.15357	1593	16.8299
ERR13927339.15358	1589	20.7867
ERR13927339.15359	1492	16.8874
ERR13927339.15360	1597	18.0050
ERR13927339.15361	1552	15.7867
ERR13927339.15362	1549	17.7353
ERR13927339.15363	1570	15.0682
ERR13927339.15364	1531	18.2423
ERR13927339.15365	1567	18.7435
ERR13927339.15366	1535	14.8730
ERR13927339.15367	1542	16.2704
ERR13927339.15368	1568	16.5574
ERR13927339.15369	1518	15.6957
ERR13927339.15370	1557	16.8703
ERR13927339.15371	1553	15.3374
ERR13927339.15372	1592	16.4070
ERR13927339.15373	1548	18.0155
ERR13927339.15374	1558	16.5481
ERR13927339.15375	1494	15.1667
ERR13927339.15376	1553	17.6169
ERR13927339.15377	1587	17.1544
ERR13927339.15378	1546	17.9864
ERR13927339.15379	1594	18.7610
ERR13927339.15380	1590	19.6686
ERR13927339.15381	1572	17.7589
ERR13927339.15382	1559	17.5010
ERR13927339.15383	1556	18.0328
ERR13927339.15384	1540	18.4649
ERR13927339.15385	1559	18.2886
ERR13927339.15386	1516	16.9017
ERR13927339.15387	1551	14.4165
ERR13927339.15388	1554	14.7394
ERR13927339.15389	1509	16.0066
ERR13927339.15390	1554	17.1203
ERR13927339.15391	1564	15.5659
ERR13927339.15392	1571	15.1929
ERR13927339.15393	1535	16.1466
ERR13927339.15394	1543	18.4070
ERR13927339.15395	1547	18.3691
ERR13927339.15396	1536	18.1510
ERR13927339.15397	1520	16.4664
ERR13927339.15398	1510	15.7026
ERR13927339.15399	1555	18.9080
ERR13927339.15400	669	17.5665
ERR13927339.15401	1602	16.8146
ERR13927339.15402	1620	20.0623
ERR13927339.15403	1593	15.1381
ERR13927339.15404	326	16.8834
ERR13927339.15405	1561	16.4792
ERR13927339.15406	1565	18.2837
ERR13927339.15407	1523	14.2607
ERR13927339.15408	1539	14.8798
ERR13927339.15409	1585	16.3590
ERR13927339.15410	1521	15.5897
ERR13927339.15411	1593	19.9178
ERR13927339.15412	1587	19.5898
ERR13927339.15413	1590	15.7377
ERR13927339.15414	1567	17.4084
ERR13927339.15415	1546	16.8021
ERR13927339.15416	1565	17.9565
ERR13927339.15417	1599	20.1620
ERR13927339.15418	1575	17.7575
ERR13927339.15419	1567	17.3740
ERR13927339.15420	1580	16.4519
ERR13927339.15421	1541	15.3945
ERR13927339.15422	1556	16.6105
ERR13927339.15423	1566	18.4802
ERR13927339.15424	1548	20.5220
ERR13927339.15425	1557	17.1972
ERR13927339.15426	1581	18.6717
ERR13927339.15427	1527	15.4329
ERR13927339.15428	1503	15.9122
ERR13927339.15429	1557	15.4573
ERR13927339.15430	1571	15.8931
ERR13927339.15431	1598	17.9906
ERR13927339.15432	1571	18.5169
ERR13927339.15433	1649	16.8429
ERR13927339.15434	1541	18.0266
ERR13927339.15435	1560	16.5744
ERR13927339.15436	1514	15.2754
ERR13927339.15437	1542	15.2601
ERR13927339.15438	1523	15.8569
ERR13927339.15439	1733	15.8263
ERR13927339.15440	1536	18.3314
ERR13927339.15441	1576	16.4486
ERR13927339.15442	1579	17.7904
ERR13927339.15443	1578	19.7009
ERR13927339.15444	1546	15.6604
ERR13927339.15445	1566	16.8991
ERR13927339.15446	1563	17.8241
ERR13927339.15447	1533	14.6836
ERR13927339.15448	985	15.5909
ERR13927339.15449	1523	14.2397
ERR13927339.15450	475	14.3011
ERR13927339.15451	1558	15.4230
ERR13927339.15452	1534	15.9759
ERR13927339.15453	1579	16.7068
ERR13927339.15454	1598	17.0882
ERR13927339.15455	1555	15.4174
ERR13927339.15456	1098	17.8652
ERR13927339.15457	1180	16.0924
ERR13927339.15458	1547	15.3400
ERR13927339.15459	1586	19.6482
ERR13927339.15460	1585	14.6852
ERR13927339.15461	1504	16.4195
ERR13927339.15462	1455	16.7746
ERR13927339.15463	1536	15.6465
ERR13927339.15464	1587	17.2520
ERR13927339.15465	1555	15.3576
ERR13927339.15466	1528	20.2297
ERR13927339.15467	1548	19.7506
ERR13927339.15468	1535	15.5954
ERR13927339.15469	1570	16.3025
ERR13927339.15470	1542	16.6427
ERR13927339.15471	148	20.8108
ERR13927339.15472	1562	17.8214
ERR13927339.15473	1552	19.2513
ERR13927339.15474	1548	17.0245
ERR13927339.15475	1590	17.3365
ERR13927339.15476	1560	14.2571
ERR13927339.15477	1522	15.5959
ERR13927339.15478	210	15.2524
ERR13927339.15479	1595	17.3486
ERR13927339.15480	1553	13.7354
ERR13927339.15481	1528	16.2343
ERR13927339.15482	1542	17.9916
ERR13927339.15483	1546	15.3085
ERR13927339.15484	1540	16.0584
ERR13927339.15485	1518	15.2022
ERR13927339.15486	1581	21.3219
ERR13927339.15487	1546	17.5175
ERR13927339.15488	1591	16.4293
ERR13927339.15489	1557	17.5639
ERR13927339.15490	1579	17.2964
ERR13927339.15491	1542	16.8353
ERR13927339.15492	1594	18.2208
ERR13927339.15493	1574	17.8831
ERR13927339.15494	1516	15.9934
ERR13927339.15495	1580	16.1892
ERR13927339.15496	1590	17.5258
ERR13927339.15497	316	11.5538
ERR13927339.15498	650	17.8877
ERR13927339.15499	1569	21.2020
ERR13927339.15500	1563	19.9386
ERR13927339.15501	1541	14.8494
ERR13927339.15502	1590	17.2698
ERR13927339.15503	1508	16.2016
ERR13927339.15504	1507	17.7817
ERR13927339.15505	1610	14.7534
ERR13927339.15506	1590	15.9195
ERR13927339.15507	1539	17.8168
ERR13927339.15508	1599	15.5747
ERR13927339.15509	1559	17.1052
ERR13927339.15510	1568	15.2710
ERR13927339.15511	1554	16.8115
ERR13927339.15512	1567	18.2521
ERR13927339.15513	1560	14.8481
ERR13927339.15514	1545	18.5107
ERR13927339.15515	1561	19.0109
ERR13927339.15516	1525	17.6374
ERR13927339.15517	1569	18.2766
ERR13927339.15518	1576	21.9987
ERR13927339.15519	3167	16.4765
ERR13927339.15520	1520	17.6612
ERR13927339.15521	1521	17.4721
ERR13927339.15522	1536	16.1367
ERR13927339.15523	1516	17.9485
ERR13927339.15524	1527	14.7092
ERR13927339.15525	1562	17.6364
ERR13927339.15526	1567	17.1436
ERR13927339.15527	1492	15.2768
ERR13927339.15528	1561	16.8283
ERR13927339.15529	1586	19.2831
ERR13927339.15530	222	11.3288
ERR13927339.15531	1520	16.7882
ERR13927339.15532	1530	15.7399
ERR13927339.15533	1538	18.4363
ERR13927339.15534	1553	16.4572
ERR13927339.15535	1542	18.0623
ERR13927339.15536	749	15.7116
ERR13927339.15537	1558	17.5353
ERR13927339.15538	1522	15.0624
ERR13927339.15539	1516	15.2381
ERR13927339.15540	1522	16.5664
ERR13927339.15541	1534	16.3351
ERR13927339.15542	1535	18.1818
ERR13927339.15543	1594	21.0151
ERR13927339.15544	1545	15.3068
ERR13927339.15545	1548	19.4645
ERR13927339.15546	1447	15.2958
ERR13927339.15547	1576	19.8407
ERR13927339.15548	1593	18.5851
ERR13927339.15549	1564	18.3990
ERR13927339.15550	1545	15.9184
ERR13927339.15551	1326	16.3220
ERR13927339.15552	1506	15.1262
ERR13927339.15553	1539	18.8090
ERR13927339.15554	1533	16.9622
ERR13927339.15555	1570	17.1217
ERR13927339.15556	1564	17.7519
ERR13927339.15557	1620	17.1216
ERR13927339.15558	1545	15.6770
ERR13927339.15559	1527	18.2286
ERR13927339.15560	1590	18.6239
ERR13927339.15561	1548	16.5956
ERR13927339.15562	1571	16.3036
ERR13927339.15563	1526	16.9482
ERR13927339.15564	1583	17.2508
ERR13927339.15565	1576	18.2665
ERR13927339.15566	1518	16.1739
ERR13927339.15567	1557	20.4110
ERR13927339.15568	1541	17.4543
ERR13927339.15569	1602	17.8908
ERR13927339.15570	1510	14.9291
ERR13927339.15571	1557	17.0507
ERR13927339.15572	1546	15.4256
ERR13927339.15573	1576	15.9860
ERR13927339.15574	1547	13.8177
ERR13927339.15575	1515	15.1954
ERR13927339.15576	1541	15.7333
ERR13927339.15577	1515	16.4568
ERR13927339.15578	1477	14.7590
ERR13927339.15579	1569	18.4786
ERR13927339.15580	1494	18.5562
ERR13927339.15581	1539	15.6667
ERR13927339.15582	1563	14.4331
ERR13927339.15583	1550	14.9194
ERR13927339.15584	1523	15.9324
ERR13927339.15585	1575	19.3251
ERR13927339.15586	1566	18.7944
ERR13927339.15587	1488	16.4812
ERR13927339.15588	1563	18.9706
ERR13927339.15589	538	17.3309
ERR13927339.15590	1538	20.9948
ERR13927339.15591	1537	15.4854
ERR13927339.15592	1541	16.7255
ERR13927339.15593	1554	17.8996
ERR13927339.15594	1581	16.5617
ERR13927339.15595	1625	16.1674
ERR13927339.15596	1521	16.6719
ERR13927339.15597	1539	15.8785
ERR13927339.15598	129	14.7597
ERR13927339.15599	1580	17.2032
ERR13927339.15600	1567	17.6356
ERR13927339.15601	1552	16.1791
ERR13927339.15602	1519	17.6287
ERR13927339.15603	1511	16.3402
ERR13927339.15604	1580	16.1272
ERR13927339.15605	1515	15.2086
ERR13927339.15606	1489	16.2317
ERR13927339.15607	1654	17.3289
ERR13927339.15608	1552	15.8454
ERR13927339.15609	1567	16.4646
ERR13927339.15610	1440	18.4812
ERR13927339.15611	1556	15.7545
ERR13927339.15612	1526	17.2556
ERR13927339.15613	1571	19.0516
ERR13927339.15614	1559	16.3906
ERR13927339.15615	1545	18.1197
ERR13927339.15616	1535	16.8782
ERR13927339.15617	1489	16.8301
ERR13927339.15618	1573	16.7107
ERR13927339.15619	1600	17.7944
ERR13927339.15620	1521	17.6614
ERR13927339.15621	1489	15.9563
ERR13927339.15622	1546	16.1384
ERR13927339.15623	1596	15.4806
ERR13927339.15624	1548	15.0672
ERR13927339.15625	1592	15.7990
ERR13927339.15626	1556	17.2050
ERR13927339.15627	1518	17.2721
ERR13927339.15628	1555	19.7936
ERR13927339.15629	1605	15.6355
ERR13927339.15630	1562	16.6453
ERR13927339.15631	1596	16.2306
ERR13927339.15632	1609	19.0721
ERR13927339.15633	1598	17.6521
ERR13927339.15634	1554	17.1371
ERR13927339.15635	1475	16.7105
ERR13927339.15636	1650	14.2273
ERR13927339.15637	1558	15.9480
ERR13927339.15638	1545	17.3301
ERR13927339.15639	1415	14.5470
ERR13927339.15640	1535	16.6228
ERR13927339.15641	1540	14.6981
ERR13927339.15642	1543	16.4206
ERR13927339.15643	1565	16.8288
ERR13927339.15644	1549	19.4577
ERR13927339.15645	1501	14.8188
ERR13927339.15646	1579	17.4072
ERR13927339.15647	1563	17.9994
ERR13927339.15648	1563	15.3173
ERR13927339.15649	317	12.5584
ERR13927339.15650	1580	18.4899
ERR13927339.15651	1543	17.6014
ERR13927339.15652	1335	14.1011
ERR13927339.15653	1555	18.9010
ERR13927339.15654	1531	17.9693
ERR13927339.15655	1459	17.9363
ERR13927339.15656	1549	17.1879
ERR13927339.15657	1450	15.2276
ERR13927339.15658	1553	19.8229
ERR13927339.15659	1539	16.6381
ERR13927339.15660	1518	14.5896
ERR13927339.15661	1520	17.5033
ERR13927339.15662	1491	16.0563
ERR13927339.15663	1554	17.4318
ERR13927339.15664	1547	16.9606
ERR13927339.15665	1162	16.6463
ERR13927339.15666	1560	17.5538
ERR13927339.15667	1523	14.7932
ERR13927339.15668	1545	16.2278
ERR13927339.15669	1590	17.7654
ERR13927339.15670	1592	16.9353
ERR13927339.15671	1567	16.8698
ERR13927339.15672	1579	17.7080
ERR13927339.15673	1543	16.1698
ERR13927339.15674	1583	17.3822
ERR13927339.15675	1509	17.3499
ERR13927339.15676	1510	14.8126
ERR13927339.15677	1539	18.1235
ERR13927339.15678	1484	15.4333
ERR13927339.15679	1545	17.0939
ERR13927339.15680	1564	17.3306
ERR13927339.15681	1639	17.5015
ERR13927339.15682	1573	17.5448
ERR13927339.15683	1538	16.8778
ERR13927339.15684	1364	13.9560
ERR13927339.15685	1527	13.8022
ERR13927339.15686	1555	14.9916
ERR13927339.15687	1598	16.8711
ERR13927339.15688	1517	16.0059
ERR13927339.15689	1579	18.1419
ERR13927339.15690	1556	16.6986
ERR13927339.15691	1454	15.8088
ERR13927339.15692	1546	17.7568
ERR13927339.15693	1533	14.2244
ERR13927339.15694	1565	15.1067
ERR13927339.15695	1546	17.3752
ERR13927339.15696	1549	17.0039
ERR13927339.15697	1562	15.3220
ERR13927339.15698	1535	15.7531
ERR13927339.15699	1159	15.3469
ERR13927339.15700	1568	14.2615
ERR13927339.15701	1541	16.6892
ERR13927339.15702	1546	17.8486
ERR13927339.15703	1572	14.3626
ERR13927339.15704	1612	15.8945
ERR13927339.15705	1561	17.9622
ERR13927339.15706	1522	14.3364
ERR13927339.15707	1554	16.2233
ERR13927339.15708	1533	18.0939
ERR13927339.15709	1531	18.0882
ERR13927339.15710	1580	19.4361
ERR13927339.15711	1599	18.3740
ERR13927339.15712	1554	18.6898
ERR13927339.15713	1550	18.6652
ERR13927339.15714	1547	17.3083
ERR13927339.15715	1544	16.5842
ERR13927339.15716	1559	17.1366
ERR13927339.15717	1565	18.7859
ERR13927339.15718	1544	17.8381
ERR13927339.15719	1579	15.9132
ERR13927339.15720	281	12.4270
ERR13927339.15721	1579	15.0602
ERR13927339.15722	1607	17.5115
ERR13927339.15723	1579	15.0000
ERR13927339.15724	1596	16.8521
ERR13927339.15725	1519	15.6965
ERR13927339.15726	1557	16.5568
ERR13927339.15727	1570	17.5064
ERR13927339.15728	1558	17.5366
ERR13927339.15729	1543	15.6798
ERR13927339.15730	1485	18.0310
ERR13927339.15731	974	17.3532
ERR13927339.15732	316	13.6392
ERR13927339.15733	1577	18.7318
ERR13927339.15734	1531	16.3155
ERR13927339.15735	1568	16.4585
ERR13927339.15736	1486	15.8345
ERR13927339.15737	1581	19.0013
ERR13927339.15738	1574	16.0527
ERR13927339.15739	1560	16.9077
ERR13927339.15740	1543	16.9268
ERR13927339.15741	1564	17.2174
ERR13927339.15742	1569	18.0013
ERR13927339.15743	1565	16.7157
ERR13927339.15744	1544	16.5732
ERR13927339.15745	1580	16.7937
ERR13927339.15746	225	12.8000
ERR13927339.15747	1561	16.4811
ERR13927339.15748	1440	15.3660
ERR13927339.15749	1548	16.2649
ERR13927339.15750	1523	14.5870
ERR13927339.15751	1520	17.8329
ERR13927339.15752	1548	16.7894
ERR13927339.15753	1520	15.3053
ERR13927339.15754	1584	16.4659
ERR13927339.15755	1518	16.0593
ERR13927339.15756	1568	17.3355
ERR13927339.15757	1550	17.8477
ERR13927339.15758	1589	16.9711
ERR13927339.15759	161	14.6211
ERR13927339.15760	1575	19.8514
ERR13927339.15761	1437	17.1886
ERR13927339.15762	1569	16.7718
ERR13927339.15763	1671	16.8689
ERR13927339.15764	1589	19.4065
ERR13927339.15765	1562	17.3111
ERR13927339.15766	1546	16.8512
ERR13927339.15767	1563	18.6008
ERR13927339.15768	410	15.0073
ERR13927339.15769	1488	16.0262
ERR13927339.15770	1578	16.3422
ERR13927339.15771	1511	14.8253
ERR13927339.15772	1598	13.8116
ERR13927339.15773	1556	14.3760
ERR13927339.15774	1521	14.4753
ERR13927339.15775	1560	15.4385
ERR13927339.15776	1526	14.5786
ERR13927339.15777	1577	20.6620
ERR13927339.15778	1577	20.7685
ERR13927339.15779	1554	20.0483
ERR13927339.15780	1023	18.6989
ERR13927339.15781	1569	19.3397
ERR13927339.15782	1603	17.2171
ERR13927339.15783	1620	19.5877
ERR13927339.15784	1564	20.0774
ERR13927339.15785	1618	18.8344
ERR13927339.15786	1572	21.1991
ERR13927339.15787	1650	20.1836
ERR13927339.15788	1589	16.7413
ERR13927339.15789	1580	20.2892
ERR13927339.15790	1556	19.4994
ERR13927339.15791	1579	20.2065
ERR13927339.15792	1594	19.9561
ERR13927339.15793	1588	20.6134
ERR13927339.15794	1611	18.3650
ERR13927339.15795	1565	18.7936
ERR13927339.15796	1568	17.9898
ERR13927339.15797	1592	19.9410
ERR13927339.15798	1576	19.9905
ERR13927339.15799	943	18.7338
ERR13927339.15800	1614	19.9269
ERR13927339.15801	1558	17.9204
ERR13927339.15802	3183	17.6692
ERR13927339.15803	1588	13.7487
ERR13927339.15804	1618	20.8999
ERR13927339.15805	1577	21.4908
ERR13927339.15806	1592	20.5352
ERR13927339.15807	1541	17.8975
ERR13927339.15808	1571	19.7333
ERR13927339.15809	1612	16.3567
ERR13927339.15810	1575	14.7238
ERR13927339.15811	1541	18.1661
ERR13927339.15812	1582	19.0948
ERR13927339.15813	1555	17.4566
ERR13927339.15814	1572	19.0388
ERR13927339.15815	1565	15.9502
ERR13927339.15816	1584	19.4223
ERR13927339.15817	1662	19.7004
ERR13927339.15818	1594	19.2923
ERR13927339.15819	1577	19.3691
ERR13927339.15820	1582	19.9159
ERR13927339.15821	1399	20.9836
ERR13927339.15822	1576	16.4994
ERR13927339.15823	1531	15.9602
ERR13927339.15824	1594	18.8645
ERR13927339.15825	1461	17.1191
ERR13927339.15826	1550	19.9381
ERR13927339.15827	1604	19.0879
ERR13927339.15828	1575	20.4400
ERR13927339.15829	1606	19.6619
ERR13927339.15830	1555	19.1415
ERR13927339.15831	1567	16.3912
ERR13927339.15832	1567	20.9802
ERR13927339.15833	1581	15.8020
ERR13927339.15834	1563	22.5637
ERR13927339.15835	1547	16.9994
ERR13927339.15836	1601	16.0868
ERR13927339.15837	1570	16.1268
ERR13927339.15838	1573	16.4895
ERR13927339.15839	1614	19.7571
ERR13927339.15840	1565	19.5668
ERR13927339.15841	1603	19.5864
ERR13927339.15842	1568	19.3489
ERR13927339.15843	1552	16.4117
ERR13927339.15844	1602	19.9794
ERR13927339.15845	1571	19.0064
ERR13927339.15846	1584	19.1092
ERR13927339.15847	1543	19.5852
ERR13927339.15848	1568	19.1499
ERR13927339.15849	932	16.3433
ERR13927339.15850	1553	15.9292
ERR13927339.15851	1571	18.0465
ERR13927339.15852	1568	16.4483
ERR13927339.15853	1552	18.8131
ERR13927339.15854	1577	18.1833
ERR13927339.15855	1590	20.5453
ERR13927339.15856	1583	14.8869
ERR13927339.15857	1619	19.1427
ERR13927339.15858	1367	18.0578
ERR13927339.15859	1567	15.4825
ERR13927339.15860	1569	16.2760
ERR13927339.15861	1578	18.6705
ERR13927339.15862	1563	15.8996
ERR13927339.15863	1569	16.3461
ERR13927339.15864	1565	17.9291
ERR13927339.15865	1575	17.7689
ERR13927339.15866	1624	19.1422
ERR13927339.15867	1576	15.6942
ERR13927339.15868	1554	16.2149
ERR13927339.15869	1587	17.6219
ERR13927339.15870	1566	17.6737
ERR13927339.15871	1871	20.4356
ERR13927339.15872	1576	19.5615
ERR13927339.15873	1582	20.1700
ERR13927339.15874	1578	18.0722
ERR13927339.15875	1565	19.5361
ERR13927339.15876	1598	20.2547
ERR13927339.15877	1587	19.9011
ERR13927339.15878	1585	19.0826
ERR13927339.15879	1543	17.4537
ERR13927339.15880	1571	17.9465
ERR13927339.15881	1577	18.2289
ERR13927339.15882	1563	17.2745
ERR13927339.15883	1550	16.3445
ERR13927339.15884	1580	19.4608
ERR13927339.15885	1560	20.1487
ERR13927339.15886	1587	17.1701
ERR13927339.15887	1597	18.4377
ERR13927339.15888	1557	17.8677
ERR13927339.15889	1587	16.0076
ERR13927339.15890	1562	18.7567
ERR13927339.15891	1564	19.0652
ERR13927339.15892	1593	17.5581
ERR13927339.15893	1581	19.3485
ERR13927339.15894	1572	20.8550
ERR13927339.15895	1582	20.1492
ERR13927339.15896	1573	20.2104
ERR13927339.15897	1567	21.6433
ERR13927339.15898	1603	18.9108
ERR13927339.15899	1595	14.3674
ERR13927339.15900	1557	18.7084
ERR13927339.15901	1737	18.3650
ERR13927339.15902	1573	22.2028
ERR13927339.15903	1551	17.6680
ERR13927339.15904	1609	21.4873
ERR13927339.15905	1618	20.5587
ERR13927339.15906	1579	19.3692
ERR13927339.15907	1587	20.3548
ERR13927339.15908	1574	15.1645
ERR13927339.15909	1571	19.1833
ERR13927339.15910	1563	18.0032
ERR13927339.15911	1564	21.9763
ERR13927339.15912	1582	15.5076
ERR13927339.15913	1604	15.1016
ERR13927339.15914	1585	17.6662
ERR13927339.15915	1611	19.2824
ERR13927339.15916	1535	16.3902
ERR13927339.15917	1532	16.1377
ERR13927339.15918	1552	16.1037
ERR13927339.15919	1580	15.4354
ERR13927339.15920	1567	18.5960
ERR13927339.15921	1553	14.8628
ERR13927339.15922	1522	16.5611
ERR13927339.15923	1513	14.9874
ERR13927339.15924	1521	15.7173
ERR13927339.15925	1529	16.4441
ERR13927339.15926	1531	16.0999
ERR13927339.15927	1555	17.0129
ERR13927339.15928	1542	17.3632
ERR13927339.15929	1524	17.7126
ERR13927339.15930	1612	18.6991
ERR13927339.15931	1481	14.9055
ERR13927339.15932	1613	16.0019
ERR13927339.15933	1518	14.7951
ERR13927339.15934	1546	17.8047
ERR13927339.15935	1583	17.0834
ERR13927339.15936	1555	16.6701
ERR13927339.15937	1602	15.4725
ERR13927339.15938	1535	15.6821
ERR13927339.15939	1570	14.9369
ERR13927339.15940	1546	20.8053
ERR13927339.15941	1545	15.3929
ERR13927339.15942	1590	15.9377
ERR13927339.15943	1581	17.1676
ERR13927339.15944	1576	19.4835
ERR13927339.15945	1565	14.8492
ERR13927339.15946	1560	18.4128
ERR13927339.15947	1545	15.1968
ERR13927339.15948	1553	17.5164
ERR13927339.15949	1599	19.0338
ERR13927339.15950	1578	17.4246
ERR13927339.15951	1567	17.0319
ERR13927339.15952	1579	16.9500
ERR13927339.15953	1540	16.2253
ERR13927339.15954	1638	18.6349
ERR13927339.15955	1590	18.0667
ERR13927339.15956	1533	17.3477
ERR13927339.15957	1426	15.9250
ERR13927339.15958	1524	16.1188
ERR13927339.15959	1550	16.8013
ERR13927339.15960	1580	15.8538
ERR13927339.15961	1605	19.2386
ERR13927339.15962	1470	15.0646
ERR13927339.15963	1550	15.2432
ERR13927339.15964	1582	18.5550
ERR13927339.15965	818	17.0831
ERR13927339.15966	1519	18.2061
ERR13927339.15967	1437	15.5150
ERR13927339.15968	1522	17.6288
ERR13927339.15969	1536	15.3874
ERR13927339.15970	1560	15.5494
ERR13927339.15971	1513	16.6219
ERR13927339.15972	1557	15.9338
ERR13927339.15973	1534	17.8351
ERR13927339.15974	1613	17.7688
ERR13927339.15975	1577	16.9138
ERR13927339.15976	1523	15.3592
ERR13927339.15977	1585	17.0789
ERR13927339.15978	1590	19.3893
ERR13927339.15979	1096	15.6387
ERR13927339.15980	1491	17.0302
ERR13927339.15981	1529	15.2309
ERR13927339.15982	1577	16.5086
ERR13927339.15983	1572	18.4364
ERR13927339.15984	1555	15.9408
ERR13927339.15985	1570	16.5962
ERR13927339.15986	1547	15.0692
ERR13927339.15987	1523	15.6540
ERR13927339.15988	1562	17.5602
ERR13927339.15989	1589	17.4147
ERR13927339.15990	1501	16.6269
ERR13927339.15991	1552	16.3621
ERR13927339.15992	1566	20.4917
ERR13927339.15993	1508	15.9476
ERR13927339.15994	1549	17.1188
ERR13927339.15995	1519	20.0112
ERR13927339.15996	1542	15.5610
ERR13927339.15997	1558	15.5347
ERR13927339.15998	1561	17.7707
ERR13927339.15999	1550	15.4252
ERR13927339.16000	1549	14.9890
ERR13927339.16001	1538	17.6912
ERR13927339.16002	1607	17.3777
ERR13927339.16003	1586	19.4609
ERR13927339.16004	1554	15.0804
ERR13927339.16005	1611	19.6182
ERR13927339.16006	1558	18.6142
ERR13927339.16007	1561	15.6182
ERR13927339.16008	1596	15.0213
ERR13927339.16009	1585	18.4587
ERR13927339.16010	1576	17.0019
ERR13927339.16011	1546	18.8137
ERR13927339.16012	1547	16.3387
ERR13927339.16013	1580	16.1259
ERR13927339.16014	1041	17.9251
ERR13927339.16015	1565	15.6153
ERR13927339.16016	1581	17.9184
ERR13927339.16017	1604	21.0056
ERR13927339.16018	1592	19.6338
ERR13927339.16019	1620	17.2562
ERR13927339.16020	1549	17.2311
ERR13927339.16021	1565	15.8134
ERR13927339.16022	1595	17.0031
ERR13927339.16023	1575	19.6857
ERR13927339.16024	1549	16.1601
ERR13927339.16025	1558	17.4448
ERR13927339.16026	1548	20.1589
ERR13927339.16027	1568	16.0478
ERR13927339.16028	1587	19.6358
ERR13927339.16029	1564	18.6509
ERR13927339.16030	1572	19.1170
ERR13927339.16031	1593	18.9761
ERR13927339.16032	1604	18.6303
ERR13927339.16033	1583	16.4378
ERR13927339.16034	1558	16.6893
ERR13927339.16035	1562	15.2190
ERR13927339.16036	1569	19.8464
ERR13927339.16037	1563	18.2777
ERR13927339.16038	1612	19.2314
ERR13927339.16039	1605	20.3732
ERR13927339.16040	1542	16.0577
ERR13927339.16041	1580	19.0063
ERR13927339.16042	1587	16.6686
ERR13927339.16043	1578	18.0741
ERR13927339.16044	1565	17.7840
ERR13927339.16045	1583	16.1251
ERR13927339.16046	1586	17.4893
ERR13927339.16047	1583	17.4662
ERR13927339.16048	1579	16.5966
ERR13927339.16049	1580	18.0652
ERR13927339.16050	1587	14.6062
ERR13927339.16051	1561	16.2652
ERR13927339.16052	1555	18.1260
ERR13927339.16053	1532	16.8629
ERR13927339.16054	1589	21.3103
ERR13927339.16055	1528	17.0576
ERR13927339.16056	1542	19.3878
ERR13927339.16057	1560	18.7083
ERR13927339.16058	1611	18.5251
ERR13927339.16059	1539	16.8025
ERR13927339.16060	1599	20.1270
ERR13927339.16061	1589	17.9264
ERR13927339.16062	1559	15.8358
ERR13927339.16063	1572	16.2131
ERR13927339.16064	1538	17.3589
ERR13927339.16065	1697	21.6906
ERR13927339.16066	1561	18.7252
ERR13927339.16067	1578	18.9994
ERR13927339.16068	1568	21.4126
ERR13927339.16069	1606	19.4334
ERR13927339.16070	1570	15.3592
ERR13927339.16071	1574	19.8501
ERR13927339.16072	1611	15.8945
ERR13927339.16073	1541	17.0642
ERR13927339.16074	1583	20.0695
ERR13927339.16075	1584	15.1604
ERR13927339.16076	1343	16.3232
ERR13927339.16077	1559	18.0744
ERR13927339.16078	1586	19.6148
ERR13927339.16079	1554	18.0637
ERR13927339.16080	1589	15.5746
ERR13927339.16081	1560	21.2763
ERR13927339.16082	1564	19.0070
ERR13927339.16083	1556	18.2744
ERR13927339.16084	1549	18.1375
ERR13927339.16085	1561	15.5548
ERR13927339.16086	1575	15.6406
ERR13927339.16087	1607	14.6889
ERR13927339.16088	1581	17.6553
ERR13927339.16089	1585	21.2006
ERR13927339.16090	1602	16.4182
ERR13927339.16091	1573	16.9491
ERR13927339.16092	217	14.9217
ERR13927339.16093	1568	20.9821
ERR13927339.16094	1557	20.1798
ERR13927339.16095	1587	17.9565
ERR13927339.16096	1533	15.0391
ERR13927339.16097	1602	15.8152
ERR13927339.16098	1224	20.7639
ERR13927339.16099	1610	21.1422
ERR13927339.16100	1556	19.1253
ERR13927339.16101	1566	19.4049
ERR13927339.16102	1568	18.5089
ERR13927339.16103	1567	16.6267
ERR13927339.16104	1560	19.2532
ERR13927339.16105	1598	19.8329
ERR13927339.16106	1652	19.0442
ERR13927339.16107	1594	19.8683
ERR13927339.16108	1559	16.0577
ERR13927339.16109	1560	18.3936
ERR13927339.16110	1603	16.3250
ERR13927339.16111	1573	17.9936
ERR13927339.16112	1575	15.7676
ERR13927339.16113	1561	19.6746
ERR13927339.16114	1598	20.2922
ERR13927339.16115	1586	18.4533
ERR13927339.16116	1590	20.0472
ERR13927339.16117	1583	21.0246
ERR13927339.16118	1582	17.7099
ERR13927339.16119	1592	18.1997
ERR13927339.16120	1600	18.8650
ERR13927339.16121	1587	16.7372
ERR13927339.16122	1615	17.6489
ERR13927339.16123	1591	16.2753
ERR13927339.16124	1544	17.5162
ERR13927339.16125	1588	18.2601
ERR13927339.16126	1587	21.5280
ERR13927339.16127	1576	17.3560
ERR13927339.16128	1631	18.4004
ERR13927339.16129	1557	20.5947
ERR13927339.16130	1553	18.5744
ERR13927339.16131	1575	16.2743
ERR13927339.16132	1575	17.0495
ERR13927339.16133	1604	21.6490
ERR13927339.16134	1553	17.2775
ERR13927339.16135	1609	20.0702
ERR13927339.16136	1552	15.5457
ERR13927339.16137	1570	17.4758
ERR13927339.16138	1563	20.6532
ERR13927339.16139	1605	20.5109
ERR13927339.16140	1571	18.9465
ERR13927339.16141	1564	15.7717
ERR13927339.16142	1564	20.0038
ERR13927339.16143	1572	16.4593
ERR13927339.16144	1603	19.4342
ERR13927339.16145	1591	20.1219
ERR13927339.16146	1533	17.7273
ERR13927339.16147	1538	19.6801
ERR13927339.16148	1576	19.2697
ERR13927339.16149	1560	19.5987
ERR13927339.16150	1582	19.0114
ERR13927339.16151	1560	17.2468
ERR13927339.16152	1576	19.4169
ERR13927339.16153	1561	17.0327
ERR13927339.16154	1606	21.0417
ERR13927339.16155	1563	16.8375
ERR13927339.16156	1607	18.4437
ERR13927339.16157	1656	19.4293
ERR13927339.16158	1549	17.6475
ERR13927339.16159	1581	19.0000
ERR13927339.16160	1577	17.6145
ERR13927339.16161	1589	20.6004
ERR13927339.16162	1568	18.8304
ERR13927339.16163	1562	23.3387
ERR13927339.16164	1576	16.0577
ERR13927339.16165	1584	19.4205
ERR13927339.16166	1553	18.4456
ERR13927339.16167	1591	18.8850
ERR13927339.16168	1552	18.5992
ERR13927339.16169	1572	18.8308
ERR13927339.16170	1573	17.4221
ERR13927339.16171	1598	18.7378
ERR13927339.16172	1604	17.2986
ERR13927339.16173	1557	19.3520
ERR13927339.16174	1550	19.8129
ERR13927339.16175	1579	15.8493
ERR13927339.16176	1573	20.1469
ERR13927339.16177	1577	19.9302
ERR13927339.16178	1583	15.5666
ERR13927339.16179	1562	15.6690
ERR13927339.16180	1600	21.3575
ERR13927339.16181	1613	20.3162
ERR13927339.16182	1594	17.1907
ERR13927339.16183	1596	17.0508
ERR13927339.16184	1563	16.2169
ERR13927339.16185	1558	18.7279
ERR13927339.16186	1554	19.4903
ERR13927339.16187	1602	18.9076
ERR13927339.16188	1561	15.2050
ERR13927339.16189	1569	18.8062
ERR13927339.16190	1610	16.8366
ERR13927339.16191	1572	20.6469
ERR13927339.16192	1603	19.2988
ERR13927339.16193	1548	18.4193
ERR13927339.16194	1521	15.7824
ERR13927339.16195	3093	18.7992
ERR13927339.16196	1571	18.3940
ERR13927339.16197	1480	18.9189
ERR13927339.16198	1568	20.1639
ERR13927339.16199	1545	16.2414
ERR13927339.16200	1567	19.2451
ERR13927339.16201	1574	20.2166
ERR13927339.16202	1550	16.8277
ERR13927339.16203	1557	17.9319
ERR13927339.16204	1616	18.8744
ERR13927339.16205	1561	17.1108
ERR13927339.16206	1598	18.8636
ERR13927339.16207	1562	17.2996
ERR13927339.16208	1522	14.8699
ERR13927339.16209	1566	19.4674
ERR13927339.16210	1534	18.9270
ERR13927339.16211	1551	19.3643
ERR13927339.16212	1601	20.4204
ERR13927339.16213	1568	18.3125
ERR13927339.16214	1544	17.9495
ERR13927339.16215	1549	21.9658
ERR13927339.16216	1614	19.3724
ERR13927339.16217	1566	20.3340
ERR13927339.16218	1584	20.3232
ERR13927339.16219	1572	19.6444
ERR13927339.16220	1594	19.2566
ERR13927339.16221	1578	16.6578
ERR13927339.16222	1593	21.0446
ERR13927339.16223	1549	18.6340
ERR13927339.16224	1549	17.1704
ERR13927339.16225	1594	19.2415
ERR13927339.16226	1573	18.0331
ERR13927339.16227	1560	17.6256
ERR13927339.16228	1538	17.7503
ERR13927339.16229	1577	20.2467
ERR13927339.16230	1577	19.1535
ERR13927339.16231	1538	18.2321
ERR13927339.16232	1554	16.3945
ERR13927339.16233	1536	16.6061
ERR13927339.16234	1548	18.7745
ERR13927339.16235	1592	15.7670
ERR13927339.16236	1575	18.3886
ERR13927339.16237	1576	16.7551
ERR13927339.16238	1538	15.0455
ERR13927339.16239	1548	20.6260
ERR13927339.16240	1558	16.7080
ERR13927339.16241	1575	15.9790
ERR13927339.16242	1528	19.6564
ERR13927339.16243	1580	20.1475
ERR13927339.16244	1558	14.7003
ERR13927339.16245	1536	15.4759
ERR13927339.16246	1563	19.7012
ERR13927339.16247	1581	18.1082
ERR13927339.16248	1544	20.4799
ERR13927339.16249	1536	17.7962
ERR13927339.16250	1603	18.8334
ERR13927339.16251	1644	19.4769
ERR13927339.16252	1653	15.7157
ERR13927339.16253	1572	16.7850
ERR13927339.16254	1592	16.8681
ERR13927339.16255	1595	20.9210
ERR13927339.16256	1579	19.9905
ERR13927339.16257	1563	18.6526
ERR13927339.16258	1554	18.1995
ERR13927339.16259	1581	17.1613
ERR13927339.16260	1581	19.0772
ERR13927339.16261	1584	19.8213
ERR13927339.16262	1553	13.9659
ERR13927339.16263	1572	20.1393
ERR13927339.16264	1584	16.7399
ERR13927339.16265	1589	17.9207
ERR13927339.16266	1547	15.8248
ERR13927339.16267	1569	19.0370
ERR13927339.16268	1532	17.2735
ERR13927339.16269	1616	20.5130
ERR13927339.16270	1550	16.0974
ERR13927339.16271	1576	20.3312
ERR13927339.16272	1581	14.4681
ERR13927339.16273	1571	19.3877
ERR13927339.16274	1579	19.3623
ERR13927339.16275	1510	15.6788
ERR13927339.16276	1572	16.9567
ERR13927339.16277	1633	15.6601
ERR13927339.16278	1584	21.1073
ERR13927339.16279	1497	15.5224
ERR13927339.16280	1506	14.0790
ERR13927339.16281	1545	15.2136
ERR13927339.16282	1573	18.8398
ERR13927339.16283	1532	16.7598
ERR13927339.16284	1424	17.9782
ERR13927339.16285	1559	16.3849
ERR13927339.16286	1467	14.4349
ERR13927339.16287	1568	15.6920
ERR13927339.16288	1558	16.2914
ERR13927339.16289	1557	15.6782
ERR13927339.16290	1550	16.2245
ERR13927339.16291	1590	18.2937
ERR13927339.16292	1567	15.5954
ERR13927339.16293	1597	18.5172
ERR13927339.16294	1654	18.8452
ERR13927339.16295	1566	18.5741
ERR13927339.16296	1637	20.1875
ERR13927339.16297	1572	18.5846
ERR13927339.16298	1557	21.1047
ERR13927339.16299	1553	20.8487
ERR13927339.16300	1519	16.7426
ERR13927339.16301	1554	20.0779
ERR13927339.16302	1558	20.7003
ERR13927339.16303	1600	19.6700
ERR13927339.16304	1597	17.5348
ERR13927339.16305	1601	14.9794
ERR13927339.16306	1550	13.8529
ERR13927339.16307	1571	19.8211
ERR13927339.16308	1577	17.1420
ERR13927339.16309	1617	21.2369
ERR13927339.16310	1562	16.4936
ERR13927339.16311	1586	19.8386
ERR13927339.16312	1609	20.2772
ERR13927339.16313	1623	19.2643
ERR13927339.16314	1557	19.8825
ERR13927339.16315	1584	17.7992
ERR13927339.16316	1567	21.1780
ERR13927339.16317	1527	15.7819
ERR13927339.16318	1550	18.1529
ERR13927339.16319	1557	15.9441
ERR13927339.16320	1557	22.0238
ERR13927339.16321	1561	20.1672
ERR13927339.16322	1566	16.4630
ERR13927339.16323	1555	18.3093
ERR13927339.16324	1588	19.2431
ERR13927339.16325	1560	19.2718
ERR13927339.16326	1572	18.6005
ERR13927339.16327	1611	17.9857
ERR13927339.16328	1567	17.9834
ERR13927339.16329	1522	17.6695
ERR13927339.16330	1566	16.5913
ERR13927339.16331	1576	16.9886
ERR13927339.16332	1613	17.7142
ERR13927339.16333	1590	16.9648
ERR13927339.16334	1593	18.6497
ERR13927339.16335	1559	20.0763
ERR13927339.16336	1607	15.7467
ERR13927339.16337	1570	19.2408
ERR13927339.16338	1571	19.6849
ERR13927339.16339	1553	19.3999
ERR13927339.16340	1592	20.5597
ERR13927339.16341	1611	19.8771
ERR13927339.16342	1587	20.2987
ERR13927339.16343	1608	17.4701
ERR13927339.16344	1568	19.2838
ERR13927339.16345	1559	18.4554
ERR13927339.16346	1552	20.1224
ERR13927339.16347	1644	18.5760
ERR13927339.16348	1571	15.5863
ERR13927339.16349	1585	20.9167
ERR13927339.16350	1571	19.9669
ERR13927339.16351	1580	16.6595
ERR13927339.16352	1569	18.7527
ERR13927339.16353	1514	16.7147
ERR13927339.16354	1584	18.5284
ERR13927339.16355	1600	16.9594
ERR13927339.16356	1600	15.5587
ERR13927339.16357	1555	19.6849
ERR13927339.16358	1586	15.7074
ERR13927339.16359	1536	14.7767
ERR13927339.16360	1595	16.6257
ERR13927339.16361	1564	20.0601
ERR13927339.16362	1575	19.2622
ERR13927339.16363	1576	15.8020
ERR13927339.16364	1562	20.2804
ERR13927339.16365	1567	20.6713
ERR13927339.16366	224	9.7679
ERR13927339.16367	1600	18.7131
ERR13927339.16368	1530	18.2693
ERR13927339.16369	1562	16.8246
ERR13927339.16370	1556	15.4062
ERR13927339.16371	1583	20.7025
ERR13927339.16372	1586	18.1192
ERR13927339.16373	1597	17.1922
ERR13927339.16374	1593	15.5574
ERR13927339.16375	1593	20.0345
ERR13927339.16376	1605	19.5072
ERR13927339.16377	1562	16.9046
ERR13927339.16378	1560	18.6788
ERR13927339.16379	1562	16.6850
ERR13927339.16380	1546	18.3959
ERR13927339.16381	1553	18.5106
ERR13927339.16382	1591	22.6606
ERR13927339.16383	1547	15.3866
ERR13927339.16384	1601	15.4453
ERR13927339.16385	1579	21.8328
ERR13927339.16386	1610	19.1820
ERR13927339.16387	1544	17.7027
ERR13927339.16388	1608	19.4086
ERR13927339.16389	1560	18.7314
ERR13927339.16390	1740	16.3282
ERR13927339.16391	1545	19.0259
ERR13927339.16392	1610	19.3801
ERR13927339.16393	595	21.2118
ERR13927339.16394	1621	16.9815
ERR13927339.16395	1533	16.4573
ERR13927339.16396	1553	15.9665
ERR13927339.16397	178	11.9045
ERR13927339.16398	1553	19.6008
ERR13927339.16399	1553	17.6652
ERR13927339.16400	1626	19.9059
ERR13927339.16401	1599	17.2533
ERR13927339.16402	1576	16.8280
ERR13927339.16403	1561	15.2627
ERR13927339.16404	1583	21.2982
ERR13927339.16405	1592	20.5352
ERR13927339.16406	1618	20.5173
ERR13927339.16407	1596	14.7945
ERR13927339.16408	1582	18.1612
ERR13927339.16409	1565	19.3872
ERR13927339.16410	1568	16.2602
ERR13927339.16411	1647	19.3352
ERR13927339.16412	1547	16.9134
ERR13927339.16413	1553	16.8699
ERR13927339.16414	1561	18.1070
ERR13927339.16415	1595	17.2270
ERR13927339.16416	1560	15.9083
ERR13927339.16417	1569	15.2588
ERR13927339.16418	1598	17.0876
ERR13927339.16419	1551	18.9729
ERR13927339.16420	1572	16.6374
ERR13927339.16421	1581	18.1271
ERR13927339.16422	1570	20.2369
ERR13927339.16423	1567	18.8660
ERR13927339.16424	1585	18.1457
ERR13927339.16425	804	19.3458
ERR13927339.16426	1585	17.9180
ERR13927339.16427	1532	16.3675
ERR13927339.16428	1540	17.6481
ERR13927339.16429	1521	19.6936
ERR13927339.16430	1555	19.2322
ERR13927339.16431	1576	16.2912
ERR13927339.16432	1556	17.2622
ERR13927339.16433	1597	14.9311
ERR13927339.16434	1571	15.8727
ERR13927339.16435	1542	15.4942
ERR13927339.16436	1580	17.8367
ERR13927339.16437	1583	20.1314
ERR13927339.16438	1592	19.9221
ERR13927339.16439	1558	17.2574
ERR13927339.16440	1597	17.2417
ERR13927339.16441	1564	18.6905
ERR13927339.16442	1567	18.9138
ERR13927339.16443	1531	17.4572
ERR13927339.16444	1575	20.9949
ERR13927339.16445	1587	16.8204
ERR13927339.16446	1546	17.4250
ERR13927339.16447	1560	18.3846
ERR13927339.16448	204	14.0147
ERR13927339.16449	1597	16.5291
ERR13927339.16450	1605	15.8623
ERR13927339.16451	1600	16.5188
ERR13927339.16452	1567	17.6324
ERR13927339.16453	1593	17.1852
ERR13927339.16454	1541	14.5165
ERR13927339.16455	1603	17.2165
ERR13927339.16456	1579	20.8341
ERR13927339.16457	1584	20.5126
ERR13927339.16458	1612	18.6768
ERR13927339.16459	1583	18.7903
ERR13927339.16460	1540	14.8591
ERR13927339.16461	1060	20.4962
ERR13927339.16462	1544	16.4003
ERR13927339.16463	1527	16.8540
ERR13927339.16464	1566	16.5843
ERR13927339.16465	1600	18.9556
ERR13927339.16466	1596	16.7124
ERR13927339.16467	1547	21.5844
ERR13927339.16468	1565	16.6920
ERR13927339.16469	1627	20.6392
ERR13927339.16470	1561	15.6464
ERR13927339.16471	1266	16.0640
ERR13927339.16472	1557	19.1092
ERR13927339.16473	1570	18.4503
ERR13927339.16474	1562	16.6594
ERR13927339.16475	1596	18.6360
ERR13927339.16476	1583	19.4586
ERR13927339.16477	1549	18.4022
ERR13927339.16478	1580	20.6519
ERR13927339.16479	1569	20.3588
ERR13927339.16480	1553	16.7527
ERR13927339.16481	1586	20.3386
ERR13927339.16482	1237	19.9895
ERR13927339.16483	1551	16.9781
ERR13927339.16484	1576	16.6110
ERR13927339.16485	1571	20.2941
ERR13927339.16486	1600	15.1600
ERR13927339.16487	1600	15.5481
ERR13927339.16488	1531	20.5630
ERR13927339.16489	1570	18.6497
ERR13927339.16490	1574	17.6709
ERR13927339.16491	188	15.7394
ERR13927339.16492	1572	19.8861
ERR13927339.16493	1736	19.4165
ERR13927339.16494	1559	18.6716
ERR13927339.16495	1632	17.4124
ERR13927339.16496	1584	18.6692
ERR13927339.16497	1568	18.2436
ERR13927339.16498	1663	16.7486
ERR13927339.16499	1558	17.9679
ERR13927339.16500	1569	16.7132
ERR13927339.16501	1567	18.5590
ERR13927339.16502	1536	20.0286
ERR13927339.16503	1610	18.5143
ERR13927339.16504	1595	17.2489
ERR13927339.16505	1552	18.9671
ERR13927339.16506	1594	15.6844
ERR13927339.16507	1603	17.3955
ERR13927339.16508	1554	20.8507
ERR13927339.16509	1617	20.8089
ERR13927339.16510	1577	19.1630
ERR13927339.16511	454	17.4163
ERR13927339.16512	1571	20.9045
ERR13927339.16513	1560	18.5186
ERR13927339.16514	1607	21.1176
ERR13927339.16515	1575	19.2400
ERR13927339.16516	1564	17.1554
ERR13927339.16517	1538	14.4558
ERR13927339.16518	1550	18.2942
ERR13927339.16519	1536	17.8841
ERR13927339.16520	1562	17.5410
ERR13927339.16521	1544	17.5440
ERR13927339.16522	1517	15.1292
ERR13927339.16523	1576	19.7221
ERR13927339.16524	1617	19.7570
ERR13927339.16525	1585	16.9640
ERR13927339.16526	1545	16.3845
ERR13927339.16527	1610	19.8627
ERR13927339.16528	1558	16.9974
ERR13927339.16529	1584	18.6301
ERR13927339.16530	1572	19.2939
ERR13927339.16531	1572	17.0013
ERR13927339.16532	1575	18.3232
ERR13927339.16533	1591	16.3671
ERR13927339.16534	1459	16.5264
ERR13927339.16535	1581	17.6312
ERR13927339.16536	1590	16.7428
ERR13927339.16537	1588	19.7191
ERR13927339.16538	1579	16.5674
ERR13927339.16539	1544	17.8776
ERR13927339.16540	1595	18.6232
ERR13927339.16541	1542	18.2121
ERR13927339.16542	1448	13.7928
ERR13927339.16543	1577	15.1059
ERR13927339.16544	1598	18.5832
ERR13927339.16545	1544	16.0674
ERR13927339.16546	1533	16.7880
ERR13927339.16547	1516	15.1339
ERR13927339.16548	1421	14.8255
ERR13927339.16549	1544	17.0505
ERR13927339.16550	891	17.2907
ERR13927339.16551	1555	17.2585
ERR13927339.16552	1614	17.6586
ERR13927339.16553	1566	18.9725
ERR13927339.16554	1616	17.4623
ERR13927339.16555	1516	17.2817
ERR13927339.16556	1600	15.6675
ERR13927339.16557	883	16.4621
ERR13927339.16558	1591	17.0591
ERR13927339.16559	280	14.2107
ERR13927339.16560	1414	14.1987
ERR13927339.16561	1577	15.5593
ERR13927339.16562	1533	17.1239
ERR13927339.16563	1473	16.0699
ERR13927339.16564	1569	18.7610
ERR13927339.16565	1548	17.9322
ERR13927339.16566	1548	16.8844
ERR13927339.16567	1631	15.7744
ERR13927339.16568	1557	19.9570
ERR13927339.16569	1447	15.8321
ERR13927339.16570	1542	16.0305
ERR13927339.16571	1556	16.2706
ERR13927339.16572	1562	21.0519
ERR13927339.16573	1502	14.5513
ERR13927339.16574	1532	15.6606
ERR13927339.16575	1533	18.9661
ERR13927339.16576	1548	19.6460
ERR13927339.16577	1500	16.5040
ERR13927339.16578	1491	15.4232
ERR13927339.16579	1566	16.8844
ERR13927339.16580	1579	17.9753
ERR13927339.16581	1581	17.9114
ERR13927339.16582	3156	16.5022
ERR13927339.16583	1550	15.4419
ERR13927339.16584	1540	18.8416
ERR13927339.16585	1580	19.5424
ERR13927339.16586	1436	17.8921
ERR13927339.16587	1526	18.1324
ERR13927339.16588	1514	15.4571
ERR13927339.16589	1569	14.9560
ERR13927339.16590	1556	18.6986
ERR13927339.16591	1567	19.4257
ERR13927339.16592	1599	17.6823
ERR13927339.16593	1540	20.2071
ERR13927339.16594	1585	17.0353
ERR13927339.16595	1565	16.2524
ERR13927339.16596	1558	17.1329
ERR13927339.16597	1568	18.4911
ERR13927339.16598	1569	18.7578
ERR13927339.16599	1555	15.2322
ERR13927339.16600	193	16.6528
ERR13927339.16601	1545	14.4479
ERR13927339.16602	1577	17.4794
ERR13927339.16603	1550	14.4465
ERR13927339.16604	1544	18.6308
ERR13927339.16605	1580	14.9981
ERR13927339.16606	1368	15.2405
ERR13927339.16607	1558	16.4673
ERR13927339.16608	1493	15.6269
ERR13927339.16609	1537	16.5055
ERR13927339.16610	1562	16.8457
ERR13927339.16611	1549	15.6566
ERR13927339.16612	872	14.9472
ERR13927339.16613	455	16.8462
ERR13927339.16614	1076	18.3541
ERR13927339.16615	1560	16.9006
ERR13927339.16616	1547	16.6774
ERR13927339.16617	1081	18.5338
ERR13927339.16618	1529	15.6239
ERR13927339.16619	1392	14.2787
ERR13927339.16620	1570	15.8452
ERR13927339.16621	1547	17.1978
ERR13927339.16622	1501	16.8075
ERR13927339.16623	1586	17.8436
ERR13927339.16624	1559	16.1674
ERR13927339.16625	1577	17.8155
ERR13927339.16626	1551	17.2876
ERR13927339.16627	1514	15.3329
ERR13927339.16628	1541	18.1460
ERR13927339.16629	1520	15.4237
ERR13927339.16630	1532	17.0503
ERR13927339.16631	1506	15.4575
ERR13927339.16632	1517	15.5630
ERR13927339.16633	1586	18.8260
ERR13927339.16634	1609	17.7837
ERR13927339.16635	1532	15.9745
ERR13927339.16636	1510	16.0841
ERR13927339.16637	1565	17.8268
ERR13927339.16638	1550	15.7226
ERR13927339.16639	1554	17.7349
ERR13927339.16640	1545	18.4272
ERR13927339.16641	1492	18.9551
ERR13927339.16642	1576	17.9588
ERR13927339.16643	1555	15.5473
ERR13927339.16644	1555	17.6180
ERR13927339.16645	1562	17.3937
ERR13927339.16646	1512	17.2196
ERR13927339.16647	1519	16.0645
ERR13927339.16648	1527	15.1146
ERR13927339.16649	1551	16.9084
ERR13927339.16650	1516	17.3945
ERR13927339.16651	1560	18.4026
ERR13927339.16652	1570	18.0223
ERR13927339.16653	1581	16.5844
ERR13927339.16654	1529	18.4277
ERR13927339.16655	1578	17.3422
ERR13927339.16656	1527	15.5704
ERR13927339.16657	1579	16.8841
ERR13927339.16658	1561	18.1134
ERR13927339.16659	1504	14.9501
ERR13927339.16660	1556	16.9113
ERR13927339.16661	1566	17.4585
ERR13927339.16662	1504	15.4029
ERR13927339.16663	1535	16.8052
ERR13927339.16664	1561	17.0577
ERR13927339.16665	1564	17.2685
ERR13927339.16666	1549	15.5913
ERR13927339.16667	1572	18.1896
ERR13927339.16668	1548	17.8882
ERR13927339.16669	1469	16.4377
ERR13927339.16670	1548	19.5814
ERR13927339.16671	1543	16.6507
ERR13927339.16672	1057	17.1485
ERR13927339.16673	1556	16.3586
ERR13927339.16674	1582	16.7345
ERR13927339.16675	1585	16.4397
ERR13927339.16676	1547	16.9457
ERR13927339.16677	1543	16.8218
ERR13927339.16678	1580	17.5500
ERR13927339.16679	1597	18.0326
ERR13927339.16680	1564	16.7717
ERR13927339.16681	1561	18.5669
ERR13927339.16682	1487	14.7727
ERR13927339.16683	806	17.0112
ERR13927339.16684	1569	16.2071
ERR13927339.16685	1566	18.6673
ERR13927339.16686	1529	15.7194
ERR13927339.16687	1621	20.3849
ERR13927339.16688	1517	18.0409
ERR13927339.16689	1533	15.8963
ERR13927339.16690	1587	17.9761
ERR13927339.16691	1555	17.5768
ERR13927339.16692	1520	18.8289
ERR13927339.16693	1516	15.4222
ERR13927339.16694	1587	17.4751
ERR13927339.16695	1531	17.9210
ERR13927339.16696	1491	14.9537
ERR13927339.16697	1555	18.7916
ERR13927339.16698	1500	16.7207
ERR13927339.16699	1565	16.1220
ERR13927339.16700	1552	18.0999
ERR13927339.16701	1523	18.5181
ERR13927339.16702	1530	15.9307
ERR13927339.16703	1516	15.7197
ERR13927339.16704	1567	16.8877
ERR13927339.16705	1552	17.0284
ERR13927339.16706	1576	15.6282
ERR13927339.16707	1546	18.9088
ERR13927339.16708	1586	21.0151
ERR13927339.16709	1575	17.3295
ERR13927339.16710	1556	16.0135
ERR13927339.16711	1525	17.3187
ERR13927339.16712	1620	18.7463
ERR13927339.16713	1563	16.7466
ERR13927339.16714	1536	16.2773
ERR13927339.16715	1572	15.8518
ERR13927339.16716	1516	17.3621
ERR13927339.16717	1579	17.0291
ERR13927339.16718	1548	15.3288
ERR13927339.16719	1527	17.2155
ERR13927339.16720	1506	15.5943
ERR13927339.16721	1492	15.6810
ERR13927339.16722	1520	15.0743
ERR13927339.16723	1538	15.2575
ERR13927339.16724	1541	17.5256
ERR13927339.16725	1562	17.7202
ERR13927339.16726	1592	17.7871
ERR13927339.16727	1532	17.0933
ERR13927339.16728	1534	17.1871
ERR13927339.16729	1515	17.3366
ERR13927339.16730	1545	16.9230
ERR13927339.16731	1624	17.9070
ERR13927339.16732	1571	18.6015
ERR13927339.16733	1449	15.5197
ERR13927339.16734	1587	20.4329
ERR13927339.16735	1522	17.0072
ERR13927339.16736	207	12.4444
ERR13927339.16737	665	15.3805
ERR13927339.16738	184	13.6902
ERR13927339.16739	292	13.5890
ERR13927339.16740	1206	14.9884
ERR13927339.16741	1570	17.5178
ERR13927339.16742	1555	16.6907
ERR13927339.16743	1535	17.0769
ERR13927339.16744	1529	16.4179
ERR13927339.16745	1611	18.0286
ERR13927339.16746	1510	16.8874
ERR13927339.16747	1556	16.0694
ERR13927339.16748	1531	16.9928
ERR13927339.16749	119	15.8487
ERR13927339.16750	1558	15.0879
ERR13927339.16751	1478	14.9980
ERR13927339.16752	1564	17.5313
ERR13927339.16753	1272	16.7484
ERR13927339.16754	1599	17.4353
ERR13927339.16755	1592	18.7601
ERR13927339.16756	1560	16.0724
ERR13927339.16757	1625	16.9791
ERR13927339.16758	1534	15.1662
ERR13927339.16759	1549	18.5081
ERR13927339.16760	1252	14.6414
ERR13927339.16761	1456	15.3228
ERR13927339.16762	1534	17.1610
ERR13927339.16763	1566	19.8614
ERR13927339.16764	1598	16.8436
ERR13927339.16765	1561	19.3613
ERR13927339.16766	1536	15.7819
ERR13927339.16767	1490	17.2597
ERR13927339.16768	1572	19.1425
ERR13927339.16769	1550	15.2084
ERR13927339.16770	1527	17.0399
ERR13927339.16771	1512	18.5086
ERR13927339.16772	1553	18.1732
ERR13927339.16773	1557	16.0424
ERR13927339.16774	1542	17.3340
ERR13927339.16775	1530	16.2078
ERR13927339.16776	1536	15.5592
ERR13927339.16777	1608	16.4328
ERR13927339.16778	1535	16.4632
ERR13927339.16779	1539	17.0195
ERR13927339.16780	1576	17.2525
ERR13927339.16781	1444	15.8283
ERR13927339.16782	1571	17.7626
ERR13927339.16783	1491	17.3139
ERR13927339.16784	1528	14.2441
ERR13927339.16785	1601	17.2317
ERR13927339.16786	1599	17.5066
ERR13927339.16787	1447	15.0214
ERR13927339.16788	215	14.8837
ERR13927339.16789	1545	16.6945
ERR13927339.16790	1538	15.6704
ERR13927339.16791	1561	17.7015
ERR13927339.16792	302	15.4967
ERR13927339.16793	1542	17.5558
ERR13927339.16794	1505	15.6352
ERR13927339.16795	1548	17.5265
ERR13927339.16796	1561	18.6252
ERR13927339.16797	1555	17.0727
ERR13927339.16798	1454	17.4862
ERR13927339.16799	1561	18.4990
ERR13927339.16800	1603	15.2863
ERR13927339.16801	1557	17.1490
ERR13927339.16802	1512	17.6978
ERR13927339.16803	1708	17.1048
ERR13927339.16804	1556	15.1272
ERR13927339.16805	1584	16.5019
ERR13927339.16806	1574	18.1163
ERR13927339.16807	1210	17.3223
ERR13927339.16808	1564	15.6145
ERR13927339.16809	1318	15.7200
ERR13927339.16810	1567	17.9470
ERR13927339.16811	1546	18.3849
ERR13927339.16812	1577	16.6848
ERR13927339.16813	1547	16.2023
ERR13927339.16814	1559	18.9647
ERR13927339.16815	1551	19.3914
ERR13927339.16816	857	15.6418
ERR13927339.16817	1557	14.6525
ERR13927339.16818	1536	15.5384
ERR13927339.16819	1531	17.2645
ERR13927339.16820	1512	15.0000
ERR13927339.16821	1538	17.5117
ERR13927339.16822	1221	14.5348
ERR13927339.16823	1578	18.4430
ERR13927339.16824	1547	17.2696
ERR13927339.16825	1488	16.3280
ERR13927339.16826	1513	14.7786
ERR13927339.16827	157	13.5860
ERR13927339.16828	1582	16.5449
ERR13927339.16829	1545	15.4634
ERR13927339.16830	1532	16.2774
ERR13927339.16831	1535	17.5264
ERR13927339.16832	1579	16.6960
ERR13927339.16833	1532	16.3120
ERR13927339.16834	1568	17.5249
ERR13927339.16835	1594	15.0257
ERR13927339.16836	1536	15.4258
ERR13927339.16837	1540	16.5474
ERR13927339.16838	1521	14.5805
ERR13927339.16839	617	15.9238
ERR13927339.16840	1586	17.0082
ERR13927339.16841	1010	14.1099
ERR13927339.16842	1525	14.4702
ERR13927339.16843	292	12.4863
ERR13927339.16844	1323	18.6122
ERR13927339.16845	1562	16.7529
ERR13927339.16846	1539	16.4659
ERR13927339.16847	1564	15.7462
ERR13927339.16848	1583	15.8174
ERR13927339.16849	1575	16.0279
ERR13927339.16850	1550	16.1039
ERR13927339.16851	1505	15.2306
ERR13927339.16852	1536	13.5384
ERR13927339.16853	221	14.5475
ERR13927339.16854	1542	16.0214
ERR13927339.16855	1592	17.4868
ERR13927339.16856	1545	17.4375
ERR13927339.16857	1572	15.2888
ERR13927339.16858	1520	13.5428
ERR13927339.16859	1532	16.9869
ERR13927339.16860	1556	18.6716
ERR13927339.16861	1510	16.3675
ERR13927339.16862	1511	14.0271
ERR13927339.16863	1540	14.5909
ERR13927339.16864	1494	16.7135
ERR13927339.16865	1532	15.9595
ERR13927339.16866	1584	15.8674
ERR13927339.16867	1583	19.9867
ERR13927339.16868	1578	16.3498
ERR13927339.16869	1583	15.1415
ERR13927339.16870	1497	16.2752
ERR13927339.16871	1587	15.7713
ERR13927339.16872	1601	16.9188
ERR13927339.16873	1518	15.9466
ERR13927339.16874	1580	17.7620
ERR13927339.16875	1540	13.7481
ERR13927339.16876	1616	16.8088
ERR13927339.16877	1512	16.6190
ERR13927339.16878	1565	17.3431
ERR13927339.16879	1575	15.3994
ERR13927339.16880	1549	16.6391
ERR13927339.16881	1558	15.4243
ERR13927339.16882	1609	17.7067
ERR13927339.16883	1340	13.8164
ERR13927339.16884	1613	17.7917
ERR13927339.16885	1507	15.4824
ERR13927339.16886	1534	15.9361
ERR13927339.16887	1465	15.6512
ERR13927339.16888	1573	18.6116
ERR13927339.16889	1572	15.6272
ERR13927339.16890	1297	14.6746
ERR13927339.16891	1551	15.4442
ERR13927339.16892	1573	17.6713
ERR13927339.16893	1550	17.5516
ERR13927339.16894	1563	17.7281
ERR13927339.16895	1555	16.9460
ERR13927339.16896	1582	16.5126
ERR13927339.16897	1542	16.9909
ERR13927339.16898	1523	17.7551
ERR13927339.16899	1582	17.0272
ERR13927339.16900	1576	19.0006
ERR13927339.16901	1573	17.9205
ERR13927339.16902	1508	17.5756
ERR13927339.16903	1576	15.0838
ERR13927339.16904	1517	16.5234
ERR13927339.16905	1469	15.6801
ERR13927339.16906	1560	15.3308
ERR13927339.16907	386	16.9508
ERR13927339.16908	1524	14.3596
ERR13927339.16909	1537	16.5856
ERR13927339.16910	1460	15.9986
ERR13927339.16911	1555	16.6334
ERR13927339.16912	1497	17.7388
ERR13927339.16913	1566	14.9042
ERR13927339.16914	1561	16.8943
ERR13927339.16915	1511	15.2515
ERR13927339.16916	1566	16.2318
ERR13927339.16917	1545	15.6660
ERR13927339.16918	1550	14.7735
ERR13927339.16919	1582	16.6226
ERR13927339.16920	1599	15.1720
ERR13927339.16921	1511	16.9523
ERR13927339.16922	1467	16.3913
ERR13927339.16923	1569	16.0108
ERR13927339.16924	1563	17.7434
ERR13927339.16925	1585	16.1098
ERR13927339.16926	1565	15.6454
ERR13927339.16927	1501	15.2079
ERR13927339.16928	1554	16.2432
ERR13927339.16929	1501	16.7255
ERR13927339.16930	1534	17.8142
ERR13927339.16931	1532	16.4830
ERR13927339.16932	1474	15.7334
ERR13927339.16933	1559	16.1058
ERR13927339.16934	1559	14.2187
ERR13927339.16935	1538	14.9980
ERR13927339.16936	1599	17.4240
ERR13927339.16937	1557	15.2267
ERR13927339.16938	1558	16.2221
ERR13927339.16939	1491	16.0758
ERR13927339.16940	1556	15.6799
ERR13927339.16941	1622	15.8231
ERR13927339.16942	1580	15.0557
ERR13927339.16943	1576	14.5819
ERR13927339.16944	1565	15.4601
ERR13927339.16945	1497	13.9813
ERR13927339.16946	1514	15.6863
ERR13927339.16947	882	14.7596
ERR13927339.16948	1540	15.5792
ERR13927339.16949	1465	16.1638
ERR13927339.16950	1520	15.7039
ERR13927339.16951	1518	14.1818
ERR13927339.16952	987	14.7254
ERR13927339.16953	1573	15.4011
ERR13927339.16954	1536	16.9375
ERR13927339.16955	1592	19.0352
ERR13927339.16956	1600	14.1319
ERR13927339.16957	1544	15.0654
ERR13927339.16958	1550	15.6658
ERR13927339.16959	1575	16.0559
ERR13927339.16960	1553	19.3117
ERR13927339.16961	1619	19.2495
ERR13927339.16962	1565	17.7949
ERR13927339.16963	1566	19.0083
ERR13927339.16964	1536	15.2467
ERR13927339.16965	1554	17.6094
ERR13927339.16966	1565	17.0070
ERR13927339.16967	1633	17.9461
ERR13927339.16968	769	18.4928
ERR13927339.16969	1648	22.0267
ERR13927339.16970	1105	18.9186
ERR13927339.16971	1574	20.1391
ERR13927339.16972	1553	17.3393
ERR13927339.16973	1592	19.3662
ERR13927339.16974	1602	18.1561
ERR13927339.16975	1509	15.1272
ERR13927339.16976	1562	19.1588
ERR13927339.16977	1562	20.1530
ERR13927339.16978	1562	18.2682
ERR13927339.16979	1595	20.4677
ERR13927339.16980	1555	19.3280
ERR13927339.16981	1519	16.3943
ERR13927339.16982	1584	18.1540
ERR13927339.16983	656	17.5518
ERR13927339.16984	1573	17.4075
ERR13927339.16985	1540	14.0545
ERR13927339.16986	1588	18.6014
ERR13927339.16987	1563	15.3711
ERR13927339.16988	1546	16.4858
ERR13927339.16989	1556	18.3258
ERR13927339.16990	1587	20.5961
ERR13927339.16991	1575	18.8476
ERR13927339.16992	1601	19.8095
ERR13927339.16993	1573	20.7044
ERR13927339.16994	1562	16.7446
ERR13927339.16995	458	14.7074
ERR13927339.16996	1712	18.1828
ERR13927339.16997	1566	15.7957
ERR13927339.16998	1589	17.3228
ERR13927339.16999	1632	16.2138
ERR13927339.17000	1572	19.0452
ERR13927339.17001	1596	16.9305
ERR13927339.17002	1570	20.0917
ERR13927339.17003	191	17.8901
ERR13927339.17004	1570	19.3197
ERR13927339.17005	1581	17.8843
ERR13927339.17006	1568	20.4560
ERR13927339.17007	1640	17.1884
ERR13927339.17008	1624	18.1780
ERR13927339.17009	1583	21.0960
ERR13927339.17010	1554	20.8314
ERR13927339.17011	1545	18.6505
ERR13927339.17012	1554	17.6184
ERR13927339.17013	1583	17.4864
ERR13927339.17014	1578	21.4151
ERR13927339.17015	1563	18.4331
ERR13927339.17016	1566	16.7976
ERR13927339.17017	1348	17.3858
ERR13927339.17018	1557	19.5530
ERR13927339.17019	1553	16.6188
ERR13927339.17020	1574	20.6417
ERR13927339.17021	1559	15.5876
ERR13927339.17022	1550	18.2039
ERR13927339.17023	1561	19.0801
ERR13927339.17024	1583	18.6494
ERR13927339.17025	1588	20.0491
ERR13927339.17026	1556	17.0701
ERR13927339.17027	1593	17.7244
ERR13927339.17028	1542	18.6725
ERR13927339.17029	1558	19.0873
ERR13927339.17030	1617	16.5949
ERR13927339.17031	1569	18.0504
ERR13927339.17032	1597	20.3269
ERR13927339.17033	1500	18.3720
ERR13927339.17034	1554	16.6789
ERR13927339.17035	1567	19.1532
ERR13927339.17036	1578	20.2719
ERR13927339.17037	1562	19.2798
ERR13927339.17038	765	15.1987
ERR13927339.17039	1560	20.4846
ERR13927339.17040	1611	20.9963
ERR13927339.17041	1560	18.3519
ERR13927339.17042	1579	18.4427
ERR13927339.17043	1582	19.3508
ERR13927339.17044	1575	18.7784
ERR13927339.17045	1581	20.7495
ERR13927339.17046	1592	18.8436
ERR13927339.17047	1579	17.7581
ERR13927339.17048	1551	17.1773
ERR13927339.17049	1567	19.3235
ERR13927339.17050	1558	19.8954
ERR13927339.17051	1558	15.7381
ERR13927339.17052	1576	19.4721
ERR13927339.17053	1563	14.0166
ERR13927339.17054	1563	15.2732
ERR13927339.17055	1589	17.5091
ERR13927339.17056	1551	15.9181
ERR13927339.17057	1574	17.5089
ERR13927339.17058	1563	15.5867
ERR13927339.17059	1578	20.8093
ERR13927339.17060	1583	19.9141
ERR13927339.17061	1549	18.5713
ERR13927339.17062	1568	17.5019
ERR13927339.17063	980	17.8959
ERR13927339.17064	1585	18.3880
ERR13927339.17065	1555	15.2682
ERR13927339.17066	1536	16.5352
ERR13927339.17067	1609	22.1088
ERR13927339.17068	1607	19.3871
ERR13927339.17069	1589	19.6161
ERR13927339.17070	1561	19.2479
ERR13927339.17071	1610	21.8646
ERR13927339.17072	1585	18.8227
ERR13927339.17073	1611	14.8138
ERR13927339.17074	1544	18.5019
ERR13927339.17075	1627	20.7345
ERR13927339.17076	1558	15.3575
ERR13927339.17077	1427	18.6987
ERR13927339.17078	1573	19.2670
ERR13927339.17079	1583	20.7953
ERR13927339.17080	1593	17.8663
ERR13927339.17081	1577	19.8649
ERR13927339.17082	1605	17.8361
ERR13927339.17083	1561	19.8411
ERR13927339.17084	1584	17.2210
ERR13927339.17085	1573	17.1291
ERR13927339.17086	1553	17.3767
ERR13927339.17087	1616	17.7952
ERR13927339.17088	1602	19.8752
ERR13927339.17089	1535	16.3550
ERR13927339.17090	1556	15.1465
ERR13927339.17091	1553	15.1668
ERR13927339.17092	1535	15.6528
ERR13927339.17093	1525	15.6761
ERR13927339.17094	642	13.2617
ERR13927339.17095	1553	14.9845
ERR13927339.17096	1492	14.4685
ERR13927339.17097	1539	17.0318
ERR13927339.17098	1562	15.0768
ERR13927339.17099	1510	14.4980
ERR13927339.17100	1003	15.6271
ERR13927339.17101	1576	17.5184
ERR13927339.17102	1555	16.6161
ERR13927339.17103	1497	14.5752
ERR13927339.17104	1530	16.0039
ERR13927339.17105	1566	16.9968
ERR13927339.17106	372	13.4919
ERR13927339.17107	1581	15.6781
ERR13927339.17108	1556	15.1979
ERR13927339.17109	1570	14.6108
ERR13927339.17110	1535	16.4065
ERR13927339.17111	1631	14.5794
ERR13927339.17112	1561	15.6425
ERR13927339.17113	1583	15.1371
ERR13927339.17114	1344	15.2195
ERR13927339.17115	1553	17.8332
ERR13927339.17116	1584	20.6465
ERR13927339.17117	1586	17.5984
ERR13927339.17118	1566	17.1743
ERR13927339.17119	1538	19.6866
ERR13927339.17120	1506	16.5471
ERR13927339.17121	1557	14.0700
ERR13927339.17122	1572	15.9758
ERR13927339.17123	697	19.8680
ERR13927339.17124	1583	15.8932
ERR13927339.17125	1562	16.0058
ERR13927339.17126	1571	17.1216
ERR13927339.17127	1573	21.6650
ERR13927339.17128	1580	18.8899
ERR13927339.17129	1593	18.8054
ERR13927339.17130	1557	15.0726
ERR13927339.17131	1555	18.5473
ERR13927339.17132	1548	16.1899
ERR13927339.17133	1511	14.4844
ERR13927339.17134	1567	14.9419
ERR13927339.17135	1573	19.1589
ERR13927339.17136	1544	16.5693
ERR13927339.17137	1578	18.5266
ERR13927339.17138	1579	18.0589
ERR13927339.17139	1563	17.9175
ERR13927339.17140	1705	17.3349
ERR13927339.17141	1585	14.7893
ERR13927339.17142	1570	19.1752
ERR13927339.17143	1583	18.0208
ERR13927339.17144	1543	17.2819
ERR13927339.17145	1580	20.8918
ERR13927339.17146	1570	17.8465
ERR13927339.17147	1465	18.4826
ERR13927339.17148	1561	18.7444
ERR13927339.17149	1609	18.4984
ERR13927339.17150	1540	14.7097
ERR13927339.17151	1562	19.6626
ERR13927339.17152	1573	18.6662
ERR13927339.17153	1541	18.0967
ERR13927339.17154	1663	21.8779
ERR13927339.17155	1597	20.4978
ERR13927339.17156	1570	18.9344
ERR13927339.17157	1614	16.6896
ERR13927339.17158	1543	17.6604
ERR13927339.17159	1572	14.3365
ERR13927339.17160	313	12.8850
ERR13927339.17161	1614	19.2051
ERR13927339.17162	1521	15.7962
ERR13927339.17163	1551	18.6389
ERR13927339.17164	1573	17.8360
ERR13927339.17165	1572	19.8111
ERR13927339.17166	1178	18.2903
ERR13927339.17167	1571	21.4710
ERR13927339.17168	1578	19.1603
ERR13927339.17169	1556	16.4042
ERR13927339.17170	1595	19.3843
ERR13927339.17171	1553	18.4733
ERR13927339.17172	1572	16.8378
ERR13927339.17173	1611	20.1304
ERR13927339.17174	2045	16.6792
ERR13927339.17175	1560	20.9987
ERR13927339.17176	1556	20.5572
ERR13927339.17177	1598	18.6502
ERR13927339.17178	1565	16.2371
ERR13927339.17179	1595	18.1781
ERR13927339.17180	1573	18.1920
ERR13927339.17181	1597	19.6111
ERR13927339.17182	1580	19.5981
ERR13927339.17183	1563	18.6302
ERR13927339.17184	1561	20.8475
ERR13927339.17185	1589	19.6451
ERR13927339.17186	1581	18.9412
ERR13927339.17187	1570	22.2019
ERR13927339.17188	1567	19.6254
ERR13927339.17189	1585	21.5685
ERR13927339.17190	1585	17.0107
ERR13927339.17191	1565	19.7898
ERR13927339.17192	1575	18.9943
ERR13927339.17193	1582	18.8856
ERR13927339.17194	1606	19.4296
ERR13927339.17195	1564	15.8120
ERR13927339.17196	1614	19.6679
ERR13927339.17197	1598	19.7071
ERR13927339.17198	1562	15.7215
ERR13927339.17199	1575	18.5213
ERR13927339.17200	1573	17.4609
ERR13927339.17201	1600	18.8087
ERR13927339.17202	1607	15.8251
ERR13927339.17203	1583	16.0278
ERR13927339.17204	1542	17.4429
ERR13927339.17205	1600	19.6819
ERR13927339.17206	419	16.0573
ERR13927339.17207	1609	19.4251
ERR13927339.17208	1597	18.3475
ERR13927339.17209	1601	15.8189
ERR13927339.17210	1581	16.0658
ERR13927339.17211	1542	16.8275
ERR13927339.17212	1571	16.8676
ERR13927339.17213	1558	20.2105
ERR13927339.17214	1524	16.1253
ERR13927339.17215	1609	19.9658
ERR13927339.17216	1574	20.6112
ERR13927339.17217	1559	17.1270
ERR13927339.17218	1504	14.8836
ERR13927339.17219	1605	16.0654
ERR13927339.17220	1552	14.3563
ERR13927339.17221	1572	17.2977
ERR13927339.17222	1579	18.3224
ERR13927339.17223	1569	18.1466
ERR13927339.17224	1622	18.9186
ERR13927339.17225	1571	17.6098
ERR13927339.17226	1559	19.4573
ERR13927339.17227	1500	19.5887
ERR13927339.17228	1544	18.5978
ERR13927339.17229	1609	19.1094
ERR13927339.17230	1541	19.0357
ERR13927339.17231	1639	20.3667
ERR13927339.17232	1614	16.9362
ERR13927339.17233	1603	15.8503
ERR13927339.17234	1555	16.3640
ERR13927339.17235	936	16.4562
ERR13927339.17236	1560	20.9455
ERR13927339.17237	1590	15.2755
ERR13927339.17238	1560	19.9321
ERR13927339.17239	1561	16.4407
ERR13927339.17240	1513	15.4964
ERR13927339.17241	290	15.1276
ERR13927339.17242	1612	17.9801
ERR13927339.17243	1554	17.4118
ERR13927339.17244	1622	18.9137
ERR13927339.17245	1606	16.2235
ERR13927339.17246	1579	14.3787
ERR13927339.17247	1600	17.9438
ERR13927339.17248	1586	18.5870
ERR13927339.17249	1551	15.6686
ERR13927339.17250	1535	14.5388
ERR13927339.17251	1617	20.0588
ERR13927339.17252	1578	20.9087
ERR13927339.17253	1621	20.7946
ERR13927339.17254	1582	19.3704
ERR13927339.17255	1596	17.0708
ERR13927339.17256	1597	16.7026
ERR13927339.17257	1340	16.3731
ERR13927339.17258	1555	16.4103
ERR13927339.17259	1625	17.0837
ERR13927339.17260	1561	17.2524
ERR13927339.17261	1589	19.6117
ERR13927339.17262	1538	16.1424
ERR13927339.17263	1558	19.6226
ERR13927339.17264	1583	17.8395
ERR13927339.17265	1567	18.4767
ERR13927339.17266	1551	16.5461
ERR13927339.17267	1566	20.6354
ERR13927339.17268	1527	17.8225
ERR13927339.17269	1578	19.7446
ERR13927339.17270	1600	18.1219
ERR13927339.17271	1578	17.9106
ERR13927339.17272	1575	17.4019
ERR13927339.17273	1534	18.7203
ERR13927339.17274	1602	18.1648
ERR13927339.17275	1613	18.1265
ERR13927339.17276	1591	17.9139
ERR13927339.17277	1575	20.6971
ERR13927339.17278	1585	17.1205
ERR13927339.17279	1590	21.1195
ERR13927339.17280	1572	20.5941
ERR13927339.17281	1564	17.5102
ERR13927339.17282	1565	19.9636
ERR13927339.17283	1581	20.4061
ERR13927339.17284	1574	17.1760
ERR13927339.17285	1582	16.6681
ERR13927339.17286	1609	22.1299
ERR13927339.17287	1557	17.1696
ERR13927339.17288	1575	20.3727
ERR13927339.17289	1361	17.9824
ERR13927339.17290	1577	16.5859
ERR13927339.17291	1618	18.3449
ERR13927339.17292	1595	18.6301
ERR13927339.17293	1566	15.2688
ERR13927339.17294	1588	17.4345
ERR13927339.17295	1585	19.8814
ERR13927339.17296	1536	14.8841
ERR13927339.17297	1555	16.9235
ERR13927339.17298	1549	18.1866
ERR13927339.17299	1571	15.3590
ERR13927339.17300	1579	21.6947
ERR13927339.17301	1563	20.1599
ERR13927339.17302	1571	16.9694
ERR13927339.17303	1630	19.4055
ERR13927339.17304	1673	17.4334
ERR13927339.17305	1572	16.9924
ERR13927339.17306	1600	19.9844
ERR13927339.17307	1560	17.2635
ERR13927339.17308	1571	17.5894
ERR13927339.17309	1588	20.6291
ERR13927339.17310	1566	19.9777
ERR13927339.17311	1548	16.5039
ERR13927339.17312	1573	18.0350
ERR13927339.17313	1588	18.5844
ERR13927339.17314	1539	16.8759
ERR13927339.17315	1573	20.2721
ERR13927339.17316	1571	19.0757
ERR13927339.17317	1588	16.9824
ERR13927339.17318	1598	17.6621
ERR13927339.17319	1595	19.9392
ERR13927339.17320	1562	16.2759
ERR13927339.17321	1586	20.7787
ERR13927339.17322	1602	18.1117
ERR13927339.17323	1603	17.1697
ERR13927339.17324	1565	18.8447
ERR13927339.17325	1574	18.2878
ERR13927339.17326	1560	20.6628
ERR13927339.17327	1575	16.6146
ERR13927339.17328	1544	17.0525
ERR13927339.17329	1578	17.8378
ERR13927339.17330	1573	21.0337
ERR13927339.17331	1566	16.6884
ERR13927339.17332	1558	18.1816
ERR13927339.17333	1533	14.8956
ERR13927339.17334	1576	16.4734
ERR13927339.17335	1568	15.5702
ERR13927339.17336	1563	17.4248
ERR13927339.17337	1527	19.9109
ERR13927339.17338	1600	19.1619
ERR13927339.17339	1585	17.1571
ERR13927339.17340	1594	18.6964
ERR13927339.17341	1585	19.5615
ERR13927339.17342	1585	18.4473
ERR13927339.17343	1541	15.6223
ERR13927339.17344	1578	20.0146
ERR13927339.17345	1595	17.9097
ERR13927339.17346	1560	19.4006
ERR13927339.17347	1561	19.9334
ERR13927339.17348	1583	19.2110
ERR13927339.17349	1564	17.0147
ERR13927339.17350	1587	20.6383
ERR13927339.17351	1559	17.7460
ERR13927339.17352	1586	19.4332
ERR13927339.17353	1304	17.1557
ERR13927339.17354	1588	18.9887
ERR13927339.17355	1609	19.1802
ERR13927339.17356	1576	17.9042
ERR13927339.17357	1564	17.2219
ERR13927339.17358	1565	19.5374
ERR13927339.17359	1571	17.5423
ERR13927339.17360	1559	17.7697
ERR13927339.17361	1598	18.5106
ERR13927339.17362	1565	19.4760
ERR13927339.17363	1577	19.5847
ERR13927339.17364	1578	18.4943
ERR13927339.17365	1514	17.2801
ERR13927339.17366	1617	20.1280
ERR13927339.17367	1555	19.5582
ERR13927339.17368	1548	16.6234
ERR13927339.17369	1577	17.6056
ERR13927339.17370	194	13.9536
ERR13927339.17371	1586	19.7314
ERR13927339.17372	1570	18.0013
ERR13927339.17373	246	11.0203
ERR13927339.17374	1625	18.5932
ERR13927339.17375	1563	19.3532
ERR13927339.17376	3183	16.8420
ERR13927339.17377	1569	19.0421
ERR13927339.17378	1608	19.6828
ERR13927339.17379	1572	16.6730
ERR13927339.17380	1603	19.4255
ERR13927339.17381	1592	20.1803
ERR13927339.17382	1584	18.2816
ERR13927339.17383	1579	20.7023
ERR13927339.17384	1590	17.9528
ERR13927339.17385	1595	16.3818
ERR13927339.17386	1546	15.6378
ERR13927339.17387	1584	19.0139
ERR13927339.17388	1568	21.0861
ERR13927339.17389	1561	18.8879
ERR13927339.17390	1580	16.7500
ERR13927339.17391	1587	17.2470
ERR13927339.17392	1574	20.8920
ERR13927339.17393	1596	19.9135
ERR13927339.17394	1514	14.7900
ERR13927339.17395	1561	16.8193
ERR13927339.17396	1597	17.0733
ERR13927339.17397	1586	16.1192
ERR13927339.17398	1607	18.3192
ERR13927339.17399	1623	16.3469
ERR13927339.17400	1572	18.9618
ERR13927339.17401	1616	18.8069
ERR13927339.17402	1605	20.0467
ERR13927339.17403	1536	16.3822
ERR13927339.17404	1574	17.6271
ERR13927339.17405	1578	21.3352
ERR13927339.17406	275	16.2836
ERR13927339.17407	1587	20.6389
ERR13927339.17408	1584	15.9274
ERR13927339.17409	1555	17.9717
ERR13927339.17410	1583	19.1162
ERR13927339.17411	1540	16.9000
ERR13927339.17412	1574	18.1194
ERR13927339.17413	1561	14.3094
ERR13927339.17414	1548	16.6008
ERR13927339.17415	1592	17.0358
ERR13927339.17416	1596	14.3816
ERR13927339.17417	1609	19.5594
ERR13927339.17418	1560	16.9622
ERR13927339.17419	1555	16.4900
ERR13927339.17420	1132	19.6855
ERR13927339.17421	1565	17.0173
ERR13927339.17422	1549	15.2699
ERR13927339.17423	1515	17.7241
ERR13927339.17424	1608	17.3856
ERR13927339.17425	1616	20.6986
ERR13927339.17426	1581	16.6325
ERR13927339.17427	1588	18.8489
ERR13927339.17428	1579	19.4807
ERR13927339.17429	1600	17.4812
ERR13927339.17430	1554	16.4305
ERR13927339.17431	1560	19.3647
ERR13927339.17432	1581	17.1613
ERR13927339.17433	1603	16.6120
ERR13927339.17434	1562	18.4507
ERR13927339.17435	1592	15.9026
ERR13927339.17436	1591	18.7153
ERR13927339.17437	1577	22.0089
ERR13927339.17438	1592	15.1891
ERR13927339.17439	3189	17.9012
ERR13927339.17440	1564	19.3887
ERR13927339.17441	1578	20.5849
ERR13927339.17442	1589	21.2366
ERR13927339.17443	1557	18.0507
ERR13927339.17444	1724	17.1212
ERR13927339.17445	1568	18.6276
ERR13927339.17446	1542	18.3651
ERR13927339.17447	1595	20.1122
ERR13927339.17448	1565	19.8390
ERR13927339.17449	1592	18.9943
ERR13927339.17450	1601	17.7733
ERR13927339.17451	1577	17.1205
ERR13927339.17452	1552	17.0432
ERR13927339.17453	1556	19.9017
ERR13927339.17454	1580	19.1842
ERR13927339.17455	1570	20.1191
ERR13927339.17456	1580	18.6120
ERR13927339.17457	1573	19.9561
ERR13927339.17458	1568	18.4694
ERR13927339.17459	1563	19.3596
ERR13927339.17460	929	19.8687
ERR13927339.17461	1573	18.6256
ERR13927339.17462	1572	17.3378
ERR13927339.17463	1566	17.8180
ERR13927339.17464	1563	17.9066
ERR13927339.17465	1584	18.3030
ERR13927339.17466	1549	17.1756
ERR13927339.17467	1563	18.5656
ERR13927339.17468	1575	15.6978
ERR13927339.17469	1591	18.6091
ERR13927339.17470	1565	21.4914
ERR13927339.17471	1588	18.8338
ERR13927339.17472	1623	19.5835
ERR13927339.17473	1552	18.0586
ERR13927339.17474	1563	16.0429
ERR13927339.17475	1601	15.4047
ERR13927339.17476	1543	15.4563
ERR13927339.17477	1607	17.1929
ERR13927339.17478	1581	15.2973
ERR13927339.17479	1611	15.4444
ERR13927339.17480	1578	17.5228
ERR13927339.17481	1551	16.7240
ERR13927339.17482	1552	15.8112
ERR13927339.17483	1590	19.4333
ERR13927339.17484	1568	18.6180
ERR13927339.17485	1557	17.1310
ERR13927339.17486	1590	17.7245
ERR13927339.17487	1571	20.4513
ERR13927339.17488	1568	16.6460
ERR13927339.17489	1583	21.3689
ERR13927339.17490	1515	19.8653
ERR13927339.17491	1564	19.0083
ERR13927339.17492	1548	15.5627
ERR13927339.17493	1554	20.6641
ERR13927339.17494	1559	18.2765
ERR13927339.17495	1564	19.4476
ERR13927339.17496	1572	17.8034
ERR13927339.17497	1594	17.8545
ERR13927339.17498	1538	17.5221
ERR13927339.17499	917	17.1996
ERR13927339.17500	1580	14.5759
ERR13927339.17501	1586	18.5725
ERR13927339.17502	1583	15.8951
ERR13927339.17503	1560	19.9878
ERR13927339.17504	1549	16.2130
ERR13927339.17505	1571	14.6238
ERR13927339.17506	1565	20.5847
ERR13927339.17507	1555	16.8611
ERR13927339.17508	1575	18.0635
ERR13927339.17509	1587	16.8204
ERR13927339.17510	1551	18.9130
ERR13927339.17511	1606	16.0648
ERR13927339.17512	1535	16.9257
ERR13927339.17513	1587	16.6862
ERR13927339.17514	1571	18.4927
ERR13927339.17515	1614	18.5725
ERR13927339.17516	1580	18.6367
ERR13927339.17517	1585	18.6297
ERR13927339.17518	1577	20.5593
ERR13927339.17519	1583	20.7688
ERR13927339.17520	1571	15.7282
ERR13927339.17521	1545	18.9450
ERR13927339.17522	1560	19.3212
ERR13927339.17523	1574	19.0521
ERR13927339.17524	1566	18.1641
ERR13927339.17525	1571	18.2718
ERR13927339.17526	1550	17.9316
ERR13927339.17527	1570	19.4191
ERR13927339.17528	1564	17.1784
ERR13927339.17529	1604	16.3173
ERR13927339.17530	1582	17.0841
ERR13927339.17531	1585	14.3407
ERR13927339.17532	1563	17.6206
ERR13927339.17533	1594	16.6280
ERR13927339.17534	1613	21.3490
ERR13927339.17535	1593	18.0935
ERR13927339.17536	1586	17.6223
ERR13927339.17537	1565	19.5374
ERR13927339.17538	1600	16.6069
ERR13927339.17539	1575	16.1067
ERR13927339.17540	1596	16.7387
ERR13927339.17541	1551	17.9446
ERR13927339.17542	1565	20.8179
ERR13927339.17543	1555	15.0804
ERR13927339.17544	1777	16.3658
ERR13927339.17545	1609	19.1355
ERR13927339.17546	314	12.1624
ERR13927339.17547	1566	21.3129
ERR13927339.17548	1593	19.7156
ERR13927339.17549	1559	15.7954
ERR13927339.17550	1571	17.3240
ERR13927339.17551	1521	18.8909
ERR13927339.17552	1540	18.2701
ERR13927339.17553	1569	17.7712
ERR13927339.17554	1526	17.5216
ERR13927339.17555	1557	19.5511
ERR13927339.17556	1591	20.5833
ERR13927339.17557	1588	19.7336
ERR13927339.17558	1541	18.7119
ERR13927339.17559	1584	21.7058
ERR13927339.17560	1579	19.1026
ERR13927339.17561	1553	16.2035
ERR13927339.17562	1577	19.2682
ERR13927339.17563	1582	17.7446
ERR13927339.17564	1562	18.6210
ERR13927339.17565	1285	19.3689
ERR13927339.17566	1529	17.2413
ERR13927339.17567	1552	18.6476
ERR13927339.17568	1584	20.5410
ERR13927339.17569	1555	17.3338
ERR13927339.17570	1553	18.6574
ERR13927339.17571	1566	18.9802
ERR13927339.17572	1599	19.2070
ERR13927339.17573	1561	19.6304
ERR13927339.17574	210	19.3571
ERR13927339.17575	1488	20.1445
ERR13927339.17576	1554	19.0682
ERR13927339.17577	1573	17.1742
ERR13927339.17578	1534	16.3214
ERR13927339.17579	1574	20.5184
ERR13927339.17580	1600	19.2550
ERR13927339.17581	1618	16.6026
ERR13927339.17582	1575	17.6946
ERR13927339.17583	1569	20.5488
ERR13927339.17584	1567	18.8015
ERR13927339.17585	1625	19.2314
ERR13927339.17586	1558	20.0424
ERR13927339.17587	1563	20.7844
ERR13927339.17588	1549	14.7547
ERR13927339.17589	1324	15.8255
ERR13927339.17590	1589	18.9515
ERR13927339.17591	1567	18.2999
ERR13927339.17592	1540	16.0935
ERR13927339.17593	1592	15.1784
ERR13927339.17594	1575	19.6406
ERR13927339.17595	1591	15.9051
ERR13927339.17596	1548	16.1337
ERR13927339.17597	1560	18.5455
ERR13927339.17598	1561	17.9859
ERR13927339.17599	626	17.0815
ERR13927339.17600	1601	16.1024
ERR13927339.17601	1620	18.9741
ERR13927339.17602	1575	18.3403
ERR13927339.17603	1602	15.5175
ERR13927339.17604	1566	19.1322
ERR13927339.17605	1566	18.7669
ERR13927339.17606	1606	19.9265
ERR13927339.17607	1568	19.2800
ERR13927339.17608	1607	19.6789
ERR13927339.17609	1568	15.4286
ERR13927339.17610	1565	20.5022
ERR13927339.17611	1527	16.2993
ERR13927339.17612	1560	14.4077
ERR13927339.17613	1606	17.9819
ERR13927339.17614	1604	18.2388
ERR13927339.17615	1612	18.7345
ERR13927339.17616	1557	18.4650
ERR13927339.17617	1575	17.3733
ERR13927339.17618	1566	17.4317
ERR13927339.17619	1585	19.9312
ERR13927339.17620	1535	15.7121
ERR13927339.17621	1567	15.5584
ERR13927339.17622	1552	15.2088
ERR13927339.17623	1586	21.0050
ERR13927339.17624	1629	19.2425
ERR13927339.17625	1584	17.7323
ERR13927339.17626	1562	18.8348
ERR13927339.17627	1574	19.6048
ERR13927339.17628	1505	18.0963
ERR13927339.17629	1566	16.8327
ERR13927339.17630	1569	16.9860
ERR13927339.17631	1630	15.9080
ERR13927339.17632	1642	17.7095
ERR13927339.17633	1541	17.0973
ERR13927339.17634	1577	18.2295
ERR13927339.17635	1583	18.5679
ERR13927339.17636	1534	20.7503
ERR13927339.17637	1566	20.1641
ERR13927339.17638	1605	16.8474
ERR13927339.17639	1583	19.7530
ERR13927339.17640	1566	19.0932
ERR13927339.17641	794	19.5907
ERR13927339.17642	1604	21.4445
ERR13927339.17643	1556	18.3348
ERR13927339.17644	1571	20.2909
ERR13927339.17645	1560	17.1314
ERR13927339.17646	1572	18.0394
ERR13927339.17647	1545	16.1469
ERR13927339.17648	1590	18.9868
ERR13927339.17649	573	17.3159
ERR13927339.17650	1569	16.3435
ERR13927339.17651	1613	18.9020
ERR13927339.17652	1605	18.0486
ERR13927339.17653	1541	20.7378
ERR13927339.17654	1573	17.2149
ERR13927339.17655	1524	14.6693
ERR13927339.17656	1591	17.2175
ERR13927339.17657	1557	20.7598
ERR13927339.17658	1607	17.7299
ERR13927339.17659	1582	19.7453
ERR13927339.17660	1596	19.8477
ERR13927339.17661	1598	19.2622
ERR13927339.17662	1564	20.1905
ERR13927339.17663	1569	20.7642
ERR13927339.17664	1567	17.2438
ERR13927339.17665	1578	16.1103
ERR13927339.17666	1604	19.7562
ERR13927339.17667	1537	17.0286
ERR13927339.17668	1565	16.5399
ERR13927339.17669	1555	19.8900
ERR13927339.17670	1538	19.8583
ERR13927339.17671	1544	20.6632
ERR13927339.17672	1619	18.2996
ERR13927339.17673	1547	15.2573
ERR13927339.17674	1096	18.9827
ERR13927339.17675	1579	18.1780
ERR13927339.17676	1653	17.8040
ERR13927339.17677	1603	18.6076
ERR13927339.17678	1559	19.5157
ERR13927339.17679	1573	16.4857
ERR13927339.17680	1542	17.8696
ERR13927339.17681	1599	20.5516
ERR13927339.17682	1598	18.0601
ERR13927339.17683	1521	17.2446
ERR13927339.17684	1615	16.8786
ERR13927339.17685	1619	18.8277
ERR13927339.17686	1562	20.0397
ERR13927339.17687	1569	17.1338
ERR13927339.17688	1557	19.6731
ERR13927339.17689	1554	17.1750
ERR13927339.17690	1558	21.3614
ERR13927339.17691	1558	17.0918
ERR13927339.17692	1582	19.6157
ERR13927339.17693	1561	17.5855
ERR13927339.17694	1048	20.5964
ERR13927339.17695	1562	18.8694
ERR13927339.17696	1586	19.0063
ERR13927339.17697	991	14.7114
ERR13927339.17698	1561	18.4683
ERR13927339.17699	1577	18.6544
ERR13927339.17700	1570	18.2408
ERR13927339.17701	1579	19.9455
ERR13927339.17702	1579	18.5332
ERR13927339.17703	1563	19.2143
ERR13927339.17704	1576	17.4391
ERR13927339.17705	1618	17.6792
ERR13927339.17706	1592	15.5038
ERR13927339.17707	1570	19.3134
ERR13927339.17708	1598	19.0094
ERR13927339.17709	535	15.0542
ERR13927339.17710	1585	19.3748
ERR13927339.17711	1529	15.6115
ERR13927339.17712	1601	15.0550
ERR13927339.17713	1584	19.4242
ERR13927339.17714	1584	18.3112
ERR13927339.17715	1571	15.8746
ERR13927339.17716	1600	18.7981
ERR13927339.17717	1557	16.5048
ERR13927339.17718	1549	14.0194
ERR13927339.17719	1555	17.0424
ERR13927339.17720	1571	20.1209
ERR13927339.17721	1590	15.6786
ERR13927339.17722	690	16.6145
ERR13927339.17723	1544	16.8737
ERR13927339.17724	1560	17.4962
ERR13927339.17725	1576	17.1009
ERR13927339.17726	1583	17.6140
ERR13927339.17727	1563	19.4357
ERR13927339.17728	1536	17.1927
ERR13927339.17729	1549	17.2789
ERR13927339.17730	1577	17.4236
ERR13927339.17731	1563	16.0736
ERR13927339.17732	1575	19.1168
ERR13927339.17733	1505	13.2538
ERR13927339.17734	1574	16.3043
ERR13927339.17735	1582	15.3818
ERR13927339.17736	1560	19.6154
ERR13927339.17737	1548	19.5375
ERR13927339.17738	1552	17.3286
ERR13927339.17739	1595	19.3373
ERR13927339.17740	1597	15.5197
ERR13927339.17741	1633	18.2731
ERR13927339.17742	1560	16.2282
ERR13927339.17743	1531	18.3730
ERR13927339.17744	1573	16.7781
ERR13927339.17745	1567	20.5692
ERR13927339.17746	1605	16.7477
ERR13927339.17747	1574	17.4225
ERR13927339.17748	1565	18.5725
ERR13927339.17749	1521	15.9612
ERR13927339.17750	1539	16.1378
ERR13927339.17751	1550	20.7439
ERR13927339.17752	1524	16.7329
ERR13927339.17753	1571	21.9153
ERR13927339.17754	1586	20.3449
ERR13927339.17755	1566	16.5166
ERR13927339.17756	1619	16.8474
ERR13927339.17757	1557	20.3462
ERR13927339.17758	1235	16.2672
ERR13927339.17759	1576	18.7189
ERR13927339.17760	1610	19.1559
ERR13927339.17761	1647	20.0030
ERR13927339.17762	3184	19.7842
ERR13927339.17763	1597	19.9812
ERR13927339.17764	1566	16.9055
ERR13927339.17765	1536	19.6296
ERR13927339.17766	1564	19.1208
ERR13927339.17767	606	14.4901
ERR13927339.17768	1597	18.9173
ERR13927339.17769	1563	21.1536
ERR13927339.17770	1605	15.9302
ERR13927339.17771	1657	18.1702
ERR13927339.17772	1570	14.1516
ERR13927339.17773	1552	17.9845
ERR13927339.17774	1574	18.6684
ERR13927339.17775	1562	18.4277
ERR13927339.17776	1580	19.2968
ERR13927339.17777	1606	18.1663
ERR13927339.17778	1560	15.8462
ERR13927339.17779	1529	16.5350
ERR13927339.17780	1577	18.8224
ERR13927339.17781	1574	19.0546
ERR13927339.17782	1589	16.4947
ERR13927339.17783	1544	17.5997
ERR13927339.17784	1604	18.3522
ERR13927339.17785	1571	14.6906
ERR13927339.17786	1565	21.3942
ERR13927339.17787	1664	21.7933
ERR13927339.17788	1591	18.5827
ERR13927339.17789	1514	19.4049
ERR13927339.17790	1532	15.8505
ERR13927339.17791	1586	17.0656
ERR13927339.17792	1582	19.4602
ERR13927339.17793	1591	17.5035
ERR13927339.17794	1588	20.3218
ERR13927339.17795	1567	20.2623
ERR13927339.17796	1538	17.5579
ERR13927339.17797	1571	20.1553
ERR13927339.17798	1594	18.0740
ERR13927339.17799	1573	20.1723
ERR13927339.17800	1575	18.1130
ERR13927339.17801	939	17.4665
ERR13927339.17802	1577	19.0044
ERR13927339.17803	1602	18.5306
ERR13927339.17804	1603	16.6712
ERR13927339.17805	1570	15.6790
ERR13927339.17806	1580	18.8835
ERR13927339.17807	1549	17.4971
ERR13927339.17808	1578	17.8967
ERR13927339.17809	1603	17.3306
ERR13927339.17810	1548	16.9884
ERR13927339.17811	1587	19.6289
ERR13927339.17812	1579	16.4921
ERR13927339.17813	1569	17.4812
ERR13927339.17814	1592	19.5967
ERR13927339.17815	1569	18.2224
ERR13927339.17816	1571	16.8969
ERR13927339.17817	1600	19.3588
ERR13927339.17818	1572	18.5363
ERR13927339.17819	1590	18.3843
ERR13927339.17820	1614	18.1016
ERR13927339.17821	1605	18.2480
ERR13927339.17822	1595	20.5223
ERR13927339.17823	1616	18.5569
ERR13927339.17824	1615	15.3443
ERR13927339.17825	1576	17.7970
ERR13927339.17826	1556	15.6857
ERR13927339.17827	1567	19.7805
ERR13927339.17828	1578	19.8378
ERR13927339.17829	1582	19.8072
ERR13927339.17830	485	17.4969
ERR13927339.17831	1618	16.2664
ERR13927339.17832	1592	19.3964
ERR13927339.17833	1542	18.9403
ERR13927339.17834	1590	20.5377
ERR13927339.17835	1575	19.0978
ERR13927339.17836	1574	17.5133
ERR13927339.17837	1564	19.3504
ERR13927339.17838	1584	21.0612
ERR13927339.17839	1588	15.6178
ERR13927339.17840	1581	19.4794
ERR13927339.17841	1597	18.7595
ERR13927339.17842	1595	19.1285
ERR13927339.17843	1573	16.8919
ERR13927339.17844	1570	16.7471
ERR13927339.17845	1570	15.8822
ERR13927339.17846	1569	18.5335
ERR13927339.17847	1561	20.5695
ERR13927339.17848	1583	20.4447
ERR13927339.17849	1575	17.3498
ERR13927339.17850	1612	22.0099
ERR13927339.17851	222	14.7748
ERR13927339.17852	1548	16.3818
ERR13927339.17853	1577	17.7800
ERR13927339.17854	1618	20.2250
ERR13927339.17855	1554	19.9028
ERR13927339.17856	1594	20.3664
ERR13927339.17857	1561	19.0045
ERR13927339.17858	1029	18.0185
ERR13927339.17859	1562	17.8412
ERR13927339.17860	1579	15.2882
ERR13927339.17861	216	11.2315
ERR13927339.17862	1574	20.0229
ERR13927339.17863	1553	15.8178
ERR13927339.17864	1562	19.8950
ERR13927339.17865	1551	19.2340
ERR13927339.17866	1567	17.5743
ERR13927339.17867	1595	15.5480
ERR13927339.17868	1591	15.6524
ERR13927339.17869	1590	19.3975
ERR13927339.17870	1613	16.1029
ERR13927339.17871	1558	17.7497
ERR13927339.17872	1551	19.0155
ERR13927339.17873	1536	15.9089
ERR13927339.17874	1577	18.9569
ERR13927339.17875	1579	19.6732
ERR13927339.17876	1561	18.1537
ERR13927339.17877	1574	15.6970
ERR13927339.17878	1611	15.7232
ERR13927339.17879	1586	20.6444
ERR13927339.17880	1586	18.1501
ERR13927339.17881	1630	20.2405
ERR13927339.17882	1573	19.4876
ERR13927339.17883	1552	14.7332
ERR13927339.17884	1586	18.8827
ERR13927339.17885	1594	18.6060
ERR13927339.17886	1589	18.3820
ERR13927339.17887	1578	19.1578
ERR13927339.17888	1606	16.0498
ERR13927339.17889	1566	16.8148
ERR13927339.17890	1581	16.2252
ERR13927339.17891	1469	15.2178
ERR13927339.17892	1587	19.7398
ERR13927339.17893	1595	19.6790
ERR13927339.17894	1561	15.1441
ERR13927339.17895	1577	21.4008
ERR13927339.17896	1546	16.8583
ERR13927339.17897	1545	18.2117
ERR13927339.17898	1564	21.1330
ERR13927339.17899	266	11.6917
ERR13927339.17900	1580	20.3316
ERR13927339.17901	1572	20.6406
ERR13927339.17902	1598	19.2772
ERR13927339.17903	1574	19.0222
ERR13927339.17904	1566	19.9757
ERR13927339.17905	1558	14.8703
ERR13927339.17906	1571	15.3539
ERR13927339.17907	1543	19.6844
ERR13927339.17908	1564	18.9488
ERR13927339.17909	1544	16.2111
ERR13927339.17910	1600	21.3212
ERR13927339.17911	1567	19.8373
ERR13927339.17912	1582	19.6732
ERR13927339.17913	1582	19.1877
ERR13927339.17914	1604	17.9763
ERR13927339.17915	1558	18.0860
ERR13927339.17916	1565	16.9534
ERR13927339.17917	1227	15.8541
ERR13927339.17918	1547	16.7492
ERR13927339.17919	1591	18.0170
ERR13927339.17920	1595	19.5956
ERR13927339.17921	1581	20.9652
ERR13927339.17922	1595	20.2433
ERR13927339.17923	1563	18.8279
ERR13927339.17924	1565	19.4524
ERR13927339.17925	1614	20.6809
ERR13927339.17926	1576	19.4353
ERR13927339.17927	1588	20.0724
ERR13927339.17928	1589	17.7149
ERR13927339.17929	1603	19.8721
ERR13927339.17930	1561	20.0634
ERR13927339.17931	1566	21.3429
ERR13927339.17932	1669	17.2978
ERR13927339.17933	1562	19.0243
ERR13927339.17934	1268	19.3084
ERR13927339.17935	1463	17.6945
ERR13927339.17936	1616	19.4759
ERR13927339.17937	1610	18.9975
ERR13927339.17938	1597	19.8240
ERR13927339.17939	1588	19.2513
ERR13927339.17940	1573	19.8830
ERR13927339.17941	1562	19.3137
ERR13927339.17942	1623	20.2551
ERR13927339.17943	1571	20.1178
ERR13927339.17944	1891	18.9736
ERR13927339.17945	1594	19.4191
ERR13927339.17946	1401	16.8665
ERR13927339.17947	1564	17.3670
ERR13927339.17948	1537	18.0865
ERR13927339.17949	714	20.0700
ERR13927339.17950	1548	19.5194
ERR13927339.17951	1571	17.9408
ERR13927339.17952	1588	20.5642
ERR13927339.17953	1621	14.6428
ERR13927339.17954	1558	18.8582
ERR13927339.17955	1580	17.8006
ERR13927339.17956	1605	14.6810
ERR13927339.17957	1559	15.3470
ERR13927339.17958	1581	16.2543
ERR13927339.17959	1554	20.3694
ERR13927339.17960	1542	18.6433
ERR13927339.17961	1581	17.9753
ERR13927339.17962	2533	19.4129
ERR13927339.17963	1563	16.8637
ERR13927339.17964	1566	21.5121
ERR13927339.17965	1593	21.5989
ERR13927339.17966	1575	19.7619
ERR13927339.17967	1634	16.4774
ERR13927339.17968	1560	19.3827
ERR13927339.17969	1592	18.6991
ERR13927339.17970	1609	16.8502
ERR13927339.17971	1568	19.4675
ERR13927339.17972	1567	20.4174
ERR13927339.17973	1610	19.2075
ERR13927339.17974	1575	16.5340
ERR13927339.17975	1586	17.6280
ERR13927339.17976	1568	18.5147
ERR13927339.17977	1595	19.6621
ERR13927339.17978	1533	15.6262
ERR13927339.17979	1566	20.1584
ERR13927339.17980	1524	14.6516
ERR13927339.17981	1577	20.1389
ERR13927339.17982	1610	17.8584
ERR13927339.17983	1557	17.9319
ERR13927339.17984	1583	21.0057
ERR13927339.17985	1599	18.4221
ERR13927339.17986	1570	15.2497
ERR13927339.17987	1483	13.7822
ERR13927339.17988	1571	19.7887
ERR13927339.17989	1570	19.7497
ERR13927339.17990	1575	18.2514
ERR13927339.17991	1576	18.1377
ERR13927339.17992	1560	16.8654
ERR13927339.17993	1588	20.6650
ERR13927339.17994	1615	19.1598
ERR13927339.17995	1617	14.2721
ERR13927339.17996	1566	19.5192
ERR13927339.17997	1566	19.2018
ERR13927339.17998	1630	18.7939
ERR13927339.17999	3140	18.4121
ERR13927339.18000	1572	19.6330
ERR13927339.18001	1730	19.3850
ERR13927339.18002	1532	14.3825
ERR13927339.18003	1579	16.4782
ERR13927339.18004	1592	19.8455
ERR13927339.18005	1587	20.4398
ERR13927339.18006	1553	17.4759
ERR13927339.18007	1550	17.9181
ERR13927339.18008	1589	19.4701
ERR13927339.18009	1575	19.1460
ERR13927339.18010	1580	18.9772
ERR13927339.18011	1558	21.3633
ERR13927339.18012	1566	21.7107
ERR13927339.18013	1529	17.7783
ERR13927339.18014	1474	17.9878
ERR13927339.18015	1579	15.4072
ERR13927339.18016	1573	18.4367
ERR13927339.18017	1579	18.4022
ERR13927339.18018	1575	15.8686
ERR13927339.18019	1547	15.5979
ERR13927339.18020	1614	19.4647
ERR13927339.18021	1587	17.0473
ERR13927339.18022	1549	16.7811
ERR13927339.18023	1563	14.6353
ERR13927339.18024	1552	16.7107
ERR13927339.18025	1591	20.9019
ERR13927339.18026	1580	18.9633
ERR13927339.18027	1397	18.7881
ERR13927339.18028	1590	16.5547
ERR13927339.18029	1570	20.6013
ERR13927339.18030	1564	17.8331
ERR13927339.18031	1600	19.5750
ERR13927339.18032	1559	14.5542
ERR13927339.18033	1570	18.3045
ERR13927339.18034	1603	18.7355
ERR13927339.18035	1502	18.3009
ERR13927339.18036	1574	16.7630
ERR13927339.18037	1556	14.7269
ERR13927339.18038	1600	18.2431
ERR13927339.18039	1553	18.2138
ERR13927339.18040	1567	18.7537
ERR13927339.18041	1578	18.4563
ERR13927339.18042	1549	14.4106
ERR13927339.18043	1563	18.2009
ERR13927339.18044	1543	15.6371
ERR13927339.18045	1579	20.1229
ERR13927339.18046	1594	14.3645
ERR13927339.18047	1573	17.6052
ERR13927339.18048	1608	19.5174
ERR13927339.18049	1573	18.7349
ERR13927339.18050	1564	14.7743
ERR13927339.18051	1540	18.3539
ERR13927339.18052	1613	16.1748
ERR13927339.18053	1613	18.9169
ERR13927339.18054	1592	19.4183
ERR13927339.18055	1591	18.5657
ERR13927339.18056	1570	18.1611
ERR13927339.18057	1568	20.0440
ERR13927339.18058	1555	15.9119
ERR13927339.18059	1626	21.0240
ERR13927339.18060	1555	15.6894
ERR13927339.18061	1583	16.4833
ERR13927339.18062	1604	21.0218
ERR13927339.18063	1562	15.2907
ERR13927339.18064	1588	16.7846
ERR13927339.18065	1582	15.1018
ERR13927339.18066	1588	16.4244
ERR13927339.18067	1559	22.3496
ERR13927339.18068	1567	16.9655
ERR13927339.18069	1625	20.7643
ERR13927339.18070	1565	19.1112
ERR13927339.18071	1631	19.2397
ERR13927339.18072	1604	18.9302
ERR13927339.18073	936	14.0844
ERR13927339.18074	1515	19.3630
ERR13927339.18075	1575	15.9086
ERR13927339.18076	1598	20.1120
ERR13927339.18077	1571	16.8619
ERR13927339.18078	1601	17.7002
ERR13927339.18079	1584	16.6944
ERR13927339.18080	1615	18.6780
ERR13927339.18081	1567	14.5546
ERR13927339.18082	1625	19.4702
ERR13927339.18083	1588	17.7935
ERR13927339.18084	1598	16.9524
ERR13927339.18085	1586	18.5826
ERR13927339.18086	1573	16.6103
ERR13927339.18087	363	17.4518
ERR13927339.18088	1589	17.4934
ERR13927339.18089	1583	17.1314
ERR13927339.18090	1547	14.7485
ERR13927339.18091	1644	15.6983
ERR13927339.18092	1350	16.1859
ERR13927339.18093	1550	21.7348
ERR13927339.18094	1585	16.6978
ERR13927339.18095	1581	18.6648
ERR13927339.18096	1543	16.6760
ERR13927339.18097	1666	16.4250
ERR13927339.18098	1612	18.8114
ERR13927339.18099	1561	18.3171
ERR13927339.18100	1590	16.7975
ERR13927339.18101	1606	19.4166
ERR13927339.18102	1596	19.8622
ERR13927339.18103	1592	15.8618
ERR13927339.18104	1585	18.7394
ERR13927339.18105	1691	17.7191
ERR13927339.18106	1581	18.5269
ERR13927339.18107	1607	17.4505
ERR13927339.18108	1375	20.7615
ERR13927339.18109	1595	18.0671
ERR13927339.18110	1572	17.4599
ERR13927339.18111	1574	18.2814
ERR13927339.18112	1588	18.8722
ERR13927339.18113	1564	17.4815
ERR13927339.18114	1582	15.5082
ERR13927339.18115	1607	18.6733
ERR13927339.18116	1582	21.3047
ERR13927339.18117	1578	21.1926
ERR13927339.18118	1582	18.9172
ERR13927339.18119	1569	17.1683
ERR13927339.18120	1553	17.4282
ERR13927339.18121	1572	18.5344
ERR13927339.18122	1595	17.7310
ERR13927339.18123	1619	17.7412
ERR13927339.18124	1608	18.8439
ERR13927339.18125	1605	20.1664
ERR13927339.18126	1147	18.5414
ERR13927339.18127	1597	17.0852
ERR13927339.18128	1550	17.4548
ERR13927339.18129	1585	18.6625
ERR13927339.18130	1584	18.3977
ERR13927339.18131	1516	16.1953
ERR13927339.18132	1548	16.1835
ERR13927339.18133	1570	19.9586
ERR13927339.18134	1560	17.7635
ERR13927339.18135	1576	16.8566
ERR13927339.18136	1610	19.2876
ERR13927339.18137	1595	17.9141
ERR13927339.18138	1576	16.3553
ERR13927339.18139	1545	14.8984
ERR13927339.18140	1567	16.6209
ERR13927339.18141	1616	17.8762
ERR13927339.18142	1576	18.6415
ERR13927339.18143	1574	14.4651
ERR13927339.18144	1572	16.8969
ERR13927339.18145	1564	19.0825
ERR13927339.18146	1557	15.6095
ERR13927339.18147	1503	18.9108
ERR13927339.18148	1590	18.8006
ERR13927339.18149	1587	20.5898
ERR13927339.18150	1581	17.8596
ERR13927339.18151	1629	20.0552
ERR13927339.18152	1557	19.1278
ERR13927339.18153	1568	15.7972
ERR13927339.18154	1567	18.4793
ERR13927339.18155	1577	19.2930
ERR13927339.18156	1627	20.4487
ERR13927339.18157	1564	17.4859
ERR13927339.18158	1614	17.5713
ERR13927339.18159	1562	17.5006
ERR13927339.18160	1457	18.2567
ERR13927339.18161	1571	19.7619
ERR13927339.18162	1565	18.1457
ERR13927339.18163	1226	19.5962
ERR13927339.18164	1557	15.5042
ERR13927339.18165	1582	20.4444
ERR13927339.18166	1633	17.9394
ERR13927339.18167	1555	17.4084
ERR13927339.18168	1577	21.5485
ERR13927339.18169	1554	17.6583
ERR13927339.18170	1562	16.2919
ERR13927339.18171	1510	14.5894
ERR13927339.18172	1582	15.5765
ERR13927339.18173	1536	17.5072
ERR13927339.18174	1567	18.1283
ERR13927339.18175	1558	17.1130
ERR13927339.18176	1625	19.6788
ERR13927339.18177	1572	15.9822
ERR13927339.18178	1578	14.6115
ERR13927339.18179	996	16.9408
ERR13927339.18180	1565	18.5259
ERR13927339.18181	1550	15.3148
ERR13927339.18182	1558	19.0315
ERR13927339.18183	1562	17.6767
ERR13927339.18184	1610	19.8267
ERR13927339.18185	1565	20.7847
ERR13927339.18186	1578	20.4480
ERR13927339.18187	1576	19.9835
ERR13927339.18188	1570	21.0764
ERR13927339.18189	1570	17.5013
ERR13927339.18190	1556	15.7005
ERR13927339.18191	1613	15.5573
ERR13927339.18192	1566	19.2605
ERR13927339.18193	1569	21.1090
ERR13927339.18194	1557	19.3956
ERR13927339.18195	1596	19.5294
ERR13927339.18196	1558	18.1200
ERR13927339.18197	1562	19.5090
ERR13927339.18198	1562	14.9955
ERR13927339.18199	1566	19.4330
ERR13927339.18200	1569	16.7285
ERR13927339.18201	1568	17.5434
ERR13927339.18202	1569	21.4984
ERR13927339.18203	1581	20.7628
ERR13927339.18204	1579	19.5307
ERR13927339.18205	1575	17.0368
ERR13927339.18206	1576	21.5152
ERR13927339.18207	1571	16.8943
ERR13927339.18208	1573	19.4031
ERR13927339.18209	1558	21.2798
ERR13927339.18210	1573	18.8156
ERR13927339.18211	1580	16.0728
ERR13927339.18212	1581	19.5750
ERR13927339.18213	1588	19.2280
ERR13927339.18214	1564	16.4879
ERR13927339.18215	1560	20.1090
ERR13927339.18216	1610	20.2373
ERR13927339.18217	1568	18.4241
ERR13927339.18218	1533	18.2198
ERR13927339.18219	1446	14.6238
ERR13927339.18220	1584	20.6143
ERR13927339.18221	1575	16.6667
ERR13927339.18222	1585	18.8953
ERR13927339.18223	1565	18.6460
ERR13927339.18224	1605	18.4573
ERR13927339.18225	1571	20.0185
ERR13927339.18226	1554	17.4048
ERR13927339.18227	1596	16.9054
ERR13927339.18228	1608	16.6642
ERR13927339.18229	1587	16.8538
ERR13927339.18230	1557	17.1535
ERR13927339.18231	1612	18.2649
ERR13927339.18232	1554	14.9852
ERR13927339.18233	1530	20.0438
ERR13927339.18234	1250	16.7984
ERR13927339.18235	1548	17.8831
ERR13927339.18236	1587	16.8998
ERR13927339.18237	1571	19.9898
ERR13927339.18238	1590	19.9792
ERR13927339.18239	914	16.1871
ERR13927339.18240	1589	15.8697
ERR13927339.18241	1561	19.1127
ERR13927339.18242	1568	18.5485
ERR13927339.18243	1559	18.9205
ERR13927339.18244	1367	17.5750
ERR13927339.18245	1556	18.7371
ERR13927339.18246	1622	19.4636
ERR13927339.18247	1548	17.4574
ERR13927339.18248	1575	19.2381
ERR13927339.18249	1556	17.7192
ERR13927339.18250	1593	19.1707
ERR13927339.18251	1581	19.8355
ERR13927339.18252	1545	15.2867
ERR13927339.18253	1562	14.4885
ERR13927339.18254	1569	18.2231
ERR13927339.18255	1575	17.6057
ERR13927339.18256	797	16.5107
ERR13927339.18257	1611	17.7834
ERR13927339.18258	1313	16.8941
ERR13927339.18259	1573	16.6739
ERR13927339.18260	1563	15.1024
ERR13927339.18261	1551	21.1921
ERR13927339.18262	1579	15.6643
ERR13927339.18263	1633	16.7508
ERR13927339.18264	1604	19.0168
ERR13927339.18265	1551	18.7266
ERR13927339.18266	1541	15.0065
ERR13927339.18267	1523	18.1779
ERR13927339.18268	1584	18.4097
ERR13927339.18269	1604	16.5480
ERR13927339.18270	1582	19.8331
ERR13927339.18271	1584	21.6875
ERR13927339.18272	1575	17.9543
ERR13927339.18273	1584	16.8005
ERR13927339.18274	1545	17.8621
ERR13927339.18275	520	18.4442
ERR13927339.18276	1579	18.3863
ERR13927339.18277	1601	19.7245
ERR13927339.18278	1574	16.4581
ERR13927339.18279	1609	20.5326
ERR13927339.18280	1558	19.7741
ERR13927339.18281	1726	20.1454
ERR13927339.18282	1586	19.3752
ERR13927339.18283	1615	19.4916
ERR13927339.18284	1591	15.3004
ERR13927339.18285	1574	20.5388
ERR13927339.18286	1575	20.2984
ERR13927339.18287	1583	16.9324
ERR13927339.18288	1538	15.1216
ERR13927339.18289	1457	18.0769
ERR13927339.18290	1616	20.5427
ERR13927339.18291	1551	17.3069
ERR13927339.18292	1595	20.2251
ERR13927339.18293	1574	15.6995
ERR13927339.18294	1573	17.1519
ERR13927339.18295	1566	16.6501
ERR13927339.18296	1596	17.7155
ERR13927339.18297	1599	21.4991
ERR13927339.18298	1570	20.3592
ERR13927339.18299	1560	18.7205
ERR13927339.18300	1568	16.4643
ERR13927339.18301	1673	19.3461
ERR13927339.18302	1572	19.0401
ERR13927339.18303	1566	18.6418
ERR13927339.18304	1586	20.4319
ERR13927339.18305	1574	18.0076
ERR13927339.18306	1565	15.2652
ERR13927339.18307	1597	18.3713
ERR13927339.18308	1609	21.4630
ERR13927339.18309	1574	19.8647
ERR13927339.18310	1314	20.0297
ERR13927339.18311	1531	16.3272
ERR13927339.18312	1574	20.0191
ERR13927339.18313	1579	20.3376
ERR13927339.18314	1558	18.6605
ERR13927339.18315	1582	21.1561
ERR13927339.18316	1578	18.9556
ERR13927339.18317	1612	13.9113
ERR13927339.18318	1598	16.6671
ERR13927339.18319	1566	20.1692
ERR13927339.18320	1577	16.3386
ERR13927339.18321	1587	20.3081
ERR13927339.18322	1542	15.3126
ERR13927339.18323	1563	21.2067
ERR13927339.18324	1587	20.4543
ERR13927339.18325	1568	19.7474
ERR13927339.18326	1601	18.2473
ERR13927339.18327	1584	21.9009
ERR13927339.18328	549	19.8397
ERR13927339.18329	1590	19.0679
ERR13927339.18330	1553	19.2389
ERR13927339.18331	1598	20.9005
ERR13927339.18332	1554	15.5206
ERR13927339.18333	1591	20.6317
ERR13927339.18334	1578	20.0963
ERR13927339.18335	1609	21.0926
ERR13927339.18336	809	16.5414
ERR13927339.18337	1589	19.5028
ERR13927339.18338	1570	16.6134
ERR13927339.18339	1564	19.2449
ERR13927339.18340	1120	18.1143
ERR13927339.18341	1883	18.0366
ERR13927339.18342	1522	15.9783
ERR13927339.18343	1565	16.9783
ERR13927339.18344	1543	14.7660
ERR13927339.18345	1549	19.5468
ERR13927339.18346	1579	19.8784
ERR13927339.18347	1593	20.8431
ERR13927339.18348	1559	19.7761
ERR13927339.18349	1527	17.3982
ERR13927339.18350	1545	15.2906
ERR13927339.18351	1579	19.7175
ERR13927339.18352	1543	18.6455
ERR13927339.18353	1671	17.6834
ERR13927339.18354	1577	20.3519
ERR13927339.18355	1607	19.3883
ERR13927339.18356	1589	21.2549
ERR13927339.18357	1554	18.6686
ERR13927339.18358	1622	18.8829
ERR13927339.18359	1598	15.9581
ERR13927339.18360	1574	19.2478
ERR13927339.18361	1543	17.9365
ERR13927339.18362	1588	18.2406
ERR13927339.18363	1559	19.5516
ERR13927339.18364	1586	16.3789
ERR13927339.18365	1563	16.7562
ERR13927339.18366	1570	16.9586
ERR13927339.18367	781	20.2151
ERR13927339.18368	1598	17.4011
ERR13927339.18369	1588	19.4817
ERR13927339.18370	1567	20.0664
ERR13927339.18371	1554	20.7638
ERR13927339.18372	1599	17.9106
ERR13927339.18373	1606	19.6961
ERR13927339.18374	1564	19.1854
ERR13927339.18375	1563	21.6334
ERR13927339.18376	1633	18.6999
ERR13927339.18377	723	18.3416
ERR13927339.18378	1577	21.5904
ERR13927339.18379	1602	19.0268
ERR13927339.18380	544	14.4926
ERR13927339.18381	1573	17.7050
ERR13927339.18382	1578	13.7839
ERR13927339.18383	1565	17.2058
ERR13927339.18384	1568	19.8501
ERR13927339.18385	1576	20.1751
ERR13927339.18386	934	16.8030
ERR13927339.18387	1556	14.0713
ERR13927339.18388	1592	20.0634
ERR13927339.18389	1585	18.0826
ERR13927339.18390	1580	18.5582
ERR13927339.18391	1583	20.5079
ERR13927339.18392	1562	16.4008
ERR13927339.18393	1566	17.9553
ERR13927339.18394	1620	18.7537
ERR13927339.18395	1606	23.0573
ERR13927339.18396	1579	22.2470
ERR13927339.18397	1582	18.0727
ERR13927339.18398	1597	17.5316
ERR13927339.18399	1579	20.1976
ERR13927339.18400	1569	17.4207
ERR13927339.18401	1635	18.7284
ERR13927339.18402	1537	18.5979
ERR13927339.18403	1574	20.7402
ERR13927339.18404	1546	15.6973
ERR13927339.18405	1560	19.8821
ERR13927339.18406	1614	20.5527
ERR13927339.18407	1576	18.9036
ERR13927339.18408	1605	17.3003
ERR13927339.18409	1571	17.2489
ERR13927339.18410	1551	16.2637
ERR13927339.18411	1559	18.9788
ERR13927339.18412	1551	20.6763
ERR13927339.18413	1567	16.9611
ERR13927339.18414	1564	16.5460
ERR13927339.18415	1550	17.1903
ERR13927339.18416	1571	17.5487
ERR13927339.18417	1594	17.4279
ERR13927339.18418	1608	20.5454
ERR13927339.18419	1533	16.1689
ERR13927339.18420	1575	19.3327
ERR13927339.18421	1594	22.3250
ERR13927339.18422	1557	19.5157
ERR13927339.18423	1575	17.8210
ERR13927339.18424	1558	17.2574
ERR13927339.18425	1571	19.3526
ERR13927339.18426	1593	18.9178
ERR13927339.18427	1526	17.0393
ERR13927339.18428	1570	16.8229
ERR13927339.18429	1621	19.6841
ERR13927339.18430	1580	18.5335
ERR13927339.18431	1576	19.6332
ERR13927339.18432	1584	21.6307
ERR13927339.18433	1583	18.9621
ERR13927339.18434	1571	15.4004
ERR13927339.18435	1589	17.8043
ERR13927339.18436	1617	19.7953
ERR13927339.18437	1584	20.4861
ERR13927339.18438	1583	18.9798
ERR13927339.18439	1597	19.0138
ERR13927339.18440	1595	17.1530
ERR13927339.18441	1573	20.0407
ERR13927339.18442	1605	14.1115
ERR13927339.18443	1556	18.1472
ERR13927339.18444	1694	21.2639
ERR13927339.18445	1578	16.7877
ERR13927339.18446	1591	18.5079
ERR13927339.18447	920	19.0207
ERR13927339.18448	1613	20.0068
ERR13927339.18449	1579	15.1881
ERR13927339.18450	1583	16.9425
ERR13927339.18451	1574	16.4549
ERR13927339.18452	1585	18.6297
ERR13927339.18453	278	15.8921
ERR13927339.18454	1583	19.9829
ERR13927339.18455	1592	18.5572
ERR13927339.18456	1620	14.6741
ERR13927339.18457	1573	20.5861
ERR13927339.18458	1564	17.2494
ERR13927339.18459	1570	19.0720
ERR13927339.18460	1589	17.6293
ERR13927339.18461	1559	18.2996
ERR13927339.18462	1605	18.1888
ERR13927339.18463	1539	18.1072
ERR13927339.18464	1563	19.1740
ERR13927339.18465	1543	20.7213
ERR13927339.18466	1585	20.9155
ERR13927339.18467	1586	20.2907
ERR13927339.18468	1587	18.8897
ERR13927339.18469	1604	17.8373
ERR13927339.18470	1563	18.8829
ERR13927339.18471	1560	16.3135
ERR13927339.18472	1563	19.3084
ERR13927339.18473	1563	18.9744
ERR13927339.18474	1587	20.5835
ERR13927339.18475	1578	19.1933
ERR13927339.18476	1549	19.5326
ERR13927339.18477	1550	16.4626
ERR13927339.18478	1589	18.3744
ERR13927339.18479	1563	19.9898
ERR13927339.18480	1622	18.9926
ERR13927339.18481	1611	17.1626
ERR13927339.18482	1622	19.3231
ERR13927339.18483	1554	21.8848
ERR13927339.18484	1571	19.1356
ERR13927339.18485	1501	15.4224
ERR13927339.18486	1595	19.0050
ERR13927339.18487	1553	19.4585
ERR13927339.18488	1589	17.0724
ERR13927339.18489	1574	21.0121
ERR13927339.18490	1575	19.4559
ERR13927339.18491	1580	17.6937
ERR13927339.18492	1602	15.9969
ERR13927339.18493	1589	16.3977
ERR13927339.18494	1577	18.8776
ERR13927339.18495	1584	21.0871
ERR13927339.18496	1558	19.6521
ERR13927339.18497	1610	19.5727
ERR13927339.18498	1603	15.6744
ERR13927339.18499	1586	21.0536
ERR13927339.18500	1566	18.3729
ERR13927339.18501	1579	17.2305
ERR13927339.18502	1610	15.8137
ERR13927339.18503	1599	19.8649
ERR13927339.18504	1697	18.2799
ERR13927339.18505	1584	17.7033
ERR13927339.18506	283	15.1484
ERR13927339.18507	1625	20.1631
ERR13927339.18508	1564	16.3638
ERR13927339.18509	1567	19.9215
ERR13927339.18510	1591	19.2816
ERR13927339.18511	1567	14.9368
ERR13927339.18512	1565	17.1355
ERR13927339.18513	1586	16.1078
ERR13927339.18514	1564	16.8363
ERR13927339.18515	1583	19.8187
ERR13927339.18516	1580	17.3405
ERR13927339.18517	1549	17.4035
ERR13927339.18518	344	14.4767
ERR13927339.18519	1248	16.2564
ERR13927339.18520	1556	17.7397
ERR13927339.18521	1574	20.1404
ERR13927339.18522	1582	19.6138
ERR13927339.18523	1632	16.2463
ERR13927339.18524	627	18.3541
ERR13927339.18525	1581	17.8931
ERR13927339.18526	1585	17.4915
ERR13927339.18527	1566	15.7152
ERR13927339.18528	1601	17.8720
ERR13927339.18529	1602	17.4413
ERR13927339.18530	1570	18.8522
ERR13927339.18531	1577	19.9138
ERR13927339.18532	1611	18.1744
ERR13927339.18533	1553	15.5531
ERR13927339.18534	1568	18.2710
ERR13927339.18535	985	20.8437
ERR13927339.18536	1503	18.5323
ERR13927339.18537	1577	16.5973
ERR13927339.18538	929	18.6943
ERR13927339.18539	1577	18.9480
ERR13927339.18540	1221	14.4201
ERR13927339.18541	1577	16.2980
ERR13927339.18542	1609	19.7862
ERR13927339.18543	1558	16.3646
ERR13927339.18544	1597	14.6938
ERR13927339.18545	1572	16.6845
ERR13927339.18546	1621	16.3066
ERR13927339.18547	1553	19.3014
ERR13927339.18548	1573	20.2181
ERR13927339.18549	1524	20.3058
ERR13927339.18550	1575	17.3556
ERR13927339.18551	1590	18.1170
ERR13927339.18552	1599	20.4146
ERR13927339.18553	1536	16.4362
ERR13927339.18554	1563	21.5067
ERR13927339.18555	1582	19.0373
ERR13927339.18556	1617	20.6172
ERR13927339.18557	1571	18.3119
ERR13927339.18558	1606	17.6563
ERR13927339.18559	1556	20.4094
ERR13927339.18560	1597	16.0676
ERR13927339.18561	1552	18.0006
ERR13927339.18562	1555	21.0740
ERR13927339.18563	1594	19.6851
ERR13927339.18564	1562	18.1415
ERR13927339.18565	1571	15.2151
ERR13927339.18566	1608	15.5665
ERR13927339.18567	1554	18.7201
ERR13927339.18568	1572	17.5668
ERR13927339.18569	1599	14.5779
ERR13927339.18570	1595	18.5818
ERR13927339.18571	251	20.9163
ERR13927339.18572	1578	20.0418
ERR13927339.18573	1602	17.6186
ERR13927339.18574	1563	21.3941
ERR13927339.18575	708	13.4492
ERR13927339.18576	1615	20.2087
ERR13927339.18577	1518	17.6364
ERR13927339.18578	1515	17.0495
ERR13927339.18579	1573	17.0350
ERR13927339.18580	1098	18.9362
ERR13927339.18581	1551	15.1896
ERR13927339.18582	1576	20.4702
ERR13927339.18583	1577	17.6487
ERR13927339.18584	1594	18.5954
ERR13927339.18585	1590	16.0969
ERR13927339.18586	1613	17.2139
ERR13927339.18587	1527	19.1382
ERR13927339.18588	1586	20.5504
ERR13927339.18589	1580	16.2734
ERR13927339.18590	1576	18.3236
ERR13927339.18591	1526	16.7602
ERR13927339.18592	1565	18.5661
ERR13927339.18593	1560	17.1122
ERR13927339.18594	1582	18.7863
ERR13927339.18595	1113	17.4825
ERR13927339.18596	1605	18.7389
ERR13927339.18597	1569	18.8171
ERR13927339.18598	1579	19.3920
ERR13927339.18599	1588	18.8829
ERR13927339.18600	1584	19.1446
ERR13927339.18601	1557	17.3757
ERR13927339.18602	1560	20.7199
ERR13927339.18603	1560	19.5635
ERR13927339.18604	1597	22.5466
ERR13927339.18605	1572	20.6120
ERR13927339.18606	1573	20.6675
ERR13927339.18607	1576	18.7398
ERR13927339.18608	1572	20.8785
ERR13927339.18609	1564	19.1196
ERR13927339.18610	1598	16.2854
ERR13927339.18611	1562	19.5832
ERR13927339.18612	1562	16.6472
ERR13927339.18613	1592	19.7569
ERR13927339.18614	1556	15.2982
ERR13927339.18615	1570	19.7732
ERR13927339.18616	1638	17.0751
ERR13927339.18617	1603	16.8590
ERR13927339.18618	1536	14.5872
ERR13927339.18619	1561	21.1121
ERR13927339.18620	1581	18.7546
ERR13927339.18621	1581	20.1499
ERR13927339.18622	1599	18.7586
ERR13927339.18623	1190	13.6353
ERR13927339.18624	1548	16.9212
ERR13927339.18625	1580	18.1570
ERR13927339.18626	1599	20.4765
ERR13927339.18627	1584	17.8548
ERR13927339.18628	1561	20.2883
ERR13927339.18629	1575	18.5981
ERR13927339.18630	1541	17.5743
ERR13927339.18631	1601	16.6833
ERR13927339.18632	1572	19.3880
ERR13927339.18633	1575	20.9778
ERR13927339.18634	1590	19.1585
ERR13927339.18635	3175	16.3061
ERR13927339.18636	1578	19.9341
ERR13927339.18637	1552	17.5374
ERR13927339.18638	1607	13.9297
ERR13927339.18639	1557	17.0533
ERR13927339.18640	1570	16.0949
ERR13927339.18641	1580	19.0886
ERR13927339.18642	1583	21.2173
ERR13927339.18643	1586	19.3172
ERR13927339.18644	1602	18.1355
ERR13927339.18645	704	16.2670
ERR13927339.18646	1586	20.0826
ERR13927339.18647	1589	18.9811
ERR13927339.18648	1551	17.5493
ERR13927339.18649	1625	18.2055
ERR13927339.18650	1615	18.2384
ERR13927339.18651	1563	19.2521
ERR13927339.18652	1598	19.1539
ERR13927339.18653	1489	17.5272
ERR13927339.18654	1583	21.2811
ERR13927339.18655	1628	19.4533
ERR13927339.18656	1626	18.7909
ERR13927339.18657	1567	20.1429
ERR13927339.18658	1575	16.0324
ERR13927339.18659	1556	18.5778
ERR13927339.18660	1568	17.0912
ERR13927339.18661	3214	18.7884
ERR13927339.18662	1568	17.2022
ERR13927339.18663	1561	17.3792
ERR13927339.18664	1569	21.1173
ERR13927339.18665	1588	16.1020
ERR13927339.18666	1516	19.2335
ERR13927339.18667	1590	19.3597
ERR13927339.18668	1570	20.9955
ERR13927339.18669	1558	20.9063
ERR13927339.18670	1550	20.9226
ERR13927339.18671	1575	19.6279
ERR13927339.18672	1561	17.5022
ERR13927339.18673	1573	16.1227
ERR13927339.18674	1551	18.6886
ERR13927339.18675	1569	18.2180
ERR13927339.18676	1566	21.1066
ERR13927339.18677	1601	17.0849
ERR13927339.18678	1563	18.4517
ERR13927339.18679	1600	18.0975
ERR13927339.18680	1607	18.6360
ERR13927339.18681	1570	18.9643
ERR13927339.18682	1586	19.4754
ERR13927339.18683	1614	19.4944
ERR13927339.18684	1556	18.0835
ERR13927339.18685	1596	14.7231
ERR13927339.18686	1555	19.7010
ERR13927339.18687	1599	20.4534
ERR13927339.18688	1583	17.2331
ERR13927339.18689	1590	19.5509
ERR13927339.18690	1583	18.8206
ERR13927339.18691	1595	19.9643
ERR13927339.18692	1574	19.1379
ERR13927339.18693	1564	17.9329
ERR13927339.18694	1583	15.9678
ERR13927339.18695	1576	20.2728
ERR13927339.18696	1579	21.4896
ERR13927339.18697	1580	18.1310
ERR13927339.18698	1558	15.4589
ERR13927339.18699	1545	16.1249
ERR13927339.18700	1583	17.9659
ERR13927339.18701	1572	20.7659
ERR13927339.18702	1453	16.4081
ERR13927339.18703	1513	19.1798
ERR13927339.18704	1583	20.6159
ERR13927339.18705	1577	19.9524
ERR13927339.18706	1575	19.6210
ERR13927339.18707	1559	18.4945
ERR13927339.18708	1587	18.8759
ERR13927339.18709	1572	16.9281
ERR13927339.18710	1599	19.7605
ERR13927339.18711	1560	20.1135
ERR13927339.18712	1584	17.8813
ERR13927339.18713	1567	19.4314
ERR13927339.18714	1540	19.5571
ERR13927339.18715	1527	16.0098
ERR13927339.18716	1569	18.0223
ERR13927339.18717	205	16.2976
ERR13927339.18718	1549	19.1420
ERR13927339.18719	1566	20.4285
ERR13927339.18720	1578	16.5032
ERR13927339.18721	1575	17.6273
ERR13927339.18722	1610	17.5863
ERR13927339.18723	1606	16.1395
ERR13927339.18724	1569	19.6794
ERR13927339.18725	1559	17.2591
ERR13927339.18726	1570	18.2344
ERR13927339.18727	1542	15.5363
ERR13927339.18728	1594	14.9611
ERR13927339.18729	1571	16.8689
ERR13927339.18730	1591	18.1766
ERR13927339.18731	1573	18.0566
ERR13927339.18732	1586	17.9571
ERR13927339.18733	881	18.8070
ERR13927339.18734	1558	18.6669
ERR13927339.18735	1581	20.0550
ERR13927339.18736	1585	18.2587
ERR13927339.18737	1584	17.0789
ERR13927339.18738	1560	18.2769
ERR13927339.18739	1610	15.1888
ERR13927339.18740	1593	17.9837
ERR13927339.18741	1564	17.2762
ERR13927339.18742	1619	19.3965
ERR13927339.18743	1574	18.0712
ERR13927339.18744	1575	20.0489
ERR13927339.18745	1590	18.2667
ERR13927339.18746	1588	21.8627
ERR13927339.18747	1572	20.6387
ERR13927339.18748	1624	20.1539
ERR13927339.18749	884	18.3020
ERR13927339.18750	1551	18.7034
ERR13927339.18751	1581	20.4617
ERR13927339.18752	1587	18.7839
ERR13927339.18753	1764	23.2268
ERR13927339.18754	1578	18.2928
ERR13927339.18755	1560	14.9538
ERR13927339.18756	1570	17.5242
ERR13927339.18757	1605	18.5907
ERR13927339.18758	1563	19.1900
ERR13927339.18759	1597	19.2893
ERR13927339.18760	1583	19.0777
ERR13927339.18761	1544	14.8588
ERR13927339.18762	1548	15.3107
ERR13927339.18763	1557	19.6024
ERR13927339.18764	1545	18.0104
ERR13927339.18765	1608	18.5740
ERR13927339.18766	1575	17.3359
ERR13927339.18767	1569	21.2881
ERR13927339.18768	1559	20.0744
ERR13927339.18769	1585	19.8082
ERR13927339.18770	395	18.8861
ERR13927339.18771	1563	18.9744
ERR13927339.18772	1576	21.5831
ERR13927339.18773	1571	16.0293
ERR13927339.18774	1483	15.1773
ERR13927339.18775	1597	19.9468
ERR13927339.18776	1575	18.0463
ERR13927339.18777	1597	15.5629
ERR13927339.18778	1600	16.8531
ERR13927339.18779	1562	14.7458
ERR13927339.18780	1580	19.0108
ERR13927339.18781	1576	18.4473
ERR13927339.18782	1575	15.9702
ERR13927339.18783	1561	17.2569
ERR13927339.18784	1536	16.1165
ERR13927339.18785	1610	21.1075
ERR13927339.18786	1571	18.1184
ERR13927339.18787	1588	20.1247
ERR13927339.18788	1576	16.4486
ERR13927339.18789	1582	20.0563
ERR13927339.18790	1562	17.8937
ERR13927339.18791	1559	18.5247
ERR13927339.18792	1574	16.7872
ERR13927339.18793	1582	18.9153
ERR13927339.18794	1566	18.1284
ERR13927339.18795	1578	19.5722
ERR13927339.18796	1573	19.1354
ERR13927339.18797	1607	16.2222
ERR13927339.18798	1613	16.4309
ERR13927339.18799	1593	19.4909
ERR13927339.18800	1585	21.0580
ERR13927339.18801	654	18.2110
ERR13927339.18802	1591	19.0547
ERR13927339.18803	1559	15.6357
ERR13927339.18804	1552	19.5316
ERR13927339.18805	1588	17.9628
ERR13927339.18806	1569	18.2600
ERR13927339.18807	1577	19.7901
ERR13927339.18808	1595	17.4947
ERR13927339.18809	1536	15.0104
ERR13927339.18810	1560	13.8526
ERR13927339.18811	1582	19.0727
ERR13927339.18812	1569	17.8120
ERR13927339.18813	967	21.0517
ERR13927339.18814	1604	18.9227
ERR13927339.18815	1571	17.3628
ERR13927339.18816	1581	16.5693
ERR13927339.18817	1566	21.4847
ERR13927339.18818	1597	17.0827
ERR13927339.18819	1576	15.0228
ERR13927339.18820	1595	20.4571
ERR13927339.18821	1562	15.4430
ERR13927339.18822	1553	17.4598
ERR13927339.18823	1519	19.0092
ERR13927339.18824	1584	17.8510
ERR13927339.18825	1612	19.8393
ERR13927339.18826	1600	18.2931
ERR13927339.18827	1583	14.8086
ERR13927339.18828	1601	18.9032
ERR13927339.18829	1540	19.4253
ERR13927339.18830	1618	19.7905
ERR13927339.18831	1619	17.3527
ERR13927339.18832	1562	19.7362
ERR13927339.18833	1566	19.1692
ERR13927339.18834	1576	20.8503
ERR13927339.18835	1542	16.1427
ERR13927339.18836	1622	20.8231
ERR13927339.18837	1620	16.7642
ERR13927339.18838	1587	17.2647
ERR13927339.18839	1556	18.4788
ERR13927339.18840	1583	19.6582
ERR13927339.18841	1565	18.5476
ERR13927339.18842	1566	18.1481
ERR13927339.18843	1559	17.5202
ERR13927339.18844	1539	18.7537
ERR13927339.18845	1577	18.0685
ERR13927339.18846	1592	20.0791
ERR13927339.18847	1545	16.5282
ERR13927339.18848	1531	17.4820
ERR13927339.18849	1576	16.2043
ERR13927339.18850	1588	19.9156
ERR13927339.18851	1565	16.7808
ERR13927339.18852	1591	18.6053
ERR13927339.18853	1549	16.9393
ERR13927339.18854	1559	18.9564
ERR13927339.18855	1529	14.5540
ERR13927339.18856	1569	19.7718
ERR13927339.18857	1601	19.8014
ERR13927339.18858	1559	20.2463
ERR13927339.18859	1605	17.4879
ERR13927339.18860	1585	19.1394
ERR13927339.18861	1566	21.7644
ERR13927339.18862	1577	17.4242
ERR13927339.18863	1581	20.1107
ERR13927339.18864	1587	17.7801
ERR13927339.18865	1570	18.8548
ERR13927339.18866	1526	15.4076
ERR13927339.18867	1558	19.4641
ERR13927339.18868	1553	19.4495
ERR13927339.18869	1668	20.6930
ERR13927339.18870	1576	18.6345
ERR13927339.18871	892	17.7253
ERR13927339.18872	1588	19.0806
ERR13927339.18873	1570	18.4873
ERR13927339.18874	1612	19.7773
ERR13927339.18875	1672	19.8726
ERR13927339.18876	1556	20.8850
ERR13927339.18877	1587	18.4455
ERR13927339.18878	1582	22.1726
ERR13927339.18879	1561	19.4158
ERR13927339.18880	1543	15.0622
ERR13927339.18881	1563	17.7486
ERR13927339.18882	1574	21.1715
ERR13927339.18883	1608	17.4428
ERR13927339.18884	1592	15.6753
ERR13927339.18885	1541	15.5276
ERR13927339.18886	1584	18.5404
ERR13927339.18887	1540	15.1591
ERR13927339.18888	1559	14.7248
ERR13927339.18889	1565	20.5438
ERR13927339.18890	1546	18.9360
ERR13927339.18891	1545	18.0699
ERR13927339.18892	1548	16.8960
ERR13927339.18893	1138	14.0167
ERR13927339.18894	1586	17.2818
ERR13927339.18895	1603	19.0468
ERR13927339.18896	1013	16.3406
ERR13927339.18897	1569	20.6361
ERR13927339.18898	1562	18.5224
ERR13927339.18899	1592	19.4686
ERR13927339.18900	1562	17.0198
ERR13927339.18901	1550	17.6071
ERR13927339.18902	1586	15.8474
ERR13927339.18903	1577	18.4737
ERR13927339.18904	1590	20.0491
ERR13927339.18905	1553	19.4372
ERR13927339.18906	1599	20.6779
ERR13927339.18907	1574	16.3393
ERR13927339.18908	1177	19.2846
ERR13927339.18909	1588	19.5057
ERR13927339.18910	1581	19.3789
ERR13927339.18911	1583	20.5180
ERR13927339.18912	1566	17.3997
ERR13927339.18913	1568	19.6154
ERR13927339.18914	1591	15.0754
ERR13927339.18915	1526	19.3008
ERR13927339.18916	1684	19.2957
ERR13927339.18917	1580	18.5962
ERR13927339.18918	1573	18.1087
ERR13927339.18919	1620	21.6142
ERR13927339.18920	1562	14.9840
ERR13927339.18921	1615	19.9046
ERR13927339.18922	1584	18.8649
ERR13927339.18923	1567	20.3395
ERR13927339.18924	1568	20.3852
ERR13927339.18925	1545	16.4492
ERR13927339.18926	1558	18.4172
ERR13927339.18927	1567	20.9394
ERR13927339.18928	1558	16.6078
ERR13927339.18929	1588	16.8526
ERR13927339.18930	1610	19.6398
ERR13927339.18931	1510	15.3305
ERR13927339.18932	1559	14.4734
ERR13927339.18933	1572	19.1660
ERR13927339.18934	1602	20.2322
ERR13927339.18935	1625	16.9009
ERR13927339.18936	1623	18.3038
ERR13927339.18937	1552	19.1385
ERR13927339.18938	1582	19.1789
ERR13927339.18939	1559	18.4599
ERR13927339.18940	1592	20.6401
ERR13927339.18941	1582	19.4918
ERR13927339.18942	1487	18.6510
ERR13927339.18943	1588	17.7330
ERR13927339.18944	1586	19.5631
ERR13927339.18945	1549	16.1407
ERR13927339.18946	1613	18.2653
ERR13927339.18947	1601	18.4572
ERR13927339.18948	1585	17.5729
ERR13927339.18949	1578	18.0380
ERR13927339.18950	1581	19.4143
ERR13927339.18951	1597	17.3469
ERR13927339.18952	1544	17.8167
ERR13927339.18953	1546	13.9586
ERR13927339.18954	1604	19.2993
ERR13927339.18955	1566	14.3289
ERR13927339.18956	1561	18.4170
ERR13927339.18957	1611	17.9137
ERR13927339.18958	1618	19.5816
ERR13927339.18959	1573	19.6472
ERR13927339.18960	1570	15.5401
ERR13927339.18961	1552	15.6108
ERR13927339.18962	1570	21.2586
ERR13927339.18963	1593	20.5173
ERR13927339.18964	1535	15.5564
ERR13927339.18965	1579	15.6099
ERR13927339.18966	1583	21.1529
ERR13927339.18967	285	17.9825
ERR13927339.18968	1601	15.1624
ERR13927339.18969	1620	16.3722
ERR13927339.18970	1606	21.3798
ERR13927339.18971	1557	18.7919
ERR13927339.18972	1610	19.9404
ERR13927339.18973	1565	19.9093
ERR13927339.18974	1478	13.7679
ERR13927339.18975	1587	18.2048
ERR13927339.18976	1558	15.5135
ERR13927339.18977	1572	19.4491
ERR13927339.18978	1581	16.2808
ERR13927339.18979	1508	14.9542
ERR13927339.18980	1567	16.7639
ERR13927339.18981	1568	16.3304
ERR13927339.18982	1550	18.6155
ERR13927339.18983	1585	21.9577
ERR13927339.18984	816	18.2071
ERR13927339.18985	1570	15.1567
ERR13927339.18986	1580	15.5323
ERR13927339.18987	1595	19.6752
ERR13927339.18988	1594	14.7277
ERR13927339.18989	1588	19.4660
ERR13927339.18990	1568	19.2864
ERR13927339.18991	1549	19.1963
ERR13927339.18992	1596	16.0514
ERR13927339.18993	1582	22.9431
ERR13927339.18994	1554	15.7857
ERR13927339.18995	1565	20.6128
ERR13927339.18996	1577	16.1408
ERR13927339.18997	1578	18.4664
ERR13927339.18998	1580	15.6981
ERR13927339.18999	1580	20.9589
ERR13927339.19000	1591	18.4670
ERR13927339.19001	1559	17.3316
ERR13927339.19002	1584	17.7872
ERR13927339.19003	1612	18.6650
ERR13927339.19004	1583	17.1314
ERR13927339.19005	1574	17.0921
ERR13927339.19006	1619	22.5380
ERR13927339.19007	1544	18.0641
ERR13927339.19008	1554	21.5553
ERR13927339.19009	1578	17.9493
ERR13927339.19010	1571	18.6079
ERR13927339.19011	1561	16.5842
ERR13927339.19012	1563	18.1292
ERR13927339.19013	1572	21.6807
ERR13927339.19014	1594	20.5577
ERR13927339.19015	1585	19.4833
ERR13927339.19016	1598	18.7797
ERR13927339.19017	1593	19.6058
ERR13927339.19018	1556	19.2603
ERR13927339.19019	1624	19.8547
ERR13927339.19020	1575	19.2070
ERR13927339.19021	969	14.2054
ERR13927339.19022	1574	19.3926
ERR13927339.19023	1655	16.1752
ERR13927339.19024	1539	18.6316
ERR13927339.19025	1615	16.9115
ERR13927339.19026	1600	18.3038
ERR13927339.19027	1573	15.7578
ERR13927339.19028	1609	18.1790
ERR13927339.19029	1592	19.7092
ERR13927339.19030	1555	20.3640
ERR13927339.19031	1553	17.5229
ERR13927339.19032	1593	19.1193
ERR13927339.19033	1566	22.1028
ERR13927339.19034	1577	15.3970
ERR13927339.19035	1547	15.8474
ERR13927339.19036	1601	18.4129
ERR13927339.19037	1568	15.0957
ERR13927339.19038	1608	20.4192
ERR13927339.19039	1576	15.3921
ERR13927339.19040	1604	15.8161
ERR13927339.19041	1594	19.0113
ERR13927339.19042	1581	19.4953
ERR13927339.19043	1550	17.3155
ERR13927339.19044	1564	16.6304
ERR13927339.19045	1539	16.8811
ERR13927339.19046	1567	20.5016
ERR13927339.19047	1600	17.1500
ERR13927339.19048	1562	20.3572
ERR13927339.19049	1579	16.8917
ERR13927339.19050	1598	19.6802
ERR13927339.19051	1593	17.3704
ERR13927339.19052	1566	19.5460
ERR13927339.19053	1584	17.4533
ERR13927339.19054	1538	18.4954
ERR13927339.19055	1540	14.9519
ERR13927339.19056	1573	22.1659
ERR13927339.19057	1577	17.7533
ERR13927339.19058	996	18.2179
ERR13927339.19059	1564	16.2845
ERR13927339.19060	1624	14.8910
ERR13927339.19061	377	17.3369
ERR13927339.19062	1566	16.7854
ERR13927339.19063	1559	18.4856
ERR13927339.19064	1585	20.3363
ERR13927339.19065	1575	19.6667
ERR13927339.19066	1564	17.9546
ERR13927339.19067	1547	22.1513
ERR13927339.19068	1588	17.7072
ERR13927339.19069	1686	19.7728
ERR13927339.19070	1609	20.7309
ERR13927339.19071	1591	20.1389
ERR13927339.19072	1588	18.4780
ERR13927339.19073	1554	21.5495
ERR13927339.19074	1579	16.0893
ERR13927339.19075	1536	13.9180
ERR13927339.19076	1551	17.8414
ERR13927339.19077	1571	20.6276
ERR13927339.19078	1567	19.9706
ERR13927339.19079	1614	16.9777
ERR13927339.19080	1572	17.7195
ERR13927339.19081	1568	16.7264
ERR13927339.19082	1563	16.8644
ERR13927339.19083	1577	15.9182
ERR13927339.19084	1590	20.3604
ERR13927339.19085	1591	19.3677
ERR13927339.19086	1571	19.0236
ERR13927339.19087	1598	18.7929
ERR13927339.19088	1584	17.9331
ERR13927339.19089	1579	19.5554
ERR13927339.19090	1624	18.7334
ERR13927339.19091	1605	17.7477
ERR13927339.19092	1626	19.3856
ERR13927339.19093	1588	19.0768
ERR13927339.19094	1564	18.3152
ERR13927339.19095	1591	18.8869
ERR13927339.19096	1505	16.1302
ERR13927339.19097	1601	17.7470
ERR13927339.19098	1587	19.2854
ERR13927339.19099	1618	20.5315
ERR13927339.19100	1563	17.2630
ERR13927339.19101	1605	16.0006
ERR13927339.19102	1589	17.8855
ERR13927339.19103	1566	21.2650
ERR13927339.19104	1569	15.9535
ERR13927339.19105	1590	18.5553
ERR13927339.19106	1617	19.2696
ERR13927339.19107	1590	17.7767
ERR13927339.19108	1571	17.1814
ERR13927339.19109	1530	17.0052
ERR13927339.19110	1596	17.5583
ERR13927339.19111	1535	16.7557
ERR13927339.19112	1578	17.5621
ERR13927339.19113	1773	18.5025
ERR13927339.19114	1592	18.8141
ERR13927339.19115	1604	16.4202
ERR13927339.19116	1655	15.2423
ERR13927339.19117	1555	20.5942
ERR13927339.19118	1575	17.8444
ERR13927339.19119	1561	18.0737
ERR13927339.19120	1569	16.0950
ERR13927339.19121	1592	19.4724
ERR13927339.19122	1570	19.8611
ERR13927339.19123	1564	18.0026
ERR13927339.19124	1539	16.4932
ERR13927339.19125	1563	17.9533
ERR13927339.19126	1582	18.5809
ERR13927339.19127	1603	19.9557
ERR13927339.19128	1589	15.6627
ERR13927339.19129	1588	19.2613
ERR13927339.19130	1614	17.3036
ERR13927339.19131	1570	17.4924
ERR13927339.19132	1552	19.0271
ERR13927339.19133	1571	16.9293
ERR13927339.19134	1594	19.6274
ERR13927339.19135	1580	19.6614
ERR13927339.19136	1552	17.8866
ERR13927339.19137	1550	19.0065
ERR13927339.19138	1567	20.7186
ERR13927339.19139	1596	16.3509
ERR13927339.19140	1581	19.2138
ERR13927339.19141	1530	13.6497
ERR13927339.19142	1581	19.5180
ERR13927339.19143	1522	18.1406
ERR13927339.19144	1586	19.9382
ERR13927339.19145	1560	20.3808
ERR13927339.19146	1574	17.6086
ERR13927339.19147	1603	16.8366
ERR13927339.19148	1576	18.2868
ERR13927339.19149	1598	16.2747
ERR13927339.19150	1530	18.1935
ERR13927339.19151	1557	18.1265
ERR13927339.19152	1589	18.5840
ERR13927339.19153	658	17.6763
ERR13927339.19154	1611	17.7660
ERR13927339.19155	1536	16.3828
ERR13927339.19156	1566	19.0115
ERR13927339.19157	1570	20.5828
ERR13927339.19158	1551	18.9104
ERR13927339.19159	1565	22.9808
ERR13927339.19160	1590	19.3717
ERR13927339.19161	1624	17.4809
ERR13927339.19162	1749	15.8376
ERR13927339.19163	1627	18.9828
ERR13927339.19164	1571	17.8078
ERR13927339.19165	1560	18.6801
ERR13927339.19166	1557	16.8715
ERR13927339.19167	1613	19.5580
ERR13927339.19168	1620	19.1827
ERR13927339.19169	1572	17.3677
ERR13927339.19170	1574	17.4917
ERR13927339.19171	1567	18.8992
ERR13927339.19172	1587	18.1021
ERR13927339.19173	1546	17.1455
ERR13927339.19174	1592	20.0961
ERR13927339.19175	1584	19.9350
ERR13927339.19176	1593	16.4733
ERR13927339.19177	1559	15.7069
ERR13927339.19178	1575	20.5695
ERR13927339.19179	1581	16.5693
ERR13927339.19180	1552	18.8698
ERR13927339.19181	1562	20.6274
ERR13927339.19182	1550	15.1942
ERR13927339.19183	1595	20.2922
ERR13927339.19184	1571	17.5678
ERR13927339.19185	1577	18.0799
ERR13927339.19186	1604	16.6353
ERR13927339.19187	1570	18.9962
ERR13927339.19188	1574	19.4028
ERR13927339.19189	1576	15.4778
ERR13927339.19190	254	17.7480
ERR13927339.19191	1563	18.1062
ERR13927339.19192	1596	20.7481
ERR13927339.19193	1558	18.8357
ERR13927339.19194	1573	19.6205
ERR13927339.19195	1561	18.4055
ERR13927339.19196	1536	14.0280
ERR13927339.19197	1585	19.4032
ERR13927339.19198	1591	20.6631
ERR13927339.19199	1524	14.7717
ERR13927339.19200	1567	17.5361
ERR13927339.19201	1556	19.6870
ERR13927339.19202	1575	18.8756
ERR13927339.19203	537	14.5493
ERR13927339.19204	1553	15.2576
ERR13927339.19205	1585	19.3773
ERR13927339.19206	1560	18.1397
ERR13927339.19207	1604	17.2456
ERR13927339.19208	1553	17.6491
ERR13927339.19209	1586	19.2282
ERR13927339.19210	1563	16.7626
ERR13927339.19211	1574	18.0966
ERR13927339.19212	1569	16.2645
ERR13927339.19213	1421	17.4272
ERR13927339.19214	1548	15.6247
ERR13927339.19215	1541	18.0467
ERR13927339.19216	1589	19.1643
ERR13927339.19217	1575	19.7695
ERR13927339.19218	1572	15.9345
ERR13927339.19219	1602	16.6779
ERR13927339.19220	1551	18.7357
ERR13927339.19221	1562	18.4078
ERR13927339.19222	1581	18.1379
ERR13927339.19223	1609	17.9018
ERR13927339.19224	1548	20.0116
ERR13927339.19225	1611	19.6387
ERR13927339.19226	1560	15.5718
ERR13927339.19227	1585	17.4631
ERR13927339.19228	1524	13.9488
ERR13927339.19229	1549	16.7314
ERR13927339.19230	1559	18.4817
ERR13927339.19231	1585	16.4454
ERR13927339.19232	1553	18.3284
ERR13927339.19233	1571	20.2266
ERR13927339.19234	1536	17.5671
ERR13927339.19235	1569	16.3627
ERR13927339.19236	1569	18.8521
ERR13927339.19237	1577	15.7464
ERR13927339.19238	407	17.1081
ERR13927339.19239	1574	20.4994
ERR13927339.19240	431	17.9861
ERR13927339.19241	1602	19.8814
ERR13927339.19242	1554	20.6718
ERR13927339.19243	1583	22.7303
ERR13927339.19244	1553	15.0122
ERR13927339.19245	1655	16.5511
ERR13927339.19246	1563	15.1593
ERR13927339.19247	1608	18.9919
ERR13927339.19248	1593	17.2197
ERR13927339.19249	1577	20.0013
ERR13927339.19250	357	15.7843
ERR13927339.19251	1549	15.3254
ERR13927339.19252	1559	19.9506
ERR13927339.19253	1567	16.1959
ERR13927339.19254	1555	19.7621
ERR13927339.19255	1593	18.4827
ERR13927339.19256	1580	18.8399
ERR13927339.19257	1561	20.4369
ERR13927339.19258	1600	19.8581
ERR13927339.19259	1586	15.9723
ERR13927339.19260	1611	21.1570
ERR13927339.19261	1599	19.5166
ERR13927339.19262	1558	18.4884
ERR13927339.19263	1561	17.0564
ERR13927339.19264	1571	16.2559
ERR13927339.19265	1577	17.8263
ERR13927339.19266	1562	18.2433
ERR13927339.19267	1580	20.2639
ERR13927339.19268	1583	19.2704
ERR13927339.19269	1587	17.3006
ERR13927339.19270	1552	21.0187
ERR13927339.19271	1560	17.4276
ERR13927339.19272	1568	18.4815
ERR13927339.19273	1571	20.3062
ERR13927339.19274	1576	14.6853
ERR13927339.19275	1287	15.3497
ERR13927339.19276	1553	20.9981
ERR13927339.19277	1580	19.3646
ERR13927339.19278	1553	15.8042
ERR13927339.19279	1588	17.2469
ERR13927339.19280	1580	22.4361
ERR13927339.19281	1561	18.3677
ERR13927339.19282	1584	18.9293
ERR13927339.19283	1587	14.6572
ERR13927339.19284	1578	18.9873
ERR13927339.19285	1588	17.7960
ERR13927339.19286	1544	20.4028
ERR13927339.19287	1571	20.5837
ERR13927339.19288	1563	17.0441
ERR13927339.19289	1533	17.4951
ERR13927339.19290	1580	18.7342
ERR13927339.19291	1587	22.1285
ERR13927339.19292	1566	16.7739
ERR13927339.19293	1596	17.5683
ERR13927339.19294	1543	19.4796
ERR13927339.19295	1608	18.2351
ERR13927339.19296	1619	19.4614
ERR13927339.19297	1622	21.1911
ERR13927339.19298	1617	21.5603
ERR13927339.19299	1615	20.9245
ERR13927339.19300	1586	19.2144
ERR13927339.19301	1590	19.3748
ERR13927339.19302	1581	19.0297
ERR13927339.19303	1605	19.5975
ERR13927339.19304	1563	18.8343
ERR13927339.19305	1567	19.1270
ERR13927339.19306	1588	19.5781
ERR13927339.19307	1561	20.5144
ERR13927339.19308	1590	16.5723
ERR13927339.19309	1603	20.9008
ERR13927339.19310	1567	16.5807
ERR13927339.19311	1631	17.4034
ERR13927339.19312	1620	15.2488
ERR13927339.19313	1580	17.4987
ERR13927339.19314	1583	16.5035
ERR13927339.19315	1589	19.7401
ERR13927339.19316	1589	18.1447
ERR13927339.19317	1565	18.5489
ERR13927339.19318	1610	16.7180
ERR13927339.19319	1585	20.7760
ERR13927339.19320	1577	21.6379
ERR13927339.19321	1536	16.7526
ERR13927339.19322	1559	21.7069
ERR13927339.19323	1603	19.2764
ERR13927339.19324	1576	19.4404
ERR13927339.19325	1585	19.8315
ERR13927339.19326	1598	18.2697
ERR13927339.19327	1572	18.4854
ERR13927339.19328	1555	20.3588
ERR13927339.19329	1569	16.3881
ERR13927339.19330	1609	16.6240
ERR13927339.19331	722	16.9861
ERR13927339.19332	1559	17.5022
ERR13927339.19333	1561	18.5862
ERR13927339.19334	1577	20.9220
ERR13927339.19335	1109	17.7791
ERR13927339.19336	1574	20.2967
ERR13927339.19337	1580	21.1829
ERR13927339.19338	1564	16.0588
ERR13927339.19339	1562	15.0026
ERR13927339.19340	1612	19.5087
ERR13927339.19341	1592	18.6683
ERR13927339.19342	1484	18.6220
ERR13927339.19343	1575	19.9752
ERR13927339.19344	1564	19.9904
ERR13927339.19345	1585	17.3861
ERR13927339.19346	1564	20.5428
ERR13927339.19347	1513	18.3443
ERR13927339.19348	1573	22.1615
ERR13927339.19349	1552	16.6714
ERR13927339.19350	1583	16.9754
ERR13927339.19351	1578	17.3536
ERR13927339.19352	1512	18.0066
ERR13927339.19353	1572	18.9746
ERR13927339.19354	1600	16.8644
ERR13927339.19355	1579	20.9240
ERR13927339.19356	1571	18.2476
ERR13927339.19357	1579	18.8353
ERR13927339.19358	1577	20.4039
ERR13927339.19359	1566	19.1232
ERR13927339.19360	1587	19.9149
ERR13927339.19361	1618	16.9376
ERR13927339.19362	1562	19.8675
ERR13927339.19363	1574	18.6639
ERR13927339.19364	1617	18.7267
ERR13927339.19365	1560	17.7385
ERR13927339.19366	1550	17.0019
ERR13927339.19367	1590	17.5258
ERR13927339.19368	1567	17.7958
ERR13927339.19369	1545	16.9638
ERR13927339.19370	1587	15.9748
ERR13927339.19371	1569	17.3932
ERR13927339.19372	1622	17.1917
ERR13927339.19373	1574	20.6449
ERR13927339.19374	1582	20.5424
ERR13927339.19375	1616	19.6504
ERR13927339.19376	1610	17.6292
ERR13927339.19377	1575	18.7606
ERR13927339.19378	1570	19.3656
ERR13927339.19379	1604	20.5530
ERR13927339.19380	1568	20.1703
ERR13927339.19381	1622	17.6776
ERR13927339.19382	1577	19.1668
ERR13927339.19383	238	15.9118
ERR13927339.19384	1556	19.6452
ERR13927339.19385	1589	18.8408
ERR13927339.19386	1613	17.0186
ERR13927339.19387	1523	17.9757
ERR13927339.19388	1518	16.7582
ERR13927339.19389	1569	19.5723
ERR13927339.19390	1559	17.7806
ERR13927339.19391	1574	19.6537
ERR13927339.19392	1553	16.7083
ERR13927339.19393	1594	18.8720
ERR13927339.19394	1525	15.0577
ERR13927339.19395	1598	20.3761
ERR13927339.19396	1576	19.3534
ERR13927339.19397	1562	18.9840
ERR13927339.19398	1580	20.4222
ERR13927339.19399	1545	19.9916
ERR13927339.19400	1501	18.4137
ERR13927339.19401	1615	17.8409
ERR13927339.19402	1631	18.3691
ERR13927339.19403	1552	16.7378
ERR13927339.19404	1628	19.1468
ERR13927339.19405	1614	18.4926
ERR13927339.19406	1575	14.4711
ERR13927339.19407	1582	18.4943
ERR13927339.19408	1566	21.4572
ERR13927339.19409	1568	20.5886
ERR13927339.19410	1638	20.1160
ERR13927339.19411	1590	17.4629
ERR13927339.19412	1584	19.5309
ERR13927339.19413	1610	20.1565
ERR13927339.19414	1556	17.8663
ERR13927339.19415	1595	18.5448
ERR13927339.19416	1602	16.0699
ERR13927339.19417	1578	18.4170
ERR13927339.19418	1577	18.4883
ERR13927339.19419	1590	17.5855
ERR13927339.19420	1510	18.1192
ERR13927339.19421	1590	19.5610
ERR13927339.19422	1549	17.0478
ERR13927339.19423	1592	21.1369
ERR13927339.19424	1560	19.0199
ERR13927339.19425	1538	16.6515
ERR13927339.19426	1574	19.8952
ERR13927339.19427	1585	20.8454
ERR13927339.19428	1541	16.5529
ERR13927339.19429	1580	18.1228
ERR13927339.19430	1606	21.0872
ERR13927339.19431	679	20.8527
ERR13927339.19432	1513	19.7052
ERR13927339.19433	1614	19.6599
ERR13927339.19434	1614	16.8668
ERR13927339.19435	1620	19.7340
ERR13927339.19436	1615	20.2700
ERR13927339.19437	1597	20.0344
ERR13927339.19438	1591	20.3595
ERR13927339.19439	1559	18.8525
ERR13927339.19440	1259	16.6497
ERR13927339.19441	1595	17.8056
ERR13927339.19442	1589	16.9906
ERR13927339.19443	1550	14.2006
ERR13927339.19444	1566	18.5920
ERR13927339.19445	1559	16.8082
ERR13927339.19446	1582	21.0759
ERR13927339.19447	1565	16.7342
ERR13927339.19448	1595	18.3379
ERR13927339.19449	1581	17.2448
ERR13927339.19450	1534	17.7014
ERR13927339.19451	1594	20.6637
ERR13927339.19452	1544	17.9605
ERR13927339.19453	1558	18.0597
ERR13927339.19454	1566	19.6296
ERR13927339.19455	1537	16.4392
ERR13927339.19456	1571	18.9892
ERR13927339.19457	1607	20.2060
ERR13927339.19458	1568	17.3578
ERR13927339.19459	1573	16.1303
ERR13927339.19460	713	17.6227
ERR13927339.19461	1586	22.1412
ERR13927339.19462	315	15.6730
ERR13927339.19463	1586	23.5561
ERR13927339.19464	1545	18.8460
ERR13927339.19465	1603	19.3094
ERR13927339.19466	1623	16.8866
ERR13927339.19467	1553	15.3207
ERR13927339.19468	1582	19.3369
ERR13927339.19469	1593	17.6918
ERR13927339.19470	1585	18.5804
ERR13927339.19471	1580	20.5437
ERR13927339.19472	1585	19.5420
ERR13927339.19473	1572	17.9046
ERR13927339.19474	1565	20.2939
ERR13927339.19475	1582	21.8710
ERR13927339.19476	1559	18.5074
ERR13927339.19477	1544	18.5162
ERR13927339.19478	1570	19.9045
ERR13927339.19479	1595	18.1837
ERR13927339.19480	1574	18.8558
ERR13927339.19481	1573	18.8315
ERR13927339.19482	1597	19.0470
ERR13927339.19483	1576	22.1091
ERR13927339.19484	1579	19.7847
ERR13927339.19485	1617	19.4694
ERR13927339.19486	1181	16.5927
ERR13927339.19487	1545	15.9372
ERR13927339.19488	1567	19.5775
ERR13927339.19489	1630	19.6920
ERR13927339.19490	1565	22.5827
ERR13927339.19491	1585	19.0492
ERR13927339.19492	1568	19.5816
ERR13927339.19493	1557	15.9191
ERR13927339.19494	1631	19.5616
ERR13927339.19495	1580	20.2538
ERR13927339.19496	1576	19.6675
ERR13927339.19497	1547	16.6296
ERR13927339.19498	1550	16.5194
ERR13927339.19499	1582	19.3015
ERR13927339.19500	1612	18.5124
ERR13927339.19501	1592	18.2513
ERR13927339.19502	1543	14.0091
ERR13927339.19503	1573	19.1011
ERR13927339.19504	1569	19.8094
ERR13927339.19505	1576	15.0362
ERR13927339.19506	1554	19.6853
ERR13927339.19507	1573	19.4908
ERR13927339.19508	1581	16.7717
ERR13927339.19509	1546	18.9017
ERR13927339.19510	1591	19.9447
ERR13927339.19511	1576	18.7589
ERR13927339.19512	1611	20.4041
ERR13927339.19513	1539	18.0026
ERR13927339.19514	1601	18.8389
ERR13927339.19515	1224	15.9346
ERR13927339.19516	1594	20.9210
ERR13927339.19517	1583	15.2874
ERR13927339.19518	1559	19.2758
ERR13927339.19519	1548	17.1344
ERR13927339.19520	1580	19.9994
ERR13927339.19521	1528	18.0412
ERR13927339.19522	1601	17.7283
ERR13927339.19523	1595	17.2727
ERR13927339.19524	1613	19.2412
ERR13927339.19525	1519	20.2475
ERR13927339.19526	1556	18.9807
ERR13927339.19527	1565	14.5534
ERR13927339.19528	1558	15.4763
ERR13927339.19529	1620	21.0519
ERR13927339.19530	1562	17.5282
ERR13927339.19531	1588	23.1581
ERR13927339.19532	1549	19.1769
ERR13927339.19533	1623	19.6925
ERR13927339.19534	1586	18.7951
ERR13927339.19535	1641	17.8208
ERR13927339.19536	1599	18.6229
ERR13927339.19537	1551	19.6970
ERR13927339.19538	1607	14.9795
ERR13927339.19539	1584	18.6187
ERR13927339.19540	1550	17.4310
ERR13927339.19541	1562	17.8777
ERR13927339.19542	1590	16.6912
ERR13927339.19543	1545	17.2207
ERR13927339.19544	1549	18.0136
ERR13927339.19545	272	15.3015
ERR13927339.19546	1601	20.1537
ERR13927339.19547	1580	18.3405
ERR13927339.19548	1581	20.1101
ERR13927339.19549	1555	16.9743
ERR13927339.19550	1577	19.8744
ERR13927339.19551	1583	18.3487
ERR13927339.19552	1573	17.2174
ERR13927339.19553	1577	18.7483
ERR13927339.19554	1484	19.2177
ERR13927339.19555	1582	19.0670
ERR13927339.19556	1591	16.8630
ERR13927339.19557	1554	19.8964
ERR13927339.19558	1584	20.7184
ERR13927339.19559	1568	18.7481
ERR13927339.19560	1548	17.6331
ERR13927339.19561	1558	19.7548
ERR13927339.19562	1609	18.5053
ERR13927339.19563	1595	18.6602
ERR13927339.19564	1578	19.0837
ERR13927339.19565	1568	19.4426
ERR13927339.19566	1526	16.4889
ERR13927339.19567	1566	16.5824
ERR13927339.19568	1513	18.4091
ERR13927339.19569	1570	15.5752
ERR13927339.19570	1543	17.4776
ERR13927339.19571	1599	17.7017
ERR13927339.19572	1594	19.4253
ERR13927339.19573	1586	19.7100
ERR13927339.19574	1580	18.5956
ERR13927339.19575	1577	18.1122
ERR13927339.19576	1551	19.0458
ERR13927339.19577	1411	18.1602
ERR13927339.19578	1626	18.9680
ERR13927339.19579	1586	19.1456
ERR13927339.19580	1706	18.0815
ERR13927339.19581	1472	17.8539
ERR13927339.19582	1579	20.3661
ERR13927339.19583	1550	15.3342
ERR13927339.19584	1579	17.2464
ERR13927339.19585	1598	16.4268
ERR13927339.19586	1567	20.6184
ERR13927339.19587	1596	17.7080
ERR13927339.19588	1563	16.5240
ERR13927339.19589	1562	16.6684
ERR13927339.19590	1580	14.6304
ERR13927339.19591	1569	19.0382
ERR13927339.19592	1586	20.0416
ERR13927339.19593	1561	16.6265
ERR13927339.19594	1620	18.8759
ERR13927339.19595	1576	21.0571
ERR13927339.19596	1581	17.3118
ERR13927339.19597	1595	19.9009
ERR13927339.19598	1587	20.9357
ERR13927339.19599	1617	20.7248
ERR13927339.19600	1576	15.8940
ERR13927339.19601	1593	17.2411
ERR13927339.19602	1597	17.5329
ERR13927339.19603	1573	15.9218
ERR13927339.19604	1601	16.5259
ERR13927339.19605	1591	18.3256
ERR13927339.19606	1586	19.8134
ERR13927339.19607	1558	19.4859
ERR13927339.19608	1584	17.7923
ERR13927339.19609	1602	18.5699
ERR13927339.19610	1617	20.5900
ERR13927339.19611	1583	21.2009
ERR13927339.19612	1575	19.3067
ERR13927339.19613	1573	20.5804
ERR13927339.19614	1585	16.4486
ERR13927339.19615	1570	17.3656
ERR13927339.19616	994	19.8481
ERR13927339.19617	1536	16.7754
ERR13927339.19618	1543	16.8159
ERR13927339.19619	1561	18.3248
ERR13927339.19620	1574	15.6525
ERR13927339.19621	1567	17.6503
ERR13927339.19622	1585	16.4662
ERR13927339.19623	1568	17.5287
ERR13927339.19624	1555	16.8637
ERR13927339.19625	1615	15.7709
ERR13927339.19626	1603	16.5876
ERR13927339.19627	1590	19.4264
ERR13927339.19628	1581	15.1379
ERR13927339.19629	1578	17.5089
ERR13927339.19630	1595	17.6251
ERR13927339.19631	1599	18.2108
ERR13927339.19632	1575	17.4571
ERR13927339.19633	1592	18.3373
ERR13927339.19634	1594	15.5684
ERR13927339.19635	1576	15.5850
ERR13927339.19636	1549	19.3764
ERR13927339.19637	1574	20.0260
ERR13927339.19638	1747	20.0200
ERR13927339.19639	1573	18.5404
ERR13927339.19640	1567	19.5169
ERR13927339.19641	1569	18.8866
ERR13927339.19642	1577	20.6829
ERR13927339.19643	1561	14.9686
ERR13927339.19644	1578	18.9670
ERR13927339.19645	1599	19.4797
ERR13927339.19646	1607	17.9253
ERR13927339.19647	1568	18.3814
ERR13927339.19648	1602	17.0768
ERR13927339.19649	1568	19.5281
ERR13927339.19650	1655	17.6242
ERR13927339.19651	1557	19.2030
ERR13927339.19652	1581	18.9431
ERR13927339.19653	1567	16.6650
ERR13927339.19654	1615	22.2353
ERR13927339.19655	1580	16.6380
ERR13927339.19656	1608	18.5454
ERR13927339.19657	1584	19.2879
ERR13927339.19658	1561	18.4875
ERR13927339.19659	1582	18.8470
ERR13927339.19660	1611	19.4091
ERR13927339.19661	1559	19.9763
ERR13927339.19662	1580	20.2823
ERR13927339.19663	1572	18.5394
ERR13927339.19664	1554	17.7664
ERR13927339.19665	1578	20.8726
ERR13927339.19666	1570	20.9115
ERR13927339.19667	1578	15.2364
ERR13927339.19668	1577	18.4781
ERR13927339.19669	1569	20.5252
ERR13927339.19670	1583	19.4510
ERR13927339.19671	1608	20.5149
ERR13927339.19672	1585	18.3066
ERR13927339.19673	1579	19.9538
ERR13927339.19674	1569	20.2613
ERR13927339.19675	1591	17.4060
ERR13927339.19676	1537	21.8497
ERR13927339.19677	1590	16.3585
ERR13927339.19678	1563	18.6161
ERR13927339.19679	1543	14.5554
ERR13927339.19680	1565	17.8217
ERR13927339.19681	1502	17.2350
ERR13927339.19682	1559	19.8711
ERR13927339.19683	1610	19.3994
ERR13927339.19684	1609	19.7253
ERR13927339.19685	1594	16.9586
ERR13927339.19686	1518	16.9177
ERR13927339.19687	1586	19.0032
ERR13927339.19688	1543	17.3338
ERR13927339.19689	1541	16.6087
ERR13927339.19690	1556	20.3162
ERR13927339.19691	1574	20.8297
ERR13927339.19692	1566	14.2318
ERR13927339.19693	1571	19.9707
ERR13927339.19694	1555	15.6990
ERR13927339.19695	1570	17.2924
ERR13927339.19696	1590	19.8352
ERR13927339.19697	1589	16.3235
ERR13927339.19698	1530	19.4810
ERR13927339.19699	1552	18.1463
ERR13927339.19700	1566	16.1392
ERR13927339.19701	1575	21.3092
ERR13927339.19702	1549	17.9910
ERR13927339.19703	1566	16.8097
ERR13927339.19704	1627	18.3374
ERR13927339.19705	1562	18.0999
ERR13927339.19706	1622	19.4451
ERR13927339.19707	1587	18.6755
ERR13927339.19708	1614	19.4089
ERR13927339.19709	1571	19.9701
ERR13927339.19710	1541	14.6905
ERR13927339.19711	1587	19.6358
ERR13927339.19712	1578	19.9772
ERR13927339.19713	1584	15.9558
ERR13927339.19714	1557	14.8433
ERR13927339.19715	1560	19.4718
ERR13927339.19716	1577	19.7977
ERR13927339.19717	1616	17.7803
ERR13927339.19718	1577	18.5948
ERR13927339.19719	1633	18.7557
ERR13927339.19720	1574	18.2846
ERR13927339.19721	1598	18.9437
ERR13927339.19722	1536	17.0469
ERR13927339.19723	1630	18.8552
ERR13927339.19724	1583	20.0114
ERR13927339.19725	1553	16.2595
ERR13927339.19726	1599	21.1057
ERR13927339.19727	1572	15.1826
ERR13927339.19728	1570	18.9172
ERR13927339.19729	1459	17.6696
ERR13927339.19730	1588	19.4402
ERR13927339.19731	1548	16.4974
ERR13927339.19732	1595	16.3335
ERR13927339.19733	1558	20.2965
ERR13927339.19734	1587	16.0618
ERR13927339.19735	1554	20.1223
ERR13927339.19736	1579	16.3578
ERR13927339.19737	1557	19.6352
ERR13927339.19738	1564	19.4565
ERR13927339.19739	1620	18.9451
ERR13927339.19740	1599	19.9106
ERR13927339.19741	1587	15.8374
ERR13927339.19742	1584	19.2525
ERR13927339.19743	1585	17.8120
ERR13927339.19744	1588	19.2487
ERR13927339.19745	1574	21.6112
ERR13927339.19746	1605	15.8816
ERR13927339.19747	641	17.8502
ERR13927339.19748	1588	20.4238
ERR13927339.19749	1583	15.4820
ERR13927339.19750	1568	20.3744
ERR13927339.19751	1560	17.8365
ERR13927339.19752	1552	19.0677
ERR13927339.19753	1554	16.7452
ERR13927339.19754	1587	19.6307
ERR13927339.19755	1559	20.2444
ERR13927339.19756	1553	19.5344
ERR13927339.19757	1568	18.1626
ERR13927339.19758	1616	16.3014
ERR13927339.19759	1552	19.4401
ERR13927339.19760	1551	15.7872
ERR13927339.19761	1552	17.0528
ERR13927339.19762	1575	18.1479
ERR13927339.19763	1585	21.2978
ERR13927339.19764	1599	19.5922
ERR13927339.19765	1581	20.5073
ERR13927339.19766	1583	16.6292
ERR13927339.19767	1613	18.9051
ERR13927339.19768	1562	18.5730
ERR13927339.19769	1632	17.8854
ERR13927339.19770	1565	18.5450
ERR13927339.19771	1582	17.6372
ERR13927339.19772	1564	17.7877
ERR13927339.19773	1575	17.3410
ERR13927339.19774	1562	21.1421
ERR13927339.19775	1558	19.6637
ERR13927339.19776	1601	17.3517
ERR13927339.19777	1611	19.0329
ERR13927339.19778	1620	20.7235
ERR13927339.19779	1577	16.2575
ERR13927339.19780	1600	21.0306
ERR13927339.19781	1576	18.6123
ERR13927339.19782	1579	17.0405
ERR13927339.19783	1487	14.3907
ERR13927339.19784	1575	19.3816
ERR13927339.19785	1600	19.9625
ERR13927339.19786	1608	17.8308
ERR13927339.19787	1561	21.1057
ERR13927339.19788	1578	18.9474
ERR13927339.19789	1576	19.3103
ERR13927339.19790	1614	20.0520
ERR13927339.19791	1615	17.4087
ERR13927339.19792	1573	15.0114
ERR13927339.19793	1076	18.7574
ERR13927339.19794	1579	17.5111
ERR13927339.19795	1596	17.5188
ERR13927339.19796	1579	19.4047
ERR13927339.19797	1583	19.9204
ERR13927339.19798	1586	17.8197
ERR13927339.19799	1553	18.4572
ERR13927339.19800	1565	16.8907
ERR13927339.19801	1661	18.8465
ERR13927339.19802	1554	15.3398
ERR13927339.19803	1567	16.4257
ERR13927339.19804	1602	19.3727
ERR13927339.19805	1569	18.2569
ERR13927339.19806	1594	18.1223
ERR13927339.19807	1637	18.5040
ERR13927339.19808	1583	14.8812
ERR13927339.19809	1543	14.8075
ERR13927339.19810	1548	19.3663
ERR13927339.19811	1582	16.3628
ERR13927339.19812	1577	20.9581
ERR13927339.19813	1553	16.0580
ERR13927339.19814	1564	16.9015
ERR13927339.19815	1561	20.9129
ERR13927339.19816	1542	17.4624
ERR13927339.19817	1576	16.2798
ERR13927339.19818	1580	20.6854
ERR13927339.19819	1577	17.0063
ERR13927339.19820	1588	19.6940
ERR13927339.19821	1552	21.0161
ERR13927339.19822	1612	19.7494
ERR13927339.19823	1572	22.6768
ERR13927339.19824	1578	19.4683
ERR13927339.19825	1597	19.2311
ERR13927339.19826	1596	20.6272
ERR13927339.19827	1572	16.9294
ERR13927339.19828	1583	14.6797
ERR13927339.19829	1575	16.5854
ERR13927339.19830	1574	18.0839
ERR13927339.19831	1635	17.4385
ERR13927339.19832	1574	18.4358
ERR13927339.19833	1572	19.1393
ERR13927339.19834	1575	20.0438
ERR13927339.19835	1600	17.4737
ERR13927339.19836	1582	18.5721
ERR13927339.19837	1583	15.9280
ERR13927339.19838	1547	21.3439
ERR13927339.19839	1592	18.0201
ERR13927339.19840	1557	18.0848
ERR13927339.19841	1553	19.3381
ERR13927339.19842	1593	16.4834
ERR13927339.19843	1574	15.9428
ERR13927339.19844	1600	18.7619
ERR13927339.19845	1571	16.8453
ERR13927339.19846	1572	17.0394
ERR13927339.19847	1555	18.1138
ERR13927339.19848	1567	20.1187
ERR13927339.19849	224	15.1562
ERR13927339.19850	1560	16.5282
ERR13927339.19851	1594	16.3294
ERR13927339.19852	1566	15.5338
ERR13927339.19853	1580	18.1981
ERR13927339.19854	1645	18.0036
ERR13927339.19855	1565	19.5751
ERR13927339.19856	1619	21.0951
ERR13927339.19857	1569	17.1491
ERR13927339.19858	1608	19.3097
ERR13927339.19859	1574	19.0807
ERR13927339.19860	1595	19.6539
ERR13927339.19861	1552	21.6057
ERR13927339.19862	1570	20.9420
ERR13927339.19863	1609	19.3480
ERR13927339.19864	1571	17.5532
ERR13927339.19865	1557	19.2447
ERR13927339.19866	1596	18.1222
ERR13927339.19867	1581	19.6287
ERR13927339.19868	1583	15.1257
ERR13927339.19869	813	15.9533
ERR13927339.19870	1612	17.4560
ERR13927339.19871	1583	15.8446
ERR13927339.19872	1613	20.0694
ERR13927339.19873	1576	18.5635
ERR13927339.19874	1552	17.3331
ERR13927339.19875	1554	15.9781
ERR13927339.19876	1513	14.8804
ERR13927339.19877	1625	20.1138
ERR13927339.19878	1566	19.4036
ERR13927339.19879	1596	22.7450
ERR13927339.19880	1572	21.7653
ERR13927339.19881	1550	14.6503
ERR13927339.19882	1607	13.9608
ERR13927339.19883	1634	20.1395
ERR13927339.19884	1577	19.1313
ERR13927339.19885	1464	17.5751
ERR13927339.19886	1575	19.1079
ERR13927339.19887	1582	19.3110
ERR13927339.19888	1562	15.9981
ERR13927339.19889	1568	20.5740
ERR13927339.19890	1571	19.7562
ERR13927339.19891	1512	14.8069
ERR13927339.19892	1585	18.2416
ERR13927339.19893	1566	16.9444
ERR13927339.19894	1557	18.8292
ERR13927339.19895	1506	18.5850
ERR13927339.19896	1578	18.2471
ERR13927339.19897	1599	21.0019
ERR13927339.19898	1553	17.0090
ERR13927339.19899	1528	17.3508
ERR13927339.19900	1534	15.4068
ERR13927339.19901	1538	14.6034
ERR13927339.19902	1571	18.6232
ERR13927339.19903	1566	17.5236
ERR13927339.19904	1544	20.2856
ERR13927339.19905	1546	15.6986
ERR13927339.19906	1558	18.3947
ERR13927339.19907	1605	16.6766
ERR13927339.19908	1548	15.7487
ERR13927339.19909	1562	19.3131
ERR13927339.19910	1606	19.5760
ERR13927339.19911	1583	15.3064
ERR13927339.19912	1585	19.6795
ERR13927339.19913	1580	19.1791
ERR13927339.19914	1607	20.3740
ERR13927339.19915	1675	16.5319
ERR13927339.19916	1573	18.4189
ERR13927339.19917	1612	16.7574
ERR13927339.19918	1579	18.2014
ERR13927339.19919	1575	18.1575
ERR13927339.19920	1586	18.7598
ERR13927339.19921	1514	19.1750
ERR13927339.19922	1581	18.6970
ERR13927339.19923	1562	16.4571
ERR13927339.19924	1623	20.4640
ERR13927339.19925	1572	19.9383
ERR13927339.19926	1567	16.9694
ERR13927339.19927	548	18.1168
ERR13927339.19928	1562	17.7087
ERR13927339.19929	1590	19.4428
ERR13927339.19930	1590	18.8711
ERR13927339.19931	1605	16.9564
ERR13927339.19932	1580	15.6424
ERR13927339.19933	1576	15.2995
ERR13927339.19934	1559	17.3541
ERR13927339.19935	1577	17.7869
ERR13927339.19936	1569	19.6061
ERR13927339.19937	1570	17.6879
ERR13927339.19938	1555	15.4977
ERR13927339.19939	1572	18.8015
ERR13927339.19940	1560	17.6372
ERR13927339.19941	1565	19.8166
ERR13927339.19942	1586	19.0757
ERR13927339.19943	1582	20.0544
ERR13927339.19944	1630	19.3939
ERR13927339.19945	1551	17.2347
ERR13927339.19946	1567	18.6573
ERR13927339.19947	1589	20.1322
ERR13927339.19948	1582	17.4975
ERR13927339.19949	1621	19.9981
ERR13927339.19950	1571	16.5710
ERR13927339.19951	1573	18.2568
ERR13927339.19952	1546	16.3719
ERR13927339.19953	1661	16.7116
ERR13927339.19954	1586	19.6330
ERR13927339.19955	1581	17.9842
ERR13927339.19956	1627	17.3196
ERR13927339.19957	1555	15.2367
ERR13927339.19958	1545	16.8304
ERR13927339.19959	1547	18.8869
ERR13927339.19960	1547	18.3613
ERR13927339.19961	1582	19.1024
ERR13927339.19962	1560	20.4705
ERR13927339.19963	1574	17.4047
ERR13927339.19964	1635	16.0343
ERR13927339.19965	1581	17.2707
ERR13927339.19966	1557	15.6442
ERR13927339.19967	1555	19.8212
ERR13927339.19968	1561	20.0058
ERR13927339.19969	1567	16.9681
ERR13927339.19970	1579	17.1925
ERR13927339.19971	1578	16.8498
ERR13927339.19972	1543	15.8302
ERR13927339.19973	1567	21.8188
ERR13927339.19974	1582	19.8211
ERR13927339.19975	201	12.4378
ERR13927339.19976	1578	16.9518
ERR13927339.19977	1559	17.1802
ERR13927339.19978	1565	18.4760
ERR13927339.19979	1581	15.7008
ERR13927339.19980	1555	18.5145
ERR13927339.19981	1596	18.9154
ERR13927339.19982	565	18.8442
ERR13927339.19983	1557	16.9717
ERR13927339.19984	1568	19.1020
ERR13927339.19985	1575	19.2775
ERR13927339.19986	1593	18.0232
ERR13927339.19987	1595	15.3103
ERR13927339.19988	1545	17.0971
ERR13927339.19989	1596	16.2832
ERR13927339.19990	1299	17.3664
ERR13927339.19991	1577	19.8681
ERR13927339.19992	1614	20.8327
ERR13927339.19993	1594	19.5232
ERR13927339.19994	1564	19.9763
ERR13927339.19995	1567	19.5814
ERR13927339.19996	1595	18.9003
ERR13927339.19997	1536	15.4941
ERR13927339.19998	1542	16.4818
ERR13927339.19999	1503	14.8995
ERR13927339.20000	1568	18.6288
ERR13927339.20001	1473	15.0930
ERR13927339.20002	1578	15.8777
ERR13927339.20003	1555	16.7138
ERR13927339.20004	1577	19.5656
ERR13927339.20005	1549	16.0362
ERR13927339.20006	1595	19.0571
ERR13927339.20007	1570	17.8561
ERR13927339.20008	1560	18.8186
ERR13927339.20009	1596	17.4505
ERR13927339.20010	1541	16.1992
ERR13927339.20011	1578	18.8207
ERR13927339.20012	1573	17.3516
ERR13927339.20013	1556	20.0958
ERR13927339.20014	1593	15.1212
ERR13927339.20015	1576	19.9879
ERR13927339.20016	1611	20.0168
ERR13927339.20017	1559	20.6440
ERR13927339.20018	1583	20.0442
ERR13927339.20019	1570	16.5389
ERR13927339.20020	1580	18.8418
ERR13927339.20021	1550	15.2981
ERR13927339.20022	1547	17.1538
ERR13927339.20023	1568	14.8954
ERR13927339.20024	1545	19.1482
ERR13927339.20025	1578	19.0120
ERR13927339.20026	1573	17.3471
ERR13927339.20027	1536	18.6582
ERR13927339.20028	1615	20.2285
ERR13927339.20029	1581	19.6970
ERR13927339.20030	1573	19.1291
ERR13927339.20031	1538	14.7302
ERR13927339.20032	1013	18.4679
ERR13927339.20033	1541	18.8274
ERR13927339.20034	1542	15.8846
ERR13927339.20035	1589	18.4210
ERR13927339.20036	1566	17.3953
ERR13927339.20037	1629	18.3616
ERR13927339.20038	1047	18.2130
ERR13927339.20039	1543	18.9274
ERR13927339.20040	1615	20.2483
ERR13927339.20041	1584	17.0372
ERR13927339.20042	1555	16.0444
ERR13927339.20043	1598	15.8511
ERR13927339.20044	1579	15.2191
ERR13927339.20045	1590	18.9453
ERR13927339.20046	1562	16.5570
ERR13927339.20047	1583	18.4776
ERR13927339.20048	1590	19.0170
ERR13927339.20049	1551	18.4545
ERR13927339.20050	1604	20.0393
ERR13927339.20051	1568	15.1416
ERR13927339.20052	1565	17.7419
ERR13927339.20053	1587	18.9017
ERR13927339.20054	1612	20.1383
ERR13927339.20055	1598	19.4599
ERR13927339.20056	1602	16.0456
ERR13927339.20057	1568	18.8737
ERR13927339.20058	1571	21.5264
ERR13927339.20059	1586	18.0032
ERR13927339.20060	1576	16.2532
ERR13927339.20061	1590	15.7277
ERR13927339.20062	1537	18.4463
ERR13927339.20063	1616	18.5891
ERR13927339.20064	1576	17.1174
ERR13927339.20065	1567	15.8896
ERR13927339.20066	1576	20.0171
ERR13927339.20067	1579	15.9620
ERR13927339.20068	1566	17.3780
ERR13927339.20069	1554	15.0817
ERR13927339.20070	1592	17.7268
ERR13927339.20071	1564	19.2353
ERR13927339.20072	1549	16.3964
ERR13927339.20073	1618	15.8004
ERR13927339.20074	1637	20.9065
ERR13927339.20075	1582	20.9134
ERR13927339.20076	1558	19.1861
ERR13927339.20077	1588	13.9559
ERR13927339.20078	1586	18.8966
ERR13927339.20079	1547	17.9005
ERR13927339.20080	1605	18.7707
ERR13927339.20081	1596	18.2318
ERR13927339.20082	1653	19.3267
ERR13927339.20083	1578	19.1134
ERR13927339.20084	999	15.7157
ERR13927339.20085	1575	19.0527
ERR13927339.20086	1545	17.8939
ERR13927339.20087	1602	18.4338
ERR13927339.20088	1568	14.8552
ERR13927339.20089	1572	20.0802
ERR13927339.20090	1586	20.4395
ERR13927339.20091	1556	17.7686
ERR13927339.20092	560	21.5411
ERR13927339.20093	1633	19.0857
ERR13927339.20094	1487	17.0874
ERR13927339.20095	1619	17.8098
ERR13927339.20096	1559	17.7678
ERR13927339.20097	1598	21.5801
ERR13927339.20098	1552	17.8905
ERR13927339.20099	1569	17.2766
ERR13927339.20100	1586	18.6791
ERR13927339.20101	1583	17.4984
ERR13927339.20102	1581	16.9956
ERR13927339.20103	1560	18.3782
ERR13927339.20104	1582	16.4747
ERR13927339.20105	1001	19.0749
ERR13927339.20106	1565	15.6575
ERR13927339.20107	1598	21.8160
ERR13927339.20108	223	14.5112
ERR13927339.20109	1553	15.5248
ERR13927339.20110	1588	15.3054
ERR13927339.20111	1591	19.8510
ERR13927339.20112	1578	16.4100
ERR13927339.20113	297	14.7407
ERR13927339.20114	213	16.4554
ERR13927339.20115	1592	17.5691
ERR13927339.20116	1586	17.9407
ERR13927339.20117	1565	19.9252
ERR13927339.20118	974	15.9487
ERR13927339.20119	1565	18.2556
ERR13927339.20120	1557	19.1837
ERR13927339.20121	1556	19.8766
ERR13927339.20122	1571	19.6435
ERR13927339.20123	1569	14.4181
ERR13927339.20124	1293	20.2707
ERR13927339.20125	1580	16.0956
ERR13927339.20126	1601	18.9413
ERR13927339.20127	1561	16.1698
ERR13927339.20128	1616	16.3274
ERR13927339.20129	1551	16.8678
ERR13927339.20130	1551	17.9310
ERR13927339.20131	1525	14.1587
ERR13927339.20132	1708	20.8443
ERR13927339.20133	1576	20.5774
ERR13927339.20134	1522	14.8942
ERR13927339.20135	1581	18.9001
ERR13927339.20136	1586	18.8405
ERR13927339.20137	1587	20.5564
ERR13927339.20138	1567	16.7524
ERR13927339.20139	1629	19.3603
ERR13927339.20140	1572	19.3550
ERR13927339.20141	1591	19.2206
ERR13927339.20142	1437	18.6256
ERR13927339.20143	1584	18.3485
ERR13927339.20144	1579	19.8727
ERR13927339.20145	1586	16.5050
ERR13927339.20146	1546	17.5304
ERR13927339.20147	1593	19.9774
ERR13927339.20148	1582	20.0000
ERR13927339.20149	1586	18.0221
ERR13927339.20150	1582	16.9020
ERR13927339.20151	1574	21.0470
ERR13927339.20152	1554	17.8938
ERR13927339.20153	1568	15.8999
ERR13927339.20154	1570	18.8484
ERR13927339.20155	1585	19.5596
ERR13927339.20156	1575	17.7035
ERR13927339.20157	1597	19.7589
ERR13927339.20158	1589	19.1913
ERR13927339.20159	262	12.7405
ERR13927339.20160	1578	18.5792
ERR13927339.20161	1603	20.6095
ERR13927339.20162	1577	15.7635
ERR13927339.20163	1560	18.4788
ERR13927339.20164	1546	15.2956
ERR13927339.20165	1605	14.7688
ERR13927339.20166	1563	19.6635
ERR13927339.20167	1544	17.2014
ERR13927339.20168	1569	15.7833
ERR13927339.20169	1609	20.5469
ERR13927339.20170	1577	21.8859
ERR13927339.20171	1536	17.9434
ERR13927339.20172	1555	19.3588
ERR13927339.20173	2874	15.6820
ERR13927339.20174	1571	15.8644
ERR13927339.20175	1599	18.7592
ERR13927339.20176	1581	18.8697
ERR13927339.20177	1049	16.3308
ERR13927339.20178	1602	17.3296
ERR13927339.20179	1558	17.2131
ERR13927339.20180	1632	19.6293
ERR13927339.20181	1578	22.0298
ERR13927339.20182	1510	18.9325
ERR13927339.20183	1556	18.6073
ERR13927339.20184	1596	16.4649
ERR13927339.20185	1597	16.6938
ERR13927339.20186	1609	18.6849
ERR13927339.20187	1557	15.3455
ERR13927339.20188	1552	20.3183
ERR13927339.20189	1591	21.4569
ERR13927339.20190	1577	16.7216
ERR13927339.20191	1568	16.7117
ERR13927339.20192	1576	20.1523
ERR13927339.20193	1593	18.2398
ERR13927339.20194	1668	18.4580
ERR13927339.20195	1572	21.1183
ERR13927339.20196	1595	19.4520
ERR13927339.20197	1575	18.2914
ERR13927339.20198	1582	20.4861
ERR13927339.20199	1616	19.9301
ERR13927339.20200	1573	17.3376
ERR13927339.20201	1597	18.8591
ERR13927339.20202	921	18.2986
ERR13927339.20203	1553	15.1674
ERR13927339.20204	1561	19.8700
ERR13927339.20205	1525	20.5823
ERR13927339.20206	1564	19.5332
ERR13927339.20207	1596	17.8534
ERR13927339.20208	1568	15.4298
ERR13927339.20209	1567	16.7588
ERR13927339.20210	1578	20.1527
ERR13927339.20211	1615	17.4074
ERR13927339.20212	1577	18.9233
ERR13927339.20213	1566	15.1967
ERR13927339.20214	1561	17.9731
ERR13927339.20215	1617	19.4515
ERR13927339.20216	1587	19.5469
ERR13927339.20217	1570	17.6019
ERR13927339.20218	1558	15.0019
ERR13927339.20219	1600	15.3275
ERR13927339.20220	1594	20.7089
ERR13927339.20221	1552	19.5580
ERR13927339.20222	1556	17.3310
ERR13927339.20223	1550	14.1200
ERR13927339.20224	1593	17.8029
ERR13927339.20225	1499	18.6444
ERR13927339.20226	1585	15.6271
ERR13927339.20227	1600	19.3525
ERR13927339.20228	1567	17.8545
ERR13927339.20229	1589	19.9194
ERR13927339.20230	1498	16.9339
ERR13927339.20231	1575	18.1321
ERR13927339.20232	1528	17.2853
ERR13927339.20233	202	13.0149
ERR13927339.20234	1559	19.4657
ERR13927339.20235	1579	20.1723
ERR13927339.20236	1546	16.9987
ERR13927339.20237	1631	18.1631
ERR13927339.20238	1585	16.2965
ERR13927339.20239	1558	17.0745
ERR13927339.20240	1573	18.9663
ERR13927339.20241	1547	18.4409
ERR13927339.20242	3149	14.6897
ERR13927339.20243	1569	18.8196
ERR13927339.20244	1573	18.5346
ERR13927339.20245	1595	23.6019
ERR13927339.20246	1564	15.3370
ERR13927339.20247	1559	18.9602
ERR13927339.20248	1565	21.7891
ERR13927339.20249	1584	18.0726
ERR13927339.20250	1560	20.0256
ERR13927339.20251	1528	16.3187
ERR13927339.20252	1549	15.1059
ERR13927339.20253	1611	20.0906
ERR13927339.20254	1590	15.9302
ERR13927339.20255	1578	19.5596
ERR13927339.20256	1577	19.0900
ERR13927339.20257	1566	16.0460
ERR13927339.20258	1596	18.7299
ERR13927339.20259	1586	16.7453
ERR13927339.20260	1581	15.8457
ERR13927339.20261	1589	17.7772
ERR13927339.20262	1768	16.3897
ERR13927339.20263	1543	14.2586
ERR13927339.20264	1541	15.9117
ERR13927339.20265	1592	20.9673
ERR13927339.20266	639	18.8811
ERR13927339.20267	1574	20.3507
ERR13927339.20268	1597	16.7295
ERR13927339.20269	1526	17.6671
ERR13927339.20270	1634	20.8305
ERR13927339.20271	1550	18.6045
ERR13927339.20272	1578	18.6882
ERR13927339.20273	1563	15.0646
ERR13927339.20274	1568	22.2136
ERR13927339.20275	1591	19.2338
ERR13927339.20276	1599	19.4053
ERR13927339.20277	1595	18.8389
ERR13927339.20278	1585	16.9098
ERR13927339.20279	1576	20.0838
ERR13927339.20280	1565	17.9272
ERR13927339.20281	1549	19.3312
ERR13927339.20282	1585	18.8871
ERR13927339.20283	1597	19.1202
ERR13927339.20284	1623	20.7486
ERR13927339.20285	1601	16.5659
ERR13927339.20286	1565	18.0920
ERR13927339.20287	1607	20.9272
ERR13927339.20288	1626	19.1101
ERR13927339.20289	1571	18.5048
ERR13927339.20290	1589	17.7256
ERR13927339.20291	1586	17.3279
ERR13927339.20292	1563	16.6136
ERR13927339.20293	1570	17.5516
ERR13927339.20294	1585	18.5022
ERR13927339.20295	1563	17.2726
ERR13927339.20296	1596	15.4774
ERR13927339.20297	1593	16.1092
ERR13927339.20298	1592	20.2362
ERR13927339.20299	1617	20.1348
ERR13927339.20300	1576	17.6777
ERR13927339.20301	1478	14.6394
ERR13927339.20302	1579	17.6498
ERR13927339.20303	1575	17.8984
ERR13927339.20304	1570	16.7828
ERR13927339.20305	1585	15.1640
ERR13927339.20306	1682	20.5428
ERR13927339.20307	1562	18.7458
ERR13927339.20308	1585	13.7268
ERR13927339.20309	1603	20.1678
ERR13927339.20310	1090	17.9761
ERR13927339.20311	1603	18.5590
ERR13927339.20312	1630	16.1074
ERR13927339.20313	1569	17.0102
ERR13927339.20314	1582	20.7661
ERR13927339.20315	1576	17.7754
ERR13927339.20316	1572	15.4358
ERR13927339.20317	1589	17.9301
ERR13927339.20318	1580	21.3804
ERR13927339.20319	1622	15.6837
ERR13927339.20320	1583	17.6083
ERR13927339.20321	1567	18.7173
ERR13927339.20322	1624	18.4002
ERR13927339.20323	1560	17.6038
ERR13927339.20324	1533	13.2909
ERR13927339.20325	1624	19.0924
ERR13927339.20326	1595	19.6564
ERR13927339.20327	1591	18.6034
ERR13927339.20328	1564	15.0070
ERR13927339.20329	1591	19.5651
ERR13927339.20330	1604	19.2382
ERR13927339.20331	1547	15.9800
ERR13927339.20332	1582	17.0297
ERR13927339.20333	1566	15.4981
ERR13927339.20334	1573	17.0572
ERR13927339.20335	1604	17.6160
ERR13927339.20336	1618	21.2342
ERR13927339.20337	1559	20.6472
ERR13927339.20338	1612	18.6979
ERR13927339.20339	1584	19.4596
ERR13927339.20340	1564	20.8242
ERR13927339.20341	1579	18.7277
ERR13927339.20342	1584	19.3630
ERR13927339.20343	1588	17.7815
ERR13927339.20344	1603	21.2489
ERR13927339.20345	1554	19.3288
ERR13927339.20346	1625	17.9969
ERR13927339.20347	1559	16.3932
ERR13927339.20348	1572	19.2494
ERR13927339.20349	1593	18.5129
ERR13927339.20350	1566	18.5255
ERR13927339.20351	1580	18.0620
ERR13927339.20352	1592	19.8191
ERR13927339.20353	1565	15.2121
ERR13927339.20354	1619	18.8450
ERR13927339.20355	1566	18.6284
ERR13927339.20356	1255	20.3036
ERR13927339.20357	1613	21.5251
ERR13927339.20358	1565	15.3188
ERR13927339.20359	219	13.8995
ERR13927339.20360	1563	18.7428
ERR13927339.20361	1594	19.3670
ERR13927339.20362	1571	19.0535
ERR13927339.20363	1558	15.1906
ERR13927339.20364	1588	17.8508
ERR13927339.20365	1608	18.8489
ERR13927339.20366	1523	13.0926
ERR13927339.20367	1553	20.7411
ERR13927339.20368	1541	15.0552
ERR13927339.20369	1581	21.4130
ERR13927339.20370	1568	20.8820
ERR13927339.20371	1588	20.6259
ERR13927339.20372	1549	19.2724
ERR13927339.20373	1573	16.3395
ERR13927339.20374	1571	19.3240
ERR13927339.20375	1608	18.3868
ERR13927339.20376	1615	18.9022
ERR13927339.20377	1561	18.2095
ERR13927339.20378	1612	16.1377
ERR13927339.20379	1578	17.8219
ERR13927339.20380	1556	19.5829
ERR13927339.20381	1581	20.8811
ERR13927339.20382	1592	18.4680
ERR13927339.20383	1575	19.8692
ERR13927339.20384	1562	19.3662
ERR13927339.20385	1586	20.8480
ERR13927339.20386	1566	19.8346
ERR13927339.20387	1619	16.8493
ERR13927339.20388	1024	17.5898
ERR13927339.20389	1553	19.4997
ERR13927339.20390	1571	18.2107
ERR13927339.20391	1579	20.6257
ERR13927339.20392	1587	17.2029
ERR13927339.20393	1586	17.1034
ERR13927339.20394	1521	16.8034
ERR13927339.20395	1557	19.7816
ERR13927339.20396	1382	18.3878
ERR13927339.20397	1546	14.9450
ERR13927339.20398	1573	16.9186
ERR13927339.20399	1575	18.8489
ERR13927339.20400	1588	15.8816
ERR13927339.20401	1576	17.5971
ERR13927339.20402	1576	18.2741
ERR13927339.20403	1588	17.3048
ERR13927339.20404	1536	15.9688
ERR13927339.20405	1559	16.7903
ERR13927339.20406	203	14.1576
ERR13927339.20407	1584	17.5821
ERR13927339.20408	1589	17.9226
ERR13927339.20409	1666	17.0816
ERR13927339.20410	1574	18.4149
ERR13927339.20411	1593	20.6616
ERR13927339.20412	1439	19.2210
ERR13927339.20413	856	16.0654
ERR13927339.20414	1589	15.5588
ERR13927339.20415	1582	20.0221
ERR13927339.20416	1507	14.5322
ERR13927339.20417	1519	17.5036
ERR13927339.20418	1571	21.5678
ERR13927339.20419	1536	16.4108
ERR13927339.20420	1661	19.0271
ERR13927339.20421	1604	15.8815
ERR13927339.20422	1570	18.1127
ERR13927339.20423	1569	18.9050
ERR13927339.20424	1579	16.7194
ERR13927339.20425	1584	19.8718
ERR13927339.20426	1572	17.7137
ERR13927339.20427	1547	19.6399
ERR13927339.20428	1580	19.3570
ERR13927339.20429	1611	17.0267
ERR13927339.20430	1573	18.1691
ERR13927339.20431	1555	17.3871
ERR13927339.20432	1559	15.8768
ERR13927339.20433	1594	17.8576
ERR13927339.20434	1601	15.2854
ERR13927339.20435	1618	17.7806
ERR13927339.20436	1557	18.0450
ERR13927339.20437	1584	17.7639
ERR13927339.20438	1562	16.3899
ERR13927339.20439	1593	17.4959
ERR13927339.20440	1569	16.8343
ERR13927339.20441	1574	17.5769
ERR13927339.20442	1534	19.1043
ERR13927339.20443	1559	17.8634
ERR13927339.20444	1580	23.1228
ERR13927339.20445	1573	19.7959
ERR13927339.20446	1580	18.4728
ERR13927339.20447	1556	17.8162
ERR13927339.20448	1683	17.5835
ERR13927339.20449	1576	17.1885
ERR13927339.20450	1560	16.1071
ERR13927339.20451	1551	17.0155
ERR13927339.20452	1590	14.9478
ERR13927339.20453	1593	15.4225
ERR13927339.20454	1561	19.6688
ERR13927339.20455	1566	20.1897
ERR13927339.20456	1558	17.3736
ERR13927339.20457	1565	19.2588
ERR13927339.20458	1555	15.7318
ERR13927339.20459	1590	19.5428
ERR13927339.20460	1621	20.5188
ERR13927339.20461	1480	17.2412
ERR13927339.20462	347	13.7608
ERR13927339.20463	1312	16.1014
ERR13927339.20464	1569	14.8693
ERR13927339.20465	1594	19.2095
ERR13927339.20466	1600	18.2387
ERR13927339.20467	1562	17.0314
ERR13927339.20468	1559	17.6523
ERR13927339.20469	1559	19.7441
ERR13927339.20470	1532	13.8819
ERR13927339.20471	1595	18.3323
ERR13927339.20472	1557	18.9287
ERR13927339.20473	1594	17.8049
ERR13927339.20474	1590	19.1616
ERR13927339.20475	1585	14.7420
ERR13927339.20476	1582	15.7642
ERR13927339.20477	1573	15.9905
ERR13927339.20478	1591	19.3162
ERR13927339.20479	1619	17.7894
ERR13927339.20480	1582	16.2105
ERR13927339.20481	1579	20.3990
ERR13927339.20482	1339	15.9783
ERR13927339.20483	1567	19.6720
ERR13927339.20484	694	15.0202
ERR13927339.20485	1610	15.7484
ERR13927339.20486	1578	19.2180
ERR13927339.20487	1569	21.2600
ERR13927339.20488	1827	17.5359
ERR13927339.20489	1601	18.1237
ERR13927339.20490	1550	17.9871
ERR13927339.20491	1594	17.1644
ERR13927339.20492	1589	17.8232
ERR13927339.20493	1543	19.4051
ERR13927339.20494	1592	19.6991
ERR13927339.20495	1494	18.5321
ERR13927339.20496	1662	19.7112
ERR13927339.20497	1566	18.4349
ERR13927339.20498	1588	16.1732
ERR13927339.20499	1563	16.1088
ERR13927339.20500	1590	20.8981
ERR13927339.20501	1631	19.9460
ERR13927339.20502	1618	18.4635
ERR13927339.20503	1563	18.1427
ERR13927339.20504	1589	18.8143
ERR13927339.20505	1568	19.2136
ERR13927339.20506	1590	18.9780
ERR13927339.20507	1613	17.8053
ERR13927339.20508	817	17.4737
ERR13927339.20509	1620	19.1309
ERR13927339.20510	1575	19.1162
ERR13927339.20511	1637	16.2572
ERR13927339.20512	1601	19.5696
ERR13927339.20513	1534	15.4355
ERR13927339.20514	1601	19.8357
ERR13927339.20515	1612	15.1538
ERR13927339.20516	1569	16.0720
ERR13927339.20517	1577	20.9042
ERR13927339.20518	1558	20.5128
ERR13927339.20519	1560	14.1577
ERR13927339.20520	1564	20.1784
ERR13927339.20521	1598	15.9524
ERR13927339.20522	1613	18.4606
ERR13927339.20523	1562	15.4353
ERR13927339.20524	1593	19.4175
ERR13927339.20525	1676	19.7936
ERR13927339.20526	1563	17.1958
ERR13927339.20527	1578	17.8359
ERR13927339.20528	1573	14.4984
ERR13927339.20529	1592	14.9661
ERR13927339.20530	1576	19.8001
ERR13927339.20531	1593	17.8544
ERR13927339.20532	1605	19.2935
ERR13927339.20533	1602	18.3015
ERR13927339.20534	1549	18.0865
ERR13927339.20535	1562	19.0230
ERR13927339.20536	1570	20.1178
ERR13927339.20537	1578	18.2586
ERR13927339.20538	1572	18.6730
ERR13927339.20539	1564	18.5396
ERR13927339.20540	1572	17.2672
ERR13927339.20541	1547	15.9134
ERR13927339.20542	1567	18.6554
ERR13927339.20543	1574	21.0604
ERR13927339.20544	1575	19.5657
ERR13927339.20545	1570	17.5904
ERR13927339.20546	1570	16.0153
ERR13927339.20547	1578	20.5266
ERR13927339.20548	1596	19.9850
ERR13927339.20549	1576	18.9391
ERR13927339.20550	1591	20.6744
ERR13927339.20551	1582	19.0411
ERR13927339.20552	1618	20.2775
ERR13927339.20553	1569	18.7259
ERR13927339.20554	1556	16.6131
ERR13927339.20555	1561	20.3357
ERR13927339.20556	699	14.3491
ERR13927339.20557	1592	16.8675
ERR13927339.20558	1602	19.9919
ERR13927339.20559	1179	15.9856
ERR13927339.20560	1584	18.3188
ERR13927339.20561	1568	19.6518
ERR13927339.20562	1560	18.8173
ERR13927339.20563	1588	20.6977
ERR13927339.20564	1571	14.9376
ERR13927339.20565	1672	19.6890
ERR13927339.20566	1579	19.2407
ERR13927339.20567	1594	18.8005
ERR13927339.20568	1630	20.7626
ERR13927339.20569	1555	14.3807
ERR13927339.20570	1563	16.9028
ERR13927339.20571	1561	18.0314
ERR13927339.20572	1558	21.1656
ERR13927339.20573	1574	17.6766
ERR13927339.20574	1580	17.7797
ERR13927339.20575	1594	17.4523
ERR13927339.20576	1534	16.6389
ERR13927339.20577	1576	17.0673
ERR13927339.20578	1580	19.4633
ERR13927339.20579	1602	16.9794
ERR13927339.20580	1540	19.1429
ERR13927339.20581	1536	16.9349
ERR13927339.20582	1614	22.6574
ERR13927339.20583	1579	20.3091
ERR13927339.20584	1576	17.3217
ERR13927339.20585	1614	17.5198
ERR13927339.20586	1566	18.3985
ERR13927339.20587	1589	20.6174
ERR13927339.20588	1552	20.3112
ERR13927339.20589	1538	16.3375
ERR13927339.20590	1623	16.6543
ERR13927339.20591	1592	19.7908
ERR13927339.20592	1579	19.0317
ERR13927339.20593	1604	19.6727
ERR13927339.20594	1605	17.5857
ERR13927339.20595	1559	17.4009
ERR13927339.20596	1562	19.7042
ERR13927339.20597	1569	19.8101
ERR13927339.20598	1590	17.2667
ERR13927339.20599	1563	19.5054
ERR13927339.20600	1575	18.6419
ERR13927339.20601	1562	19.2721
ERR13927339.20602	1577	21.4306
ERR13927339.20603	1152	19.6111
ERR13927339.20604	1738	18.4442
ERR13927339.20605	1594	18.1669
ERR13927339.20606	1555	15.6752
ERR13927339.20607	1606	19.6463
ERR13927339.20608	1565	17.2658
ERR13927339.20609	1549	21.2040
ERR13927339.20610	1575	20.6705
ERR13927339.20611	1574	14.7516
ERR13927339.20612	1552	16.8254
ERR13927339.20613	1612	18.8462
ERR13927339.20614	1526	15.3860
ERR13927339.20615	1535	16.7590
ERR13927339.20616	1583	14.8168
ERR13927339.20617	1571	15.8440
ERR13927339.20618	1573	19.2689
ERR13927339.20619	1575	17.2540
ERR13927339.20620	1559	17.7120
ERR13927339.20621	1598	20.0839
ERR13927339.20622	1585	18.1861
ERR13927339.20623	1577	18.1547
ERR13927339.20624	1553	16.6066
ERR13927339.20625	1534	15.4237
ERR13927339.20626	1673	18.3790
ERR13927339.20627	1551	19.3991
ERR13927339.20628	1610	17.2683
ERR13927339.20629	1551	17.4636
ERR13927339.20630	1572	19.4179
ERR13927339.20631	1039	16.3763
ERR13927339.20632	1605	20.1053
ERR13927339.20633	1558	19.2118
ERR13927339.20634	1573	15.7057
ERR13927339.20635	1585	17.0410
ERR13927339.20636	1542	16.5298
ERR13927339.20637	1559	20.3220
ERR13927339.20638	1571	18.5130
ERR13927339.20639	1569	20.8133
ERR13927339.20640	1527	19.9194
ERR13927339.20641	1566	21.2165
ERR13927339.20642	1595	18.3737
ERR13927339.20643	1562	19.5288
ERR13927339.20644	1608	18.7711
ERR13927339.20645	1583	17.9665
ERR13927339.20646	1575	17.5200
ERR13927339.20647	1540	19.2701
ERR13927339.20648	1607	20.2993
ERR13927339.20649	1562	18.0307
ERR13927339.20650	1572	15.9275
ERR13927339.20651	1556	19.5257
ERR13927339.20652	1586	20.1513
ERR13927339.20653	1527	15.3576
ERR13927339.20654	1563	19.5886
ERR13927339.20655	1587	16.3529
ERR13927339.20656	1565	18.5073
ERR13927339.20657	1578	17.9183
ERR13927339.20658	1614	19.2924
ERR13927339.20659	1530	18.0856
ERR13927339.20660	1673	18.2409
ERR13927339.20661	1547	18.9237
ERR13927339.20662	1518	18.0652
ERR13927339.20663	1359	17.1943
ERR13927339.20664	1575	18.5321
ERR13927339.20665	1571	17.6053
ERR13927339.20666	1582	21.4090
ERR13927339.20667	1567	20.1761
ERR13927339.20668	1626	21.7177
ERR13927339.20669	1603	14.5328
ERR13927339.20670	1557	17.3333
ERR13927339.20671	1573	21.7947
ERR13927339.20672	1520	15.6645
ERR13927339.20673	1555	16.3518
ERR13927339.20674	613	13.8010
ERR13927339.20675	1566	20.4457
ERR13927339.20676	649	17.2157
ERR13927339.20677	1558	15.9884
ERR13927339.20678	1577	15.0063
ERR13927339.20679	1544	17.9728
ERR13927339.20680	1623	18.1195
ERR13927339.20681	1573	17.2314
ERR13927339.20682	1167	15.6255
ERR13927339.20683	1585	17.5886
ERR13927339.20684	1595	17.7204
ERR13927339.20685	1546	16.6164
ERR13927339.20686	1576	21.5799
ERR13927339.20687	1547	18.6742
ERR13927339.20688	1605	20.8978
ERR13927339.20689	1551	17.9961
ERR13927339.20690	1547	18.2301
ERR13927339.20691	1575	19.8851
ERR13927339.20692	1591	18.6072
ERR13927339.20693	1573	19.1983
ERR13927339.20694	1565	16.9067
ERR13927339.20695	1590	20.1340
ERR13927339.20696	1582	17.9349
ERR13927339.20697	1559	15.0058
ERR13927339.20698	1567	18.2967
ERR13927339.20699	1615	19.6142
ERR13927339.20700	478	20.0146
ERR13927339.20701	1569	21.4729
ERR13927339.20702	1570	19.9522
ERR13927339.20703	1564	16.6394
ERR13927339.20704	477	20.5765
ERR13927339.20705	1508	15.4164
ERR13927339.20706	1580	18.9006
ERR13927339.20707	1595	18.1361
ERR13927339.20708	1583	16.6121
ERR13927339.20709	1546	14.8842
ERR13927339.20710	1590	20.0239
ERR13927339.20711	1570	19.6758
ERR13927339.20712	346	15.7168
ERR13927339.20713	1597	20.5091
ERR13927339.20714	461	19.0868
ERR13927339.20715	1522	18.0532
ERR13927339.20716	1572	19.6323
ERR13927339.20717	1536	16.9382
ERR13927339.20718	1556	15.9235
ERR13927339.20719	1575	16.0406
ERR13927339.20720	1545	20.0977
ERR13927339.20721	1546	18.4799
ERR13927339.20722	1515	14.0997
ERR13927339.20723	1575	17.3848
ERR13927339.20724	1586	15.4615
ERR13927339.20725	1584	18.5000
ERR13927339.20726	1526	20.3342
ERR13927339.20727	1609	16.9801
ERR13927339.20728	1598	19.3611
ERR13927339.20729	1585	21.2858
ERR13927339.20730	1582	14.4444
ERR13927339.20731	1548	18.0032
ERR13927339.20732	1610	19.1174
ERR13927339.20733	1558	19.5507
ERR13927339.20734	1612	19.4063
ERR13927339.20735	1557	19.9300
ERR13927339.20736	1551	20.6564
ERR13927339.20737	1568	19.3489
ERR13927339.20738	1551	18.7795
ERR13927339.20739	1615	21.1839
ERR13927339.20740	1611	20.1508
ERR13927339.20741	1570	15.8732
ERR13927339.20742	1536	17.6328
ERR13927339.20743	1610	20.7298
ERR13927339.20744	1588	20.6996
ERR13927339.20745	1585	19.6303
ERR13927339.20746	1618	21.3183
ERR13927339.20747	1564	16.0243
ERR13927339.20748	1596	19.0063
ERR13927339.20749	1565	18.7942
ERR13927339.20750	1540	16.8656
ERR13927339.20751	1559	20.1822
ERR13927339.20752	1549	18.7153
ERR13927339.20753	1557	18.6628
ERR13927339.20754	1584	16.5524
ERR13927339.20755	1574	15.7878
ERR13927339.20756	1557	19.4676
ERR13927339.20757	1589	18.1643
ERR13927339.20758	1522	15.5046
ERR13927339.20759	1560	18.5365
ERR13927339.20760	1523	17.2475
ERR13927339.20761	1550	18.7213
ERR13927339.20762	1574	18.1074
ERR13927339.20763	1580	20.1880
ERR13927339.20764	1571	19.5379
ERR13927339.20765	1611	18.6474
ERR13927339.20766	1557	17.2832
ERR13927339.20767	1581	15.3074
ERR13927339.20768	1570	16.5752
ERR13927339.20769	1379	19.8825
ERR13927339.20770	1578	19.2085
ERR13927339.20771	1582	16.4791
ERR13927339.20772	1583	20.4491
ERR13927339.20773	1548	19.5627
ERR13927339.20774	1560	20.7776
ERR13927339.20775	1558	14.0879
ERR13927339.20776	1547	17.1248
ERR13927339.20777	1613	18.5549
ERR13927339.20778	1574	16.4816
ERR13927339.20779	1554	15.4768
ERR13927339.20780	1586	19.5038
ERR13927339.20781	1567	19.6407
ERR13927339.20782	1548	18.4935
ERR13927339.20783	1590	19.0704
ERR13927339.20784	1595	15.0527
ERR13927339.20785	1616	20.0885
ERR13927339.20786	1563	18.1523
ERR13927339.20787	1559	17.1867
ERR13927339.20788	1586	20.3714
ERR13927339.20789	1571	18.4717
ERR13927339.20790	1580	16.5778
ERR13927339.20791	1559	16.9070
ERR13927339.20792	1613	20.0434
ERR13927339.20793	1592	17.9240
ERR13927339.20794	1620	19.9253
ERR13927339.20795	1548	16.6996
ERR13927339.20796	1598	18.3066
ERR13927339.20797	1574	17.8304
ERR13927339.20798	1599	19.4228
ERR13927339.20799	213	15.2207
ERR13927339.20800	1575	19.3467
ERR13927339.20801	1637	18.7416
ERR13927339.20802	1611	19.1899
ERR13927339.20803	1567	20.0683
ERR13927339.20804	1579	17.6916
ERR13927339.20805	1564	17.1100
ERR13927339.20806	1612	15.5248
ERR13927339.20807	1547	18.8759
ERR13927339.20808	1577	18.4984
ERR13927339.20809	1605	17.5794
ERR13927339.20810	1533	16.1579
ERR13927339.20811	1561	18.4984
ERR13927339.20812	1568	19.2640
ERR13927339.20813	1590	19.4195
ERR13927339.20814	1596	18.4944
ERR13927339.20815	1559	14.8249
ERR13927339.20816	1602	16.4881
ERR13927339.20817	1547	15.2120
ERR13927339.20818	1569	17.5844
ERR13927339.20819	1587	18.5810
ERR13927339.20820	1593	18.6108
ERR13927339.20821	1580	18.1886
ERR13927339.20822	1594	19.7051
ERR13927339.20823	1603	17.7180
ERR13927339.20824	1584	16.6692
ERR13927339.20825	1614	19.6338
ERR13927339.20826	1561	19.0890
ERR13927339.20827	1620	19.7333
ERR13927339.20828	1572	16.3327
ERR13927339.20829	1584	15.7090
ERR13927339.20830	1544	16.3672
ERR13927339.20831	1683	17.3547
ERR13927339.20832	1569	15.7011
ERR13927339.20833	1611	17.9894
ERR13927339.20834	1554	19.2703
ERR13927339.20835	1600	15.6281
ERR13927339.20836	1604	16.4520
ERR13927339.20837	1544	15.7319
ERR13927339.20838	1582	19.8274
ERR13927339.20839	1558	20.3684
ERR13927339.20840	1574	17.6372
ERR13927339.20841	1583	18.2584
ERR13927339.20842	1545	17.7644
ERR13927339.20843	1578	20.2649
ERR13927339.20844	1762	18.0602
ERR13927339.20845	1566	17.0715
ERR13927339.20846	1629	18.3450
ERR13927339.20847	1545	16.4841
ERR13927339.20848	1573	17.7381
ERR13927339.20849	1561	21.5855
ERR13927339.20850	1628	19.5393
ERR13927339.20851	1560	21.1442
ERR13927339.20852	1558	15.6746
ERR13927339.20853	1569	18.1033
ERR13927339.20854	1619	18.0994
ERR13927339.20855	1679	20.5849
ERR13927339.20856	1613	15.2461
ERR13927339.20857	1601	16.4210
ERR13927339.20858	1520	17.2961
ERR13927339.20859	1591	19.8158
ERR13927339.20860	1552	20.2481
ERR13927339.20861	1539	15.5244
ERR13927339.20862	1582	17.0493
ERR13927339.20863	1626	19.9963
ERR13927339.20864	1584	20.1862
ERR13927339.20865	1567	18.4646
ERR13927339.20866	1528	16.7500
ERR13927339.20867	1604	17.4838
ERR13927339.20868	1590	20.4912
ERR13927339.20869	1234	15.1994
ERR13927339.20870	1563	19.6654
ERR13927339.20871	1617	15.8404
ERR13927339.20872	1523	17.4412
ERR13927339.20873	1585	16.7842
ERR13927339.20874	1587	19.4045
ERR13927339.20875	1581	19.4231
ERR13927339.20876	1562	20.7490
ERR13927339.20877	1563	17.5944
ERR13927339.20878	1588	17.8602
ERR13927339.20879	1531	16.6225
ERR13927339.20880	1550	20.3819
ERR13927339.20881	1607	19.7355
ERR13927339.20882	1603	15.7598
ERR13927339.20883	1622	19.8711
ERR13927339.20884	1571	19.8396
ERR13927339.20885	1546	19.1682
ERR13927339.20886	343	14.0466
ERR13927339.20887	862	16.1729
ERR13927339.20888	1602	19.6517
ERR13927339.20889	1605	14.7620
ERR13927339.20890	649	15.3559
ERR13927339.20891	1600	18.3700
ERR13927339.20892	1591	19.3815
ERR13927339.20893	1565	19.5195
ERR13927339.20894	1585	15.0852
ERR13927339.20895	1580	20.9152
ERR13927339.20896	1586	20.3285
ERR13927339.20897	1564	18.8427
ERR13927339.20898	1578	15.5488
ERR13927339.20899	1625	19.0898
ERR13927339.20900	1596	20.2030
ERR13927339.20901	1568	16.8699
ERR13927339.20902	1583	16.3057
ERR13927339.20903	1574	14.6550
ERR13927339.20904	1577	19.9004
ERR13927339.20905	1582	20.0708
ERR13927339.20906	1625	17.0917
ERR13927339.20907	1578	18.1071
ERR13927339.20908	1603	19.5758
ERR13927339.20909	1477	20.3555
ERR13927339.20910	1577	22.7032
ERR13927339.20911	1581	19.8115
ERR13927339.20912	1580	17.5665
ERR13927339.20913	1557	17.2916
ERR13927339.20914	1548	19.4348
ERR13927339.20915	1573	20.3865
ERR13927339.20916	1575	16.7200
ERR13927339.20917	1580	18.3418
ERR13927339.20918	1602	18.8127
ERR13927339.20919	1569	20.1918
ERR13927339.20920	1573	17.6008
ERR13927339.20921	1567	18.0683
ERR13927339.20922	1548	17.3650
ERR13927339.20923	1628	20.4232
ERR13927339.20924	1568	19.5242
ERR13927339.20925	1572	17.0229
ERR13927339.20926	1594	16.2403
ERR13927339.20927	1611	18.2657
ERR13927339.20928	1584	17.2153
ERR13927339.20929	1574	15.9987
ERR13927339.20930	1574	16.6900
ERR13927339.20931	1584	17.5511
ERR13927339.20932	1552	18.2938
ERR13927339.20933	1605	20.1819
ERR13927339.20934	1551	17.5906
ERR13927339.20935	1630	15.6301
ERR13927339.20936	1566	19.9860
ERR13927339.20937	1553	16.5583
ERR13927339.20938	1555	20.0077
ERR13927339.20939	1575	16.3378
ERR13927339.20940	1580	20.1639
ERR13927339.20941	1582	22.1075
ERR13927339.20942	1572	20.5006
ERR13927339.20943	1613	21.0298
ERR13927339.20944	1577	15.7762
ERR13927339.20945	1544	17.2293
ERR13927339.20946	1553	20.6388
ERR13927339.20947	1540	18.4636
ERR13927339.20948	1570	15.9847
ERR13927339.20949	1562	16.9174
ERR13927339.20950	1600	19.1462
ERR13927339.20951	1549	16.0936
ERR13927339.20952	1593	17.1959
ERR13927339.20953	1589	19.2863
ERR13927339.20954	1553	15.0167
ERR13927339.20955	1521	14.4181
ERR13927339.20956	1579	16.6434
ERR13927339.20957	1570	20.4032
ERR13927339.20958	1562	18.1857
ERR13927339.20959	1588	19.3955
ERR13927339.20960	1668	17.0432
ERR13927339.20961	1607	22.5109
ERR13927339.20962	1521	17.7153
ERR13927339.20963	1033	17.7570
ERR13927339.20964	1620	16.2198
ERR13927339.20965	1619	17.6257
ERR13927339.20966	1569	20.2224
ERR13927339.20967	1172	17.6945
ERR13927339.20968	1580	14.9639
ERR13927339.20969	1601	19.9606
ERR13927339.20970	1576	19.1390
ERR13927339.20971	1575	17.1581
ERR13927339.20972	1558	19.2381
ERR13927339.20973	1576	18.9150
ERR13927339.20974	1599	19.1119
ERR13927339.20975	1565	19.9974
ERR13927339.20976	1568	20.2487
ERR13927339.20977	1540	18.7084
ERR13927339.20978	1632	16.1513
ERR13927339.20979	1581	19.3245
ERR13927339.20980	1599	19.9581
ERR13927339.20981	1570	20.9096
ERR13927339.20982	1575	19.3238
ERR13927339.20983	1586	15.5908
ERR13927339.20984	1588	17.5901
ERR13927339.20985	1569	15.7011
ERR13927339.20986	1578	16.5602
ERR13927339.20987	1587	19.9905
ERR13927339.20988	1603	20.1697
ERR13927339.20989	1543	14.2748
ERR13927339.20990	1556	20.8220
ERR13927339.20991	1075	18.8791
ERR13927339.20992	1571	16.0076
ERR13927339.20993	1542	18.8482
ERR13927339.20994	1573	18.8500
ERR13927339.20995	1581	20.7995
ERR13927339.20996	1570	18.4599
ERR13927339.20997	1508	15.5391
ERR13927339.20998	1615	18.4830
ERR13927339.20999	1547	16.2864
ERR13927339.21000	1563	19.5656
ERR13927339.21001	1557	19.1676
ERR13927339.21002	1574	18.9447
ERR13927339.21003	1570	17.7242
ERR13927339.21004	1578	20.4594
ERR13927339.21005	929	14.8407
ERR13927339.21006	1615	16.5610
ERR13927339.21007	1574	20.0019
ERR13927339.21008	247	19.5506
ERR13927339.21009	1584	15.7702
ERR13927339.21010	1568	20.9758
ERR13927339.21011	1622	14.4599
ERR13927339.21012	1609	17.7191
ERR13927339.21013	1594	17.4806
ERR13927339.21014	1550	17.5626
ERR13927339.21015	1581	19.4503
ERR13927339.21016	1566	19.3116
ERR13927339.21017	1568	19.7972
ERR13927339.21018	1612	16.6799
ERR13927339.21019	1566	18.7344
ERR13927339.21020	1553	18.0476
ERR13927339.21021	1580	19.6291
ERR13927339.21022	1609	19.6495
ERR13927339.21023	1578	17.0634
ERR13927339.21024	1573	16.4240
ERR13927339.21025	1589	19.6860
ERR13927339.21026	1656	18.4644
ERR13927339.21027	1586	19.2799
ERR13927339.21028	1624	18.8658
ERR13927339.21029	1571	20.2056
ERR13927339.21030	1579	18.5497
ERR13927339.21031	1574	19.9511
ERR13927339.21032	1577	21.2771
ERR13927339.21033	1392	18.9468
ERR13927339.21034	1559	21.1334
ERR13927339.21035	1589	19.7609
ERR13927339.21036	1559	16.2886
ERR13927339.21037	1566	21.0951
ERR13927339.21038	1601	19.8582
ERR13927339.21039	1593	19.0176
ERR13927339.21040	1580	15.5348
ERR13927339.21041	1580	19.4544
ERR13927339.21042	1557	15.9261
ERR13927339.21043	1539	15.8421
ERR13927339.21044	1566	17.0134
ERR13927339.21045	1611	17.9752
ERR13927339.21046	1579	19.5123
ERR13927339.21047	1573	20.3757
ERR13927339.21048	1568	17.2908
ERR13927339.21049	1487	14.8978
ERR13927339.21050	1562	18.5871
ERR13927339.21051	1620	18.9858
ERR13927339.21052	1569	21.3136
ERR13927339.21053	1564	19.2321
ERR13927339.21054	1606	19.7665
ERR13927339.21055	1571	17.8377
ERR13927339.21056	1564	18.0409
ERR13927339.21057	1559	18.2996
ERR13927339.21058	1579	19.8385
ERR13927339.21059	1544	18.1794
ERR13927339.21060	1540	15.2175
ERR13927339.21061	1562	19.3732
ERR13927339.21062	1547	17.3678
ERR13927339.21063	1562	17.2778
ERR13927339.21064	1588	15.4994
ERR13927339.21065	1570	18.5344
ERR13927339.21066	1597	17.8203
ERR13927339.21067	1558	15.0006
ERR13927339.21068	1567	19.5175
ERR13927339.21069	1550	14.4497
ERR13927339.21070	1551	19.4081
ERR13927339.21071	1555	14.8206
ERR13927339.21072	1561	19.0653
ERR13927339.21073	1586	19.2364
ERR13927339.21074	1585	18.0612
ERR13927339.21075	1571	18.5882
ERR13927339.21076	1584	17.4880
ERR13927339.21077	1651	18.5809
ERR13927339.21078	1545	18.8964
ERR13927339.21079	1510	20.0119
ERR13927339.21080	1608	19.6113
ERR13927339.21081	1590	18.1849
ERR13927339.21082	1593	19.0088
ERR13927339.21083	1565	19.3080
ERR13927339.21084	1583	21.4750
ERR13927339.21085	1582	18.0152
ERR13927339.21086	1598	16.5576
ERR13927339.21087	1588	19.3948
ERR13927339.21088	1583	17.2697
ERR13927339.21089	1619	17.0136
ERR13927339.21090	1585	16.2309
ERR13927339.21091	1565	18.2351
ERR13927339.21092	1610	19.5720
ERR13927339.21093	1607	18.1201
ERR13927339.21094	1579	18.3908
ERR13927339.21095	1552	18.1888
ERR13927339.21096	1577	16.5301
ERR13927339.21097	1608	19.4484
ERR13927339.21098	1597	16.5366
ERR13927339.21099	1601	16.8957
ERR13927339.21100	1568	16.1798
ERR13927339.21101	1554	19.1075
ERR13927339.21102	1623	21.1996
ERR13927339.21103	1547	16.1538
ERR13927339.21104	1550	19.6419
ERR13927339.21105	1541	19.5224
ERR13927339.21106	1582	19.1169
ERR13927339.21107	1589	14.8930
ERR13927339.21108	1569	21.6507
ERR13927339.21109	1569	18.0306
ERR13927339.21110	1550	19.1135
ERR13927339.21111	1598	15.5069
ERR13927339.21112	1614	19.6314
ERR13927339.21113	1595	19.2357
ERR13927339.21114	1579	17.5807
ERR13927339.21115	1565	19.3872
ERR13927339.21116	1580	17.5810
ERR13927339.21117	1573	16.9390
ERR13927339.21118	1554	17.4376
ERR13927339.21119	1594	20.1054
ERR13927339.21120	1586	17.9716
ERR13927339.21121	1564	19.0026
ERR13927339.21122	1585	15.0940
ERR13927339.21123	1557	17.4509
ERR13927339.21124	1590	21.5434
ERR13927339.21125	1572	21.7080
ERR13927339.21126	1560	18.3308
ERR13927339.21127	1579	14.1678
ERR13927339.21128	1575	15.1708
ERR13927339.21129	1590	19.0730
ERR13927339.21130	1548	19.1531
ERR13927339.21131	1618	19.0556
ERR13927339.21132	1557	18.5491
ERR13927339.21133	1604	15.7425
ERR13927339.21134	1652	18.4594
ERR13927339.21135	1640	19.9945
ERR13927339.21136	1547	16.8248
ERR13927339.21137	1589	19.2505
ERR13927339.21138	1568	19.5548
ERR13927339.21139	1558	20.0276
ERR13927339.21140	1559	20.1283
ERR13927339.21141	1552	19.9323
ERR13927339.21142	1577	17.7299
ERR13927339.21143	1608	18.3563
ERR13927339.21144	1543	16.5496
ERR13927339.21145	1623	14.7357
ERR13927339.21146	1586	15.3417
ERR13927339.21147	1612	16.6824
ERR13927339.21148	1591	16.0949
ERR13927339.21149	1578	17.0507
ERR13927339.21150	1566	18.3116
ERR13927339.21151	1583	19.9248
ERR13927339.21152	1582	18.1416
ERR13927339.21153	1616	16.1764
ERR13927339.21154	1613	16.3627
ERR13927339.21155	1592	14.7638
ERR13927339.21156	1596	21.7763
ERR13927339.21157	1581	19.9152
ERR13927339.21158	1600	18.2625
ERR13927339.21159	1579	19.6985
ERR13927339.21160	1596	20.2607
ERR13927339.21161	1604	19.5617
ERR13927339.21162	1605	18.9389
ERR13927339.21163	1579	18.0348
ERR13927339.21164	1628	20.6308
ERR13927339.21165	1619	19.4805
ERR13927339.21166	1570	19.3484
ERR13927339.21167	1614	18.8550
ERR13927339.21168	1583	19.7018
ERR13927339.21169	1524	15.7172
ERR13927339.21170	1571	20.5894
ERR13927339.21171	1592	14.4052
ERR13927339.21172	1553	17.8854
ERR13927339.21173	1605	15.7495
ERR13927339.21174	1586	18.0794
ERR13927339.21175	1543	19.3545
ERR13927339.21176	1575	16.8476
ERR13927339.21177	1518	15.1291
ERR13927339.21178	1549	15.6346
ERR13927339.21179	1558	20.7137
ERR13927339.21180	1552	17.7287
ERR13927339.21181	1565	20.1182
ERR13927339.21182	1580	18.7905
ERR13927339.21183	1554	16.0695
ERR13927339.21184	1611	18.3911
ERR13927339.21185	1574	20.6283
ERR13927339.21186	1592	16.9359
ERR13927339.21187	1555	18.4842
ERR13927339.21188	1560	18.0167
ERR13927339.21189	1577	15.4477
ERR13927339.21190	1561	17.2242
ERR13927339.21191	1555	15.5730
ERR13927339.21192	1596	19.5426
ERR13927339.21193	1584	18.6389
ERR13927339.21194	1640	16.6165
ERR13927339.21195	1610	18.9006
ERR13927339.21196	1584	19.5202
ERR13927339.21197	1584	16.5638
ERR13927339.21198	1577	17.8827
ERR13927339.21199	1602	18.9944
ERR13927339.21200	1614	15.0973
ERR13927339.21201	1563	15.9802
ERR13927339.21202	1594	17.8877
ERR13927339.21203	1630	17.8448
ERR13927339.21204	1595	15.3705
ERR13927339.21205	1578	15.1502
ERR13927339.21206	1546	15.6837
ERR13927339.21207	1594	19.8896
ERR13927339.21208	1564	15.9316
ERR13927339.21209	1579	17.4332
ERR13927339.21210	1542	21.2879
ERR13927339.21211	1562	17.9827
ERR13927339.21212	1619	18.5293
ERR13927339.21213	1579	20.1197
ERR13927339.21214	1564	20.0678
ERR13927339.21215	1544	19.0706
ERR13927339.21216	1566	19.0556
ERR13927339.21217	1558	16.7798
ERR13927339.21218	1586	19.6381
ERR13927339.21219	1569	21.5048
ERR13927339.21220	1609	17.1274
ERR13927339.21221	1565	17.9693
ERR13927339.21222	1606	18.2665
ERR13927339.21223	1562	20.3854
ERR13927339.21224	1578	22.5716
ERR13927339.21225	1590	19.3553
ERR13927339.21226	1558	20.9910
ERR13927339.21227	1590	17.3862
ERR13927339.21228	1606	21.2055
ERR13927339.21229	1563	16.4280
ERR13927339.21230	1225	20.2906
ERR13927339.21231	1597	18.9937
ERR13927339.21232	1544	17.4598
ERR13927339.21233	1142	19.3695
ERR13927339.21234	1587	17.0359
ERR13927339.21235	1559	14.8364
ERR13927339.21236	1585	20.1798
ERR13927339.21237	1550	16.3348
ERR13927339.21238	1560	19.2712
ERR13927339.21239	1579	20.9734
ERR13927339.21240	1529	16.8430
ERR13927339.21241	1231	18.2405
ERR13927339.21242	1580	20.2924
ERR13927339.21243	1550	14.9323
ERR13927339.21244	1581	19.4548
ERR13927339.21245	1670	17.3527
ERR13927339.21246	1590	20.0428
ERR13927339.21247	1566	17.7375
ERR13927339.21248	1549	18.2466
ERR13927339.21249	1572	18.0852
ERR13927339.21250	1563	18.4491
ERR13927339.21251	1575	19.2940
ERR13927339.21252	1562	19.9110
ERR13927339.21253	1582	13.7674
ERR13927339.21254	1547	18.2637
ERR13927339.21255	1569	18.6794
ERR13927339.21256	1589	19.6501
ERR13927339.21257	1548	13.7901
ERR13927339.21258	1559	16.4779
ERR13927339.21259	1602	14.4270
ERR13927339.21260	1615	16.0378
ERR13927339.21261	1562	14.9949
ERR13927339.21262	1556	19.8663
ERR13927339.21263	1583	15.8907
ERR13927339.21264	1591	16.7693
ERR13927339.21265	1596	18.0652
ERR13927339.21266	1580	16.9316
ERR13927339.21267	1574	15.1779
ERR13927339.21268	1594	18.2735
ERR13927339.21269	1571	19.1980
ERR13927339.21270	1561	18.0788
ERR13927339.21271	1582	18.2516
ERR13927339.21272	1589	19.0925
ERR13927339.21273	1568	18.4082
ERR13927339.21274	1569	20.6507
ERR13927339.21275	1563	17.0147
ERR13927339.21276	1577	15.8618
ERR13927339.21277	1559	19.6254
ERR13927339.21278	1558	19.4243
ERR13927339.21279	1595	16.2539
ERR13927339.21280	195	17.8872
ERR13927339.21281	1576	17.6777
ERR13927339.21282	1545	18.6770
ERR13927339.21283	1559	19.6594
ERR13927339.21284	1587	16.3497
ERR13927339.21285	1616	16.1095
ERR13927339.21286	1577	19.4122
ERR13927339.21287	1485	17.1569
ERR13927339.21288	1580	19.1911
ERR13927339.21289	1557	19.6493
ERR13927339.21290	1573	18.1863
ERR13927339.21291	1553	17.6433
ERR13927339.21292	264	17.0000
ERR13927339.21293	1560	18.0750
ERR13927339.21294	1588	18.1215
ERR13927339.21295	1613	16.7849
ERR13927339.21296	1582	20.0316
ERR13927339.21297	1555	17.2341
ERR13927339.21298	1617	18.7934
ERR13927339.21299	1551	17.8594
ERR13927339.21300	1549	16.1549
ERR13927339.21301	1575	20.0070
ERR13927339.21302	1617	16.8064
ERR13927339.21303	1585	19.9306
ERR13927339.21304	1568	18.8393
ERR13927339.21305	1576	17.7684
ERR13927339.21306	1542	16.0830
ERR13927339.21307	1574	19.6518
ERR13927339.21308	1567	19.7900
ERR13927339.21309	1485	14.6498
ERR13927339.21310	1608	17.5703
ERR13927339.21311	1620	19.3988
ERR13927339.21312	1530	17.8732
ERR13927339.21313	1592	19.7557
ERR13927339.21314	1571	19.2126
ERR13927339.21315	1563	18.4159
ERR13927339.21316	1552	18.3782
ERR13927339.21317	616	18.9302
ERR13927339.21318	1586	17.8562
ERR13927339.21319	384	16.5156
ERR13927339.21320	1632	21.0962
ERR13927339.21321	1556	18.2397
ERR13927339.21322	1542	16.6284
ERR13927339.21323	1590	18.4629
ERR13927339.21324	1544	17.2694
ERR13927339.21325	1554	16.9588
ERR13927339.21326	1588	20.7380
ERR13927339.21327	1597	19.5316
ERR13927339.21328	1566	19.8327
ERR13927339.21329	1562	19.7599
ERR13927339.21330	1568	17.4031
ERR13927339.21331	1596	18.9818
ERR13927339.21332	1567	18.8290
ERR13927339.21333	1581	19.0746
ERR13927339.21334	1228	15.1140
ERR13927339.21335	1590	16.2138
ERR13927339.21336	1551	14.7234
ERR13927339.21337	1551	18.3759
ERR13927339.21338	1603	17.5440
ERR13927339.21339	1576	22.3490
ERR13927339.21340	1535	15.6997
ERR13927339.21341	1577	20.7102
ERR13927339.21342	1587	17.5677
ERR13927339.21343	1571	16.2158
ERR13927339.21344	1572	17.0541
ERR13927339.21345	1559	15.1982
ERR13927339.21346	1605	22.0922
ERR13927339.21347	1575	19.5105
ERR13927339.21348	1574	20.0172
ERR13927339.21349	1550	18.1465
ERR13927339.21350	1577	20.0647
ERR13927339.21351	1517	19.6790
ERR13927339.21352	1554	15.1564
ERR13927339.21353	255	15.4863
ERR13927339.21354	1555	16.4740
ERR13927339.21355	1596	19.5414
ERR13927339.21356	1575	20.6311
ERR13927339.21357	1547	20.1668
ERR13927339.21358	426	14.2277
ERR13927339.21359	1581	17.2113
ERR13927339.21360	1556	18.8554
ERR13927339.21361	1573	18.7750
ERR13927339.21362	1614	17.4585
ERR13927339.21363	1575	18.8413
ERR13927339.21364	1570	18.6866
ERR13927339.21365	1562	19.2439
ERR13927339.21366	1534	15.8853
ERR13927339.21367	1681	19.4396
ERR13927339.21368	1515	14.4832
ERR13927339.21369	1566	18.2363
ERR13927339.21370	1570	17.0567
ERR13927339.21371	1575	18.4984
ERR13927339.21372	1567	18.3689
ERR13927339.21373	1549	19.7676
ERR13927339.21374	1534	18.4615
ERR13927339.21375	1597	18.6894
ERR13927339.21376	1577	19.3031
ERR13927339.21377	1590	19.9258
ERR13927339.21378	1583	17.5717
ERR13927339.21379	1580	19.3987
ERR13927339.21380	1551	15.3172
ERR13927339.21381	1575	20.3244
ERR13927339.21382	1548	17.1466
ERR13927339.21383	1557	18.7392
ERR13927339.21384	1572	17.3518
ERR13927339.21385	1597	17.0470
ERR13927339.21386	1549	15.3428
ERR13927339.21387	1581	19.6312
ERR13927339.21388	1589	20.4298
ERR13927339.21389	1575	19.1600
ERR13927339.21390	1524	18.5650
ERR13927339.21391	1584	18.7449
ERR13927339.21392	1574	20.4447
ERR13927339.21393	1607	17.0685
ERR13927339.21394	1549	15.5449
ERR13927339.21395	1600	18.4756
ERR13927339.21396	1603	19.9357
ERR13927339.21397	1543	17.6805
ERR13927339.21398	1573	14.6968
ERR13927339.21399	1542	16.1284
ERR13927339.21400	1586	19.9250
ERR13927339.21401	1580	20.4013
ERR13927339.21402	1610	18.1447
ERR13927339.21403	1588	21.0390
ERR13927339.21404	1584	19.6547
ERR13927339.21405	1578	18.2598
ERR13927339.21406	1613	16.7781
ERR13927339.21407	1610	17.8373
ERR13927339.21408	1575	19.7371
ERR13927339.21409	1557	14.3545
ERR13927339.21410	1531	18.3534
ERR13927339.21411	1232	18.2898
ERR13927339.21412	1573	20.4088
ERR13927339.21413	1597	16.7063
ERR13927339.21414	975	19.6041
ERR13927339.21415	1583	19.2887
ERR13927339.21416	1583	17.8238
ERR13927339.21417	1577	19.8922
ERR13927339.21418	1572	16.8022
ERR13927339.21419	1562	17.5467
ERR13927339.21420	1601	17.4091
ERR13927339.21421	1529	17.0523
ERR13927339.21422	1587	15.4064
ERR13927339.21423	255	11.4196
ERR13927339.21424	1543	18.6196
ERR13927339.21425	1574	19.4447
ERR13927339.21426	1565	18.2166
ERR13927339.21427	1583	16.5862
ERR13927339.21428	1586	20.8783
ERR13927339.21429	1542	16.7237
ERR13927339.21430	1592	16.4391
ERR13927339.21431	1553	19.3329
ERR13927339.21432	1573	19.2467
ERR13927339.21433	1582	18.8489
ERR13927339.21434	1541	15.8884
ERR13927339.21435	1617	18.7545
ERR13927339.21436	1552	16.0812
ERR13927339.21437	1570	16.1726
ERR13927339.21438	1590	18.8069
ERR13927339.21439	1521	16.6805
ERR13927339.21440	193	13.2435
ERR13927339.21441	1536	16.7669
ERR13927339.21442	1604	20.0817
ERR13927339.21443	1582	18.3148
ERR13927339.21444	1591	15.8881
ERR13927339.21445	1560	18.3590
ERR13927339.21446	1575	16.1429
ERR13927339.21447	1529	21.4022
ERR13927339.21448	1564	19.6861
ERR13927339.21449	1539	14.7895
ERR13927339.21450	1555	19.5633
ERR13927339.21451	1604	17.6945
ERR13927339.21452	1586	20.9281
ERR13927339.21453	1564	20.3350
ERR13927339.21454	1553	16.8661
ERR13927339.21455	1563	16.1478
ERR13927339.21456	1634	21.2350
ERR13927339.21457	1600	18.7631
ERR13927339.21458	1583	15.8263
ERR13927339.21459	1591	17.9629
ERR13927339.21460	1567	18.9081
ERR13927339.21461	1206	14.3167
ERR13927339.21462	1591	19.0069
ERR13927339.21463	1568	19.4273
ERR13927339.21464	1573	18.9135
ERR13927339.21465	1573	19.7845
ERR13927339.21466	1547	16.7595
ERR13927339.21467	1547	19.4880
ERR13927339.21468	1550	16.8323
ERR13927339.21469	1562	19.4123
ERR13927339.21470	1555	18.8585
ERR13927339.21471	1628	15.2844
ERR13927339.21472	1590	16.6572
ERR13927339.21473	1567	17.5948
ERR13927339.21474	1581	19.0253
ERR13927339.21475	1554	20.8333
ERR13927339.21476	1584	19.3283
ERR13927339.21477	1548	19.2390
ERR13927339.21478	1607	17.8836
ERR13927339.21479	1593	19.4350
ERR13927339.21480	1586	16.7888
ERR13927339.21481	1533	16.4729
ERR13927339.21482	1585	15.9331
ERR13927339.21483	1581	18.0076
ERR13927339.21484	1599	15.1839
ERR13927339.21485	1566	17.8755
ERR13927339.21486	1579	17.2635
ERR13927339.21487	1576	20.7614
ERR13927339.21488	1598	20.2760
ERR13927339.21489	1590	14.5465
ERR13927339.21490	1565	21.0492
ERR13927339.21491	1559	20.3778
ERR13927339.21492	1566	19.0077
ERR13927339.21493	1610	16.5689
ERR13927339.21494	1629	20.3106
ERR13927339.21495	1584	19.9552
ERR13927339.21496	1554	18.2175
ERR13927339.21497	1613	18.6708
ERR13927339.21498	1582	22.0000
ERR13927339.21499	1554	17.8404
ERR13927339.21500	1566	17.9419
ERR13927339.21501	1583	20.3215
ERR13927339.21502	1575	20.7359
ERR13927339.21503	1586	16.1797
ERR13927339.21504	1556	18.5212
ERR13927339.21505	1580	16.1215
ERR13927339.21506	1537	17.4346
ERR13927339.21507	1623	19.2797
ERR13927339.21508	1594	18.5439
ERR13927339.21509	1516	15.6979
ERR13927339.21510	1576	19.7284
ERR13927339.21511	1578	18.7649
ERR13927339.21512	1522	17.9080
ERR13927339.21513	1562	17.5672
ERR13927339.21514	1566	16.5581
ERR13927339.21515	1554	19.4511
ERR13927339.21516	1570	17.5083
ERR13927339.21517	1585	17.3956
ERR13927339.21518	1581	19.2574
ERR13927339.21519	1564	21.8529
ERR13927339.21520	1589	18.7294
ERR13927339.21521	1615	19.1356
ERR13927339.21522	1553	20.6446
ERR13927339.21523	1578	20.7826
ERR13927339.21524	1564	18.3491
ERR13927339.21525	1544	18.0272
ERR13927339.21526	1520	17.0355
ERR13927339.21527	1567	20.9770
ERR13927339.21528	1533	18.0078
ERR13927339.21529	1567	18.4410
ERR13927339.21530	1503	15.8949
ERR13927339.21531	1575	18.4349
ERR13927339.21532	1601	18.7951
ERR13927339.21533	1570	17.6083
ERR13927339.21534	1303	19.5963
ERR13927339.21535	1631	16.9393
ERR13927339.21536	1565	14.7904
ERR13927339.21537	1561	17.9289
ERR13927339.21538	1598	18.9712
ERR13927339.21539	1562	16.1703
ERR13927339.21540	1567	20.2655
ERR13927339.21541	1557	17.4432
ERR13927339.21542	1569	17.7310
ERR13927339.21543	1581	15.6736
ERR13927339.21544	1561	17.7854
ERR13927339.21545	1109	19.3562
ERR13927339.21546	1583	16.6235
ERR13927339.21547	1549	17.5171
ERR13927339.21548	1557	16.3198
ERR13927339.21549	1569	19.4449
ERR13927339.21550	1587	17.3371
ERR13927339.21551	1541	20.1272
ERR13927339.21552	1518	17.9361
ERR13927339.21553	1582	16.3173
ERR13927339.21554	1579	15.8265
ERR13927339.21555	1557	14.2447
ERR13927339.21556	1589	20.9654
ERR13927339.21557	1588	19.1014
ERR13927339.21558	1579	20.8569
ERR13927339.21559	1561	19.8840
ERR13927339.21560	1599	17.5922
ERR13927339.21561	1575	18.8463
ERR13927339.21562	1545	17.7929
ERR13927339.21563	1559	13.6671
ERR13927339.21564	1608	21.3451
ERR13927339.21565	1555	16.9151
ERR13927339.21566	1613	18.0521
ERR13927339.21567	1664	18.2566
ERR13927339.21568	1563	19.8893
ERR13927339.21569	1611	18.0006
ERR13927339.21570	1575	15.5422
ERR13927339.21571	1570	17.5898
ERR13927339.21572	1561	19.1896
ERR13927339.21573	1551	15.9742
ERR13927339.21574	1585	19.1186
ERR13927339.21575	1610	20.7199
ERR13927339.21576	1555	16.4650
ERR13927339.21577	1602	20.7391
ERR13927339.21578	1585	18.9483
ERR13927339.21579	1600	18.5919
ERR13927339.21580	1585	18.9804
ERR13927339.21581	1597	19.4083
ERR13927339.21582	1570	17.9662
ERR13927339.21583	1608	18.2606
ERR13927339.21584	1774	16.9030
ERR13927339.21585	1048	17.6660
ERR13927339.21586	1546	18.6061
ERR13927339.21587	1554	18.5830
ERR13927339.21588	1604	18.3186
ERR13927339.21589	1539	17.6251
ERR13927339.21590	1585	18.7394
ERR13927339.21591	1595	21.0232
ERR13927339.21592	1533	15.9145
ERR13927339.21593	1552	18.3112
ERR13927339.21594	1606	19.8425
ERR13927339.21595	1614	20.1165
ERR13927339.21596	1583	15.6077
ERR13927339.21597	1632	14.5343
ERR13927339.21598	1558	18.0244
ERR13927339.21599	1571	18.1693
ERR13927339.21600	1538	16.1430
ERR13927339.21601	1564	18.7999
ERR13927339.21602	1540	17.1786
ERR13927339.21603	1556	20.4197
ERR13927339.21604	1369	14.5464
ERR13927339.21605	1584	19.8542
ERR13927339.21606	1562	16.4731
ERR13927339.21607	1577	18.3120
ERR13927339.21608	3222	17.1279
ERR13927339.21609	1577	20.3063
ERR13927339.21610	1599	19.2964
ERR13927339.21611	1608	18.5473
ERR13927339.21612	1560	17.9596
ERR13927339.21613	1578	20.1895
ERR13927339.21614	1606	16.8456
ERR13927339.21615	1567	20.1876
ERR13927339.21616	1583	21.1346
ERR13927339.21617	1583	17.9476
ERR13927339.21618	1590	17.3025
ERR13927339.21619	1564	17.5454
ERR13927339.21620	1549	15.1788
ERR13927339.21621	1554	19.0032
ERR13927339.21622	1568	19.2226
ERR13927339.21623	1530	20.7327
ERR13927339.21624	1554	17.3468
ERR13927339.21625	1622	19.4593
ERR13927339.21626	1579	18.6852
ERR13927339.21627	1570	15.7949
ERR13927339.21628	1606	17.1756
ERR13927339.21629	1561	17.1102
ERR13927339.21630	1594	16.6619
ERR13927339.21631	1527	18.8959
ERR13927339.21632	1597	17.4627
ERR13927339.21633	1523	17.6822
ERR13927339.21634	1532	16.8270
ERR13927339.21635	1547	15.8675
ERR13927339.21636	1577	21.2099
ERR13927339.21637	296	15.6926
ERR13927339.21638	1568	20.8036
ERR13927339.21639	1582	17.6290
ERR13927339.21640	1586	20.1261
ERR13927339.21641	1544	17.3763
ERR13927339.21642	1600	18.8206
ERR13927339.21643	1649	18.9679
ERR13927339.21644	1550	17.3871
ERR13927339.21645	1592	19.4183
ERR13927339.21646	1581	16.7337
ERR13927339.21647	1667	19.9730
ERR13927339.21648	1553	19.9317
ERR13927339.21649	1576	19.5819
ERR13927339.21650	1582	18.9646
ERR13927339.21651	1561	20.4824
ERR13927339.21652	1572	17.8855
ERR13927339.21653	1618	19.0822
ERR13927339.21654	1576	20.4651
ERR13927339.21655	1570	18.1650
ERR13927339.21656	1560	15.7699
ERR13927339.21657	1577	15.6772
ERR13927339.21658	1579	19.6466
ERR13927339.21659	1557	17.0469
ERR13927339.21660	1564	15.2142
ERR13927339.21661	1583	18.7132
ERR13927339.21662	1574	18.8189
ERR13927339.21663	1574	18.2630
ERR13927339.21664	1599	16.5216
ERR13927339.21665	1571	17.9198
ERR13927339.21666	1598	17.8204
ERR13927339.21667	1628	16.3716
ERR13927339.21668	1597	19.6024
ERR13927339.21669	1585	18.5590
ERR13927339.21670	1580	19.9987
ERR13927339.21671	1577	18.7647
ERR13927339.21672	1550	17.9116
ERR13927339.21673	1456	14.7315
ERR13927339.21674	1190	19.1303
ERR13927339.21675	1593	19.5330
ERR13927339.21676	1563	19.5790
ERR13927339.21677	1570	20.2860
ERR13927339.21678	1507	14.9954
ERR13927339.21679	1567	17.4965
ERR13927339.21680	1551	17.6551
ERR13927339.21681	1406	15.9509
ERR13927339.21682	1562	19.4027
ERR13927339.21683	1568	19.3469
ERR13927339.21684	1572	20.0490
ERR13927339.21685	1574	17.3126
ERR13927339.21686	1568	17.4815
ERR13927339.21687	1567	19.7505
ERR13927339.21688	1531	16.9438
ERR13927339.21689	1511	16.7909
ERR13927339.21690	1589	18.9446
ERR13927339.21691	1559	19.2611
ERR13927339.21692	1565	19.9661
ERR13927339.21693	1601	19.5940
ERR13927339.21694	1575	20.3905
ERR13927339.21695	1567	18.2463
ERR13927339.21696	1562	17.8003
ERR13927339.21697	1569	17.8164
ERR13927339.21698	1562	18.8950
ERR13927339.21699	1556	16.7371
ERR13927339.21700	1607	17.1942
ERR13927339.21701	1606	18.7304
ERR13927339.21702	1556	20.3888
ERR13927339.21703	1522	16.5775
ERR13927339.21704	1595	16.9323
ERR13927339.21705	1578	17.9252
ERR13927339.21706	1568	18.2978
ERR13927339.21707	1544	16.3795
ERR13927339.21708	1694	20.4410
ERR13927339.21709	1563	16.3973
ERR13927339.21710	1502	16.1977
ERR13927339.21711	1595	17.2658
ERR13927339.21712	1591	18.1182
ERR13927339.21713	1527	17.6942
ERR13927339.21714	1530	16.4288
ERR13927339.21715	1578	18.7662
ERR13927339.21716	1584	20.9306
ERR13927339.21717	1563	18.2553
ERR13927339.21718	1569	19.4207
ERR13927339.21719	1563	19.8004
ERR13927339.21720	1576	20.4410
ERR13927339.21721	1568	16.7647
ERR13927339.21722	1607	20.0597
ERR13927339.21723	1578	19.9943
ERR13927339.21724	1579	18.5573
ERR13927339.21725	1551	17.7840
ERR13927339.21726	1571	19.8816
ERR13927339.21727	1559	20.7787
ERR13927339.21728	1557	19.2364
ERR13927339.21729	1585	19.4006
ERR13927339.21730	1577	20.5035
ERR13927339.21731	1569	18.4570
ERR13927339.21732	1561	18.0692
ERR13927339.21733	1604	18.9283
ERR13927339.21734	1579	21.4427
ERR13927339.21735	1572	17.8359
ERR13927339.21736	1547	16.2721
ERR13927339.21737	1558	19.2317
ERR13927339.21738	1573	20.2060
ERR13927339.21739	1540	16.2312
ERR13927339.21740	1609	16.0653
ERR13927339.21741	1558	16.0879
ERR13927339.21742	1563	16.5688
ERR13927339.21743	1605	19.5464
ERR13927339.21744	1543	23.0531
ERR13927339.21745	1580	19.8703
ERR13927339.21746	1566	21.7727
ERR13927339.21747	1549	16.3338
ERR13927339.21748	1605	18.4255
ERR13927339.21749	1566	20.6890
ERR13927339.21750	1590	20.9535
ERR13927339.21751	1518	16.1285
ERR13927339.21752	1534	14.9270
ERR13927339.21753	1542	19.7471
ERR13927339.21754	1589	19.9817
ERR13927339.21755	1555	15.6302
ERR13927339.21756	1596	17.8390
ERR13927339.21757	1553	17.1462
ERR13927339.21758	1597	18.6230
ERR13927339.21759	1615	17.8731
ERR13927339.21760	1562	19.7810
ERR13927339.21761	1525	19.3816
ERR13927339.21762	1575	19.5410
ERR13927339.21763	1536	19.5169
ERR13927339.21764	1605	18.7321
ERR13927339.21765	1578	17.2921
ERR13927339.21766	1578	14.6686
ERR13927339.21767	1565	18.4198
ERR13927339.21768	1599	20.4772
ERR13927339.21769	1584	16.9261
ERR13927339.21770	1626	18.0301
ERR13927339.21771	151	12.5828
ERR13927339.21772	1558	19.8703
ERR13927339.21773	1564	18.8127
ERR13927339.21774	1559	20.3329
ERR13927339.21775	1575	18.1187
ERR13927339.21776	1616	17.3298
ERR13927339.21777	1587	19.1714
ERR13927339.21778	1612	18.3238
ERR13927339.21779	1677	19.3089
ERR13927339.21780	1151	18.0513
ERR13927339.21781	1557	15.2023
ERR13927339.21782	1624	16.3417
ERR13927339.21783	1593	17.4859
ERR13927339.21784	1580	17.5804
ERR13927339.21785	1561	17.9462
ERR13927339.21786	1581	15.7021
ERR13927339.21787	1571	19.7747
ERR13927339.21788	1591	20.7436
ERR13927339.21789	1600	18.4956
ERR13927339.21790	1613	21.2449
ERR13927339.21791	1539	17.6075
ERR13927339.21792	1586	20.0322
ERR13927339.21793	1551	18.0309
ERR13927339.21794	1575	18.1257
ERR13927339.21795	1729	19.8664
ERR13927339.21796	1564	18.5902
ERR13927339.21797	1584	14.8775
ERR13927339.21798	1565	16.1591
ERR13927339.21799	1562	19.1633
ERR13927339.21800	1587	19.4184
ERR13927339.21801	476	18.7689
ERR13927339.21802	1572	18.6590
ERR13927339.21803	1566	17.8186
ERR13927339.21804	1575	19.0959
ERR13927339.21805	1584	14.7715
ERR13927339.21806	1563	18.5509
ERR13927339.21807	639	17.0297
ERR13927339.21808	1583	17.4245
ERR13927339.21809	1556	17.6452
ERR13927339.21810	1575	20.5276
ERR13927339.21811	1586	18.5517
ERR13927339.21812	1574	19.3952
ERR13927339.21813	1573	19.4031
ERR13927339.21814	1585	19.8126
ERR13927339.21815	1587	17.1878
ERR13927339.21816	1692	15.8351
ERR13927339.21817	1568	18.2653
ERR13927339.21818	1441	17.2651
ERR13927339.21819	1586	15.7226
ERR13927339.21820	1575	18.7587
ERR13927339.21821	1619	19.6096
ERR13927339.21822	1576	18.2132
ERR13927339.21823	1574	20.1874
ERR13927339.21824	1555	14.7595
ERR13927339.21825	1572	19.2156
ERR13927339.21826	1547	15.1390
ERR13927339.21827	1576	17.8236
ERR13927339.21828	1577	20.6011
ERR13927339.21829	1569	13.8005
ERR13927339.21830	1596	16.1422
ERR13927339.21831	1561	19.1313
ERR13927339.21832	1653	16.6243
ERR13927339.21833	1564	18.6809
ERR13927339.21834	1585	15.4580
ERR13927339.21835	1589	18.9729
ERR13927339.21836	1562	17.1453
ERR13927339.21837	1587	20.4820
ERR13927339.21838	1572	18.1272
ERR13927339.21839	1583	18.6488
ERR13927339.21840	1553	19.2254
ERR13927339.21841	1622	19.3070
ERR13927339.21842	1587	17.5293
ERR13927339.21843	1570	19.5758
ERR13927339.21844	1567	18.4856
ERR13927339.21845	1603	17.8497
ERR13927339.21846	1597	20.1947
ERR13927339.21847	1602	17.1973
ERR13927339.21848	1571	17.2947
ERR13927339.21849	1559	19.4041
ERR13927339.21850	1580	19.8892
ERR13927339.21851	1573	19.7641
ERR13927339.21852	1621	18.2708
ERR13927339.21853	1601	17.1287
ERR13927339.21854	1614	17.3185
ERR13927339.21855	1608	20.1561
ERR13927339.21856	1564	16.4923
ERR13927339.21857	1591	18.3300
ERR13927339.21858	1582	15.9166
ERR13927339.21859	1566	18.2337
ERR13927339.21860	1586	20.8020
ERR13927339.21861	1564	17.4648
ERR13927339.21862	1585	19.5981
ERR13927339.21863	1592	17.7896
ERR13927339.21864	1577	19.9518
ERR13927339.21865	1579	16.5712
ERR13927339.21866	1565	18.4537
ERR13927339.21867	1569	20.9171
ERR13927339.21868	1539	17.7466
ERR13927339.21869	1514	19.1757
ERR13927339.21870	1582	21.2528
ERR13927339.21871	1559	14.0128
ERR13927339.21872	1561	18.6028
ERR13927339.21873	1573	20.4342
ERR13927339.21874	1593	20.3409
ERR13927339.21875	1584	18.4691
ERR13927339.21876	1580	17.1785
ERR13927339.21877	1599	18.6554
ERR13927339.21878	1568	18.9790
ERR13927339.21879	1566	20.5115
ERR13927339.21880	1570	18.9790
ERR13927339.21881	1615	20.6322
ERR13927339.21882	1615	22.1938
ERR13927339.21883	1519	17.6682
ERR13927339.21884	1608	19.0852
ERR13927339.21885	1575	17.3968
ERR13927339.21886	1603	16.2065
ERR13927339.21887	1605	18.6947
ERR13927339.21888	1580	18.2753
ERR13927339.21889	1587	19.4493
ERR13927339.21890	1569	19.2919
ERR13927339.21891	1601	18.0706
ERR13927339.21892	1576	19.2151
ERR13927339.21893	1584	18.4003
ERR13927339.21894	1575	20.8146
ERR13927339.21895	1611	19.5984
ERR13927339.21896	1564	20.8638
ERR13927339.21897	1549	19.3841
ERR13927339.21898	1554	19.8964
ERR13927339.21899	1561	15.6867
ERR13927339.21900	1593	18.0132
ERR13927339.21901	1597	19.1434
ERR13927339.21902	1582	19.2067
ERR13927339.21903	1576	18.3617
ERR13927339.21904	1555	15.7286
ERR13927339.21905	1579	20.3699
ERR13927339.21906	1576	15.6859
ERR13927339.21907	1579	19.2343
ERR13927339.21908	1565	20.1463
ERR13927339.21909	1563	19.9987
ERR13927339.21910	1583	19.3335
ERR13927339.21911	1562	17.1543
ERR13927339.21912	1578	16.9373
ERR13927339.21913	1534	13.9811
ERR13927339.21914	1590	16.7516
ERR13927339.21915	1619	17.7634
ERR13927339.21916	1565	19.5847
ERR13927339.21917	1602	18.0587
ERR13927339.21918	1604	18.7943
ERR13927339.21919	1557	18.9833
ERR13927339.21920	1603	17.1372
ERR13927339.21921	1568	16.8718
ERR13927339.21922	1571	16.5060
ERR13927339.21923	1562	20.7228
ERR13927339.21924	1577	19.8117
ERR13927339.21925	1567	19.4225
ERR13927339.21926	1574	20.6493
ERR13927339.21927	1587	18.3062
ERR13927339.21928	1652	21.0908
ERR13927339.21929	1585	19.8833
ERR13927339.21930	1605	18.6791
ERR13927339.21931	1547	17.9619
ERR13927339.21932	1573	19.8290
ERR13927339.21933	1588	18.5132
ERR13927339.21934	1592	19.6897
ERR13927339.21935	1563	16.5080
ERR13927339.21936	1612	16.3995
ERR13927339.21937	1594	16.5314
ERR13927339.21938	1586	18.7144
ERR13927339.21939	1606	17.3126
ERR13927339.21940	1604	15.7550
ERR13927339.21941	1597	17.7282
ERR13927339.21942	1570	20.5420
ERR13927339.21943	1566	19.6622
ERR13927339.21944	1584	20.5328
ERR13927339.21945	1611	17.7151
ERR13927339.21946	1593	19.8562
ERR13927339.21947	1489	18.0618
ERR13927339.21948	1609	17.6551
ERR13927339.21949	1582	19.1460
ERR13927339.21950	1585	15.8934
ERR13927339.21951	1570	21.5102
ERR13927339.21952	593	18.0759
ERR13927339.21953	1575	19.4343
ERR13927339.21954	1584	17.5650
ERR13927339.21955	1574	19.0781
ERR13927339.21956	1634	16.1071
ERR13927339.21957	1564	19.9335
ERR13927339.21958	1583	19.3519
ERR13927339.21959	1573	19.5569
ERR13927339.21960	1576	18.7005
ERR13927339.21961	1581	17.0114
ERR13927339.21962	1565	18.0243
ERR13927339.21963	1572	18.9911
ERR13927339.21964	1556	16.0900
ERR13927339.21965	1562	17.5589
ERR13927339.21966	1194	16.1273
ERR13927339.21967	1546	17.2568
ERR13927339.21968	1605	18.6816
ERR13927339.21969	1596	14.5946
ERR13927339.21970	1570	15.3446
ERR13927339.21971	1547	19.1202
ERR13927339.21972	1584	19.0808
ERR13927339.21973	1581	16.4870
ERR13927339.21974	1568	20.0670
ERR13927339.21975	1588	20.8186
ERR13927339.21976	1551	16.9278
ERR13927339.21977	1539	19.5081
ERR13927339.21978	1577	15.4426
ERR13927339.21979	1570	18.0917
ERR13927339.21980	1572	18.8709
ERR13927339.21981	1611	20.3309
ERR13927339.21982	1584	19.5436
ERR13927339.21983	1584	17.7128
ERR13927339.21984	1628	19.3716
ERR13927339.21985	1535	15.5362
ERR13927339.21986	1575	19.0438
ERR13927339.21987	1578	19.4689
ERR13927339.21988	1556	17.4357
ERR13927339.21989	1600	19.0562
ERR13927339.21990	1605	19.7564
ERR13927339.21991	1575	17.6495
ERR13927339.21992	1569	19.2804
ERR13927339.21993	1573	20.8462
ERR13927339.21994	1589	18.5985
ERR13927339.21995	1584	19.9596
ERR13927339.21996	1596	15.7594
ERR13927339.21997	1572	19.1889
ERR13927339.21998	1575	20.4038
ERR13927339.21999	1598	17.5169
ERR13927339.22000	1617	16.9363
ERR13927339.22001	1573	14.3102
ERR13927339.22002	1536	17.8991
ERR13927339.22003	1541	15.6755
ERR13927339.22004	1587	17.1285
ERR13927339.22005	1569	17.0676
ERR13927339.22006	1600	18.6025
ERR13927339.22007	1569	17.6393
ERR13927339.22008	1627	18.5120
ERR13927339.22009	1589	20.2467
ERR13927339.22010	1581	18.8096
ERR13927339.22011	1560	16.9801
ERR13927339.22012	1559	18.8538
ERR13927339.22013	1566	18.4808
ERR13927339.22014	307	14.5081
ERR13927339.22015	1585	17.7773
ERR13927339.22016	1587	19.6982
ERR13927339.22017	1564	20.4226
ERR13927339.22018	1573	19.1907
ERR13927339.22019	1592	19.0314
ERR13927339.22020	1629	14.4530
ERR13927339.22021	1583	19.1895
ERR13927339.22022	1556	19.8014
ERR13927339.22023	1622	17.1332
ERR13927339.22024	1574	18.5457
ERR13927339.22025	1576	16.8826
ERR13927339.22026	1433	16.6895
ERR13927339.22027	1560	15.6596
ERR13927339.22028	1611	20.1912
ERR13927339.22029	1481	14.7812
ERR13927339.22030	1557	18.2730
ERR13927339.22031	1555	17.8810
ERR13927339.22032	1570	18.5605
ERR13927339.22033	1562	18.7465
ERR13927339.22034	1575	19.0990
ERR13927339.22035	1557	17.9107
ERR13927339.22036	1561	18.3773
ERR13927339.22037	1601	16.6365
ERR13927339.22038	1615	19.4601
ERR13927339.22039	1382	19.4595
ERR13927339.22040	1552	17.0999
ERR13927339.22041	1568	18.0261
ERR13927339.22042	1608	14.2071
ERR13927339.22043	1617	19.1639
ERR13927339.22044	1594	21.1656
ERR13927339.22045	1567	17.9706
ERR13927339.22046	1560	16.6071
ERR13927339.22047	1583	19.8345
ERR13927339.22048	1569	16.0408
ERR13927339.22049	1554	17.5586
ERR13927339.22050	1605	16.5925
ERR13927339.22051	1562	17.5755
ERR13927339.22052	1586	21.4943
ERR13927339.22053	1563	16.6769
ERR13927339.22054	1647	18.5744
ERR13927339.22055	1589	16.4330
ERR13927339.22056	1607	15.8799
ERR13927339.22057	1607	18.9876
ERR13927339.22058	1545	14.0945
ERR13927339.22059	1561	18.1256
ERR13927339.22060	1596	18.9217
ERR13927339.22061	1593	18.4319
ERR13927339.22062	1532	14.9967
ERR13927339.22063	1609	15.3151
ERR13927339.22064	1590	17.9956
ERR13927339.22065	1123	17.3624
ERR13927339.22066	1574	19.8933
ERR13927339.22067	1583	18.4334
ERR13927339.22068	1567	19.8692
ERR13927339.22069	1547	19.3846
ERR13927339.22070	1617	18.9035
ERR13927339.22071	1578	19.2535
ERR13927339.22072	1588	18.4087
ERR13927339.22073	1578	16.9930
ERR13927339.22074	1580	17.9905
ERR13927339.22075	1576	20.5622
ERR13927339.22076	1597	17.7671
ERR13927339.22077	1608	14.8228
ERR13927339.22078	1591	20.0886
ERR13927339.22079	1574	17.1042
ERR13927339.22080	1578	17.7611
ERR13927339.22081	1561	19.4100
ERR13927339.22082	293	12.6041
ERR13927339.22083	1588	17.3747
ERR13927339.22084	1556	17.7783
ERR13927339.22085	1249	19.5108
ERR13927339.22086	1543	18.8833
ERR13927339.22087	1527	19.4014
ERR13927339.22088	1569	17.6329
ERR13927339.22089	1076	19.5483
ERR13927339.22090	1596	19.7976
ERR13927339.22091	1569	14.3735
ERR13927339.22092	1573	17.4571
ERR13927339.22093	1602	17.9931
ERR13927339.22094	1561	18.3703
ERR13927339.22095	1581	18.9899
ERR13927339.22096	1690	15.4272
ERR13927339.22097	1610	20.6236
ERR13927339.22098	1559	18.6235
ERR13927339.22099	1658	18.7943
ERR13927339.22100	1575	19.5873
ERR13927339.22101	1542	14.9189
ERR13927339.22102	1566	21.3206
ERR13927339.22103	1570	18.7006
ERR13927339.22104	1566	15.6405
ERR13927339.22105	1599	18.4053
ERR13927339.22106	1574	19.3920
ERR13927339.22107	1592	17.8631
ERR13927339.22108	1514	18.7365
ERR13927339.22109	1613	18.3931
ERR13927339.22110	1575	18.2279
ERR13927339.22111	1580	19.5937
ERR13927339.22112	1492	16.8358
ERR13927339.22113	1916	20.2730
ERR13927339.22114	1577	18.1160
ERR13927339.22115	1582	15.3319
ERR13927339.22116	1596	18.1059
ERR13927339.22117	1594	19.4511
ERR13927339.22118	1556	21.0000
ERR13927339.22119	1559	16.3804
ERR13927339.22120	1559	15.4945
ERR13927339.22121	313	16.4153
ERR13927339.22122	1573	20.5054
ERR13927339.22123	1588	19.1713
ERR13927339.22124	1558	19.0199
ERR13927339.22125	1598	15.8761
ERR13927339.22126	1583	16.0783
ERR13927339.22127	1596	16.4236
ERR13927339.22128	1599	20.0876
ERR13927339.22129	1595	19.3404
ERR13927339.22130	1603	17.6906
ERR13927339.22131	1601	15.4478
ERR13927339.22132	1596	14.8603
ERR13927339.22133	1577	18.8561
ERR13927339.22134	1567	19.4033
ERR13927339.22135	1490	22.0389
ERR13927339.22136	1542	15.5564
ERR13927339.22137	1589	16.4827
ERR13927339.22138	1574	16.0381
ERR13927339.22139	1577	15.8085
ERR13927339.22140	1586	16.2465
ERR13927339.22141	1582	16.6896
ERR13927339.22142	1580	18.2848
ERR13927339.22143	1561	19.1243
ERR13927339.22144	1561	15.1839
ERR13927339.22145	1581	15.3194
ERR13927339.22146	1551	15.6009
ERR13927339.22147	1652	17.8868
ERR13927339.22148	1598	18.8611
ERR13927339.22149	1605	17.6399
ERR13927339.22150	1562	17.2702
ERR13927339.22151	1572	15.7793
ERR13927339.22152	1588	17.4225
ERR13927339.22153	1564	19.8370
ERR13927339.22154	1567	18.7441
ERR13927339.22155	1587	18.4209
ERR13927339.22156	1568	18.9190
ERR13927339.22157	1567	21.3312
ERR13927339.22158	1582	19.5398
ERR13927339.22159	1617	20.7322
ERR13927339.22160	1555	19.9106
ERR13927339.22161	1527	17.4132
ERR13927339.22162	1553	15.0702
ERR13927339.22163	1585	16.4252
ERR13927339.22164	833	19.0420
ERR13927339.22165	1576	19.8515
ERR13927339.22166	1554	18.5837
ERR13927339.22167	1609	16.9093
ERR13927339.22168	1623	19.4510
ERR13927339.22169	1579	21.1463
ERR13927339.22170	1591	19.0761
ERR13927339.22171	686	16.8863
ERR13927339.22172	1628	20.6929
ERR13927339.22173	1572	17.7971
ERR13927339.22174	1557	19.0411
ERR13927339.22175	1589	20.7772
ERR13927339.22176	1566	20.7905
ERR13927339.22177	1561	20.0167
ERR13927339.22178	1572	15.1749
ERR13927339.22179	1567	21.6816
ERR13927339.22180	1583	21.0246
ERR13927339.22181	1556	16.1260
ERR13927339.22182	1562	17.0179
ERR13927339.22183	1595	18.1900
ERR13927339.22184	1601	17.3011
ERR13927339.22185	1606	20.7740
ERR13927339.22186	1569	18.7075
ERR13927339.22187	1594	18.7340
ERR13927339.22188	1539	17.1397
ERR13927339.22189	1579	21.1602
ERR13927339.22190	1655	17.7281
ERR13927339.22191	1542	16.1089
ERR13927339.22192	1569	17.6004
ERR13927339.22193	1593	18.6478
ERR13927339.22194	1544	15.0764
ERR13927339.22195	1195	18.6845
ERR13927339.22196	1617	18.8374
ERR13927339.22197	1572	20.8779
ERR13927339.22198	1366	18.4993
ERR13927339.22199	1624	17.6115
ERR13927339.22200	1493	19.2592
ERR13927339.22201	1605	20.2517
ERR13927339.22202	1569	15.3474
ERR13927339.22203	1608	20.1654
ERR13927339.22204	1614	20.7119
ERR13927339.22205	461	16.9284
ERR13927339.22206	1484	19.2460
ERR13927339.22207	1586	17.4086
ERR13927339.22208	446	20.7691
ERR13927339.22209	1603	16.7486
ERR13927339.22210	1523	14.1077
ERR13927339.22211	1592	19.1746
ERR13927339.22212	1548	18.7048
ERR13927339.22213	1619	19.1458
ERR13927339.22214	1632	19.8627
ERR13927339.22215	1558	17.8511
ERR13927339.22216	1564	20.2391
ERR13927339.22217	1576	19.4530
ERR13927339.22218	1561	17.6374
ERR13927339.22219	1614	18.6989
ERR13927339.22220	1571	22.0095
ERR13927339.22221	1572	20.2888
ERR13927339.22222	3188	15.8974
ERR13927339.22223	1638	16.5720
ERR13927339.22224	1730	17.6410
ERR13927339.22225	1564	19.2730
ERR13927339.22226	1571	17.6614
ERR13927339.22227	1579	16.6295
ERR13927339.22228	1614	16.5124
ERR13927339.22229	1606	15.4552
ERR13927339.22230	1575	19.2400
ERR13927339.22231	1658	19.4415
ERR13927339.22232	1573	16.3662
ERR13927339.22233	1537	16.2472
ERR13927339.22234	1551	16.2940
ERR13927339.22235	1593	19.8456
ERR13927339.22236	1576	15.6148
ERR13927339.22237	1599	16.9675
ERR13927339.22238	1578	18.7883
ERR13927339.22239	1553	17.7778
ERR13927339.22240	1601	18.4578
ERR13927339.22241	1563	17.8906
ERR13927339.22242	1568	16.3591
ERR13927339.22243	1565	15.4754
ERR13927339.22244	1581	20.9367
ERR13927339.22245	1570	16.9108
ERR13927339.22246	1551	19.9658
ERR13927339.22247	1595	17.9116
ERR13927339.22248	1593	19.6259
ERR13927339.22249	1586	20.4956
ERR13927339.22250	1563	18.5637
ERR13927339.22251	1571	20.8211
ERR13927339.22252	1590	18.2874
ERR13927339.22253	1572	17.2691
ERR13927339.22254	1549	17.2376
ERR13927339.22255	1574	19.3183
ERR13927339.22256	1575	18.3086
ERR13927339.22257	1568	19.5982
ERR13927339.22258	1582	14.8970
ERR13927339.22259	1551	18.1947
ERR13927339.22260	1553	18.1481
ERR13927339.22261	1590	19.4094
ERR13927339.22262	1585	19.9950
ERR13927339.22263	1559	17.7832
ERR13927339.22264	1566	17.6845
ERR13927339.22265	293	13.3276
ERR13927339.22266	1595	18.0458
ERR13927339.22267	1591	18.0981
ERR13927339.22268	1413	15.9844
ERR13927339.22269	1584	20.3409
ERR13927339.22270	1567	19.1883
ERR13927339.22271	1586	18.2093
ERR13927339.22272	1597	18.2586
ERR13927339.22273	1594	16.0552
ERR13927339.22274	1576	17.3382
ERR13927339.22275	1576	17.5317
ERR13927339.22276	1544	15.2047
ERR13927339.22277	1115	17.4269
ERR13927339.22278	1594	18.2654
ERR13927339.22279	1551	18.6879
ERR13927339.22280	1612	19.8114
ERR13927339.22281	1561	16.9910
ERR13927339.22282	1595	18.4063
ERR13927339.22283	1595	15.1229
ERR13927339.22284	1549	15.6959
ERR13927339.22285	602	17.6894
ERR13927339.22286	3139	15.4772
ERR13927339.22287	1555	18.0913
ERR13927339.22288	1576	17.3788
ERR13927339.22289	1577	21.3849
ERR13927339.22290	1603	18.1085
ERR13927339.22291	1608	19.0031
ERR13927339.22292	1580	15.7968
ERR13927339.22293	1615	20.0663
ERR13927339.22294	1549	18.5707
ERR13927339.22295	1542	16.2296
ERR13927339.22296	1615	19.6433
ERR13927339.22297	1545	19.6835
ERR13927339.22298	1582	17.4880
ERR13927339.22299	1583	18.8269
ERR13927339.22300	1532	16.5007
ERR13927339.22301	1572	21.0922
ERR13927339.22302	1573	16.3331
ERR13927339.22303	1576	18.2487
ERR13927339.22304	1588	18.7544
ERR13927339.22305	1562	20.2734
ERR13927339.22306	1589	18.9119
ERR13927339.22307	1567	16.8277
ERR13927339.22308	1619	19.7443
ERR13927339.22309	1602	18.7534
ERR13927339.22310	1589	18.2649
ERR13927339.22311	1560	18.6641
ERR13927339.22312	1584	20.3346
ERR13927339.22313	1575	19.3289
ERR13927339.22314	1570	17.2191
ERR13927339.22315	1608	15.8520
ERR13927339.22316	1589	20.2530
ERR13927339.22317	241	13.6307
ERR13927339.22318	1542	17.8191
ERR13927339.22319	1567	16.6305
ERR13927339.22320	1577	20.4642
ERR13927339.22321	223	14.1749
ERR13927339.22322	1558	17.0379
ERR13927339.22323	1564	18.6362
ERR13927339.22324	1588	20.1599
ERR13927339.22325	1589	17.9761
ERR13927339.22326	1567	17.4327
ERR13927339.22327	1653	20.2722
ERR13927339.22328	1628	17.2002
ERR13927339.22329	1580	20.6424
ERR13927339.22330	1561	18.3921
ERR13927339.22331	1604	17.4557
ERR13927339.22332	1537	18.8992
ERR13927339.22333	1579	16.7669
ERR13927339.22334	1579	17.7030
ERR13927339.22335	1596	18.7299
ERR13927339.22336	1528	15.3842
ERR13927339.22337	1552	17.8872
ERR13927339.22338	1591	20.1791
ERR13927339.22339	1577	18.4610
ERR13927339.22340	1506	17.3121
ERR13927339.22341	1547	17.2256
ERR13927339.22342	1577	18.7774
ERR13927339.22343	1572	16.4389
ERR13927339.22344	1584	20.2973
ERR13927339.22345	1582	16.7826
ERR13927339.22346	1554	19.2812
ERR13927339.22347	1577	18.0938
ERR13927339.22348	1587	19.9603
ERR13927339.22349	1590	19.9667
ERR13927339.22350	1587	19.2313
ERR13927339.22351	1571	15.6696
ERR13927339.22352	1690	17.3343
ERR13927339.22353	1583	19.3696
ERR13927339.22354	1572	19.9243
ERR13927339.22355	1572	18.9256
ERR13927339.22356	1579	19.8987
ERR13927339.22357	1562	16.4712
ERR13927339.22358	1578	17.1888
ERR13927339.22359	1609	20.8428
ERR13927339.22360	1606	18.8381
ERR13927339.22361	1534	17.4433
ERR13927339.22362	1593	17.7338
ERR13927339.22363	1600	18.3856
ERR13927339.22364	1541	19.3465
ERR13927339.22365	1548	14.6563
ERR13927339.22366	1624	19.2297
ERR13927339.22367	1561	20.5234
ERR13927339.22368	1575	18.3390
ERR13927339.22369	1553	18.9337
ERR13927339.22370	1559	19.8659
ERR13927339.22371	833	18.4898
ERR13927339.22372	1605	18.5209
ERR13927339.22373	1564	21.6176
ERR13927339.22374	1610	17.4087
ERR13927339.22375	1591	17.6870
ERR13927339.22376	1570	19.4949
ERR13927339.22377	1582	15.1662
ERR13927339.22378	1576	19.7684
ERR13927339.22379	1580	19.4785
ERR13927339.22380	1571	18.5729
ERR13927339.22381	1600	19.9994
ERR13927339.22382	1559	15.6716
ERR13927339.22383	1548	19.5685
ERR13927339.22384	1562	22.0243
ERR13927339.22385	1571	14.2750
ERR13927339.22386	1579	19.9075
ERR13927339.22387	1577	17.0767
ERR13927339.22388	1561	20.4734
ERR13927339.22389	1568	20.7092
ERR13927339.22390	1559	17.9250
ERR13927339.22391	1596	15.5733
ERR13927339.22392	1571	18.6894
ERR13927339.22393	1573	20.4634
ERR13927339.22394	1557	19.7720
ERR13927339.22395	1608	18.8943
ERR13927339.22396	1589	19.8175
ERR13927339.22397	223	18.1121
ERR13927339.22398	1597	21.3037
ERR13927339.22399	1571	15.9968
ERR13927339.22400	1592	16.7211
ERR13927339.22401	1572	21.3919
ERR13927339.22402	1627	20.1321
ERR13927339.22403	1535	19.4697
ERR13927339.22404	1574	15.8094
ERR13927339.22405	1508	16.2885
ERR13927339.22406	1582	21.2269
ERR13927339.22407	1599	16.4697
ERR13927339.22408	1587	19.5072
ERR13927339.22409	1586	15.5189
ERR13927339.22410	1640	20.8451
ERR13927339.22411	1560	18.1827
ERR13927339.22412	1557	18.0154
ERR13927339.22413	1756	17.4949
ERR13927339.22414	1619	17.8067
ERR13927339.22415	1538	17.6782
ERR13927339.22416	1607	20.3447
ERR13927339.22417	1614	19.5465
ERR13927339.22418	1587	19.6717
ERR13927339.22419	1563	17.9501
ERR13927339.22420	1569	20.4028
ERR13927339.22421	1555	19.3357
ERR13927339.22422	1566	17.8442
ERR13927339.22423	1551	23.2334
ERR13927339.22424	1580	17.8962
ERR13927339.22425	1583	18.9589
ERR13927339.22426	1590	17.0352
ERR13927339.22427	1577	19.8681
ERR13927339.22428	1554	16.5341
ERR13927339.22429	1555	16.8116
ERR13927339.22430	1555	19.3055
ERR13927339.22431	1577	16.0571
ERR13927339.22432	1550	15.9135
ERR13927339.22433	1571	16.8141
ERR13927339.22434	1537	20.3058
ERR13927339.22435	1570	15.2822
ERR13927339.22436	646	19.4319
ERR13927339.22437	1598	16.5832
ERR13927339.22438	1573	20.4730
ERR13927339.22439	1616	19.2593
ERR13927339.22440	1594	16.9881
ERR13927339.22441	1569	19.0414
ERR13927339.22442	1566	17.0632
ERR13927339.22443	1568	21.5925
ERR13927339.22444	1571	15.1706
ERR13927339.22445	1558	18.0610
ERR13927339.22446	1589	18.8735
ERR13927339.22447	1580	21.2684
ERR13927339.22448	1542	19.4455
ERR13927339.22449	1580	19.3595
ERR13927339.22450	1627	20.7818
ERR13927339.22451	1566	19.5223
ERR13927339.22452	1548	17.1473
ERR13927339.22453	1585	16.8164
ERR13927339.22454	1166	16.9760
ERR13927339.22455	1576	15.8014
ERR13927339.22456	1631	18.4801
ERR13927339.22457	1586	19.8001
ERR13927339.22458	1613	21.2095
ERR13927339.22459	1583	18.4618
ERR13927339.22460	1598	19.0419
ERR13927339.22461	1580	17.9576
ERR13927339.22462	1608	19.8109
ERR13927339.22463	1600	16.6044
ERR13927339.22464	531	16.0358
ERR13927339.22465	1579	14.3414
ERR13927339.22466	1616	20.7024
ERR13927339.22467	1582	19.3540
ERR13927339.22468	1539	15.8785
ERR13927339.22469	1586	15.3253
ERR13927339.22470	1614	20.3971
ERR13927339.22471	1517	17.9908
ERR13927339.22472	1599	19.7011
ERR13927339.22473	1579	18.2312
ERR13927339.22474	1572	17.7990
ERR13927339.22475	1586	19.0095
ERR13927339.22476	1567	16.2004
ERR13927339.22477	1593	19.3949
ERR13927339.22478	1591	19.0685
ERR13927339.22479	1568	20.6314
ERR13927339.22480	1565	15.5521
ERR13927339.22481	1627	20.6804
ERR13927339.22482	1592	15.6784
ERR13927339.22483	1577	18.6665
ERR13927339.22484	1642	17.1998
ERR13927339.22485	1565	15.3987
ERR13927339.22486	1582	19.1618
ERR13927339.22487	1615	19.6935
ERR13927339.22488	1605	17.2779
ERR13927339.22489	1579	17.4110
ERR13927339.22490	1521	19.9001
ERR13927339.22491	1549	18.0549
ERR13927339.22492	1570	20.2153
ERR13927339.22493	1579	16.7796
ERR13927339.22494	1584	20.2355
ERR13927339.22495	1548	18.2939
ERR13927339.22496	1568	16.6556
ERR13927339.22497	1548	20.1466
ERR13927339.22498	795	18.4943
ERR13927339.22499	1568	19.0159
ERR13927339.22500	1587	20.6194
ERR13927339.22501	1575	15.4324
ERR13927339.22502	1572	17.4746
ERR13927339.22503	1608	15.0504
ERR13927339.22504	1606	17.3306
ERR13927339.22505	1585	20.8448
ERR13927339.22506	1627	16.8500
ERR13927339.22507	1600	19.1725
ERR13927339.22508	1591	17.1150
ERR13927339.22509	1467	18.8494
ERR13927339.22510	1544	18.9035
ERR13927339.22511	1563	15.6251
ERR13927339.22512	1646	19.6312
ERR13927339.22513	1562	16.0775
ERR13927339.22514	1574	17.3793
ERR13927339.22515	1543	17.5885
ERR13927339.22516	1579	19.1704
ERR13927339.22517	1546	17.8448
ERR13927339.22518	1571	15.7276
ERR13927339.22519	1605	16.3153
ERR13927339.22520	1582	18.4576
ERR13927339.22521	1593	19.7941
ERR13927339.22522	1556	19.2172
ERR13927339.22523	1504	17.4528
ERR13927339.22524	1565	15.9495
ERR13927339.22525	1578	18.4981
ERR13927339.22526	1587	20.1972
ERR13927339.22527	1581	19.9323
ERR13927339.22528	1561	20.5874
ERR13927339.22529	1607	16.4157
ERR13927339.22530	1577	17.3056
ERR13927339.22531	1574	18.8996
ERR13927339.22532	805	17.7466
ERR13927339.22533	1617	17.2622
ERR13927339.22534	1577	16.6633
ERR13927339.22535	1576	19.5393
ERR13927339.22536	1623	14.3130
ERR13927339.22537	1579	15.6016
ERR13927339.22538	1562	18.7516
ERR13927339.22539	1567	14.7128
ERR13927339.22540	1564	20.1132
ERR13927339.22541	1564	19.1643
ERR13927339.22542	1663	16.6182
ERR13927339.22543	1579	17.8328
ERR13927339.22544	1616	17.0619
ERR13927339.22545	1581	18.9690
ERR13927339.22546	1568	15.4962
ERR13927339.22547	1558	18.7490
ERR13927339.22548	1561	18.5432
ERR13927339.22549	1582	17.7054
ERR13927339.22550	1559	18.5831
ERR13927339.22551	1548	14.9322
ERR13927339.22552	1565	19.2415
ERR13927339.22553	1496	18.0033
ERR13927339.22554	1550	20.7897
ERR13927339.22555	1554	16.7207
ERR13927339.22556	1568	21.5249
ERR13927339.22557	1562	19.6460
ERR13927339.22558	1587	21.0989
ERR13927339.22559	1586	19.7610
ERR13927339.22560	1606	19.7267
ERR13927339.22561	1549	17.1472
ERR13927339.22562	1568	17.3017
ERR13927339.22563	1589	20.0308
ERR13927339.22564	1552	20.3982
ERR13927339.22565	1594	17.5878
ERR13927339.22566	1573	19.3821
ERR13927339.22567	1557	17.9441
ERR13927339.22568	1580	17.9949
ERR13927339.22569	969	13.6821
ERR13927339.22570	1587	17.5621
ERR13927339.22571	1586	20.0757
ERR13927339.22572	1539	17.0442
ERR13927339.22573	973	15.2878
ERR13927339.22574	1596	17.4674
ERR13927339.22575	1553	18.1925
ERR13927339.22576	1564	19.8389
ERR13927339.22577	1558	15.4814
ERR13927339.22578	1584	21.4192
ERR13927339.22579	1586	20.7919
ERR13927339.22580	1573	19.3204
ERR13927339.22581	1572	17.8817
ERR13927339.22582	1571	20.3278
ERR13927339.22583	1599	17.7342
ERR13927339.22584	1585	20.4644
ERR13927339.22585	1565	20.8537
ERR13927339.22586	1579	15.5187
ERR13927339.22587	1591	16.5009
ERR13927339.22588	1593	19.5989
ERR13927339.22589	1548	15.0491
ERR13927339.22590	1590	18.6094
ERR13927339.22591	1637	18.0837
ERR13927339.22592	1568	20.2022
ERR13927339.22593	1602	14.7778
ERR13927339.22594	1559	19.6042
ERR13927339.22595	1654	17.3513
ERR13927339.22596	1577	19.0355
ERR13927339.22597	448	18.0312
ERR13927339.22598	1593	16.6748
ERR13927339.22599	1579	18.3920
ERR13927339.22600	1573	20.3795
ERR13927339.22601	1553	16.9794
ERR13927339.22602	1596	20.1228
ERR13927339.22603	1563	18.0883
ERR13927339.22604	1525	16.9495
ERR13927339.22605	1606	19.7802
ERR13927339.22606	1593	17.3189
ERR13927339.22607	1554	17.1274
ERR13927339.22608	1593	17.6127
ERR13927339.22609	1579	19.0982
ERR13927339.22610	1547	14.7647
ERR13927339.22611	1567	19.8385
ERR13927339.22612	1532	17.8270
ERR13927339.22613	1559	18.4580
ERR13927339.22614	1582	19.0411
ERR13927339.22615	1580	17.2968
ERR13927339.22616	1557	19.6448
ERR13927339.22617	1558	18.8460
ERR13927339.22618	1587	19.8204
ERR13927339.22619	1549	15.1052
ERR13927339.22620	1632	18.8254
ERR13927339.22621	1581	16.1499
ERR13927339.22622	1570	17.4822
ERR13927339.22623	1554	16.7014
ERR13927339.22624	1579	17.4243
ERR13927339.22625	1588	19.8885
ERR13927339.22626	1596	20.0332
ERR13927339.22627	1552	20.5187
ERR13927339.22628	1593	16.8619
ERR13927339.22629	1567	14.9994
ERR13927339.22630	669	20.4918
ERR13927339.22631	1604	17.2051
ERR13927339.22632	1555	17.6412
ERR13927339.22633	1618	18.6675
ERR13927339.22634	1619	19.8561
ERR13927339.22635	1582	16.5114
ERR13927339.22636	1578	19.1857
ERR13927339.22637	1614	19.1877
ERR13927339.22638	1554	17.5438
ERR13927339.22639	1542	19.4280
ERR13927339.22640	1618	22.8498
ERR13927339.22641	1573	16.3013
ERR13927339.22642	1589	18.7105
ERR13927339.22643	1633	19.6326
ERR13927339.22644	1551	19.5171
ERR13927339.22645	1571	17.6340
ERR13927339.22646	1535	14.7720
ERR13927339.22647	1567	21.9445
ERR13927339.22648	1513	17.8764
ERR13927339.22649	1579	20.4250
ERR13927339.22650	1602	17.5462
ERR13927339.22651	1562	19.8867
ERR13927339.22652	1608	19.0690
ERR13927339.22653	1547	16.8074
ERR13927339.22654	1569	19.9076
ERR13927339.22655	1564	17.4066
ERR13927339.22656	1583	16.7113
ERR13927339.22657	1589	17.7470
ERR13927339.22658	1554	17.9015
ERR13927339.22659	1550	15.3432
ERR13927339.22660	1578	20.1629
ERR13927339.22661	1569	19.5666
ERR13927339.22662	1592	18.7443
ERR13927339.22663	1564	15.8824
ERR13927339.22664	1563	18.0205
ERR13927339.22665	1573	18.9421
ERR13927339.22666	1572	21.1501
ERR13927339.22667	1607	20.6490
ERR13927339.22668	1598	14.7879
ERR13927339.22669	1586	21.2074
ERR13927339.22670	1567	16.1889
ERR13927339.22671	1602	19.2441
ERR13927339.22672	1568	18.6754
ERR13927339.22673	1558	18.2497
ERR13927339.22674	1582	21.1941
ERR13927339.22675	1690	18.4799
ERR13927339.22676	1574	17.6182
ERR13927339.22677	1543	14.8425
ERR13927339.22678	1615	18.5709
ERR13927339.22679	1518	15.7701
ERR13927339.22680	1615	15.8440
ERR13927339.22681	1591	18.9076
ERR13927339.22682	1578	19.8904
ERR13927339.22683	1590	18.9591
ERR13927339.22684	1595	17.9455
ERR13927339.22685	1577	16.7337
ERR13927339.22686	1550	17.8323
ERR13927339.22687	1385	16.6065
ERR13927339.22688	1579	21.0931
ERR13927339.22689	1460	15.4822
ERR13927339.22690	1592	19.7613
ERR13927339.22691	1594	19.1562
ERR13927339.22692	1442	18.7136
ERR13927339.22693	1614	20.4021
ERR13927339.22694	1562	19.9302
ERR13927339.22695	1581	21.3833
ERR13927339.22696	1594	18.4097
ERR13927339.22697	1495	15.3920
ERR13927339.22698	1569	20.5290
ERR13927339.22699	1549	19.0820
ERR13927339.22700	1565	22.8083
ERR13927339.22701	1540	16.0253
ERR13927339.22702	1582	15.0740
ERR13927339.22703	1572	18.5083
ERR13927339.22704	1586	19.5908
ERR13927339.22705	1611	13.9336
ERR13927339.22706	1589	17.6740
ERR13927339.22707	1570	21.3624
ERR13927339.22708	1569	18.7718
ERR13927339.22709	1517	16.3223
ERR13927339.22710	1593	17.7797
ERR13927339.22711	1592	20.9359
ERR13927339.22712	1515	19.9842
ERR13927339.22713	1596	17.8446
ERR13927339.22714	1556	17.3901
ERR13927339.22715	1577	16.7692
ERR13927339.22716	1568	16.7679
ERR13927339.22717	1528	16.7611
ERR13927339.22718	1541	15.7690
ERR13927339.22719	1559	18.3894
ERR13927339.22720	1604	17.7001
ERR13927339.22721	1577	18.4908
ERR13927339.22722	1588	20.3067
ERR13927339.22723	1587	18.1846
ERR13927339.22724	1574	17.3247
ERR13927339.22725	1567	15.9745
ERR13927339.22726	1556	19.7789
ERR13927339.22727	1574	16.8355
ERR13927339.22728	1566	17.0000
ERR13927339.22729	1586	19.0958
ERR13927339.22730	1566	21.0421
ERR13927339.22731	1591	18.6725
ERR13927339.22732	1560	18.8769
ERR13927339.22733	1614	18.5458
ERR13927339.22734	1548	17.4683
ERR13927339.22735	1595	18.8144
ERR13927339.22736	1585	19.2423
ERR13927339.22737	1531	15.8302
ERR13927339.22738	1619	19.1686
ERR13927339.22739	1566	21.0504
ERR13927339.22740	1572	17.8613
ERR13927339.22741	1587	17.9452
ERR13927339.22742	1591	17.7882
ERR13927339.22743	1552	21.6630
ERR13927339.22744	1597	18.8522
ERR13927339.22745	412	13.9005
ERR13927339.22746	1580	18.2981
ERR13927339.22747	1575	19.3803
ERR13927339.22748	1624	17.4255
ERR13927339.22749	1570	19.6529
ERR13927339.22750	1584	20.0751
ERR13927339.22751	1594	19.6311
ERR13927339.22752	1569	19.7706
ERR13927339.22753	1593	19.7564
ERR13927339.22754	1593	17.0804
ERR13927339.22755	1621	19.1585
ERR13927339.22756	1601	20.7420
ERR13927339.22757	1667	18.8014
ERR13927339.22758	1588	15.6581
ERR13927339.22759	1629	19.1602
ERR13927339.22760	1566	21.4604
ERR13927339.22761	1551	18.2824
ERR13927339.22762	1624	20.2722
ERR13927339.22763	1559	15.0892
ERR13927339.22764	301	15.0365
ERR13927339.22765	1556	19.7314
ERR13927339.22766	1582	19.9545
ERR13927339.22767	1584	17.7140
ERR13927339.22768	1529	13.6396
ERR13927339.22769	1575	19.5321
ERR13927339.22770	1559	19.9282
ERR13927339.22771	1607	18.0884
ERR13927339.22772	1557	18.5601
ERR13927339.22773	1530	17.8915
ERR13927339.22774	1578	21.1375
ERR13927339.22775	1570	19.4497
ERR13927339.22776	1542	14.5798
ERR13927339.22777	1588	17.9408
ERR13927339.22778	1568	17.4471
ERR13927339.22779	1593	16.9190
ERR13927339.22780	1556	15.1703
ERR13927339.22781	1549	20.0058
ERR13927339.22782	1575	21.4444
ERR13927339.22783	1600	19.6656
ERR13927339.22784	1616	21.4870
ERR13927339.22785	1564	18.3216
ERR13927339.22786	1576	19.9892
ERR13927339.22787	1555	19.5305
ERR13927339.22788	1572	19.0401
ERR13927339.22789	1600	16.2569
ERR13927339.22790	1587	18.6994
ERR13927339.22791	1570	19.1758
ERR13927339.22792	1587	15.7650
ERR13927339.22793	1550	15.9729
ERR13927339.22794	1565	17.8000
ERR13927339.22795	1548	16.2939
ERR13927339.22796	1560	18.4551
ERR13927339.22797	1600	18.9088
ERR13927339.22798	1560	17.7788
ERR13927339.22799	1575	18.4368
ERR13927339.22800	1545	17.8291
ERR13927339.22801	1326	16.2391
ERR13927339.22802	1564	18.2187
ERR13927339.22803	1560	18.1731
ERR13927339.22804	1571	18.2928
ERR13927339.22805	1694	14.8247
ERR13927339.22806	1576	17.6307
ERR13927339.22807	1553	15.5628
ERR13927339.22808	1572	18.3200
ERR13927339.22809	1607	18.5072
ERR13927339.22810	658	13.5593
ERR13927339.22811	5743	19.3193
ERR13927339.22812	1147	15.6975
ERR13927339.22813	1574	20.8895
ERR13927339.22814	1618	20.2583
ERR13927339.22815	1627	19.7351
ERR13927339.22816	1572	18.4294
ERR13927339.22817	1565	17.1885
ERR13927339.22818	1550	17.4077
ERR13927339.22819	1550	18.0961
ERR13927339.22820	1593	19.5863
ERR13927339.22821	1511	19.5705
ERR13927339.22822	1553	16.3645
ERR13927339.22823	1594	19.5138
ERR13927339.22824	1580	20.2152
ERR13927339.22825	1087	13.4664
ERR13927339.22826	1631	21.3403
ERR13927339.22827	1606	19.0000
ERR13927339.22828	1589	17.3310
ERR13927339.22829	1570	16.3548
ERR13927339.22830	1578	16.6204
ERR13927339.22831	1529	17.3022
ERR13927339.22832	1608	17.9235
ERR13927339.22833	1546	17.6591
ERR13927339.22834	1575	19.4781
ERR13927339.22835	1591	19.7146
ERR13927339.22836	1519	15.8348
ERR13927339.22837	1561	18.3113
ERR13927339.22838	1557	17.2531
ERR13927339.22839	1599	18.1582
ERR13927339.22840	1594	20.0847
ERR13927339.22841	1553	17.7270
ERR13927339.22842	1583	20.0853
ERR13927339.22843	1556	17.4910
ERR13927339.22844	1604	20.3354
ERR13927339.22845	1556	16.7179
ERR13927339.22846	1565	19.8518
ERR13927339.22847	1559	16.9301
ERR13927339.22848	1553	20.1977
ERR13927339.22849	1574	19.6658
ERR13927339.22850	1568	15.7162
ERR13927339.22851	1535	19.1909
ERR13927339.22852	1561	17.9007
ERR13927339.22853	1544	16.1237
ERR13927339.22854	1574	20.5407
ERR13927339.22855	1612	16.3493
ERR13927339.22856	1577	18.6100
ERR13927339.22857	1586	15.7856
ERR13927339.22858	1565	19.0415
ERR13927339.22859	1607	19.5532
ERR13927339.22860	1571	20.8192
ERR13927339.22861	1543	20.8108
ERR13927339.22862	1560	18.0827
ERR13927339.22863	1576	19.7963
ERR13927339.22864	1555	20.4572
ERR13927339.22865	1570	20.4076
ERR13927339.22866	1556	17.1941
ERR13927339.22867	1580	19.4709
ERR13927339.22868	1543	19.9300
ERR13927339.22869	1581	14.5262
ERR13927339.22870	1540	16.9552
ERR13927339.22871	1574	20.4130
ERR13927339.22872	1559	18.1815
ERR13927339.22873	1559	17.2579
ERR13927339.22874	1601	19.9675
ERR13927339.22875	1584	17.8295
ERR13927339.22876	1602	20.7896
ERR13927339.22877	1574	16.2306
ERR13927339.22878	1586	19.9641
ERR13927339.22879	1568	19.6473
ERR13927339.22880	1574	21.4981
ERR13927339.22881	1559	15.7338
ERR13927339.22882	1558	18.5116
ERR13927339.22883	1565	18.4780
ERR13927339.22884	1569	18.3486
ERR13927339.22885	1548	16.2035
ERR13927339.22886	1563	20.0032
ERR13927339.22887	1571	19.2826
ERR13927339.22888	1544	18.8238
ERR13927339.22889	1576	17.9201
ERR13927339.22890	1591	19.7957
ERR13927339.22891	1613	21.2443
ERR13927339.22892	1580	18.6171
ERR13927339.22893	1565	17.1061
ERR13927339.22894	1559	14.6908
ERR13927339.22895	1533	16.4592
ERR13927339.22896	1579	17.8220
ERR13927339.22897	1603	15.7848
ERR13927339.22898	1571	18.3558
ERR13927339.22899	1620	17.4093
ERR13927339.22900	1554	16.4408
ERR13927339.22901	1591	19.2816
ERR13927339.22902	1566	20.4623
ERR13927339.22903	1554	15.3874
ERR13927339.22904	1572	16.9472
ERR13927339.22905	1543	22.1251
ERR13927339.22906	1612	18.9665
ERR13927339.22907	1590	20.0862
ERR13927339.22908	1695	16.0543
ERR13927339.22909	1563	20.0608
ERR13927339.22910	1596	19.9511
ERR13927339.22911	1614	19.9083
ERR13927339.22912	1552	18.8073
ERR13927339.22913	1489	17.9926
ERR13927339.22914	1603	17.8341
ERR13927339.22915	1178	17.1503
ERR13927339.22916	1334	18.6634
ERR13927339.22917	1642	20.0633
ERR13927339.22918	1594	19.5452
ERR13927339.22919	1595	19.2301
ERR13927339.22920	1599	20.5441
ERR13927339.22921	1574	20.1233
ERR13927339.22922	1565	20.0524
ERR13927339.22923	1516	16.8865
ERR13927339.22924	1383	19.1605
ERR13927339.22925	1509	16.0961
ERR13927339.22926	1556	16.6343
ERR13927339.22927	1562	20.2817
ERR13927339.22928	1524	20.3944
ERR13927339.22929	1593	20.4871
ERR13927339.22930	1552	17.4304
ERR13927339.22931	1567	20.6796
ERR13927339.22932	1594	20.8701
ERR13927339.22933	1603	16.9757
ERR13927339.22934	1604	19.7089
ERR13927339.22935	1571	16.3348
ERR13927339.22936	1566	20.1169
ERR13927339.22937	1616	17.0767
ERR13927339.22938	1611	21.5717
ERR13927339.22939	1162	18.4484
ERR13927339.22940	1555	20.3370
ERR13927339.22941	1584	20.2803
ERR13927339.22942	1611	19.3451
ERR13927339.22943	1545	15.2233
ERR13927339.22944	1576	17.8712
ERR13927339.22945	1574	17.3443
ERR13927339.22946	1614	19.7528
ERR13927339.22947	1578	20.8910
ERR13927339.22948	1622	20.5173
ERR13927339.22949	1550	16.4535
ERR13927339.22950	1598	20.8185
ERR13927339.22951	1555	15.8997
ERR13927339.22952	1593	20.6390
ERR13927339.22953	1574	18.4098
ERR13927339.22954	1630	16.6626
ERR13927339.22955	1603	18.3911
ERR13927339.22956	1576	17.9137
ERR13927339.22957	1567	15.2457
ERR13927339.22958	1568	18.0096
ERR13927339.22959	1547	17.4990
ERR13927339.22960	1564	18.6362
ERR13927339.22961	1591	19.3036
ERR13927339.22962	1569	20.5194
ERR13927339.22963	1597	18.7608
ERR13927339.22964	1555	18.2527
ERR13927339.22965	1568	18.2895
ERR13927339.22966	1622	16.7768
ERR13927339.22967	1568	17.1480
ERR13927339.22968	1581	19.9608
ERR13927339.22969	1602	17.8421
ERR13927339.22970	1584	19.8384
ERR13927339.22971	1593	19.2888
ERR13927339.22972	1558	20.7169
ERR13927339.22973	1621	18.8199
ERR13927339.22974	1605	17.6623
ERR13927339.22975	1553	20.1223
ERR13927339.22976	1595	20.3480
ERR13927339.22977	1555	15.7357
ERR13927339.22978	1621	19.8717
ERR13927339.22979	1604	20.0686
ERR13927339.22980	1574	19.3126
ERR13927339.22981	1597	19.2304
ERR13927339.22982	1574	20.1029
ERR13927339.22983	1560	18.5442
ERR13927339.22984	1576	15.6618
ERR13927339.22985	1564	18.5665
ERR13927339.22986	1573	22.9263
ERR13927339.22987	1589	19.8037
ERR13927339.22988	1592	20.1018
ERR13927339.22989	1539	19.3899
ERR13927339.22990	1601	20.1380
ERR13927339.22991	1554	18.1377
ERR13927339.22992	1583	19.5799
ERR13927339.22993	1625	20.7883
ERR13927339.22994	1647	17.0267
ERR13927339.22995	1585	16.3956
ERR13927339.22996	1619	14.5053
ERR13927339.22997	1618	19.9703
ERR13927339.22998	1570	19.7299
ERR13927339.22999	1643	17.3694
ERR13927339.23000	1569	17.8630
ERR13927339.23001	1594	15.5935
ERR13927339.23002	1554	15.3867
ERR13927339.23003	1616	16.4740
ERR13927339.23004	1601	18.0768
ERR13927339.23005	1575	17.1397
ERR13927339.23006	1552	16.1540
ERR13927339.23007	1540	17.9578
ERR13927339.23008	1557	16.6654
ERR13927339.23009	1592	18.3147
ERR13927339.23010	1583	17.8882
ERR13927339.23011	1585	19.4196
ERR13927339.23012	1599	19.4934
ERR13927339.23013	1515	18.3393
ERR13927339.23014	1557	17.9300
ERR13927339.23015	1593	19.1456
ERR13927339.23016	1575	18.5695
ERR13927339.23017	1611	14.6356
ERR13927339.23018	1570	16.7503
ERR13927339.23019	1555	19.8367
ERR13927339.23020	1569	19.4340
ERR13927339.23021	1568	16.0000
ERR13927339.23022	1570	21.1414
ERR13927339.23023	1582	18.4874
ERR13927339.23024	1587	18.0176
ERR13927339.23025	1560	19.9968
ERR13927339.23026	1558	20.6187
ERR13927339.23027	1584	19.5985
ERR13927339.23028	1525	15.5252
ERR13927339.23029	1581	16.7736
ERR13927339.23030	1571	19.8631
ERR13927339.23031	1587	18.3730
ERR13927339.23032	1610	21.0155
ERR13927339.23033	1574	19.3037
ERR13927339.23034	1600	19.4056
ERR13927339.23035	1530	15.9431
ERR13927339.23036	175	16.7371
ERR13927339.23037	231	14.2165
ERR13927339.23038	1604	19.8498
ERR13927339.23039	390	13.7179
ERR13927339.23040	1572	18.2634
ERR13927339.23041	1558	19.4069
ERR13927339.23042	1602	19.3246
ERR13927339.23043	1616	19.9827
ERR13927339.23044	1575	19.0946
ERR13927339.23045	1580	17.2120
ERR13927339.23046	1572	18.9796
ERR13927339.23047	1626	18.0879
ERR13927339.23048	1585	16.9060
ERR13927339.23049	1574	19.1258
ERR13927339.23050	3490	18.2851
ERR13927339.23051	1623	19.2766
ERR13927339.23052	1549	17.1685
ERR13927339.23053	1614	16.8538
ERR13927339.23054	1611	20.0410
ERR13927339.23055	1577	19.8808
ERR13927339.23056	1550	18.4419
ERR13927339.23057	1590	14.8717
ERR13927339.23058	1600	21.3881
ERR13927339.23059	1562	14.4603
ERR13927339.23060	1611	20.6617
ERR13927339.23061	1572	22.6342
ERR13927339.23062	1572	19.4396
ERR13927339.23063	1603	19.0106
ERR13927339.23064	1645	20.7733
ERR13927339.23065	1578	15.4670
ERR13927339.23066	657	15.3105
ERR13927339.23067	1590	17.3094
ERR13927339.23068	1583	20.6008
ERR13927339.23069	1576	18.3877
ERR13927339.23070	1567	14.9617
ERR13927339.23071	1598	20.7954
ERR13927339.23072	1572	14.6266
ERR13927339.23073	1550	18.0452
ERR13927339.23074	1592	16.2098
ERR13927339.23075	1590	19.8088
ERR13927339.23076	1580	20.3759
ERR13927339.23077	1580	16.5405
ERR13927339.23078	1614	18.9950
ERR13927339.23079	1579	18.1349
ERR13927339.23080	1555	17.8534
ERR13927339.23081	1575	18.9378
ERR13927339.23082	1630	18.1699
ERR13927339.23083	1570	18.3350
ERR13927339.23084	1571	19.7950
ERR13927339.23085	1569	18.1001
ERR13927339.23086	1580	15.4215
ERR13927339.23087	1571	20.6805
ERR13927339.23088	1590	14.4704
ERR13927339.23089	1578	16.1096
ERR13927339.23090	1583	21.1958
ERR13927339.23091	1564	19.7570
ERR13927339.23092	1576	19.5044
ERR13927339.23093	1565	17.7482
ERR13927339.23094	1552	18.4955
ERR13927339.23095	1556	20.0251
ERR13927339.23096	1502	20.6758
ERR13927339.23097	1585	16.4688
ERR13927339.23098	1583	19.5268
ERR13927339.23099	1566	19.5798
ERR13927339.23100	1554	18.1184
ERR13927339.23101	1538	16.1931
ERR13927339.23102	1575	17.5956
ERR13927339.23103	1575	17.5543
ERR13927339.23104	1597	18.4239
ERR13927339.23105	1582	19.9229
ERR13927339.23106	1557	16.1310
ERR13927339.23107	1546	16.0899
ERR13927339.23108	1577	21.4204
ERR13927339.23109	1614	17.9486
ERR13927339.23110	1577	15.0970
ERR13927339.23111	1588	18.4200
ERR13927339.23112	1602	17.3945
ERR13927339.23113	1603	17.8035
ERR13927339.23114	1592	16.5088
ERR13927339.23115	1556	20.5938
ERR13927339.23116	1567	17.1819
ERR13927339.23117	1574	21.3183
ERR13927339.23118	1582	18.1030
ERR13927339.23119	1597	15.9261
ERR13927339.23120	1590	17.8465
ERR13927339.23121	1595	19.6357
ERR13927339.23122	1575	20.3721
ERR13927339.23123	1546	19.4994
ERR13927339.23124	1558	19.5995
ERR13927339.23125	1563	21.0397
ERR13927339.23126	1540	20.3039
ERR13927339.23127	1593	21.6095
ERR13927339.23128	1554	19.1081
ERR13927339.23129	1572	19.2780
ERR13927339.23130	1566	19.1628
ERR13927339.23131	1583	20.0903
ERR13927339.23132	1545	20.1016
ERR13927339.23133	1587	20.0120
ERR13927339.23134	1574	19.9733
ERR13927339.23135	1517	19.7607
ERR13927339.23136	1578	18.3587
ERR13927339.23137	1585	17.3905
ERR13927339.23138	1578	17.0165
ERR13927339.23139	1584	17.7077
ERR13927339.23140	1571	17.5818
ERR13927339.23141	1543	15.2223
ERR13927339.23142	1576	20.1447
ERR13927339.23143	828	12.3889
ERR13927339.23144	1595	17.5417
ERR13927339.23145	1573	17.7088
ERR13927339.23146	1576	20.2329
ERR13927339.23147	1576	18.9956
ERR13927339.23148	1621	20.2036
ERR13927339.23149	1583	15.3721
ERR13927339.23150	1602	20.0144
ERR13927339.23151	1583	21.3784
ERR13927339.23152	1643	19.9160
ERR13927339.23153	1575	16.4692
ERR13927339.23154	1546	17.1559
ERR13927339.23155	1160	15.2534
ERR13927339.23156	1563	17.4293
ERR13927339.23157	1521	21.3051
ERR13927339.23158	1624	20.9046
ERR13927339.23159	1583	19.1744
ERR13927339.23160	1627	20.1801
ERR13927339.23161	1606	19.2615
ERR13927339.23162	1568	16.5727
ERR13927339.23163	1590	17.6453
ERR13927339.23164	1591	17.9591
ERR13927339.23165	1540	17.7727
ERR13927339.23166	1612	18.0676
ERR13927339.23167	1614	18.9126
ERR13927339.23168	1588	18.8186
ERR13927339.23169	1547	18.7233
ERR13927339.23170	1618	17.6792
ERR13927339.23171	1539	16.3307
ERR13927339.23172	1846	18.4740
ERR13927339.23173	1585	14.4259
ERR13927339.23174	1604	19.7918
ERR13927339.23175	1603	18.3855
ERR13927339.23176	1580	19.9089
ERR13927339.23177	1597	18.3914
ERR13927339.23178	3103	19.8862
ERR13927339.23179	1540	14.3234
ERR13927339.23180	1560	17.3551
ERR13927339.23181	1557	17.9968
ERR13927339.23182	1619	16.6103
ERR13927339.23183	1569	18.1166
ERR13927339.23184	1614	19.3055
ERR13927339.23185	1540	18.3474
ERR13927339.23186	1545	19.3566
ERR13927339.23187	1590	20.6428
ERR13927339.23188	1554	19.1551
ERR13927339.23189	1576	18.8820
ERR13927339.23190	1572	16.3314
ERR13927339.23191	1568	17.7628
ERR13927339.23192	1612	20.4808
ERR13927339.23193	1586	15.0990
ERR13927339.23194	1602	16.4738
ERR13927339.23195	1563	16.3896
ERR13927339.23196	1538	18.8459
ERR13927339.23197	1552	21.7010
ERR13927339.23198	1614	14.4356
ERR13927339.23199	1553	15.4449
ERR13927339.23200	1554	17.4466
ERR13927339.23201	1595	17.5530
ERR13927339.23202	1578	17.7370
ERR13927339.23203	1626	19.4815
ERR13927339.23204	1606	18.0187
ERR13927339.23205	1570	15.9618
ERR13927339.23206	1573	19.8195
ERR13927339.23207	1595	20.0232
ERR13927339.23208	1621	19.3029
ERR13927339.23209	1613	16.1631
ERR13927339.23210	1577	17.3075
ERR13927339.23211	1661	18.3347
ERR13927339.23212	1544	15.3737
ERR13927339.23213	1540	16.7045
ERR13927339.23214	1570	19.8701
ERR13927339.23215	1602	15.8908
ERR13927339.23216	1570	16.2490
ERR13927339.23217	1599	16.9400
ERR13927339.23218	1582	17.6416
ERR13927339.23219	1611	15.2744
ERR13927339.23220	1557	20.9319
ERR13927339.23221	1588	18.8237
ERR13927339.23222	1575	17.1403
ERR13927339.23223	1612	16.8431
ERR13927339.23224	1560	19.7109
ERR13927339.23225	1585	17.8890
ERR13927339.23226	1553	19.1217
ERR13927339.23227	1563	19.1715
ERR13927339.23228	1624	20.9446
ERR13927339.23229	1684	19.8848
ERR13927339.23230	1561	17.6176
ERR13927339.23231	1569	15.6335
ERR13927339.23232	1377	19.8656
ERR13927339.23233	1562	18.4059
ERR13927339.23234	1556	18.5970
ERR13927339.23235	1569	20.7495
ERR13927339.23236	1530	17.0176
ERR13927339.23237	1579	19.0234
ERR13927339.23238	1585	18.6032
ERR13927339.23239	1598	18.0889
ERR13927339.23240	1579	16.5655
ERR13927339.23241	1563	18.8740
ERR13927339.23242	1591	17.2162
ERR13927339.23243	1167	14.0317
ERR13927339.23244	1561	17.8296
ERR13927339.23245	1576	18.7525
ERR13927339.23246	1566	18.2739
ERR13927339.23247	1597	24.0013
ERR13927339.23248	1618	19.3467
ERR13927339.23249	1587	20.5577
ERR13927339.23250	1546	16.0259
ERR13927339.23251	1524	16.1430
ERR13927339.23252	1578	19.7262
ERR13927339.23253	422	13.3863
ERR13927339.23254	1593	17.7558
ERR13927339.23255	1563	15.6974
ERR13927339.23256	1568	19.8131
ERR13927339.23257	1555	15.8347
ERR13927339.23258	1465	15.7747
ERR13927339.23259	1578	20.0672
ERR13927339.23260	1573	19.7184
ERR13927339.23261	1576	16.2278
ERR13927339.23262	1569	20.7859
ERR13927339.23263	1618	20.4901
ERR13927339.23264	1557	18.9872
ERR13927339.23265	1572	18.9377
ERR13927339.23266	1074	17.0298
ERR13927339.23267	1585	16.1401
ERR13927339.23268	1579	19.6840
ERR13927339.23269	1577	16.5675
ERR13927339.23270	1599	18.2226
ERR13927339.23271	1613	20.1401
ERR13927339.23272	1597	17.8647
ERR13927339.23273	1626	19.3745
ERR13927339.23274	1548	18.0052
ERR13927339.23275	1562	17.1978
ERR13927339.23276	1594	14.8971
ERR13927339.23277	1600	19.3031
ERR13927339.23278	1549	20.0000
ERR13927339.23279	1590	20.3453
ERR13927339.23280	1623	14.9519
ERR13927339.23281	1581	17.1954
ERR13927339.23282	1611	18.2079
ERR13927339.23283	1539	17.4750
ERR13927339.23284	1153	16.7693
ERR13927339.23285	1311	17.2731
ERR13927339.23286	1576	19.4740
ERR13927339.23287	1602	21.8121
ERR13927339.23288	1550	14.9942
ERR13927339.23289	1559	16.4535
ERR13927339.23290	1605	17.8131
ERR13927339.23291	1568	19.6869
ERR13927339.23292	1537	18.5530
ERR13927339.23293	1599	17.2220
ERR13927339.23294	1552	20.3518
ERR13927339.23295	1582	18.9482
ERR13927339.23296	1602	19.2522
ERR13927339.23297	1605	19.7975
ERR13927339.23298	1563	19.1382
ERR13927339.23299	1555	16.0887
ERR13927339.23300	1574	16.1715
ERR13927339.23301	1588	19.7412
ERR13927339.23302	1572	19.8919
ERR13927339.23303	1589	16.5834
ERR13927339.23304	1577	18.4008
ERR13927339.23305	1589	15.2473
ERR13927339.23306	1578	18.6755
ERR13927339.23307	1587	18.4896
ERR13927339.23308	1565	19.9623
ERR13927339.23309	1540	19.6071
ERR13927339.23310	1547	21.4434
ERR13927339.23311	1569	18.0637
ERR13927339.23312	1593	20.9605
ERR13927339.23313	1615	18.7851
ERR13927339.23314	1569	21.9892
ERR13927339.23315	1561	15.6489
ERR13927339.23316	1613	20.6014
ERR13927339.23317	1573	18.0737
ERR13927339.23318	1577	18.3158
ERR13927339.23319	1546	15.3124
ERR13927339.23320	1543	14.3895
ERR13927339.23321	1560	14.1571
ERR13927339.23322	1565	19.4224
ERR13927339.23323	1569	14.5328
ERR13927339.23324	1611	18.3296
ERR13927339.23325	1558	16.6252
ERR13927339.23326	1581	20.5218
ERR13927339.23327	1554	19.2754
ERR13927339.23328	1523	15.4077
ERR13927339.23329	1586	17.1734
ERR13927339.23330	1564	15.2986
ERR13927339.23331	1547	19.5895
ERR13927339.23332	1580	19.1297
ERR13927339.23333	1554	16.9106
ERR13927339.23334	1592	18.7908
ERR13927339.23335	1574	20.3011
ERR13927339.23336	1562	18.7337
ERR13927339.23337	1561	18.3280
ERR13927339.23338	1616	21.0229
ERR13927339.23339	1595	19.1204
ERR13927339.23340	1585	18.4290
ERR13927339.23341	1582	19.7162
ERR13927339.23342	1575	14.7879
ERR13927339.23343	1601	19.1543
ERR13927339.23344	1559	17.3740
ERR13927339.23345	1579	19.5909
ERR13927339.23346	1550	20.4639
ERR13927339.23347	1589	21.0491
ERR13927339.23348	1566	17.0026
ERR13927339.23349	1572	18.1768
ERR13927339.23350	1584	19.3182
ERR13927339.23351	1570	19.6822
ERR13927339.23352	1570	20.9790
ERR13927339.23353	1552	15.9659
ERR13927339.23354	1575	20.1213
ERR13927339.23355	1548	18.8463
ERR13927339.23356	1602	17.4769
ERR13927339.23357	1574	20.8564
ERR13927339.23358	1490	14.7584
ERR13927339.23359	1630	20.0681
ERR13927339.23360	1535	15.2678
ERR13927339.23361	1574	17.0140
ERR13927339.23362	1605	20.8953
ERR13927339.23363	1596	20.0808
ERR13927339.23364	1568	14.3635
ERR13927339.23365	1578	18.9442
ERR13927339.23366	1575	16.4229
ERR13927339.23367	1485	15.5845
ERR13927339.23368	1588	14.9238
ERR13927339.23369	1591	22.9881
ERR13927339.23370	1571	19.7702
ERR13927339.23371	1563	19.5656
ERR13927339.23372	1570	18.7567
ERR13927339.23373	1553	17.5390
ERR13927339.23374	254	13.5748
ERR13927339.23375	1567	19.8322
ERR13927339.23376	1577	18.3836
ERR13927339.23377	1602	20.2416
ERR13927339.23378	1561	15.6976
ERR13927339.23379	1620	18.4130
ERR13927339.23380	1595	20.0846
ERR13927339.23381	1552	17.8183
ERR13927339.23382	1584	15.7077
ERR13927339.23383	1554	17.4961
ERR13927339.23384	1555	17.7929
ERR13927339.23385	1570	16.9841
ERR13927339.23386	1580	16.9823
ERR13927339.23387	1571	17.3386
ERR13927339.23388	1572	17.8098
ERR13927339.23389	1580	20.7684
ERR13927339.23390	1603	21.1323
ERR13927339.23391	1599	21.1463
ERR13927339.23392	1591	17.3136
ERR13927339.23393	186	18.6882
ERR13927339.23394	1597	19.9937
ERR13927339.23395	1612	16.5831
ERR13927339.23396	1580	19.9380
ERR13927339.23397	1548	19.5110
ERR13927339.23398	1565	15.8249
ERR13927339.23399	1563	18.4798
ERR13927339.23400	1568	15.5587
ERR13927339.23401	1566	20.5862
ERR13927339.23402	796	19.3681
ERR13927339.23403	1608	17.2587
ERR13927339.23404	1542	18.7419
ERR13927339.23405	1619	20.3261
ERR13927339.23406	1614	18.6301
ERR13927339.23407	1528	17.3534
ERR13927339.23408	1291	17.6112
ERR13927339.23409	1594	16.2252
ERR13927339.23410	1546	21.1695
ERR13927339.23411	1562	19.5186
ERR13927339.23412	1086	16.9632
ERR13927339.23413	1541	17.6347
ERR13927339.23414	1569	19.4621
ERR13927339.23415	1584	18.1824
ERR13927339.23416	1580	17.3601
ERR13927339.23417	1624	19.9834
ERR13927339.23418	1529	15.4931
ERR13927339.23419	1572	20.0693
ERR13927339.23420	1560	15.2949
ERR13927339.23421	1564	17.6049
ERR13927339.23422	1532	14.7435
ERR13927339.23423	1613	19.2350
ERR13927339.23424	1566	18.6290
ERR13927339.23425	1567	18.7454
ERR13927339.23426	1622	18.9686
ERR13927339.23427	1577	20.6538
ERR13927339.23428	1557	18.0726
ERR13927339.23429	1562	19.5019
ERR13927339.23430	1607	16.5881
ERR13927339.23431	1592	19.3982
ERR13927339.23432	1567	20.0830
ERR13927339.23433	1590	17.5434
ERR13927339.23434	1571	20.8275
ERR13927339.23435	1591	18.1131
ERR13927339.23436	1587	16.1670
ERR13927339.23437	1625	15.7914
ERR13927339.23438	1605	17.5315
ERR13927339.23439	1610	18.2596
ERR13927339.23440	1584	17.6250
ERR13927339.23441	1589	21.2196
ERR13927339.23442	1545	20.1748
ERR13927339.23443	1580	19.5690
ERR13927339.23444	1606	20.1544
ERR13927339.23445	1563	16.2713
ERR13927339.23446	1563	21.6769
ERR13927339.23447	1559	21.7569
ERR13927339.23448	1585	19.8669
ERR13927339.23449	1546	16.5291
ERR13927339.23450	1577	20.5193
ERR13927339.23451	1629	17.3376
ERR13927339.23452	1592	19.6093
ERR13927339.23453	1588	20.6914
ERR13927339.23454	1569	21.1166
ERR13927339.23455	1541	18.9539
ERR13927339.23456	1595	14.6495
ERR13927339.23457	1572	19.7455
ERR13927339.23458	1546	22.5453
ERR13927339.23459	1562	18.1063
ERR13927339.23460	1559	20.2251
ERR13927339.23461	1593	18.1726
ERR13927339.23462	1584	17.7582
ERR13927339.23463	1536	19.6849
ERR13927339.23464	1583	13.9406
ERR13927339.23465	1579	20.4535
ERR13927339.23466	1550	19.6310
ERR13927339.23467	1560	18.5506
ERR13927339.23468	1566	19.7305
ERR13927339.23469	1567	19.8775
ERR13927339.23470	1588	17.3709
ERR13927339.23471	1570	20.2000
ERR13927339.23472	1573	20.5435
ERR13927339.23473	1042	14.9463
ERR13927339.23474	1573	21.2034
ERR13927339.23475	1581	18.6496
ERR13927339.23476	1560	18.3692
ERR13927339.23477	1557	17.4130
ERR13927339.23478	1489	17.0329
ERR13927339.23479	1548	16.2054
ERR13927339.23480	1574	19.2935
ERR13927339.23481	1582	15.6675
ERR13927339.23482	1577	17.3893
ERR13927339.23483	1573	20.5372
ERR13927339.23484	1558	19.9705
ERR13927339.23485	1583	21.2748
ERR13927339.23486	1566	18.6290
ERR13927339.23487	1665	18.8727
ERR13927339.23488	1586	21.1860
ERR13927339.23489	1619	16.1575
ERR13927339.23490	1647	17.9787
ERR13927339.23491	1577	18.5460
ERR13927339.23492	1578	19.1483
ERR13927339.23493	1577	20.2441
ERR13927339.23494	1566	20.2133
ERR13927339.23495	1567	17.5571
ERR13927339.23496	1576	20.6358
ERR13927339.23497	1571	19.7747
ERR13927339.23498	1605	17.8498
ERR13927339.23499	1574	21.0826
ERR13927339.23500	1577	17.4471
ERR13927339.23501	1579	17.6257
ERR13927339.23502	1571	20.8861
ERR13927339.23503	1585	19.1382
ERR13927339.23504	1572	19.7010
ERR13927339.23505	1572	19.8155
ERR13927339.23506	1590	20.1245
ERR13927339.23507	1566	18.8799
ERR13927339.23508	1579	21.2882
ERR13927339.23509	1563	14.8932
ERR13927339.23510	1556	17.5456
ERR13927339.23511	1565	19.9847
ERR13927339.23512	1590	18.1371
ERR13927339.23513	1571	19.4621
ERR13927339.23514	1576	18.7056
ERR13927339.23515	1606	17.9408
ERR13927339.23516	1608	20.1057
ERR13927339.23517	604	18.5762
ERR13927339.23518	1568	19.8374
ERR13927339.23519	1576	21.3084
ERR13927339.23520	1550	16.8471
ERR13927339.23521	1578	20.1781
ERR13927339.23522	1582	20.3502
ERR13927339.23523	1594	16.9310
ERR13927339.23524	1598	22.4643
ERR13927339.23525	1611	16.4736
ERR13927339.23526	1536	19.0306
ERR13927339.23527	1576	17.4201
ERR13927339.23528	1564	18.8510
ERR13927339.23529	1580	20.8044
ERR13927339.23530	1571	20.2247
ERR13927339.23531	1578	21.4151
ERR13927339.23532	1556	20.8907
ERR13927339.23533	1576	15.9036
ERR13927339.23534	1563	18.6577
ERR13927339.23535	1612	20.8337
ERR13927339.23536	1577	19.7070
ERR13927339.23537	1602	19.1629
ERR13927339.23538	1601	19.2305
ERR13927339.23539	1534	16.0430
ERR13927339.23540	1580	16.8563
ERR13927339.23541	1574	17.5743
ERR13927339.23542	1550	18.0832
ERR13927339.23543	1517	15.8293
ERR13927339.23544	1542	18.3632
ERR13927339.23545	1562	17.6601
ERR13927339.23546	1581	16.5756
ERR13927339.23547	1583	14.1687
ERR13927339.23548	1538	18.9161
ERR13927339.23549	1570	15.9917
ERR13927339.23550	1552	14.2661
ERR13927339.23551	1619	18.7295
ERR13927339.23552	1130	18.0195
ERR13927339.23553	1580	16.8722
ERR13927339.23554	1534	16.8188
ERR13927339.23555	1581	20.0658
ERR13927339.23556	231	14.6797
ERR13927339.23557	1583	19.4112
ERR13927339.23558	1537	20.0280
ERR13927339.23559	1576	20.6142
ERR13927339.23560	1574	21.5788
ERR13927339.23561	1580	15.4797
ERR13927339.23562	1578	15.7643
ERR13927339.23563	1568	21.7341
ERR13927339.23564	1557	18.2608
ERR13927339.23565	1571	19.9115
ERR13927339.23566	1578	20.7079
ERR13927339.23567	1541	14.8001
ERR13927339.23568	1562	20.1197
ERR13927339.23569	1588	19.0554
ERR13927339.23570	1572	20.6285
ERR13927339.23571	1585	19.9779
ERR13927339.23572	1570	18.0739
ERR13927339.23573	1620	15.6988
ERR13927339.23574	1566	20.1258
ERR13927339.23575	1572	17.7672
ERR13927339.23576	1533	18.9915
ERR13927339.23577	278	18.0144
ERR13927339.23578	1602	19.0780
ERR13927339.23579	1573	13.8989
ERR13927339.23580	1614	19.0037
ERR13927339.23581	1592	17.4209
ERR13927339.23582	1605	18.6212
ERR13927339.23583	1590	18.3113
ERR13927339.23584	1479	15.6748
ERR13927339.23585	1606	16.6687
ERR13927339.23586	1581	17.6951
ERR13927339.23587	1544	16.2027
ERR13927339.23588	1578	19.8707
ERR13927339.23589	1576	14.9835
ERR13927339.23590	1585	15.6379
ERR13927339.23591	1559	19.1046
ERR13927339.23592	1563	17.7665
ERR13927339.23593	1562	20.9859
ERR13927339.23594	1651	20.4155
ERR13927339.23595	1539	17.2294
ERR13927339.23596	1556	18.3432
ERR13927339.23597	1569	18.4780
ERR13927339.23598	1583	17.5685
ERR13927339.23599	1608	20.0728
ERR13927339.23600	1577	21.2150
ERR13927339.23601	1590	18.1132
ERR13927339.23602	1576	17.1288
ERR13927339.23603	1593	17.7539
ERR13927339.23604	1589	18.9402
ERR13927339.23605	1576	23.0520
ERR13927339.23606	1578	20.9487
ERR13927339.23607	1572	20.2716
ERR13927339.23608	1546	17.8105
ERR13927339.23609	1591	18.3935
ERR13927339.23610	1621	20.1882
ERR13927339.23611	1582	20.9671
ERR13927339.23612	1602	17.8533
ERR13927339.23613	1565	16.1847
ERR13927339.23614	1649	19.2177
ERR13927339.23615	1572	18.8760
ERR13927339.23616	1586	17.6261
ERR13927339.23617	1564	20.0396
ERR13927339.23618	1570	21.3707
ERR13927339.23619	1561	19.4651
ERR13927339.23620	1559	19.6838
ERR13927339.23621	1591	20.2137
ERR13927339.23622	1565	15.7629
ERR13927339.23623	1556	19.2815
ERR13927339.23624	1580	19.6867
ERR13927339.23625	1568	19.4203
ERR13927339.23626	1548	17.4890
ERR13927339.23627	1576	15.1003
ERR13927339.23628	1562	17.2964
ERR13927339.23629	1584	20.8422
ERR13927339.23630	1568	17.4050
ERR13927339.23631	1582	18.4178
ERR13927339.23632	1557	16.9660
ERR13927339.23633	1552	20.6669
ERR13927339.23634	1579	18.1590
ERR13927339.23635	1558	17.0526
ERR13927339.23636	1582	19.6290
ERR13927339.23637	1550	15.3303
ERR13927339.23638	1548	18.4025
ERR13927339.23639	1568	21.1849
ERR13927339.23640	1597	18.1234
ERR13927339.23641	1566	20.3135
ERR13927339.23642	1582	15.3919
ERR13927339.23643	1590	21.3440
ERR13927339.23644	1632	19.2892
ERR13927339.23645	1572	20.9001
ERR13927339.23646	1602	17.3471
ERR13927339.23647	1577	21.1211
ERR13927339.23648	1643	22.7596
ERR13927339.23649	1570	14.4433
ERR13927339.23650	1585	18.7079
ERR13927339.23651	1627	20.9299
ERR13927339.23652	1600	16.8531
ERR13927339.23653	1580	22.4082
ERR13927339.23654	1549	20.1233
ERR13927339.23655	1605	21.6773
ERR13927339.23656	1519	16.5188
ERR13927339.23657	1592	20.0251
ERR13927339.23658	1546	18.1539
ERR13927339.23659	1581	16.5237
ERR13927339.23660	1591	19.9321
ERR13927339.23661	1562	17.3675
ERR13927339.23662	1512	18.0628
ERR13927339.23663	1552	18.2043
ERR13927339.23664	1584	20.3081
ERR13927339.23665	1603	20.4910
ERR13927339.23666	1596	18.4098
ERR13927339.23667	1551	20.1799
ERR13927339.23668	1551	16.7866
ERR13927339.23669	1584	20.5347
ERR13927339.23670	1568	19.4879
ERR13927339.23671	1563	20.2374
ERR13927339.23672	1598	20.5438
ERR13927339.23673	1600	19.0325
ERR13927339.23674	1516	17.7830
ERR13927339.23675	1565	15.0722
ERR13927339.23676	1611	15.1229
ERR13927339.23677	1572	19.8174
ERR13927339.23678	1560	15.5840
ERR13927339.23679	1572	18.6654
ERR13927339.23680	1569	19.7221
ERR13927339.23681	1570	18.3758
ERR13927339.23682	1588	20.6599
ERR13927339.23683	1596	18.0796
ERR13927339.23684	1632	16.6464
ERR13927339.23685	1540	15.8799
ERR13927339.23686	1566	18.6047
ERR13927339.23687	1592	20.7186
ERR13927339.23688	1575	21.2921
ERR13927339.23689	1549	14.1511
ERR13927339.23690	1604	18.7893
ERR13927339.23691	1528	16.9941
ERR13927339.23692	1615	21.9969
ERR13927339.23693	1608	20.4652
ERR13927339.23694	408	14.9828
ERR13927339.23695	248	14.6976
ERR13927339.23696	1561	15.6528
ERR13927339.23697	1594	16.5640
ERR13927339.23698	1570	15.9204
ERR13927339.23699	1571	19.3081
ERR13927339.23700	1579	15.1780
ERR13927339.23701	1595	19.9862
ERR13927339.23702	1565	17.9859
ERR13927339.23703	1605	16.4343
ERR13927339.23704	1573	22.3579
ERR13927339.23705	1574	18.7846
ERR13927339.23706	1624	21.2789
ERR13927339.23707	1580	17.2468
ERR13927339.23708	1583	18.1036
ERR13927339.23709	1615	19.4087
ERR13927339.23710	1579	15.4155
ERR13927339.23711	1587	17.1456
ERR13927339.23712	1634	20.4596
ERR13927339.23713	1597	19.9743
ERR13927339.23714	1518	22.4466
ERR13927339.23715	1581	17.8450
ERR13927339.23716	1573	21.0788
ERR13927339.23717	1610	16.3696
ERR13927339.23718	1586	19.3285
ERR13927339.23719	1663	18.6428
ERR13927339.23720	1570	19.0573
ERR13927339.23721	1575	15.1124
ERR13927339.23722	1600	21.4506
ERR13927339.23723	1611	20.0528
ERR13927339.23724	1553	16.4823
ERR13927339.23725	1617	18.5306
ERR13927339.23726	1589	18.9566
ERR13927339.23727	1570	21.5331
ERR13927339.23728	1551	15.9955
ERR13927339.23729	1602	16.1848
ERR13927339.23730	1574	15.3748
ERR13927339.23731	1593	20.3427
ERR13927339.23732	1646	19.4727
ERR13927339.23733	1580	20.2386
ERR13927339.23734	1583	18.0632
ERR13927339.23735	1549	20.3538
ERR13927339.23736	1574	17.1830
ERR13927339.23737	1581	18.6926
ERR13927339.23738	1612	18.7252
ERR13927339.23739	1543	15.6455
ERR13927339.23740	1560	21.3135
ERR13927339.23741	1587	20.0265
ERR13927339.23742	1588	20.3879
ERR13927339.23743	1582	20.0158
ERR13927339.23744	1617	19.3043
ERR13927339.23745	1534	20.5522
ERR13927339.23746	1555	16.1704
ERR13927339.23747	1556	16.0925
ERR13927339.23748	1612	17.2097
ERR13927339.23749	1566	21.0211
ERR13927339.23750	1573	17.8786
ERR13927339.23751	1575	19.3200
ERR13927339.23752	1537	19.0865
ERR13927339.23753	1572	18.1374
ERR13927339.23754	1601	17.8264
ERR13927339.23755	1604	17.3279
ERR13927339.23756	1570	18.1688
ERR13927339.23757	1596	18.2794
ERR13927339.23758	1533	20.9791
ERR13927339.23759	1558	20.6232
ERR13927339.23760	1571	18.1063
ERR13927339.23761	1595	18.7580
ERR13927339.23762	1578	18.4195
ERR13927339.23763	1554	23.2227
ERR13927339.23764	1582	21.1264
ERR13927339.23765	1569	15.6635
ERR13927339.23766	1560	20.8571
ERR13927339.23767	1536	15.8451
ERR13927339.23768	1607	18.5227
ERR13927339.23769	1572	18.7564
ERR13927339.23770	1585	19.2467
ERR13927339.23771	1594	15.5332
ERR13927339.23772	1568	20.0714
ERR13927339.23773	1587	16.6616
ERR13927339.23774	1570	18.1732
ERR13927339.23775	1519	18.2140
ERR13927339.23776	1622	21.1233
ERR13927339.23777	1563	17.4549
ERR13927339.23778	1558	15.5770
ERR13927339.23779	1555	19.8379
ERR13927339.23780	1562	17.4616
ERR13927339.23781	1575	20.1778
ERR13927339.23782	1598	17.5000
ERR13927339.23783	1555	15.8720
ERR13927339.23784	1579	18.3984
ERR13927339.23785	1567	17.5552
ERR13927339.23786	1583	18.6387
ERR13927339.23787	1574	21.6747
ERR13927339.23788	1558	17.8171
ERR13927339.23789	1370	20.8642
ERR13927339.23790	1578	19.3302
ERR13927339.23791	1583	17.7751
ERR13927339.23792	1586	19.2453
ERR13927339.23793	1575	21.3016
ERR13927339.23794	1577	15.7603
ERR13927339.23795	1600	20.1950
ERR13927339.23796	1587	20.0674
ERR13927339.23797	1564	18.6202
ERR13927339.23798	1609	17.1081
ERR13927339.23799	1565	18.1406
ERR13927339.23800	1559	19.3945
ERR13927339.23801	1556	18.5540
ERR13927339.23802	1588	18.9314
ERR13927339.23803	1590	18.6000
ERR13927339.23804	1591	16.6945
ERR13927339.23805	1577	18.0679
ERR13927339.23806	1594	18.8971
ERR13927339.23807	1604	16.2494
ERR13927339.23808	1572	22.9981
ERR13927339.23809	1587	15.8954
ERR13927339.23810	1600	15.6956
ERR13927339.23811	1579	17.9873
ERR13927339.23812	1596	17.3966
ERR13927339.23813	1578	18.6286
ERR13927339.23814	1564	19.3088
ERR13927339.23815	1552	20.5747
ERR13927339.23816	1588	18.1700
ERR13927339.23817	631	13.1632
ERR13927339.23818	1606	16.2858
ERR13927339.23819	1579	18.1697
ERR13927339.23820	1598	19.9443
ERR13927339.23821	1567	15.9234
ERR13927339.23822	1566	15.9847
ERR13927339.23823	1578	19.9949
ERR13927339.23824	1567	20.4397
ERR13927339.23825	1566	17.3550
ERR13927339.23826	1584	18.0360
ERR13927339.23827	1575	19.8603
ERR13927339.23828	1595	17.6044
ERR13927339.23829	1585	16.1546
ERR13927339.23830	1591	20.5148
ERR13927339.23831	1581	16.2385
ERR13927339.23832	1577	20.5498
ERR13927339.23833	1605	17.6754
ERR13927339.23834	1572	21.5865
ERR13927339.23835	1585	17.9079
ERR13927339.23836	1630	20.8840
ERR13927339.23837	1556	20.6960
ERR13927339.23838	1582	15.3957
ERR13927339.23839	1554	18.1557
ERR13927339.23840	1587	17.2558
ERR13927339.23841	1557	17.6493
ERR13927339.23842	1590	16.9660
ERR13927339.23843	1279	18.3667
ERR13927339.23844	1582	19.2408
ERR13927339.23845	1560	21.1269
ERR13927339.23846	1616	18.4882
ERR13927339.23847	1576	21.1187
ERR13927339.23848	1577	18.6880
ERR13927339.23849	1563	17.9565
ERR13927339.23850	1515	14.6013
ERR13927339.23851	1562	17.6460
ERR13927339.23852	1567	19.3689
ERR13927339.23853	1608	20.5684
ERR13927339.23854	1605	16.6037
ERR13927339.23855	1563	16.6206
ERR13927339.23856	1569	14.6125
ERR13927339.23857	1544	17.4158
ERR13927339.23858	1563	14.6795
ERR13927339.23859	1576	19.0755
ERR13927339.23860	1582	18.5771
ERR13927339.23861	1603	16.3213
ERR13927339.23862	1571	18.9351
ERR13927339.23863	1549	16.3970
ERR13927339.23864	1590	18.9409
ERR13927339.23865	1576	18.9956
ERR13927339.23866	1580	18.4209
ERR13927339.23867	1591	15.8686
ERR13927339.23868	1629	18.3223
ERR13927339.23869	1603	20.3575
ERR13927339.23870	1566	19.3455
ERR13927339.23871	1590	18.3528
ERR13927339.23872	1569	19.6214
ERR13927339.23873	1549	15.1033
ERR13927339.23874	1585	21.4763
ERR13927339.23875	1568	17.8278
ERR13927339.23876	1577	16.9309
ERR13927339.23877	1538	20.6612
ERR13927339.23878	1490	19.9899
ERR13927339.23879	1581	17.9089
ERR13927339.23880	1587	17.0737
ERR13927339.23881	1591	15.3080
ERR13927339.23882	1588	16.1707
ERR13927339.23883	1586	15.1003
ERR13927339.23884	1574	15.5578
ERR13927339.23885	1556	18.0469
ERR13927339.23886	1570	20.6955
ERR13927339.23887	1532	18.8473
ERR13927339.23888	1566	16.2190
ERR13927339.23889	1566	21.3084
ERR13927339.23890	757	17.7437
ERR13927339.23891	1582	20.4001
ERR13927339.23892	1576	17.5895
ERR13927339.23893	1571	19.4214
ERR13927339.23894	1556	17.4621
ERR13927339.23895	1589	18.6350
ERR13927339.23896	1616	14.5885
ERR13927339.23897	1663	18.2201
ERR13927339.23898	1572	19.2163
ERR13927339.23899	1601	20.1936
ERR13927339.23900	1571	16.0732
ERR13927339.23901	1539	20.7576
ERR13927339.23902	1604	17.9906
ERR13927339.23903	1592	17.7525
ERR13927339.23904	1584	20.6218
ERR13927339.23905	1581	20.7160
ERR13927339.23906	1564	17.2954
ERR13927339.23907	1546	16.3700
ERR13927339.23908	1579	14.7289
ERR13927339.23909	1568	20.0740
ERR13927339.23910	1603	19.2439
ERR13927339.23911	1584	16.8876
ERR13927339.23912	1588	18.6045
ERR13927339.23913	1562	18.3470
ERR13927339.23914	1582	20.4260
ERR13927339.23915	1575	17.6267
ERR13927339.23916	1620	20.0117
ERR13927339.23917	1602	21.5581
ERR13927339.23918	1587	20.9761
ERR13927339.23919	1650	17.7285
ERR13927339.23920	1574	17.8634
ERR13927339.23921	1569	20.7999
ERR13927339.23922	1590	21.0686
ERR13927339.23923	1547	15.6218
ERR13927339.23924	1611	17.8231
ERR13927339.23925	1626	21.2054
ERR13927339.23926	1615	14.7492
ERR13927339.23927	1569	18.5118
ERR13927339.23928	1587	18.5803
ERR13927339.23929	1533	20.7117
ERR13927339.23930	1591	19.7913
ERR13927339.23931	1589	15.8521
ERR13927339.23932	1603	19.8235
ERR13927339.23933	1603	16.7941
ERR13927339.23934	1590	18.9843
ERR13927339.23935	1580	20.2595
ERR13927339.23936	1585	20.5640
ERR13927339.23937	1560	19.9103
ERR13927339.23938	1549	20.3841
ERR13927339.23939	1574	19.2776
ERR13927339.23940	1563	16.9450
ERR13927339.23941	1584	17.6092
ERR13927339.23942	1598	19.9174
ERR13927339.23943	1476	15.3957
ERR13927339.23944	1603	20.4273
ERR13927339.23945	847	18.1594
ERR13927339.23946	1597	20.4189
ERR13927339.23947	1553	16.5280
ERR13927339.23948	1594	18.6838
ERR13927339.23949	1606	20.7061
ERR13927339.23950	1574	16.2624
ERR13927339.23951	1582	18.7939
ERR13927339.23952	1577	19.9651
ERR13927339.23953	1578	19.7237
ERR13927339.23954	1594	19.6023
ERR13927339.23955	1556	17.6138
ERR13927339.23956	1606	19.3051
ERR13927339.23957	1576	18.5152
ERR13927339.23958	1582	20.8748
ERR13927339.23959	1568	21.0051
ERR13927339.23960	1598	17.3473
ERR13927339.23961	1552	20.8138
ERR13927339.23962	1608	17.2351
ERR13927339.23963	1556	16.6960
ERR13927339.23964	1567	19.3957
ERR13927339.23965	1551	17.3707
ERR13927339.23966	1546	17.7464
ERR13927339.23967	1576	18.8039
ERR13927339.23968	1588	19.4572
ERR13927339.23969	1573	20.9580
ERR13927339.23970	1625	20.5852
ERR13927339.23971	1539	17.2066
ERR13927339.23972	1566	16.1034
ERR13927339.23973	1223	16.8806
ERR13927339.23974	1575	17.2406
ERR13927339.23975	1591	20.5167
ERR13927339.23976	1584	18.9678
ERR13927339.23977	1570	20.5134
ERR13927339.23978	1571	16.6232
ERR13927339.23979	1572	16.4052
ERR13927339.23980	1587	18.2539
ERR13927339.23981	1513	15.4442
ERR13927339.23982	1574	18.4835
ERR13927339.23983	1587	15.6074
ERR13927339.23984	1554	17.1094
ERR13927339.23985	1569	17.8611
ERR13927339.23986	1612	15.5831
ERR13927339.23987	1577	20.2879
ERR13927339.23988	1565	16.6658
ERR13927339.23989	1575	15.3746
ERR13927339.23990	1543	17.1491
ERR13927339.23991	1575	17.8863
ERR13927339.23992	1584	21.0120
ERR13927339.23993	1571	16.6321
ERR13927339.23994	1554	18.7432
ERR13927339.23995	1562	19.6588
ERR13927339.23996	1567	15.7683
ERR13927339.23997	1619	15.7838
ERR13927339.23998	1556	21.0437
ERR13927339.23999	1624	20.9052
ERR13927339.24000	1574	21.3767
ERR13927339.24001	1584	18.6080
ERR13927339.24002	1578	21.7478
ERR13927339.24003	1594	15.9774
ERR13927339.24004	1619	18.4565
ERR13927339.24005	1602	20.4444
ERR13927339.24006	1583	17.6766
ERR13927339.24007	1557	17.4778
ERR13927339.24008	1552	19.9858
ERR13927339.24009	1595	18.8495
ERR13927339.24010	1567	21.7269
ERR13927339.24011	1591	17.1854
ERR13927339.24012	1592	16.0565
ERR13927339.24013	1552	20.3434
ERR13927339.24014	1625	17.9791
ERR13927339.24015	1537	15.3982
ERR13927339.24016	1584	19.2942
ERR13927339.24017	1568	19.4528
ERR13927339.24018	1573	20.3395
ERR13927339.24019	1573	19.9873
ERR13927339.24020	1588	19.3684
ERR13927339.24021	1569	18.5679
ERR13927339.24022	1542	14.9721
ERR13927339.24023	1568	20.1582
ERR13927339.24024	1553	17.8828
ERR13927339.24025	1573	20.2746
ERR13927339.24026	1598	21.5688
ERR13927339.24027	1571	18.9790
ERR13927339.24028	1602	19.2104
ERR13927339.24029	1605	20.9925
ERR13927339.24030	1597	18.9123
ERR13927339.24031	1560	20.1372
ERR13927339.24032	1585	17.5552
ERR13927339.24033	1362	16.3040
ERR13927339.24034	1574	18.4994
ERR13927339.24035	1579	20.9500
ERR13927339.24036	1553	14.5963
ERR13927339.24037	1579	18.3686
ERR13927339.24038	1694	19.6299
ERR13927339.24039	1567	17.9170
ERR13927339.24040	1578	15.7643
ERR13927339.24041	1586	18.1702
ERR13927339.24042	1560	20.1519
ERR13927339.24043	1452	14.1481
ERR13927339.24044	1568	17.5848
ERR13927339.24045	1573	17.9364
ERR13927339.24046	1598	19.0319
ERR13927339.24047	1603	15.8659
ERR13927339.24048	1584	21.2374
ERR13927339.24049	1566	19.1948
ERR13927339.24050	1568	17.0982
ERR13927339.24051	1618	21.7287
ERR13927339.24052	1619	19.8196
ERR13927339.24053	1589	14.9528
ERR13927339.24054	1543	16.0836
ERR13927339.24055	1593	19.9002
ERR13927339.24056	1565	20.1591
ERR13927339.24057	1577	20.2530
ERR13927339.24058	1574	20.2421
ERR13927339.24059	1586	19.6494
ERR13927339.24060	1580	18.7310
ERR13927339.24061	1563	15.8823
ERR13927339.24062	1577	15.6462
ERR13927339.24063	1574	18.2967
ERR13927339.24064	3059	14.7215
ERR13927339.24065	1283	15.3920
ERR13927339.24066	1573	16.9243
ERR13927339.24067	1555	16.1569
ERR13927339.24068	1550	19.6903
ERR13927339.24069	1562	18.9296
ERR13927339.24070	1531	19.4272
ERR13927339.24071	1597	18.5542
ERR13927339.24072	1361	19.5298
ERR13927339.24073	1587	17.2407
ERR13927339.24074	1602	19.1236
ERR13927339.24075	1554	13.7658
ERR13927339.24076	1591	20.4444
ERR13927339.24077	1583	14.0373
ERR13927339.24078	1597	18.0708
ERR13927339.24079	1570	20.6783
ERR13927339.24080	1570	17.0592
ERR13927339.24081	1057	18.2895
ERR13927339.24082	1493	15.1514
ERR13927339.24083	1551	17.3314
ERR13927339.24084	1580	19.5253
ERR13927339.24085	1604	19.8410
ERR13927339.24086	1571	18.4978
ERR13927339.24087	1595	16.8401
ERR13927339.24088	1562	14.3816
ERR13927339.24089	1562	14.7740
ERR13927339.24090	1567	18.0823
ERR13927339.24091	1571	19.9720
ERR13927339.24092	1551	17.5835
ERR13927339.24093	1590	19.9333
ERR13927339.24094	1589	18.0868
ERR13927339.24095	1546	15.6242
ERR13927339.24096	1575	19.4387
ERR13927339.24097	1302	19.9455
ERR13927339.24098	1584	18.0966
ERR13927339.24099	1590	18.6503
ERR13927339.24100	1596	18.2412
ERR13927339.24101	1573	19.7781
ERR13927339.24102	1576	18.2418
ERR13927339.24103	1651	18.1369
ERR13927339.24104	1581	19.1948
ERR13927339.24105	1596	20.3684
ERR13927339.24106	1584	19.3573
ERR13927339.24107	1599	20.3615
ERR13927339.24108	1569	21.0102
ERR13927339.24109	1596	20.9680
ERR13927339.24110	1539	16.4120
ERR13927339.24111	1592	20.0038
ERR13927339.24112	1572	17.1240
ERR13927339.24113	1567	20.1436
ERR13927339.24114	1570	18.5605
ERR13927339.24115	1573	16.2409
ERR13927339.24116	1583	18.4637
ERR13927339.24117	1551	18.6493
ERR13927339.24118	1583	22.2773
ERR13927339.24119	1564	19.7142
ERR13927339.24120	1581	13.8349
ERR13927339.24121	1271	18.5720
ERR13927339.24122	1586	19.2150
ERR13927339.24123	1551	19.8233
ERR13927339.24124	1569	18.1759
ERR13927339.24125	1577	18.1275
ERR13927339.24126	1600	19.3256
ERR13927339.24127	1571	17.0662
ERR13927339.24128	1571	15.5945
ERR13927339.24129	1545	17.2460
ERR13927339.24130	1593	19.9284
ERR13927339.24131	1615	17.8607
ERR13927339.24132	1589	18.4928
ERR13927339.24133	1587	20.0239
ERR13927339.24134	664	18.8976
ERR13927339.24135	1607	20.3472
ERR13927339.24136	1568	17.3591
ERR13927339.24137	1583	19.5648
ERR13927339.24138	1557	21.9088
ERR13927339.24139	1588	17.2670
ERR13927339.24140	1587	19.6812
ERR13927339.24141	1541	17.1207
ERR13927339.24142	1618	19.9017
ERR13927339.24143	1563	22.0486
ERR13927339.24144	1613	17.3652
ERR13927339.24145	1572	17.3123
ERR13927339.24146	642	16.8271
ERR13927339.24147	1589	20.8697
ERR13927339.24148	1541	21.0642
ERR13927339.24149	1610	17.2627
ERR13927339.24150	1565	16.5521
ERR13927339.24151	1571	19.8351
ERR13927339.24152	1566	14.5517
ERR13927339.24153	1648	19.1863
ERR13927339.24154	1545	18.7476
ERR13927339.24155	1554	19.9356
ERR13927339.24156	1563	18.8292
ERR13927339.24157	1605	18.2754
ERR13927339.24158	1580	18.9734
ERR13927339.24159	1568	20.0523
ERR13927339.24160	1573	20.6669
ERR13927339.24161	1621	20.6280
ERR13927339.24162	1588	17.6776
ERR13927339.24163	1573	20.9046
ERR13927339.24164	1562	21.0909
ERR13927339.24165	1581	17.0342
ERR13927339.24166	1571	14.7556
ERR13927339.24167	1578	21.3397
ERR13927339.24168	1566	20.4668
ERR13927339.24169	1563	17.3634
ERR13927339.24170	1582	19.2598
ERR13927339.24171	1568	21.2309
ERR13927339.24172	1589	18.1624
ERR13927339.24173	1573	20.8150
ERR13927339.24174	1573	18.5029
ERR13927339.24175	1543	14.8477
ERR13927339.24176	1564	13.7526
ERR13927339.24177	1610	20.5807
ERR13927339.24178	1597	18.0827
ERR13927339.24179	1582	20.4716
ERR13927339.24180	1572	18.8015
ERR13927339.24181	1583	18.5837
ERR13927339.24182	1563	17.2745
ERR13927339.24183	1600	20.6669
ERR13927339.24184	1560	18.3955
ERR13927339.24185	1555	19.9466
ERR13927339.24186	1563	19.2578
ERR13927339.24187	1576	18.4473
ERR13927339.24188	1597	18.7508
ERR13927339.24189	198	13.3990
ERR13927339.24190	1573	20.3700
ERR13927339.24191	1541	16.8624
ERR13927339.24192	1566	15.1462
ERR13927339.24193	1567	19.4429
ERR13927339.24194	1562	19.2689
ERR13927339.24195	1557	21.5427
ERR13927339.24196	1551	16.8904
ERR13927339.24197	1574	19.0902
ERR13927339.24198	1576	20.2570
ERR13927339.24199	1574	17.6893
ERR13927339.24200	1609	20.0472
ERR13927339.24201	1549	16.6107
ERR13927339.24202	1604	20.1340
ERR13927339.24203	1554	19.3423
ERR13927339.24204	1547	19.3794
ERR13927339.24205	1594	16.6073
ERR13927339.24206	1617	19.5925
ERR13927339.24207	294	18.0204
ERR13927339.24208	1599	15.1951
ERR13927339.24209	1579	17.6783
ERR13927339.24210	1622	21.1116
ERR13927339.24211	1560	18.1353
ERR13927339.24212	1541	19.4075
ERR13927339.24213	1558	16.2677
ERR13927339.24214	1553	19.3638
ERR13927339.24215	1592	22.3480
ERR13927339.24216	1563	16.6494
ERR13927339.24217	1577	16.2524
ERR13927339.24218	1577	20.5631
ERR13927339.24219	1580	18.0570
ERR13927339.24220	1596	19.4461
ERR13927339.24221	732	16.7322
ERR13927339.24222	1562	18.0256
ERR13927339.24223	1570	19.5025
ERR13927339.24224	1609	19.8291
ERR13927339.24225	1577	17.6639
ERR13927339.24226	1618	19.6867
ERR13927339.24227	1570	18.3650
ERR13927339.24228	1530	19.8157
ERR13927339.24229	1530	18.0144
ERR13927339.24230	1516	17.9637
ERR13927339.24231	1585	20.3300
ERR13927339.24232	1573	20.0477
ERR13927339.24233	559	15.7710
ERR13927339.24234	1551	20.0490
ERR13927339.24235	1594	16.4718
ERR13927339.24236	1565	14.6505
ERR13927339.24237	1603	17.7860
ERR13927339.24238	2358	19.7371
ERR13927339.24239	1522	21.3134
ERR13927339.24240	1688	17.8738
ERR13927339.24241	1598	18.4975
ERR13927339.24242	1592	19.6564
ERR13927339.24243	1542	17.8158
ERR13927339.24244	1608	18.0920
ERR13927339.24245	1574	17.8323
ERR13927339.24246	1320	17.0765
ERR13927339.24247	1576	17.6910
ERR13927339.24248	1582	18.5107
ERR13927339.24249	1573	17.1221
ERR13927339.24250	1628	15.5178
ERR13927339.24251	1594	21.5527
ERR13927339.24252	1581	15.9399
ERR13927339.24253	1573	16.2174
ERR13927339.24254	1626	19.0141
ERR13927339.24255	1584	20.8365
ERR13927339.24256	1578	21.4886
ERR13927339.24257	1602	20.0150
ERR13927339.24258	1592	19.3938
ERR13927339.24259	1547	19.5856
ERR13927339.24260	1586	19.9376
ERR13927339.24261	1549	17.5287
ERR13927339.24262	1594	21.9875
ERR13927339.24263	1576	17.2811
ERR13927339.24264	1629	14.9380
ERR13927339.24265	1521	16.3195
ERR13927339.24266	1542	18.7043
ERR13927339.24267	1566	19.7727
ERR13927339.24268	1574	18.4981
ERR13927339.24269	1574	18.6398
ERR13927339.24270	1574	15.9358
ERR13927339.24271	1589	19.8005
ERR13927339.24272	1598	20.1339
ERR13927339.24273	1574	19.3139
ERR13927339.24274	1566	14.7618
ERR13927339.24275	1597	16.4508
ERR13927339.24276	1536	14.9857
ERR13927339.24277	1565	19.0173
ERR13927339.24278	1588	15.6719
ERR13927339.24279	1568	16.2111
ERR13927339.24280	1610	20.9292
ERR13927339.24281	1562	19.1408
ERR13927339.24282	1029	19.2624
ERR13927339.24283	1656	20.1316
ERR13927339.24284	1588	16.2985
ERR13927339.24285	1601	15.8401
ERR13927339.24286	1563	20.2764
ERR13927339.24287	1551	20.7917
ERR13927339.24288	352	14.7756
ERR13927339.24289	1610	19.0578
ERR13927339.24290	1579	17.1526
ERR13927339.24291	1568	21.6798
ERR13927339.24292	1593	17.5141
ERR13927339.24293	1567	20.0236
ERR13927339.24294	1602	17.3471
ERR13927339.24295	1558	19.4557
ERR13927339.24296	1581	21.9443
ERR13927339.24297	1590	19.0736
ERR13927339.24298	1529	15.2995
ERR13927339.24299	1581	21.6123
ERR13927339.24300	1553	20.0992
ERR13927339.24301	1558	17.4416
ERR13927339.24302	1569	18.9783
ERR13927339.24303	1560	15.1974
ERR13927339.24304	1584	18.5442
ERR13927339.24305	1554	19.9620
ERR13927339.24306	1587	18.2136
ERR13927339.24307	1559	18.4387
ERR13927339.24308	1569	21.0618
ERR13927339.24309	1588	20.2563
ERR13927339.24310	1598	19.9474
ERR13927339.24311	1590	19.5264
ERR13927339.24312	1573	20.2320
ERR13927339.24313	1562	17.2484
ERR13927339.24314	1590	18.2780
ERR13927339.24315	1559	19.2149
ERR13927339.24316	1570	19.4191
ERR13927339.24317	1429	17.2281
ERR13927339.24318	1554	20.5039
ERR13927339.24319	1589	19.8823
ERR13927339.24320	1587	18.3327
ERR13927339.24321	1538	15.6274
ERR13927339.24322	1603	20.3712
ERR13927339.24323	1603	20.8235
ERR13927339.24324	1561	14.4350
ERR13927339.24325	1533	15.0444
ERR13927339.24326	1608	18.1754
ERR13927339.24327	1547	20.3135
ERR13927339.24328	1592	20.1872
ERR13927339.24329	1599	16.7586
ERR13927339.24330	1588	20.9207
ERR13927339.24331	1576	14.6275
ERR13927339.24332	1591	18.1672
ERR13927339.24333	1664	18.6514
ERR13927339.24334	1559	17.4233
ERR13927339.24335	1563	16.6328
ERR13927339.24336	1566	18.6073
ERR13927339.24337	1587	16.3245
ERR13927339.24338	1611	18.9926
ERR13927339.24339	1559	14.6934
ERR13927339.24340	1576	16.7475
ERR13927339.24341	1622	18.6819
ERR13927339.24342	1587	19.6969
ERR13927339.24343	1632	18.6814
ERR13927339.24344	1610	20.1385
ERR13927339.24345	1567	19.2317
ERR13927339.24346	1600	20.0994
ERR13927339.24347	1614	18.2763
ERR13927339.24348	1554	18.8790
ERR13927339.24349	1527	19.6352
ERR13927339.24350	1585	18.0309
ERR13927339.24351	1610	18.9205
ERR13927339.24352	1574	16.3844
ERR13927339.24353	1561	14.6675
ERR13927339.24354	1599	21.7536
ERR13927339.24355	1554	18.2761
ERR13927339.24356	1661	20.7959
ERR13927339.24357	1589	19.9239
ERR13927339.24358	1647	19.4663
ERR13927339.24359	1577	17.4344
ERR13927339.24360	1552	18.9375
ERR13927339.24361	1573	18.0248
ERR13927339.24362	1570	20.0108
ERR13927339.24363	1593	18.9944
ERR13927339.24364	1586	20.0738
ERR13927339.24365	1622	18.3428
ERR13927339.24366	1607	16.1269
ERR13927339.24367	1558	14.1072
ERR13927339.24368	1551	19.1657
ERR13927339.24369	1577	16.2676
ERR13927339.24370	1591	20.4896
ERR13927339.24371	1554	18.2658
ERR13927339.24372	579	19.0225
ERR13927339.24373	1581	18.9096
ERR13927339.24374	1590	16.0799
ERR13927339.24375	1562	18.6210
ERR13927339.24376	1570	19.4955
ERR13927339.24377	1608	16.0330
ERR13927339.24378	1582	19.4121
ERR13927339.24379	1572	20.6094
ERR13927339.24380	1552	20.2841
ERR13927339.24381	1584	17.6206
ERR13927339.24382	233	12.9571
ERR13927339.24383	1581	16.4845
ERR13927339.24384	1553	22.3007
ERR13927339.24385	1565	20.1163
ERR13927339.24386	1572	21.6692
ERR13927339.24387	1582	19.6681
ERR13927339.24388	1537	19.5309
ERR13927339.24389	1596	18.7431
ERR13927339.24390	1549	20.2337
ERR13927339.24391	1561	19.2607
ERR13927339.24392	3242	16.7671
ERR13927339.24393	1579	16.6371
ERR13927339.24394	1506	15.9369
ERR13927339.24395	1595	18.9755
ERR13927339.24396	1575	19.9790
ERR13927339.24397	329	15.0061
ERR13927339.24398	1565	17.3974
ERR13927339.24399	1566	15.5453
ERR13927339.24400	1579	19.2552
ERR13927339.24401	1563	18.0429
ERR13927339.24402	1584	18.3018
ERR13927339.24403	1597	18.9843
ERR13927339.24404	1574	17.8977
ERR13927339.24405	1583	20.5420
ERR13927339.24406	1551	14.8092
ERR13927339.24407	1597	17.0288
ERR13927339.24408	1570	20.9580
ERR13927339.24409	1522	17.7011
ERR13927339.24410	1555	19.0199
ERR13927339.24411	1584	18.1136
ERR13927339.24412	1579	20.8740
ERR13927339.24413	1571	18.9427
ERR13927339.24414	1562	15.6319
ERR13927339.24415	1571	17.9185
ERR13927339.24416	1586	17.5189
ERR13927339.24417	1550	19.8013
ERR13927339.24418	1596	17.4373
ERR13927339.24419	1575	21.3829
ERR13927339.24420	1575	15.0483
ERR13927339.24421	1568	19.8406
ERR13927339.24422	1535	17.2795
ERR13927339.24423	1570	21.6936
ERR13927339.24424	1512	18.5648
ERR13927339.24425	1578	19.6584
ERR13927339.24426	1553	19.3232
ERR13927339.24427	1545	15.6324
ERR13927339.24428	1542	16.1543
ERR13927339.24429	705	14.8738
ERR13927339.24430	1360	21.0404
ERR13927339.24431	1557	15.2672
ERR13927339.24432	1579	15.8442
ERR13927339.24433	1577	19.7153
ERR13927339.24434	1586	17.6929
ERR13927339.24435	1570	19.3471
ERR13927339.24436	1563	17.5413
ERR13927339.24437	1571	15.9898
ERR13927339.24438	1567	19.7811
ERR13927339.24439	1561	14.8821
ERR13927339.24440	1584	19.1307
ERR13927339.24441	1534	19.7940
ERR13927339.24442	1604	20.9096
ERR13927339.24443	1546	14.7607
ERR13927339.24444	1572	17.5204
ERR13927339.24445	1585	21.4833
ERR13927339.24446	1571	16.2724
ERR13927339.24447	1561	18.9212
ERR13927339.24448	209	16.8517
ERR13927339.24449	1602	17.5243
ERR13927339.24450	1546	18.4224
ERR13927339.24451	1586	21.3909
ERR13927339.24452	1532	20.0777
ERR13927339.24453	1545	17.5126
ERR13927339.24454	1511	16.6393
ERR13927339.24455	1588	18.3249
ERR13927339.24456	1597	18.1741
ERR13927339.24457	1553	18.0258
ERR13927339.24458	1558	18.8338
ERR13927339.24459	1573	19.1583
ERR13927339.24460	1582	19.6858
ERR13927339.24461	1585	17.0732
ERR13927339.24462	1587	16.5022
ERR13927339.24463	1596	19.1172
ERR13927339.24464	1541	16.6223
ERR13927339.24465	1538	17.6899
ERR13927339.24466	1590	17.1843
ERR13927339.24467	1603	19.6032
ERR13927339.24468	1600	21.2975
ERR13927339.24469	1585	17.2069
ERR13927339.24470	1576	19.1123
ERR13927339.24471	1548	19.6693
ERR13927339.24472	1566	20.4413
ERR13927339.24473	1555	16.3685
ERR13927339.24474	1590	18.0302
ERR13927339.24475	1559	16.8255
ERR13927339.24476	1544	16.2267
ERR13927339.24477	1591	18.3369
ERR13927339.24478	1605	19.9826
ERR13927339.24479	1557	18.3956
ERR13927339.24480	1562	16.3380
ERR13927339.24481	1571	18.4271
ERR13927339.24482	1578	19.3593
ERR13927339.24483	1587	17.7650
ERR13927339.24484	1597	19.4865
ERR13927339.24485	1558	15.5982
ERR13927339.24486	1603	20.1004
ERR13927339.24487	1571	18.7498
ERR13927339.24488	1561	20.2319
ERR13927339.24489	1564	18.1803
ERR13927339.24490	1540	16.2805
ERR13927339.24491	1466	18.5505
ERR13927339.24492	1558	16.9538
ERR13927339.24493	1586	21.4830
ERR13927339.24494	1562	16.9718
ERR13927339.24495	1577	19.8935
ERR13927339.24496	1530	17.9033
ERR13927339.24497	1552	16.9001
ERR13927339.24498	1583	20.2438
ERR13927339.24499	1558	18.8485
ERR13927339.24500	1275	20.8196
ERR13927339.24501	1562	19.7606
ERR13927339.24502	1063	19.8222
ERR13927339.24503	1623	17.2113
ERR13927339.24504	1616	17.4592
ERR13927339.24505	1554	16.2793
ERR13927339.24506	1557	18.3796
ERR13927339.24507	1600	15.6219
ERR13927339.24508	1583	18.0531
ERR13927339.24509	1617	20.8021
ERR13927339.24510	1594	18.4260
ERR13927339.24511	1598	17.1977
ERR13927339.24512	1042	15.6180
ERR13927339.24513	1494	14.2189
ERR13927339.24514	1589	17.5595
ERR13927339.24515	1625	20.0074
ERR13927339.24516	1553	15.5158
ERR13927339.24517	1570	20.8166
ERR13927339.24518	1602	18.6498
ERR13927339.24519	1631	19.4972
ERR13927339.24520	1568	19.0561
ERR13927339.24521	1658	17.3902
ERR13927339.24522	1627	20.1297
ERR13927339.24523	1608	19.4876
ERR13927339.24524	1552	17.4858
ERR13927339.24525	1569	21.1657
ERR13927339.24526	1582	19.2225
ERR13927339.24527	1583	19.1440
ERR13927339.24528	1603	16.0930
ERR13927339.24529	1553	20.8429
ERR13927339.24530	1563	16.9251
ERR13927339.24531	1565	19.4345
ERR13927339.24532	1619	20.3366
ERR13927339.24533	1560	19.7449
ERR13927339.24534	1371	18.6805
ERR13927339.24535	1592	14.7871
ERR13927339.24536	1613	18.6516
ERR13927339.24537	1546	15.8034
ERR13927339.24538	1599	18.1088
ERR13927339.24539	1588	19.1234
ERR13927339.24540	1495	17.2401
ERR13927339.24541	1582	18.3268
ERR13927339.24542	1593	19.4815
ERR13927339.24543	1553	19.1223
ERR13927339.24544	1564	16.7954
ERR13927339.24545	1595	19.2113
ERR13927339.24546	1563	16.5835
ERR13927339.24547	1577	15.5751
ERR13927339.24548	1573	16.0598
ERR13927339.24549	1570	16.2484
ERR13927339.24550	1622	20.0117
ERR13927339.24551	1558	19.3119
ERR13927339.24552	1524	14.7677
ERR13927339.24553	1558	17.2901
ERR13927339.24554	1579	18.4858
ERR13927339.24555	1594	18.2240
ERR13927339.24556	1611	18.3104
ERR13927339.24557	1579	18.8220
ERR13927339.24558	1572	21.6291
ERR13927339.24559	1560	18.5808
ERR13927339.24560	1545	15.6524
ERR13927339.24561	1587	19.3844
ERR13927339.24562	1573	20.4050
ERR13927339.24563	1565	18.9578
ERR13927339.24564	1597	17.8309
ERR13927339.24565	1571	17.2285
ERR13927339.24566	1608	18.9795
ERR13927339.24567	1574	18.0362
ERR13927339.24568	1609	18.4991
ERR13927339.24569	1608	19.7512
ERR13927339.24570	1576	14.5235
ERR13927339.24571	1520	17.5375
ERR13927339.24572	1504	18.3251
ERR13927339.24573	1587	19.7984
ERR13927339.24574	1585	20.3274
ERR13927339.24575	1602	16.0044
ERR13927339.24576	1566	21.0945
ERR13927339.24577	1584	19.3403
ERR13927339.24578	1581	20.8216
ERR13927339.24579	1552	20.1224
ERR13927339.24580	1572	15.9955
ERR13927339.24581	1591	15.9208
ERR13927339.24582	1581	16.9734
ERR13927339.24583	1552	19.8305
ERR13927339.24584	1595	16.2125
ERR13927339.24585	1557	19.7566
ERR13927339.24586	1597	20.4083
ERR13927339.24587	1609	16.4842
ERR13927339.24588	1600	17.2144
ERR13927339.24589	1551	18.4378
ERR13927339.24590	1579	20.2951
ERR13927339.24591	1562	15.8079
ERR13927339.24592	1614	21.4442
ERR13927339.24593	1564	15.4540
ERR13927339.24594	1610	15.7907
ERR13927339.24595	1614	21.2230
ERR13927339.24596	1572	18.4790
ERR13927339.24597	1562	19.2138
ERR13927339.24598	1563	17.5457
ERR13927339.24599	1546	17.5563
ERR13927339.24600	1579	16.5054
ERR13927339.24601	1581	20.3991
ERR13927339.24602	1587	20.5432
ERR13927339.24603	1576	19.4778
ERR13927339.24604	1580	19.0551
ERR13927339.24605	1562	20.2843
ERR13927339.24606	1555	19.5003
ERR13927339.24607	1624	19.4384
ERR13927339.24608	1553	18.6665
ERR13927339.24609	1580	13.5089
ERR13927339.24610	1582	14.4570
ERR13927339.24611	1566	19.2024
ERR13927339.24612	1711	19.6826
ERR13927339.24613	1562	19.4955
ERR13927339.24614	1565	16.7738
ERR13927339.24615	556	13.5719
ERR13927339.24616	1571	20.2196
ERR13927339.24617	1548	18.2177
ERR13927339.24618	1580	15.6620
ERR13927339.24619	1565	19.0045
ERR13927339.24620	1568	19.6441
ERR13927339.24621	1604	18.0299
ERR13927339.24622	1580	17.7044
ERR13927339.24623	1595	21.0909
ERR13927339.24624	1571	22.1891
ERR13927339.24625	1525	19.5593
ERR13927339.24626	1625	15.8966
ERR13927339.24627	1591	19.4588
ERR13927339.24628	1602	18.0424
ERR13927339.24629	1507	15.0975
ERR13927339.24630	1566	15.4681
ERR13927339.24631	1558	15.6727
ERR13927339.24632	1588	19.2462
ERR13927339.24633	1014	18.5365
ERR13927339.24634	1573	19.0693
ERR13927339.24635	1608	19.7208
ERR13927339.24636	1547	17.2424
ERR13927339.24637	1556	17.9563
ERR13927339.24638	1607	18.7517
ERR13927339.24639	1559	14.8704
ERR13927339.24640	1105	17.2054
ERR13927339.24641	1580	18.5886
ERR13927339.24642	1549	20.4932
ERR13927339.24643	1581	21.1195
ERR13927339.24644	1568	20.6696
ERR13927339.24645	1570	17.9217
ERR13927339.24646	1600	18.7362
ERR13927339.24647	1612	21.0167
ERR13927339.24648	1558	18.2157
ERR13927339.24649	1579	17.2337
ERR13927339.24650	1604	17.8647
ERR13927339.24651	1566	18.5109
ERR13927339.24652	1561	17.9302
ERR13927339.24653	1605	17.2268
ERR13927339.24654	1493	18.1708
ERR13927339.24655	1611	19.2179
ERR13927339.24656	1596	20.3039
ERR13927339.24657	1573	14.9034
ERR13927339.24658	1592	20.1143
ERR13927339.24659	1579	15.6282
ERR13927339.24660	1683	15.8366
ERR13927339.24661	1583	17.4397
ERR13927339.24662	1586	15.7970
ERR13927339.24663	1556	20.0900
ERR13927339.24664	1678	19.9547
ERR13927339.24665	1592	20.9309
ERR13927339.24666	1570	18.3255
ERR13927339.24667	1556	18.3978
ERR13927339.24668	1575	20.9079
ERR13927339.24669	1566	19.2107
ERR13927339.24670	1592	17.5565
ERR13927339.24671	1594	18.1838
ERR13927339.24672	1568	20.3144
ERR13927339.24673	1597	20.5241
ERR13927339.24674	1609	19.6687
ERR13927339.24675	1569	20.5029
ERR13927339.24676	1598	14.6114
ERR13927339.24677	1571	14.8899
ERR13927339.24678	1581	14.7122
ERR13927339.24679	1559	15.8935
ERR13927339.24680	1610	19.7720
ERR13927339.24681	1573	16.4018
ERR13927339.24682	1582	21.9589
ERR13927339.24683	1563	16.7722
ERR13927339.24684	1574	20.8024
ERR13927339.24685	1065	19.8507
ERR13927339.24686	1594	21.4661
ERR13927339.24687	1545	15.9178
ERR13927339.24688	1577	17.3760
ERR13927339.24689	1578	16.7186
ERR13927339.24690	1580	18.0892
ERR13927339.24691	1566	18.3429
ERR13927339.24692	1648	17.6826
ERR13927339.24693	1558	16.8896
ERR13927339.24694	1356	17.5885
ERR13927339.24695	1609	20.2045
ERR13927339.24696	1614	20.8203
ERR13927339.24697	1580	18.7076
ERR13927339.24698	1578	16.8333
ERR13927339.24699	1594	18.6311
ERR13927339.24700	1556	18.4434
ERR13927339.24701	1576	19.1206
ERR13927339.24702	1599	19.3446
ERR13927339.24703	1608	19.5591
ERR13927339.24704	1560	20.0468
ERR13927339.24705	1588	18.1285
ERR13927339.24706	1608	19.7680
ERR13927339.24707	1532	16.8453
ERR13927339.24708	1535	21.0632
ERR13927339.24709	1602	18.7921
ERR13927339.24710	1617	17.1843
ERR13927339.24711	1621	19.6243
ERR13927339.24712	1533	19.0933
ERR13927339.24713	1522	16.2674
ERR13927339.24714	1581	19.4529
ERR13927339.24715	1557	21.5960
ERR13927339.24716	1548	20.7222
ERR13927339.24717	1579	16.7283
ERR13927339.24718	1599	19.5641
ERR13927339.24719	1607	20.1711
ERR13927339.24720	1593	19.1312
ERR13927339.24721	1576	20.2354
ERR13927339.24722	1566	17.0875
ERR13927339.24723	1603	19.8359
ERR13927339.24724	1623	23.1238
ERR13927339.24725	1564	20.3159
ERR13927339.24726	1517	18.3705
ERR13927339.24727	1574	17.2160
ERR13927339.24728	1590	16.8679
ERR13927339.24729	1588	15.2204
ERR13927339.24730	1570	15.1325
ERR13927339.24731	1603	18.2664
ERR13927339.24732	1566	19.0447
ERR13927339.24733	1614	19.9901
ERR13927339.24734	1562	16.9545
ERR13927339.24735	1595	17.0972
ERR13927339.24736	1589	19.2404
ERR13927339.24737	1588	15.5901
ERR13927339.24738	1572	19.7252
ERR13927339.24739	1575	17.0641
ERR13927339.24740	1667	18.5885
ERR13927339.24741	1569	19.4818
ERR13927339.24742	1572	17.9033
ERR13927339.24743	1553	17.1790
ERR13927339.24744	1567	20.9413
ERR13927339.24745	1577	19.3735
ERR13927339.24746	1557	20.0976
ERR13927339.24747	1556	21.1497
ERR13927339.24748	1577	19.2619
ERR13927339.24749	1569	17.9018
ERR13927339.24750	1581	17.5237
ERR13927339.24751	1575	20.9676
ERR13927339.24752	1586	18.3525
ERR13927339.24753	1583	15.8358
ERR13927339.24754	1570	19.1981
ERR13927339.24755	1559	18.7357
ERR13927339.24756	1326	18.4540
ERR13927339.24757	1585	18.0984
ERR13927339.24758	1586	19.9010
ERR13927339.24759	1563	17.7978
ERR13927339.24760	1538	18.2386
ERR13927339.24761	1582	16.0822
ERR13927339.24762	1566	20.0888
ERR13927339.24763	1627	19.1192
ERR13927339.24764	1544	19.5706
ERR13927339.24765	1590	18.6151
ERR13927339.24766	1551	16.4294
ERR13927339.24767	1555	17.9138
ERR13927339.24768	1602	17.2197
ERR13927339.24769	1576	19.5939
ERR13927339.24770	1563	17.3289
ERR13927339.24771	1569	18.9337
ERR13927339.24772	1531	17.7348
ERR13927339.24773	1849	16.7712
ERR13927339.24774	1575	19.8381
ERR13927339.24775	1573	19.0006
ERR13927339.24776	1560	15.7878
ERR13927339.24777	1585	18.4845
ERR13927339.24778	1597	15.7890
ERR13927339.24779	1600	17.5494
ERR13927339.24780	1585	19.8593
ERR13927339.24781	1592	19.5364
ERR13927339.24782	1569	18.4621
ERR13927339.24783	1589	20.8546
ERR13927339.24784	1545	20.7696
ERR13927339.24785	1585	21.1703
ERR13927339.24786	1549	18.6036
ERR13927339.24787	1564	21.0019
ERR13927339.24788	1587	15.1065
ERR13927339.24789	1554	17.2149
ERR13927339.24790	1580	19.5525
ERR13927339.24791	1567	16.6426
ERR13927339.24792	1585	20.5634
ERR13927339.24793	1578	16.1990
ERR13927339.24794	1574	19.4917
ERR13927339.24795	1572	15.7481
ERR13927339.24796	1615	18.2266
ERR13927339.24797	1618	20.4499
ERR13927339.24798	1564	20.7634
ERR13927339.24799	1575	19.9168
ERR13927339.24800	1576	15.6345
ERR13927339.24801	1518	14.6924
ERR13927339.24802	1605	17.9545
ERR13927339.24803	1598	19.0388
ERR13927339.24804	1623	20.3839
ERR13927339.24805	1574	20.7579
ERR13927339.24806	1546	18.4069
ERR13927339.24807	1555	19.9325
ERR13927339.24808	257	15.4280
ERR13927339.24809	1533	15.3418
ERR13927339.24810	1562	19.3054
ERR13927339.24811	1571	17.1865
ERR13927339.24812	1606	14.1333
ERR13927339.24813	1553	17.4089
ERR13927339.24814	1584	19.5890
ERR13927339.24815	1605	19.4087
ERR13927339.24816	1724	18.0238
ERR13927339.24817	1558	20.1508
ERR13927339.24818	1572	14.1616
ERR13927339.24819	202	14.9653
ERR13927339.24820	1579	16.3243
ERR13927339.24821	1580	15.0354
ERR13927339.24822	1558	14.4596
ERR13927339.24823	1609	20.9658
ERR13927339.24824	1527	18.4689
ERR13927339.24825	1552	17.0689
ERR13927339.24826	1581	18.7502
ERR13927339.24827	1615	20.0458
ERR13927339.24828	1552	20.7790
ERR13927339.24829	1591	23.0151
ERR13927339.24830	1577	18.8770
ERR13927339.24831	1610	17.3012
ERR13927339.24832	1555	19.9389
ERR13927339.24833	1546	17.5026
ERR13927339.24834	262	12.2214
ERR13927339.24835	1574	18.9670
ERR13927339.24836	1592	16.0766
ERR13927339.24837	1563	19.6686
ERR13927339.24838	1555	19.9505
ERR13927339.24839	1576	15.6263
ERR13927339.24840	1586	16.9124
ERR13927339.24841	1557	16.3481
ERR13927339.24842	1581	15.6825
ERR13927339.24843	1558	20.2240
ERR13927339.24844	1581	17.6218
ERR13927339.24845	1565	16.7035
ERR13927339.24846	1456	15.7363
ERR13927339.24847	1603	18.0836
ERR13927339.24848	1573	20.7413
ERR13927339.24849	1522	19.8620
ERR13927339.24850	1594	19.1361
ERR13927339.24851	1582	20.2630
ERR13927339.24852	1642	18.0853
ERR13927339.24853	1565	18.6454
ERR13927339.24854	1519	16.5616
ERR13927339.24855	1574	19.0705
ERR13927339.24856	1572	21.0611
ERR13927339.24857	1580	18.1158
ERR13927339.24858	1585	16.3483
ERR13927339.24859	1595	19.7850
ERR13927339.24860	1579	18.5807
ERR13927339.24861	1562	18.2772
ERR13927339.24862	1563	20.8401
ERR13927339.24863	1594	21.0558
ERR13927339.24864	651	17.2949
ERR13927339.24865	1572	16.9192
ERR13927339.24866	1568	16.8871
ERR13927339.24867	1594	18.8112
ERR13927339.24868	1553	20.3793
ERR13927339.24869	1433	20.2540
ERR13927339.24870	1530	19.2582
ERR13927339.24871	1594	17.5232
ERR13927339.24872	1555	19.6193
ERR13927339.24873	1544	16.6632
ERR13927339.24874	1535	19.3726
ERR13927339.24875	1603	16.6581
ERR13927339.24876	1586	19.8373
ERR13927339.24877	1580	16.3025
ERR13927339.24878	1566	17.8167
ERR13927339.24879	1612	21.5316
ERR13927339.24880	1567	15.6222
ERR13927339.24881	1546	19.3803
ERR13927339.24882	1588	17.0623
ERR13927339.24883	1599	17.7036
ERR13927339.24884	1565	17.2313
ERR13927339.24885	1571	18.6970
ERR13927339.24886	1604	20.3566
ERR13927339.24887	1594	16.8438
ERR13927339.24888	1614	16.6221
ERR13927339.24889	1563	19.8170
ERR13927339.24890	1557	19.0989
ERR13927339.24891	1607	17.1145
ERR13927339.24892	1574	19.9835
ERR13927339.24893	1575	14.4825
ERR13927339.24894	1234	18.9806
ERR13927339.24895	1575	21.1384
ERR13927339.24896	1556	15.4319
ERR13927339.24897	1580	19.3905
ERR13927339.24898	1567	21.7556
ERR13927339.24899	1596	17.6516
ERR13927339.24900	1578	20.0653
ERR13927339.24901	1542	16.2912
ERR13927339.24902	1592	20.1319
ERR13927339.24903	1568	21.0574
ERR13927339.24904	1590	20.0704
ERR13927339.24905	1590	20.8182
ERR13927339.24906	1565	14.6243
ERR13927339.24907	1561	19.9622
ERR13927339.24908	1597	19.1021
ERR13927339.24909	1592	16.5961
ERR13927339.24910	1563	16.9610
ERR13927339.24911	1583	19.8920
ERR13927339.24912	1539	15.8941
ERR13927339.24913	1574	13.6213
ERR13927339.24914	1578	15.1014
ERR13927339.24915	1563	20.0179
ERR13927339.24916	1579	15.5180
ERR13927339.24917	1563	18.7562
ERR13927339.24918	1585	19.7729
ERR13927339.24919	1614	19.2739
ERR13927339.24920	1556	16.4068
ERR13927339.24921	1597	16.6900
ERR13927339.24922	1567	20.1723
ERR13927339.24923	1562	18.2810
ERR13927339.24924	1556	19.4987
ERR13927339.24925	1583	21.1301
ERR13927339.24926	1597	15.7113
ERR13927339.24927	1227	18.4784
ERR13927339.24928	1574	19.1919
ERR13927339.24929	1573	18.5855
ERR13927339.24930	1614	19.5991
ERR13927339.24931	1545	16.1864
ERR13927339.24932	1593	17.1588
ERR13927339.24933	1550	16.2329
ERR13927339.24934	1568	18.7136
ERR13927339.24935	1617	16.5485
ERR13927339.24936	1569	19.0937
ERR13927339.24937	1578	19.3650
ERR13927339.24938	1575	15.3479
ERR13927339.24939	1583	20.8370
ERR13927339.24940	1569	20.8158
ERR13927339.24941	1583	18.9817
ERR13927339.24942	1591	18.8586
ERR13927339.24943	1558	18.4666
ERR13927339.24944	1587	16.6383
ERR13927339.24945	1585	20.4593
ERR13927339.24946	191	16.8901
ERR13927339.24947	1562	16.3355
ERR13927339.24948	1577	19.1065
ERR13927339.24949	1561	19.3133
ERR13927339.24950	1556	17.3130
ERR13927339.24951	1567	17.6650
ERR13927339.24952	1722	18.4954
ERR13927339.24953	1712	14.4591
ERR13927339.24954	1583	20.3841
ERR13927339.24955	1592	18.7651
ERR13927339.24956	1567	17.9579
ERR13927339.24957	1548	14.2810
ERR13927339.24958	1576	21.0920
ERR13927339.24959	1570	16.3369
ERR13927339.24960	1613	19.3453
ERR13927339.24961	1621	15.7477
ERR13927339.24962	1568	18.3865
ERR13927339.24963	1582	20.9033
ERR13927339.24964	1583	19.5155
ERR13927339.24965	1544	13.9663
ERR13927339.24966	1630	18.5718
ERR13927339.24967	1559	18.7351
ERR13927339.24968	1612	21.6569
ERR13927339.24969	1627	19.7904
ERR13927339.24970	1584	19.4444
ERR13927339.24971	1565	20.7604
ERR13927339.24972	1603	20.7517
ERR13927339.24973	1589	17.4128
ERR13927339.24974	1556	16.9248
ERR13927339.24975	1578	18.8181
ERR13927339.24976	1581	16.0639
ERR13927339.24977	1561	16.2274
ERR13927339.24978	1609	15.8067
ERR13927339.24979	211	10.8863
ERR13927339.24980	1554	17.1873
ERR13927339.24981	1563	18.6814
ERR13927339.24982	1589	19.2536
ERR13927339.24983	1590	20.1403
ERR13927339.24984	1567	17.2355
ERR13927339.24985	1503	15.4744
ERR13927339.24986	1534	21.5847
ERR13927339.24987	1577	18.1966
ERR13927339.24988	1593	18.7640
ERR13927339.24989	1605	15.4399
ERR13927339.24990	1586	19.3134
ERR13927339.24991	1557	16.6712
ERR13927339.24992	1597	18.0620
ERR13927339.24993	1626	18.9539
ERR13927339.24994	1583	16.6462
ERR13927339.24995	1448	15.4047
ERR13927339.24996	1630	18.2736
ERR13927339.24997	1571	15.6225
ERR13927339.24998	1586	18.2182
ERR13927339.24999	1531	18.8047
ERR13927339.25000	1591	17.2671
ERR13927339.25001	1626	19.2208
ERR13927339.25002	1641	16.6161
ERR13927339.25003	1562	18.6805
ERR13927339.25004	1571	15.4838
ERR13927339.25005	1588	16.8753
ERR13927339.25006	1580	17.9500
ERR13927339.25007	1568	17.0128
ERR13927339.25008	1524	16.6391
ERR13927339.25009	1614	18.9672
ERR13927339.25010	1563	16.4728
ERR13927339.25011	1593	16.1764
ERR13927339.25012	1579	16.0114
ERR13927339.25013	1536	17.6686
ERR13927339.25014	1449	19.2291
ERR13927339.25015	1554	19.1982
ERR13927339.25016	1594	18.3087
ERR13927339.25017	1603	17.3244
ERR13927339.25018	1462	15.9569
ERR13927339.25019	1586	16.6740
ERR13927339.25020	1576	19.7798
ERR13927339.25021	1578	17.7250
ERR13927339.25022	1562	16.7151
ERR13927339.25023	1643	16.4912
ERR13927339.25024	1566	18.6354
ERR13927339.25025	1588	17.3791
ERR13927339.25026	1598	20.4981
ERR13927339.25027	1571	16.4348
ERR13927339.25028	1564	18.1042
ERR13927339.25029	1569	17.3321
ERR13927339.25030	1562	17.6415
ERR13927339.25031	1563	21.5182
ERR13927339.25032	1603	14.7973
ERR13927339.25033	1605	20.3794
ERR13927339.25034	1565	14.1655
ERR13927339.25035	1685	19.4493
ERR13927339.25036	1603	20.7230
ERR13927339.25037	1565	16.8537
ERR13927339.25038	1548	18.7849
ERR13927339.25039	1573	17.9504
ERR13927339.25040	1619	14.0210
ERR13927339.25041	1619	17.6251
ERR13927339.25042	1538	16.6326
ERR13927339.25043	1574	21.2497
ERR13927339.25044	1562	15.1498
ERR13927339.25045	1570	18.9395
ERR13927339.25046	1568	19.4509
ERR13927339.25047	1606	19.9570
ERR13927339.25048	1633	17.1611
ERR13927339.25049	1554	17.7445
ERR13927339.25050	1580	19.8373
ERR13927339.25051	1556	21.5752
ERR13927339.25052	1571	21.5283
ERR13927339.25053	1579	19.6251
ERR13927339.25054	1570	19.6701
ERR13927339.25055	1582	16.9254
ERR13927339.25056	1558	16.3504
ERR13927339.25057	1610	17.8640
ERR13927339.25058	1688	18.8057
ERR13927339.25059	1604	17.2182
ERR13927339.25060	1586	19.0284
ERR13927339.25061	1564	20.6292
ERR13927339.25062	1567	14.7575
ERR13927339.25063	1573	17.7076
ERR13927339.25064	1567	17.4990
ERR13927339.25065	1575	20.5898
ERR13927339.25066	1591	20.2294
ERR13927339.25067	1585	19.1155
ERR13927339.25068	1615	15.5765
ERR13927339.25069	1555	19.0669
ERR13927339.25070	1449	15.5245
ERR13927339.25071	1553	19.1056
ERR13927339.25072	1552	20.8318
ERR13927339.25073	1582	17.7427
ERR13927339.25074	1581	18.0949
ERR13927339.25075	1556	18.5463
ERR13927339.25076	1553	18.6085
ERR13927339.25077	1571	17.1661
ERR13927339.25078	1565	16.3981
ERR13927339.25079	1569	20.3875
ERR13927339.25080	1556	18.5784
ERR13927339.25081	1590	20.1421
ERR13927339.25082	1533	20.9543
ERR13927339.25083	1564	20.2788
ERR13927339.25084	1609	18.5047
ERR13927339.25085	1589	19.3027
ERR13927339.25086	1591	18.3734
ERR13927339.25087	1562	19.4898
ERR13927339.25088	1582	19.9539
ERR13927339.25089	1248	17.4503
ERR13927339.25090	1584	16.4223
ERR13927339.25091	1586	18.7415
ERR13927339.25092	1552	18.5213
ERR13927339.25093	1585	20.8524
ERR13927339.25094	1580	18.1538
ERR13927339.25095	1583	20.2123
ERR13927339.25096	1559	19.8307
ERR13927339.25097	1598	19.3767
ERR13927339.25098	1577	18.4534
ERR13927339.25099	1616	19.5297
ERR13927339.25100	1561	18.0897
ERR13927339.25101	1562	15.5262
ERR13927339.25102	1500	17.6980
ERR13927339.25103	1619	18.5868
ERR13927339.25104	1605	16.6872
ERR13927339.25105	1565	19.6607
ERR13927339.25106	1565	20.9042
ERR13927339.25107	1596	19.7832
ERR13927339.25108	1571	18.3915
ERR13927339.25109	1565	19.4728
ERR13927339.25110	1553	15.1333
ERR13927339.25111	1583	18.8686
ERR13927339.25112	1604	15.5274
ERR13927339.25113	1573	18.1844
ERR13927339.25114	1589	18.2083
ERR13927339.25115	1620	19.8827
ERR13927339.25116	577	17.5875
ERR13927339.25117	1026	20.6988
ERR13927339.25118	1592	15.9309
ERR13927339.25119	1575	18.2819
ERR13927339.25120	1541	20.1155
ERR13927339.25121	1520	15.7730
ERR13927339.25122	1589	18.0170
ERR13927339.25123	1593	19.0960
ERR13927339.25124	1534	18.6643
ERR13927339.25125	1587	20.0113
ERR13927339.25126	1546	19.9528
ERR13927339.25127	1571	19.0840
ERR13927339.25128	1604	19.0754
ERR13927339.25129	1572	19.6870
ERR13927339.25130	1616	18.8855
ERR13927339.25131	1584	15.9867
ERR13927339.25132	1608	18.8141
ERR13927339.25133	1540	18.0500
ERR13927339.25134	1574	18.6321
ERR13927339.25135	1589	19.6897
ERR13927339.25136	1560	17.3821
ERR13927339.25137	1581	15.9285
ERR13927339.25138	1567	17.0306
ERR13927339.25139	1569	20.9618
ERR13927339.25140	1576	17.3706
ERR13927339.25141	1626	21.5683
ERR13927339.25142	1550	22.2981
ERR13927339.25143	1554	15.1622
ERR13927339.25144	1558	18.9961
ERR13927339.25145	1598	20.4305
ERR13927339.25146	1540	19.5253
ERR13927339.25147	1575	19.4552
ERR13927339.25148	1547	20.8242
ERR13927339.25149	1556	14.1960
ERR13927339.25150	1557	18.3205
ERR13927339.25151	1570	21.7586
ERR13927339.25152	1586	19.2743
ERR13927339.25153	1591	15.6298
ERR13927339.25154	1569	17.0784
ERR13927339.25155	1583	20.1788
ERR13927339.25156	1352	18.6317
ERR13927339.25157	1606	18.2186
ERR13927339.25158	1608	14.4353
ERR13927339.25159	1581	22.4421
ERR13927339.25160	1564	17.3676
ERR13927339.25161	1573	15.5677
ERR13927339.25162	1610	17.1516
ERR13927339.25163	1577	19.1332
ERR13927339.25164	573	22.6003
ERR13927339.25165	1595	16.2815
ERR13927339.25166	1581	17.8571
ERR13927339.25167	1569	16.3576
ERR13927339.25168	1568	19.4043
ERR13927339.25169	1569	16.7731
ERR13927339.25170	1606	17.1625
ERR13927339.25171	1566	19.0811
ERR13927339.25172	1586	20.2900
ERR13927339.25173	1551	15.8846
ERR13927339.25174	1595	19.2596
ERR13927339.25175	1571	19.2381
ERR13927339.25176	1604	17.8354
ERR13927339.25177	1568	17.2717
ERR13927339.25178	1606	16.9172
ERR13927339.25179	1593	20.2354
ERR13927339.25180	625	17.1584
ERR13927339.25181	353	16.3824
ERR13927339.25182	1573	20.2517
ERR13927339.25183	1555	19.2977
ERR13927339.25184	1601	19.5753
ERR13927339.25185	1584	16.8548
ERR13927339.25186	1578	18.2820
ERR13927339.25187	1573	17.2759
ERR13927339.25188	1607	19.6366
ERR13927339.25189	1544	18.2850
ERR13927339.25190	1585	20.4315
ERR13927339.25191	1580	18.4120
ERR13927339.25192	1581	16.2018
ERR13927339.25193	1569	18.5876
ERR13927339.25194	1579	18.3015
ERR13927339.25195	1586	20.0750
ERR13927339.25196	1541	17.1389
ERR13927339.25197	1535	18.9622
ERR13927339.25198	1559	17.1251
ERR13927339.25199	1562	19.9545
ERR13927339.25200	1562	20.3675
ERR13927339.25201	528	17.1231
ERR13927339.25202	1566	19.7714
ERR13927339.25203	1579	17.0804
ERR13927339.25204	1602	18.3577
ERR13927339.25205	1574	14.5801
ERR13927339.25206	1621	18.1696
ERR13927339.25207	1595	21.5944
ERR13927339.25208	1525	19.3718
ERR13927339.25209	962	19.2723
ERR13927339.25210	1584	19.1269
ERR13927339.25211	1560	17.2071
ERR13927339.25212	1572	16.3441
ERR13927339.25213	1558	17.0963
ERR13927339.25214	1585	16.7577
ERR13927339.25215	1609	19.8515
ERR13927339.25216	1588	22.7254
ERR13927339.25217	1605	15.8436
ERR13927339.25218	1575	16.7346
ERR13927339.25219	1603	17.0898
ERR13927339.25220	1547	20.5682
ERR13927339.25221	1751	18.4649
ERR13927339.25222	1592	20.1131
ERR13927339.25223	1563	15.1939
ERR13927339.25224	1557	17.8414
ERR13927339.25225	1570	14.9682
ERR13927339.25226	1551	15.2270
ERR13927339.25227	1585	20.6984
ERR13927339.25228	1599	18.8987
ERR13927339.25229	693	18.5830
ERR13927339.25230	1604	16.1153
ERR13927339.25231	1584	20.2487
ERR13927339.25232	1554	19.5238
ERR13927339.25233	1554	17.6403
ERR13927339.25234	1549	19.4403
ERR13927339.25235	1613	21.5294
ERR13927339.25236	1574	19.8355
ERR13927339.25237	1608	18.5833
ERR13927339.25238	1585	17.4429
ERR13927339.25239	1581	21.1765
ERR13927339.25240	1580	20.0506
ERR13927339.25241	1586	16.5498
ERR13927339.25242	1566	16.9227
ERR13927339.25243	1569	18.6960
ERR13927339.25244	1567	20.1717
ERR13927339.25245	1575	19.6648
ERR13927339.25246	1715	16.0968
ERR13927339.25247	1579	19.8613
ERR13927339.25248	1597	18.3331
ERR13927339.25249	1572	17.8372
ERR13927339.25250	1578	18.5659
ERR13927339.25251	1573	16.8849
ERR13927339.25252	1563	15.4971
ERR13927339.25253	1557	17.2460
ERR13927339.25254	1560	17.8558
ERR13927339.25255	1590	19.9742
ERR13927339.25256	1591	19.3237
ERR13927339.25257	1564	15.9495
ERR13927339.25258	1557	20.0764
ERR13927339.25259	1561	16.8603
ERR13927339.25260	1597	16.0488
ERR13927339.25261	1554	16.5148
ERR13927339.25262	1584	21.8788
ERR13927339.25263	1555	19.4669
ERR13927339.25264	1586	17.9357
ERR13927339.25265	1593	17.0389
ERR13927339.25266	1582	20.5740
ERR13927339.25267	1549	18.5759
ERR13927339.25268	1562	20.2586
ERR13927339.25269	1579	18.8493
ERR13927339.25270	1555	19.5338
ERR13927339.25271	1576	21.3477
ERR13927339.25272	1572	16.1361
ERR13927339.25273	1581	19.4067
ERR13927339.25274	1603	21.1335
ERR13927339.25275	1566	17.4725
ERR13927339.25276	1604	20.4395
ERR13927339.25277	1591	19.4375
ERR13927339.25278	1573	17.3191
ERR13927339.25279	1580	16.0804
ERR13927339.25280	1571	15.7619
ERR13927339.25281	1589	14.9862
ERR13927339.25282	1617	18.7477
ERR13927339.25283	1565	20.3476
ERR13927339.25284	1565	17.0147
ERR13927339.25285	1608	15.7481
ERR13927339.25286	1577	17.5320
ERR13927339.25287	1557	17.0873
ERR13927339.25288	1567	18.6796
ERR13927339.25289	1556	17.1607
ERR13927339.25290	1618	19.7491
ERR13927339.25291	1606	17.8854
ERR13927339.25292	1590	14.9987
ERR13927339.25293	1555	15.4958
ERR13927339.25294	1587	16.9351
ERR13927339.25295	1577	17.8377
ERR13927339.25296	1621	17.0672
ERR13927339.25297	1474	14.4288
ERR13927339.25298	1603	20.6862
ERR13927339.25299	1563	21.4338
ERR13927339.25300	1535	14.5961
ERR13927339.25301	1572	15.1991
ERR13927339.25302	1574	20.7020
ERR13927339.25303	1542	19.5914
ERR13927339.25304	1572	20.3645
ERR13927339.25305	1552	19.1372
ERR13927339.25306	1616	18.4282
ERR13927339.25307	1573	19.4196
ERR13927339.25308	1611	15.7952
ERR13927339.25309	1624	16.1706
ERR13927339.25310	1582	19.2351
ERR13927339.25311	1570	19.6096
ERR13927339.25312	1547	19.3206
ERR13927339.25313	1573	16.5118
ERR13927339.25314	961	17.1530
ERR13927339.25315	1575	17.1892
ERR13927339.25316	1571	18.7314
ERR13927339.25317	1580	17.1082
ERR13927339.25318	1599	17.5128
ERR13927339.25319	1556	19.8278
ERR13927339.25320	1585	18.0612
ERR13927339.25321	1568	16.4477
ERR13927339.25322	1613	20.7216
ERR13927339.25323	1578	21.9233
ERR13927339.25324	1587	20.1178
ERR13927339.25325	1552	16.9066
ERR13927339.25326	680	17.3603
ERR13927339.25327	1651	18.9207
ERR13927339.25328	1560	20.0974
ERR13927339.25329	1574	17.5724
ERR13927339.25330	1568	20.7844
ERR13927339.25331	1554	17.2098
ERR13927339.25332	1568	18.1537
ERR13927339.25333	1585	18.3401
ERR13927339.25334	237	14.5738
ERR13927339.25335	1595	19.5266
ERR13927339.25336	611	14.3993
ERR13927339.25337	1602	19.2522
ERR13927339.25338	1569	14.9662
ERR13927339.25339	1560	16.4500
ERR13927339.25340	1582	14.7421
ERR13927339.25341	1551	15.8343
ERR13927339.25342	1570	19.9185
ERR13927339.25343	1516	19.6319
ERR13927339.25344	1583	18.9583
ERR13927339.25345	1559	17.0943
ERR13927339.25346	1560	15.6122
ERR13927339.25347	1568	16.2870
ERR13927339.25348	1574	17.3030
ERR13927339.25349	1574	17.3583
ERR13927339.25350	1561	20.6874
ERR13927339.25351	1588	19.1732
ERR13927339.25352	1583	16.6627
ERR13927339.25353	1550	20.1600
ERR13927339.25354	1580	19.5139
ERR13927339.25355	1613	20.2114
ERR13927339.25356	1597	17.6756
ERR13927339.25357	1586	18.7736
ERR13927339.25358	1613	17.3373
ERR13927339.25359	1539	17.4906
ERR13927339.25360	1584	17.4634
ERR13927339.25361	1581	14.9519
ERR13927339.25362	1568	17.9298
ERR13927339.25363	1539	15.2157
ERR13927339.25364	1546	16.8719
ERR13927339.25365	1569	17.4920
ERR13927339.25366	1577	19.1313
ERR13927339.25367	1596	14.0269
ERR13927339.25368	1578	16.7807
ERR13927339.25369	1597	19.6938
ERR13927339.25370	1586	20.4477
ERR13927339.25371	1587	17.3182
ERR13927339.25372	1570	16.4892
ERR13927339.25373	1577	18.3792
ERR13927339.25374	1586	15.6904
ERR13927339.25375	1595	20.6671
ERR13927339.25376	1537	18.1919
ERR13927339.25377	1578	19.0748
ERR13927339.25378	1565	20.0709
ERR13927339.25379	1568	17.4547
ERR13927339.25380	1559	20.3355
ERR13927339.25381	1612	20.3040
ERR13927339.25382	1564	19.6982
ERR13927339.25383	1609	16.7582
ERR13927339.25384	1579	16.3179
ERR13927339.25385	1567	18.9489
ERR13927339.25386	1577	19.8364
ERR13927339.25387	1563	19.3852
ERR13927339.25388	1637	17.7379
ERR13927339.25389	1578	19.5114
ERR13927339.25390	1608	18.0914
ERR13927339.25391	1614	18.5892
ERR13927339.25392	1597	14.8159
ERR13927339.25393	1627	15.5999
ERR13927339.25394	1555	16.4965
ERR13927339.25395	1570	15.5561
ERR13927339.25396	1584	19.8895
ERR13927339.25397	1643	17.3512
ERR13927339.25398	1547	15.8022
ERR13927339.25399	1570	21.9274
ERR13927339.25400	1558	16.1746
ERR13927339.25401	1590	19.6660
ERR13927339.25402	1592	18.2387
ERR13927339.25403	1599	18.3521
ERR13927339.25404	1544	15.2947
ERR13927339.25405	1622	20.8822
ERR13927339.25406	1596	17.7644
ERR13927339.25407	1572	16.5267
ERR13927339.25408	1597	18.4252
ERR13927339.25409	1582	19.1928
ERR13927339.25410	1570	17.9726
ERR13927339.25411	1565	19.6102
ERR13927339.25412	1563	19.3461
ERR13927339.25413	1642	19.8222
ERR13927339.25414	1555	19.4881
ERR13927339.25415	1583	19.2666
ERR13927339.25416	1566	20.0594
ERR13927339.25417	1561	19.4151
ERR13927339.25418	1596	17.8734
ERR13927339.25419	1582	15.9090
ERR13927339.25420	1569	17.8349
ERR13927339.25421	1592	20.6200
ERR13927339.25422	1582	17.9810
ERR13927339.25423	1457	21.9032
ERR13927339.25424	1494	16.4311
ERR13927339.25425	1428	15.0329
ERR13927339.25426	1569	18.7049
ERR13927339.25427	1619	16.8061
ERR13927339.25428	1556	17.5566
ERR13927339.25429	1570	18.4408
ERR13927339.25430	1608	18.3458
ERR13927339.25431	1572	17.7506
ERR13927339.25432	1566	19.2765
ERR13927339.25433	1618	17.1502
ERR13927339.25434	1571	21.6569
ERR13927339.25435	1587	18.1960
ERR13927339.25436	1585	16.6612
ERR13927339.25437	1561	17.9898
ERR13927339.25438	1574	17.8564
ERR13927339.25439	1605	19.0093
ERR13927339.25440	1591	20.5405
ERR13927339.25441	1585	15.3716
ERR13927339.25442	1578	18.3904
ERR13927339.25443	1566	17.6858
ERR13927339.25444	1579	18.3186
ERR13927339.25445	1270	16.3701
ERR13927339.25446	1594	19.5740
ERR13927339.25447	1571	16.8440
ERR13927339.25448	1565	15.0173
ERR13927339.25449	1567	21.0574
ERR13927339.25450	1560	16.6801
ERR13927339.25451	1570	15.4325
ERR13927339.25452	1564	18.1407
ERR13927339.25453	1577	19.3989
ERR13927339.25454	1552	18.8827
ERR13927339.25455	1620	20.0105
ERR13927339.25456	1535	19.8678
ERR13927339.25457	1564	19.5953
ERR13927339.25458	1568	17.9605
ERR13927339.25459	1565	15.7348
ERR13927339.25460	1559	14.1854
ERR13927339.25461	1561	19.6752
ERR13927339.25462	1520	19.5171
ERR13927339.25463	1111	19.0918
ERR13927339.25464	1564	16.4693
ERR13927339.25465	1590	16.6642
ERR13927339.25466	1513	16.6471
ERR13927339.25467	1561	17.5407
ERR13927339.25468	1605	16.7302
ERR13927339.25469	1571	19.7237
ERR13927339.25470	1554	18.4118
ERR13927339.25471	1605	17.4037
ERR13927339.25472	1589	17.8779
ERR13927339.25473	1552	18.1379
ERR13927339.25474	1577	19.4509
ERR13927339.25475	1300	16.8900
ERR13927339.25476	1595	19.8596
ERR13927339.25477	1579	20.1210
ERR13927339.25478	1617	21.8120
ERR13927339.25479	1608	14.8240
ERR13927339.25480	1547	18.8869
ERR13927339.25481	1575	16.9568
ERR13927339.25482	1552	17.5793
ERR13927339.25483	1586	16.5404
ERR13927339.25484	1590	20.1157
ERR13927339.25485	1643	14.6683
ERR13927339.25486	1591	16.4368
ERR13927339.25487	1577	17.8218
ERR13927339.25488	1599	19.9931
ERR13927339.25489	1591	19.0534
ERR13927339.25490	1324	16.5627
ERR13927339.25491	1566	18.1648
ERR13927339.25492	1556	21.3708
ERR13927339.25493	1571	20.0891
ERR13927339.25494	3196	16.8720
ERR13927339.25495	1542	18.5733
ERR13927339.25496	1548	21.0898
ERR13927339.25497	1543	17.4336
ERR13927339.25498	1672	19.2356
ERR13927339.25499	1573	19.4933
ERR13927339.25500	1581	20.0278
ERR13927339.25501	1581	20.4826
ERR13927339.25502	1604	17.8080
ERR13927339.25503	699	16.5365
ERR13927339.25504	1561	17.9449
ERR13927339.25505	1567	18.7179
ERR13927339.25506	1574	18.5902
ERR13927339.25507	1567	20.0868
ERR13927339.25508	1638	16.5971
ERR13927339.25509	1594	20.8494
ERR13927339.25510	1589	16.8622
ERR13927339.25511	1554	18.5232
ERR13927339.25512	1559	19.2123
ERR13927339.25513	1556	21.0225
ERR13927339.25514	1619	20.9796
ERR13927339.25515	1562	20.3707
ERR13927339.25516	1602	17.0006
ERR13927339.25517	1570	18.8096
ERR13927339.25518	1571	15.6098
ERR13927339.25519	1577	19.0178
ERR13927339.25520	1579	15.5972
ERR13927339.25521	1565	21.2173
ERR13927339.25522	1558	19.1175
ERR13927339.25523	1555	22.0637
ERR13927339.25524	1604	18.3441
ERR13927339.25525	1571	20.5449
ERR13927339.25526	1608	19.2910
ERR13927339.25527	1621	19.1696
ERR13927339.25528	1572	15.5445
ERR13927339.25529	1670	17.4347
ERR13927339.25530	1550	16.1232
ERR13927339.25531	1602	13.8508
ERR13927339.25532	1579	16.1235
ERR13927339.25533	1586	20.3544
ERR13927339.25534	1597	19.7220
ERR13927339.25535	1574	15.4848
ERR13927339.25536	1580	18.0335
ERR13927339.25537	1569	17.8827
ERR13927339.25538	1567	20.8175
ERR13927339.25539	1592	17.4906
ERR13927339.25540	1628	19.4165
ERR13927339.25541	1560	19.3346
ERR13927339.25542	1570	16.7898
ERR13927339.25543	1583	20.1263
ERR13927339.25544	1546	18.2807
ERR13927339.25545	1580	17.0487
ERR13927339.25546	1554	19.6763
ERR13927339.25547	1602	16.1305
ERR13927339.25548	1567	18.5105
ERR13927339.25549	1558	19.6701
ERR13927339.25550	1591	19.8240
ERR13927339.25551	1573	17.0941
ERR13927339.25552	1603	19.8141
ERR13927339.25553	1557	15.8863
ERR13927339.25554	1595	20.2245
ERR13927339.25555	1577	20.7654
ERR13927339.25556	1572	18.1170
ERR13927339.25557	1599	20.4966
ERR13927339.25558	1574	19.8863
ERR13927339.25559	1608	16.8607
ERR13927339.25560	1582	15.9355
ERR13927339.25561	1604	19.6621
ERR13927339.25562	1587	19.8727
ERR13927339.25563	1573	21.2041
ERR13927339.25564	1559	17.9654
ERR13927339.25565	1556	20.4293
ERR13927339.25566	1597	20.1628
ERR13927339.25567	1565	16.5796
ERR13927339.25568	1569	18.9994
ERR13927339.25569	1546	16.7439
ERR13927339.25570	1558	18.0096
ERR13927339.25571	1581	20.0398
ERR13927339.25572	1577	19.5777
ERR13927339.25573	1571	18.3533
ERR13927339.25574	1616	19.1250
ERR13927339.25575	1552	20.5483
ERR13927339.25576	1546	17.4922
ERR13927339.25577	1596	18.4793
ERR13927339.25578	1561	20.2492
ERR13927339.25579	1572	17.9860
ERR13927339.25580	1590	17.2730
ERR13927339.25581	1590	16.8579
ERR13927339.25582	1583	23.2836
ERR13927339.25583	1576	18.7284
ERR13927339.25584	1582	19.9583
ERR13927339.25585	1572	19.2023
ERR13927339.25586	1557	21.5556
ERR13927339.25587	1570	20.0306
ERR13927339.25588	1577	21.1040
ERR13927339.25589	1576	22.0971
ERR13927339.25590	1576	18.2202
ERR13927339.25591	1590	17.9377
ERR13927339.25592	1590	19.1572
ERR13927339.25593	1547	16.7195
ERR13927339.25594	1553	16.5647
ERR13927339.25595	1614	20.8333
ERR13927339.25596	1599	18.0813
ERR13927339.25597	1578	19.9689
ERR13927339.25598	1551	17.0741
ERR13927339.25599	1550	18.8245
ERR13927339.25600	1579	19.1248
ERR13927339.25601	1573	18.3586
ERR13927339.25602	1557	14.4926
ERR13927339.25603	1560	20.2769
ERR13927339.25604	1564	17.0403
ERR13927339.25605	1584	17.4198
ERR13927339.25606	1567	18.0542
ERR13927339.25607	1590	20.5855
ERR13927339.25608	1571	15.8701
ERR13927339.25609	621	17.6377
ERR13927339.25610	1578	17.2674
ERR13927339.25611	1550	16.7619
ERR13927339.25612	1607	17.6490
ERR13927339.25613	1585	18.6435
ERR13927339.25614	1574	18.1652
ERR13927339.25615	1586	18.0574
ERR13927339.25616	1570	16.7242
ERR13927339.25617	1595	17.8414
ERR13927339.25618	1586	19.3153
ERR13927339.25619	1540	18.2422
ERR13927339.25620	1530	15.2595
ERR13927339.25621	1551	20.9142
ERR13927339.25622	1564	19.7679
ERR13927339.25623	1575	20.0476
ERR13927339.25624	1541	18.5269
ERR13927339.25625	1584	16.9167
ERR13927339.25626	1600	18.5956
ERR13927339.25627	1561	19.4273
ERR13927339.25628	1562	17.0474
ERR13927339.25629	1625	19.1563
ERR13927339.25630	1575	17.5232
ERR13927339.25631	1579	18.0887
ERR13927339.25632	1579	19.3040
ERR13927339.25633	1578	16.1939
ERR13927339.25634	1530	21.3314
ERR13927339.25635	1570	19.7936
ERR13927339.25636	1450	14.0262
ERR13927339.25637	1560	16.4667
ERR13927339.25638	1574	18.7287
ERR13927339.25639	1549	17.5229
ERR13927339.25640	1540	16.2766
ERR13927339.25641	1574	18.2872
ERR13927339.25642	1591	20.3023
ERR13927339.25643	1581	18.7483
ERR13927339.25644	1590	18.5566
ERR13927339.25645	1565	19.0792
ERR13927339.25646	1560	14.6718
ERR13927339.25647	1582	18.0057
ERR13927339.25648	1571	19.0592
ERR13927339.25649	1571	18.2553
ERR13927339.25650	1575	19.8648
ERR13927339.25651	1577	17.5510
ERR13927339.25652	1544	17.0829
ERR13927339.25653	254	15.9370
ERR13927339.25654	1551	18.2888
ERR13927339.25655	1577	17.7996
ERR13927339.25656	1581	15.6781
ERR13927339.25657	1573	19.0496
ERR13927339.25658	1610	18.9578
ERR13927339.25659	1582	18.3875
ERR13927339.25660	1561	20.1685
ERR13927339.25661	1573	21.1488
ERR13927339.25662	1566	18.7043
ERR13927339.25663	1578	17.6622
ERR13927339.25664	1563	15.9194
ERR13927339.25665	1562	19.5659
ERR13927339.25666	1580	20.8278
ERR13927339.25667	1590	19.1352
ERR13927339.25668	1584	21.9293
ERR13927339.25669	1567	19.6701
ERR13927339.25670	1559	14.5093
ERR13927339.25671	1571	20.8491
ERR13927339.25672	1588	17.7997
ERR13927339.25673	1538	16.0247
ERR13927339.25674	1635	19.3058
ERR13927339.25675	1578	16.6717
ERR13927339.25676	1621	20.9630
ERR13927339.25677	1572	19.9453
ERR13927339.25678	1622	19.6523
ERR13927339.25679	1558	17.4024
ERR13927339.25680	1539	15.0832
ERR13927339.25681	1622	20.0801
ERR13927339.25682	1703	16.3394
ERR13927339.25683	1581	17.0436
ERR13927339.25684	1592	15.9881
ERR13927339.25685	1611	20.4867
ERR13927339.25686	1547	20.0194
ERR13927339.25687	1558	19.2805
ERR13927339.25688	1557	14.7636
ERR13927339.25689	1575	18.7321
ERR13927339.25690	852	15.9789
ERR13927339.25691	1613	17.7483
ERR13927339.25692	1453	15.8589
ERR13927339.25693	1554	20.9247
ERR13927339.25694	1605	21.1221
ERR13927339.25695	1574	16.2522
ERR13927339.25696	1606	20.4801
ERR13927339.25697	1565	17.4492
ERR13927339.25698	1585	18.3407
ERR13927339.25699	1589	17.8584
ERR13927339.25700	1585	18.3375
ERR13927339.25701	1588	20.3520
ERR13927339.25702	1614	19.0688
ERR13927339.25703	1582	20.8856
ERR13927339.25704	1563	18.7025
ERR13927339.25705	1577	20.4673
ERR13927339.25706	1575	17.2984
ERR13927339.25707	1559	20.1616
ERR13927339.25708	1546	17.5964
ERR13927339.25709	1579	16.4598
ERR13927339.25710	1550	18.4400
ERR13927339.25711	1613	18.3075
ERR13927339.25712	1576	17.3147
ERR13927339.25713	1600	19.2875
ERR13927339.25714	1583	16.8850
ERR13927339.25715	1586	17.7295
ERR13927339.25716	1565	18.2588
ERR13927339.25717	1582	18.5234
ERR13927339.25718	1559	20.7056
ERR13927339.25719	1566	16.5562
ERR13927339.25720	1602	20.3939
ERR13927339.25721	1554	16.6634
ERR13927339.25722	1571	19.6626
ERR13927339.25723	1588	15.2676
ERR13927339.25724	1557	16.7174
ERR13927339.25725	1603	20.8540
ERR13927339.25726	1596	19.0451
ERR13927339.25727	1571	20.2190
ERR13927339.25728	1571	19.8001
ERR13927339.25729	1590	18.4597
ERR13927339.25730	1552	19.6224
ERR13927339.25731	1580	16.4411
ERR13927339.25732	1564	15.2660
ERR13927339.25733	1555	15.8167
ERR13927339.25734	1622	18.1375
ERR13927339.25735	1587	19.7461
ERR13927339.25736	1555	17.1325
ERR13927339.25737	1598	19.5920
ERR13927339.25738	1588	16.1411
ERR13927339.25739	1609	20.7819
ERR13927339.25740	1581	20.5838
ERR13927339.25741	1578	17.6039
ERR13927339.25742	1594	18.8526
ERR13927339.25743	1590	19.4491
ERR13927339.25744	1585	19.5451
ERR13927339.25745	1580	17.6677
ERR13927339.25746	1593	16.1463
ERR13927339.25747	1561	14.5407
ERR13927339.25748	1579	17.9645
ERR13927339.25749	1104	17.7708
ERR13927339.25750	1526	17.3689
ERR13927339.25751	1555	18.1074
ERR13927339.25752	1640	20.9604
ERR13927339.25753	1563	18.8471
ERR13927339.25754	1558	21.7214
ERR13927339.25755	1604	18.7693
ERR13927339.25756	1574	20.2834
ERR13927339.25757	1547	18.3452
ERR13927339.25758	1625	17.6837
ERR13927339.25759	1583	19.6822
ERR13927339.25760	1584	21.0366
ERR13927339.25761	819	15.9756
ERR13927339.25762	1577	20.5434
ERR13927339.25763	1572	18.6571
ERR13927339.25764	1597	20.1603
ERR13927339.25765	1574	19.3310
ERR13927339.25766	1609	18.4667
ERR13927339.25767	1610	14.4739
ERR13927339.25768	1603	18.9950
ERR13927339.25769	1556	17.5533
ERR13927339.25770	1567	20.1353
ERR13927339.25771	1613	18.3453
ERR13927339.25772	1560	19.8795
ERR13927339.25773	1580	20.4532
ERR13927339.25774	1569	19.3754
ERR13927339.25775	1531	18.4265
ERR13927339.25776	1592	19.9617
ERR13927339.25777	1581	17.6591
ERR13927339.25778	1563	18.5573
ERR13927339.25779	1570	18.8611
ERR13927339.25780	1036	20.0676
ERR13927339.25781	1043	18.6481
ERR13927339.25782	1527	15.8756
ERR13927339.25783	1633	19.3393
ERR13927339.25784	1583	18.5995
ERR13927339.25785	1609	17.2952
ERR13927339.25786	1614	14.7169
ERR13927339.25787	1566	15.4298
ERR13927339.25788	1567	16.9509
ERR13927339.25789	1531	16.4892
ERR13927339.25790	1565	15.0543
ERR13927339.25791	1573	21.6440
ERR13927339.25792	1569	21.4105
ERR13927339.25793	1607	19.8139
ERR13927339.25794	1593	19.5643
ERR13927339.25795	1569	19.3149
ERR13927339.25796	1562	18.9449
ERR13927339.25797	1569	20.0319
ERR13927339.25798	1594	18.2748
ERR13927339.25799	1575	17.9632
ERR13927339.25800	1542	18.2289
ERR13927339.25801	1613	18.0384
ERR13927339.25802	1612	19.6011
ERR13927339.25803	1573	19.6224
ERR13927339.25804	1569	15.7954
ERR13927339.25805	1602	17.5200
ERR13927339.25806	1578	19.2624
ERR13927339.25807	1532	14.5202
ERR13927339.25808	294	16.8061
ERR13927339.25809	1565	16.8684
ERR13927339.25810	1573	16.6014
ERR13927339.25811	1568	17.0670
ERR13927339.25812	1577	17.8814
ERR13927339.25813	861	16.0407
ERR13927339.25814	1603	15.6195
ERR13927339.25815	1571	17.4990
ERR13927339.25816	1577	18.2194
ERR13927339.25817	1560	18.6391
ERR13927339.25818	1571	16.6735
ERR13927339.25819	1581	22.4611
ERR13927339.25820	1592	17.5283
ERR13927339.25821	1556	20.6883
ERR13927339.25822	1581	18.8381
ERR13927339.25823	1526	16.9653
ERR13927339.25824	1591	15.4337
ERR13927339.25825	1553	15.6568
ERR13927339.25826	1557	18.2383
ERR13927339.25827	1558	17.8819
ERR13927339.25828	1564	16.7551
ERR13927339.25829	1566	18.9649
ERR13927339.25830	1572	19.6711
ERR13927339.25831	1580	17.1152
ERR13927339.25832	1631	18.0092
ERR13927339.25833	1555	18.8566
ERR13927339.25834	1567	18.5597
ERR13927339.25835	1566	20.3519
ERR13927339.25836	598	16.9565
ERR13927339.25837	1554	22.1281
ERR13927339.25838	1558	20.0135
ERR13927339.25839	1588	17.6348
ERR13927339.25840	1594	18.1286
ERR13927339.25841	1593	17.8682
ERR13927339.25842	1596	19.7325
ERR13927339.25843	1588	18.8287
ERR13927339.25844	1601	20.2823
ERR13927339.25845	1560	16.8737
ERR13927339.25846	1545	17.8939
ERR13927339.25847	1585	20.0435
ERR13927339.25848	1591	15.4041
ERR13927339.25849	1586	19.2421
ERR13927339.25850	1542	15.9877
ERR13927339.25851	1564	20.2583
ERR13927339.25852	1572	16.9949
ERR13927339.25853	1586	16.3569
ERR13927339.25854	1556	15.8952
ERR13927339.25855	1590	17.4101
ERR13927339.25856	1577	16.5447
ERR13927339.25857	1557	14.9358
ERR13927339.25858	1567	23.2731
ERR13927339.25859	1608	19.1262
ERR13927339.25860	1602	19.9388
ERR13927339.25861	1581	20.9753
ERR13927339.25862	1587	18.7360
ERR13927339.25863	1158	17.7453
ERR13927339.25864	1582	16.6176
ERR13927339.25865	1534	15.7601
ERR13927339.25866	1563	15.8900
ERR13927339.25867	1569	16.6985
ERR13927339.25868	1587	19.6459
ERR13927339.25869	1587	17.4386
ERR13927339.25870	1595	19.1881
ERR13927339.25871	1586	18.7295
ERR13927339.25872	1560	17.3077
ERR13927339.25873	1623	19.3537
ERR13927339.25874	1567	18.7090
ERR13927339.25875	621	17.8293
ERR13927339.25876	1568	17.8393
ERR13927339.25877	1577	21.2613
ERR13927339.25878	1623	18.9519
ERR13927339.25879	1519	18.0783
ERR13927339.25880	1578	19.3802
ERR13927339.25881	1583	19.8497
ERR13927339.25882	1574	20.4333
ERR13927339.25883	1589	17.7300
ERR13927339.25884	1603	20.7180
ERR13927339.25885	1582	20.7535
ERR13927339.25886	849	19.9211
ERR13927339.25887	1581	20.9216
ERR13927339.25888	1560	17.9308
ERR13927339.25889	1609	20.9615
ERR13927339.25890	1594	20.8281
ERR13927339.25891	1599	18.9837
ERR13927339.25892	1597	19.9944
ERR13927339.25893	1577	18.5840
ERR13927339.25894	1575	20.9568
ERR13927339.25895	1591	17.9698
ERR13927339.25896	1607	19.7330
ERR13927339.25897	1590	21.2031
ERR13927339.25898	1567	19.8539
ERR13927339.25899	1595	20.5950
ERR13927339.25900	1558	20.4987
ERR13927339.25901	1572	18.5840
ERR13927339.25902	1456	18.9890
ERR13927339.25903	1599	16.0826
ERR13927339.25904	1564	20.0978
ERR13927339.25905	1551	20.2012
ERR13927339.25906	1608	17.3781
ERR13927339.25907	1591	17.0333
ERR13927339.25908	1561	20.7591
ERR13927339.25909	1590	17.3384
ERR13927339.25910	1579	19.5820
ERR13927339.25911	1528	15.5720
ERR13927339.25912	1563	17.4120
ERR13927339.25913	1590	16.2918
ERR13927339.25914	1550	17.0432
ERR13927339.25915	1622	20.2090
ERR13927339.25916	1577	19.3094
ERR13927339.25917	1577	15.9543
ERR13927339.25918	1586	18.9174
ERR13927339.25919	1579	19.5991
ERR13927339.25920	1622	19.4149
ERR13927339.25921	1581	18.6629
ERR13927339.25922	1605	16.7022
ERR13927339.25923	1631	14.1048
ERR13927339.25924	1596	18.8371
ERR13927339.25925	1562	15.8796
ERR13927339.25926	1557	17.7951
ERR13927339.25927	1566	19.5913
ERR13927339.25928	1584	20.0095
ERR13927339.25929	1595	14.3436
ERR13927339.25930	1607	20.0050
ERR13927339.25931	1585	16.3293
ERR13927339.25932	702	14.2308
ERR13927339.25933	1597	18.7527
ERR13927339.25934	1547	17.8293
ERR13927339.25935	1608	19.7307
ERR13927339.25936	1568	20.9955
ERR13927339.25937	1602	17.2615
ERR13927339.25938	1580	18.1291
ERR13927339.25939	1561	20.1544
ERR13927339.25940	1576	16.5006
ERR13927339.25941	1582	23.4077
ERR13927339.25942	1583	17.0783
ERR13927339.25943	1579	19.7042
ERR13927339.25944	1583	18.5976
ERR13927339.25945	1541	16.8144
ERR13927339.25946	1559	17.0577
ERR13927339.25947	1579	18.8068
ERR13927339.25948	1585	17.8271
ERR13927339.25949	1572	17.9656
ERR13927339.25950	1611	18.1415
ERR13927339.25951	1585	20.1129
ERR13927339.25952	1618	19.5828
ERR13927339.25953	1585	17.8126
ERR13927339.25954	1556	20.5855
ERR13927339.25955	1567	20.6292
ERR13927339.25956	1580	19.4956
ERR13927339.25957	1571	19.5672
ERR13927339.25958	1590	20.0415
ERR13927339.25959	1594	17.6016
ERR13927339.25960	1596	15.7105
ERR13927339.25961	3205	17.7076
ERR13927339.25962	1588	21.5655
ERR13927339.25963	1563	16.3327
ERR13927339.25964	1573	17.6078
ERR13927339.25965	525	17.6381
ERR13927339.25966	1570	15.6420
ERR13927339.25967	1562	18.8944
ERR13927339.25968	1601	18.5247
ERR13927339.25969	608	17.8849
ERR13927339.25970	1578	16.8054
ERR13927339.25971	1597	19.3394
ERR13927339.25972	1554	15.9369
ERR13927339.25973	1577	20.9277
ERR13927339.25974	1682	20.5018
ERR13927339.25975	1552	21.6488
ERR13927339.25976	1612	20.4367
ERR13927339.25977	699	19.5136
ERR13927339.25978	1595	16.0746
ERR13927339.25979	1532	15.6005
ERR13927339.25980	1551	18.8859
ERR13927339.25981	1603	20.0225
ERR13927339.25982	1544	18.9676
ERR13927339.25983	1556	18.4833
ERR13927339.25984	1573	18.4367
ERR13927339.25985	1549	16.2744
ERR13927339.25986	1509	17.2551
ERR13927339.25987	1570	15.5841
ERR13927339.25988	1593	19.2103
ERR13927339.25989	1597	19.4364
ERR13927339.25990	1610	18.8286
ERR13927339.25991	1563	19.3493
ERR13927339.25992	1583	19.0651
ERR13927339.25993	1571	17.6894
ERR13927339.25994	1586	18.3525
ERR13927339.25995	1567	19.6490
ERR13927339.25996	1570	18.9866
ERR13927339.25997	1574	22.1728
ERR13927339.25998	1564	19.8376
ERR13927339.25999	1550	18.0297
ERR13927339.26000	1573	15.2416
ERR13927339.26001	1529	14.4729
ERR13927339.26002	1568	17.3087
ERR13927339.26003	1545	18.8583
ERR13927339.26004	1536	17.3581
ERR13927339.26005	1563	19.6615
ERR13927339.26006	1540	18.0883
ERR13927339.26007	1530	20.7118
ERR13927339.26008	1556	17.0392
ERR13927339.26009	1592	19.1156
ERR13927339.26010	1572	20.1603
ERR13927339.26011	1562	18.0858
ERR13927339.26012	1567	20.6101
ERR13927339.26013	1544	18.8718
ERR13927339.26014	1586	20.4868
ERR13927339.26015	1543	17.7278
ERR13927339.26016	1570	18.8994
ERR13927339.26017	625	19.3792
ERR13927339.26018	1535	18.5752
ERR13927339.26019	1618	17.4110
ERR13927339.26020	1558	15.3055
ERR13927339.26021	1577	16.4128
ERR13927339.26022	1545	15.9754
ERR13927339.26023	1586	19.6463
ERR13927339.26024	1571	17.4367
ERR13927339.26025	1580	18.5975
ERR13927339.26026	1571	17.4284
ERR13927339.26027	1516	15.3087
ERR13927339.26028	1614	18.7602
ERR13927339.26029	1557	15.7906
ERR13927339.26030	1578	18.0507
ERR13927339.26031	1518	14.9229
ERR13927339.26032	1583	17.5881
ERR13927339.26033	1571	18.9484
ERR13927339.26034	1536	17.0710
ERR13927339.26035	1564	18.9520
ERR13927339.26036	1563	19.2342
ERR13927339.26037	1595	19.4947
ERR13927339.26038	1715	16.6000
ERR13927339.26039	1587	16.7183
ERR13927339.26040	440	15.5227
ERR13927339.26041	1596	15.2018
ERR13927339.26042	1226	19.0987
ERR13927339.26043	1570	19.8471
ERR13927339.26044	1590	18.3887
ERR13927339.26045	1552	18.1044
ERR13927339.26046	1595	19.8426
ERR13927339.26047	1563	16.2719
ERR13927339.26048	1498	17.6489
ERR13927339.26049	1542	16.7134
ERR13927339.26050	1583	17.0392
ERR13927339.26051	1601	19.6077
ERR13927339.26052	1582	18.9027
ERR13927339.26053	1549	18.0742
ERR13927339.26054	1588	20.0183
ERR13927339.26055	1580	20.5253
ERR13927339.26056	1535	16.8951
ERR13927339.26057	1572	16.5191
ERR13927339.26058	1565	21.4256
ERR13927339.26059	1546	19.1876
ERR13927339.26060	1589	16.2945
ERR13927339.26061	1542	17.6401
ERR13927339.26062	1602	20.7397
ERR13927339.26063	1619	19.0037
ERR13927339.26064	1544	16.3446
ERR13927339.26065	1575	18.9276
ERR13927339.26066	1586	19.7989
ERR13927339.26067	1548	19.0724
ERR13927339.26068	1557	16.4117
ERR13927339.26069	1592	19.7173
ERR13927339.26070	1576	16.3617
ERR13927339.26071	1593	22.9592
ERR13927339.26072	1567	19.1136
ERR13927339.26073	1573	19.2015
ERR13927339.26074	1591	17.9661
ERR13927339.26075	1513	18.3761
ERR13927339.26076	1526	15.4784
ERR13927339.26077	1579	18.1552
ERR13927339.26078	1561	19.4894
ERR13927339.26079	1559	15.9089
ERR13927339.26080	1566	16.9808
ERR13927339.26081	1574	19.1544
ERR13927339.26082	1576	17.9093
ERR13927339.26083	1594	19.8187
ERR13927339.26084	1570	20.3624
ERR13927339.26085	1610	19.5304
ERR13927339.26086	1562	20.4507
ERR13927339.26087	3175	18.1039
ERR13927339.26088	1586	17.7232
ERR13927339.26089	1569	17.3556
ERR13927339.26090	1561	16.6823
ERR13927339.26091	1622	18.9969
ERR13927339.26092	1572	21.1209
ERR13927339.26093	1558	18.4923
ERR13927339.26094	1598	15.6690
ERR13927339.26095	1555	19.4367
ERR13927339.26096	1571	14.6499
ERR13927339.26097	1573	16.1227
ERR13927339.26098	1598	17.0238
ERR13927339.26099	1621	18.4633
ERR13927339.26100	1587	14.9616
ERR13927339.26101	543	18.0405
ERR13927339.26102	1586	19.8247
ERR13927339.26103	1598	18.8698
ERR13927339.26104	1568	20.0147
ERR13927339.26105	1570	18.8032
ERR13927339.26106	1559	17.3554
ERR13927339.26107	1549	17.2524
ERR13927339.26108	1554	20.8378
ERR13927339.26109	1572	15.0897
ERR13927339.26110	1594	18.2133
ERR13927339.26111	1566	19.7312
ERR13927339.26112	1150	18.9383
ERR13927339.26113	1594	14.1531
ERR13927339.26114	1610	20.3099
ERR13927339.26115	1608	19.4863
ERR13927339.26116	1589	17.7879
ERR13927339.26117	1597	20.3951
ERR13927339.26118	1582	19.0594
ERR13927339.26119	1518	15.7148
ERR13927339.26120	1590	23.0692
ERR13927339.26121	1531	20.7381
ERR13927339.26122	1572	17.8022
ERR13927339.26123	1570	19.7166
ERR13927339.26124	1581	18.8577
ERR13927339.26125	1572	19.8225
ERR13927339.26126	1584	17.7323
ERR13927339.26127	1597	18.8178
ERR13927339.26128	1582	17.7288
ERR13927339.26129	1555	19.3383
ERR13927339.26130	1589	20.3877
ERR13927339.26131	1375	20.3462
ERR13927339.26132	1565	15.5866
ERR13927339.26133	1574	18.4797
ERR13927339.26134	1632	19.4130
ERR13927339.26135	1595	16.0326
ERR13927339.26136	1566	21.2867
ERR13927339.26137	1567	17.6248
ERR13927339.26138	1593	18.8544
ERR13927339.26139	1623	19.3426
ERR13927339.26140	930	14.7118
ERR13927339.26141	1583	20.4934
ERR13927339.26142	1561	17.9026
ERR13927339.26143	1574	18.8831
ERR13927339.26144	1558	14.4795
ERR13927339.26145	1610	19.3261
ERR13927339.26146	1562	19.8700
ERR13927339.26147	1596	19.8734
ERR13927339.26148	1591	16.5135
ERR13927339.26149	1558	17.6040
ERR13927339.26150	1566	17.1481
ERR13927339.26151	1708	19.1317
ERR13927339.26152	1569	15.4888
ERR13927339.26153	1587	15.3566
ERR13927339.26154	1604	15.6091
ERR13927339.26155	1553	19.1693
ERR13927339.26156	1579	20.0127
ERR13927339.26157	1598	16.9424
ERR13927339.26158	1582	16.5525
ERR13927339.26159	1572	17.8232
ERR13927339.26160	1583	19.8054
ERR13927339.26161	1577	14.4166
ERR13927339.26162	1579	20.0146
ERR13927339.26163	1582	16.1018
ERR13927339.26164	1599	15.3146
ERR13927339.26165	1572	20.1285
ERR13927339.26166	1563	21.0857
ERR13927339.26167	1589	17.5884
ERR13927339.26168	1558	18.4705
ERR13927339.26169	1604	21.0486
ERR13927339.26170	1569	18.6603
ERR13927339.26171	1542	15.3431
ERR13927339.26172	1607	20.3472
ERR13927339.26173	1592	19.5119
ERR13927339.26174	1615	19.4867
ERR13927339.26175	1598	17.5989
ERR13927339.26176	1593	20.4438
ERR13927339.26177	1604	16.3834
ERR13927339.26178	1559	19.4926
ERR13927339.26179	1568	17.2098
ERR13927339.26180	1631	19.4966
ERR13927339.26181	1582	17.7819
ERR13927339.26182	1616	15.5390
ERR13927339.26183	1579	17.6004
ERR13927339.26184	1593	19.4903
ERR13927339.26185	1567	16.9898
ERR13927339.26186	1565	21.6032
ERR13927339.26187	1591	19.1992
ERR13927339.26188	1594	19.2070
ERR13927339.26189	1582	15.9994
ERR13927339.26190	1592	19.9567
ERR13927339.26191	1524	19.3235
ERR13927339.26192	1595	21.4545
ERR13927339.26193	1612	19.3114
ERR13927339.26194	1580	19.4297
ERR13927339.26195	1582	17.4829
ERR13927339.26196	1570	17.8790
ERR13927339.26197	1571	19.0229
ERR13927339.26198	1590	19.3610
ERR13927339.26199	1590	19.8635
ERR13927339.26200	1547	16.2075
ERR13927339.26201	1587	19.2659
ERR13927339.26202	1549	19.3454
ERR13927339.26203	1552	15.2680
ERR13927339.26204	1577	20.1072
ERR13927339.26205	1582	18.9633
ERR13927339.26206	1587	20.1727
ERR13927339.26207	1019	19.8253
ERR13927339.26208	1567	19.4761
ERR13927339.26209	1577	18.9125
ERR13927339.26210	1670	19.1587
ERR13927339.26211	1547	20.0356
ERR13927339.26212	1593	14.4539
ERR13927339.26213	1596	20.8904
ERR13927339.26214	1569	18.2645
ERR13927339.26215	1566	20.5913
ERR13927339.26216	1607	18.2253
ERR13927339.26217	1585	17.2826
ERR13927339.26218	1552	15.5168
ERR13927339.26219	1608	19.9080
ERR13927339.26220	1592	20.9837
ERR13927339.26221	1632	16.3493
ERR13927339.26222	1610	18.9876
ERR13927339.26223	1592	18.3995
ERR13927339.26224	1565	17.4863
ERR13927339.26225	1506	18.2948
ERR13927339.26226	1624	17.7137
ERR13927339.26227	1624	17.5062
ERR13927339.26228	1584	18.7500
ERR13927339.26229	1586	17.9622
ERR13927339.26230	1553	16.3348
ERR13927339.26231	1619	19.2767
ERR13927339.26232	1554	17.7761
ERR13927339.26233	1568	16.5797
ERR13927339.26234	1568	16.9267
ERR13927339.26235	1585	17.2038
ERR13927339.26236	1579	17.9620
ERR13927339.26237	835	15.8850
ERR13927339.26238	1558	17.5456
ERR13927339.26239	1603	17.2327
ERR13927339.26240	1556	18.7584
ERR13927339.26241	1634	17.0588
ERR13927339.26242	1557	18.1863
ERR13927339.26243	1565	19.2326
ERR13927339.26244	1578	19.3834
ERR13927339.26245	1513	15.2267
ERR13927339.26246	1610	19.3783
ERR13927339.26247	1601	15.8114
ERR13927339.26248	1551	16.6512
ERR13927339.26249	1559	18.8255
ERR13927339.26250	1545	15.2395
ERR13927339.26251	1579	16.4022
ERR13927339.26252	229	11.6201
ERR13927339.26253	1593	17.9774
ERR13927339.26254	1571	17.7638
ERR13927339.26255	1571	17.4850
ERR13927339.26256	1509	18.1279
ERR13927339.26257	1541	17.7982
ERR13927339.26258	1736	19.1048
ERR13927339.26259	1577	18.9486
ERR13927339.26260	788	14.8160
ERR13927339.26261	1562	18.5192
ERR13927339.26262	1541	17.2057
ERR13927339.26263	1581	17.1088
ERR13927339.26264	1568	16.4471
ERR13927339.26265	1573	21.4221
ERR13927339.26266	1549	17.9890
ERR13927339.26267	1565	17.6492
ERR13927339.26268	1587	20.5690
ERR13927339.26269	1581	17.9070
ERR13927339.26270	1560	17.8551
ERR13927339.26271	1560	20.4679
ERR13927339.26272	1586	20.7617
ERR13927339.26273	1636	17.6510
ERR13927339.26274	1598	18.1001
ERR13927339.26275	1577	18.3754
ERR13927339.26276	1587	16.2155
ERR13927339.26277	1606	20.4359
ERR13927339.26278	1670	21.4491
ERR13927339.26279	1585	18.0871
ERR13927339.26280	1577	16.0564
ERR13927339.26281	1579	15.1184
ERR13927339.26282	1555	19.6129
ERR13927339.26283	1591	19.6361
ERR13927339.26284	1054	17.7258
ERR13927339.26285	1588	18.9345
ERR13927339.26286	1577	18.3817
ERR13927339.26287	1551	17.5990
ERR13927339.26288	1563	18.8010
ERR13927339.26289	1566	20.0211
ERR13927339.26290	1569	19.1874
ERR13927339.26291	1531	19.1574
ERR13927339.26292	1612	19.3021
ERR13927339.26293	1572	21.3874
ERR13927339.26294	1575	17.2444
ERR13927339.26295	1562	15.3931
ERR13927339.26296	1585	16.3584
ERR13927339.26297	1574	17.2675
ERR13927339.26298	1575	20.3810
ERR13927339.26299	1554	22.1416
ERR13927339.26300	1580	15.8690
ERR13927339.26301	1539	19.1092
ERR13927339.26302	1566	17.8997
ERR13927339.26303	1552	16.2287
ERR13927339.26304	1618	20.9258
ERR13927339.26305	1575	18.6781
ERR13927339.26306	1617	16.0439
ERR13927339.26307	1567	16.5386
ERR13927339.26308	1605	15.4804
ERR13927339.26309	1571	14.0045
ERR13927339.26310	1564	16.5262
ERR13927339.26311	1600	17.8181
ERR13927339.26312	1563	15.9047
ERR13927339.26313	1586	15.7919
ERR13927339.26314	1607	19.3852
ERR13927339.26315	1583	17.7985
ERR13927339.26316	1575	18.7962
ERR13927339.26317	1566	20.7810
ERR13927339.26318	1585	18.9571
ERR13927339.26319	1572	17.6291
ERR13927339.26320	1553	21.1970
ERR13927339.26321	1504	16.2108
ERR13927339.26322	1603	20.1054
ERR13927339.26323	1570	18.1548
ERR13927339.26324	1602	18.1042
ERR13927339.26325	1600	18.4619
ERR13927339.26326	1716	16.9983
ERR13927339.26327	1625	19.8068
ERR13927339.26328	1565	20.1304
ERR13927339.26329	1618	17.6372
ERR13927339.26330	1574	18.6836
ERR13927339.26331	1576	19.8934
ERR13927339.26332	1517	16.6612
ERR13927339.26333	1565	17.3316
ERR13927339.26334	1626	18.6974
ERR13927339.26335	1544	16.0596
ERR13927339.26336	1628	18.0694
ERR13927339.26337	1594	16.6838
ERR13927339.26338	395	17.6253
ERR13927339.26339	1559	17.0872
ERR13927339.26340	1589	16.4330
ERR13927339.26341	1593	19.1463
ERR13927339.26342	695	19.1885
ERR13927339.26343	1576	19.9499
ERR13927339.26344	1616	19.5229
ERR13927339.26345	1565	19.7054
ERR13927339.26346	1554	19.1982
ERR13927339.26347	852	19.7500
ERR13927339.26348	1655	17.0441
ERR13927339.26349	1591	19.2520
ERR13927339.26350	1579	19.5877
ERR13927339.26351	1508	15.6061
ERR13927339.26352	1567	17.6822
ERR13927339.26353	613	13.6411
ERR13927339.26354	1605	20.4573
ERR13927339.26355	1562	16.3598
ERR13927339.26356	1556	16.7359
ERR13927339.26357	1579	20.9614
ERR13927339.26358	1547	17.3445
ERR13927339.26359	1617	18.9573
ERR13927339.26360	1592	15.4937
ERR13927339.26361	1565	15.8767
ERR13927339.26362	1590	17.9969
ERR13927339.26363	1581	16.5174
ERR13927339.26364	1553	18.8905
ERR13927339.26365	1567	17.0606
ERR13927339.26366	1575	19.2184
ERR13927339.26367	1580	15.6734
ERR13927339.26368	1595	18.4050
ERR13927339.26369	1586	15.8090
ERR13927339.26370	1614	22.1121
ERR13927339.26371	937	13.9989
ERR13927339.26372	1585	19.0719
ERR13927339.26373	1577	18.7178
ERR13927339.26374	1586	16.2043
ERR13927339.26375	1568	19.9841
ERR13927339.26376	1595	18.1661
ERR13927339.26377	1618	17.9747
ERR13927339.26378	1582	17.3217
ERR13927339.26379	1563	19.2911
ERR13927339.26380	1584	20.8523
ERR13927339.26381	1553	18.0232
ERR13927339.26382	1570	18.0981
ERR13927339.26383	1591	18.3916
ERR13927339.26384	1562	19.1876
ERR13927339.26385	1348	17.7901
ERR13927339.26386	1583	18.4542
ERR13927339.26387	1575	18.3251
ERR13927339.26388	1567	18.0715
ERR13927339.26389	1565	20.1042
ERR13927339.26390	1559	18.0212
ERR13927339.26391	1579	19.3870
ERR13927339.26392	1566	20.7714
ERR13927339.26393	1624	20.4901
ERR13927339.26394	1579	18.3528
ERR13927339.26395	1612	18.4684
ERR13927339.26396	1562	17.9219
ERR13927339.26397	1619	17.6597
ERR13927339.26398	1611	18.8889
ERR13927339.26399	1592	20.0094
ERR13927339.26400	1581	19.9216
ERR13927339.26401	1589	18.2435
ERR13927339.26402	1628	19.4859
ERR13927339.26403	362	13.2514
ERR13927339.26404	1591	19.3847
ERR13927339.26405	1578	19.6990
ERR13927339.26406	1333	18.6129
ERR13927339.26407	1559	19.7781
ERR13927339.26408	1566	20.2031
ERR13927339.26409	1553	19.1223
ERR13927339.26410	1588	19.2217
ERR13927339.26411	1592	15.3348
ERR13927339.26412	1545	19.2544
ERR13927339.26413	1606	21.2547
ERR13927339.26414	1595	16.4364
ERR13927339.26415	1572	16.9192
ERR13927339.26416	1600	19.6475
ERR13927339.26417	1569	17.3270
ERR13927339.26418	1576	17.1758
ERR13927339.26419	1573	17.4641
ERR13927339.26420	1580	19.9456
ERR13927339.26421	1629	18.3726
ERR13927339.26422	1602	19.2715
ERR13927339.26423	1565	14.4288
ERR13927339.26424	1593	18.0772
ERR13927339.26425	1543	15.8062
ERR13927339.26426	1538	17.8264
ERR13927339.26427	1596	18.3521
ERR13927339.26428	1582	18.1997
ERR13927339.26429	1564	18.6816
ERR13927339.26430	1610	18.5124
ERR13927339.26431	1595	18.6238
ERR13927339.26432	1582	20.5082
ERR13927339.26433	1524	17.6909
ERR13927339.26434	1628	19.8403
ERR13927339.26435	1561	19.1967
ERR13927339.26436	1562	17.9917
ERR13927339.26437	1617	16.5250
ERR13927339.26438	1553	20.5486
ERR13927339.26439	1595	14.8476
ERR13927339.26440	1609	16.7042
ERR13927339.26441	1579	16.9284
ERR13927339.26442	1545	17.0078
ERR13927339.26443	1580	20.3215
ERR13927339.26444	1612	19.5583
ERR13927339.26445	1575	20.0260
ERR13927339.26446	1561	17.6381
ERR13927339.26447	792	17.9015
ERR13927339.26448	1573	18.7273
ERR13927339.26449	1582	19.3464
ERR13927339.26450	1543	16.0518
ERR13927339.26451	1535	14.9909
ERR13927339.26452	1556	17.7089
ERR13927339.26453	1572	18.0903
ERR13927339.26454	1610	16.3075
ERR13927339.26455	1584	16.4823
ERR13927339.26456	1576	16.7005
ERR13927339.26457	1589	18.7728
ERR13927339.26458	1573	20.4437
ERR13927339.26459	1585	21.3363
ERR13927339.26460	1582	19.8647
ERR13927339.26461	1606	18.8213
ERR13927339.26462	1614	17.1828
ERR13927339.26463	1550	18.7555
ERR13927339.26464	1557	20.4560
ERR13927339.26465	1578	19.1001
ERR13927339.26466	1568	18.6116
ERR13927339.26467	1559	18.1142
ERR13927339.26468	1630	20.4006
ERR13927339.26469	1576	18.0508
ERR13927339.26470	1557	20.8523
ERR13927339.26471	1601	19.1099
ERR13927339.26472	1568	19.3297
ERR13927339.26473	1596	22.2769
ERR13927339.26474	1577	17.3748
ERR13927339.26475	1575	17.4292
ERR13927339.26476	1612	19.3995
ERR13927339.26477	1598	20.7935
ERR13927339.26478	1554	21.3790
ERR13927339.26479	1544	18.3044
ERR13927339.26480	1123	20.2734
ERR13927339.26481	1588	18.3835
ERR13927339.26482	1576	19.7246
ERR13927339.26483	1578	19.4645
ERR13927339.26484	1629	14.5414
ERR13927339.26485	1586	19.9206
ERR13927339.26486	1566	19.5504
ERR13927339.26487	1560	15.5910
ERR13927339.26488	1545	17.0337
ERR13927339.26489	1563	17.1164
ERR13927339.26490	1551	17.0858
ERR13927339.26491	1571	17.9707
ERR13927339.26492	1557	16.4335
ERR13927339.26493	660	17.9621
ERR13927339.26494	1590	18.9233
ERR13927339.26495	1563	17.1759
ERR13927339.26496	1662	15.8141
ERR13927339.26497	1522	15.5913
ERR13927339.26498	1583	18.5490
ERR13927339.26499	1568	16.3559
ERR13927339.26500	1563	18.9962
ERR13927339.26501	1575	17.4584
ERR13927339.26502	1559	19.2591
ERR13927339.26503	1604	17.9426
ERR13927339.26504	1569	18.6667
ERR13927339.26505	1575	15.0108
ERR13927339.26506	1568	20.8438
ERR13927339.26507	253	12.2372
ERR13927339.26508	1582	21.1846
ERR13927339.26509	1547	15.9987
ERR13927339.26510	1572	17.5757
ERR13927339.26511	1614	19.3302
ERR13927339.26512	1548	17.7222
ERR13927339.26513	1656	17.5882
ERR13927339.26514	1567	19.5271
ERR13927339.26515	1567	20.9706
ERR13927339.26516	1550	15.8781
ERR13927339.26517	1571	19.8854
ERR13927339.26518	1441	16.5815
ERR13927339.26519	1576	15.0273
ERR13927339.26520	1534	17.7171
ERR13927339.26521	1568	16.1888
ERR13927339.26522	1568	19.0925
ERR13927339.26523	1576	20.4080
ERR13927339.26524	1544	19.3834
ERR13927339.26525	1537	19.5257
ERR13927339.26526	1576	18.3204
ERR13927339.26527	1548	17.1925
ERR13927339.26528	1601	18.5372
ERR13927339.26529	1574	16.6919
ERR13927339.26530	1603	16.2539
ERR13927339.26531	262	18.4618
ERR13927339.26532	1585	17.1792
ERR13927339.26533	1577	16.1959
ERR13927339.26534	1563	17.5278
ERR13927339.26535	1565	19.6613
ERR13927339.26536	1542	15.8042
ERR13927339.26537	1572	19.8499
ERR13927339.26538	1518	16.6904
ERR13927339.26539	1577	17.3424
ERR13927339.26540	1651	20.3792
ERR13927339.26541	1568	18.4770
ERR13927339.26542	1576	19.4753
ERR13927339.26543	1593	18.8920
ERR13927339.26544	1591	18.4720
ERR13927339.26545	1561	18.9635
ERR13927339.26546	1597	19.3018
ERR13927339.26547	1549	16.1130
ERR13927339.26548	1574	19.7402
ERR13927339.26549	1579	17.1590
ERR13927339.26550	1579	20.4636
ERR13927339.26551	1590	15.6824
ERR13927339.26552	1564	20.8318
ERR13927339.26553	1544	18.6308
ERR13927339.26554	1572	18.3556
ERR13927339.26555	1558	17.3132
ERR13927339.26556	1575	15.7651
ERR13927339.26557	1627	19.1690
ERR13927339.26558	1601	17.7589
ERR13927339.26559	1568	18.3680
ERR13927339.26560	1616	17.7822
ERR13927339.26561	1607	19.3839
ERR13927339.26562	1576	19.6009
ERR13927339.26563	1569	19.1198
ERR13927339.26564	1555	18.9383
ERR13927339.26565	1591	20.5135
ERR13927339.26566	1575	20.5035
ERR13927339.26567	1555	15.1582
ERR13927339.26568	1585	21.0877
ERR13927339.26569	1572	19.6431
ERR13927339.26570	1593	18.0295
ERR13927339.26571	1586	21.4136
ERR13927339.26572	1280	15.8492
ERR13927339.26573	1612	20.2047
ERR13927339.26574	1584	19.1174
ERR13927339.26575	1515	18.3373
ERR13927339.26576	1598	20.0169
ERR13927339.26577	1609	18.6066
ERR13927339.26578	1568	20.0682
ERR13927339.26579	1571	17.5678
ERR13927339.26580	1577	18.5625
ERR13927339.26581	1570	16.6548
ERR13927339.26582	1542	15.1064
ERR13927339.26583	1539	18.9233
ERR13927339.26584	1536	17.1048
ERR13927339.26585	1593	17.2423
ERR13927339.26586	1625	17.9563
ERR13927339.26587	1545	17.4350
ERR13927339.26588	1590	17.6654
ERR13927339.26589	1561	17.1960
ERR13927339.26590	1577	18.4268
ERR13927339.26591	1583	20.2994
ERR13927339.26592	1584	18.6206
ERR13927339.26593	1613	17.8481
ERR13927339.26594	1598	18.0788
ERR13927339.26595	1607	20.5594
ERR13927339.26596	1600	18.7975
ERR13927339.26597	1586	19.7295
ERR13927339.26598	1546	17.5433
ERR13927339.26599	1587	14.4745
ERR13927339.26600	1526	16.5970
ERR13927339.26601	1597	18.8309
ERR13927339.26602	1584	20.1452
ERR13927339.26603	1584	16.2304
ERR13927339.26604	1575	20.6546
ERR13927339.26605	1562	18.2772
ERR13927339.26606	1577	17.5428
ERR13927339.26607	1593	18.3653
ERR13927339.26608	1576	17.2836
ERR13927339.26609	1586	21.0902
ERR13927339.26610	1599	19.3208
ERR13927339.26611	1571	17.2572
ERR13927339.26612	1545	18.4175
ERR13927339.26613	1561	17.2870
ERR13927339.26614	1597	20.9361
ERR13927339.26615	1574	19.5089
ERR13927339.26616	1552	17.5825
ERR13927339.26617	1572	20.0261
ERR13927339.26618	1572	15.8543
ERR13927339.26619	1552	17.4459
ERR13927339.26620	1575	17.2108
ERR13927339.26621	1654	19.7243
ERR13927339.26622	1571	16.6442
ERR13927339.26623	1575	21.2908
ERR13927339.26624	1607	20.2657
ERR13927339.26625	1573	15.0858
ERR13927339.26626	1604	17.5923
ERR13927339.26627	1586	18.7825
ERR13927339.26628	1165	16.1554
ERR13927339.26629	1570	15.9662
ERR13927339.26630	1579	18.7175
ERR13927339.26631	1588	18.3199
ERR13927339.26632	1596	19.2093
ERR13927339.26633	1591	20.3086
ERR13927339.26634	1570	21.7363
ERR13927339.26635	1579	15.1786
ERR13927339.26636	1574	17.8037
ERR13927339.26637	1565	16.1195
ERR13927339.26638	1610	19.5571
ERR13927339.26639	1559	18.4824
ERR13927339.26640	1576	15.7843
ERR13927339.26641	1551	18.3540
ERR13927339.26642	1577	13.6449
ERR13927339.26643	1592	18.8763
ERR13927339.26644	1584	17.5574
ERR13927339.26645	1603	20.6045
ERR13927339.26646	1562	21.8604
ERR13927339.26647	1617	17.6339
ERR13927339.26648	1597	15.9173
ERR13927339.26649	1598	19.3335
ERR13927339.26650	1519	16.3542
ERR13927339.26651	1576	18.6402
ERR13927339.26652	1565	16.9118
ERR13927339.26653	1588	19.7059
ERR13927339.26654	1556	17.6298
ERR13927339.26655	1577	18.1845
ERR13927339.26656	1570	17.8879
ERR13927339.26657	1558	16.4974
ERR13927339.26658	1570	20.5166
ERR13927339.26659	1570	18.8287
ERR13927339.26660	1557	16.0854
ERR13927339.26661	1570	17.3389
ERR13927339.26662	1580	21.8139
ERR13927339.26663	1598	17.4994
ERR13927339.26664	1673	19.8446
ERR13927339.26665	1597	14.8917
ERR13927339.26666	1543	20.9527
ERR13927339.26667	1559	19.0308
ERR13927339.26668	1577	20.0907
ERR13927339.26669	1575	18.3803
ERR13927339.26670	1570	15.4503
ERR13927339.26671	1590	18.7893
ERR13927339.26672	1600	18.6531
ERR13927339.26673	1520	17.0796
ERR13927339.26674	1575	19.2019
ERR13927339.26675	1571	16.1801
ERR13927339.26676	1561	19.1576
ERR13927339.26677	1548	15.8753
ERR13927339.26678	1602	16.4014
ERR13927339.26679	1568	18.5357
ERR13927339.26680	1572	19.4497
ERR13927339.26681	1565	18.4262
ERR13927339.26682	1644	15.3096
ERR13927339.26683	1589	15.2819
ERR13927339.26684	1569	19.3372
ERR13927339.26685	1582	15.4362
ERR13927339.26686	1565	20.0358
ERR13927339.26687	1560	17.6346
ERR13927339.26688	1588	17.2456
ERR13927339.26689	1612	18.8952
ERR13927339.26690	1604	19.8529
ERR13927339.26691	1558	20.4089
ERR13927339.26692	1555	17.0309
ERR13927339.26693	1576	19.7766
ERR13927339.26694	1577	17.4902
ERR13927339.26695	1541	16.2544
ERR13927339.26696	1563	19.1958
ERR13927339.26697	1583	19.1889
ERR13927339.26698	1567	19.7498
ERR13927339.26699	1543	19.0518
ERR13927339.26700	1567	17.5405
ERR13927339.26701	1542	17.4981
ERR13927339.26702	1578	17.4670
ERR13927339.26703	1580	16.1494
ERR13927339.26704	1711	15.0918
ERR13927339.26705	1624	15.3707
ERR13927339.26706	1586	21.0139
ERR13927339.26707	1579	19.1957
ERR13927339.26708	1590	20.0667
ERR13927339.26709	1591	19.6373
ERR13927339.26710	1545	16.8123
ERR13927339.26711	1552	17.6624
ERR13927339.26712	1616	19.7358
ERR13927339.26713	1605	16.6685
ERR13927339.26714	1572	21.8976
ERR13927339.26715	1560	18.1128
ERR13927339.26716	1609	21.2722
ERR13927339.26717	1554	20.4498
ERR13927339.26718	1132	19.0371
ERR13927339.26719	1565	15.7764
ERR13927339.26720	1568	18.1798
ERR13927339.26721	1612	19.5223
ERR13927339.26722	1523	15.9179
ERR13927339.26723	1551	15.5319
ERR13927339.26724	1590	16.1371
ERR13927339.26725	1595	21.0947
ERR13927339.26726	1575	21.0883
ERR13927339.26727	1579	18.8119
ERR13927339.26728	1566	20.2567
ERR13927339.26729	1561	18.4741
ERR13927339.26730	1577	16.8675
ERR13927339.26731	1561	20.7194
ERR13927339.26732	1579	19.9531
ERR13927339.26733	1588	17.9175
ERR13927339.26734	1551	17.9832
ERR13927339.26735	1701	17.9753
ERR13927339.26736	1591	21.5148
ERR13927339.26737	1595	18.4257
ERR13927339.26738	1575	17.4381
ERR13927339.26739	1568	21.8131
ERR13927339.26740	1565	20.3732
ERR13927339.26741	1583	18.4769
ERR13927339.26742	1585	20.6265
ERR13927339.26743	1607	18.4785
ERR13927339.26744	1585	22.0151
ERR13927339.26745	1570	20.1408
ERR13927339.26746	1577	18.8326
ERR13927339.26747	1543	15.3370
ERR13927339.26748	1556	15.5694
ERR13927339.26749	1568	18.6448
ERR13927339.26750	1578	15.8530
ERR13927339.26751	1563	15.2732
ERR13927339.26752	1551	17.1186
ERR13927339.26753	1555	16.3145
ERR13927339.26754	1536	15.6374
ERR13927339.26755	1571	17.5048
ERR13927339.26756	1568	17.6798
ERR13927339.26757	1578	19.2421
ERR13927339.26758	1582	17.9912
ERR13927339.26759	1589	21.2668
ERR13927339.26760	1562	19.7266
ERR13927339.26761	1509	19.8111
ERR13927339.26762	1570	20.6217
ERR13927339.26763	1537	19.4216
ERR13927339.26764	1607	20.0392
ERR13927339.26765	1574	16.8787
ERR13927339.26766	665	17.3128
ERR13927339.26767	1563	15.2508
ERR13927339.26768	3154	16.7013
ERR13927339.26769	841	17.1784
ERR13927339.26770	1571	19.6404
ERR13927339.26771	1591	18.9447
ERR13927339.26772	1608	15.5951
ERR13927339.26773	1600	18.2237
ERR13927339.26774	1596	20.3590
ERR13927339.26775	1562	15.3528
ERR13927339.26776	1568	19.1167
ERR13927339.26777	1588	22.4748
ERR13927339.26778	1603	19.4086
ERR13927339.26779	1603	19.5477
ERR13927339.26780	986	18.6217
ERR13927339.26781	1585	17.4530
ERR13927339.26782	1571	18.6187
ERR13927339.26783	1590	19.6667
ERR13927339.26784	1575	18.0235
ERR13927339.26785	1626	16.4465
ERR13927339.26786	1590	19.3126
ERR13927339.26787	1527	16.7957
ERR13927339.26788	1557	21.0109
ERR13927339.26789	1481	15.5854
ERR13927339.26790	1584	16.5713
ERR13927339.26791	1548	19.1919
ERR13927339.26792	1535	16.1687
ERR13927339.26793	1566	17.8378
ERR13927339.26794	1579	17.1729
ERR13927339.26795	1552	18.1720
ERR13927339.26796	1582	19.9867
ERR13927339.26797	1560	19.4891
ERR13927339.26798	1599	17.9231
ERR13927339.26799	1602	19.7516
ERR13927339.26800	1589	18.4733
ERR13927339.26801	1562	15.3310
ERR13927339.26802	1597	19.9593
ERR13927339.26803	1566	16.5951
ERR13927339.26804	1557	19.4753
ERR13927339.26805	1577	17.3304
ERR13927339.26806	1723	18.3418
ERR13927339.26807	1588	17.6965
ERR13927339.26808	1587	20.8292
ERR13927339.26809	1576	18.1523
ERR13927339.26810	1567	17.2763
ERR13927339.26811	1583	20.3538
ERR13927339.26812	1576	19.1891
ERR13927339.26813	1582	16.6353
ERR13927339.26814	1548	17.1899
ERR13927339.26815	1557	15.1985
ERR13927339.26816	1591	16.3545
ERR13927339.26817	1579	19.8284
ERR13927339.26818	175	15.4571
ERR13927339.26819	1581	18.0133
ERR13927339.26820	1547	16.5197
ERR13927339.26821	1567	18.2023
ERR13927339.26822	1536	15.8835
ERR13927339.26823	1567	18.1206
ERR13927339.26824	1624	17.3990
ERR13927339.26825	310	15.0710
ERR13927339.26826	1577	17.5428
ERR13927339.26827	1561	21.1794
ERR13927339.26828	1548	18.1699
ERR13927339.26829	1569	18.0669
ERR13927339.26830	1594	21.7980
ERR13927339.26831	1589	19.3260
ERR13927339.26832	1576	18.6612
ERR13927339.26833	1577	19.9791
ERR13927339.26834	1576	17.2805
ERR13927339.26835	1594	20.1248
ERR13927339.26836	1638	19.1416
ERR13927339.26837	1582	17.4520
ERR13927339.26838	1570	17.8197
ERR13927339.26839	1567	17.9828
ERR13927339.26840	1554	20.2033
ERR13927339.26841	1569	17.1791
ERR13927339.26842	1589	19.2473
ERR13927339.26843	1563	17.9341
ERR13927339.26844	1598	21.2578
ERR13927339.26845	1362	20.0551
ERR13927339.26846	1509	19.9934
ERR13927339.26847	1611	19.0236
ERR13927339.26848	1570	16.8860
ERR13927339.26849	1563	18.6571
ERR13927339.26850	1579	18.9924
ERR13927339.26851	1620	20.8259
ERR13927339.26852	1603	19.4541
ERR13927339.26853	1569	18.1931
ERR13927339.26854	1594	19.7384
ERR13927339.26855	1560	15.9558
ERR13927339.26856	1573	18.2460
ERR13927339.26857	1546	17.4263
ERR13927339.26858	1035	14.6647
ERR13927339.26859	1532	17.2663
ERR13927339.26860	1578	17.3447
ERR13927339.26861	1563	18.8695
ERR13927339.26862	1582	17.9684
ERR13927339.26863	492	16.4695
ERR13927339.26864	1606	18.4664
ERR13927339.26865	1609	17.5283
ERR13927339.26866	1577	16.5250
ERR13927339.26867	1555	18.5228
ERR13927339.26868	1567	15.3982
ERR13927339.26869	1616	18.0662
ERR13927339.26870	1593	19.9008
ERR13927339.26871	1620	16.8401
ERR13927339.26872	1589	20.8357
ERR13927339.26873	1594	15.7189
ERR13927339.26874	1583	19.6481
ERR13927339.26875	1556	17.5900
ERR13927339.26876	1576	21.6225
ERR13927339.26877	1459	15.0535
ERR13927339.26878	1580	19.6203
ERR13927339.26879	1596	17.0081
ERR13927339.26880	1568	18.0542
ERR13927339.26881	1604	19.4034
ERR13927339.26882	1585	18.5666
ERR13927339.26883	1547	15.3019
ERR13927339.26884	1534	17.7973
ERR13927339.26885	1586	17.1198
ERR13927339.26886	1594	18.9285
ERR13927339.26887	1574	16.3323
ERR13927339.26888	1581	19.4276
ERR13927339.26889	1606	18.4228
ERR13927339.26890	1532	18.5072
ERR13927339.26891	1589	18.6457
ERR13927339.26892	282	13.7979
ERR13927339.26893	1581	21.4023
ERR13927339.26894	1553	20.4900
ERR13927339.26895	1548	18.0207
ERR13927339.26896	1646	18.4793
ERR13927339.26897	1583	15.5262
ERR13927339.26898	1579	20.5643
ERR13927339.26899	1573	16.9879
ERR13927339.26900	1562	21.2106
ERR13927339.26901	1601	20.1911
ERR13927339.26902	1532	16.5385
ERR13927339.26903	1586	15.8909
ERR13927339.26904	1586	18.9420
ERR13927339.26905	1579	20.6301
ERR13927339.26906	1574	17.7484
ERR13927339.26907	1575	15.9854
ERR13927339.26908	1571	19.4137
ERR13927339.26909	1592	20.0264
ERR13927339.26910	1556	16.7307
ERR13927339.26911	1604	19.1128
ERR13927339.26912	1564	18.7743
ERR13927339.26913	1586	19.7030
ERR13927339.26914	1578	20.4987
ERR13927339.26915	1675	18.8370
ERR13927339.26916	1565	20.9757
ERR13927339.26917	1563	14.3244
ERR13927339.26918	1586	17.3733
ERR13927339.26919	1560	19.1410
ERR13927339.26920	1579	16.7416
ERR13927339.26921	1556	19.5611
ERR13927339.26922	1623	16.5373
ERR13927339.26923	1572	20.2818
ERR13927339.26924	1588	15.8344
ERR13927339.26925	1572	19.2907
ERR13927339.26926	1572	18.4014
ERR13927339.26927	1567	20.3612
ERR13927339.26928	1595	20.1223
ERR13927339.26929	1568	17.1409
ERR13927339.26930	1585	16.5792
ERR13927339.26931	1545	18.9657
ERR13927339.26932	1595	19.2959
ERR13927339.26933	1584	17.3213
ERR13927339.26934	1606	21.0560
ERR13927339.26935	1546	17.2270
ERR13927339.26936	1552	20.1901
ERR13927339.26937	1572	19.7983
ERR13927339.26938	1572	14.3658
ERR13927339.26939	1578	20.0982
ERR13927339.26940	1563	17.0429
ERR13927339.26941	1587	17.8771
ERR13927339.26942	1406	18.5797
ERR13927339.26943	1578	20.4664
ERR13927339.26944	1623	17.5718
ERR13927339.26945	1588	16.4257
ERR13927339.26946	1576	17.3934
ERR13927339.26947	1546	17.2924
ERR13927339.26948	1594	16.9366
ERR13927339.26949	1581	18.1961
ERR13927339.26950	1686	17.2076
ERR13927339.26951	1551	17.4062
ERR13927339.26952	1566	19.6507
ERR13927339.26953	1574	18.2846
ERR13927339.26954	1571	19.6563
ERR13927339.26955	3174	19.9887
ERR13927339.26956	1566	15.2184
ERR13927339.26957	1561	18.1710
ERR13927339.26958	1568	19.9056
ERR13927339.26959	1605	17.3844
ERR13927339.26960	1121	15.0357
ERR13927339.26961	1587	16.8815
ERR13927339.26962	1590	19.7610
ERR13927339.26963	1582	18.6814
ERR13927339.26964	1596	14.1642
ERR13927339.26965	3210	17.0343
ERR13927339.26966	1553	16.0006
ERR13927339.26967	1607	18.1045
ERR13927339.26968	1559	16.6004
ERR13927339.26969	1548	18.6893
ERR13927339.26970	1594	17.7215
ERR13927339.26971	1567	17.4365
ERR13927339.26972	1643	19.7292
ERR13927339.26973	1598	17.7365
ERR13927339.26974	1553	16.6246
ERR13927339.26975	1554	15.8346
ERR13927339.26976	1571	15.8237
ERR13927339.26977	1595	19.8357
ERR13927339.26978	1564	16.3478
ERR13927339.26979	1584	19.9842
ERR13927339.26980	1571	20.0248
ERR13927339.26981	1253	15.1899
ERR13927339.26982	1583	17.9337
ERR13927339.26983	1573	18.3833
ERR13927339.26984	1575	17.4152
ERR13927339.26985	1592	16.6558
ERR13927339.26986	1541	18.8319
ERR13927339.26987	1564	18.9041
ERR13927339.26988	1573	21.3744
ERR13927339.26989	1567	18.7179
ERR13927339.26990	1612	18.8412
ERR13927339.26991	1546	16.2277
ERR13927339.26992	1558	17.2086
ERR13927339.26993	1537	16.4385
ERR13927339.26994	1601	18.8882
ERR13927339.26995	1560	19.0135
ERR13927339.26996	1547	15.4667
ERR13927339.26997	1557	18.0931
ERR13927339.26998	1620	15.4932
ERR13927339.26999	1579	20.6580
ERR13927339.27000	1567	18.8162
ERR13927339.27001	1575	20.5606
ERR13927339.27002	1582	18.0032
ERR13927339.27003	1508	16.6519
ERR13927339.27004	1517	16.3072
ERR13927339.27005	1561	18.8495
ERR13927339.27006	1563	17.5713
ERR13927339.27007	1589	21.0013
ERR13927339.27008	1540	15.8494
ERR13927339.27009	768	14.6458
ERR13927339.27010	1563	19.6724
ERR13927339.27011	1601	21.4435
ERR13927339.27012	1581	16.0810
ERR13927339.27013	1565	18.0786
ERR13927339.27014	1547	18.8565
ERR13927339.27015	1541	20.2855
ERR13927339.27016	1573	20.3045
ERR13927339.27017	1188	19.1094
ERR13927339.27018	1612	15.2413
ERR13927339.27019	292	15.2295
ERR13927339.27020	1547	18.7485
ERR13927339.27021	1580	20.1658
ERR13927339.27022	1535	19.5557
ERR13927339.27023	1575	17.8902
ERR13927339.27024	1588	20.8029
ERR13927339.27025	1547	15.5591
ERR13927339.27026	1557	19.6924
ERR13927339.27027	1572	17.4402
ERR13927339.27028	1591	21.3457
ERR13927339.27029	1573	19.0757
ERR13927339.27030	1541	15.6139
ERR13927339.27031	1563	20.1465
ERR13927339.27032	1562	16.7676
ERR13927339.27033	1591	19.4890
ERR13927339.27034	1550	19.0871
ERR13927339.27035	1589	18.3732
ERR13927339.27036	1582	18.9008
ERR13927339.27037	1658	19.9723
ERR13927339.27038	1576	19.3852
ERR13927339.27039	1581	20.4415
ERR13927339.27040	1571	16.6868
ERR13927339.27041	1175	19.8298
ERR13927339.27042	1558	19.8736
ERR13927339.27043	925	20.7741
ERR13927339.27044	1573	18.7896
ERR13927339.27045	1583	20.5862
ERR13927339.27046	731	16.8167
ERR13927339.27047	1596	18.2964
ERR13927339.27048	543	16.2560
ERR13927339.27049	1520	15.1296
ERR13927339.27050	1550	18.3923
ERR13927339.27051	1597	19.5798
ERR13927339.27052	1571	21.5697
ERR13927339.27053	1564	17.6023
ERR13927339.27054	1612	18.9280
ERR13927339.27055	1573	17.7845
ERR13927339.27056	1561	20.1909
ERR13927339.27057	1626	15.8715
ERR13927339.27058	1569	21.5284
ERR13927339.27059	1559	15.8223
ERR13927339.27060	1591	17.9133
ERR13927339.27061	1576	21.9683
ERR13927339.27062	1580	18.8519
ERR13927339.27063	1572	19.3709
ERR13927339.27064	1564	18.0269
ERR13927339.27065	1602	17.1698
ERR13927339.27066	1576	18.6466
ERR13927339.27067	1573	20.1666
ERR13927339.27068	1558	16.6906
ERR13927339.27069	1534	18.5000
ERR13927339.27070	1572	19.4650
ERR13927339.27071	1566	19.1405
ERR13927339.27072	1307	20.2533
ERR13927339.27073	1596	14.9292
ERR13927339.27074	1579	19.9335
ERR13927339.27075	1610	15.5752
ERR13927339.27076	1571	15.6155
ERR13927339.27077	1539	16.5042
ERR13927339.27078	1848	18.3030
ERR13927339.27079	1584	18.0448
ERR13927339.27080	1569	19.3461
ERR13927339.27081	1662	21.0427
ERR13927339.27082	1568	17.3693
ERR13927339.27083	1631	18.9479
ERR13927339.27084	1560	20.3417
ERR13927339.27085	1565	16.5227
ERR13927339.27086	1532	15.9497
ERR13927339.27087	1535	15.0945
ERR13927339.27088	278	20.5683
ERR13927339.27089	1566	19.9246
ERR13927339.27090	664	17.3855
ERR13927339.27091	1503	17.8929
ERR13927339.27092	1603	15.7661
ERR13927339.27093	257	13.2218
ERR13927339.27094	1599	17.9187
ERR13927339.27095	1584	17.2778
ERR13927339.27096	1563	18.7588
ERR13927339.27097	1561	19.2671
ERR13927339.27098	1617	15.8825
ERR13927339.27099	1573	16.1805
ERR13927339.27100	1568	17.5778
ERR13927339.27101	1613	17.4978
ERR13927339.27102	1579	21.0646
ERR13927339.27103	1580	18.3563
ERR13927339.27104	1628	19.5098
ERR13927339.27105	1555	18.3042
ERR13927339.27106	1582	19.4248
ERR13927339.27107	1593	15.6955
ERR13927339.27108	1557	18.4592
ERR13927339.27109	1557	17.9827
ERR13927339.27110	1572	15.8403
ERR13927339.27111	1568	17.8323
ERR13927339.27112	1557	16.5864
ERR13927339.27113	1579	20.8493
ERR13927339.27114	1603	20.5352
ERR13927339.27115	1592	18.5559
ERR13927339.27116	1594	17.6913
ERR13927339.27117	1587	17.4272
ERR13927339.27118	1594	20.1512
ERR13927339.27119	1622	20.6430
ERR13927339.27120	1590	16.5786
ERR13927339.27121	1570	17.2605
ERR13927339.27122	1541	19.8624
ERR13927339.27123	1495	18.3906
ERR13927339.27124	1574	20.3609
ERR13927339.27125	1600	18.9800
ERR13927339.27126	1596	18.3158
ERR13927339.27127	1545	17.8654
ERR13927339.27128	1588	18.9458
ERR13927339.27129	1598	19.2866
ERR13927339.27130	1588	15.3835
ERR13927339.27131	1557	16.0231
ERR13927339.27132	1566	16.4808
ERR13927339.27133	1570	19.9331
ERR13927339.27134	1564	21.3465
ERR13927339.27135	1616	14.7389
ERR13927339.27136	1567	19.1940
ERR13927339.27137	1586	19.5662
ERR13927339.27138	1567	18.7269
ERR13927339.27139	1588	19.2469
ERR13927339.27140	1566	20.7695
ERR13927339.27141	1551	13.9961
ERR13927339.27142	1564	14.1394
ERR13927339.27143	1570	20.2268
ERR13927339.27144	1538	20.1912
ERR13927339.27145	1575	17.5937
ERR13927339.27146	1584	17.7437
ERR13927339.27147	1592	20.9121
ERR13927339.27148	1547	17.0362
ERR13927339.27149	1213	18.4509
ERR13927339.27150	1590	19.8969
ERR13927339.27151	1553	16.9086
ERR13927339.27152	1569	19.1090
ERR13927339.27153	1550	15.3800
ERR13927339.27154	1583	17.8231
ERR13927339.27155	1562	20.3553
ERR13927339.27156	1559	20.8281
ERR13927339.27157	1566	17.0607
ERR13927339.27158	1592	18.1074
ERR13927339.27159	1576	16.4873
ERR13927339.27160	1583	21.0714
ERR13927339.27161	1746	17.7365
ERR13927339.27162	1583	19.6684
ERR13927339.27163	1551	20.0039
ERR13927339.27164	1573	19.5264
ERR13927339.27165	1578	19.5418
ERR13927339.27166	1565	18.5546
ERR13927339.27167	1545	16.5139
ERR13927339.27168	1526	14.7294
ERR13927339.27169	1590	16.9893
ERR13927339.27170	1571	16.2839
ERR13927339.27171	1572	19.1151
ERR13927339.27172	1545	17.2291
ERR13927339.27173	1566	20.7171
ERR13927339.27174	1594	15.0282
ERR13927339.27175	1593	17.2354
ERR13927339.27176	1563	20.9232
ERR13927339.27177	1564	18.2641
ERR13927339.27178	1603	18.4666
ERR13927339.27179	1544	19.9929
ERR13927339.27180	1538	17.4668
ERR13927339.27181	1364	17.6723
ERR13927339.27182	1553	19.5840
ERR13927339.27183	1611	18.4780
ERR13927339.27184	1566	19.3755
ERR13927339.27185	1545	19.0395
ERR13927339.27186	1480	15.3318
ERR13927339.27187	1589	18.4770
ERR13927339.27188	1551	17.6673
ERR13927339.27189	1289	18.8464
ERR13927339.27190	1592	18.9736
ERR13927339.27191	1572	17.1240
ERR13927339.27192	1552	17.6746
ERR13927339.27193	1558	20.4814
ERR13927339.27194	1115	21.4978
ERR13927339.27195	1619	18.8956
ERR13927339.27196	1547	18.9476
ERR13927339.27197	1641	17.1042
ERR13927339.27198	1585	21.8782
ERR13927339.27199	1570	17.3185
ERR13927339.27200	1547	16.8681
ERR13927339.27201	1572	18.5172
ERR13927339.27202	1613	20.0856
ERR13927339.27203	1578	16.0380
ERR13927339.27204	1594	18.0144
ERR13927339.27205	1553	18.4282
ERR13927339.27206	1691	15.5724
ERR13927339.27207	1627	19.2452
ERR13927339.27208	1584	19.2229
ERR13927339.27209	1610	20.2857
ERR13927339.27210	1553	17.2923
ERR13927339.27211	1580	15.8025
ERR13927339.27212	1602	14.7478
ERR13927339.27213	1638	17.8962
ERR13927339.27214	1601	19.1780
ERR13927339.27215	256	15.9414
ERR13927339.27216	1584	19.5726
ERR13927339.27217	1463	17.5058
ERR13927339.27218	1606	20.3998
ERR13927339.27219	1567	20.6031
ERR13927339.27220	1655	17.9251
ERR13927339.27221	592	19.5574
ERR13927339.27222	1538	15.1365
ERR13927339.27223	1573	18.3878
ERR13927339.27224	1524	19.1995
ERR13927339.27225	1586	20.5744
ERR13927339.27226	1586	20.8714
ERR13927339.27227	1585	14.7287
ERR13927339.27228	1332	16.8799
ERR13927339.27229	1580	15.4468
ERR13927339.27230	1684	16.4596
ERR13927339.27231	1553	20.6072
ERR13927339.27232	1616	23.1479
ERR13927339.27233	1558	18.4865
ERR13927339.27234	1580	17.0506
ERR13927339.27235	1572	15.5388
ERR13927339.27236	1579	18.6745
ERR13927339.27237	1562	20.8303
ERR13927339.27238	1587	15.1733
ERR13927339.27239	1604	21.4327
ERR13927339.27240	1611	19.1688
ERR13927339.27241	1560	19.5026
ERR13927339.27242	1585	18.6341
ERR13927339.27243	1581	21.1189
ERR13927339.27244	1611	18.0435
ERR13927339.27245	1573	19.2626
ERR13927339.27246	1591	20.3752
ERR13927339.27247	1551	15.7872
ERR13927339.27248	1582	18.7124
ERR13927339.27249	1356	19.8628
ERR13927339.27250	1620	20.4173
ERR13927339.27251	1552	15.0026
ERR13927339.27252	1581	17.2258
ERR13927339.27253	1586	19.3607
ERR13927339.27254	1576	19.8731
ERR13927339.27255	1562	17.1645
ERR13927339.27256	1584	18.2348
ERR13927339.27257	1562	19.2791
ERR13927339.27258	1575	18.7556
ERR13927339.27259	1554	18.0380
ERR13927339.27260	1553	18.1996
ERR13927339.27261	1601	19.5097
ERR13927339.27262	1580	18.6816
ERR13927339.27263	1553	17.0464
ERR13927339.27264	1573	20.1793
ERR13927339.27265	1573	15.8563
ERR13927339.27266	1566	15.1501
ERR13927339.27267	1546	16.8376
ERR13927339.27268	582	15.1907
ERR13927339.27269	1481	19.7029
ERR13927339.27270	1576	21.9258
ERR13927339.27271	834	16.7542
ERR13927339.27272	1569	20.6871
ERR13927339.27273	1600	15.5225
ERR13927339.27274	1562	16.7356
ERR13927339.27275	1595	18.9799
ERR13927339.27276	1598	16.7503
ERR13927339.27277	1586	19.5776
ERR13927339.27278	1577	18.9042
ERR13927339.27279	1553	16.5229
ERR13927339.27280	1569	13.7929
ERR13927339.27281	1583	20.7252
ERR13927339.27282	1597	17.1271
ERR13927339.27283	1611	20.5245
ERR13927339.27284	1553	15.4739
ERR13927339.27285	1594	15.5496
ERR13927339.27286	1591	21.4186
ERR13927339.27287	1576	18.0266
ERR13927339.27288	1568	20.2034
ERR13927339.27289	1565	16.2371
ERR13927339.27290	1597	17.5560
ERR13927339.27291	1600	21.9581
ERR13927339.27292	3156	16.6568
ERR13927339.27293	1584	18.1010
ERR13927339.27294	1565	18.8051
ERR13927339.27295	1545	18.6311
ERR13927339.27296	1601	21.0737
ERR13927339.27297	1580	20.6494
ERR13927339.27298	1609	18.3723
ERR13927339.27299	1595	20.6922
ERR13927339.27300	1536	19.5013
ERR13927339.27301	1591	20.7995
ERR13927339.27302	1615	18.6365
ERR13927339.27303	1551	18.7892
ERR13927339.27304	1610	16.9304
ERR13927339.27305	327	12.9480
ERR13927339.27306	1569	16.4627
ERR13927339.27307	1534	18.0847
ERR13927339.27308	1580	18.6392
ERR13927339.27309	1611	19.3755
ERR13927339.27310	1577	19.4451
ERR13927339.27311	1506	19.9555
ERR13927339.27312	1610	19.3988
ERR13927339.27313	1590	18.4522
ERR13927339.27314	1615	21.5406
ERR13927339.27315	1658	19.8540
ERR13927339.27316	1542	17.1660
ERR13927339.27317	1557	16.8259
ERR13927339.27318	1542	15.1193
ERR13927339.27319	1590	16.8252
ERR13927339.27320	1587	19.1317
ERR13927339.27321	1547	18.0239
ERR13927339.27322	1556	16.7134
ERR13927339.27323	1583	19.0019
ERR13927339.27324	1597	20.5686
ERR13927339.27325	1582	21.7061
ERR13927339.27326	1581	15.4788
ERR13927339.27327	1566	18.9872
ERR13927339.27328	1572	15.7793
ERR13927339.27329	1558	19.4884
ERR13927339.27330	1569	18.3499
ERR13927339.27331	1624	18.9748
ERR13927339.27332	1562	21.3662
ERR13927339.27333	1615	21.5003
ERR13927339.27334	1548	15.6512
ERR13927339.27335	1574	22.2103
ERR13927339.27336	1594	14.6430
ERR13927339.27337	1595	19.1875
ERR13927339.27338	1567	17.3861
ERR13927339.27339	1577	16.5745
ERR13927339.27340	1564	16.5889
ERR13927339.27341	1544	19.2655
ERR13927339.27342	1554	17.9588
ERR13927339.27343	1603	18.4005
ERR13927339.27344	1622	19.3329
ERR13927339.27345	1574	21.4930
ERR13927339.27346	1610	17.8752
ERR13927339.27347	1567	16.7645
ERR13927339.27348	1574	17.0565
ERR13927339.27349	853	16.6038
ERR13927339.27350	1587	21.2936
ERR13927339.27351	1586	14.3720
ERR13927339.27352	1670	17.1090
ERR13927339.27353	1580	18.4146
ERR13927339.27354	1570	18.1350
ERR13927339.27355	1571	21.8676
ERR13927339.27356	1617	19.6487
ERR13927339.27357	1573	17.5798
ERR13927339.27358	1609	21.9956
ERR13927339.27359	1597	21.1972
ERR13927339.27360	1594	19.4517
ERR13927339.27361	1570	19.6822
ERR13927339.27362	1578	17.9670
ERR13927339.27363	1566	18.3883
ERR13927339.27364	499	19.0321
ERR13927339.27365	1556	20.3824
ERR13927339.27366	1634	14.8109
ERR13927339.27367	1559	17.4233
ERR13927339.27368	1719	18.0425
ERR13927339.27369	1522	16.2556
ERR13927339.27370	1600	20.1956
ERR13927339.27371	1555	16.7087
ERR13927339.27372	1575	18.2121
ERR13927339.27373	1557	15.3892
ERR13927339.27374	1612	18.3703
ERR13927339.27375	1618	19.3980
ERR13927339.27376	1581	19.7666
ERR13927339.27377	1562	16.8912
ERR13927339.27378	1594	19.4492
ERR13927339.27379	1610	18.8168
ERR13927339.27380	1572	22.4383
ERR13927339.27381	1580	17.4785
ERR13927339.27382	1571	17.9376
ERR13927339.27383	1576	21.9016
ERR13927339.27384	1580	16.4722
ERR13927339.27385	1534	20.4394
ERR13927339.27386	1576	18.3864
ERR13927339.27387	1599	19.4103
ERR13927339.27388	1624	19.3590
ERR13927339.27389	1582	20.5386
ERR13927339.27390	1574	17.5680
ERR13927339.27391	1585	20.4227
ERR13927339.27392	1592	18.4479
ERR13927339.27393	1599	21.0413
ERR13927339.27394	1624	18.3165
ERR13927339.27395	1577	20.2435
ERR13927339.27396	1573	17.6809
ERR13927339.27397	1555	15.3601
ERR13927339.27398	1564	17.4885
ERR13927339.27399	1587	18.1304
ERR13927339.27400	1609	17.9149
ERR13927339.27401	1606	21.1432
ERR13927339.27402	1550	18.6626
ERR13927339.27403	1626	19.6113
ERR13927339.27404	1579	19.9747
ERR13927339.27405	1583	18.7688
ERR13927339.27406	1539	15.4269
ERR13927339.27407	1634	19.2876
ERR13927339.27408	1558	17.8427
ERR13927339.27409	1586	16.0315
ERR13927339.27410	1580	20.1373
ERR13927339.27411	1572	20.0178
ERR13927339.27412	1533	16.3536
ERR13927339.27413	2302	19.4314
ERR13927339.27414	1577	18.3989
ERR13927339.27415	1575	18.1905
ERR13927339.27416	1575	16.3143
ERR13927339.27417	1571	17.1165
ERR13927339.27418	1591	19.5889
ERR13927339.27419	1560	20.0795
ERR13927339.27420	1584	18.1174
ERR13927339.27421	1578	18.0355
ERR13927339.27422	1571	19.7066
ERR13927339.27423	1607	18.1083
ERR13927339.27424	1562	16.5980
ERR13927339.27425	1576	17.7900
ERR13927339.27426	1586	17.1866
ERR13927339.27427	1620	20.7377
ERR13927339.27428	1595	18.1141
ERR13927339.27429	1614	18.0087
ERR13927339.27430	1575	18.7581
ERR13927339.27431	1579	20.4034
ERR13927339.27432	1581	17.5326
ERR13927339.27433	1538	15.6879
ERR13927339.27434	1555	18.7473
ERR13927339.27435	1554	18.9781
ERR13927339.27436	1630	16.0497
ERR13927339.27437	1563	15.9379
ERR13927339.27438	1593	16.5493
ERR13927339.27439	1572	17.7812
ERR13927339.27440	1585	21.7256
ERR13927339.27441	1577	19.1091
ERR13927339.27442	1623	20.9519
ERR13927339.27443	1562	18.1364
ERR13927339.27444	1613	20.9746
ERR13927339.27445	1538	16.5852
ERR13927339.27446	1578	16.9651
ERR13927339.27447	1575	15.3187
ERR13927339.27448	1576	17.3617
ERR13927339.27449	1549	16.1143
ERR13927339.27450	1544	15.5142
ERR13927339.27451	1559	18.4939
ERR13927339.27452	1556	15.5636
ERR13927339.27453	1589	20.4500
ERR13927339.27454	1568	19.5593
ERR13927339.27455	1597	21.3719
ERR13927339.27456	1575	16.3441
ERR13927339.27457	1615	19.6817
ERR13927339.27458	1578	15.5849
ERR13927339.27459	1567	20.9158
ERR13927339.27460	1610	17.8671
ERR13927339.27461	1631	19.4077
ERR13927339.27462	1565	20.0300
ERR13927339.27463	1538	18.0930
ERR13927339.27464	1561	18.3844
ERR13927339.27465	1578	19.9740
ERR13927339.27466	1579	16.7840
ERR13927339.27467	1562	19.6402
ERR13927339.27468	1582	18.8420
ERR13927339.27469	1560	18.2987
ERR13927339.27470	1534	20.6662
ERR13927339.27471	1589	22.2681
ERR13927339.27472	751	15.6405
ERR13927339.27473	1569	17.7075
ERR13927339.27474	1607	18.1674
ERR13927339.27475	1585	15.8170
ERR13927339.27476	1587	21.7259
ERR13927339.27477	1588	17.3514
ERR13927339.27478	1571	17.0560
ERR13927339.27479	1527	14.9489
ERR13927339.27480	1595	21.3429
ERR13927339.27481	1558	17.8389
ERR13927339.27482	1607	21.4686
ERR13927339.27483	1310	18.4168
ERR13927339.27484	1088	17.8631
ERR13927339.27485	1553	18.0605
ERR13927339.27486	1807	19.1976
ERR13927339.27487	1594	18.0069
ERR13927339.27488	1627	21.1733
ERR13927339.27489	1597	19.2793
ERR13927339.27490	1565	20.1419
ERR13927339.27491	1613	19.5741
ERR13927339.27492	1586	19.2201
ERR13927339.27493	1542	17.4935
ERR13927339.27494	1593	19.3045
ERR13927339.27495	1581	21.5288
ERR13927339.27496	1572	19.9828
ERR13927339.27497	1576	18.7119
ERR13927339.27498	1583	21.1434
ERR13927339.27499	1575	18.1537
ERR13927339.27500	1617	20.7236
ERR13927339.27501	1561	19.2639
ERR13927339.27502	1579	19.2464
ERR13927339.27503	1587	16.5217
ERR13927339.27504	1565	18.1904
ERR13927339.27505	1562	14.3988
ERR13927339.27506	1573	21.3929
ERR13927339.27507	438	18.7215
ERR13927339.27508	1571	18.1369
ERR13927339.27509	1590	19.0415
ERR13927339.27510	1599	18.2652
ERR13927339.27511	1536	15.9909
ERR13927339.27512	1589	17.6388
ERR13927339.27513	1566	15.3883
ERR13927339.27514	1568	16.2749
ERR13927339.27515	1651	15.1999
ERR13927339.27516	1595	19.0708
ERR13927339.27517	1545	16.4725
ERR13927339.27518	1554	16.4955
ERR13927339.27519	1579	17.3414
ERR13927339.27520	1568	21.4171
ERR13927339.27521	1610	17.9857
ERR13927339.27522	1606	20.4707
ERR13927339.27523	183	15.8907
ERR13927339.27524	1555	16.8045
ERR13927339.27525	1309	16.9954
ERR13927339.27526	1649	15.6180
ERR13927339.27527	1566	17.1814
ERR13927339.27528	1572	18.8219
ERR13927339.27529	1577	20.1915
ERR13927339.27530	1570	21.4911
ERR13927339.27531	1587	18.7259
ERR13927339.27532	1578	19.9183
ERR13927339.27533	1581	18.3150
ERR13927339.27534	1593	20.4802
ERR13927339.27535	1570	19.7395
ERR13927339.27536	1542	16.7179
ERR13927339.27537	1579	18.7473
ERR13927339.27538	1543	19.4815
ERR13927339.27539	1568	21.0440
ERR13927339.27540	1572	19.6781
ERR13927339.27541	1531	16.9131
ERR13927339.27542	1572	18.9128
ERR13927339.27543	1572	18.4109
ERR13927339.27544	1600	17.5019
ERR13927339.27545	1580	18.4937
ERR13927339.27546	1273	16.5004
ERR13927339.27547	1332	18.2755
ERR13927339.27548	1561	16.5253
ERR13927339.27549	1627	20.9809
ERR13927339.27550	1571	14.8924
ERR13927339.27551	1550	18.3845
ERR13927339.27552	1620	18.9969
ERR13927339.27553	1574	16.8717
ERR13927339.27554	1583	17.3310
ERR13927339.27555	1631	19.4267
ERR13927339.27556	1575	16.7429
ERR13927339.27557	1579	20.0412
ERR13927339.27558	1574	18.4873
ERR13927339.27559	1553	16.6091
ERR13927339.27560	1590	17.5138
ERR13927339.27561	1569	18.4831
ERR13927339.27562	1610	15.9801
ERR13927339.27563	1545	17.0104
ERR13927339.27564	1545	17.8693
ERR13927339.27565	1569	18.6456
ERR13927339.27566	1574	21.3856
ERR13927339.27567	1573	15.6662
ERR13927339.27568	1529	16.4918
ERR13927339.27569	1556	20.0643
ERR13927339.27570	1560	15.5154
ERR13927339.27571	1579	20.7587
ERR13927339.27572	1609	17.3754
ERR13927339.27573	1552	18.7732
ERR13927339.27574	1557	20.0700
ERR13927339.27575	1451	18.5389
ERR13927339.27576	1566	19.6679
ERR13927339.27577	1558	18.3466
ERR13927339.27578	1442	16.9570
ERR13927339.27579	1549	19.3777
ERR13927339.27580	1537	15.8939
ERR13927339.27581	1547	16.7576
ERR13927339.27582	1551	17.9568
ERR13927339.27583	1567	14.3344
ERR13927339.27584	1614	20.9226
ERR13927339.27585	1587	18.3308
ERR13927339.27586	961	16.6264
ERR13927339.27587	1613	18.5542
ERR13927339.27588	1589	18.1372
ERR13927339.27589	1590	19.2604
ERR13927339.27590	1569	20.9726
ERR13927339.27591	1548	17.7636
ERR13927339.27592	1596	19.7563
ERR13927339.27593	1617	20.9833
ERR13927339.27594	1531	16.6283
ERR13927339.27595	1561	15.7290
ERR13927339.27596	1556	19.6497
ERR13927339.27597	1557	15.7951
ERR13927339.27598	1568	16.9630
ERR13927339.27599	1580	20.1348
ERR13927339.27600	1556	15.6639
ERR13927339.27601	1723	19.7591
ERR13927339.27602	1584	15.9811
ERR13927339.27603	1524	21.0958
ERR13927339.27604	1530	17.4915
ERR13927339.27605	1558	16.6220
ERR13927339.27606	1570	17.6197
ERR13927339.27607	1556	15.8233
ERR13927339.27608	1566	19.3697
ERR13927339.27609	1582	17.9886
ERR13927339.27610	1580	16.9835
ERR13927339.27611	3101	16.3228
ERR13927339.27612	1573	19.5798
ERR13927339.27613	1612	18.8809
ERR13927339.27614	1563	15.8221
ERR13927339.27615	1664	17.0192
ERR13927339.27616	1428	18.3950
ERR13927339.27617	1603	15.8079
ERR13927339.27618	1579	18.3160
ERR13927339.27619	1621	19.8544
ERR13927339.27620	1583	20.1194
ERR13927339.27621	1579	19.8980
ERR13927339.27622	1516	17.4697
ERR13927339.27623	1579	18.4167
ERR13927339.27624	1575	20.8914
ERR13927339.27625	1557	16.5145
ERR13927339.27626	1553	19.9259
ERR13927339.27627	1537	14.4723
ERR13927339.27628	1567	17.9043
ERR13927339.27629	1574	15.0464
ERR13927339.27630	1550	20.1948
ERR13927339.27631	1581	18.0993
ERR13927339.27632	1553	18.1958
ERR13927339.27633	1583	17.4397
ERR13927339.27634	1567	18.0128
ERR13927339.27635	1592	15.2481
ERR13927339.27636	1561	18.1685
ERR13927339.27637	1583	18.6715
ERR13927339.27638	1589	18.9660
ERR13927339.27639	1565	18.4173
ERR13927339.27640	1607	18.6285
ERR13927339.27641	657	17.2222
ERR13927339.27642	1551	19.2360
ERR13927339.27643	1515	16.8198
ERR13927339.27644	1517	15.4832
ERR13927339.27645	1534	17.8449
ERR13927339.27646	1561	16.4036
ERR13927339.27647	1580	17.9880
ERR13927339.27648	133	14.8722
ERR13927339.27649	1598	18.5851
ERR13927339.27650	1630	16.4252
ERR13927339.27651	1576	19.5628
ERR13927339.27652	1562	17.9065
ERR13927339.27653	1590	16.6447
ERR13927339.27654	1564	19.6988
ERR13927339.27655	1571	20.8211
ERR13927339.27656	1555	14.6965
ERR13927339.27657	1565	19.5157
ERR13927339.27658	1592	18.6997
ERR13927339.27659	1554	17.0238
ERR13927339.27660	1532	15.5189
ERR13927339.27661	1326	18.2029
ERR13927339.27662	1546	15.9819
ERR13927339.27663	1579	18.2185
ERR13927339.27664	1558	20.1316
ERR13927339.27665	1549	17.8334
ERR13927339.27666	1541	17.5263
ERR13927339.27667	1565	18.1029
ERR13927339.27668	1601	16.5066
ERR13927339.27669	1559	14.7344
ERR13927339.27670	1543	18.9080
ERR13927339.27671	1588	14.4843
ERR13927339.27672	1607	18.5302
ERR13927339.27673	1594	15.9423
ERR13927339.27674	1562	16.8521
ERR13927339.27675	1544	16.2209
ERR13927339.27676	1574	18.9943
ERR13927339.27677	1615	15.5647
ERR13927339.27678	1559	21.3374
ERR13927339.27679	1554	20.1512
ERR13927339.27680	1581	20.0310
ERR13927339.27681	1524	19.6496
ERR13927339.27682	1599	15.5654
ERR13927339.27683	1566	20.0766
ERR13927339.27684	1572	17.0604
ERR13927339.27685	1554	18.3945
ERR13927339.27686	1588	20.0435
ERR13927339.27687	1595	20.1981
ERR13927339.27688	1564	18.7730
ERR13927339.27689	1571	20.7225
ERR13927339.27690	1496	20.2106
ERR13927339.27691	1557	20.8182
ERR13927339.27692	1599	16.5278
ERR13927339.27693	1557	15.8619
ERR13927339.27694	1583	19.7738
ERR13927339.27695	1564	20.9655
ERR13927339.27696	1575	14.5613
ERR13927339.27697	1583	21.4491
ERR13927339.27698	1577	19.6893
ERR13927339.27699	1545	15.1379
ERR13927339.27700	1597	14.5523
ERR13927339.27701	1510	15.9013
ERR13927339.27702	1548	18.3004
ERR13927339.27703	1574	21.4257
ERR13927339.27704	1563	19.2860
ERR13927339.27705	1566	20.7573
ERR13927339.27706	1515	18.7822
ERR13927339.27707	1594	15.1951
ERR13927339.27708	1575	16.2717
ERR13927339.27709	1572	18.0375
ERR13927339.27710	1541	18.3991
ERR13927339.27711	1619	19.2860
ERR13927339.27712	1596	18.7713
ERR13927339.27713	1565	17.7719
ERR13927339.27714	1662	19.0716
ERR13927339.27715	1569	18.0580
ERR13927339.27716	1581	18.2568
ERR13927339.27717	1613	17.2201
ERR13927339.27718	1545	15.9845
ERR13927339.27719	1614	17.9480
ERR13927339.27720	1574	18.0235
ERR13927339.27721	1547	19.9916
ERR13927339.27722	1575	20.7841
ERR13927339.27723	1590	20.0358
ERR13927339.27724	1455	17.1787
ERR13927339.27725	1591	18.9736
ERR13927339.27726	1541	19.6931
ERR13927339.27727	1461	20.8891
ERR13927339.27728	1551	19.4990
ERR13927339.27729	1582	19.3312
ERR13927339.27730	1571	17.7053
ERR13927339.27731	1501	18.4923
ERR13927339.27732	1590	17.7327
ERR13927339.27733	1517	16.3250
ERR13927339.27734	1442	18.5340
ERR13927339.27735	1578	18.7845
ERR13927339.27736	1608	19.0703
ERR13927339.27737	1216	17.5740
ERR13927339.27738	1570	21.3274
ERR13927339.27739	1582	20.5796
ERR13927339.27740	1477	14.1537
ERR13927339.27741	1577	16.8903
ERR13927339.27742	1490	17.0899
ERR13927339.27743	1577	18.4502
ERR13927339.27744	1583	20.6715
ERR13927339.27745	1544	19.1244
ERR13927339.27746	1548	19.8366
ERR13927339.27747	1588	19.5699
ERR13927339.27748	1575	16.5956
ERR13927339.27749	1605	19.3358
ERR13927339.27750	1578	16.8606
ERR13927339.27751	1564	19.4636
ERR13927339.27752	1546	16.0045
ERR13927339.27753	1576	20.1244
ERR13927339.27754	1565	20.2824
ERR13927339.27755	1510	19.0894
ERR13927339.27756	1564	20.8446
ERR13927339.27757	1097	18.0392
ERR13927339.27758	1571	21.0917
ERR13927339.27759	687	19.4338
ERR13927339.27760	1612	20.2060
ERR13927339.27761	1580	18.2076
ERR13927339.27762	1576	20.9492
ERR13927339.27763	1572	18.0267
ERR13927339.27764	1614	20.7955
ERR13927339.27765	869	15.7123
ERR13927339.27766	1608	19.1119
ERR13927339.27767	1597	19.0363
ERR13927339.27768	1591	14.5563
ERR13927339.27769	1576	17.4099
ERR13927339.27770	1580	18.5044
ERR13927339.27771	1569	19.0204
ERR13927339.27772	1548	15.5898
ERR13927339.27773	1536	18.0710
ERR13927339.27774	1590	19.1522
ERR13927339.27775	1565	16.6613
ERR13927339.27776	1596	16.1209
ERR13927339.27777	1574	20.2846
ERR13927339.27778	1592	17.7356
ERR13927339.27779	1586	15.1311
ERR13927339.27780	1534	15.3709
ERR13927339.27781	1587	18.7366
ERR13927339.27782	1592	18.0854
ERR13927339.27783	527	15.8577
ERR13927339.27784	1622	18.6017
ERR13927339.27785	670	16.0955
ERR13927339.27786	1583	15.7107
ERR13927339.27787	1584	20.1540
ERR13927339.27788	1564	19.0448
ERR13927339.27789	1582	16.1574
ERR13927339.27790	1607	19.8475
ERR13927339.27791	1579	16.7676
ERR13927339.27792	1543	16.2871
ERR13927339.27793	1580	18.6987
ERR13927339.27794	1611	17.7629
ERR13927339.27795	1555	19.3003
ERR13927339.27796	1566	19.8851
ERR13927339.27797	1579	18.5719
ERR13927339.27798	1184	20.0997
ERR13927339.27799	1570	16.2866
ERR13927339.27800	1521	17.8915
ERR13927339.27801	1577	20.6722
ERR13927339.27802	1586	16.1898
ERR13927339.27803	1570	17.5153
ERR13927339.27804	1628	15.9521
ERR13927339.27805	1612	17.7184
ERR13927339.27806	920	16.5837
ERR13927339.27807	1463	21.1196
ERR13927339.27808	1582	15.6827
ERR13927339.27809	1573	20.8519
ERR13927339.27810	1559	18.4965
ERR13927339.27811	1561	20.5138
ERR13927339.27812	1581	17.8754
ERR13927339.27813	1580	18.0981
ERR13927339.27814	1581	17.0335
ERR13927339.27815	1576	20.7297
ERR13927339.27816	1567	18.4212
ERR13927339.27817	1536	15.8464
ERR13927339.27818	1574	17.8367
ERR13927339.27819	1506	17.7371
ERR13927339.27820	1535	17.6860
ERR13927339.27821	1561	17.0506
ERR13927339.27822	1559	19.7255
ERR13927339.27823	1576	17.8141
ERR13927339.27824	1618	18.0902
ERR13927339.27825	1555	19.5106
ERR13927339.27826	1563	19.7492
ERR13927339.27827	683	20.2738
ERR13927339.27828	1586	18.2119
ERR13927339.27829	1571	16.1248
ERR13927339.27830	1554	17.3687
ERR13927339.27831	1585	18.2114
ERR13927339.27832	1583	20.0518
ERR13927339.27833	1550	17.0677
ERR13927339.27834	885	17.2068
ERR13927339.27835	1570	19.6873
ERR13927339.27836	1521	15.8238
ERR13927339.27837	1536	19.0690
ERR13927339.27838	1595	19.4815
ERR13927339.27839	1531	18.8459
ERR13927339.27840	1556	15.5527
ERR13927339.27841	1564	17.5371
ERR13927339.27842	1627	19.7345
ERR13927339.27843	1574	19.0013
ERR13927339.27844	1529	15.1583
ERR13927339.27845	1550	16.8574
ERR13927339.27846	1571	17.2553
ERR13927339.27847	1572	15.7271
ERR13927339.27848	1076	15.7574
ERR13927339.27849	1515	16.7809
ERR13927339.27850	3159	19.3365
ERR13927339.27851	1568	18.8922
ERR13927339.27852	1571	18.2954
ERR13927339.27853	1593	20.6522
ERR13927339.27854	1573	21.6205
ERR13927339.27855	1576	17.0939
ERR13927339.27856	1575	20.0521
ERR13927339.27857	1567	17.0574
ERR13927339.27858	1593	17.3164
ERR13927339.27859	1619	17.3922
ERR13927339.27860	1505	15.2990
ERR13927339.27861	1571	21.4220
ERR13927339.27862	1594	17.5144
ERR13927339.27863	1513	19.0436
ERR13927339.27864	1585	17.3956
ERR13927339.27865	1550	19.5768
ERR13927339.27866	1591	15.8334
ERR13927339.27867	200	13.5950
ERR13927339.27868	1576	17.5165
ERR13927339.27869	1561	20.2101
ERR13927339.27870	1572	18.9408
ERR13927339.27871	1602	19.6149
ERR13927339.27872	1556	21.4762
ERR13927339.27873	1585	20.2644
ERR13927339.27874	1554	18.9852
ERR13927339.27875	1616	19.0978
ERR13927339.27876	1547	17.6930
ERR13927339.27877	1570	20.5955
ERR13927339.27878	1543	16.0097
ERR13927339.27879	1576	19.7462
ERR13927339.27880	1601	16.8401
ERR13927339.27881	1579	20.1590
ERR13927339.27882	1576	18.7881
ERR13927339.27883	1572	17.3785
ERR13927339.27884	1678	21.1114
ERR13927339.27885	1583	18.7063
ERR13927339.27886	1559	21.4785
ERR13927339.27887	1505	16.2897
ERR13927339.27888	1597	20.8635
ERR13927339.27889	1611	21.0248
ERR13927339.27890	1550	16.1019
ERR13927339.27891	1545	18.4563
ERR13927339.27892	1547	18.5585
ERR13927339.27893	1559	17.2771
ERR13927339.27894	1569	20.2747
ERR13927339.27895	1562	18.0499
ERR13927339.27896	1570	21.1924
ERR13927339.27897	1560	17.7814
ERR13927339.27898	1558	18.7240
ERR13927339.27899	1584	19.9842
ERR13927339.27900	1540	18.8026
ERR13927339.27901	1564	17.2244
ERR13927339.27902	1555	19.7627
ERR13927339.27903	1565	16.5233
ERR13927339.27904	1587	19.1569
ERR13927339.27905	1577	19.3380
ERR13927339.27906	1578	20.6502
ERR13927339.27907	1575	19.6584
ERR13927339.27908	1561	21.0506
ERR13927339.27909	1605	20.6224
ERR13927339.27910	1588	18.7368
ERR13927339.27911	1582	19.7263
ERR13927339.27912	1619	18.5676
ERR13927339.27913	1535	17.9303
ERR13927339.27914	1587	17.6389
ERR13927339.27915	1574	16.9485
ERR13927339.27916	1533	16.2564
ERR13927339.27917	1548	19.8663
ERR13927339.27918	1560	15.2571
ERR13927339.27919	1554	19.3642
ERR13927339.27920	1569	21.2122
ERR13927339.27921	1552	16.1630
ERR13927339.27922	1607	17.6017
ERR13927339.27923	1621	20.1937
ERR13927339.27924	1581	19.2239
ERR13927339.27925	1561	19.2889
ERR13927339.27926	1579	15.5985
ERR13927339.27927	1569	19.8853
ERR13927339.27928	1593	17.6321
ERR13927339.27929	1571	20.9383
ERR13927339.27930	1577	18.2993
ERR13927339.27931	1568	16.9751
ERR13927339.27932	1604	18.2656
ERR13927339.27933	1587	20.2413
ERR13927339.27934	1700	22.5024
ERR13927339.27935	1577	17.0970
ERR13927339.27936	1552	21.9375
ERR13927339.27937	1307	18.9916
ERR13927339.27938	1561	15.5817
ERR13927339.27939	1615	17.7820
ERR13927339.27940	1619	20.0247
ERR13927339.27941	1556	19.4441
ERR13927339.27942	1546	14.9243
ERR13927339.27943	1564	19.0799
ERR13927339.27944	1545	20.4460
ERR13927339.27945	1567	19.3255
ERR13927339.27946	1587	15.8280
ERR13927339.27947	1571	20.7925
ERR13927339.27948	1588	17.3394
ERR13927339.27949	1551	16.4017
ERR13927339.27950	1580	21.9671
ERR13927339.27951	1511	17.0543
ERR13927339.27952	1573	19.6999
ERR13927339.27953	1570	17.8312
ERR13927339.27954	1581	20.5471
ERR13927339.27955	1546	15.2555
ERR13927339.27956	1636	17.3087
ERR13927339.27957	1562	18.2138
ERR13927339.27958	1584	15.3308
ERR13927339.27959	1572	15.0776
ERR13927339.27960	1589	19.6784
ERR13927339.27961	1583	18.6955
ERR13927339.27962	1588	17.9440
ERR13927339.27963	1580	21.0462
ERR13927339.27964	1546	20.3409
ERR13927339.27965	1577	14.5225
ERR13927339.27966	1578	17.0108
ERR13927339.27967	1602	16.2409
ERR13927339.27968	1607	17.5725
ERR13927339.27969	1575	17.3638
ERR13927339.27970	1566	18.6858
ERR13927339.27971	1516	17.4631
ERR13927339.27972	1564	19.2436
ERR13927339.27973	1595	15.4132
ERR13927339.27974	1570	16.9121
ERR13927339.27975	1561	15.4939
ERR13927339.27976	1600	17.4387
ERR13927339.27977	1560	18.2378
ERR13927339.27978	1607	16.5775
ERR13927339.27979	1539	17.5718
ERR13927339.27980	1586	17.3783
ERR13927339.27981	1567	15.1902
ERR13927339.27982	1601	16.2049
ERR13927339.27983	1586	20.0485
ERR13927339.27984	1546	17.6902
ERR13927339.27985	1572	19.0700
ERR13927339.27986	1557	18.7752
ERR13927339.27987	1565	19.0166
ERR13927339.27988	1557	20.9223
ERR13927339.27989	1563	19.3090
ERR13927339.27990	1557	19.5151
ERR13927339.27991	1575	16.6286
ERR13927339.27992	1573	19.0966
ERR13927339.27993	1562	16.6146
ERR13927339.27994	234	14.4872
ERR13927339.27995	1561	20.3075
ERR13927339.27996	1582	16.4507
ERR13927339.27997	1555	16.6418
ERR13927339.27998	1575	16.9606
ERR13927339.27999	1574	15.7827
ERR13927339.28000	1579	17.4617
ERR13927339.28001	1603	18.4548
ERR13927339.28002	1604	21.1758
ERR13927339.28003	1571	17.6302
ERR13927339.28004	1596	18.2688
ERR13927339.28005	1564	20.3971
ERR13927339.28006	1576	18.4708
ERR13927339.28007	1604	18.8024
ERR13927339.28008	1591	15.7071
ERR13927339.28009	1547	16.5055
ERR13927339.28010	1570	19.2777
ERR13927339.28011	1574	19.7471
ERR13927339.28012	1562	15.2369
ERR13927339.28013	1577	21.5168
ERR13927339.28014	1673	18.8308
ERR13927339.28015	1598	21.4718
ERR13927339.28016	1608	15.9471
ERR13927339.28017	1596	18.7024
ERR13927339.28018	1571	20.2183
ERR13927339.28019	1541	18.7923
ERR13927339.28020	1627	15.1291
ERR13927339.28021	1589	16.1957
ERR13927339.28022	1634	16.4553
ERR13927339.28023	1603	20.5721
ERR13927339.28024	1586	17.1784
ERR13927339.28025	1970	23.6594
ERR13927339.28026	1552	15.2010
ERR13927339.28027	1597	17.7539
ERR13927339.28028	1611	15.5611
ERR13927339.28029	1545	18.9748
ERR13927339.28030	1626	18.4305
ERR13927339.28031	1564	19.1368
ERR13927339.28032	1570	21.3554
ERR13927339.28033	1559	17.4124
ERR13927339.28034	1596	21.2005
ERR13927339.28035	1583	19.2438
ERR13927339.28036	1190	15.4773
ERR13927339.28037	1564	21.4361
ERR13927339.28038	1599	18.1732
ERR13927339.28039	1569	16.1396
ERR13927339.28040	1628	21.7979
ERR13927339.28041	1578	18.0697
ERR13927339.28042	1600	18.0831
ERR13927339.28043	1196	16.9239
ERR13927339.28044	1584	16.6843
ERR13927339.28045	1597	20.7652
ERR13927339.28046	1551	17.8975
ERR13927339.28047	1547	17.2573
ERR13927339.28048	1587	18.6471
ERR13927339.28049	1605	21.2760
ERR13927339.28050	1583	21.2040
ERR13927339.28051	1564	21.8069
ERR13927339.28052	1548	18.0575
ERR13927339.28053	1590	18.3132
ERR13927339.28054	1565	18.2460
ERR13927339.28055	1545	19.5139
ERR13927339.28056	1574	18.0432
ERR13927339.28057	1578	16.0253
ERR13927339.28058	1556	22.5019
ERR13927339.28059	1543	19.6021
ERR13927339.28060	1581	20.1278
ERR13927339.28061	1546	20.0841
ERR13927339.28062	1338	19.8064
ERR13927339.28063	1558	20.4942
ERR13927339.28064	1587	17.8311
ERR13927339.28065	1590	20.1686
ERR13927339.28066	1587	20.9477
ERR13927339.28067	1568	14.8265
ERR13927339.28068	1568	20.2264
ERR13927339.28069	1632	19.2831
ERR13927339.28070	1537	19.0651
ERR13927339.28071	1541	18.1642
ERR13927339.28072	1591	21.0817
ERR13927339.28073	1565	19.6748
ERR13927339.28074	1059	18.8451
ERR13927339.28075	1263	17.6485
ERR13927339.28076	1599	17.9512
ERR13927339.28077	1583	20.0101
ERR13927339.28078	1570	20.1790
ERR13927339.28079	1865	19.7255
ERR13927339.28080	1445	16.2692
ERR13927339.28081	1608	21.8234
ERR13927339.28082	1570	19.5217
ERR13927339.28083	1575	17.6337
ERR13927339.28084	1585	15.6082
ERR13927339.28085	1565	15.4173
ERR13927339.28086	1578	20.2376
ERR13927339.28087	1486	16.6359
ERR13927339.28088	1542	18.2114
ERR13927339.28089	1583	15.6387
ERR13927339.28090	1573	19.1723
ERR13927339.28091	1599	18.5047
ERR13927339.28092	1569	18.6667
ERR13927339.28093	1526	17.1389
ERR13927339.28094	1597	19.2405
ERR13927339.28095	1549	19.2008
ERR13927339.28096	1564	19.0153
ERR13927339.28097	1536	15.6602
ERR13927339.28098	1591	19.1546
ERR13927339.28099	1621	17.8439
ERR13927339.28100	1569	18.0051
ERR13927339.28101	1551	16.6138
ERR13927339.28102	1607	19.7579
ERR13927339.28103	1557	18.3057
ERR13927339.28104	1591	19.2332
ERR13927339.28105	1547	16.8895
ERR13927339.28106	1575	19.2502
ERR13927339.28107	1665	15.9862
ERR13927339.28108	1558	19.7869
ERR13927339.28109	1665	18.7784
ERR13927339.28110	1578	20.3302
ERR13927339.28111	1571	19.1572
ERR13927339.28112	1548	20.2074
ERR13927339.28113	1562	18.5096
ERR13927339.28114	1612	18.7041
ERR13927339.28115	1605	21.1302
ERR13927339.28116	1608	18.3725
ERR13927339.28117	1547	17.3083
ERR13927339.28118	1573	18.7190
ERR13927339.28119	1580	15.1291
ERR13927339.28120	1560	18.7308
ERR13927339.28121	1548	14.8081
ERR13927339.28122	1616	17.9220
ERR13927339.28123	1589	16.8030
ERR13927339.28124	1586	17.3852
ERR13927339.28125	1620	17.6420
ERR13927339.28126	1533	14.3249
ERR13927339.28127	1584	17.9331
ERR13927339.28128	1559	13.4676
ERR13927339.28129	1581	14.7445
ERR13927339.28130	1581	18.8684
ERR13927339.28131	1552	17.0677
ERR13927339.28132	1558	20.8768
ERR13927339.28133	187	16.3048
ERR13927339.28134	1600	18.7787
ERR13927339.28135	1572	15.9847
ERR13927339.28136	1570	19.1038
ERR13927339.28137	1564	20.3095
ERR13927339.28138	1616	22.4004
ERR13927339.28139	1586	18.1854
ERR13927339.28140	1563	20.1254
ERR13927339.28141	1600	15.5231
ERR13927339.28142	1624	18.3775
ERR13927339.28143	1523	15.3487
ERR13927339.28144	1565	18.9681
ERR13927339.28145	1594	18.4517
ERR13927339.28146	1571	20.0917
ERR13927339.28147	1594	23.2208
ERR13927339.28148	1539	16.3314
ERR13927339.28149	1594	16.2384
ERR13927339.28150	1569	17.2830
ERR13927339.28151	1565	20.4665
ERR13927339.28152	1550	20.8368
ERR13927339.28153	1614	16.6413
ERR13927339.28154	1552	16.9175
ERR13927339.28155	1538	17.3979
ERR13927339.28156	1594	19.2949
ERR13927339.28157	1603	18.5901
ERR13927339.28158	1604	16.8298
ERR13927339.28159	1576	17.5799
ERR13927339.28160	1598	20.0951
ERR13927339.28161	1564	20.5953
ERR13927339.28162	1579	19.1159
ERR13927339.28163	1566	18.9138
ERR13927339.28164	1565	18.6696
ERR13927339.28165	1563	16.7626
ERR13927339.28166	214	12.3505
ERR13927339.28167	1551	19.7640
ERR13927339.28168	1598	18.7635
ERR13927339.28169	1555	21.1389
ERR13927339.28170	1579	18.7904
ERR13927339.28171	1571	19.0516
ERR13927339.28172	1562	18.1210
ERR13927339.28173	1566	22.0332
ERR13927339.28174	1559	18.3502
ERR13927339.28175	1593	19.1268
ERR13927339.28176	1553	17.2885
ERR13927339.28177	1530	15.6098
ERR13927339.28178	1563	15.9181
ERR13927339.28179	1587	17.2754
ERR13927339.28180	1597	19.7383
ERR13927339.28181	1602	19.7759
ERR13927339.28182	1570	22.1752
ERR13927339.28183	1541	14.6716
ERR13927339.28184	1589	17.0913
ERR13927339.28185	1547	15.9806
ERR13927339.28186	1554	18.0991
ERR13927339.28187	1562	18.8668
ERR13927339.28188	1521	19.2281
ERR13927339.28189	1609	18.1417
ERR13927339.28190	1544	17.7364
ERR13927339.28191	1555	16.4424
ERR13927339.28192	1578	20.4290
ERR13927339.28193	1533	17.2831
ERR13927339.28194	1432	15.6306
ERR13927339.28195	1575	15.1054
ERR13927339.28196	1551	16.6003
ERR13927339.28197	920	18.5609
ERR13927339.28198	1617	18.9524
ERR13927339.28199	1543	15.8548
ERR13927339.28200	1597	18.2874
ERR13927339.28201	1563	19.5368
ERR13927339.28202	1567	17.0511
ERR13927339.28203	1579	19.2147
ERR13927339.28204	1540	15.2974
ERR13927339.28205	1617	15.3173
ERR13927339.28206	1605	20.3402
ERR13927339.28207	1566	17.5172
ERR13927339.28208	1579	18.0405
ERR13927339.28209	1618	19.7318
ERR13927339.28210	1584	18.2184
ERR13927339.28211	1562	17.5218
ERR13927339.28212	1548	15.3463
ERR13927339.28213	1577	18.7578
ERR13927339.28214	1564	17.2941
ERR13927339.28215	1591	17.8234
ERR13927339.28216	1594	19.1531
ERR13927339.28217	1586	19.1179
ERR13927339.28218	1573	19.9193
ERR13927339.28219	1516	16.8107
ERR13927339.28220	1604	20.5623
ERR13927339.28221	1574	20.6379
ERR13927339.28222	1567	17.3057
ERR13927339.28223	1541	16.4685
ERR13927339.28224	1075	18.5665
ERR13927339.28225	1581	15.2865
ERR13927339.28226	1568	18.7079
ERR13927339.28227	1603	15.4479
ERR13927339.28228	1571	18.3966
ERR13927339.28229	1574	19.1912
ERR13927339.28230	1613	16.3329
ERR13927339.28231	741	15.9136
ERR13927339.28232	1559	15.2809
ERR13927339.28233	1563	17.1222
ERR13927339.28234	1544	16.8433
ERR13927339.28235	1571	16.5742
ERR13927339.28236	1553	17.9478
ERR13927339.28237	1582	19.2598
ERR13927339.28238	1574	17.9924
ERR13927339.28239	1588	14.9987
ERR13927339.28240	1569	19.3238
ERR13927339.28241	1587	18.8217
ERR13927339.28242	1594	19.8620
ERR13927339.28243	1612	15.5360
ERR13927339.28244	1573	18.0718
ERR13927339.28245	1559	16.9763
ERR13927339.28246	1617	18.7854
ERR13927339.28247	1568	19.1728
ERR13927339.28248	1570	17.7529
ERR13927339.28249	1574	18.2624
ERR13927339.28250	1584	20.3668
ERR13927339.28251	1550	17.3710
ERR13927339.28252	1572	19.1953
ERR13927339.28253	1632	19.8756
ERR13927339.28254	1558	18.5469
ERR13927339.28255	1513	16.0007
ERR13927339.28256	1607	21.1276
ERR13927339.28257	1570	18.0389
ERR13927339.28258	1554	18.8198
ERR13927339.28259	1555	20.2437
ERR13927339.28260	1575	17.4514
ERR13927339.28261	1555	19.5466
ERR13927339.28262	1578	20.2275
ERR13927339.28263	1595	14.9110
ERR13927339.28264	1572	17.5115
ERR13927339.28265	1572	20.5401
ERR13927339.28266	1597	19.1828
ERR13927339.28267	1598	19.9387
ERR13927339.28268	1582	18.1941
ERR13927339.28269	1553	18.2466
ERR13927339.28270	1592	19.9912
ERR13927339.28271	1572	18.8467
ERR13927339.28272	1567	18.5227
ERR13927339.28273	1588	19.3401
ERR13927339.28274	1581	20.4548
ERR13927339.28275	1582	20.3641
ERR13927339.28276	1554	17.6358
ERR13927339.28277	1549	14.1943
ERR13927339.28278	1556	18.9524
ERR13927339.28279	1583	15.7991
ERR13927339.28280	1565	16.2345
ERR13927339.28281	1565	17.3642
ERR13927339.28282	1186	15.5624
ERR13927339.28283	1549	14.8089
ERR13927339.28284	1578	15.0108
ERR13927339.28285	1583	20.4807
ERR13927339.28286	1987	15.6044
ERR13927339.28287	1553	19.5119
ERR13927339.28288	1609	17.6209
ERR13927339.28289	1586	17.3947
ERR13927339.28290	1559	16.1046
ERR13927339.28291	1540	18.9623
ERR13927339.28292	785	16.3274
ERR13927339.28293	1563	16.1184
ERR13927339.28294	1536	18.6237
ERR13927339.28295	1539	15.1592
ERR13927339.28296	1563	20.4063
ERR13927339.28297	1588	18.1814
ERR13927339.28298	1230	16.4455
ERR13927339.28299	1557	17.4502
ERR13927339.28300	1580	21.1563
ERR13927339.28301	1569	19.5558
ERR13927339.28302	228	19.4079
ERR13927339.28303	1564	21.5774
ERR13927339.28304	1556	19.5199
ERR13927339.28305	1586	17.5958
ERR13927339.28306	1565	19.1355
ERR13927339.28307	1608	21.5796
ERR13927339.28308	1530	18.8118
ERR13927339.28309	1561	20.5240
ERR13927339.28310	1548	19.8727
ERR13927339.28311	1579	19.2565
ERR13927339.28312	1532	16.6749
ERR13927339.28313	1574	19.8990
ERR13927339.28314	555	14.8721
ERR13927339.28315	1577	18.6779
ERR13927339.28316	1505	17.9449
ERR13927339.28317	1570	17.6841
ERR13927339.28318	1547	19.7835
ERR13927339.28319	1577	16.8193
ERR13927339.28320	1565	21.0211
ERR13927339.28321	1562	19.9802
ERR13927339.28322	1581	18.7894
ERR13927339.28323	1570	19.9981
ERR13927339.28324	1549	19.0349
ERR13927339.28325	1598	19.9831
ERR13927339.28326	1607	21.5856
ERR13927339.28327	1610	21.2484
ERR13927339.28328	326	17.0368
ERR13927339.28329	1576	20.7881
ERR13927339.28330	1576	20.5381
ERR13927339.28331	1582	20.0796
ERR13927339.28332	1529	17.4689
ERR13927339.28333	1532	18.6971
ERR13927339.28334	1538	18.4161
ERR13927339.28335	1339	20.4182
ERR13927339.28336	967	13.7653
ERR13927339.28337	1598	15.5557
ERR13927339.28338	1556	17.6215
ERR13927339.28339	1568	20.5128
ERR13927339.28340	1577	20.8935
ERR13927339.28341	1631	18.8847
ERR13927339.28342	1616	18.9356
ERR13927339.28343	1585	19.1262
ERR13927339.28344	1572	15.6622
ERR13927339.28345	1575	17.3949
ERR13927339.28346	1561	18.0839
ERR13927339.28347	1571	16.6626
ERR13927339.28348	1548	21.1841
ERR13927339.28349	1586	20.4407
ERR13927339.28350	1572	20.2608
ERR13927339.28351	1571	21.8530
ERR13927339.28352	1614	17.3860
ERR13927339.28353	1604	18.5299
ERR13927339.28354	1610	18.4186
ERR13927339.28355	1539	18.7258
ERR13927339.28356	1531	17.4285
ERR13927339.28357	1528	16.5589
ERR13927339.28358	1612	16.2909
ERR13927339.28359	1586	19.7762
ERR13927339.28360	1567	17.9745
ERR13927339.28361	1591	19.6556
ERR13927339.28362	1573	15.2746
ERR13927339.28363	1575	20.5232
ERR13927339.28364	1621	19.0160
ERR13927339.28365	1552	21.4626
ERR13927339.28366	1619	17.8104
ERR13927339.28367	1559	14.7870
ERR13927339.28368	1567	16.1608
ERR13927339.28369	1554	22.0894
ERR13927339.28370	1595	17.2157
ERR13927339.28371	1634	17.9945
ERR13927339.28372	1605	19.5788
ERR13927339.28373	1581	19.7533
ERR13927339.28374	1573	19.2473
ERR13927339.28375	1600	19.4319
ERR13927339.28376	1559	17.1546
ERR13927339.28377	1573	20.0114
ERR13927339.28378	1575	19.5048
ERR13927339.28379	1570	19.0000
ERR13927339.28380	1568	18.3686
ERR13927339.28381	1561	16.1108
ERR13927339.28382	1569	19.5704
ERR13927339.28383	1557	16.0186
ERR13927339.28384	1587	15.0662
ERR13927339.28385	1582	19.3881
ERR13927339.28386	1569	18.9363
ERR13927339.28387	1553	14.7392
ERR13927339.28388	1515	16.5314
ERR13927339.28389	1568	15.9802
ERR13927339.28390	1515	16.5096
ERR13927339.28391	1572	16.2214
ERR13927339.28392	1565	20.1859
ERR13927339.28393	1559	17.2784
ERR13927339.28394	1540	19.8519
ERR13927339.28395	1578	17.5919
ERR13927339.28396	1572	17.6622
ERR13927339.28397	1565	19.6786
ERR13927339.28398	1579	18.7954
ERR13927339.28399	1555	19.2592
ERR13927339.28400	1594	16.4768
ERR13927339.28401	1591	18.0541
ERR13927339.28402	1547	15.2120
ERR13927339.28403	1564	20.1375
ERR13927339.28404	1124	16.8861
ERR13927339.28405	1551	18.5822
ERR13927339.28406	1615	19.8341
ERR13927339.28407	1580	19.5905
ERR13927339.28408	1590	16.1547
ERR13927339.28409	1562	21.7971
ERR13927339.28410	1571	21.0006
ERR13927339.28411	1591	17.4016
ERR13927339.28412	1572	16.9714
ERR13927339.28413	1585	20.5937
ERR13927339.28414	1576	19.9949
ERR13927339.28415	1571	19.8326
ERR13927339.28416	1575	19.3251
ERR13927339.28417	1586	15.6444
ERR13927339.28418	1584	22.0593
ERR13927339.28419	1551	16.2650
ERR13927339.28420	1814	18.0502
ERR13927339.28421	1603	15.4317
ERR13927339.28422	1549	17.4009
ERR13927339.28423	1554	18.3333
ERR13927339.28424	1572	19.2767
ERR13927339.28425	1581	21.7596
ERR13927339.28426	1593	17.2078
ERR13927339.28427	1562	21.1876
ERR13927339.28428	1588	19.3312
ERR13927339.28429	1584	18.3037
ERR13927339.28430	1577	18.0260
ERR13927339.28431	1578	15.4455
ERR13927339.28432	1583	17.6134
ERR13927339.28433	1544	15.4139
ERR13927339.28434	1552	16.4323
ERR13927339.28435	1569	19.8885
ERR13927339.28436	1592	19.8731
ERR13927339.28437	1586	14.3235
ERR13927339.28438	1562	15.5198
ERR13927339.28439	1575	16.2724
ERR13927339.28440	1566	20.0236
ERR13927339.28441	634	17.4416
ERR13927339.28442	1562	19.0090
ERR13927339.28443	1542	14.7198
ERR13927339.28444	1557	20.3468
ERR13927339.28445	1583	21.2173
ERR13927339.28446	1564	21.7340
ERR13927339.28447	1565	19.7412
ERR13927339.28448	1555	17.7646
ERR13927339.28449	1364	19.2830
ERR13927339.28450	1586	20.0517
ERR13927339.28451	1585	19.3785
ERR13927339.28452	1581	21.2492
ERR13927339.28453	1541	17.7774
ERR13927339.28454	1593	21.2028
ERR13927339.28455	1573	18.0496
ERR13927339.28456	1561	19.1871
ERR13927339.28457	1578	19.4411
ERR13927339.28458	1565	15.7438
ERR13927339.28459	1561	16.4978
ERR13927339.28460	1557	14.9441
ERR13927339.28461	1579	19.4788
ERR13927339.28462	1590	19.8824
ERR13927339.28463	1557	21.1400
ERR13927339.28464	1627	17.1346
ERR13927339.28465	1561	17.8687
ERR13927339.28466	1565	14.6524
ERR13927339.28467	1592	18.7337
ERR13927339.28468	711	21.6835
ERR13927339.28469	1573	18.3147
ERR13927339.28470	1546	17.5990
ERR13927339.28471	1596	20.3741
ERR13927339.28472	1577	18.8941
ERR13927339.28473	1565	17.4204
ERR13927339.28474	1555	22.0309
ERR13927339.28475	1585	19.1609
ERR13927339.28476	1573	19.4609
ERR13927339.28477	1571	14.4927
ERR13927339.28478	1561	18.1441
ERR13927339.28479	1602	19.1404
ERR13927339.28480	1495	15.4783
ERR13927339.28481	1599	18.1432
ERR13927339.28482	1572	20.7990
ERR13927339.28483	1557	17.7091
ERR13927339.28484	1556	15.2159
ERR13927339.28485	1556	20.5443
ERR13927339.28486	1580	19.1241
ERR13927339.28487	1563	18.5099
ERR13927339.28488	1577	18.0323
ERR13927339.28489	1573	20.5251
ERR13927339.28490	1560	18.7058
ERR13927339.28491	252	18.2381
ERR13927339.28492	1590	19.4082
ERR13927339.28493	1562	18.4930
ERR13927339.28494	1572	19.5929
ERR13927339.28495	1557	17.3732
ERR13927339.28496	1621	19.9210
ERR13927339.28497	1546	19.7471
ERR13927339.28498	1604	17.7556
ERR13927339.28499	1602	16.9007
ERR13927339.28500	1604	16.8061
ERR13927339.28501	1553	18.9511
ERR13927339.28502	1587	19.3592
ERR13927339.28503	1559	21.0686
ERR13927339.28504	1608	16.8694
ERR13927339.28505	1582	21.5506
ERR13927339.28506	1587	20.6452
ERR13927339.28507	1578	18.2978
ERR13927339.28508	1551	17.2573
ERR13927339.28509	1579	15.7733
ERR13927339.28510	1545	19.3249
ERR13927339.28511	1550	17.2632
ERR13927339.28512	1588	21.6278
ERR13927339.28513	1613	16.6863
ERR13927339.28514	1582	20.7876
ERR13927339.28515	1560	14.5571
ERR13927339.28516	1538	19.8966
ERR13927339.28517	1602	19.7116
ERR13927339.28518	1570	20.4949
ERR13927339.28519	1610	16.1497
ERR13927339.28520	1597	19.2686
ERR13927339.28521	1595	18.9003
ERR13927339.28522	1586	21.3625
ERR13927339.28523	1582	20.0651
ERR13927339.28524	1599	14.6998
ERR13927339.28525	1573	20.8741
ERR13927339.28526	1591	14.8818
ERR13927339.28527	1601	19.4816
ERR13927339.28528	1601	20.6396
ERR13927339.28529	1573	21.9263
ERR13927339.28530	1518	18.7991
ERR13927339.28531	1569	18.2970
ERR13927339.28532	1573	19.1310
ERR13927339.28533	1576	18.3915
ERR13927339.28534	1572	19.8766
ERR13927339.28535	1631	20.1404
ERR13927339.28536	1575	21.8057
ERR13927339.28537	1580	21.3367
ERR13927339.28538	1603	17.8122
ERR13927339.28539	1573	18.0973
ERR13927339.28540	693	19.1962
ERR13927339.28541	1598	19.9174
ERR13927339.28542	1522	18.1143
ERR13927339.28543	1575	19.2114
ERR13927339.28544	1588	20.2909
ERR13927339.28545	1578	18.5165
ERR13927339.28546	1546	18.0802
ERR13927339.28547	1560	17.4538
ERR13927339.28548	1575	20.3994
ERR13927339.28549	1543	14.7654
ERR13927339.28550	1571	16.0452
ERR13927339.28551	1635	18.4024
ERR13927339.28552	1584	20.2519
ERR13927339.28553	1557	17.7155
ERR13927339.28554	1566	19.8423
ERR13927339.28555	1549	19.7121
ERR13927339.28556	1583	18.6380
ERR13927339.28557	1594	20.8896
ERR13927339.28558	1608	16.8371
ERR13927339.28559	1520	15.3546
ERR13927339.28560	1571	16.3234
ERR13927339.28561	1567	17.1997
ERR13927339.28562	1569	17.8980
ERR13927339.28563	1557	16.5132
ERR13927339.28564	1511	14.5056
ERR13927339.28565	1583	20.6166
ERR13927339.28566	1567	20.0160
ERR13927339.28567	1531	18.6368
ERR13927339.28568	1574	16.4257
ERR13927339.28569	1641	18.4430
ERR13927339.28570	1553	19.0631
ERR13927339.28571	305	16.0557
ERR13927339.28572	1573	19.3484
ERR13927339.28573	1330	19.9752
ERR13927339.28574	1586	20.3922
ERR13927339.28575	1578	18.6515
ERR13927339.28576	1582	15.7250
ERR13927339.28577	1562	20.4213
ERR13927339.28578	1610	18.0919
ERR13927339.28579	1600	18.1025
ERR13927339.28580	405	19.0074
ERR13927339.28581	1597	15.0000
ERR13927339.28582	1558	18.2741
ERR13927339.28583	1596	20.7550
ERR13927339.28584	1579	21.6447
ERR13927339.28585	1577	19.9772
ERR13927339.28586	1565	19.3655
ERR13927339.28587	1574	19.0445
ERR13927339.28588	1613	16.7235
ERR13927339.28589	1571	17.7110
ERR13927339.28590	1572	16.2398
ERR13927339.28591	1567	18.3535
ERR13927339.28592	447	15.6398
ERR13927339.28593	1590	19.9302
ERR13927339.28594	1583	15.9551
ERR13927339.28595	1573	17.4755
ERR13927339.28596	1557	17.4316
ERR13927339.28597	1605	19.1464
ERR13927339.28598	1621	19.3294
ERR13927339.28599	1568	16.8992
ERR13927339.28600	1619	20.6356
ERR13927339.28601	1616	20.2624
ERR13927339.28602	1533	14.7149
ERR13927339.28603	1557	18.1419
ERR13927339.28604	1592	21.7318
ERR13927339.28605	1565	16.9815
ERR13927339.28606	1676	17.0018
ERR13927339.28607	1567	15.8985
ERR13927339.28608	1573	19.6167
ERR13927339.28609	1556	14.4961
ERR13927339.28610	1566	19.3716
ERR13927339.28611	1581	19.4231
ERR13927339.28612	1529	15.2348
ERR13927339.28613	1565	17.6581
ERR13927339.28614	1565	19.1974
ERR13927339.28615	1525	16.6623
ERR13927339.28616	1600	16.6381
ERR13927339.28617	1533	17.9322
ERR13927339.28618	1597	20.4815
ERR13927339.28619	1563	16.2764
ERR13927339.28620	1575	19.2019
ERR13927339.28621	1149	17.5196
ERR13927339.28622	1568	19.8374
ERR13927339.28623	942	18.7463
ERR13927339.28624	1574	18.7814
ERR13927339.28625	1529	16.1517
ERR13927339.28626	1588	18.8489
ERR13927339.28627	1550	16.2884
ERR13927339.28628	1568	16.8992
ERR13927339.28629	1582	18.2453
ERR13927339.28630	1556	18.4055
ERR13927339.28631	1544	17.6839
ERR13927339.28632	1566	17.7778
ERR13927339.28633	1560	19.2019
ERR13927339.28634	1580	21.0323
ERR13927339.28635	1599	18.1107
ERR13927339.28636	1613	18.1507
ERR13927339.28637	1578	20.1578
ERR13927339.28638	1550	20.6671
ERR13927339.28639	1641	20.5314
ERR13927339.28640	1588	16.9446
ERR13927339.28641	1560	16.8731
ERR13927339.28642	1576	21.3731
ERR13927339.28643	1589	16.4323
ERR13927339.28644	1624	22.2882
ERR13927339.28645	1551	17.0522
ERR13927339.28646	1567	19.5418
ERR13927339.28647	1563	18.5637
ERR13927339.28648	1572	19.3257
ERR13927339.28649	1570	18.6000
ERR13927339.28650	1583	17.4580
ERR13927339.28651	1562	19.0410
ERR13927339.28652	1569	17.5277
ERR13927339.28653	1568	20.6499
ERR13927339.28654	1621	19.1308
ERR13927339.28655	1612	20.4287
ERR13927339.28656	1585	18.3369
ERR13927339.28657	1596	20.0232
ERR13927339.28658	1583	20.8951
ERR13927339.28659	1580	16.2335
ERR13927339.28660	1563	18.0397
ERR13927339.28661	1576	19.2824
ERR13927339.28662	1551	14.3681
ERR13927339.28663	1561	16.7399
ERR13927339.28664	1590	21.6340
ERR13927339.28665	1568	15.2411
ERR13927339.28666	1577	17.9112
ERR13927339.28667	1563	21.9782
ERR13927339.28668	1602	19.5861
ERR13927339.28669	1554	20.4775
ERR13927339.28670	1563	16.4754
ERR13927339.28671	1577	19.9937
ERR13927339.28672	1569	19.5271
ERR13927339.28673	1578	18.7915
ERR13927339.28674	1604	17.8242
ERR13927339.28675	1523	16.1313
ERR13927339.28676	1557	17.9216
ERR13927339.28677	1566	17.4719
ERR13927339.28678	1553	19.4585
ERR13927339.28679	1564	20.5914
ERR13927339.28680	1568	18.0912
ERR13927339.28681	1603	19.4885
ERR13927339.28682	1586	18.4035
ERR13927339.28683	1535	16.5752
ERR13927339.28684	1567	16.5986
ERR13927339.28685	1577	20.2143
ERR13927339.28686	1588	18.6492
ERR13927339.28687	1520	17.2974
ERR13927339.28688	1576	17.3566
ERR13927339.28689	1579	19.1191
ERR13927339.28690	1547	18.9050
ERR13927339.28691	1565	19.4990
ERR13927339.28692	1585	16.9394
ERR13927339.28693	1653	18.1077
ERR13927339.28694	1554	18.4356
ERR13927339.28695	1588	19.6373
ERR13927339.28696	1591	18.7410
ERR13927339.28697	1609	17.7993
ERR13927339.28698	1588	18.6524
ERR13927339.28699	1606	19.9664
ERR13927339.28700	1605	17.2474
ERR13927339.28701	1559	16.4727
ERR13927339.28702	1554	16.5579
ERR13927339.28703	1589	19.1901
ERR13927339.28704	1599	19.6998
ERR13927339.28705	1552	20.0509
ERR13927339.28706	1575	20.4292
ERR13927339.28707	1566	18.6501
ERR13927339.28708	1589	16.0755
ERR13927339.28709	1574	20.1779
ERR13927339.28710	1576	16.7602
ERR13927339.28711	1584	17.9129
ERR13927339.28712	1599	18.4284
ERR13927339.28713	1557	19.2492
ERR13927339.28714	1617	16.4855
ERR13927339.28715	1595	19.6276
ERR13927339.28716	1577	18.3722
ERR13927339.28717	1539	19.1254
ERR13927339.28718	1578	15.1299
ERR13927339.28719	1574	19.7567
ERR13927339.28720	1573	21.7127
ERR13927339.28721	1561	20.3754
ERR13927339.28722	1545	15.3146
ERR13927339.28723	1613	19.0211
ERR13927339.28724	1577	20.9746
ERR13927339.28725	1558	17.5873
ERR13927339.28726	1614	19.1945
ERR13927339.28727	1577	21.4280
ERR13927339.28728	1555	22.3666
ERR13927339.28729	1551	16.3598
ERR13927339.28730	1610	18.2832
ERR13927339.28731	1569	16.6170
ERR13927339.28732	1584	15.9912
ERR13927339.28733	1599	15.9218
ERR13927339.28734	1580	20.8481
ERR13927339.28735	1591	18.6952
ERR13927339.28736	1121	17.2221
ERR13927339.28737	1558	17.5565
ERR13927339.28738	1568	18.5472
ERR13927339.28739	1581	20.7236
ERR13927339.28740	1575	21.2508
ERR13927339.28741	1587	20.9181
ERR13927339.28742	1568	20.7851
ERR13927339.28743	1571	14.9835
ERR13927339.28744	1558	17.4897
ERR13927339.28745	1569	19.0605
ERR13927339.28746	1567	17.8015
ERR13927339.28747	1597	17.1741
ERR13927339.28748	1615	19.3604
ERR13927339.28749	1606	18.9303
ERR13927339.28750	1586	16.2604
ERR13927339.28751	1591	16.4607
ERR13927339.28752	1541	14.8592
ERR13927339.28753	745	16.6174
ERR13927339.28754	1557	19.8593
ERR13927339.28755	1600	21.2475
ERR13927339.28756	1580	21.5323
ERR13927339.28757	1588	19.7179
ERR13927339.28758	1554	16.2780
ERR13927339.28759	1602	16.1529
ERR13927339.28760	1626	21.0074
ERR13927339.28761	1580	18.0506
ERR13927339.28762	1589	21.8678
ERR13927339.28763	1550	18.2348
ERR13927339.28764	1562	18.7868
ERR13927339.28765	1594	18.7917
ERR13927339.28766	1570	17.9261
ERR13927339.28767	1562	17.7542
ERR13927339.28768	1564	20.4879
ERR13927339.28769	1593	19.0301
ERR13927339.28770	1588	22.0623
ERR13927339.28771	1469	17.3996
ERR13927339.28772	1292	20.6161
ERR13927339.28773	1611	20.1614
ERR13927339.28774	1600	18.8938
ERR13927339.28775	1280	19.5320
ERR13927339.28776	1581	17.6237
ERR13927339.28777	1593	21.0640
ERR13927339.28778	1574	20.4898
ERR13927339.28779	1562	20.3764
ERR13927339.28780	1555	17.8000
ERR13927339.28781	1561	20.6714
ERR13927339.28782	1624	19.6170
ERR13927339.28783	1567	20.7256
ERR13927339.28784	1580	18.6778
ERR13927339.28785	1628	20.3753
ERR13927339.28786	1560	19.4590
ERR13927339.28787	1617	19.5139
ERR13927339.28788	1585	14.0915
ERR13927339.28789	1517	15.1404
ERR13927339.28790	1579	16.3135
ERR13927339.28791	1542	17.7827
ERR13927339.28792	1567	16.6101
ERR13927339.28793	1588	15.7758
ERR13927339.28794	1289	17.1854
ERR13927339.28795	1558	15.5988
ERR13927339.28796	1702	19.4935
ERR13927339.28797	1561	15.7546
ERR13927339.28798	1561	17.8860
ERR13927339.28799	1557	20.4900
ERR13927339.28800	1603	18.7105
ERR13927339.28801	1578	20.0817
ERR13927339.28802	1586	15.5467
ERR13927339.28803	1601	20.0206
ERR13927339.28804	1598	17.9681
ERR13927339.28805	1559	17.5048
ERR13927339.28806	1572	18.2525
ERR13927339.28807	1572	21.4917
ERR13927339.28808	1581	18.1233
ERR13927339.28809	1489	15.4332
ERR13927339.28810	1571	21.8491
ERR13927339.28811	1589	17.1668
ERR13927339.28812	1618	20.1724
ERR13927339.28813	1565	20.3949
ERR13927339.28814	1593	15.3283
ERR13927339.28815	1729	18.3141
ERR13927339.28816	1553	15.5068
ERR13927339.28817	1580	16.9576
ERR13927339.28818	1581	20.2201
ERR13927339.28819	1172	18.2167
ERR13927339.28820	1571	19.6862
ERR13927339.28821	1566	15.7918
ERR13927339.28822	1595	16.4326
ERR13927339.28823	1670	18.8928
ERR13927339.28824	358	17.3827
ERR13927339.28825	1582	16.9381
ERR13927339.28826	1538	19.7529
ERR13927339.28827	1587	19.0926
ERR13927339.28828	1554	17.5405
ERR13927339.28829	1586	19.9691
ERR13927339.28830	1517	17.9651
ERR13927339.28831	1529	17.3630
ERR13927339.28832	1587	17.9912
ERR13927339.28833	1594	18.9523
ERR13927339.28834	1610	19.2578
ERR13927339.28835	1567	18.5456
ERR13927339.28836	1567	15.0842
ERR13927339.28837	1569	17.2135
ERR13927339.28838	1583	19.2584
ERR13927339.28839	1596	15.6673
ERR13927339.28840	1572	20.4663
ERR13927339.28841	1492	13.4410
ERR13927339.28842	1533	16.9785
ERR13927339.28843	1569	20.0765
ERR13927339.28844	1544	20.9663
ERR13927339.28845	259	14.8649
ERR13927339.28846	1590	19.1277
ERR13927339.28847	1584	15.0208
ERR13927339.28848	1581	15.3460
ERR13927339.28849	1583	15.3784
ERR13927339.28850	1590	18.7836
ERR13927339.28851	1557	20.7341
ERR13927339.28852	1564	17.0166
ERR13927339.28853	1617	14.8936
ERR13927339.28854	1615	17.4111
ERR13927339.28855	1576	21.3655
ERR13927339.28856	1574	18.1518
ERR13927339.28857	1616	20.1931
ERR13927339.28858	1556	20.0244
ERR13927339.28859	1565	20.0262
ERR13927339.28860	1600	18.4656
ERR13927339.28861	1562	18.8099
ERR13927339.28862	1614	19.9269
ERR13927339.28863	1574	19.8767
ERR13927339.28864	1579	15.6808
ERR13927339.28865	1585	20.6997
ERR13927339.28866	1546	18.3726
ERR13927339.28867	1568	23.0064
ERR13927339.28868	1576	19.5641
ERR13927339.28869	1561	20.7822
ERR13927339.28870	1594	15.4498
ERR13927339.28871	1554	16.1300
ERR13927339.28872	1571	20.1025
ERR13927339.28873	1574	16.7306
ERR13927339.28874	1562	19.8732
ERR13927339.28875	1566	20.7561
ERR13927339.28876	1576	20.1497
ERR13927339.28877	1562	21.4603
ERR13927339.28878	1550	17.4071
ERR13927339.28879	314	15.9140
ERR13927339.28880	1596	19.0827
ERR13927339.28881	1570	18.2580
ERR13927339.28882	1597	20.5291
ERR13927339.28883	1512	17.0721
ERR13927339.28884	1549	17.9593
ERR13927339.28885	1568	16.3138
ERR13927339.28886	1565	18.2288
ERR13927339.28887	1542	15.8619
ERR13927339.28888	1679	17.2204
ERR13927339.28889	1565	15.6569
ERR13927339.28890	1630	17.6104
ERR13927339.28891	1619	20.5263
ERR13927339.28892	1442	19.4674
ERR13927339.28893	1541	17.7651
ERR13927339.28894	1567	16.6860
ERR13927339.28895	1580	19.1000
ERR13927339.28896	415	19.0120
ERR13927339.28897	1610	19.1348
ERR13927339.28898	1029	15.6599
ERR13927339.28899	1531	19.5833
ERR13927339.28900	1561	18.3901
ERR13927339.28901	1606	17.9408
ERR13927339.28902	1579	14.7486
ERR13927339.28903	1575	18.8235
ERR13927339.28904	1571	18.0560
ERR13927339.28905	1566	17.9777
ERR13927339.28906	1606	20.2347
ERR13927339.28907	1555	16.0219
ERR13927339.28908	1578	18.0482
ERR13927339.28909	1568	17.5446
ERR13927339.28910	1576	20.6777
ERR13927339.28911	1578	20.3999
ERR13927339.28912	1541	15.5204
ERR13927339.28913	1593	20.2436
ERR13927339.28914	1567	21.4518
ERR13927339.28915	1548	17.0891
ERR13927339.28916	1560	15.5321
ERR13927339.28917	1350	20.4541
ERR13927339.28918	1591	20.5594
ERR13927339.28919	1557	17.1156
ERR13927339.28920	1675	18.8937
ERR13927339.28921	1666	21.0612
ERR13927339.28922	1627	16.5206
ERR13927339.28923	1550	17.8213
ERR13927339.28924	1556	15.3721
ERR13927339.28925	1554	18.9003
ERR13927339.28926	1573	16.8703
ERR13927339.28927	1583	20.0133
ERR13927339.28928	1593	19.8569
ERR13927339.28929	1552	19.2133
ERR13927339.28930	1984	18.7802
ERR13927339.28931	1548	15.8301
ERR13927339.28932	1610	16.4248
ERR13927339.28933	1462	20.1751
ERR13927339.28934	1601	17.9875
ERR13927339.28935	1575	19.1333
ERR13927339.28936	1566	20.3123
ERR13927339.28937	1563	20.1855
ERR13927339.28938	1528	16.8298
ERR13927339.28939	1607	14.8052
ERR13927339.28940	1578	18.2452
ERR13927339.28941	1584	19.2633
ERR13927339.28942	1570	20.8083
ERR13927339.28943	1598	18.7685
ERR13927339.28944	1565	16.2383
ERR13927339.28945	1591	18.2948
ERR13927339.28946	1607	19.8345
ERR13927339.28947	1624	17.7531
ERR13927339.28948	1524	14.2264
ERR13927339.28949	1561	16.4209
ERR13927339.28950	1561	17.4183
ERR13927339.28951	1581	16.6262
ERR13927339.28952	1559	16.9211
ERR13927339.28953	1564	17.4744
ERR13927339.28954	1591	19.8963
ERR13927339.28955	1561	17.3479
ERR13927339.28956	1589	18.8754
ERR13927339.28957	1592	20.4070
ERR13927339.28958	1586	17.6721
ERR13927339.28959	1569	18.8955
ERR13927339.28960	1546	14.5362
ERR13927339.28961	1555	14.7704
ERR13927339.28962	1664	21.5799
ERR13927339.28963	1601	17.0194
ERR13927339.28964	1567	20.7077
ERR13927339.28965	1566	21.2625
ERR13927339.28966	1545	18.8382
ERR13927339.28967	1583	20.0935
ERR13927339.28968	1542	14.8482
ERR13927339.28969	1540	15.7617
ERR13927339.28970	1579	16.5288
ERR13927339.28971	1603	16.5022
ERR13927339.28972	1583	18.6589
ERR13927339.28973	1564	17.1247
ERR13927339.28974	1673	17.0000
ERR13927339.28975	1601	17.3579
ERR13927339.28976	1567	20.4959
ERR13927339.28977	1578	17.3688
ERR13927339.28978	1589	21.2480
ERR13927339.28979	1596	20.3734
ERR13927339.28980	1549	17.2331
ERR13927339.28981	1563	16.7761
ERR13927339.28982	1572	14.8480
ERR13927339.28983	413	20.0605
ERR13927339.28984	1532	14.2709
ERR13927339.28985	1558	17.2920
ERR13927339.28986	1555	20.2064
ERR13927339.28987	1575	18.8038
ERR13927339.28988	1574	18.3374
ERR13927339.28989	1502	13.8822
ERR13927339.28990	1617	20.1664
ERR13927339.28991	1564	16.5134
ERR13927339.28992	1542	16.2802
ERR13927339.28993	1549	17.4732
ERR13927339.28994	1601	19.6465
ERR13927339.28995	1582	21.4709
ERR13927339.28996	1564	22.2992
ERR13927339.28997	1558	15.6117
ERR13927339.28998	1550	17.4471
ERR13927339.28999	1607	16.0716
ERR13927339.29000	1616	17.7611
ERR13927339.29001	3237	18.6509
ERR13927339.29002	1565	20.8141
ERR13927339.29003	1589	14.2750
ERR13927339.29004	1584	21.5436
ERR13927339.29005	1565	18.1904
ERR13927339.29006	1565	18.3546
ERR13927339.29007	1566	17.7842
ERR13927339.29008	1562	18.1997
ERR13927339.29009	1567	16.3982
ERR13927339.29010	1537	18.5869
ERR13927339.29011	1541	18.8215
ERR13927339.29012	1573	14.4615
ERR13927339.29013	1571	18.0146
ERR13927339.29014	1676	19.6879
ERR13927339.29015	1617	20.1831
ERR13927339.29016	1543	16.4303
ERR13927339.29017	1565	14.0441
ERR13927339.29018	1590	18.9616
ERR13927339.29019	1576	16.7341
ERR13927339.29020	1560	17.1436
ERR13927339.29021	1586	18.6185
ERR13927339.29022	1581	20.0398
ERR13927339.29023	1528	16.0007
ERR13927339.29024	337	17.3412
ERR13927339.29025	1519	16.9348
ERR13927339.29026	1598	19.0069
ERR13927339.29027	1597	16.8247
ERR13927339.29028	1558	18.0481
ERR13927339.29029	1591	17.8693
ERR13927339.29030	1577	18.7590
ERR13927339.29031	1582	17.1315
ERR13927339.29032	1568	18.3093
ERR13927339.29033	1491	21.1362
ERR13927339.29034	1588	20.2481
ERR13927339.29035	1563	19.0454
ERR13927339.29036	1613	16.9876
ERR13927339.29037	1546	20.6688
ERR13927339.29038	1535	14.6476
ERR13927339.29039	1614	18.4690
ERR13927339.29040	1584	20.2014
ERR13927339.29041	1410	14.9397
ERR13927339.29042	1621	19.1295
ERR13927339.29043	1596	18.4160
ERR13927339.29044	1563	19.1683
ERR13927339.29045	1600	14.0388
ERR13927339.29046	1558	18.4268
ERR13927339.29047	1575	21.6521
ERR13927339.29048	1552	19.5689
ERR13927339.29049	1455	14.7656
ERR13927339.29050	1583	20.7922
ERR13927339.29051	1552	15.2352
ERR13927339.29052	1570	18.8573
ERR13927339.29053	1623	19.4744
ERR13927339.29054	1614	19.3841
ERR13927339.29055	1562	15.4808
ERR13927339.29056	1574	15.8691
ERR13927339.29057	793	20.5019
ERR13927339.29058	1594	19.7723
ERR13927339.29059	1571	16.0089
ERR13927339.29060	1569	15.8642
ERR13927339.29061	1567	17.8411
ERR13927339.29062	1567	18.0249
ERR13927339.29063	1539	17.6680
ERR13927339.29064	1550	20.1477
ERR13927339.29065	1535	15.5935
ERR13927339.29066	1572	19.1387
ERR13927339.29067	1574	16.8780
ERR13927339.29068	1548	19.6686
ERR13927339.29069	1567	17.1091
ERR13927339.29070	1632	17.4645
ERR13927339.29071	1608	18.4776
ERR13927339.29072	1551	17.5280
ERR13927339.29073	1663	17.9868
ERR13927339.29074	1268	16.1798
ERR13927339.29075	1546	16.4411
ERR13927339.29076	1570	15.6643
ERR13927339.29077	1621	17.6064
ERR13927339.29078	1583	18.5224
ERR13927339.29079	1548	17.4477
ERR13927339.29080	1575	14.5429
ERR13927339.29081	1639	15.6467
ERR13927339.29082	1548	16.0620
ERR13927339.29083	1555	15.5498
ERR13927339.29084	1568	20.5606
ERR13927339.29085	1553	18.2299
ERR13927339.29086	1585	20.5603
ERR13927339.29087	1552	18.5348
ERR13927339.29088	1623	19.9433
ERR13927339.29089	1581	16.9545
ERR13927339.29090	1581	15.8444
ERR13927339.29091	1541	18.0753
ERR13927339.29092	1576	19.6072
ERR13927339.29093	1564	17.5659
ERR13927339.29094	1552	19.8383
ERR13927339.29095	1518	19.6581
ERR13927339.29096	1587	15.3806
ERR13927339.29097	1628	18.5197
ERR13927339.29098	1581	17.6534
ERR13927339.29099	1551	18.6422
ERR13927339.29100	1598	19.7672
ERR13927339.29101	1627	16.2569
ERR13927339.29102	1573	15.5505
ERR13927339.29103	1732	17.1039
ERR13927339.29104	1612	21.4200
ERR13927339.29105	1540	19.8000
ERR13927339.29106	1562	21.0749
ERR13927339.29107	1571	17.9994
ERR13927339.29108	1523	15.2088
ERR13927339.29109	1570	15.1675
ERR13927339.29110	1544	14.8368
ERR13927339.29111	1152	19.5608
ERR13927339.29112	1554	15.2323
ERR13927339.29113	1613	19.1978
ERR13927339.29114	1560	20.0404
ERR13927339.29115	1549	17.4952
ERR13927339.29116	1621	20.9895
ERR13927339.29117	1569	15.4965
ERR13927339.29118	1584	18.3775
ERR13927339.29119	1606	21.5019
ERR13927339.29120	1539	15.2391
ERR13927339.29121	1565	19.3137
ERR13927339.29122	1598	20.7528
ERR13927339.29123	1585	20.0467
ERR13927339.29124	1555	14.8251
ERR13927339.29125	1574	18.7745
ERR13927339.29126	1574	15.0997
ERR13927339.29127	1573	18.1252
ERR13927339.29128	1593	17.8073
ERR13927339.29129	1562	21.9795
ERR13927339.29130	754	17.4788
ERR13927339.29131	1579	20.7682
ERR13927339.29132	1587	21.0819
ERR13927339.29133	1605	21.3844
ERR13927339.29134	1569	16.7425
ERR13927339.29135	1631	19.3403
ERR13927339.29136	1536	15.5814
ERR13927339.29137	1592	19.4052
ERR13927339.29138	1597	19.4227
ERR13927339.29139	1531	19.6029
ERR13927339.29140	1586	20.2383
ERR13927339.29141	1470	20.1864
ERR13927339.29142	1604	17.8872
ERR13927339.29143	1559	16.3393
ERR13927339.29144	1535	19.3518
ERR13927339.29145	1593	20.9874
ERR13927339.29146	1533	15.3699
ERR13927339.29147	1555	17.8752
ERR13927339.29148	1624	19.6145
ERR13927339.29149	1567	18.5418
ERR13927339.29150	1538	16.6255
ERR13927339.29151	1561	20.0602
ERR13927339.29152	1628	17.7961
ERR13927339.29153	1561	18.8482
ERR13927339.29154	1589	18.7413
ERR13927339.29155	1571	16.0968
ERR13927339.29156	1594	17.1731
ERR13927339.29157	1566	22.2088
ERR13927339.29158	1547	16.0685
ERR13927339.29159	1536	16.6283
ERR13927339.29160	1604	19.5973
ERR13927339.29161	1565	14.4626
ERR13927339.29162	1573	20.4107
ERR13927339.29163	1571	22.6308
ERR13927339.29164	1607	23.5918
ERR13927339.29165	1551	16.2134
ERR13927339.29166	1596	17.5934
ERR13927339.29167	1567	16.7875
ERR13927339.29168	1552	17.9936
ERR13927339.29169	1594	20.3632
ERR13927339.29170	1530	18.7588
ERR13927339.29171	1568	17.2851
ERR13927339.29172	1558	19.0866
ERR13927339.29173	1623	18.5693
ERR13927339.29174	1541	15.4238
ERR13927339.29175	1602	19.3402
ERR13927339.29176	1539	15.6075
ERR13927339.29177	1545	19.9294
ERR13927339.29178	1809	20.1189
ERR13927339.29179	1533	16.2472
ERR13927339.29180	1597	20.4703
ERR13927339.29181	1562	16.9840
ERR13927339.29182	1586	14.2364
ERR13927339.29183	1563	16.2335
ERR13927339.29184	1557	14.8915
ERR13927339.29185	1583	16.8433
ERR13927339.29186	1559	19.2444
ERR13927339.29187	1567	16.4231
ERR13927339.29188	1582	20.1378
ERR13927339.29189	1550	18.2361
ERR13927339.29190	1597	20.2968
ERR13927339.29191	1551	17.5828
ERR13927339.29192	1595	15.2658
ERR13927339.29193	1568	19.4815
ERR13927339.29194	1579	20.3971
ERR13927339.29195	1555	16.5582
ERR13927339.29196	1560	19.8814
ERR13927339.29197	1573	18.8926
ERR13927339.29198	1603	20.8141
ERR13927339.29199	1583	16.2299
ERR13927339.29200	1579	19.3977
ERR13927339.29201	1592	18.3744
ERR13927339.29202	1562	18.6831
ERR13927339.29203	1590	19.3358
ERR13927339.29204	1564	20.4770
ERR13927339.29205	1575	20.2381
ERR13927339.29206	1585	19.7180
ERR13927339.29207	1614	20.4548
ERR13927339.29208	1563	15.3608
ERR13927339.29209	221	14.7240
ERR13927339.29210	1529	18.8489
ERR13927339.29211	1571	20.4723
ERR13927339.29212	1624	17.4403
ERR13927339.29213	1579	16.6694
ERR13927339.29214	1583	17.5085
ERR13927339.29215	1595	15.7793
ERR13927339.29216	1557	18.6185
ERR13927339.29217	1554	17.0779
ERR13927339.29218	1520	15.7888
ERR13927339.29219	1591	19.9466
ERR13927339.29220	1570	17.8191
ERR13927339.29221	1531	17.6682
ERR13927339.29222	1566	14.4872
ERR13927339.29223	1561	20.5669
ERR13927339.29224	881	16.2860
ERR13927339.29225	1611	18.3470
ERR13927339.29226	1459	14.9815
ERR13927339.29227	1553	17.1423
ERR13927339.29228	1619	19.7566
ERR13927339.29229	1569	18.5793
ERR13927339.29230	1594	18.0408
ERR13927339.29231	1582	19.4924
ERR13927339.29232	1570	18.8000
ERR13927339.29233	827	17.9202
ERR13927339.29234	1569	17.0669
ERR13927339.29235	324	18.0370
ERR13927339.29236	1593	14.3321
ERR13927339.29237	1565	16.1380
ERR13927339.29238	1122	20.1381
ERR13927339.29239	1570	19.7936
ERR13927339.29240	1624	18.7469
ERR13927339.29241	1560	15.9699
ERR13927339.29242	1585	15.1672
ERR13927339.29243	1581	17.4124
ERR13927339.29244	1566	18.6865
ERR13927339.29245	1612	17.8865
ERR13927339.29246	1538	18.7965
ERR13927339.29247	1582	18.1030
ERR13927339.29248	1457	15.8854
ERR13927339.29249	1547	17.2443
ERR13927339.29250	1574	19.7726
ERR13927339.29251	1567	19.9706
ERR13927339.29252	1588	18.6713
ERR13927339.29253	1604	18.1135
ERR13927339.29254	1566	16.3135
ERR13927339.29255	1617	19.2505
ERR13927339.29256	1563	20.5029
ERR13927339.29257	1582	18.1460
ERR13927339.29258	1541	18.1707
ERR13927339.29259	1576	16.2881
ERR13927339.29260	1564	17.5166
ERR13927339.29261	689	17.5617
ERR13927339.29262	1610	17.3410
ERR13927339.29263	1541	18.0286
ERR13927339.29264	1575	19.3486
ERR13927339.29265	1554	20.8404
ERR13927339.29266	1655	16.1486
ERR13927339.29267	1566	19.1079
ERR13927339.29268	1601	19.3042
ERR13927339.29269	1570	19.5274
ERR13927339.29270	1573	19.1430
ERR13927339.29271	1561	17.4689
ERR13927339.29272	1536	18.4069
ERR13927339.29273	1593	18.3471
ERR13927339.29274	1594	18.8607
ERR13927339.29275	1553	20.9317
ERR13927339.29276	1562	19.1204
ERR13927339.29277	1655	15.4326
ERR13927339.29278	1592	19.7908
ERR13927339.29279	1567	15.3976
ERR13927339.29280	1586	20.7377
ERR13927339.29281	1535	15.4651
ERR13927339.29282	1574	18.5546
ERR13927339.29283	1577	20.0032
ERR13927339.29284	1590	18.5119
ERR13927339.29285	1580	18.2285
ERR13927339.29286	1567	14.7524
ERR13927339.29287	3127	15.9661
ERR13927339.29288	1630	14.9939
ERR13927339.29289	1588	19.1599
ERR13927339.29290	1609	20.4375
ERR13927339.29291	1538	19.2497
ERR13927339.29292	1542	16.9838
ERR13927339.29293	1563	19.5061
ERR13927339.29294	1560	15.3122
ERR13927339.29295	1556	17.8316
ERR13927339.29296	1611	17.4649
ERR13927339.29297	1577	17.0786
ERR13927339.29298	1551	19.1496
ERR13927339.29299	1579	18.5579
ERR13927339.29300	1570	19.5350
ERR13927339.29301	1515	17.7980
ERR13927339.29302	1579	19.9899
ERR13927339.29303	1584	20.1698
ERR13927339.29304	1602	19.5687
ERR13927339.29305	1569	19.3818
ERR13927339.29306	1564	17.1004
ERR13927339.29307	1579	20.3477
ERR13927339.29308	1579	19.5415
ERR13927339.29309	1581	16.7552
ERR13927339.29310	1600	18.2312
ERR13927339.29311	1595	19.7530
ERR13927339.29312	1608	17.9876
ERR13927339.29313	1579	17.5928
ERR13927339.29314	1616	18.4245
ERR13927339.29315	1560	14.3737
ERR13927339.29316	1582	16.8268
ERR13927339.29317	1558	15.7516
ERR13927339.29318	1556	17.1986
ERR13927339.29319	1584	19.2917
ERR13927339.29320	1589	17.2404
ERR13927339.29321	1575	18.2908
ERR13927339.29322	1497	16.8697
ERR13927339.29323	1564	19.0550
ERR13927339.29324	1561	18.1909
ERR13927339.29325	1608	20.9795
ERR13927339.29326	1584	17.3295
ERR13927339.29327	1592	18.9271
ERR13927339.29328	1574	17.9352
ERR13927339.29329	1570	19.7631
ERR13927339.29330	1550	16.9381
ERR13927339.29331	1571	19.0013
ERR13927339.29332	1542	17.6920
ERR13927339.29333	1552	15.5245
ERR13927339.29334	1585	19.2082
ERR13927339.29335	1642	15.7722
ERR13927339.29336	1557	19.6230
ERR13927339.29337	1370	18.2241
ERR13927339.29338	1562	17.9898
ERR13927339.29339	1527	18.9522
ERR13927339.29340	1560	17.5859
ERR13927339.29341	1560	16.9071
ERR13927339.29342	1521	14.3044
ERR13927339.29343	1539	14.6537
ERR13927339.29344	1542	16.8807
ERR13927339.29345	1556	18.1645
ERR13927339.29346	1569	17.0433
ERR13927339.29347	1560	18.7340
ERR13927339.29348	1507	19.7472
ERR13927339.29349	1569	20.0720
ERR13927339.29350	1575	20.8743
ERR13927339.29351	1571	14.3832
ERR13927339.29352	1569	19.1963
ERR13927339.29353	1607	14.9745
ERR13927339.29354	1548	18.1260
ERR13927339.29355	1577	20.7280
ERR13927339.29356	1597	16.6650
ERR13927339.29357	1579	19.4820
ERR13927339.29358	1574	20.8259
ERR13927339.29359	1598	15.8711
ERR13927339.29360	1561	20.2197
ERR13927339.29361	1580	18.6405
ERR13927339.29362	1557	17.7026
ERR13927339.29363	1625	22.0203
ERR13927339.29364	1570	20.4401
ERR13927339.29365	1550	16.8774
ERR13927339.29366	1499	13.8853
ERR13927339.29367	1586	21.3991
ERR13927339.29368	1599	15.6473
ERR13927339.29369	1542	15.3392
ERR13927339.29370	1556	19.6530
ERR13927339.29371	1561	16.0199
ERR13927339.29372	1588	19.3873
ERR13927339.29373	1581	17.8672
ERR13927339.29374	1579	16.2540
ERR13927339.29375	1599	17.8662
ERR13927339.29376	1577	16.7857
ERR13927339.29377	1554	16.4582
ERR13927339.29378	1580	19.6722
ERR13927339.29379	1596	17.6610
ERR13927339.29380	1573	20.7699
ERR13927339.29381	1575	20.1829
ERR13927339.29382	1565	16.3706
ERR13927339.29383	1598	20.1145
ERR13927339.29384	1586	22.0895
ERR13927339.29385	663	15.9925
ERR13927339.29386	1567	20.6439
ERR13927339.29387	641	19.8565
ERR13927339.29388	1562	20.3470
ERR13927339.29389	1567	19.9745
ERR13927339.29390	623	18.9181
ERR13927339.29391	1610	19.6174
ERR13927339.29392	1544	17.2830
ERR13927339.29393	1538	18.7861
ERR13927339.29394	1585	17.5432
ERR13927339.29395	1573	20.8322
ERR13927339.29396	1615	18.4861
ERR13927339.29397	1576	20.3725
ERR13927339.29398	1572	19.6991
ERR13927339.29399	1571	20.1986
ERR13927339.29400	1581	16.4175
ERR13927339.29401	1538	16.2471
ERR13927339.29402	1572	19.6660
ERR13927339.29403	1590	16.9409
ERR13927339.29404	1234	19.1742
ERR13927339.29405	1533	15.5114
ERR13927339.29406	1543	15.9216
ERR13927339.29407	1571	16.3845
ERR13927339.29408	174	24.3908
ERR13927339.29409	1627	20.3835
ERR13927339.29410	1567	21.0919
ERR13927339.29411	1587	15.8922
ERR13927339.29412	1576	18.0305
ERR13927339.29413	1560	20.1083
ERR13927339.29414	1565	17.4709
ERR13927339.29415	229	15.4934
ERR13927339.29416	1599	21.4171
ERR13927339.29417	1554	16.4221
ERR13927339.29418	1568	16.9018
ERR13927339.29419	1582	21.4570
ERR13927339.29420	1598	19.1358
ERR13927339.29421	1624	18.1706
ERR13927339.29422	1593	19.2574
ERR13927339.29423	1580	16.9703
ERR13927339.29424	1563	19.6289
ERR13927339.29425	1548	15.8411
ERR13927339.29426	1557	20.2466
ERR13927339.29427	1518	17.0474
ERR13927339.29428	1543	21.9689
ERR13927339.29429	1571	19.1464
ERR13927339.29430	356	17.6264
ERR13927339.29431	1564	16.3587
ERR13927339.29432	1578	18.8226
ERR13927339.29433	1559	16.4015
ERR13927339.29434	1570	15.5707
ERR13927339.29435	1575	18.9333
ERR13927339.29436	1471	15.4874
ERR13927339.29437	1553	15.5969
ERR13927339.29438	1552	16.9034
ERR13927339.29439	1559	17.3361
ERR13927339.29440	1555	21.3904
ERR13927339.29441	1562	21.2042
ERR13927339.29442	1582	17.6555
ERR13927339.29443	1549	18.0142
ERR13927339.29444	1567	19.4952
ERR13927339.29445	1563	19.8637
ERR13927339.29446	1542	16.3645
ERR13927339.29447	1567	19.6445
ERR13927339.29448	1579	19.6966
ERR13927339.29449	203	16.4089
ERR13927339.29450	1582	18.1726
ERR13927339.29451	1575	18.8337
ERR13927339.29452	1581	17.8495
ERR13927339.29453	1549	18.9567
ERR13927339.29454	1596	19.8133
ERR13927339.29455	1608	19.0616
ERR13927339.29456	1567	17.3089
ERR13927339.29457	1591	18.3759
ERR13927339.29458	1557	19.8593
ERR13927339.29459	1559	18.6709
ERR13927339.29460	1552	16.7075
ERR13927339.29461	1597	16.8673
ERR13927339.29462	1539	19.6901
ERR13927339.29463	1589	17.8578
ERR13927339.29464	1558	19.6977
ERR13927339.29465	1548	20.0207
ERR13927339.29466	1564	19.2238
ERR13927339.29467	1505	16.5874
ERR13927339.29468	1580	18.3108
ERR13927339.29469	1605	17.4449
ERR13927339.29470	1563	20.9475
ERR13927339.29471	1569	19.1944
ERR13927339.29472	1587	20.6963
ERR13927339.29473	1585	20.2088
ERR13927339.29474	1591	20.2495
ERR13927339.29475	1586	20.5057
ERR13927339.29476	1551	16.6357
ERR13927339.29477	1483	21.2232
ERR13927339.29478	1571	20.7212
ERR13927339.29479	1583	15.8970
ERR13927339.29480	1566	17.3333
ERR13927339.29481	1535	14.7075
ERR13927339.29482	1554	18.8636
ERR13927339.29483	1588	18.5050
ERR13927339.29484	1576	17.7189
ERR13927339.29485	1575	21.0851
ERR13927339.29486	1598	20.6615
ERR13927339.29487	1622	19.1412
ERR13927339.29488	1570	19.8185
ERR13927339.29489	1629	18.8158
ERR13927339.29490	1597	19.0182
ERR13927339.29491	1608	19.9521
ERR13927339.29492	1613	15.2133
ERR13927339.29493	1556	18.1317
ERR13927339.29494	1584	15.7904
ERR13927339.29495	1618	20.1928
ERR13927339.29496	1556	18.6324
ERR13927339.29497	1574	17.5839
ERR13927339.29498	1618	17.7571
ERR13927339.29499	1317	16.2020
ERR13927339.29500	1606	19.7273
ERR13927339.29501	1583	19.6260
ERR13927339.29502	1559	20.3368
ERR13927339.29503	1607	21.6111
ERR13927339.29504	1605	19.6436
ERR13927339.29505	1472	20.1148
ERR13927339.29506	1558	20.5250
ERR13927339.29507	1566	15.8282
ERR13927339.29508	1577	18.4629
ERR13927339.29509	1609	16.0858
ERR13927339.29510	1581	19.9228
ERR13927339.29511	1479	17.4970
ERR13927339.29512	1551	18.2805
ERR13927339.29513	1576	15.8737
ERR13927339.29514	1538	17.5689
ERR13927339.29515	1565	19.8556
ERR13927339.29516	1597	16.2486
ERR13927339.29517	1580	18.2981
ERR13927339.29518	1619	19.3854
ERR13927339.29519	1536	16.1641
ERR13927339.29520	1577	21.3760
ERR13927339.29521	1614	15.4504
ERR13927339.29522	1586	17.5788
ERR13927339.29523	1567	17.3689
ERR13927339.29524	1583	20.4801
ERR13927339.29525	1568	16.1798
ERR13927339.29526	1632	18.6256
ERR13927339.29527	1550	21.5245
ERR13927339.29528	1667	17.1734
ERR13927339.29529	1591	17.1075
ERR13927339.29530	1577	18.8256
ERR13927339.29531	1643	17.8929
ERR13927339.29532	1588	15.9238
ERR13927339.29533	1613	19.1730
ERR13927339.29534	1613	20.9064
ERR13927339.29535	651	15.5484
ERR13927339.29536	1340	14.8179
ERR13927339.29537	1568	17.4955
ERR13927339.29538	1618	20.1588
ERR13927339.29539	671	18.1937
ERR13927339.29540	1634	20.9284
ERR13927339.29541	1608	17.7027
ERR13927339.29542	1565	20.2882
ERR13927339.29543	1590	21.2868
ERR13927339.29544	1557	15.9595
ERR13927339.29545	1574	20.2421
ERR13927339.29546	1589	15.1976
ERR13927339.29547	1597	19.2110
ERR13927339.29548	1549	16.5132
ERR13927339.29549	1550	13.5413
ERR13927339.29550	1588	19.9698
ERR13927339.29551	1572	21.7723
ERR13927339.29552	1549	18.5468
ERR13927339.29553	1569	18.9924
ERR13927339.29554	1571	19.5417
ERR13927339.29555	1570	18.1433
ERR13927339.29556	1565	18.0824
ERR13927339.29557	1573	18.2791
ERR13927339.29558	1606	21.3506
ERR13927339.29559	1558	21.8415
ERR13927339.29560	1568	16.9560
ERR13927339.29561	1572	19.8728
ERR13927339.29562	1568	20.4298
ERR13927339.29563	1540	19.1351
ERR13927339.29564	1545	16.2828
ERR13927339.29565	1592	18.7136
ERR13927339.29566	1561	18.4542
ERR13927339.29567	1560	18.1462
ERR13927339.29568	1576	19.2310
ERR13927339.29569	1577	17.6278
ERR13927339.29570	1541	17.1480
ERR13927339.29571	1558	20.9089
ERR13927339.29572	189	17.6085
ERR13927339.29573	1609	16.2194
ERR13927339.29574	1563	21.7070
ERR13927339.29575	1563	18.4607
ERR13927339.29576	1579	17.6301
ERR13927339.29577	1553	20.6149
ERR13927339.29578	1545	17.5223
ERR13927339.29579	1590	20.6686
ERR13927339.29580	1569	18.4621
ERR13927339.29581	1550	15.5465
ERR13927339.29582	1594	17.7246
ERR13927339.29583	1552	19.4852
ERR13927339.29584	1593	21.2090
ERR13927339.29585	1558	17.2073
ERR13927339.29586	1616	15.9623
ERR13927339.29587	1633	20.0508
ERR13927339.29588	1613	15.0335
ERR13927339.29589	1536	18.3672
ERR13927339.29590	1563	18.7908
ERR13927339.29591	1558	17.3151
ERR13927339.29592	1557	14.9525
ERR13927339.29593	1616	22.4183
ERR13927339.29594	1536	14.9128
ERR13927339.29595	1581	19.8697
ERR13927339.29596	1530	15.5497
ERR13927339.29597	1537	17.5374
ERR13927339.29598	1582	19.4817
ERR13927339.29599	1575	18.6235
ERR13927339.29600	1571	19.4799
ERR13927339.29601	1548	16.9193
ERR13927339.29602	1580	19.7576
ERR13927339.29603	1585	14.7855
ERR13927339.29604	1585	17.0372
ERR13927339.29605	1548	20.8463
ERR13927339.29606	1544	16.8834
ERR13927339.29607	1572	14.0286
ERR13927339.29608	1572	18.9803
ERR13927339.29609	1540	19.9643
ERR13927339.29610	1576	19.3852
ERR13927339.29611	1588	16.7443
ERR13927339.29612	1569	17.0210
ERR13927339.29613	1608	17.8333
ERR13927339.29614	1550	16.3258
ERR13927339.29615	873	17.5326
ERR13927339.29616	1599	18.4084
ERR13927339.29617	1553	16.4765
ERR13927339.29618	1573	14.9943
ERR13927339.29619	1565	15.5105
ERR13927339.29620	1571	17.6092
ERR13927339.29621	1550	18.2271
ERR13927339.29622	1555	20.2624
ERR13927339.29623	1568	18.2972
ERR13927339.29624	1588	18.3646
ERR13927339.29625	1565	20.5776
ERR13927339.29626	1601	18.3011
ERR13927339.29627	1591	20.6348
ERR13927339.29628	1554	18.1261
ERR13927339.29629	1613	19.6882
ERR13927339.29630	1225	18.7159
ERR13927339.29631	1551	17.7170
ERR13927339.29632	1560	15.4340
ERR13927339.29633	1537	19.6760
ERR13927339.29634	1563	19.1689
ERR13927339.29635	1576	17.8566
ERR13927339.29636	1540	14.2500
ERR13927339.29637	1607	20.1195
ERR13927339.29638	1588	19.4981
ERR13927339.29639	1544	17.4547
ERR13927339.29640	1556	21.3580
ERR13927339.29641	1505	15.8777
ERR13927339.29642	1594	19.0740
ERR13927339.29643	1612	19.2283
ERR13927339.29644	1556	14.7776
ERR13927339.29645	1582	17.1043
ERR13927339.29646	1571	14.3768
ERR13927339.29647	1470	17.2483
ERR13927339.29648	1564	18.5831
ERR13927339.29649	1590	18.8296
ERR13927339.29650	1571	20.0064
ERR13927339.29651	1545	20.2006
ERR13927339.29652	1604	19.7070
ERR13927339.29653	1551	15.1038
ERR13927339.29654	1571	15.5608
ERR13927339.29655	1546	16.6831
ERR13927339.29656	1543	18.8257
ERR13927339.29657	1566	19.4598
ERR13927339.29658	239	15.1548
ERR13927339.29659	1507	15.2953
ERR13927339.29660	1565	20.9093
ERR13927339.29661	1586	16.4647
ERR13927339.29662	1553	17.1127
ERR13927339.29663	1516	15.5752
ERR13927339.29664	1556	19.2564
ERR13927339.29665	1591	16.1898
ERR13927339.29666	1591	14.6857
ERR13927339.29667	1540	15.0714
ERR13927339.29668	1557	17.7681
ERR13927339.29669	1620	18.9605
ERR13927339.29670	1595	19.9918
ERR13927339.29671	1517	15.1688
ERR13927339.29672	1570	19.9420
ERR13927339.29673	1519	14.9638
ERR13927339.29674	1588	17.9402
ERR13927339.29675	1572	20.5083
ERR13927339.29676	1581	19.5680
ERR13927339.29677	1594	19.6179
ERR13927339.29678	1568	17.7953
ERR13927339.29679	1604	21.5698
ERR13927339.29680	286	13.9476
ERR13927339.29681	1592	19.8750
ERR13927339.29682	1580	22.4032
ERR13927339.29683	1555	17.3331
ERR13927339.29684	1562	16.7625
ERR13927339.29685	1585	18.5640
ERR13927339.29686	1541	18.5406
ERR13927339.29687	1568	20.0453
ERR13927339.29688	1581	17.6540
ERR13927339.29689	1599	16.5422
ERR13927339.29690	1574	20.7008
ERR13927339.29691	1607	19.2912
ERR13927339.29692	1558	18.2972
ERR13927339.29693	1582	15.8116
ERR13927339.29694	1574	17.2738
ERR13927339.29695	1537	16.8458
ERR13927339.29696	1532	14.2226
ERR13927339.29697	1585	19.5098
ERR13927339.29698	1617	20.9944
ERR13927339.29699	1550	17.4187
ERR13927339.29700	1570	16.6261
ERR13927339.29701	1587	18.7272
ERR13927339.29702	1560	17.2878
ERR13927339.29703	1582	20.0556
ERR13927339.29704	1529	14.7508
ERR13927339.29705	1564	17.4386
ERR13927339.29706	1539	17.1378
ERR13927339.29707	1596	18.6836
ERR13927339.29708	1567	17.4544
ERR13927339.29709	1569	15.6743
ERR13927339.29710	1549	16.0884
ERR13927339.29711	1579	19.0481
ERR13927339.29712	1560	15.2199
ERR13927339.29713	1590	18.1987
ERR13927339.29714	1580	19.7380
ERR13927339.29715	1599	18.3615
ERR13927339.29716	1585	20.6599
ERR13927339.29717	1612	18.9299
ERR13927339.29718	1559	15.8518
ERR13927339.29719	1567	17.2904
ERR13927339.29720	1570	15.3459
ERR13927339.29721	1535	14.5309
ERR13927339.29722	1583	16.4694
ERR13927339.29723	1571	18.7944
ERR13927339.29724	1576	19.4886
ERR13927339.29725	1590	20.2201
ERR13927339.29726	1574	20.5648
ERR13927339.29727	1584	16.2361
ERR13927339.29728	1573	19.5633
ERR13927339.29729	1554	16.4646
ERR13927339.29730	1586	18.5914
ERR13927339.29731	1570	16.9567
ERR13927339.29732	1597	18.7426
ERR13927339.29733	1425	19.0835
ERR13927339.29734	1546	18.1662
ERR13927339.29735	1584	18.5391
ERR13927339.29736	1550	19.8516
ERR13927339.29737	1561	18.4638
ERR13927339.29738	1578	19.7471
ERR13927339.29739	1573	17.7908
ERR13927339.29740	1581	17.3725
ERR13927339.29741	1572	20.4116
ERR13927339.29742	1591	16.6543
ERR13927339.29743	1594	15.3921
ERR13927339.29744	3131	15.7244
ERR13927339.29745	1588	19.4610
ERR13927339.29746	1577	19.0101
ERR13927339.29747	1534	15.2862
ERR13927339.29748	1562	18.5134
ERR13927339.29749	1612	18.2395
ERR13927339.29750	1573	21.4418
ERR13927339.29751	1570	19.9720
ERR13927339.29752	1600	20.1631
ERR13927339.29753	1585	20.6883
ERR13927339.29754	1595	18.5900
ERR13927339.29755	1542	18.0156
ERR13927339.29756	1567	19.0842
ERR13927339.29757	1597	17.8760
ERR13927339.29758	1544	19.4411
ERR13927339.29759	1571	16.8237
ERR13927339.29760	1560	19.8731
ERR13927339.29761	1559	18.8813
ERR13927339.29762	1571	21.0318
ERR13927339.29763	1588	19.9421
ERR13927339.29764	1559	18.2976
ERR13927339.29765	1564	15.1119
ERR13927339.29766	1551	19.2456
ERR13927339.29767	1577	19.5669
ERR13927339.29768	1616	17.3193
ERR13927339.29769	1567	20.0377
ERR13927339.29770	1581	17.5882
ERR13927339.29771	1617	19.1268
ERR13927339.29772	1326	15.0513
ERR13927339.29773	1551	20.5132
ERR13927339.29774	1527	17.6817
ERR13927339.29775	1540	15.5338
ERR13927339.29776	1563	17.7204
ERR13927339.29777	1544	16.1043
ERR13927339.29778	1535	18.6547
ERR13927339.29779	1262	16.2013
ERR13927339.29780	1538	16.6736
ERR13927339.29781	1540	18.3877
ERR13927339.29782	1660	18.1657
ERR13927339.29783	1553	18.7006
ERR13927339.29784	1580	16.9709
ERR13927339.29785	1572	20.7576
ERR13927339.29786	1574	18.9479
ERR13927339.29787	1563	16.7729
ERR13927339.29788	1573	17.5334
ERR13927339.29789	1578	17.2991
ERR13927339.29790	1582	19.8148
ERR13927339.29791	1552	19.1927
ERR13927339.29792	1547	16.3387
ERR13927339.29793	1543	17.8121
ERR13927339.29794	1608	19.5983
ERR13927339.29795	1611	18.5152
ERR13927339.29796	1573	20.7190
ERR13927339.29797	1563	17.8586
ERR13927339.29798	1584	18.5600
ERR13927339.29799	1578	19.9449
ERR13927339.29800	1560	21.3603
ERR13927339.29801	1538	19.0377
ERR13927339.29802	1583	16.9937
ERR13927339.29803	1505	16.2571
ERR13927339.29804	1649	19.3172
ERR13927339.29805	1559	20.0340
ERR13927339.29806	1610	16.1888
ERR13927339.29807	1610	19.4118
ERR13927339.29808	1578	18.2839
ERR13927339.29809	1587	18.4493
ERR13927339.29810	1577	19.8802
ERR13927339.29811	1591	16.1113
ERR13927339.29812	1578	15.7357
ERR13927339.29813	1565	19.8684
ERR13927339.29814	1585	20.2120
ERR13927339.29815	1586	18.4344
ERR13927339.29816	1561	18.2518
ERR13927339.29817	1568	19.4228
ERR13927339.29818	1582	18.2598
ERR13927339.29819	1556	19.1928
ERR13927339.29820	1549	16.8083
ERR13927339.29821	1558	17.4519
ERR13927339.29822	1553	17.9633
ERR13927339.29823	1554	16.7098
ERR13927339.29824	1584	19.1294
ERR13927339.29825	1118	18.3417
ERR13927339.29826	1545	16.5049
ERR13927339.29827	1591	20.6543
ERR13927339.29828	1551	17.7279
ERR13927339.29829	1566	19.6526
ERR13927339.29830	1594	20.6173
ERR13927339.29831	1566	21.3244
ERR13927339.29832	1581	19.6218
ERR13927339.29833	1557	19.4374
ERR13927339.29834	1572	20.0865
ERR13927339.29835	1526	17.4607
ERR13927339.29836	1550	16.2523
ERR13927339.29837	1562	17.7055
ERR13927339.29838	1477	17.5965
ERR13927339.29839	1576	19.3058
ERR13927339.29840	1614	21.3371
ERR13927339.29841	1559	19.3258
ERR13927339.29842	1589	18.8697
ERR13927339.29843	1597	21.3294
ERR13927339.29844	1557	19.4592
ERR13927339.29845	1594	20.5621
ERR13927339.29846	1538	15.2926
ERR13927339.29847	1575	20.3156
ERR13927339.29848	1554	17.7265
ERR13927339.29849	1323	16.7695
ERR13927339.29850	1568	18.5383
ERR13927339.29851	1542	16.0804
ERR13927339.29852	1580	18.2684
ERR13927339.29853	1583	18.6513
ERR13927339.29854	1569	18.3359
ERR13927339.29855	1615	19.8582
ERR13927339.29856	1571	18.8969
ERR13927339.29857	1570	16.1096
ERR13927339.29858	1568	17.7596
ERR13927339.29859	1622	18.0290
ERR13927339.29860	1555	18.2746
ERR13927339.29861	1565	19.7201
ERR13927339.29862	1547	15.5449
ERR13927339.29863	1564	16.7711
ERR13927339.29864	1580	20.7778
ERR13927339.29865	1563	17.9898
ERR13927339.29866	1555	17.3344
ERR13927339.29867	1576	16.3001
ERR13927339.29868	1568	19.7742
ERR13927339.29869	1585	20.9918
ERR13927339.29870	1529	15.9287
ERR13927339.29871	1531	17.3364
ERR13927339.29872	1507	14.8281
ERR13927339.29873	1535	21.3088
ERR13927339.29874	1569	18.4487
ERR13927339.29875	1540	15.2084
ERR13927339.29876	1570	19.4898
ERR13927339.29877	1574	18.8170
ERR13927339.29878	1559	18.2373
ERR13927339.29879	1610	19.4292
ERR13927339.29880	1549	19.9135
ERR13927339.29881	1561	18.9725
ERR13927339.29882	1567	19.2470
ERR13927339.29883	1146	15.7199
ERR13927339.29884	1573	16.9682
ERR13927339.29885	1552	16.2590
ERR13927339.29886	1590	17.5082
ERR13927339.29887	1535	14.6795
ERR13927339.29888	1560	19.8763
ERR13927339.29889	1544	19.4281
ERR13927339.29890	1556	19.7956
ERR13927339.29891	1572	16.5235
ERR13927339.29892	691	14.7424
ERR13927339.29893	1588	15.9515
ERR13927339.29894	1546	18.4864
ERR13927339.29895	1544	16.4566
ERR13927339.29896	1483	16.4976
ERR13927339.29897	1568	16.1907
ERR13927339.29898	1533	15.1148
ERR13927339.29899	1603	21.5646
ERR13927339.29900	1553	15.8133
ERR13927339.29901	1574	19.1823
ERR13927339.29902	1685	19.9763
ERR13927339.29903	1567	16.1806
ERR13927339.29904	1584	16.3662
ERR13927339.29905	1589	20.3512
ERR13927339.29906	1539	16.9350
ERR13927339.29907	1570	19.5497
ERR13927339.29908	464	15.2241
ERR13927339.29909	1542	18.3145
ERR13927339.29910	1574	18.3780
ERR13927339.29911	1607	18.8762
ERR13927339.29912	1583	18.3809
ERR13927339.29913	1563	17.5912
ERR13927339.29914	1587	20.6894
ERR13927339.29915	1575	19.0222
ERR13927339.29916	1561	18.0948
ERR13927339.29917	1669	21.8784
ERR13927339.29918	1520	14.9289
ERR13927339.29919	1529	17.4343
ERR13927339.29920	1542	19.5532
ERR13927339.29921	1566	18.7874
ERR13927339.29922	1608	19.8961
ERR13927339.29923	1561	15.9584
ERR13927339.29924	1573	18.7794
ERR13927339.29925	1548	15.8023
ERR13927339.29926	1613	20.9051
ERR13927339.29927	1532	15.1384
ERR13927339.29928	1686	18.6773
ERR13927339.29929	440	20.5545
ERR13927339.29930	1586	18.9483
ERR13927339.29931	1553	19.2350
ERR13927339.29932	1536	16.9681
ERR13927339.29933	1567	19.0128
ERR13927339.29934	1592	18.5766
ERR13927339.29935	1593	18.0678
ERR13927339.29936	1479	15.2644
ERR13927339.29937	1608	16.6940
ERR13927339.29938	1572	15.8760
ERR13927339.29939	1550	17.7923
ERR13927339.29940	1571	20.6843
ERR13927339.29941	1587	14.9534
ERR13927339.29942	1567	18.2438
ERR13927339.29943	1545	17.9877
ERR13927339.29944	1572	20.4345
ERR13927339.29945	1570	20.2127
ERR13927339.29946	1589	19.4166
ERR13927339.29947	1577	17.1484
ERR13927339.29948	1586	23.0485
ERR13927339.29949	1096	16.7199
ERR13927339.29950	1559	15.5241
ERR13927339.29951	1615	20.1777
ERR13927339.29952	1537	18.5439
ERR13927339.29953	1533	16.7084
ERR13927339.29954	1577	18.4902
ERR13927339.29955	1562	17.5589
ERR13927339.29956	1571	15.6384
ERR13927339.29957	1563	20.7895
ERR13927339.29958	1583	21.1794
ERR13927339.29959	1582	19.7244
ERR13927339.29960	1570	17.0210
ERR13927339.29961	1522	17.6261
ERR13927339.29962	1567	20.7677
ERR13927339.29963	1577	19.4762
ERR13927339.29964	1558	20.7401
ERR13927339.29965	1541	20.5503
ERR13927339.29966	1545	16.1773
ERR13927339.29967	1571	22.1235
ERR13927339.29968	1583	18.1358
ERR13927339.29969	1561	14.1012
ERR13927339.29970	1576	16.9194
ERR13927339.29971	1565	21.6089
ERR13927339.29972	1587	17.2338
ERR13927339.29973	1581	19.0329
ERR13927339.29974	1539	20.2625
ERR13927339.29975	1580	19.8816
ERR13927339.29976	618	19.5841
ERR13927339.29977	1542	15.0843
ERR13927339.29978	1583	15.7069
ERR13927339.29979	1621	15.4127
ERR13927339.29980	1529	15.4526
ERR13927339.29981	1543	18.4297
ERR13927339.29982	1549	19.3486
ERR13927339.29983	1569	16.7890
ERR13927339.29984	1569	16.7578
ERR13927339.29985	1602	15.7385
ERR13927339.29986	1621	14.5750
ERR13927339.29987	1566	18.6315
ERR13927339.29988	1555	17.7415
ERR13927339.29989	1575	19.0603
ERR13927339.29990	1552	19.0026
ERR13927339.29991	1591	19.7373
ERR13927339.29992	1572	18.5452
ERR13927339.29993	1561	16.3382
ERR13927339.29994	1526	16.5151
ERR13927339.29995	1561	18.4420
ERR13927339.29996	1550	20.5026
ERR13927339.29997	1597	18.0726
ERR13927339.29998	1620	17.7488
ERR13927339.29999	1576	18.0603
ERR13927339.30000	1544	19.1807
ERR13927339.30001	1599	19.0113
ERR13927339.30002	778	19.0630
ERR13927339.30003	1585	16.5489
ERR13927339.30004	1597	19.3757
ERR13927339.30005	1615	19.4124
ERR13927339.30006	1563	19.2201
ERR13927339.30007	1552	19.0786
ERR13927339.30008	1574	18.5388
ERR13927339.30009	1622	18.9205
ERR13927339.30010	1542	20.3787
ERR13927339.30011	1596	19.5094
ERR13927339.30012	1170	17.4504
ERR13927339.30013	1576	17.3077
ERR13927339.30014	1564	19.4949
ERR13927339.30015	1582	19.9121
ERR13927339.30016	1590	20.3025
ERR13927339.30017	1506	16.2344
ERR13927339.30018	1532	15.6142
ERR13927339.30019	1604	19.0050
ERR13927339.30020	1580	20.8722
ERR13927339.30021	1574	17.6150
ERR13927339.30022	1594	16.9573
ERR13927339.30023	1594	18.8551
ERR13927339.30024	1541	17.7132
ERR13927339.30025	1579	19.0887
ERR13927339.30026	1575	18.7162
ERR13927339.30027	1407	20.8948
ERR13927339.30028	1575	18.7308
ERR13927339.30029	1572	16.5509
ERR13927339.30030	1560	19.9032
ERR13927339.30031	1385	19.7581
ERR13927339.30032	1606	15.4122
ERR13927339.30033	1597	21.8140
ERR13927339.30034	1580	19.7152
ERR13927339.30035	1576	21.2684
ERR13927339.30036	1574	23.6417
ERR13927339.30037	1561	19.8450
ERR13927339.30038	1513	16.2604
ERR13927339.30039	1558	21.1104
ERR13927339.30040	1586	20.3550
ERR13927339.30041	1604	20.6340
ERR13927339.30042	1599	19.6936
ERR13927339.30043	1610	19.8050
ERR13927339.30044	1537	15.4763
ERR13927339.30045	1509	19.4586
ERR13927339.30046	1595	19.7455
ERR13927339.30047	1500	19.0207
ERR13927339.30048	1619	17.6146
ERR13927339.30049	1607	20.0075
ERR13927339.30050	1503	15.3613
ERR13927339.30051	1604	15.0536
ERR13927339.30052	1581	19.3283
ERR13927339.30053	1473	15.2824
ERR13927339.30054	1597	18.3231
ERR13927339.30055	1568	20.2009
ERR13927339.30056	1557	17.4091
ERR13927339.30057	1548	19.6550
ERR13927339.30058	1528	16.6492
ERR13927339.30059	1616	18.9319
ERR13927339.30060	1510	15.1411
ERR13927339.30061	1614	17.7014
ERR13927339.30062	1577	14.8827
ERR13927339.30063	1563	22.0397
ERR13927339.30064	1539	16.1300
ERR13927339.30065	1594	19.9216
ERR13927339.30066	1587	18.8280
ERR13927339.30067	1598	17.4493
ERR13927339.30068	1557	16.6583
ERR13927339.30069	1595	19.2577
ERR13927339.30070	1546	20.9237
ERR13927339.30071	1585	20.2852
ERR13927339.30072	1581	19.5528
ERR13927339.30073	1593	19.1469
ERR13927339.30074	1581	19.6686
ERR13927339.30075	1557	21.5999
ERR13927339.30076	1567	17.9974
ERR13927339.30077	1593	20.1469
ERR13927339.30078	1585	18.9237
ERR13927339.30079	1576	18.0907
ERR13927339.30080	1602	18.1042
ERR13927339.30081	1580	22.2475
ERR13927339.30082	1582	17.5480
ERR13927339.30083	1596	20.2619
ERR13927339.30084	1549	19.3428
ERR13927339.30085	1597	17.0645
ERR13927339.30086	1583	18.6279
ERR13927339.30087	1541	17.1051
ERR13927339.30088	1540	15.9617
ERR13927339.30089	1569	21.1166
ERR13927339.30090	1531	18.2175
ERR13927339.30091	1555	16.8527
ERR13927339.30092	1560	20.6115
ERR13927339.30093	1583	20.4719
ERR13927339.30094	1585	19.1918
ERR13927339.30095	1504	19.4628
ERR13927339.30096	1575	15.6146
ERR13927339.30097	1563	20.4504
ERR13927339.30098	1553	20.3162
ERR13927339.30099	1569	17.9936
ERR13927339.30100	1553	15.3986
ERR13927339.30101	1571	20.2107
ERR13927339.30102	1575	18.7397
ERR13927339.30103	1579	17.5985
ERR13927339.30104	1574	17.2992
ERR13927339.30105	1542	19.2575
ERR13927339.30106	1570	20.3573
ERR13927339.30107	1571	19.2775
ERR13927339.30108	1561	15.5945
ERR13927339.30109	1595	20.3191
ERR13927339.30110	1596	18.1266
ERR13927339.30111	1614	18.5675
ERR13927339.30112	1618	15.5600
ERR13927339.30113	1576	17.4549
ERR13927339.30114	1599	21.1370
ERR13927339.30115	1571	19.5786
ERR13927339.30116	1540	20.1935
ERR13927339.30117	1543	18.0493
ERR13927339.30118	1604	19.1291
ERR13927339.30119	1504	14.2201
ERR13927339.30120	1495	17.5110
ERR13927339.30121	1559	20.0071
ERR13927339.30122	1558	17.9647
ERR13927339.30123	863	17.0255
ERR13927339.30124	1591	16.7731
ERR13927339.30125	1543	19.4439
ERR13927339.30126	1556	18.7269
ERR13927339.30127	1556	18.7551
ERR13927339.30128	1610	16.9571
ERR13927339.30129	1560	17.2224
ERR13927339.30130	1521	18.0855
ERR13927339.30131	1557	18.6660
ERR13927339.30132	1534	14.1962
ERR13927339.30133	354	15.4718
ERR13927339.30134	1655	16.7849
ERR13927339.30135	1594	19.8168
ERR13927339.30136	1554	15.9447
ERR13927339.30137	1457	15.3267
ERR13927339.30138	1598	16.4249
ERR13927339.30139	1598	20.0538
ERR13927339.30140	1873	17.7293
ERR13927339.30141	1590	17.9906
ERR13927339.30142	1577	22.5327
ERR13927339.30143	1238	18.3724
ERR13927339.30144	1547	16.8352
ERR13927339.30145	1584	19.3188
ERR13927339.30146	1563	21.1190
ERR13927339.30147	1551	15.6899
ERR13927339.30148	1561	16.3049
ERR13927339.30149	1561	17.4138
ERR13927339.30150	1198	15.4908
ERR13927339.30151	1602	19.3496
ERR13927339.30152	1574	17.8545
ERR13927339.30153	1578	19.5906
ERR13927339.30154	1593	16.2178
ERR13927339.30155	1560	18.9179
ERR13927339.30156	1561	16.6720
ERR13927339.30157	1534	17.6330
ERR13927339.30158	1560	16.3397
ERR13927339.30159	1572	15.5121
ERR13927339.30160	1552	19.2899
ERR13927339.30161	1548	19.7952
ERR13927339.30162	1594	18.0834
ERR13927339.30163	1567	16.7645
ERR13927339.30164	1170	15.0410
ERR13927339.30165	1571	16.4736
ERR13927339.30166	1583	16.1851
ERR13927339.30167	1558	17.7009
ERR13927339.30168	1564	19.6758
ERR13927339.30169	1554	16.9215
ERR13927339.30170	1589	18.0875
ERR13927339.30171	1562	18.1601
ERR13927339.30172	1562	18.1197
ERR13927339.30173	1248	18.5897
ERR13927339.30174	1583	20.0714
ERR13927339.30175	1558	16.5160
ERR13927339.30176	1564	17.1554
ERR13927339.30177	1575	20.3517
ERR13927339.30178	1585	18.5685
ERR13927339.30179	1561	21.3549
ERR13927339.30180	1561	18.0333
ERR13927339.30181	1603	19.8172
ERR13927339.30182	1563	18.0525
ERR13927339.30183	1562	18.7830
ERR13927339.30184	1621	19.2819
ERR13927339.30185	1568	18.6856
ERR13927339.30186	1602	20.2915
ERR13927339.30187	1580	18.0146
ERR13927339.30188	1533	14.7267
ERR13927339.30189	1566	19.4508
ERR13927339.30190	1578	21.0849
ERR13927339.30191	1579	15.7517
ERR13927339.30192	1582	15.8489
ERR13927339.30193	1577	18.8224
ERR13927339.30194	1564	15.2251
ERR13927339.30195	1546	19.3157
ERR13927339.30196	1587	21.5129
ERR13927339.30197	1624	19.9741
ERR13927339.30198	1550	16.4058
ERR13927339.30199	1535	20.3603
ERR13927339.30200	1597	17.5197
ERR13927339.30201	1734	17.6563
ERR13927339.30202	1560	18.7833
ERR13927339.30203	347	20.9885
ERR13927339.30204	1607	18.5159
ERR13927339.30205	1593	16.8343
ERR13927339.30206	1583	20.2647
ERR13927339.30207	1592	20.6036
ERR13927339.30208	1561	16.6771
ERR13927339.30209	1558	15.7362
ERR13927339.30210	1599	19.5391
ERR13927339.30211	1578	19.1838
ERR13927339.30212	1563	16.4690
ERR13927339.30213	1573	19.2308
ERR13927339.30214	1605	19.9944
ERR13927339.30215	1606	17.9813
ERR13927339.30216	1560	17.2712
ERR13927339.30217	1597	17.8447
ERR13927339.30218	1572	20.0038
ERR13927339.30219	1562	21.3944
ERR13927339.30220	1532	18.0986
ERR13927339.30221	1567	16.1340
ERR13927339.30222	1535	15.2866
ERR13927339.30223	1581	18.0582
ERR13927339.30224	1592	19.7481
ERR13927339.30225	1579	19.6073
ERR13927339.30226	1575	16.1244
ERR13927339.30227	1535	17.4248
ERR13927339.30228	1571	19.8568
ERR13927339.30229	1589	20.0642
ERR13927339.30230	1616	19.8187
ERR13927339.30231	1568	18.0587
ERR13927339.30232	209	16.4019
ERR13927339.30233	1585	19.7741
ERR13927339.30234	1602	18.0774
ERR13927339.30235	1568	19.2602
ERR13927339.30236	1603	20.6400
ERR13927339.30237	1591	19.5933
ERR13927339.30238	1573	19.1914
ERR13927339.30239	1651	21.3010
ERR13927339.30240	1553	19.3477
ERR13927339.30241	1589	19.7464
ERR13927339.30242	1565	19.5942
ERR13927339.30243	1558	22.7914
ERR13927339.30244	1561	17.7598
ERR13927339.30245	1565	20.1987
ERR13927339.30246	1565	16.8818
ERR13927339.30247	1575	17.7524
ERR13927339.30248	501	15.3673
ERR13927339.30249	1562	18.2017
ERR13927339.30250	1575	19.5930
ERR13927339.30251	1562	17.2958
ERR13927339.30252	1559	22.1212
ERR13927339.30253	1554	13.9003
ERR13927339.30254	1562	19.8175
ERR13927339.30255	1584	18.1212
ERR13927339.30256	1562	16.2100
ERR13927339.30257	1592	19.3222
ERR13927339.30258	1545	14.6110
ERR13927339.30259	1567	18.3963
ERR13927339.30260	1534	20.7666
ERR13927339.30261	1566	21.8359
ERR13927339.30262	1592	20.3423
ERR13927339.30263	1697	18.7295
ERR13927339.30264	1580	16.4924
ERR13927339.30265	1604	17.5817
ERR13927339.30266	1525	18.8079
ERR13927339.30267	857	19.2310
ERR13927339.30268	1610	15.9882
ERR13927339.30269	1581	20.1594
ERR13927339.30270	1605	19.2692
ERR13927339.30271	1552	20.1553
ERR13927339.30272	1569	18.8286
ERR13927339.30273	1575	18.4514
ERR13927339.30274	1553	19.5724
ERR13927339.30275	1535	17.2521
ERR13927339.30276	1557	19.2351
ERR13927339.30277	1624	15.2900
ERR13927339.30278	1588	20.9578
ERR13927339.30279	1555	17.8161
ERR13927339.30280	1504	15.9189
ERR13927339.30281	1562	19.7138
ERR13927339.30282	1577	17.5745
ERR13927339.30283	1591	18.2665
ERR13927339.30284	1560	17.8821
ERR13927339.30285	1529	17.9451
ERR13927339.30286	1579	20.4218
ERR13927339.30287	1585	16.0574
ERR13927339.30288	1581	18.6161
ERR13927339.30289	1594	15.3250
ERR13927339.30290	1692	14.6017
ERR13927339.30291	1577	19.8174
ERR13927339.30292	1593	17.6158
ERR13927339.30293	1554	19.0515
ERR13927339.30294	1546	19.4825
ERR13927339.30295	1598	17.0851
ERR13927339.30296	1511	16.6724
ERR13927339.30297	1539	15.2209
ERR13927339.30298	1567	19.8156
ERR13927339.30299	1567	17.7518
ERR13927339.30300	1592	17.6947
ERR13927339.30301	1572	17.5439
ERR13927339.30302	1568	20.2047
ERR13927339.30303	1601	20.4772
ERR13927339.30304	1562	16.7420
ERR13927339.30305	1550	20.1613
ERR13927339.30306	1597	15.2736
ERR13927339.30307	1575	21.1765
ERR13927339.30308	1550	19.1581
ERR13927339.30309	1582	18.9772
ERR13927339.30310	1586	20.1772
ERR13927339.30311	1178	16.9134
ERR13927339.30312	1561	19.8840
ERR13927339.30313	1600	17.6525
ERR13927339.30314	1681	16.5235
ERR13927339.30315	1627	21.5329
ERR13927339.30316	1568	19.3929
ERR13927339.30317	1553	21.2698
ERR13927339.30318	1593	20.0910
ERR13927339.30319	1580	16.4475
ERR13927339.30320	1542	15.8080
ERR13927339.30321	1029	19.0826
ERR13927339.30322	1569	20.3958
ERR13927339.30323	1627	19.6595
ERR13927339.30324	1558	16.0597
ERR13927339.30325	1571	19.3915
ERR13927339.30326	1560	19.4109
ERR13927339.30327	1559	15.1520
ERR13927339.30328	1534	16.3181
ERR13927339.30329	1541	20.4471
ERR13927339.30330	1514	16.0297
ERR13927339.30331	1559	17.9262
ERR13927339.30332	1555	17.8264
ERR13927339.30333	1498	14.9533
ERR13927339.30334	1583	19.9450
ERR13927339.30335	1543	15.6040
ERR13927339.30336	877	20.6545
ERR13927339.30337	1547	20.7421
ERR13927339.30338	1568	19.0166
ERR13927339.30339	1567	18.1072
ERR13927339.30340	1586	14.3916
ERR13927339.30341	1588	20.4503
ERR13927339.30342	1574	20.7757
ERR13927339.30343	1601	19.6839
ERR13927339.30344	1573	18.0502
ERR13927339.30345	1540	18.9526
ERR13927339.30346	1592	18.3317
ERR13927339.30347	1586	19.0939
ERR13927339.30348	1582	19.3085
ERR13927339.30349	1626	18.4766
ERR13927339.30350	1605	18.6548
ERR13927339.30351	1579	19.5275
ERR13927339.30352	1594	17.5979
ERR13927339.30353	1549	16.5694
ERR13927339.30354	188	13.1117
ERR13927339.30355	1540	18.5487
ERR13927339.30356	1542	15.6102
ERR13927339.30357	1547	18.7550
ERR13927339.30358	1547	18.7388
ERR13927339.30359	1563	16.2508
ERR13927339.30360	1533	16.7410
ERR13927339.30361	1580	14.5203
ERR13927339.30362	1568	18.6645
ERR13927339.30363	1519	16.6524
ERR13927339.30364	1556	22.1388
ERR13927339.30365	1583	19.0891
ERR13927339.30366	1539	15.2346
ERR13927339.30367	1567	16.5756
ERR13927339.30368	1579	20.6624
ERR13927339.30369	1574	14.9422
ERR13927339.30370	1564	19.2442
ERR13927339.30371	1559	15.7716
ERR13927339.30372	1540	15.2279
ERR13927339.30373	1601	17.8676
ERR13927339.30374	1561	17.9270
ERR13927339.30375	1625	19.1791
ERR13927339.30376	1593	18.2624
ERR13927339.30377	1560	19.4429
ERR13927339.30378	1576	17.5089
ERR13927339.30379	1614	18.7274
ERR13927339.30380	1556	16.3156
ERR13927339.30381	1566	16.9336
ERR13927339.30382	1530	19.6935
ERR13927339.30383	1581	20.3055
ERR13927339.30384	1383	20.8149
ERR13927339.30385	1559	15.4419
ERR13927339.30386	1580	15.1241
ERR13927339.30387	1540	17.2214
ERR13927339.30388	1540	16.8643
ERR13927339.30389	1608	19.3893
ERR13927339.30390	1564	19.6387
ERR13927339.30391	1560	15.8103
ERR13927339.30392	1554	20.9022
ERR13927339.30393	1602	17.6623
ERR13927339.30394	1580	18.7259
ERR13927339.30395	1566	16.8250
ERR13927339.30396	1567	18.0466
ERR13927339.30397	1552	20.5515
ERR13927339.30398	1547	19.6930
ERR13927339.30399	1591	19.2539
ERR13927339.30400	1544	14.7766
ERR13927339.30401	1572	20.0032
ERR13927339.30402	1568	15.9432
ERR13927339.30403	1562	17.8540
ERR13927339.30404	1502	19.0999
ERR13927339.30405	1566	20.8678
ERR13927339.30406	1576	20.2373
ERR13927339.30407	1582	16.6542
ERR13927339.30408	1518	19.1403
ERR13927339.30409	1620	17.8148
ERR13927339.30410	1594	19.5678
ERR13927339.30411	1559	20.8647
ERR13927339.30412	1466	16.2653
ERR13927339.30413	1585	19.1874
ERR13927339.30414	1536	20.2917
ERR13927339.30415	1565	17.4096
ERR13927339.30416	1575	17.7873
ERR13927339.30417	1562	18.8508
ERR13927339.30418	1535	19.6567
ERR13927339.30419	1591	20.6530
ERR13927339.30420	1553	14.8712
ERR13927339.30421	1576	19.8655
ERR13927339.30422	1582	15.8104
ERR13927339.30423	1577	21.3735
ERR13927339.30424	1557	16.4277
ERR13927339.30425	1570	19.0019
ERR13927339.30426	1570	18.1796
ERR13927339.30427	1573	22.7648
ERR13927339.30428	1570	18.3873
ERR13927339.30429	1731	18.7008
ERR13927339.30430	702	17.6296
ERR13927339.30431	1553	18.4688
ERR13927339.30432	1571	19.7435
ERR13927339.30433	1596	19.6360
ERR13927339.30434	1562	19.4405
ERR13927339.30435	1589	19.9295
ERR13927339.30436	1564	18.6304
ERR13927339.30437	1575	19.7378
ERR13927339.30438	1559	17.4952
ERR13927339.30439	1561	15.2255
ERR13927339.30440	1586	18.2560
ERR13927339.30441	1549	20.4564
ERR13927339.30442	1557	19.0116
ERR13927339.30443	1527	16.4781
ERR13927339.30444	1565	16.8211
ERR13927339.30445	1627	15.9717
ERR13927339.30446	1565	17.3923
ERR13927339.30447	1545	18.5890
ERR13927339.30448	1551	16.9807
ERR13927339.30449	2813	20.3786
ERR13927339.30450	1616	17.8428
ERR13927339.30451	1583	20.2628
ERR13927339.30452	1566	19.2011
ERR13927339.30453	1578	19.8276
ERR13927339.30454	1564	16.3587
ERR13927339.30455	1584	19.3996
ERR13927339.30456	1582	18.5815
ERR13927339.30457	1586	17.3859
ERR13927339.30458	1571	21.8943
ERR13927339.30459	1547	20.0026
ERR13927339.30460	1559	21.4471
ERR13927339.30461	1545	20.3981
ERR13927339.30462	521	13.9309
ERR13927339.30463	748	18.4960
ERR13927339.30464	1579	18.7752
ERR13927339.30465	1569	16.9720
ERR13927339.30466	1945	17.1398
ERR13927339.30467	1582	20.5183
ERR13927339.30468	1575	19.7498
ERR13927339.30469	1576	17.7627
ERR13927339.30470	1588	16.5302
ERR13927339.30471	1592	16.7513
ERR13927339.30472	1587	18.1670
ERR13927339.30473	1557	16.5254
ERR13927339.30474	1599	20.9712
ERR13927339.30475	1593	18.6761
ERR13927339.30476	1598	19.1640
ERR13927339.30477	1584	17.4280
ERR13927339.30478	1575	16.5517
ERR13927339.30479	1525	15.7639
ERR13927339.30480	1590	18.8195
ERR13927339.30481	865	17.4000
ERR13927339.30482	1568	18.0663
ERR13927339.30483	1535	16.1798
ERR13927339.30484	1499	14.6524
ERR13927339.30485	1595	19.8188
ERR13927339.30486	1563	16.7748
ERR13927339.30487	1579	18.6384
ERR13927339.30488	1578	17.3010
ERR13927339.30489	1574	20.1029
ERR13927339.30490	1590	18.4094
ERR13927339.30491	1526	17.5668
ERR13927339.30492	1579	16.3502
ERR13927339.30493	1537	15.3182
ERR13927339.30494	1566	22.3883
ERR13927339.30495	1582	19.6429
ERR13927339.30496	1770	17.1864
ERR13927339.30497	1576	15.7113
ERR13927339.30498	694	19.0605
ERR13927339.30499	1557	17.7161
ERR13927339.30500	1565	17.6780
ERR13927339.30501	1578	16.6134
ERR13927339.30502	1533	17.7684
ERR13927339.30503	1590	17.2579
ERR13927339.30504	1579	15.2780
ERR13927339.30505	1555	17.7016
ERR13927339.30506	2263	18.3204
ERR13927339.30507	1596	15.1667
ERR13927339.30508	1536	16.2018
ERR13927339.30509	1571	20.9389
ERR13927339.30510	1646	18.4775
ERR13927339.30511	1567	21.2948
ERR13927339.30512	1564	18.3561
ERR13927339.30513	1567	15.8379
ERR13927339.30514	1114	19.9847
ERR13927339.30515	1081	19.2895
ERR13927339.30516	1542	19.2827
ERR13927339.30517	1612	14.7885
ERR13927339.30518	1582	16.3097
ERR13927339.30519	1566	17.9387
ERR13927339.30520	1596	19.0050
ERR13927339.30521	1618	19.6347
ERR13927339.30522	1532	18.2428
ERR13927339.30523	1584	15.6686
ERR13927339.30524	1574	19.5089
ERR13927339.30525	1568	19.4349
ERR13927339.30526	1566	17.6507
ERR13927339.30527	1579	17.7340
ERR13927339.30528	1561	18.9930
ERR13927339.30529	1580	19.1082
ERR13927339.30530	1571	17.9039
ERR13927339.30531	1701	21.3051
ERR13927339.30532	1601	17.2130
ERR13927339.30533	1582	19.2560
ERR13927339.30534	1580	19.2627
ERR13927339.30535	1569	20.5749
ERR13927339.30536	1563	16.5477
ERR13927339.30537	1571	21.0573
ERR13927339.30538	1599	17.9525
ERR13927339.30539	1559	19.2617
ERR13927339.30540	1588	20.7185
ERR13927339.30541	1572	20.8931
ERR13927339.30542	1560	18.0795
ERR13927339.30543	1560	16.1904
ERR13927339.30544	1571	18.5901
ERR13927339.30545	1582	16.2004
ERR13927339.30546	1573	14.9975
ERR13927339.30547	1508	15.2527
ERR13927339.30548	1583	20.5989
ERR13927339.30549	1561	17.0448
ERR13927339.30550	1582	18.8394
ERR13927339.30551	496	19.7097
ERR13927339.30552	1528	15.5713
ERR13927339.30553	702	15.9943
ERR13927339.30554	1552	16.9143
ERR13927339.30555	1562	19.7785
ERR13927339.30556	1619	21.0037
ERR13927339.30557	1540	17.0266
ERR13927339.30558	1605	20.1140
ERR13927339.30559	1553	20.5203
ERR13927339.30560	1559	20.3072
ERR13927339.30561	1608	20.0777
ERR13927339.30562	1549	17.5455
ERR13927339.30563	1574	14.6906
ERR13927339.30564	1569	18.8993
ERR13927339.30565	1582	14.4703
ERR13927339.30566	1574	19.5909
ERR13927339.30567	1550	18.0523
ERR13927339.30568	1560	17.5051
ERR13927339.30569	1510	15.7854
ERR13927339.30570	1580	19.3570
ERR13927339.30571	1548	16.0420
ERR13927339.30572	1562	19.0102
ERR13927339.30573	1575	19.4597
ERR13927339.30574	1591	21.5977
ERR13927339.30575	1613	20.2492
ERR13927339.30576	1516	16.0759
ERR13927339.30577	1562	19.0506
ERR13927339.30578	1582	14.9690
ERR13927339.30579	1551	17.5796
ERR13927339.30580	1580	18.3348
ERR13927339.30581	1527	15.7937
ERR13927339.30582	1576	20.9442
ERR13927339.30583	1578	17.8257
ERR13927339.30584	1565	16.5502
ERR13927339.30585	1572	18.0929
ERR13927339.30586	1585	18.9716
ERR13927339.30587	1606	17.9670
ERR13927339.30588	1557	15.8375
ERR13927339.30589	1574	15.6086
ERR13927339.30590	1598	18.3811
ERR13927339.30591	1565	18.9891
ERR13927339.30592	1577	19.8738
ERR13927339.30593	1568	21.4203
ERR13927339.30594	1557	19.7636
ERR13927339.30595	1540	15.2169
ERR13927339.30596	1452	17.4532
ERR13927339.30597	1591	21.0258
ERR13927339.30598	1583	21.0303
ERR13927339.30599	1554	19.3134
ERR13927339.30600	1606	17.2154
ERR13927339.30601	1632	19.6091
ERR13927339.30602	1207	20.3281
ERR13927339.30603	1562	20.2554
ERR13927339.30604	1559	18.4214
ERR13927339.30605	1568	17.7717
ERR13927339.30606	1572	18.3295
ERR13927339.30607	1572	19.5655
ERR13927339.30608	1583	18.7461
ERR13927339.30609	1550	20.2548
ERR13927339.30610	1579	19.1672
ERR13927339.30611	1577	19.1934
ERR13927339.30612	1556	19.6337
ERR13927339.30613	1582	17.5853
ERR13927339.30614	1607	20.0342
ERR13927339.30615	1578	18.1781
ERR13927339.30616	1588	17.9074
ERR13927339.30617	1560	16.3026
ERR13927339.30618	1593	20.0000
ERR13927339.30619	1574	20.5388
ERR13927339.30620	1605	17.0835
ERR13927339.30621	1556	19.9981
ERR13927339.30622	1578	21.0063
ERR13927339.30623	1554	17.3340
ERR13927339.30624	1596	18.9442
ERR13927339.30625	1532	16.5202
ERR13927339.30626	1599	18.2533
ERR13927339.30627	1556	18.2635
ERR13927339.30628	1571	17.7428
ERR13927339.30629	1593	18.2806
ERR13927339.30630	1584	22.1313
ERR13927339.30631	1566	21.4923
ERR13927339.30632	1586	18.8304
ERR13927339.30633	1566	17.9808
ERR13927339.30634	1572	16.1209
ERR13927339.30635	1568	16.4732
ERR13927339.30636	1567	19.4403
ERR13927339.30637	1571	17.8861
ERR13927339.30638	1584	18.7500
ERR13927339.30639	1558	16.4724
ERR13927339.30640	1433	17.9372
ERR13927339.30641	1554	19.1763
ERR13927339.30642	1620	20.6222
ERR13927339.30643	1570	20.5471
ERR13927339.30644	1572	21.8505
ERR13927339.30645	1556	21.3753
ERR13927339.30646	1616	18.6516
ERR13927339.30647	1593	19.6397
ERR13927339.30648	1570	18.5242
ERR13927339.30649	171	16.7076
ERR13927339.30650	1581	19.1012
ERR13927339.30651	1393	16.3877
ERR13927339.30652	1566	17.9278
ERR13927339.30653	1587	18.7870
ERR13927339.30654	1563	18.6020
ERR13927339.30655	673	15.6909
ERR13927339.30656	1498	14.8638
ERR13927339.30657	1611	20.3222
ERR13927339.30658	1588	21.9503
ERR13927339.30659	1559	18.9083
ERR13927339.30660	1594	20.2673
ERR13927339.30661	1560	20.9128
ERR13927339.30662	1578	17.3226
ERR13927339.30663	1576	17.7018
ERR13927339.30664	1045	18.0297
ERR13927339.30665	1586	20.3411
ERR13927339.30666	1567	18.7447
ERR13927339.30667	1568	17.3654
ERR13927339.30668	1621	21.0339
ERR13927339.30669	1562	16.2145
ERR13927339.30670	1589	15.6904
ERR13927339.30671	1600	20.7800
ERR13927339.30672	1553	17.3348
ERR13927339.30673	1519	15.4542
ERR13927339.30674	1620	18.8938
ERR13927339.30675	1572	17.8461
ERR13927339.30676	3171	20.2873
ERR13927339.30677	1578	20.0577
ERR13927339.30678	1559	14.9064
ERR13927339.30679	1588	17.7550
ERR13927339.30680	1574	18.4358
ERR13927339.30681	1572	14.7920
ERR13927339.30682	1596	17.3390
ERR13927339.30683	1566	16.1111
ERR13927339.30684	1574	18.6709
ERR13927339.30685	1614	22.8178
ERR13927339.30686	1578	21.6825
ERR13927339.30687	1582	18.2010
ERR13927339.30688	1174	17.0468
ERR13927339.30689	1589	17.0271
ERR13927339.30690	1550	18.0768
ERR13927339.30691	1627	18.8236
ERR13927339.30692	1553	20.4849
ERR13927339.30693	1553	18.4070
ERR13927339.30694	1567	18.3267
ERR13927339.30695	1573	19.9504
ERR13927339.30696	1573	19.6351
ERR13927339.30697	1592	18.4359
ERR13927339.30698	1087	15.0377
ERR13927339.30699	1590	17.2987
ERR13927339.30700	1565	17.9917
ERR13927339.30701	1598	17.5150
ERR13927339.30702	1533	17.1370
ERR13927339.30703	1591	18.6468
ERR13927339.30704	1595	17.5266
ERR13927339.30705	1567	19.2246
ERR13927339.30706	1560	18.3705
ERR13927339.30707	1577	19.8694
ERR13927339.30708	1572	18.6654
ERR13927339.30709	1607	17.8090
ERR13927339.30710	1580	20.8943
ERR13927339.30711	1557	15.7341
ERR13927339.30712	1576	18.7925
ERR13927339.30713	1531	16.5963
ERR13927339.30714	1518	18.7036
ERR13927339.30715	1614	19.9504
ERR13927339.30716	1040	14.5913
ERR13927339.30717	1591	17.3784
ERR13927339.30718	1615	18.9734
ERR13927339.30719	1520	15.7395
ERR13927339.30720	1555	15.4630
ERR13927339.30721	1557	19.3314
ERR13927339.30722	1501	15.0819
ERR13927339.30723	1571	19.6843
ERR13927339.30724	1592	17.4441
ERR13927339.30725	1582	16.0853
ERR13927339.30726	1618	19.3894
ERR13927339.30727	1672	15.5478
ERR13927339.30728	1541	15.4484
ERR13927339.30729	1545	19.4602
ERR13927339.30730	1577	19.0006
ERR13927339.30731	1584	15.5410
ERR13927339.30732	1576	17.3198
ERR13927339.30733	1572	19.1457
ERR13927339.30734	1598	17.5632
ERR13927339.30735	1569	21.1574
ERR13927339.30736	1549	17.3202
ERR13927339.30737	1625	18.9538
ERR13927339.30738	1616	18.0551
ERR13927339.30739	1591	19.6838
ERR13927339.30740	1611	18.5543
ERR13927339.30741	1602	19.4994
ERR13927339.30742	1560	15.8744
ERR13927339.30743	1601	13.9981
ERR13927339.30744	1603	16.6725
ERR13927339.30745	1540	16.7552
ERR13927339.30746	1574	19.7262
ERR13927339.30747	1609	19.4593
ERR13927339.30748	1502	14.9487
ERR13927339.30749	1547	13.6942
ERR13927339.30750	1579	18.4921
ERR13927339.30751	1559	19.5112
ERR13927339.30752	1557	16.3828
ERR13927339.30753	1568	15.6658
ERR13927339.30754	1515	15.9307
ERR13927339.30755	1564	17.6317
ERR13927339.30756	1571	20.9650
ERR13927339.30757	1522	16.7825
ERR13927339.30758	1593	19.5574
ERR13927339.30759	1564	21.7033
ERR13927339.30760	1571	16.1260
ERR13927339.30761	1562	19.1754
ERR13927339.30762	1567	17.9164
ERR13927339.30763	1564	16.2832
ERR13927339.30764	1618	18.6619
ERR13927339.30765	1560	22.2519
ERR13927339.30766	1604	21.0443
ERR13927339.30767	1614	21.3897
ERR13927339.30768	1572	20.0229
ERR13927339.30769	1582	18.2193
ERR13927339.30770	1572	19.9746
ERR13927339.30771	901	14.9501
ERR13927339.30772	1544	18.3465
ERR13927339.30773	1541	20.1544
ERR13927339.30774	1576	20.2786
ERR13927339.30775	1555	20.7460
ERR13927339.30776	1636	19.4010
ERR13927339.30777	1553	18.8661
ERR13927339.30778	1584	20.5360
ERR13927339.30779	1590	15.9107
ERR13927339.30780	1575	19.4921
ERR13927339.30781	1561	19.2422
ERR13927339.30782	1607	17.5924
ERR13927339.30783	1564	20.4642
ERR13927339.30784	1581	19.6268
ERR13927339.30785	207	14.6135
ERR13927339.30786	1553	16.3471
ERR13927339.30787	1575	17.9708
ERR13927339.30788	1570	19.1752
ERR13927339.30789	1584	18.7847
ERR13927339.30790	1590	19.8836
ERR13927339.30791	1572	17.1584
ERR13927339.30792	1661	14.3257
ERR13927339.30793	1558	17.6560
ERR13927339.30794	1548	16.1731
ERR13927339.30795	1567	16.1640
ERR13927339.30796	1565	19.0530
ERR13927339.30797	1544	18.1179
ERR13927339.30798	1597	15.2167
ERR13927339.30799	1599	18.7899
ERR13927339.30800	1603	18.2938
ERR13927339.30801	1607	18.1985
ERR13927339.30802	1553	20.0380
ERR13927339.30803	1566	19.9246
ERR13927339.30804	1608	14.6909
ERR13927339.30805	1593	20.5072
ERR13927339.30806	1551	21.3417
ERR13927339.30807	1566	18.7510
ERR13927339.30808	1561	21.3216
ERR13927339.30809	1551	18.5364
ERR13927339.30810	1522	17.3233
ERR13927339.30811	1589	16.4412
ERR13927339.30812	1607	19.1014
ERR13927339.30813	1530	18.1523
ERR13927339.30814	1562	21.8764
ERR13927339.30815	254	20.1457
ERR13927339.30816	1581	18.0481
ERR13927339.30817	1568	15.6378
ERR13927339.30818	1595	14.3379
ERR13927339.30819	1633	19.5052
ERR13927339.30820	1587	14.1052
ERR13927339.30821	1557	15.3764
ERR13927339.30822	1559	17.9878
ERR13927339.30823	1571	22.0847
ERR13927339.30824	3175	17.5698
ERR13927339.30825	1546	15.8926
ERR13927339.30826	1580	15.0025
ERR13927339.30827	1571	21.7568
ERR13927339.30828	1006	14.6899
ERR13927339.30829	1598	14.9499
ERR13927339.30830	1586	16.4351
ERR13927339.30831	1583	20.0310
ERR13927339.30832	911	16.7739
ERR13927339.30833	1601	21.1405
ERR13927339.30834	1557	15.2710
ERR13927339.30835	1615	18.2557
ERR13927339.30836	1584	17.9331
ERR13927339.30837	1554	20.3385
ERR13927339.30838	1553	14.1307
ERR13927339.30839	1567	14.1646
ERR13927339.30840	1600	17.8994
ERR13927339.30841	1594	16.9793
ERR13927339.30842	1574	18.6055
ERR13927339.30843	372	14.3575
ERR13927339.30844	1578	20.5475
ERR13927339.30845	1553	20.7997
ERR13927339.30846	1562	18.4251
ERR13927339.30847	1560	17.6615
ERR13927339.30848	1579	18.7055
ERR13927339.30849	1580	20.8481
ERR13927339.30850	1550	21.2703
ERR13927339.30851	1544	19.0790
ERR13927339.30852	1581	18.6129
ERR13927339.30853	1578	18.3226
ERR13927339.30854	1592	17.2004
ERR13927339.30855	1598	20.7378
ERR13927339.30856	1574	21.6118
ERR13927339.30857	1596	20.7375
ERR13927339.30858	1638	17.1783
ERR13927339.30859	1605	19.2168
ERR13927339.30860	547	19.4150
ERR13927339.30861	1560	14.8756
ERR13927339.30862	1577	18.4788
ERR13927339.30863	1564	17.7762
ERR13927339.30864	1578	19.0133
ERR13927339.30865	1566	18.7746
ERR13927339.30866	1553	18.9234
ERR13927339.30867	1519	18.5951
ERR13927339.30868	1533	17.3829
ERR13927339.30869	1562	19.3982
ERR13927339.30870	1564	18.8018
ERR13927339.30871	1614	20.0037
ERR13927339.30872	1562	15.0730
ERR13927339.30873	1589	19.5286
ERR13927339.30874	1571	19.7944
ERR13927339.30875	1588	19.8230
ERR13927339.30876	1596	17.4342
ERR13927339.30877	1587	20.8273
ERR13927339.30878	1549	17.7889
ERR13927339.30879	679	15.3903
ERR13927339.30880	1574	18.0832
ERR13927339.30881	1578	15.6819
ERR13927339.30882	1550	17.9761
ERR13927339.30883	1600	16.0869
ERR13927339.30884	1578	20.1502
ERR13927339.30885	1571	16.3253
ERR13927339.30886	1599	21.3127
ERR13927339.30887	1560	17.7609
ERR13927339.30888	1536	17.4362
ERR13927339.30889	1574	17.2942
ERR13927339.30890	1593	19.5135
ERR13927339.30891	1549	16.5152
ERR13927339.30892	1578	19.0463
ERR13927339.30893	1569	19.0325
ERR13927339.30894	1558	20.0443
ERR13927339.30895	1548	15.8553
ERR13927339.30896	1580	17.3557
ERR13927339.30897	1068	15.6882
ERR13927339.30898	1594	19.2892
ERR13927339.30899	1531	15.2325
ERR13927339.30900	1570	17.1567
ERR13927339.30901	1550	17.5503
ERR13927339.30902	1582	19.6783
ERR13927339.30903	1573	18.7247
ERR13927339.30904	1554	16.5367
ERR13927339.30905	1584	20.2090
ERR13927339.30906	1556	17.5180
ERR13927339.30907	1605	17.8293
ERR13927339.30908	1599	18.0000
ERR13927339.30909	1555	17.3505
ERR13927339.30910	1539	15.0825
ERR13927339.30911	1601	17.3260
ERR13927339.30912	1545	17.3482
ERR13927339.30913	1588	19.8123
ERR13927339.30914	1564	20.6106
ERR13927339.30915	1554	17.3874
ERR13927339.30916	1568	19.7117
ERR13927339.30917	1567	19.6745
ERR13927339.30918	1577	18.1357
ERR13927339.30919	1558	19.6065
ERR13927339.30920	1574	18.8100
ERR13927339.30921	1552	19.0032
ERR13927339.30922	895	18.5374
ERR13927339.30923	1534	17.5919
ERR13927339.30924	1560	19.7423
ERR13927339.30925	1595	18.9141
ERR13927339.30926	1585	19.1590
ERR13927339.30927	1586	22.5170
ERR13927339.30928	1565	17.2377
ERR13927339.30929	1570	18.0924
ERR13927339.30930	1597	19.8923
ERR13927339.30931	1597	18.8647
ERR13927339.30932	1607	18.1624
ERR13927339.30933	1567	16.0325
ERR13927339.30934	1551	18.9852
ERR13927339.30935	1487	20.1668
ERR13927339.30936	1565	21.0486
ERR13927339.30937	1517	14.7192
ERR13927339.30938	1585	18.7830
ERR13927339.30939	1603	20.7261
ERR13927339.30940	1587	17.1664
ERR13927339.30941	1565	20.8799
ERR13927339.30942	1691	19.6316
ERR13927339.30943	1554	18.6519
ERR13927339.30944	1545	19.1566
ERR13927339.30945	218	13.1009
ERR13927339.30946	1576	19.8693
ERR13927339.30947	1555	17.1582
ERR13927339.30948	1535	19.0723
ERR13927339.30949	223	14.2691
ERR13927339.30950	1578	18.1160
ERR13927339.30951	1545	16.6990
ERR13927339.30952	1573	17.3764
ERR13927339.30953	1569	18.1593
ERR13927339.30954	1573	17.0852
ERR13927339.30955	1588	15.6115
ERR13927339.30956	1574	15.4752
ERR13927339.30957	1584	19.9994
ERR13927339.30958	1594	19.3118
ERR13927339.30959	1563	19.9469
ERR13927339.30960	1586	18.3493
ERR13927339.30961	1575	18.6552
ERR13927339.30962	1597	17.9111
ERR13927339.30963	1544	14.7701
ERR13927339.30964	1573	20.1513
ERR13927339.30965	1566	18.3691
ERR13927339.30966	1540	16.5929
ERR13927339.30967	1587	16.5488
ERR13927339.30968	1608	19.6256
ERR13927339.30969	1502	17.4121
ERR13927339.30970	1603	19.5652
ERR13927339.30971	1603	18.9701
ERR13927339.30972	423	15.4019
ERR13927339.30973	1562	19.1825
ERR13927339.30974	1589	17.3556
ERR13927339.30975	1577	16.9911
ERR13927339.30976	1568	19.6409
ERR13927339.30977	1543	20.6189
ERR13927339.30978	1598	15.3798
ERR13927339.30979	1721	20.3457
ERR13927339.30980	1558	18.7818
ERR13927339.30981	1583	18.7997
ERR13927339.30982	1568	20.5312
ERR13927339.30983	1608	16.7892
ERR13927339.30984	1549	14.7947
ERR13927339.30985	1543	19.9624
ERR13927339.30986	1618	19.9827
ERR13927339.30987	1571	18.7046
ERR13927339.30988	1557	19.7656
ERR13927339.30989	1584	19.6048
ERR13927339.30990	1605	17.6087
ERR13927339.30991	1580	18.7424
ERR13927339.30992	1588	20.0264
ERR13927339.30993	1532	16.1292
ERR13927339.30994	1597	18.8554
ERR13927339.30995	1568	17.2787
ERR13927339.30996	1572	19.5458
ERR13927339.30997	1548	15.4806
ERR13927339.30998	1552	17.7178
ERR13927339.30999	1545	17.3049
ERR13927339.31000	1606	18.2671
ERR13927339.31001	1585	20.2379
ERR13927339.31002	1582	17.9640
ERR13927339.31003	1557	20.4406
ERR13927339.31004	493	15.5456
ERR13927339.31005	1580	17.3753
ERR13927339.31006	1497	15.2919
ERR13927339.31007	1562	20.4609
ERR13927339.31008	1581	19.7071
ERR13927339.31009	1614	16.4126
ERR13927339.31010	1553	18.4926
ERR13927339.31011	1570	18.0605
ERR13927339.31012	1566	18.9476
ERR13927339.31013	1622	17.9297
ERR13927339.31014	1561	19.9001
ERR13927339.31015	1549	15.9955
ERR13927339.31016	1574	15.1760
ERR13927339.31017	1582	21.0948
ERR13927339.31018	1553	17.8693
ERR13927339.31019	1538	19.4837
ERR13927339.31020	1580	16.7234
ERR13927339.31021	1650	17.8339
ERR13927339.31022	1559	16.7537
ERR13927339.31023	1564	18.7903
ERR13927339.31024	1611	19.6065
ERR13927339.31025	1582	17.3217
ERR13927339.31026	1621	21.9247
ERR13927339.31027	1563	20.0531
ERR13927339.31028	1588	19.9887
ERR13927339.31029	1572	20.0305
ERR13927339.31030	1521	13.9763
ERR13927339.31031	1577	20.8643
ERR13927339.31032	1572	17.8142
ERR13927339.31033	1596	19.6573
ERR13927339.31034	1628	20.5190
ERR13927339.31035	1570	19.9541
ERR13927339.31036	1623	16.6038
ERR13927339.31037	1538	20.1125
ERR13927339.31038	1593	16.1073
ERR13927339.31039	1563	20.8599
ERR13927339.31040	1587	18.1991
ERR13927339.31041	1570	20.1968
ERR13927339.31042	1587	19.4915
ERR13927339.31043	1587	20.1790
ERR13927339.31044	1588	18.2003
ERR13927339.31045	1550	19.3045
ERR13927339.31046	1559	19.6671
ERR13927339.31047	1557	18.3102
ERR13927339.31048	1573	16.5277
ERR13927339.31049	1148	13.4808
ERR13927339.31050	1568	20.7404
ERR13927339.31051	1641	17.4546
ERR13927339.31052	1592	14.7092
ERR13927339.31053	1611	17.3017
ERR13927339.31054	1543	20.0668
ERR13927339.31055	1577	15.1528
ERR13927339.31056	1588	19.2752
ERR13927339.31057	1554	19.5592
ERR13927339.31058	1570	17.0904
ERR13927339.31059	1567	19.2814
ERR13927339.31060	1558	19.2125
ERR13927339.31061	1570	17.0510
ERR13927339.31062	1579	20.6232
ERR13927339.31063	1583	18.3474
ERR13927339.31064	1571	19.9790
ERR13927339.31065	1549	15.6411
ERR13927339.31066	1620	20.1741
ERR13927339.31067	1623	16.0789
ERR13927339.31068	1577	20.6810
ERR13927339.31069	1575	18.5587
ERR13927339.31070	1574	18.1645
ERR13927339.31071	1590	19.4019
ERR13927339.31072	1581	17.2321
ERR13927339.31073	1589	18.1410
ERR13927339.31074	1561	18.0634
ERR13927339.31075	1538	19.7451
ERR13927339.31076	1540	19.7870
ERR13927339.31077	1553	19.1713
ERR13927339.31078	562	17.9235
ERR13927339.31079	1599	17.8274
ERR13927339.31080	1544	15.6723
ERR13927339.31081	777	18.7027
ERR13927339.31082	1567	16.9502
ERR13927339.31083	1591	18.9107
ERR13927339.31084	1573	19.1144
ERR13927339.31085	1573	21.1348
ERR13927339.31086	1549	16.0549
ERR13927339.31087	1567	17.3791
ERR13927339.31088	1572	18.6622
ERR13927339.31089	1569	21.1230
ERR13927339.31090	1606	18.6457
ERR13927339.31091	1591	17.2684
ERR13927339.31092	1576	17.0102
ERR13927339.31093	1589	20.8062
ERR13927339.31094	1538	16.4122
ERR13927339.31095	1579	18.6770
ERR13927339.31096	1596	18.2914
ERR13927339.31097	1593	18.5857
ERR13927339.31098	1639	18.2752
ERR13927339.31099	1582	16.6062
ERR13927339.31100	1604	19.2213
ERR13927339.31101	1600	20.4800
ERR13927339.31102	1568	21.6939
ERR13927339.31103	1580	18.9848
ERR13927339.31104	1576	18.9968
ERR13927339.31105	1564	18.6598
ERR13927339.31106	1625	19.5194
ERR13927339.31107	1562	16.4706
ERR13927339.31108	1556	19.6748
ERR13927339.31109	1562	17.0659
ERR13927339.31110	1570	17.9293
ERR13927339.31111	1539	17.5712
ERR13927339.31112	1543	17.1063
ERR13927339.31113	1586	18.9515
ERR13927339.31114	1607	15.7654
ERR13927339.31115	724	20.3191
ERR13927339.31116	1583	19.3323
ERR13927339.31117	1577	21.0330
ERR13927339.31118	1519	17.6399
ERR13927339.31119	1527	19.8651
ERR13927339.31120	1612	19.9274
ERR13927339.31121	1568	19.8642
ERR13927339.31122	1548	17.3611
ERR13927339.31123	1322	18.4894
ERR13927339.31124	1562	20.8886
ERR13927339.31125	1560	19.3333
ERR13927339.31126	1581	20.7217
ERR13927339.31127	1603	16.8203
ERR13927339.31128	1566	19.2363
ERR13927339.31129	1599	18.4722
ERR13927339.31130	1605	18.0150
ERR13927339.31131	1613	16.8041
ERR13927339.31132	1574	19.8914
ERR13927339.31133	1545	17.7282
ERR13927339.31134	1537	15.1366
ERR13927339.31135	1504	15.3517
ERR13927339.31136	1585	20.0890
ERR13927339.31137	1576	19.8096
ERR13927339.31138	1577	20.6842
ERR13927339.31139	1578	16.9221
ERR13927339.31140	1603	18.7342
ERR13927339.31141	1575	19.7003
ERR13927339.31142	1561	16.8354
ERR13927339.31143	1585	18.3577
ERR13927339.31144	1570	19.8892
ERR13927339.31145	1656	17.3653
ERR13927339.31146	1553	18.7804
ERR13927339.31147	1566	19.5313
ERR13927339.31148	961	16.3361
ERR13927339.31149	1541	16.9429
ERR13927339.31150	1559	18.6434
ERR13927339.31151	1578	19.7598
ERR13927339.31152	1549	16.3099
ERR13927339.31153	1610	17.7534
ERR13927339.31154	1568	19.9885
ERR13927339.31155	1546	15.1514
ERR13927339.31156	1557	22.8497
ERR13927339.31157	1564	16.1733
ERR13927339.31158	1579	16.7270
ERR13927339.31159	1513	16.2512
ERR13927339.31160	1602	21.8745
ERR13927339.31161	1546	20.2503
ERR13927339.31162	1588	18.3042
ERR13927339.31163	952	17.6964
ERR13927339.31164	1542	18.3690
ERR13927339.31165	1561	20.9494
ERR13927339.31166	381	15.1575
ERR13927339.31167	1552	19.9369
ERR13927339.31168	1564	15.6797
ERR13927339.31169	1558	18.2651
ERR13927339.31170	1571	20.2190
ERR13927339.31171	1572	18.7265
ERR13927339.31172	1550	14.9987
ERR13927339.31173	1572	20.6864
ERR13927339.31174	1620	17.8870
ERR13927339.31175	1560	22.1212
ERR13927339.31176	1516	16.5745
ERR13927339.31177	1548	14.9373
ERR13927339.31178	1562	18.8739
ERR13927339.31179	1147	17.6146
ERR13927339.31180	1539	18.1267
ERR13927339.31181	1570	19.5618
ERR13927339.31182	1569	18.4398
ERR13927339.31183	1551	19.7834
ERR13927339.31184	1561	19.4574
ERR13927339.31185	1573	18.1812
ERR13927339.31186	1580	20.2728
ERR13927339.31187	1559	17.9538
ERR13927339.31188	1582	19.4241
ERR13927339.31189	1146	18.2426
ERR13927339.31190	859	17.9825
ERR13927339.31191	1556	17.8297
ERR13927339.31192	1592	18.3430
ERR13927339.31193	1600	17.3631
ERR13927339.31194	1557	19.0623
ERR13927339.31195	1578	17.6001
ERR13927339.31196	1598	18.8861
ERR13927339.31197	1579	21.1197
ERR13927339.31198	1150	16.8078
ERR13927339.31199	1598	17.7516
ERR13927339.31200	1556	19.5983
ERR13927339.31201	1578	19.2643
ERR13927339.31202	1575	16.9892
ERR13927339.31203	1567	19.2534
ERR13927339.31204	1560	21.1962
ERR13927339.31205	1566	16.0900
ERR13927339.31206	1586	20.2453
ERR13927339.31207	1566	16.2522
ERR13927339.31208	1569	15.4755
ERR13927339.31209	1603	17.9320
ERR13927339.31210	1531	17.4226
ERR13927339.31211	1573	20.3980
ERR13927339.31212	1601	18.4254
ERR13927339.31213	1579	20.4243
ERR13927339.31214	1594	18.9931
ERR13927339.31215	1585	17.0151
ERR13927339.31216	1584	20.2279
ERR13927339.31217	1594	16.2641
ERR13927339.31218	1568	17.9732
ERR13927339.31219	1568	18.3042
ERR13927339.31220	1562	16.0429
ERR13927339.31221	1574	19.2649
ERR13927339.31222	1540	15.7091
ERR13927339.31223	1548	16.7087
ERR13927339.31224	1574	16.8596
ERR13927339.31225	1579	15.2970
ERR13927339.31226	1540	18.2929
ERR13927339.31227	1574	18.8393
ERR13927339.31228	1568	19.0402
ERR13927339.31229	1556	18.7359
ERR13927339.31230	1610	15.2261
ERR13927339.31231	1605	16.8249
ERR13927339.31232	1571	17.5640
ERR13927339.31233	1575	21.8133
ERR13927339.31234	1553	17.7437
ERR13927339.31235	1598	18.1552
ERR13927339.31236	1547	16.6037
ERR13927339.31237	1537	21.8959
ERR13927339.31238	1570	18.4389
ERR13927339.31239	1562	14.4219
ERR13927339.31240	1526	18.0007
ERR13927339.31241	1531	18.3187
ERR13927339.31242	1577	17.7565
ERR13927339.31243	1554	17.7477
ERR13927339.31244	1549	17.2292
ERR13927339.31245	1544	14.9275
ERR13927339.31246	1575	15.9676
ERR13927339.31247	1659	18.6606
ERR13927339.31248	1578	19.6255
ERR13927339.31249	1558	16.8184
ERR13927339.31250	1566	15.2567
ERR13927339.31251	1546	20.4120
ERR13927339.31252	1603	17.7661
ERR13927339.31253	1559	19.8339
ERR13927339.31254	1734	20.2976
ERR13927339.31255	1582	19.0310
ERR13927339.31256	1552	19.6057
ERR13927339.31257	1562	20.0045
ERR13927339.31258	1558	18.0591
ERR13927339.31259	1568	16.5153
ERR13927339.31260	1549	19.8205
ERR13927339.31261	1601	18.4272
ERR13927339.31262	1559	14.5176
ERR13927339.31263	1559	21.8614
ERR13927339.31264	1554	19.7432
ERR13927339.31265	1569	16.0376
ERR13927339.31266	1539	16.0253
ERR13927339.31267	1573	20.9434
ERR13927339.31268	1576	22.2037
ERR13927339.31269	1591	17.2665
ERR13927339.31270	1569	16.2600
ERR13927339.31271	1584	18.3100
ERR13927339.31272	1507	19.2754
ERR13927339.31273	1595	16.6972
ERR13927339.31274	1588	20.1499
ERR13927339.31275	1573	19.7928
ERR13927339.31276	1552	19.9149
ERR13927339.31277	1577	20.7280
ERR13927339.31278	1557	20.7033
ERR13927339.31279	1584	17.9590
ERR13927339.31280	1554	20.6088
ERR13927339.31281	1578	14.5786
ERR13927339.31282	1524	20.8937
ERR13927339.31283	1584	20.7178
ERR13927339.31284	1564	17.6400
ERR13927339.31285	1588	22.1467
ERR13927339.31286	1575	16.1657
ERR13927339.31287	1588	17.2443
ERR13927339.31288	1557	19.2319
ERR13927339.31289	1599	18.0169
ERR13927339.31290	1538	14.1899
ERR13927339.31291	1545	16.0265
ERR13927339.31292	1532	17.9523
ERR13927339.31293	1559	17.7903
ERR13927339.31294	1554	18.9556
ERR13927339.31295	1575	20.8540
ERR13927339.31296	1572	18.9230
ERR13927339.31297	1554	19.8115
ERR13927339.31298	1528	14.8992
ERR13927339.31299	1587	16.9231
ERR13927339.31300	1525	20.6780
ERR13927339.31301	1599	16.7511
ERR13927339.31302	1576	17.1777
ERR13927339.31303	1606	19.8120
ERR13927339.31304	1559	19.3464
ERR13927339.31305	1569	18.5902
ERR13927339.31306	1542	17.9981
ERR13927339.31307	1561	17.9398
ERR13927339.31308	1572	20.5515
ERR13927339.31309	1538	16.3166
ERR13927339.31310	1570	15.1146
ERR13927339.31311	1558	17.9602
ERR13927339.31312	1702	19.4395
ERR13927339.31313	1570	18.5172
ERR13927339.31314	1560	20.6038
ERR13927339.31315	1587	19.6629
ERR13927339.31316	1582	18.2819
ERR13927339.31317	1577	20.7502
ERR13927339.31318	1577	20.8630
ERR13927339.31319	1584	19.2607
ERR13927339.31320	1576	18.2094
ERR13927339.31321	1549	17.8677
ERR13927339.31322	1549	14.8218
ERR13927339.31323	1571	21.2667
ERR13927339.31324	1568	19.1282
ERR13927339.31325	1580	18.4462
ERR13927339.31326	1578	18.2814
ERR13927339.31327	1568	19.6869
ERR13927339.31328	1561	18.7713
ERR13927339.31329	1567	19.1404
ERR13927339.31330	1602	20.8009
ERR13927339.31331	422	14.9716
ERR13927339.31332	1604	18.7057
ERR13927339.31333	1592	17.9278
ERR13927339.31334	1579	20.9810
ERR13927339.31335	1569	17.1307
ERR13927339.31336	1579	17.4953
ERR13927339.31337	1564	17.8766
ERR13927339.31338	413	16.7724
ERR13927339.31339	1566	16.0166
ERR13927339.31340	1622	19.2984
ERR13927339.31341	1572	19.4039
ERR13927339.31342	1569	16.4901
ERR13927339.31343	1530	14.6961
ERR13927339.31344	894	16.9564
ERR13927339.31345	1573	20.5893
ERR13927339.31346	1597	22.0570
ERR13927339.31347	1614	18.9269
ERR13927339.31348	1553	17.8448
ERR13927339.31349	1603	16.3506
ERR13927339.31350	1559	18.0058
ERR13927339.31351	1543	17.4180
ERR13927339.31352	1604	19.3304
ERR13927339.31353	1585	17.9445
ERR13927339.31354	1560	19.1769
ERR13927339.31355	1580	20.4861
ERR13927339.31356	1583	18.4510
ERR13927339.31357	1578	18.0279
ERR13927339.31358	1256	21.8439
ERR13927339.31359	1566	17.2471
ERR13927339.31360	1577	20.5986
ERR13927339.31361	3144	17.0197
ERR13927339.31362	1543	14.5768
ERR13927339.31363	1580	20.1500
ERR13927339.31364	1594	18.3588
ERR13927339.31365	1582	20.7086
ERR13927339.31366	1580	18.9380
ERR13927339.31367	1595	20.2044
ERR13927339.31368	1566	21.0696
ERR13927339.31369	1549	16.1924
ERR13927339.31370	1578	19.5608
ERR13927339.31371	1570	20.2834
ERR13927339.31372	1560	19.3519
ERR13927339.31373	1455	14.7560
ERR13927339.31374	1563	16.6871
ERR13927339.31375	1602	20.2765
ERR13927339.31376	1556	19.7738
ERR13927339.31377	1555	17.3325
ERR13927339.31378	1556	15.3374
ERR13927339.31379	1552	15.5316
ERR13927339.31380	1563	17.5515
ERR13927339.31381	1171	17.9616
ERR13927339.31382	1569	20.2167
ERR13927339.31383	1566	17.3142
ERR13927339.31384	1590	16.6811
ERR13927339.31385	1553	19.4018
ERR13927339.31386	1580	18.9715
ERR13927339.31387	1541	16.3407
ERR13927339.31388	1571	21.2954
ERR13927339.31389	1574	18.3945
ERR13927339.31390	1562	15.7087
ERR13927339.31391	1566	18.1922
ERR13927339.31392	1569	16.8808
ERR13927339.31393	1519	14.5411
ERR13927339.31394	1559	18.1482
ERR13927339.31395	1533	16.4918
ERR13927339.31396	1592	20.1068
ERR13927339.31397	1551	17.3211
ERR13927339.31398	1590	17.8962
ERR13927339.31399	1566	14.7842
ERR13927339.31400	1579	15.8239
ERR13927339.31401	1611	20.1446
ERR13927339.31402	1558	17.5488
ERR13927339.31403	1573	19.7235
ERR13927339.31404	1608	19.6785
ERR13927339.31405	1565	20.5591
ERR13927339.31406	1558	14.5430
ERR13927339.31407	1573	17.3694
ERR13927339.31408	1578	18.1622
ERR13927339.31409	1415	15.9322
ERR13927339.31410	1558	18.6772
ERR13927339.31411	1546	18.3092
ERR13927339.31412	1621	22.0037
ERR13927339.31413	1548	19.0640
ERR13927339.31414	1564	21.5019
ERR13927339.31415	1553	20.0206
ERR13927339.31416	1618	20.5105
ERR13927339.31417	1565	21.5240
ERR13927339.31418	1540	16.7338
ERR13927339.31419	1553	17.1784
ERR13927339.31420	1598	19.0263
ERR13927339.31421	1548	19.1292
ERR13927339.31422	1591	17.7932
ERR13927339.31423	1577	20.4610
ERR13927339.31424	1566	20.0658
ERR13927339.31425	1600	16.8525
ERR13927339.31426	1557	19.3680
ERR13927339.31427	1560	14.9814
ERR13927339.31428	1572	18.5604
ERR13927339.31429	1570	19.9115
ERR13927339.31430	1580	19.1861
ERR13927339.31431	868	20.0899
ERR13927339.31432	1587	19.3251
ERR13927339.31433	1568	17.2615
ERR13927339.31434	1571	19.7333
ERR13927339.31435	1597	18.2492
ERR13927339.31436	1564	17.4629
ERR13927339.31437	1570	17.9605
ERR13927339.31438	920	16.4859
ERR13927339.31439	1571	17.9605
ERR13927339.31440	1556	19.1607
ERR13927339.31441	1576	15.8858
ERR13927339.31442	1575	16.1422
ERR13927339.31443	1541	16.6080
ERR13927339.31444	1622	18.7472
ERR13927339.31445	672	15.5104
ERR13927339.31446	1560	19.7019
ERR13927339.31447	1549	14.7269
ERR13927339.31448	1575	15.6590
ERR13927339.31449	1568	18.8769
ERR13927339.31450	1540	15.9117
ERR13927339.31451	1559	16.3611
ERR13927339.31452	1593	16.3095
ERR13927339.31453	1570	21.3573
ERR13927339.31454	1573	16.1049
ERR13927339.31455	1609	17.1746
ERR13927339.31456	1601	20.9363
ERR13927339.31457	1581	16.7685
ERR13927339.31458	1582	17.7516
ERR13927339.31459	1553	21.3838
ERR13927339.31460	1567	15.7773
ERR13927339.31461	1562	17.5621
ERR13927339.31462	1612	19.7829
ERR13927339.31463	1549	18.3596
ERR13927339.31464	1595	19.5724
ERR13927339.31465	1581	16.1227
ERR13927339.31466	1513	17.6623
ERR13927339.31467	1559	20.5792
ERR13927339.31468	1602	19.4082
ERR13927339.31469	1616	19.0526
ERR13927339.31470	1596	15.6090
ERR13927339.31471	1563	18.3884
ERR13927339.31472	1155	17.0121
ERR13927339.31473	1594	20.6330
ERR13927339.31474	1597	18.0144
ERR13927339.31475	1538	19.7347
ERR13927339.31476	1578	16.3530
ERR13927339.31477	1566	18.7886
ERR13927339.31478	1581	16.6654
ERR13927339.31479	1561	18.5439
ERR13927339.31480	1583	20.2577
ERR13927339.31481	1566	19.4336
ERR13927339.31482	1567	17.8034
ERR13927339.31483	1567	18.1991
ERR13927339.31484	1577	17.8110
ERR13927339.31485	1574	17.9670
ERR13927339.31486	1567	19.1551
ERR13927339.31487	1567	20.5960
ERR13927339.31488	1559	19.8903
ERR13927339.31489	1560	17.9224
ERR13927339.31490	1561	16.6758
ERR13927339.31491	1570	16.6408
ERR13927339.31492	1601	18.4822
ERR13927339.31493	1569	18.9503
ERR13927339.31494	1548	15.1912
ERR13927339.31495	1190	20.7294
ERR13927339.31496	1591	18.8265
ERR13927339.31497	1578	18.7395
ERR13927339.31498	1555	15.9595
ERR13927339.31499	1575	17.3086
ERR13927339.31500	1598	18.4287
ERR13927339.31501	1575	18.1962
ERR13927339.31502	1578	20.0387
ERR13927339.31503	1563	20.4786
ERR13927339.31504	1595	17.6740
ERR13927339.31505	1522	14.5940
ERR13927339.31506	1555	17.4637
ERR13927339.31507	1555	19.0785
ERR13927339.31508	1557	16.4579
ERR13927339.31509	1577	18.2739
ERR13927339.31510	1580	20.0399
ERR13927339.31511	1602	19.0687
ERR13927339.31512	1576	18.7024
ERR13927339.31513	1559	17.3271
ERR13927339.31514	1574	18.3793
ERR13927339.31515	1640	16.8024
ERR13927339.31516	1574	18.0616
ERR13927339.31517	1582	21.1037
ERR13927339.31518	1562	17.8156
ERR13927339.31519	1571	16.5996
ERR13927339.31520	1560	17.8667
ERR13927339.31521	1587	18.9912
ERR13927339.31522	1579	20.0602
ERR13927339.31523	1567	18.2138
ERR13927339.31524	1598	18.2146
ERR13927339.31525	1555	19.0817
ERR13927339.31526	1569	19.2518
ERR13927339.31527	1562	15.3169
ERR13927339.31528	1581	18.0930
ERR13927339.31529	1574	20.1004
ERR13927339.31530	1614	20.7317
ERR13927339.31531	1582	20.3047
ERR13927339.31532	1566	18.6782
ERR13927339.31533	1575	17.3949
ERR13927339.31534	1618	19.4666
ERR13927339.31535	1550	17.4748
ERR13927339.31536	1584	21.6862
ERR13927339.31537	1562	20.3009
ERR13927339.31538	1582	20.6997
ERR13927339.31539	1583	15.1510
ERR13927339.31540	1516	16.3641
ERR13927339.31541	1545	16.4000
ERR13927339.31542	1554	19.2915
ERR13927339.31543	1588	20.8130
ERR13927339.31544	1558	17.1752
ERR13927339.31545	1578	18.5177
ERR13927339.31546	1568	17.1652
ERR13927339.31547	1016	16.1890
ERR13927339.31548	1110	15.9667
ERR13927339.31549	1597	17.6468
ERR13927339.31550	1577	19.8643
ERR13927339.31551	1583	20.8307
ERR13927339.31552	1595	18.6897
ERR13927339.31553	1578	19.3967
ERR13927339.31554	1532	18.8368
ERR13927339.31555	1596	16.6955
ERR13927339.31556	1547	20.1836
ERR13927339.31557	1600	17.4413
ERR13927339.31558	1208	16.6589
ERR13927339.31559	1556	19.8458
ERR13927339.31560	1536	15.2604
ERR13927339.31561	1562	18.8572
ERR13927339.31562	1541	15.9273
ERR13927339.31563	1571	19.1808
ERR13927339.31564	1557	19.5209
ERR13927339.31565	1602	19.3964
ERR13927339.31566	1591	17.9736
ERR13927339.31567	1557	19.5530
ERR13927339.31568	1573	19.3528
ERR13927339.31569	1550	19.6394
ERR13927339.31570	1567	15.9502
ERR13927339.31571	1584	20.1837
ERR13927339.31572	1618	20.1731
ERR13927339.31573	1575	19.6432
ERR13927339.31574	1580	17.6222
ERR13927339.31575	1594	17.7785
ERR13927339.31576	1628	17.3864
ERR13927339.31577	1541	17.0376
ERR13927339.31578	1592	17.4353
ERR13927339.31579	1567	21.2406
ERR13927339.31580	1577	17.7984
ERR13927339.31581	1555	21.8199
ERR13927339.31582	1582	17.5613
ERR13927339.31583	1586	19.1305
ERR13927339.31584	1568	19.5708
ERR13927339.31585	1553	20.6001
ERR13927339.31586	1548	18.0349
ERR13927339.31587	1576	18.6415
ERR13927339.31588	1558	18.1110
ERR13927339.31589	1571	20.4589
ERR13927339.31590	1612	19.2029
ERR13927339.31591	1576	19.8648
ERR13927339.31592	1596	21.0457
ERR13927339.31593	1637	17.6164
ERR13927339.31594	1562	18.2734
ERR13927339.31595	209	14.2775
ERR13927339.31596	295	15.4475
ERR13927339.31597	1530	15.4837
ERR13927339.31598	1570	19.0541
ERR13927339.31599	1582	18.5563
ERR13927339.31600	1560	20.2308
ERR13927339.31601	1565	17.6409
ERR13927339.31602	1553	18.4675
ERR13927339.31603	1590	19.3799
ERR13927339.31604	1584	15.5802
ERR13927339.31605	1581	14.7432
ERR13927339.31606	1624	19.2950
ERR13927339.31607	1341	18.6719
ERR13927339.31608	1507	15.8248
ERR13927339.31609	1578	17.3714
ERR13927339.31610	1593	17.8788
ERR13927339.31611	1536	18.4889
ERR13927339.31612	1595	17.1147
ERR13927339.31613	1537	16.3448
ERR13927339.31614	1551	14.8981
ERR13927339.31615	1580	17.0506
ERR13927339.31616	1590	19.0987
ERR13927339.31617	1538	19.4330
ERR13927339.31618	1571	17.9504
ERR13927339.31619	1567	17.1768
ERR13927339.31620	1591	20.0478
ERR13927339.31621	1538	17.5806
ERR13927339.31622	1578	19.5095
ERR13927339.31623	1583	20.5768
ERR13927339.31624	1567	18.8124
ERR13927339.31625	1599	20.5947
ERR13927339.31626	1551	16.0413
ERR13927339.31627	1594	18.9090
ERR13927339.31628	1584	19.6843
ERR13927339.31629	1587	18.3075
ERR13927339.31630	1588	20.0044
ERR13927339.31631	1568	21.3559
ERR13927339.31632	1544	18.3070
ERR13927339.31633	1569	18.5832
ERR13927339.31634	1600	20.7256
ERR13927339.31635	1584	18.2828
ERR13927339.31636	1563	16.9923
ERR13927339.31637	1534	17.3996
ERR13927339.31638	1552	16.1604
ERR13927339.31639	1548	15.0543
ERR13927339.31640	1620	16.2006
ERR13927339.31641	1616	16.7475
ERR13927339.31642	1575	16.7937
ERR13927339.31643	1853	15.8743
ERR13927339.31644	1588	19.9175
ERR13927339.31645	1561	15.5221
ERR13927339.31646	1590	20.3547
ERR13927339.31647	1587	18.1040
ERR13927339.31648	1590	20.0566
ERR13927339.31649	1555	17.8990
ERR13927339.31650	1568	18.8986
ERR13927339.31651	1538	17.9109
ERR13927339.31652	1567	20.1481
ERR13927339.31653	1592	16.3229
ERR13927339.31654	1550	18.8523
ERR13927339.31655	1625	17.7889
ERR13927339.31656	1509	17.0093
ERR13927339.31657	1571	21.1458
ERR13927339.31658	1621	20.4405
ERR13927339.31659	1563	21.0685
ERR13927339.31660	1562	16.8323
ERR13927339.31661	1565	15.9808
ERR13927339.31662	1583	20.3114
ERR13927339.31663	1585	22.0751
ERR13927339.31664	1559	17.7877
ERR13927339.31665	1577	18.6398
ERR13927339.31666	504	12.4603
ERR13927339.31667	1546	17.6630
ERR13927339.31668	1580	19.5544
ERR13927339.31669	1590	18.8767
ERR13927339.31670	1558	19.3665
ERR13927339.31671	1560	17.7468
ERR13927339.31672	1572	18.4911
ERR13927339.31673	1591	20.2784
ERR13927339.31674	1562	19.0627
ERR13927339.31675	1580	19.7949
ERR13927339.31676	1583	17.4618
ERR13927339.31677	1589	21.1208
ERR13927339.31678	1567	17.4103
ERR13927339.31679	1558	19.5026
ERR13927339.31680	1618	17.5371
ERR13927339.31681	1565	18.0300
ERR13927339.31682	1567	16.6911
ERR13927339.31683	1547	18.5191
ERR13927339.31684	1570	18.0809
ERR13927339.31685	1558	19.3524
ERR13927339.31686	1571	15.2724
ERR13927339.31687	1315	16.8335
ERR13927339.31688	1552	17.1024
ERR13927339.31689	1575	22.3117
ERR13927339.31690	1562	18.5455
ERR13927339.31691	1566	20.1877
ERR13927339.31692	1552	18.0219
ERR13927339.31693	1544	17.4864
ERR13927339.31694	1605	19.7240
ERR13927339.31695	1590	18.8516
ERR13927339.31696	1560	20.9596
ERR13927339.31697	1051	17.1760
ERR13927339.31698	1552	18.0857
ERR13927339.31699	1588	19.8243
ERR13927339.31700	1575	20.2305
ERR13927339.31701	1584	16.3971
ERR13927339.31702	1561	19.8744
ERR13927339.31703	1581	18.7293
ERR13927339.31704	1579	20.4889
ERR13927339.31705	1599	15.4584
ERR13927339.31706	1619	20.9561
ERR13927339.31707	1558	19.8504
ERR13927339.31708	1550	18.0335
ERR13927339.31709	1556	17.1832
ERR13927339.31710	1532	14.7755
ERR13927339.31711	1515	15.5743
ERR13927339.31712	1596	16.4336
ERR13927339.31713	239	15.1925
ERR13927339.31714	1580	19.1297
ERR13927339.31715	1538	18.0377
ERR13927339.31716	1568	18.8482
ERR13927339.31717	1572	14.0547
ERR13927339.31718	1553	19.3896
ERR13927339.31719	1618	17.0087
ERR13927339.31720	1530	15.5856
ERR13927339.31721	184	10.3967
ERR13927339.31722	1589	14.2152
ERR13927339.31723	1611	15.0695
ERR13927339.31724	1604	16.1066
ERR13927339.31725	1563	20.3436
ERR13927339.31726	1627	17.1678
ERR13927339.31727	1037	23.2324
ERR13927339.31728	1576	18.3985
ERR13927339.31729	1559	18.6671
ERR13927339.31730	1576	18.0324
ERR13927339.31731	1559	20.9955
ERR13927339.31732	1560	20.6340
ERR13927339.31733	1598	20.5088
ERR13927339.31734	1554	18.1795
ERR13927339.31735	1579	20.5009
ERR13927339.31736	1574	20.5629
ERR13927339.31737	1577	18.6094
ERR13927339.31738	1609	16.0249
ERR13927339.31739	1539	15.6049
ERR13927339.31740	1578	19.0431
ERR13927339.31741	1573	16.9237
ERR13927339.31742	1578	20.9683
ERR13927339.31743	1570	17.2599
ERR13927339.31744	1539	15.9773
ERR13927339.31745	1597	17.6130
ERR13927339.31746	1582	20.3319
ERR13927339.31747	1593	18.6472
ERR13927339.31748	1625	14.6794
ERR13927339.31749	1580	14.7272
ERR13927339.31750	1618	18.5247
ERR13927339.31751	1587	19.8872
ERR13927339.31752	1607	16.3255
ERR13927339.31753	1580	21.8044
ERR13927339.31754	1555	19.1833
ERR13927339.31755	1585	16.8814
ERR13927339.31756	1552	23.0664
ERR13927339.31757	1582	21.3477
ERR13927339.31758	1651	17.0503
ERR13927339.31759	1556	17.1170
ERR13927339.31760	1585	19.4423
ERR13927339.31761	1565	21.2575
ERR13927339.31762	1552	14.0741
ERR13927339.31763	1592	16.8989
ERR13927339.31764	1575	19.8406
ERR13927339.31765	1589	19.3606
ERR13927339.31766	1587	16.2539
ERR13927339.31767	1594	19.7754
ERR13927339.31768	1572	17.6069
ERR13927339.31769	1535	17.1179
ERR13927339.31770	1580	18.4570
ERR13927339.31771	1566	16.7886
ERR13927339.31772	1585	17.7363
ERR13927339.31773	1591	20.0415
ERR13927339.31774	1599	16.9862
ERR13927339.31775	1560	17.9987
ERR13927339.31776	1551	18.7344
ERR13927339.31777	1564	19.3881
ERR13927339.31778	1600	19.6900
ERR13927339.31779	1583	20.9387
ERR13927339.31780	1592	17.2802
ERR13927339.31781	1597	17.5805
ERR13927339.31782	1468	18.1301
ERR13927339.31783	1543	16.8944
ERR13927339.31784	1577	16.4585
ERR13927339.31785	1565	14.9048
ERR13927339.31786	1566	16.3238
ERR13927339.31787	1569	16.0096
ERR13927339.31788	1582	17.7826
ERR13927339.31789	1568	18.7449
ERR13927339.31790	1572	20.4237
ERR13927339.31791	1559	18.5504
ERR13927339.31792	1536	16.9616
ERR13927339.31793	1546	17.6184
ERR13927339.31794	1569	20.9681
ERR13927339.31795	1593	16.7552
ERR13927339.31796	1556	20.7481
ERR13927339.31797	1579	18.9240
ERR13927339.31798	1568	18.3170
ERR13927339.31799	1561	17.5548
ERR13927339.31800	1570	17.2096
ERR13927339.31801	1351	17.9926
ERR13927339.31802	1551	16.5770
ERR13927339.31803	1608	20.5448
ERR13927339.31804	1544	18.7798
ERR13927339.31805	1555	19.0482
ERR13927339.31806	1611	17.8796
ERR13927339.31807	1556	20.0167
ERR13927339.31808	1581	18.3852
ERR13927339.31809	1589	18.3744
ERR13927339.31810	1573	18.3255
ERR13927339.31811	1590	16.6830
ERR13927339.31812	1564	18.2717
ERR13927339.31813	1573	20.2746
ERR13927339.31814	1586	16.5013
ERR13927339.31815	1533	18.2003
ERR13927339.31816	1582	19.8692
ERR13927339.31817	1563	16.0902
ERR13927339.31818	1572	19.4281
ERR13927339.31819	1568	17.7640
ERR13927339.31820	1598	19.7021
ERR13927339.31821	1571	17.0248
ERR13927339.31822	1565	19.2971
ERR13927339.31823	1576	18.0400
ERR13927339.31824	1555	15.8495
ERR13927339.31825	1526	15.4260
ERR13927339.31826	1577	20.9734
ERR13927339.31827	1501	18.9367
ERR13927339.31828	1562	18.5058
ERR13927339.31829	1545	16.2045
ERR13927339.31830	1553	17.8255
ERR13927339.31831	1629	19.3346
ERR13927339.31832	1567	17.7403
ERR13927339.31833	1575	17.3600
ERR13927339.31834	1550	20.3116
ERR13927339.31835	1654	18.4492
ERR13927339.31836	1592	17.9441
ERR13927339.31837	1575	15.6673
ERR13927339.31838	1581	19.0778
ERR13927339.31839	1606	16.9377
ERR13927339.31840	1581	19.0550
ERR13927339.31841	1582	18.3028
ERR13927339.31842	1539	14.8811
ERR13927339.31843	1537	19.2928
ERR13927339.31844	1361	20.4710
ERR13927339.31845	1584	19.4571
ERR13927339.31846	1617	17.3210
ERR13927339.31847	1405	15.6982
ERR13927339.31848	1513	17.2089
ERR13927339.31849	1598	18.3617
ERR13927339.31850	1582	17.6732
ERR13927339.31851	1580	22.9133
ERR13927339.31852	1589	19.8162
ERR13927339.31853	1615	20.6991
ERR13927339.31854	1608	19.6337
ERR13927339.31855	1570	19.9936
ERR13927339.31856	1559	14.5811
ERR13927339.31857	1597	17.4458
ERR13927339.31858	1548	18.1163
ERR13927339.31859	1569	19.8967
ERR13927339.31860	1572	18.3461
ERR13927339.31861	1560	19.3987
ERR13927339.31862	1609	19.4170
ERR13927339.31863	1525	17.0492
ERR13927339.31864	1573	17.1812
ERR13927339.31865	1565	19.0735
ERR13927339.31866	1585	17.3432
ERR13927339.31867	1598	16.8179
ERR13927339.31868	1567	19.0121
ERR13927339.31869	1543	19.6688
ERR13927339.31870	1583	19.4321
ERR13927339.31871	1564	18.7302
ERR13927339.31872	1594	15.6713
ERR13927339.31873	1579	22.0887
ERR13927339.31874	1576	17.4251
ERR13927339.31875	1578	18.7681
ERR13927339.31876	1646	17.6166
ERR13927339.31877	1589	15.9578
ERR13927339.31878	1576	18.2234
ERR13927339.31879	1624	15.5142
ERR13927339.31880	1543	20.6118
ERR13927339.31881	1603	16.8497
ERR13927339.31882	1557	19.3847
ERR13927339.31883	1585	19.5098
ERR13927339.31884	1604	20.0387
ERR13927339.31885	1574	19.4581
ERR13927339.31886	1613	19.8741
ERR13927339.31887	1542	15.7419
ERR13927339.31888	1592	16.8555
ERR13927339.31889	1541	17.4335
ERR13927339.31890	1574	20.2745
ERR13927339.31891	1533	16.2368
ERR13927339.31892	1563	19.0736
ERR13927339.31893	1573	20.3827
ERR13927339.31894	1574	18.2611
ERR13927339.31895	1543	16.0512
ERR13927339.31896	1582	17.4861
ERR13927339.31897	1579	19.3046
ERR13927339.31898	1604	19.2201
ERR13927339.31899	1560	18.3058
ERR13927339.31900	1526	16.1415
ERR13927339.31901	1575	19.8089
ERR13927339.31902	1605	15.8804
ERR13927339.31903	1562	17.5320
ERR13927339.31904	1551	15.1966
ERR13927339.31905	1559	17.3791
ERR13927339.31906	1558	18.6316
ERR13927339.31907	1603	19.8615
ERR13927339.31908	1567	15.9004
ERR13927339.31909	1610	20.3565
ERR13927339.31910	1566	15.2280
ERR13927339.31911	1534	15.2608
ERR13927339.31912	1410	14.8121
ERR13927339.31913	1570	18.6924
ERR13927339.31914	1578	17.5697
ERR13927339.31915	1561	18.5151
ERR13927339.31916	1659	21.6130
ERR13927339.31917	1579	20.7821
ERR13927339.31918	1569	19.9031
ERR13927339.31919	1587	19.2722
ERR13927339.31920	1580	19.1791
ERR13927339.31921	1583	17.6980
ERR13927339.31922	1551	19.0832
ERR13927339.31923	1576	19.3090
ERR13927339.31924	1571	17.7683
ERR13927339.31925	1567	19.0893
ERR13927339.31926	1598	15.9380
ERR13927339.31927	1563	17.0416
ERR13927339.31928	659	15.0653
ERR13927339.31929	1564	15.9706
ERR13927339.31930	1495	21.6495
ERR13927339.31931	1580	17.4994
ERR13927339.31932	1554	18.6744
ERR13927339.31933	1567	14.3976
ERR13927339.31934	1566	16.7146
ERR13927339.31935	1545	15.7547
ERR13927339.31936	1563	17.8170
ERR13927339.31937	1567	20.8883
ERR13927339.31938	1568	18.8654
ERR13927339.31939	449	14.6370
ERR13927339.31940	1536	16.6621
ERR13927339.31941	1585	16.5552
ERR13927339.31942	1587	17.9893
ERR13927339.31943	1588	16.3117
ERR13927339.31944	1450	20.4076
ERR13927339.31945	1575	19.3359
ERR13927339.31946	1578	16.0184
ERR13927339.31947	1557	17.7392
ERR13927339.31948	1568	17.3291
ERR13927339.31949	1584	18.9287
ERR13927339.31950	1620	17.5673
ERR13927339.31951	197	13.9492
ERR13927339.31952	1581	14.4624
ERR13927339.31953	1675	20.0519
ERR13927339.31954	1547	17.5495
ERR13927339.31955	1569	15.9433
ERR13927339.31956	1575	21.2025
ERR13927339.31957	1529	16.0419
ERR13927339.31958	1574	20.9187
ERR13927339.31959	1613	19.8171
ERR13927339.31960	1578	18.4797
ERR13927339.31961	1595	19.8000
ERR13927339.31962	1581	16.3599
ERR13927339.31963	1580	20.2627
ERR13927339.31964	1576	19.1523
ERR13927339.31965	1588	17.3004
ERR13927339.31966	1570	18.4248
ERR13927339.31967	1587	15.4858
ERR13927339.31968	1554	17.8115
ERR13927339.31969	1564	20.4098
ERR13927339.31970	1563	20.0358
ERR13927339.31971	1597	15.4984
ERR13927339.31972	1549	14.4984
ERR13927339.31973	1561	20.3133
ERR13927339.31974	1574	22.1321
ERR13927339.31975	1612	19.3275
ERR13927339.31976	1573	18.2015
ERR13927339.31977	1569	18.9662
ERR13927339.31978	1542	17.2049
ERR13927339.31979	1851	17.0632
ERR13927339.31980	1576	17.5324
ERR13927339.31981	1609	15.7483
ERR13927339.31982	1579	19.8068
ERR13927339.31983	1584	20.0979
ERR13927339.31984	1567	19.3146
ERR13927339.31985	1576	19.7697
ERR13927339.31986	1625	15.2542
ERR13927339.31987	1520	15.7158
ERR13927339.31988	1566	18.7848
ERR13927339.31989	1574	21.8717
ERR13927339.31990	1587	18.4644
ERR13927339.31991	1583	17.5502
ERR13927339.31992	1544	16.9585
ERR13927339.31993	1605	19.9794
ERR13927339.31994	1565	15.7585
ERR13927339.31995	1490	16.2691
ERR13927339.31996	1612	18.4342
ERR13927339.31997	1556	15.1440
ERR13927339.31998	1566	21.1967
ERR13927339.31999	1549	16.5713
ERR13927339.32000	1592	19.9196
ERR13927339.32001	1533	18.3399
ERR13927339.32002	1589	19.2851
ERR13927339.32003	1585	16.4297
ERR13927339.32004	1536	15.9928
ERR13927339.32005	1588	19.6001
ERR13927339.32006	1581	21.1853
ERR13927339.32007	1584	19.9968
ERR13927339.32008	1661	16.8718
ERR13927339.32009	1559	18.3393
ERR13927339.32010	1550	15.0561
ERR13927339.32011	1590	14.9673
ERR13927339.32012	1584	19.9198
ERR13927339.32013	1598	20.2566
ERR13927339.32014	1624	15.4397
ERR13927339.32015	1570	15.0752
ERR13927339.32016	1562	21.1972
ERR13927339.32017	1560	17.7577
ERR13927339.32018	1575	18.4317
ERR13927339.32019	1590	20.6214
ERR13927339.32020	1572	18.9606
ERR13927339.32021	1298	18.3097
ERR13927339.32022	1587	14.3812
ERR13927339.32023	1574	19.8907
ERR13927339.32024	1576	19.2633
ERR13927339.32025	1573	19.3344
ERR13927339.32026	1581	16.5079
ERR13927339.32027	1588	16.8671
ERR13927339.32028	1552	15.8576
ERR13927339.32029	1594	19.8795
ERR13927339.32030	1575	19.8013
ERR13927339.32031	1595	21.9448
ERR13927339.32032	1601	16.8844
ERR13927339.32033	1577	22.5396
ERR13927339.32034	1562	20.2567
ERR13927339.32035	1535	17.0059
ERR13927339.32036	1607	15.9378
ERR13927339.32037	1325	17.2823
ERR13927339.32038	1567	20.1161
ERR13927339.32039	1581	18.1069
ERR13927339.32040	1560	18.2410
ERR13927339.32041	1551	20.0019
ERR13927339.32042	1552	16.5226
ERR13927339.32043	1573	21.4692
ERR13927339.32044	1578	21.9607
ERR13927339.32045	1574	20.1817
ERR13927339.32046	1664	18.1905
ERR13927339.32047	1583	18.8010
ERR13927339.32048	1571	17.7447
ERR13927339.32049	1415	16.7618
ERR13927339.32050	1707	18.9344
ERR13927339.32051	1574	16.8926
ERR13927339.32052	1622	22.0678
ERR13927339.32053	1551	20.7988
ERR13927339.32054	1574	15.8113
ERR13927339.32055	1547	16.8242
ERR13927339.32056	1549	18.7947
ERR13927339.32057	1606	16.5866
ERR13927339.32058	1560	18.1622
ERR13927339.32059	1534	17.0711
ERR13927339.32060	1546	15.5880
ERR13927339.32061	930	16.8860
ERR13927339.32062	1573	19.4164
ERR13927339.32063	1557	15.5196
ERR13927339.32064	1601	19.2598
ERR13927339.32065	1607	17.6596
ERR13927339.32066	1561	19.7028
ERR13927339.32067	1560	17.6462
ERR13927339.32068	1559	20.7081
ERR13927339.32069	1552	18.9272
ERR13927339.32070	1552	15.5226
