group	Df	SumOfSqs	R2	F	Pr..F.
DNA_isolation_method	3	3.26949884875478	0.160797368304854	7.14045206221079	0.001
library	4	7.9058579395299	0.388818350969174	12.9495533350689	0.001
Residual	60	9.15768027085527	0.450384280725972	NA	NA
Total	67	20.33303705914	1	NA	NA
