group	Df	SumOfSqs	R2	F	Pr..F.
DNA_isolation_method	3	2.39381068696168	0.136222611916545	6.18229858290185	0.001
library	4	7.95116658929192	0.452470484185054	15.4011195011584	0.001
Residual	56	7.22780783836618	0.411306903898401	NA	NA
Total	63	17.5727851146198	1	NA	NA
