phylum	PRMT_HM1_human_MONT_20240807_bc28	PRMT_HM2_human_MONT_20240807_bc29	PRMT_HM3_human_MONT_20240807_bc30	PRMT_HO1_human_ONT_20240807_bc13	PRMT_HO2_human_ONT_20240807_bc14	PRMT_HO3_human_ONT_20240807_bc15	PRMT_HP1_human_PB_20240807_bc43	PRMT_HP2_human_PB_20240807_bc44	PRMT_HP3_human_PB_20240807_bc45
Actinobacteria	9543.65032093722	6325.79844117702	5110.9006250207	845.245466374475	397.257013919096	504.71877139103	7416.93457563669	4026.26540419262	10289.6584646899
Bacteroidetes	51908.0612230206	32739.9564791601	38257.0255312756	65209.8214332848	25014.9391579845	43643.4564824659	40655.1085635742	21888.7561533793	76694.785097984
Candidatus Melainabacteria	92.0527498675199	76.9080401010537	56.0113248377341	217.030852765902	93.0684203966109	147.227436819805	37.0331193641528	34.0426958548224	87.0595068770587
Firmicutes	352024.378430977	244899.246218807	219782.540789592	799230.253600857	302565.864169846	426695.700104177	237817.638129599	144625.868347133	349647.659802159
Fusobacteria	57.032681124158	24.0207113565167	42.0352178642654	64.0181362466043	37.0272210180165	33.0169835632908	37.0331193641528	13.0163248856674	47.0226746739548
Proteobacteria	1642.78249360371	1203.03731642073	1608.38717411768	2273.58087644649	1005.79611614578	1581.83647903268	1326.17909994936	818.025959347433	2774.82100454238
Verrucomicrobia	0	0	10.0083852057775	10.0027428297475	0	12.0061722123444	12.0125244925702	0	10.0048243987138
